mtllib mesh.mtl

v -2.21200006 -4.5275 5.842
v -2.21200006 -4.5275 4.64000011
v -2.21200006 -4.57750005 4.64000011
v -2.21200006 -4.57750005 4.64000011
v -2.21200006 -4.57750005 3.98500017
v -2.21200006 -5.78850016 3.98500017
v -2.21200006 -4.5275 5.842
v -2.21200006 -3.53741654183545 6.744999920000001
v -2.21200006 -3.326717218946275 5.842
v -2.21200006 -4.5275 5.842
v -2.21200006 -4.57750005 4.64000011
v -2.21200006 -5.78850016 3.98500017
v -2.21200006 -3.53741654183545 6.744999920000001
v -2.21200006 -4.5275 5.842
v -2.21200006 -5.78850016 6.74499992
v -2.21200006 -4.5275 5.842
v -2.21200006 -5.78850016 3.98500017
v -2.21200006 -5.78850016 6.74499992
v -2.21200006 4.466499850000002 4.64000011
v -2.21200006 5.726500070000002 3.9850001699999997
v -2.21200006 4.466499850000002 3.9850001699999997
v -2.21200006 4.466499850000002 4.64000011
v -2.21200006 4.416500190000001 4.64000011
v -2.21200006 4.416500190000001 5.842
v -2.21200006 4.416500190000001 5.842
v -2.21200006 3.159491328939683 5.841999999999999
v -2.21200006 3.3601124581565687 6.74499992
v -2.21200006 4.416500190000001 5.842
v -2.21200006 5.726500070000002 3.9850001699999997
v -2.21200006 4.466499850000002 4.64000011
v -2.21200006 4.416500190000001 5.842
v -2.21200006 3.3601124581565687 6.74499992
v -2.21200006 5.726500070000002 6.74499992
v -2.21200006 5.726500070000002 3.9850001699999997
v -2.21200006 4.416500190000001 5.842
v -2.21200006 5.726500070000002 6.74499992
v -2.21200006 -3.326717218946275 5.842
v -2.21200006 -0.11304307262676164 6.744999920000001
v -2.21200006 -0.11383613193884584 5.842
v -2.21200006 -0.11304307262676164 6.744999920000001
v -2.21200006 -3.326717218946275 5.842
v -2.21200006 -3.53741654183545 6.744999920000001
v -2.21200006 -0.11304307262676164 6.744999920000001
v -2.21200006 3.3601124581565687 6.74499992
v -2.21200006 3.159491328939683 5.841999999999999
v -2.21200006 3.159491328939683 5.841999999999999
v -2.21200006 -0.11383613193884584 5.842
v -2.21200006 -0.11304307262676164 6.744999920000001
v -3.1260000799999994 4.63350012 3.263941541911281
v -3.12600008 4.63350012 1.02000005
v -3.7049998200000007 3.35949998 1.02000005
v -3.7049998200000007 3.35949998 1.02000005
v -3.7049998200000003 3.35949998 3.268623437303565
v -3.1260000799999994 4.63350012 3.263941541911281
v -3.7049998200000003 3.35949998 3.268623437303565
v -3.70499982 3.35949998 5.49499986
v -3.126000079999999 4.63350012 5.49499986
v -3.126000079999999 4.63350012 5.49499986
v -3.1260000799999994 4.63350012 3.263941541911281
v -3.7049998200000003 3.35949998 3.268623437303565
v -4.10000013 4.47949983 3.2641848300349885
v -4.10000013 4.47949983 1.02000005
v -4.62299999 3.18050005 1.02000005
v -4.62299999 3.18050005 1.02000005
v -4.62299999 3.18050005 3.2686039020301987
v -4.10000013 4.47949983 3.2641848300349885
v -4.62299999 3.18050005 3.2686039020301987
v -4.62299999 3.18050005 5.49499986
v -4.10000013 4.47949983 5.49499986
v -4.10000013 4.47949983 5.49499986
v -4.10000013 4.47949983 3.2641848300349885
v -4.62299999 3.18050005 3.2686039020301987
v -5.38782927 4.22950734 3.2587335290785577
v -5.38782927 4.22950734 1.02000005
v -5.977999840000001 2.98350006 1.0200000499999997
v -5.977999840000001 2.98350006 1.0200000499999997
v -5.97799984 2.98350006 3.2590523494479244
v -5.38782927 4.22950734 3.2587335290785577
v -5.97799984 2.98350006 3.2590523494479244
v -5.97799984 2.98350006 5.49499986
v -5.387829269999999 4.22950734 5.49499986
v -5.387829269999999 4.22950734 5.49499986
v -5.38782927 4.22950734 3.2587335290785577
v -5.97799984 2.98350006 3.2590523494479244
v -6.55300001 4.06950005 3.2493176542607354
v -6.55300001 4.06950005 1.02000005
v -7.0149997200000005 2.7525000100000003 1.0200000499999997
v -7.0149997200000005 2.7525000100000003 1.0200000499999997
v -7.01499972 2.7525000100000003 3.2548075453620626
v -6.55300001 4.06950005 3.2493176542607354
v -7.01499972 2.7525000100000003 3.2548075453620626
v -7.01499972 2.75250001 5.49499986
v -6.553000009999999 4.06950005 5.49499986
v -6.553000009999999 4.06950005 5.49499986
v -6.55300001 4.06950005 3.2493176542607354
v -7.01499972 2.7525000100000003 3.2548075453620626
v -3.74600003 -3.4655001 3.2459395673461313
v -3.74600003 -3.4655001 1.02000005
v -3.1379999300000003 -4.736500040000001 1.0200000499999997
v -3.1379999300000003 -4.736500040000001 1.0200000499999997
v -3.13799993 -4.73650004 3.2479352384827407
v -3.74600003 -3.4655001 3.2459395673461313
v -3.13799993 -4.73650004 3.2479352384827407
v -3.13799993 -4.73650004 5.494999859999999
v -3.74600003 -3.4655000999999994 5.494999859999999
v -3.74600003 -3.4655000999999994 5.494999859999999
v -3.74600003 -3.4655001 3.2459395673461313
v -3.13799993 -4.73650004 3.2479352384827407
v -4.652000160000001 -3.2704999799999994 3.254513310093928
v -4.65200016 -3.27049998 1.02000005
v -4.08900002 -4.55050015 1.02000005
v -4.08900002 -4.55050015 1.02000005
v -4.08900002 -4.55050015 3.2574154470189733
v -4.652000160000001 -3.2704999799999994 3.254513310093928
v -4.08900002 -4.55050015 3.2574154470189733
v -4.08900002 -4.55050015 5.49499986
v -4.65200016 -3.2704999799999994 5.49499986
v -4.65200016 -3.2704999799999994 5.49499986
v -4.652000160000001 -3.2704999799999994 3.254513310093928
v -4.08900002 -4.55050015 3.2574154470189733
v -6.05100003 -3.1145000100000004 3.249770283792438
v -6.05100003 -3.11450001 1.02000005
v -5.317999809999999 -4.306499929999999 1.02000005
v -5.317999809999999 -4.306499929999999 1.02000005
v -5.317999809999999 -4.30649993 3.2542348516811295
v -6.05100003 -3.1145000100000004 3.249770283792438
v -5.317999809999999 -4.30649993 3.2542348516811295
v -5.31799981 -4.30649993 5.49499986
v -6.051000030000001 -3.11450001 5.49499986
v -6.051000030000001 -3.11450001 5.49499986
v -6.05100003 -3.1145000100000004 3.249770283792438
v -5.317999809999999 -4.30649993 3.2542348516811295
v -7.19500036 -2.90249997 3.2632910175096272
v -7.19500036 -2.90249997 1.02000005
v -6.469000099999999 -4.093500139999999 1.0200000499999997
v -6.469000099999999 -4.093500139999999 1.0200000499999997
v -6.4690001 -4.09350014 3.269288891583142
v -7.19500036 -2.90249997 3.2632910175096272
v -6.4690001 -4.09350014 3.269288891583142
v -6.4690001 -4.09350014 5.49499986
v -7.195000360000001 -2.90249997 5.49499986
v -7.195000360000001 -2.90249997 5.49499986
v -7.19500036 -2.90249997 3.2632910175096272
v -6.4690001 -4.09350014 3.269288891583142
v -8.20200013 1.4938587143448228 2.8551688545493663
v -8.20200013 3.43049991 2.619383924908906
v -8.20200013 3.43049991 1.02000005
v -8.20200013 3.43049991 1.02000005
v -8.20200013 1.153620581496656 1.0200000500000002
v -8.20200013 1.4938587143448228 2.8551688545493663
v -8.20200013 1.4938587143448228 2.8551688545493663
v -8.20200013 -0.5405614318451926 1.0200000500000002
v -8.20200013 -0.954669750711427 2.923175933437542
v -8.20200013 1.4938587143448228 2.8551688545493663
v -8.20200013 0.8571226120714724 3.5895562253569904
v -8.20200013 1.1332433005867217 3.4375604109551494
v -8.20200013 -0.5405614318451926 1.0200000500000002
v -8.20200013 1.4938587143448228 2.8551688545493663
v -8.20200013 1.153620581496656 1.0200000500000002
v -8.20200013 0.8571226120714724 3.5895562253569904
v -8.20200013 1.4938587143448228 2.8551688545493663
v -8.20200013 -0.954669750711427 2.923175933437542
v -8.20200013 1.1332433005867217 3.4375604109551494
v -8.20200013 0.8571226120714724 3.5895562253569904
v -8.20200013 0.43542473773541834 5.494999860000001
v -8.20200013 0.43542473773541834 5.494999860000001
v -8.20200013 3.4304999100000004 5.49499986
v -8.20200013 3.43049991 5.138811355408489
v -8.20200013 3.43049991 5.138811355408489
v -8.20200013 1.1332433005867217 3.4375604109551494
v -8.20200013 0.43542473773541834 5.494999860000001
v -8.20200013 1.4938587143448228 2.8551688545493663
v -8.20200013 1.1332433005867217 3.4375604109551494
v -8.20200013 3.43049991 5.138811355408489
v -8.20200013 3.43049991 5.138811355408489
v -8.20200013 3.43049991 2.619383924908906
v -8.20200013 1.4938587143448228 2.8551688545493663
v -8.20200013 -1.2227436904344315 3.0737959391690666
v -8.20200013 -0.954669750711427 2.923175933437542
v -8.20200013 -0.5405614318451926 1.0200000500000002
v -8.20200013 -0.5405614318451926 1.0200000500000002
v -8.20200013 -3.539499840000001 1.0200000500000002
v -8.20200013 -3.5394998400000004 1.4359108079040777
v -8.20200013 -3.5394998400000004 1.4359108079040777
v -8.20200013 -1.2227436904344315 3.0737959391690666
v -8.20200013 -0.5405614318451926 1.0200000500000002
v -8.20200013 -0.954669750711427 2.923175933437542
v -8.20200013 -1.2227436904344315 3.0737959391690666
v -8.20200013 -1.5846127602552085 3.6745614881077264
v -8.20200013 -1.5846127602552085 3.6745614881077264
v -8.20200013 -1.2374295775680015 5.49499986
v -8.20200013 0.43542473773541834 5.494999860000001
v -8.20200013 -1.5846127602552085 3.6745614881077264
v -8.20200013 0.8571226120714724 3.5895562253569904
v -8.20200013 -0.954669750711427 2.923175933437542
v -8.20200013 0.8571226120714724 3.5895562253569904
v -8.20200013 -1.5846127602552085 3.6745614881077264
v -8.20200013 0.43542473773541834 5.494999860000001
v -8.20200013 -1.5846127602552085 3.6745614881077264
v -8.20200013 -1.2227436904344315 3.0737959391690666
v -8.20200013 -3.5394998400000004 1.4359108079040777
v -8.20200013 -3.5394998400000004 1.4359108079040777
v -8.20200013 -3.5394998400000004 3.9272235825672945
v -8.20200013 -1.5846127602552085 3.6745614881077264
v -8.20200013 -1.5846127602552085 3.6745614881077264
v -8.20200013 -3.5394998400000004 3.9272235825672945
v -8.20200013 -3.5394998400000013 5.494999860000001
v -8.20200013 -3.5394998400000013 5.494999860000001
v -8.20200013 -1.2374295775680015 5.49499986
v -8.20200013 -1.5846127602552085 3.6745614881077264
v -3.8290000000000006 1.0264340454487857 6.36000016
v -3.8290000000000006 3.25650006 6.360000160000001
v -5.207 3.03450005 5.66300007
v -5.207 3.03450005 5.66300007
v -5.207 1.039394422909567 5.66300007
v -3.8290000000000006 1.0264340454487857 6.36000016
v -5.207 1.039394422909567 5.66300007
v -5.207 -1.0991876465604298 5.66300007
v -3.8289999999999997 -1.0841510822133842 6.36000016
v -3.8289999999999997 -1.0841510822133842 6.36000016
v -3.8290000000000006 1.0264340454487857 6.36000016
v -5.207 1.039394422909567 5.66300007
v -3.8289999999999997 -1.0841510822133842 6.36000016
v -5.207 -3.12249991 5.66300007
v -3.829 -3.3245001799999994 6.36000016
v -5.207 -3.12249991 5.66300007
v -3.8289999999999997 -1.0841510822133842 6.36000016
v -5.207 -1.0991876465604298 5.66300007
v -5.86500015 -0.049449721784463746 6.265000149999999
v -5.865000149999998 2.9794999200000003 6.265000149999998
v -6.83299998 2.77050008 5.54499991
v -6.83299998 2.77050008 5.54499991
v -6.832999980000001 -0.04765948993945121 5.5449999100000005
v -5.86500015 -0.049449721784463746 6.265000149999999
v -5.86500015 -0.049449721784463746 6.265000149999999
v -6.832999980000002 -2.8845001 5.544999910000001
v -5.86500015 -3.0774999400000005 6.26500015
v -6.832999980000002 -2.8845001 5.544999910000001
v -5.86500015 -0.049449721784463746 6.265000149999999
v -6.832999980000001 -0.04765948993945121 5.5449999100000005
v 16.0879994 3.0195 -5.840071674557669e-17
v 16.0879994 4.35350016 2.51400004
v 16.0879994 3.0195 2.51400004
v 16.0879994 4.35350016 2.51400004
v 16.0879994 3.0195 -5.840071674557669e-17
v 16.0879994 4.35350016 -2.220446049250313e-16
v 15.78800066 4.35350016 3.216490652507434e-18
v 16.0879994 4.35350016 2.51400004
v 16.0879994 4.35350016 1.457167719820518e-16
v 16.0879994 4.35350016 2.51400004
v 15.78800066 4.35350016 3.216490652507434e-18
v 15.78800066 4.35350016 2.51400004
v 16.0879994 3.0195 3.216490652507434e-18
v 15.78800066 3.0195 2.51400004
v 15.78800066 3.0195 1.457167719820518e-16
v 15.78800066 3.0195 2.51400004
v 16.0879994 3.0195 3.216490652507434e-18
v 16.0879994 3.0195 2.51400004
v 16.0879994 -4.40149994 3.0750608492923976e-17
v 16.0879994 -3.06350002 2.51400004
v 16.0879994 -4.40149994 2.51400004
v 16.0879994 -3.06350002 2.51400004
v 16.0879994 -4.40149994 3.0750608492923976e-17
v 16.0879994 -3.06350002 1.1102230246251565e-16
v 15.78800066 -3.06350002 3.216490652507434e-18
v 16.0879994 -3.06350002 2.51400004
v 16.0879994 -3.06350002 1.457167719820518e-16
v 16.0879994 -3.06350002 2.51400004
v 15.78800066 -3.06350002 3.216490652507434e-18
v 15.78800066 -3.06350002 2.51400004
v 16.0879994 -4.40149994 3.216490652507434e-18
v 15.78800066 -4.40149994 2.51400004
v 15.78800066 -4.40149994 1.457167719820518e-16
v 15.78800066 -4.40149994 2.51400004
v 16.0879994 -4.40149994 3.216490652507434e-18
v 16.0879994 -4.40149994 2.51400004
v 6.204 6.52049967 2.54
v 7.53000007 6.52049967 2.54
v 7.53000007 6.52049967 -3.3306690738754696e-16
v 7.53000007 6.52049967 -3.3306690738754696e-16
v 6.204 6.52049967 -4.0186030393613827e-16
v 6.204 6.52049967 2.54
v 0.9399999900000006 -6.26849994 0.45000000000000007
v 0.93999999 -5.63850002 0.45
v 0.9399999900000001 -5.63850002 3.122502256758253e-17
v 0.9399999900000006 -6.26849994 0.45000000000000007
v 0.9399999900000002 -6.56849984 3.16599997
v 0.93999999 -6.26849994 3.16599997
v 0.9399999900000006 -6.26849994 0.45000000000000007
v 0.9399999900000001 -5.63850002 3.122502256758253e-17
v 0.9399999900000009 -6.56849984 -2.7755575615628914e-17
v 0.9399999900000002 -6.56849984 3.16599997
v 0.9399999900000006 -6.26849994 0.45000000000000007
v 0.9399999900000009 -6.56849984 -2.7755575615628914e-17
v 2.27000001 -6.26849994 0.4500000000000001
v 2.27000001 -6.26849994 3.16599997
v 2.27000001 -6.56849984 3.16599997
v 2.27000001 -6.26849994 0.4500000000000001
v 2.27000001 -5.63850002 5.551115123125783e-17
v 2.27000001 -5.63850002 0.45000000000000023
v 2.27000001 -6.26849994 0.4500000000000001
v 2.27000001 -6.56849984 3.16599997
v 2.27000001 -6.56849984 4.461189836433736e-16
v 2.27000001 -5.63850002 5.551115123125783e-17
v 2.27000001 -6.26849994 0.4500000000000001
v 2.27000001 -6.56849984 4.461189836433736e-16
v 6.22100012 -6.26849994 0.44999999999999996
v 6.22100012 -6.56849984 3.16599997
v 6.22100012 -6.26849994 3.1659999699999997
v 6.22100012 -6.26849994 0.44999999999999996
v 6.22100012 -5.63850002 0.4499999999999999
v 6.22100012 -5.63850002 -2.7755575615628914e-17
v 6.22100012 -6.56849984 3.16599997
v 6.22100012 -6.26849994 0.44999999999999996
v 6.22100012 -6.56849984 0.0
v 6.22100012 -6.26849994 0.44999999999999996
v 6.22100012 -5.63850002 -2.7755575615628914e-17
v 6.22100012 -6.56849984 0.0
v 7.55100034 -6.26849994 0.4500000000000001
v 7.55100034 -6.26849994 3.16599997
v 7.55100034 -6.56849984 3.16599997
v 7.55100034 -6.26849994 0.4500000000000001
v 7.55100034 -5.63850002 5.551115123125783e-17
v 7.55100034 -5.63850002 0.45000000000000023
v 7.55100034 -6.26849994 0.4500000000000001
v 7.55100034 -6.56849984 3.16599997
v 7.55100034 -6.56849984 4.461189836433736e-16
v 7.55100034 -5.63850002 5.551115123125783e-17
v 7.55100034 -6.26849994 0.4500000000000001
v 7.55100034 -6.56849984 4.461189836433736e-16
v 11.51300036 -6.26849994 0.45000000000000007
v 11.51300036 -5.63850002 0.45
v 11.51300036 -5.63850002 3.122502256758253e-17
v 11.51300036 -6.26849994 0.45000000000000007
v 11.51300036 -6.56849984 3.16599997
v 11.51300036 -6.26849994 3.16599997
v 11.51300036 -6.26849994 0.45000000000000007
v 11.51300036 -5.63850002 3.122502256758253e-17
v 11.51300036 -6.56849984 -2.7755575615628914e-17
v 11.51300036 -6.56849984 3.16599997
v 11.51300036 -6.26849994 0.45000000000000007
v 11.51300036 -6.56849984 -2.7755575615628914e-17
v 12.8429998 -6.26849994 0.4500000000000001
v 12.8429998 -6.26849994 3.16599997
v 12.8429998 -6.56849984 3.16599997
v 12.8429998 -6.26849994 0.4500000000000001
v 12.8429998 -5.63850002 5.551115123125783e-17
v 12.8429998 -5.63850002 0.45000000000000023
v 12.8429998 -6.26849994 0.4500000000000001
v 12.8429998 -6.56849984 3.16599997
v 12.8429998 -6.56849984 4.461189836433736e-16
v 12.8429998 -5.63850002 5.551115123125783e-17
v 12.8429998 -6.26849994 0.4500000000000001
v 12.8429998 -6.56849984 4.461189836433736e-16
v 6.204 6.22050015 0.44999999999999996
v 6.204 5.59049985 -2.7755575615628914e-17
v 6.204 5.590499849999999 0.45
v 6.204 6.22050015 0.44999999999999996
v 6.204 6.22050015 2.5399999999999996
v 6.204 6.52049967 2.5399999999999996
v 6.204 5.59049985 -2.7755575615628914e-17
v 6.204 6.22050015 0.44999999999999996
v 6.204 6.52049967 0.0
v 6.204 6.22050015 0.44999999999999996
v 6.204 6.52049967 2.5399999999999996
v 6.204 6.52049967 0.0
v -2.2220000300000002 5.59049985 -3.3306690738754696e-16
v -0.804 5.59049985 0.45
v -0.8040000000000002 5.59049985 0.0
v -0.804 5.59049985 0.51000002
v -2.2220000300000002 5.59049985 -3.3306690738754696e-16
v -2.2220000299999993 5.59049985 1.9949999299999999
v -2.2220000299999993 5.59049985 1.9949999299999999
v -0.8039999999999997 5.59049985 1.99499993
v -0.804 5.59049985 0.51000002
v -2.2220000300000002 5.59049985 -3.3306690738754696e-16
v -0.804 5.59049985 0.51000002
v -0.804 5.59049985 0.45
v 12.679493774424007 5.59049985 0.45
v 7.53000007 5.59049985 0.0
v 7.53000007 5.59049985 0.45
v 7.53000007 5.59049985 0.0
v 12.679493774424007 5.59049985 0.45
v 12.803265394766491 5.59049985 0.0
v 14.55200013 5.59049985 0.51000002
v 14.55200013 5.59049985 3.56899998
v 15.78800066 5.59049985 3.56899998
v 14.55200013 5.59049985 0.45
v 12.803265394766491 5.59049985 0.0
v 12.679493774424007 5.59049985 0.45
v 15.78800066 5.59049985 0.0
v 14.55200013 5.59049985 0.51000002
v 15.78800066 5.59049985 3.56899998
v 12.803265394766491 5.59049985 0.0
v 14.55200013 5.59049985 0.45
v 15.78800066 5.59049985 0.0
v 14.55200013 5.59049985 0.51000002
v 15.78800066 5.59049985 0.0
v 14.55200013 5.59049985 0.45
v 7.53000007 6.22050015 0.44999999999999973
v 7.53000007 6.52049967 2.54
v 7.530000069999997 6.22050015 2.54
v 7.53000007 6.22050015 0.44999999999999973
v 7.5300000699999945 5.59049985 0.4499999999999999
v 7.5300000699999945 5.59049985 -8.187894806610529e-16
v 7.53000007 6.52049967 2.54
v 7.53000007 6.22050015 0.44999999999999973
v 7.530000070000003 6.52049967 -4.371503159461554e-16
v 7.53000007 6.22050015 0.44999999999999973
v 7.5300000699999945 5.59049985 -8.187894806610529e-16
v 7.530000070000003 6.52049967 -4.371503159461554e-16
v 11.1330003 -6.56849984 1.46000003
v 11.1330003 -6.56849984 0.0
v 11.1330003 -7.85049988 0.0
v 11.1330003 -7.85049988 0.0
v 11.1330003 -7.85049988 1.46000003
v 11.1330003 -6.56849984 1.46000003
v 12.8429998 -6.56849984 3.16599997
v 13.39299956 -6.56849984 1.4600000300000002
v 13.18299998 -6.56849984 1.4600000300000002
v 13.18299998 -6.56849984 1.4600000300000002
v 13.182999980000002 -6.56849984 5.551115123125783e-16
v 12.842999800000001 -6.56849984 1.3877787807814457e-16
v 11.1330003 -6.56849984 1.4600000300000002
v 11.51300036 -6.56849984 2.3592239273284576e-16
v 11.1330003 -6.56849984 4.364561935353627e-16
v 11.51300036 -6.56849984 3.16599997
v 10.83300001 -6.56849984 1.4600000300000002
v 10.83300001 -6.56849984 3.44999988
v 12.8429998 -6.56849984 3.16599997
v 13.18299998 -6.56849984 1.4600000300000002
v 12.842999800000001 -6.56849984 1.3877787807814457e-16
v 11.51300036 -6.56849984 2.3592239273284576e-16
v 11.1330003 -6.56849984 1.4600000300000002
v 11.51300036 -6.56849984 3.16599997
v 13.39299956 -6.56849984 1.4600000300000002
v 12.8429998 -6.56849984 3.16599997
v 13.39299956 -6.56849984 3.4499998799999996
v 10.83300001 -6.56849984 1.4600000300000002
v 11.51300036 -6.56849984 3.16599997
v 11.1330003 -6.56849984 1.4600000300000002
v 11.51300036 -6.56849984 3.16599997
v 13.39299956 -6.56849984 3.4499998799999996
v 12.8429998 -6.56849984 3.16599997
v 13.39299956 -6.56849984 3.4499998799999996
v 11.51300036 -6.56849984 3.16599997
v 10.83300001 -6.56849984 3.44999988
v 13.18299998 -6.56849984 0.0
v 13.18299998 -6.56849984 1.46000003
v 13.18299998 -7.85049988 1.46000003
v 13.18299998 -7.85049988 1.46000003
v 13.18299998 -7.85049988 2.815236111361301e-17
v 13.18299998 -6.56849984 0.0
v 7.55100034 -6.56849984 3.16599997
v 8.1010001 -6.56849984 1.4600000300000002
v 7.89099974 -6.56849984 1.4600000300000004
v 7.89099974 -6.56849984 1.4600000300000004
v 7.89099974 -6.56849984 2.7755575615628914e-16
v 7.55100034 -6.56849984 3.885780586188048e-16
v 5.84100006 -6.56849984 1.4600000300000002
v 6.22100012 -6.56849984 7.216449660063518e-16
v 5.84100006 -6.56849984 4.4256208258475187e-16
v 6.22100012 -6.56849984 3.16599997
v 5.54100016 -6.56849984 1.4600000300000004
v 5.54100016 -6.56849984 3.44999988
v 7.55100034 -6.56849984 3.16599997
v 7.89099974 -6.56849984 1.4600000300000004
v 7.55100034 -6.56849984 3.885780586188048e-16
v 6.22100012 -6.56849984 7.216449660063518e-16
v 5.84100006 -6.56849984 1.4600000300000002
v 6.22100012 -6.56849984 3.16599997
v 8.1010001 -6.56849984 1.4600000300000002
v 7.55100034 -6.56849984 3.16599997
v 8.1010001 -6.56849984 3.44999988
v 5.54100016 -6.56849984 1.4600000300000004
v 6.22100012 -6.56849984 3.16599997
v 5.84100006 -6.56849984 1.4600000300000002
v 6.22100012 -6.56849984 3.16599997
v 8.1010001 -6.56849984 3.44999988
v 7.55100034 -6.56849984 3.16599997
v 8.1010001 -6.56849984 3.44999988
v 6.22100012 -6.56849984 3.16599997
v 5.54100016 -6.56849984 3.44999988
v 7.89099974 -6.56849984 0.0
v 7.89099974 -6.56849984 1.46000003
v 7.89099974 -7.85049988 1.46000003
v 7.89099974 -7.85049988 1.46000003
v 7.89099974 -7.85049988 2.815236111361301e-17
v 7.89099974 -6.56849984 0.0
v 5.84100006 -6.56849984 1.46000003
v 5.84100006 -6.56849984 0.0
v 5.84100006 -7.85049988 0.0
v 5.84100006 -7.85049988 0.0
v 5.84100006 -7.85049988 1.46000003
v 5.84100006 -6.56849984 1.46000003
v 2.27000001 -6.56849984 3.16599997
v 2.8199999600000005 -6.56849984 1.46000003
v 2.6099999900000004 -6.56849984 1.4600000299999998
v 2.6099999900000004 -6.56849984 1.4600000299999998
v 2.60999999 -6.56849984 -4.996003610813204e-16
v 2.2700000100000004 -6.56849984 1.1102230246251565e-16
v 0.56000002 -6.56849984 1.46000003
v 0.93999999 -6.56849984 -6.245004513516506e-17
v 0.56000002 -6.56849984 1.4181145130868435e-18
v 0.93999999 -6.56849984 3.16599997
v 0.2599999999999999 -6.56849984 1.46000003
v 0.26 -6.56849984 3.44999988
v 2.27000001 -6.56849984 3.16599997
v 2.6099999900000004 -6.56849984 1.4600000299999998
v 2.2700000100000004 -6.56849984 1.1102230246251565e-16
v 0.93999999 -6.56849984 -6.245004513516506e-17
v 0.56000002 -6.56849984 1.46000003
v 0.93999999 -6.56849984 3.16599997
v 2.8199999600000005 -6.56849984 1.46000003
v 2.27000001 -6.56849984 3.16599997
v 2.8199999600000005 -6.56849984 3.4499998800000005
v 0.2599999999999999 -6.56849984 1.46000003
v 0.93999999 -6.56849984 3.16599997
v 0.56000002 -6.56849984 1.46000003
v 0.93999999 -6.56849984 3.16599997
v 2.8199999600000005 -6.56849984 3.4499998800000005
v 2.27000001 -6.56849984 3.16599997
v 2.8199999600000005 -6.56849984 3.4499998800000005
v 0.93999999 -6.56849984 3.16599997
v 0.26 -6.56849984 3.44999988
v 2.60999999 -6.56849984 0.0
v 2.60999999 -6.56849984 1.46000003
v 2.60999999 -7.85049988 1.46000003
v 2.60999999 -7.85049988 1.46000003
v 2.60999999 -7.85049988 2.815236111361301e-17
v 2.60999999 -6.56849984 0.0
v 0.56000002 -6.56849984 1.46000003
v 0.56000002 -6.56849984 0.0
v 0.56000002 -7.85049988 0.0
v 0.56000002 -7.85049988 0.0
v 0.56000002 -7.85049988 1.46000003
v 0.56000002 -6.56849984 1.46000003
v 13.1490005 5.726500069999998 6.74499992
v 14.60999969 5.72650007 7.36200024
v 14.60999969 5.726500069999998 6.74499992
v 14.60999969 5.72650007 7.36200024
v 11.3760002 5.726500069999998 6.74499992
v 9.32089756575072 5.726500070000001 7.36200024
v 9.32089756575072 5.726500070000001 7.36200024
v 9.60000007 5.726500069999999 6.74499992
v 9.44999993 5.726500069999999 6.74499992
v 9.44999993 5.726500069999999 6.74499992
v 9.321177692188236 5.726500069999999 6.74499992
v 9.32089756575072 5.726500070000001 7.36200024
v 12.99900035 5.726500069999998 6.74499992
v 14.60999969 5.72650007 7.36200024
v 13.1490005 5.726500069999998 6.74499992
v 9.60000007 5.726500069999999 6.74499992
v 9.32089756575072 5.726500070000001 7.36200024
v 11.22600005 5.726500069999998 6.74499992
v 11.3760002 5.726500069999998 6.74499992
v 14.60999969 5.72650007 7.36200024
v 12.99900035 5.726500069999998 6.74499992
v 11.22600005 5.726500069999998 6.74499992
v 9.32089756575072 5.726500070000001 7.36200024
v 11.3760002 5.726500069999998 6.74499992
v 4.17774546714657 5.726500070000002 7.36200024
v 6.04199981 5.726500069999999 6.74499992
v 5.892000050000001 5.726500069999999 6.74499992
v 4.2590001100000014 5.726500069999999 6.74499992
v 4.177935565790958 5.726500069999999 6.74499992
v 4.17774546714657 5.726500070000002 7.36200024
v 7.82300001 5.726500069999999 6.74499992
v 9.32089756575072 5.726500070000001 7.36200024
v 9.321177692188236 5.726500069999999 6.74499992
v 9.32089756575072 5.726500070000001 7.36200024
v 6.04199981 5.726500069999999 6.74499992
v 4.17774546714657 5.726500070000002 7.36200024
v 5.892000050000001 5.726500069999999 6.74499992
v 4.2590001100000014 5.726500069999999 6.74499992
v 4.17774546714657 5.726500070000002 7.36200024
v 7.67299987 5.726500069999999 6.74499992
v 9.32089756575072 5.726500070000001 7.36200024
v 7.82300001 5.726500069999999 6.74499992
v 6.04199981 5.726500069999999 6.74499992
v 9.32089756575072 5.726500070000001 7.36200024
v 7.67299987 5.726500069999999 6.74499992
v 4.17774546714657 5.726500070000002 7.36200024
v 4.108999970000001 5.726500069999999 6.74499992
v 2.4929999600000015 5.72650007 6.744999919999999
v -0.9460000100000011 5.726500070000002 7.36200024
v 0.7340000100000011 5.72650007 6.74499992
v 0.5840000100000005 5.72650007 6.74499992
v 0.5840000100000005 5.72650007 6.74499992
v -0.9460000100000003 5.72650007 6.74499992
v -0.9460000100000011 5.726500070000002 7.36200024
v 4.108999970000001 5.726500069999999 6.74499992
v 4.17774546714657 5.726500070000002 7.36200024
v 4.177935565790958 5.726500069999999 6.74499992
v 4.17774546714657 5.726500070000002 7.36200024
v 2.4929999600000015 5.72650007 6.744999919999999
v 2.3430000099999995 5.72650007 6.74499992
v 0.7340000100000011 5.72650007 6.74499992
v -0.9460000100000011 5.726500070000002 7.36200024
v 2.3430000099999995 5.72650007 6.74499992
v 4.17774546714657 5.726500070000002 7.36200024
v 2.3430000099999995 5.72650007 6.74499992
v -0.9460000100000011 5.726500070000002 7.36200024
v 14.60999969 -5.78850016 6.74499992
v 14.60999969 -3.1784999800000002 7.36200024
v 14.60999969 -4.30850019 7.36200024
v 14.60999969 -4.30850019 7.36200024
v 14.60999969 -5.78850016 7.36200024
v 14.60999969 -5.78850016 6.74499992
v 14.60999969 -0.9185000400000003 7.36200024
v 14.60999969 -0.03247826006949257 6.74499992
v 14.60999969 -0.03193057916841169 7.36200024
v 14.60999969 -0.03247826006949257 6.74499992
v 14.60999969 -3.1784999800000002 7.36200024
v 14.60999969 -5.78850016 6.74499992
v 14.60999969 -2.04849996 7.36200024
v 14.60999969 -0.03247826006949257 6.74499992
v 14.60999969 -0.9185000400000003 7.36200024
v 14.60999969 -3.1784999800000002 7.36200024
v 14.60999969 -0.03247826006949257 6.74499992
v 14.60999969 -2.04849996 7.36200024
v 14.60999969 4.281499899999999 7.36200024
v 14.60999969 5.726500069999998 6.74499992
v 14.60999969 5.726500069999998 7.36200024
v 14.60999969 -0.03247826006949257 6.74499992
v 14.60999969 0.8915000400000002 7.36200024
v 14.60999969 -0.03193057916841169 7.36200024
v 14.60999969 3.1515000799999995 7.36200024
v 14.60999969 5.726500069999998 6.74499992
v 14.60999969 4.281499899999999 7.36200024
v 14.60999969 0.8915000400000002 7.36200024
v 14.60999969 -0.03247826006949257 6.74499992
v 14.60999969 2.0215000599999997 7.36200024
v 14.60999969 5.726500069999998 6.74499992
v 14.60999969 3.1515000799999995 7.36200024
v 14.60999969 -0.03247826006949257 6.74499992
v 14.60999969 2.0215000599999997 7.36200024
v 14.60999969 -0.03247826006949257 6.74499992
v 14.60999969 3.1515000799999995 7.36200024
v 14.60999969 -4.30850019 7.36200024
v 14.4099995 -5.58849997 7.62499969
v 14.60999969 -5.78850016 7.36200024
v 14.4099995 -5.58849997 7.62499969
v 14.60999969 -4.30850019 7.36200024
v 14.4099995 -4.30850019 7.62499969
v -0.94600001 -0.07887635831811739 6.74499992
v -0.94600001 5.72650007 7.36200024
v -0.94600001 5.72650007 6.74499992
v -0.94600001 5.72650007 7.36200024
v -0.94600001 -0.07887635831811739 6.74499992
v -0.94600001 -0.07910996255854924 7.36200024
v -0.94600001 -0.07910996255854924 7.36200024
v -0.94600001 -5.788500159999999 6.74499992
v -0.94600001 -5.78850016 7.36200024
v -0.94600001 -5.788500159999999 6.74499992
v -0.94600001 -0.07910996255854924 7.36200024
v -0.94600001 -0.07887635831811739 6.74499992
v -0.38600001 -5.78850016 7.36200024
v -0.74600001 -5.588499969999999 7.62499969
v -0.9460000100000001 -5.78850016 7.36200024
v -0.74600001 -5.588499969999999 7.62499969
v -0.38600001 -5.78850016 7.36200024
v -0.38600001 -5.588499969999999 7.62499969
v -0.9460000100000001 3.1699446093037063 7.36200024
v -0.7460000099999995 5.52649988 7.62499969
v -0.94600001 5.72650007 7.36200024
v -0.7460000099999995 5.52649988 7.62499969
v -0.9460000100000001 3.1699446093037063 7.36200024
v -0.7460000099999997 3.169668613923838 7.62499969
v -0.9460000100000001 3.1699446093037063 7.36200024
v -0.9460000100000003 0.43863822397455815 7.36200024
v -0.7460000099999998 0.4392573211720981 7.62499969
v -0.7460000099999998 0.4392573211720981 7.62499969
v -0.7460000099999997 3.169668613923838 7.62499969
v -0.9460000100000001 3.1699446093037063 7.36200024
v -0.9460000100000003 0.43863822397455815 7.36200024
v -0.9460000100000004 -2.6051675210970413 7.36200024
v -0.7460000099999998 -2.605251591791665 7.62499969
v -0.7460000099999998 -2.605251591791665 7.62499969
v -0.7460000099999998 0.4392573211720981 7.62499969
v -0.9460000100000003 0.43863822397455815 7.36200024
v -0.9460000100000004 -2.6051675210970413 7.36200024
v -0.9460000100000006 -5.78850016 7.362000240000001
v -0.74600001 -5.588499970000003 7.62499969
v -0.74600001 -5.588499970000003 7.62499969
v -0.7460000099999998 -2.605251591791665 7.62499969
v -0.9460000100000004 -2.6051675210970413 7.36200024
v 12.31101870033697 3.7528446163831815 7.62499969
v 12.461522809699343 2.3604813476991904 7.62499969
v 14.4099995 2.359344346777622 7.62499969
v 14.4099995 2.359344346777622 7.62499969
v 14.4099995 4.376187603142602 7.62499969
v 12.31101870033697 3.7528446163831815 7.62499969
v 14.4099995 -4.308500189999999 7.62499969
v 12.758651966095254 -5.58849997 7.62499969
v 14.4099995 -5.58849997 7.62499969
v 14.4099995 -4.308500189999999 7.62499969
v 14.4099995 -3.3034989148271086 7.62499969
v 12.74615846810228 -3.582369940211117 7.62499969
v 12.758651966095254 -5.58849997 7.62499969
v 14.4099995 -4.308500189999999 7.62499969
v 12.74615846810228 -3.582369940211117 7.62499969
v 7.22400014 -5.58849997 7.62499969
v 7.635483083867667 -3.631724207766996 7.62499969
v 7.094368930419483 -5.58849997 7.62499969
v 8.98399969 -5.58849997 7.62499969
v 9.263322701043762 -5.58849997 7.62499969
v 9.125164245853743 -4.0037835523017575 7.62499969
v 7.85399967 -5.58849997 7.62499969
v 7.635483083867667 -3.631724207766996 7.62499969
v 7.22400014 -5.58849997 7.62499969
v 7.85399967 -5.58849997 7.62499969
v 8.98399969 -5.58849997 7.62499969
v 9.125164245853743 -4.0037835523017575 7.62499969
v 7.635483083867667 -3.631724207766996 7.62499969
v 7.85399967 -5.58849997 7.62499969
v 9.125164245853743 -4.0037835523017575 7.62499969
v 12.74615846810228 -3.582369940211117 7.62499969
v 12.16534863858571 -3.209900789158657 7.62499969
v 10.997366593952325 -3.8349489956286993 7.62499969
v 10.997366593952325 -3.8349489956286993 7.62499969
v 11.057520736072766 -5.58849997 7.62499969
v 11.37400032 -5.58849997 7.62499969
v 12.50400034 -5.58849997 7.62499969
v 12.758651966095254 -5.58849997 7.62499969
v 12.74615846810228 -3.582369940211117 7.62499969
v 12.50400034 -5.58849997 7.62499969
v 10.997366593952325 -3.8349489956286993 7.62499969
v 11.37400032 -5.58849997 7.62499969
v 10.997366593952325 -3.8349489956286993 7.62499969
v 12.50400034 -5.58849997 7.62499969
v 12.74615846810228 -3.582369940211117 7.62499969
v 12.53999969 5.52649988 7.62499969
v 12.31101870033697 3.7528446163831815 7.62499969
v 14.4099995 4.376187603142602 7.62499969
v 14.4099995 4.376187603142602 7.62499969
v 14.4099995 5.52649988 7.62499969
v 12.53999969 5.52649988 7.62499969
v 12.53999969 5.52649988 7.62499969
v 11.644280136934666 5.52649988 7.62499969
v 11.708759113887119 4.300530077828579 7.62499969
v 12.31101870033697 3.7528446163831815 7.62499969
v 12.53999969 5.52649988 7.62499969
v 11.708759113887119 4.300530077828579 7.62499969
v 10.440038642893372 -1.5874167233148304 7.62499969
v 10.801551781843195 0.20546677451218898 7.62499969
v 10.29091384987273 -0.2587362662347479 7.62499969
v 12.561224556223316 -1.3857478879676135 7.62499969
v 10.440038642893372 -1.5874167233148304 7.62499969
v 12.036922828249537 -1.979512029322299 7.62499969
v 10.440038642893372 -1.5874167233148304 7.62499969
v 12.278042054498979 0.027384688961859638 7.62499969
v 10.801551781843195 0.20546677451218898 7.62499969
v 12.278042054498979 0.027384688961859638 7.62499969
v 10.440038642893372 -1.5874167233148304 7.62499969
v 12.561224556223316 -1.3857478879676135 7.62499969
v 12.711707373157312 0.526596124852988 7.62499969
v 12.278042054498979 0.027384688961859638 7.62499969
v 12.561224556223316 -1.3857478879676135 7.62499969
v 12.561224556223316 -1.3857478879676135 7.62499969
v 14.4099995 -1.5475840025729806 7.62499969
v 14.4099995 0.5113823297454418 7.62499969
v 14.4099995 0.5113823297454418 7.62499969
v 12.711707373157312 0.526596124852988 7.62499969
v 12.561224556223316 -1.3857478879676135 7.62499969
v 12.711707373157312 0.526596124852988 7.62499969
v 12.334241856915748 2.184020519596667 7.62499969
v 10.647296572214266 1.9037983551190445 7.62499969
v 12.711707373157312 0.526596124852988 7.62499969
v 10.801551781843195 0.20546677451218898 7.62499969
v 12.278042054498979 0.027384688961859638 7.62499969
v 10.801551781843195 0.20546677451218898 7.62499969
v 12.711707373157312 0.526596124852988 7.62499969
v 10.647296572214266 1.9037983551190445 7.62499969
v 12.461522809699343 2.3604813476991904 7.62499969
v 12.334241856915748 2.184020519596667 7.62499969
v 12.711707373157312 0.526596124852988 7.62499969
v 12.711707373157312 0.526596124852988 7.62499969
v 14.4099995 0.5113823297454418 7.62499969
v 14.4099995 2.359344346777622 7.62499969
v 14.4099995 2.359344346777622 7.62499969
v 12.461522809699343 2.3604813476991904 7.62499969
v 12.711707373157312 0.526596124852988 7.62499969
v 10.117554818587308 3.4191445328312384 7.62499969
v 12.31101870033697 3.7528446163831815 7.62499969
v 11.708759113887119 4.300530077828579 7.62499969
v 10.647296572214266 1.9037983551190445 7.62499969
v 10.117554818587308 3.4191445328312384 7.62499969
v 10.268943233523082 2.1791106443147723 7.62499969
v 12.31101870033697 3.7528446163831815 7.62499969
v 10.647296572214266 1.9037983551190445 7.62499969
v 12.334241856915748 2.184020519596667 7.62499969
v 12.31101870033697 3.7528446163831815 7.62499969
v 12.334241856915748 2.184020519596667 7.62499969
v 12.461522809699343 2.3604813476991904 7.62499969
v 10.647296572214266 1.9037983551190445 7.62499969
v 12.31101870033697 3.7528446163831815 7.62499969
v 10.117554818587308 3.4191445328312384 7.62499969
v 12.74615846810228 -3.582369940211117 7.62499969
v 12.036922828249537 -1.979512029322299 7.62499969
v 12.16534863858571 -3.209900789158657 7.62499969
v 14.4099995 -1.5475840025729806 7.62499969
v 12.74615846810228 -3.582369940211117 7.62499969
v 14.4099995 -3.3034989148271086 7.62499969
v 12.74615846810228 -3.582369940211117 7.62499969
v 14.4099995 -1.5475840025729806 7.62499969
v 12.561224556223316 -1.3857478879676135 7.62499969
v 12.036922828249537 -1.979512029322299 7.62499969
v 12.74615846810228 -3.582369940211117 7.62499969
v 12.561224556223316 -1.3857478879676135 7.62499969
v 10.801551781843195 0.20546677451218898 7.62499969
v 8.693640750815367 1.5088956642618108 7.62499969
v 8.934231806013733 0.07041235982609528 7.62499969
v 8.934231806013733 0.07041235982609528 7.62499969
v 10.29091384987273 -0.2587362662347479 7.62499969
v 10.801551781843195 0.20546677451218898 7.62499969
v 8.693640750815367 1.5088956642618108 7.62499969
v 10.647296572214266 1.9037983551190445 7.62499969
v 10.268943233523082 2.1791106443147723 7.62499969
v 10.647296572214266 1.9037983551190445 7.62499969
v 8.693640750815367 1.5088956642618108 7.62499969
v 10.801551781843195 0.20546677451218898 7.62499969
v 10.997366593952325 -3.8349489956286993 7.62499969
v 10.440038642893372 -1.5874167233148304 7.62499969
v 9.761524520452982 -2.276960146985463 7.62499969
v 9.761524520452982 -2.276960146985463 7.62499969
v 9.88296296286481 -3.3289342063544174 7.62499969
v 10.997366593952325 -3.8349489956286993 7.62499969
v 10.997366593952325 -3.8349489956286993 7.62499969
v 12.16534863858571 -3.209900789158657 7.62499969
v 12.036922828249537 -1.979512029322299 7.62499969
v 10.440038642893372 -1.5874167233148304 7.62499969
v 10.997366593952325 -3.8349489956286993 7.62499969
v 12.036922828249537 -1.979512029322299 7.62499969
v 10.78000014 5.52649988 7.62499969
v 11.708759113887119 4.300530077828579 7.62499969
v 11.40999967 5.52649988 7.62499969
v 11.708759113887119 4.300530077828579 7.62499969
v 11.644280136934666 5.52649988 7.62499969
v 11.40999967 5.52649988 7.62499969
v 9.65000012 5.52649988 7.62499969
v 9.218924142882615 5.52649988 7.62499969
v 9.295673283180527 3.997461526987503 7.62499969
v 11.708759113887119 4.300530077828579 7.62499969
v 10.78000014 5.52649988 7.62499969
v 10.117554818587308 3.4191445328312384 7.62499969
v 10.78000014 5.52649988 7.62499969
v 9.65000012 5.52649988 7.62499969
v 9.295673283180527 3.997461526987503 7.62499969
v 10.117554818587308 3.4191445328312384 7.62499969
v 10.78000014 5.52649988 7.62499969
v 9.295673283180527 3.997461526987503 7.62499969
v 8.406122596977626 -1.8153813650412927 7.62499969
v 8.934231806013733 0.07041235982609528 7.62499969
v 8.105779636741904 -0.6719065895596286 7.62499969
v 10.440038642893372 -1.5874167233148304 7.62499969
v 8.406122596977626 -1.8153813650412927 7.62499969
v 9.761524520452982 -2.276960146985463 7.62499969
v 8.934231806013733 0.07041235982609528 7.62499969
v 10.440038642893372 -1.5874167233148304 7.62499969
v 10.29091384987273 -0.2587362662347479 7.62499969
v 8.406122596977626 -1.8153813650412927 7.62499969
v 10.440038642893372 -1.5874167233148304 7.62499969
v 8.934231806013733 0.07041235982609528 7.62499969
v 3.740000010000001 5.52649988 7.62499969
v 4.950357580276227 4.109401249079912 7.62499969
v 4.3699999300000005 5.52649988 7.62499969
v 4.950357580276227 4.109401249079912 7.62499969
v 4.987841552456658 5.52649988 7.62499969
v 4.3699999300000005 5.52649988 7.62499969
v 3.740000010000001 5.52649988 7.62499969
v 2.8620584318836944 5.52649988 7.62499969
v 2.900104796883344 3.955684039325871 7.62499969
v 4.950357580276227 4.109401249079912 7.62499969
v 3.740000010000001 5.52649988 7.62499969
v 3.662687822059711 3.4055020929109685 7.62499969
v 3.662687822059711 3.4055020929109685 7.62499969
v 3.740000010000001 5.52649988 7.62499969
v 2.900104796883344 3.955684039325871 7.62499969
v 7.8899998 5.52649988 7.62499969
v 7.817540356352141 3.253723010410323 7.62499969
v 9.295673283180527 3.997461526987503 7.62499969
v 9.295673283180527 3.997461526987503 7.62499969
v 9.218924142882615 5.52649988 7.62499969
v 9.01999982 5.52649988 7.62499969
v 7.26000027 5.52649988 7.62499969
v 7.09710400925799 5.52649988 7.62499969
v 7.070734602812434 3.7189930422391457 7.62499969
v 7.8899998 5.52649988 7.62499969
v 9.295673283180527 3.997461526987503 7.62499969
v 9.01999982 5.52649988 7.62499969
v 7.8899998 5.52649988 7.62499969
v 7.26000027 5.52649988 7.62499969
v 7.070734602812434 3.7189930422391457 7.62499969
v 7.817540356352141 3.253723010410323 7.62499969
v 7.8899998 5.52649988 7.62499969
v 7.070734602812434 3.7189930422391457 7.62499969
v 10.997366593952325 -3.8349489956286993 7.62499969
v 9.88296296286481 -3.3289342063544174 7.62499969
v 9.125164245853743 -4.0037835523017575 7.62499969
v 9.125164245853743 -4.0037835523017575 7.62499969
v 9.263322701043762 -5.58849997 7.62499969
v 9.61399999 -5.58849997 7.62499969
v 10.74400001 -5.58849997 7.62499969
v 11.057520736072766 -5.58849997 7.62499969
v 10.997366593952325 -3.8349489956286993 7.62499969
v 10.997366593952325 -3.8349489956286993 7.62499969
v 9.125164245853743 -4.0037835523017575 7.62499969
v 9.61399999 -5.58849997 7.62499969
v 9.61399999 -5.58849997 7.62499969
v 10.74400001 -5.58849997 7.62499969
v 10.997366593952325 -3.8349489956286993 7.62499969
v 7.817540356352141 3.253723010410323 7.62499969
v 8.693640750815367 1.5088956642618108 7.62499969
v 9.295673283180527 3.997461526987503 7.62499969
v 8.693640750815367 1.5088956642618108 7.62499969
v 7.817540356352141 3.253723010410323 7.62499969
v 8.007618462469507 1.897309551093564 7.62499969
v 10.117554818587308 3.4191445328312384 7.62499969
v 8.693640750815367 1.5088956642618108 7.62499969
v 10.268943233523082 2.1791106443147723 7.62499969
v 9.295673283180527 3.997461526987503 7.62499969
v 8.693640750815367 1.5088956642618108 7.62499969
v 10.117554818587308 3.4191445328312384 7.62499969
v 6.666503563146082 1.1293257420098177 7.62499969
v 8.693640750815367 1.5088956642618108 7.62499969
v 8.007618462469507 1.897309551093564 7.62499969
v 8.934231806013733 0.07041235982609528 7.62499969
v 6.666503563146082 1.1293257420098177 7.62499969
v 7.029074939951102 -0.3877250682885256 7.62499969
v 7.029074939951102 -0.3877250682885256 7.62499969
v 8.105779636741904 -0.6719065895596286 7.62499969
v 8.934231806013733 0.07041235982609528 7.62499969
v 6.666503563146082 1.1293257420098177 7.62499969
v 8.934231806013733 0.07041235982609528 7.62499969
v 8.693640750815367 1.5088956642618108 7.62499969
v 7.635483083867667 -3.631724207766996 7.62499969
v 8.406122596977626 -1.8153813650412927 7.62499969
v 7.277317013588608 -3.0418097575533176 7.62499969
v 8.406122596977626 -1.8153813650412927 7.62499969
v 7.635483083867667 -3.631724207766996 7.62499969
v 9.125164245853743 -4.0037835523017575 7.62499969
v 9.125164245853743 -4.0037835523017575 7.62499969
v 9.88296296286481 -3.3289342063544174 7.62499969
v 9.761524520452982 -2.276960146985463 7.62499969
v 8.406122596977626 -1.8153813650412927 7.62499969
v 9.125164245853743 -4.0037835523017575 7.62499969
v 9.761524520452982 -2.276960146985463 7.62499969
v 8.406122596977626 -1.8153813650412927 7.62499969
v 6.047407732333012 -1.1581171506463326 7.62499969
v 6.7400437522402035 -2.899571165599906 7.62499969
v 8.406122596977626 -1.8153813650412927 7.62499969
v 6.7400437522402035 -2.899571165599906 7.62499969
v 7.277317013588608 -3.0418097575533176 7.62499969
v 7.029074939951102 -0.3877250682885256 7.62499969
v 8.406122596977626 -1.8153813650412927 7.62499969
v 8.105779636741904 -0.6719065895596286 7.62499969
v 6.047407732333012 -1.1581171506463326 7.62499969
v 8.406122596977626 -1.8153813650412927 7.62499969
v 7.029074939951102 -0.3877250682885256 7.62499969
v 6.12999986 5.52649988 7.62499969
v 5.9820826508854985 3.3474392706814267 7.62499969
v 7.070734602812434 3.7189930422391457 7.62499969
v 7.070734602812434 3.7189930422391457 7.62499969
v 7.09710400925799 5.52649988 7.62499969
v 6.12999986 5.52649988 7.62499969
v 5.499999950000001 5.52649988 7.62499969
v 4.987841552456658 5.52649988 7.62499969
v 4.950357580276227 4.109401249079912 7.62499969
v 5.9820826508854985 3.3474392706814267 7.62499969
v 6.12999986 5.52649988 7.62499969
v 4.950357580276227 4.109401249079912 7.62499969
v 6.12999986 5.52649988 7.62499969
v 5.499999950000001 5.52649988 7.62499969
v 4.950357580276227 4.109401249079912 7.62499969
v 5.9820826508854985 3.3474392706814267 7.62499969
v 7.817540356352141 3.253723010410323 7.62499969
v 7.070734602812434 3.7189930422391457 7.62499969
v 6.666503563146082 1.1293257420098177 7.62499969
v 5.9820826508854985 3.3474392706814267 7.62499969
v 5.549485818833 1.7000559945663274 7.62499969
v 5.549485818833 1.7000559945663274 7.62499969
v 5.619264227821699 1.5462525051038454 7.62499969
v 6.666503563146082 1.1293257420098177 7.62499969
v 5.9820826508854985 3.3474392706814267 7.62499969
v 8.007618462469507 1.897309551093564 7.62499969
v 7.817540356352141 3.253723010410323 7.62499969
v 8.007618462469507 1.897309551093564 7.62499969
v 5.9820826508854985 3.3474392706814267 7.62499969
v 6.666503563146082 1.1293257420098177 7.62499969
v 4.689628495017949 0.15541701258140606 7.62499969
v 6.666503563146082 1.1293257420098177 7.62499969
v 5.619264227821699 1.5462525051038454 7.62499969
v 6.047407732333012 -1.1581171506463326 7.62499969
v 4.689628495017949 0.15541701258140606 7.62499969
v 5.2143949176671285 -1.030413938582928 7.62499969
v 4.689628495017949 0.15541701258140606 7.62499969
v 7.029074939951102 -0.3877250682885256 7.62499969
v 6.666503563146082 1.1293257420098177 7.62499969
v 7.029074939951102 -0.3877250682885256 7.62499969
v 4.689628495017949 0.15541701258140606 7.62499969
v 6.047407732333012 -1.1581171506463326 7.62499969
v 7.635483083867667 -3.631724207766996 7.62499969
v 6.7400437522402035 -2.899571165599906 7.62499969
v 5.468526339858931 -3.5919746749241783 7.62499969
v 5.468526339858931 -3.5919746749241783 7.62499969
v 5.794443798899106 -5.58849997 7.62499969
v 6.094000119999999 -5.58849997 7.62499969
v 6.094000119999999 -5.58849997 7.62499969
v 7.094368930419483 -5.58849997 7.62499969
v 7.635483083867667 -3.631724207766996 7.62499969
v 6.7400437522402035 -2.899571165599906 7.62499969
v 7.635483083867667 -3.631724207766996 7.62499969
v 7.277317013588608 -3.0418097575533176 7.62499969
v 5.468526339858931 -3.5919746749241783 7.62499969
v 6.094000119999999 -5.58849997 7.62499969
v 7.635483083867667 -3.631724207766996 7.62499969
v 4.334000189999999 -5.58849997 7.62499969
v 4.713735959510501 -3.306350921760983 7.62499969
v 3.551650080746258 -3.998184630396209 7.62499969
v 3.551650080746258 -3.998184630396209 7.62499969
v 3.6517564573024615 -5.58849997 7.62499969
v 3.7039998799999996 -5.58849997 7.62499969
v 5.46399982 -5.58849997 7.62499969
v 5.794443798899106 -5.58849997 7.62499969
v 5.468526339858931 -3.5919746749241783 7.62499969
v 4.334000189999999 -5.58849997 7.62499969
v 3.551650080746258 -3.998184630396209 7.62499969
v 3.7039998799999996 -5.58849997 7.62499969
v 4.334000189999999 -5.58849997 7.62499969
v 5.46399982 -5.58849997 7.62499969
v 5.468526339858931 -3.5919746749241783 7.62499969
v 4.713735959510501 -3.306350921760983 7.62499969
v 4.334000189999999 -5.58849997 7.62499969
v 5.468526339858931 -3.5919746749241783 7.62499969
v 4.689628495017949 0.15541701258140606 7.62499969
v 3.716346711534724 2.3712234254435747 7.62499969
v 3.0583178143410183 1.6842514619691955 7.62499969
v 3.0583178143410183 1.6842514619691955 7.62499969
v 3.2765994060292662 0.3558722007940629 7.62499969
v 4.689628495017949 0.15541701258140606 7.62499969
v 4.689628495017949 0.15541701258140606 7.62499969
v 5.619264227821699 1.5462525051038454 7.62499969
v 5.549485818833 1.7000559945663274 7.62499969
v 3.716346711534724 2.3712234254435747 7.62499969
v 4.689628495017949 0.15541701258140606 7.62499969
v 5.549485818833 1.7000559945663274 7.62499969
v 3.716346711534724 2.3712234254435747 7.62499969
v 4.950357580276227 4.109401249079912 7.62499969
v 3.662687822059711 3.4055020929109685 7.62499969
v 5.9820826508854985 3.3474392706814267 7.62499969
v 3.716346711534724 2.3712234254435747 7.62499969
v 5.549485818833 1.7000559945663274 7.62499969
v 4.950357580276227 4.109401249079912 7.62499969
v 3.716346711534724 2.3712234254435747 7.62499969
v 5.9820826508854985 3.3474392706814267 7.62499969
v 6.047407732333012 -1.1581171506463326 7.62499969
v 5.2143949176671285 -1.030413938582928 7.62499969
v 4.38480928258169 -1.8613257822754985 7.62499969
v 4.38480928258169 -1.8613257822754985 7.62499969
v 4.713735959510501 -3.306350921760983 7.62499969
v 5.468526339858931 -3.5919746749241783 7.62499969
v 5.468526339858931 -3.5919746749241783 7.62499969
v 6.7400437522402035 -2.899571165599906 7.62499969
v 6.047407732333012 -1.1581171506463326 7.62499969
v 6.047407732333012 -1.1581171506463326 7.62499969
v 4.38480928258169 -1.8613257822754985 7.62499969
v 5.468526339858931 -3.5919746749241783 7.62499969
v 4.689628495017949 0.15541701258140606 7.62499969
v 3.2765994060292662 0.3558722007940629 7.62499969
v 2.790599868464316 -0.17814326974060357 7.62499969
v 4.689628495017949 0.15541701258140606 7.62499969
v 3.0347481687101254 -1.6326698078499984 7.62499969
v 4.38480928258169 -1.8613257822754985 7.62499969
v 4.38480928258169 -1.8613257822754985 7.62499969
v 5.2143949176671285 -1.030413938582928 7.62499969
v 4.689628495017949 0.15541701258140606 7.62499969
v 3.0347481687101254 -1.6326698078499984 7.62499969
v 4.689628495017949 0.15541701258140606 7.62499969
v 2.790599868464316 -0.17814326974060357 7.62499969
v 2.5740000599999995 -5.58849997 7.62499969
v 1.4369532154112932 -4.196874757760116 7.62499969
v 1.9439999500000003 -5.58849997 7.62499969
v 1.4369532154112932 -4.196874757760116 7.62499969
v 1.3167154393995055 -5.58849997 7.62499969
v 1.9439999500000003 -5.58849997 7.62499969
v 2.5740000599999995 -5.58849997 7.62499969
v 3.6517564573024615 -5.58849997 7.62499969
v 3.551650080746258 -3.998184630396209 7.62499969
v 1.4369532154112932 -4.196874757760116 7.62499969
v 2.5740000599999995 -5.58849997 7.62499969
v 2.731156473209799 -3.5535395760166972 7.62499969
v 2.731156473209799 -3.5535395760166972 7.62499969
v 2.5740000599999995 -5.58849997 7.62499969
v 3.551650080746258 -3.998184630396209 7.62499969
v 3.716346711534724 2.3712234254435747 7.62499969
v 3.662687822059711 3.4055020929109685 7.62499969
v 2.900104796883344 3.955684039325871 7.62499969
v 2.900104796883344 3.955684039325871 7.62499969
v 1.281753947507097 3.342565711036168 7.62499969
v 1.5561045540058398 2.0317541717417846 7.62499969
v 2.900104796883344 3.955684039325871 7.62499969
v 3.0583178143410183 1.6842514619691955 7.62499969
v 3.716346711534724 2.3712234254435747 7.62499969
v 3.0583178143410183 1.6842514619691955 7.62499969
v 2.900104796883344 3.955684039325871 7.62499969
v 1.5561045540058398 2.0317541717417846 7.62499969
v 1.349675918222033 -0.024998644912179735 7.62499969
v 1.5561045540058398 2.0317541717417846 7.62499969
v 0.8697050904603998 1.1800531313592062 7.62499969
v 3.0583178143410183 1.6842514619691955 7.62499969
v 1.349675918222033 -0.024998644912179735 7.62499969
v 2.790599868464316 -0.17814326974060357 7.62499969
v 2.790599868464316 -0.17814326974060357 7.62499969
v 3.2765994060292662 0.3558722007940629 7.62499969
v 3.0583178143410183 1.6842514619691955 7.62499969
v 1.5561045540058398 2.0317541717417846 7.62499969
v 1.349675918222033 -0.024998644912179735 7.62499969
v 3.0583178143410183 1.6842514619691955 7.62499969
v 4.38480928258169 -1.8613257822754985 7.62499969
v 3.0347481687101254 -1.6326698078499984 7.62499969
v 2.5329863352054875 -2.1329248509540397 7.62499969
v 4.713735959510501 -3.306350921760983 7.62499969
v 2.731156473209799 -3.5535395760166972 7.62499969
v 3.551650080746258 -3.998184630396209 7.62499969
v 2.731156473209799 -3.5535395760166972 7.62499969
v 4.713735959510501 -3.306350921760983 7.62499969
v 4.38480928258169 -1.8613257822754985 7.62499969
v 2.731156473209799 -3.5535395760166972 7.62499969
v 4.38480928258169 -1.8613257822754985 7.62499969
v 2.5329863352054875 -2.1329248509540397 7.62499969
v 1.0782427164867983 3.4836538882155232 7.62499969
v 1.281753947507097 3.342565711036168 7.62499969
v 2.900104796883344 3.955684039325871 7.62499969
v 2.900104796883344 3.955684039325871 7.62499969
v 2.8620584318836944 5.52649988 7.62499969
v 2.6099999900000004 5.52649988 7.62499969
v 1.980000070000001 5.52649988 7.62499969
v 0.9351659935573817 5.52649988 7.62499969
v 1.0782427164867983 3.4836538882155232 7.62499969
v 1.980000070000001 5.52649988 7.62499969
v 2.900104796883344 3.955684039325871 7.62499969
v 2.6099999900000004 5.52649988 7.62499969
v 2.900104796883344 3.955684039325871 7.62499969
v 1.980000070000001 5.52649988 7.62499969
v 1.0782427164867983 3.4836538882155232 7.62499969
v 1.2052378435403668 -1.9892067426019429 7.62499969
v 1.349675918222033 -0.024998644912179735 7.62499969
v 0.6483058128389327 -1.048459826709676 7.62499969
v 3.0347481687101254 -1.6326698078499984 7.62499969
v 1.2052378435403668 -1.9892067426019429 7.62499969
v 2.5329863352054875 -2.1329248509540397 7.62499969
v 1.2052378435403668 -1.9892067426019429 7.62499969
v 2.790599868464316 -0.17814326974060357 7.62499969
v 1.349675918222033 -0.024998644912179735 7.62499969
v 2.790599868464316 -0.17814326974060357 7.62499969
v 1.2052378435403668 -1.9892067426019429 7.62499969
v 3.0347481687101254 -1.6326698078499984 7.62499969
v 1.5561045540058398 2.0317541717417846 7.62499969
v -0.7460000099999995 3.3124420083259434 7.62499969
v 0.8697050904603998 1.1800531313592062 7.62499969
v -0.7460000099999995 3.3124420083259434 7.62499969
v -0.7460000099999995 1.2993508019208182 7.62499969
v 0.8697050904603998 1.1800531313592062 7.62499969
v 1.0782427164867983 3.4836538882155232 7.62499969
v 1.5561045540058398 2.0317541717417846 7.62499969
v 1.281753947507097 3.342565711036168 7.62499969
v -0.7460000099999995 3.3124420083259434 7.62499969
v 1.5561045540058398 2.0317541717417846 7.62499969
v 1.0782427164867983 3.4836538882155232 7.62499969
v 0.6483058128389327 -1.048459826709676 7.62499969
v 1.349675918222033 -0.024998644912179735 7.62499969
v 0.8697050904603998 1.1800531313592062 7.62499969
v 0.8697050904603998 1.1800531313592062 7.62499969
v -0.7460000099999995 1.2993508019208182 7.62499969
v -0.7460000099999995 -0.9959557285070462 7.62499969
v -0.7460000099999995 -0.9959557285070462 7.62499969
v 0.6483058128389327 -1.048459826709676 7.62499969
v 0.8697050904603998 1.1800531313592062 7.62499969
v 1.4369532154112932 -4.196874757760116 7.62499969
v 1.2052378435403668 -1.9892067426019429 7.62499969
v 0.5131496718417328 -3.307134836175666 7.62499969
v 1.2052378435403668 -1.9892067426019429 7.62499969
v 1.4369532154112932 -4.196874757760116 7.62499969
v 2.731156473209799 -3.5535395760166972 7.62499969
v 1.2052378435403668 -1.9892067426019429 7.62499969
v 2.731156473209799 -3.5535395760166972 7.62499969
v 2.5329863352054875 -2.1329248509540397 7.62499969
v 1.0782427164867983 3.4836538882155232 7.62499969
v 0.9351659935573817 5.52649988 7.62499969
v 0.8499999599999999 5.52649988 7.62499969
v 0.8499999599999999 5.52649988 7.62499969
v -0.7460000099999995 5.52649988 7.62499969
v -0.7460000099999995 3.3124420083259434 7.62499969
v -0.7460000099999995 3.3124420083259434 7.62499969
v 1.0782427164867983 3.4836538882155232 7.62499969
v 0.8499999599999999 5.52649988 7.62499969
v -0.7460000099999995 -0.9959557285070462 7.62499969
v 1.2052378435403668 -1.9892067426019429 7.62499969
v 0.6483058128389327 -1.048459826709676 7.62499969
v 0.5131496718417328 -3.307134836175666 7.62499969
v -0.7460000099999995 -0.9959557285070462 7.62499969
v -0.7460000099999995 -3.415166127993012 7.62499969
v 1.2052378435403668 -1.9892067426019429 7.62499969
v -0.7460000099999995 -0.9959557285070462 7.62499969
v 0.5131496718417328 -3.307134836175666 7.62499969
v 0.19400000000000084 -5.58849997 7.62499969
v -0.7460000099999995 -3.415166127993012 7.62499969
v -0.38600001000000006 -5.58849997 7.62499969
v -0.7460000099999995 -3.415166127993012 7.62499969
v -0.7460000099999995 -5.58849997 7.62499969
v -0.38600001000000006 -5.58849997 7.62499969
v 0.8140000199999999 -5.58849997 7.62499969
v 1.3167154393995055 -5.58849997 7.62499969
v 1.4369532154112932 -4.196874757760116 7.62499969
v -0.7460000099999995 -3.415166127993012 7.62499969
v 0.19400000000000084 -5.58849997 7.62499969
v 0.5131496718417328 -3.307134836175666 7.62499969
v 0.19400000000000084 -5.58849997 7.62499969
v 0.8140000199999999 -5.58849997 7.62499969
v 1.4369532154112932 -4.196874757760116 7.62499969
v 0.5131496718417328 -3.307134836175666 7.62499969
v 0.19400000000000084 -5.58849997 7.62499969
v 1.4369532154112932 -4.196874757760116 7.62499969
v 0.5840000100000001 5.87649983 6.74499992
v -0.94600001 6.60949966 6.74499992
v -0.94600001 5.72650007 6.74499992
v -0.94600001 5.72650007 6.74499992
v 0.5840000100000001 5.72650007 6.74499992
v 0.5840000100000001 5.87649983 6.74499992
v 0.73400001 5.87649983 6.74499992
v 0.73400001 5.72650007 6.74499992
v 2.34300001 5.72650007 6.74499992
v 2.49299996 5.87649983 6.74499992
v 2.49299996 5.72650007 6.74499992
v 2.7482387478943533 5.72650007 6.74499992
v 0.73400001 5.87649983 6.74499992
v -0.94600001 6.60949966 6.74499992
v 0.5840000100000001 5.87649983 6.74499992
v 0.73400001 5.87649983 6.74499992
v 2.34300001 5.72650007 6.74499992
v 2.34300001 5.87649983 6.74499992
v 2.49299996 5.87649983 6.74499992
v 2.7482387478943533 5.72650007 6.74499992
v 2.748285385856447 6.60949966 6.74499992
v -0.94600001 6.60949966 6.74499992
v 0.73400001 5.87649983 6.74499992
v 2.748285385856447 6.60949966 6.74499992
v 2.34300001 5.87649983 6.74499992
v 2.49299996 5.87649983 6.74499992
v 2.748285385856447 6.60949966 6.74499992
v 2.748285385856447 6.60949966 6.74499992
v 0.73400001 5.87649983 6.74499992
v 2.34300001 5.87649983 6.74499992
v 2.7482387478943533 5.72650007 6.74499992
v 4.10899997 5.72650007 6.74499992
v 4.10899997 5.87649983 6.74499992
v 4.25900011 5.87649983 6.74499992
v 4.25900011 5.72650007 6.74499992
v 5.89200005 5.72650007 6.74499992
v 6.04199981 5.87649983 6.74499992
v 6.04199981 5.72650007 6.74499992
v 6.551095047514847 5.72650007 6.74499992
v 4.10899997 5.87649983 6.74499992
v 2.748285385856447 6.60949966 6.74499992
v 2.7482387478943533 5.72650007 6.74499992
v 4.25900011 5.87649983 6.74499992
v 5.89200005 5.72650007 6.74499992
v 5.89200005 5.87649983 6.74499992
v 6.04199981 5.87649983 6.74499992
v 6.551095047514847 5.72650007 6.74499992
v 6.551134933021451 6.60949966 6.74499992
v 4.25900011 5.87649983 6.74499992
v 2.748285385856447 6.60949966 6.74499992
v 4.10899997 5.87649983 6.74499992
v 5.89200005 5.87649983 6.74499992
v 6.04199981 5.87649983 6.74499992
v 6.551134933021451 6.60949966 6.74499992
v 2.748285385856447 6.60949966 6.74499992
v 4.25900011 5.87649983 6.74499992
v 6.551134933021451 6.60949966 6.74499992
v 4.25900011 5.87649983 6.74499992
v 5.89200005 5.87649983 6.74499992
v 6.551134933021451 6.60949966 6.74499992
v 6.551095047514847 5.72650007 6.74499992
v 7.672999870000001 5.72650007 6.74499992
v 7.672999870000001 5.87649983 6.74499992
v 9.44999993 5.72650007 6.74499992
v 7.82300001 5.87649983 6.74499992
v 7.82300001 5.72650007 6.74499992
v 9.60000007 5.87649983 6.74499992
v 9.60000007 5.72650007 6.74499992
v 10.530096543182848 5.72650007 6.74499992
v 7.82300001 5.87649983 6.74499992
v 10.530114275306394 6.60949966 6.74499992
v 6.551134933021451 6.60949966 6.74499992
v 6.551134933021451 6.60949966 6.74499992
v 6.551095047514847 5.72650007 6.74499992
v 7.672999870000001 5.87649983 6.74499992
v 7.82300001 5.87649983 6.74499992
v 9.44999993 5.72650007 6.74499992
v 9.44999993 5.87649983 6.74499992
v 10.530114275306394 6.60949966 6.74499992
v 9.60000007 5.87649983 6.74499992
v 10.530096543182848 5.72650007 6.74499992
v 6.551134933021451 6.60949966 6.74499992
v 7.672999870000001 5.87649983 6.74499992
v 7.82300001 5.87649983 6.74499992
v 10.530114275306394 6.60949966 6.74499992
v 9.44999993 5.87649983 6.74499992
v 9.60000007 5.87649983 6.74499992
v 10.530114275306394 6.60949966 6.74499992
v 7.82300001 5.87649983 6.74499992
v 9.44999993 5.87649983 6.74499992
v 10.530096543182848 5.72650007 6.74499992
v 11.22600005 5.72650007 6.74499992
v 11.22600005 5.87649983 6.74499992
v 11.3760002 5.87649983 6.74499992
v 11.3760002 5.72650007 6.74499992
v 12.99900035 5.72650007 6.74499992
v 13.1490005 5.87649983 6.74499992
v 13.1490005 5.72650007 6.74499992
v 14.60999969 5.72650007 6.74499992
v 12.99900035 5.87649983 6.74499992
v 14.60999969 6.60949966 6.74499992
v 10.530114275306394 6.60949966 6.74499992
v 10.530114275306394 6.60949966 6.74499992
v 10.530096543182848 5.72650007 6.74499992
v 11.22600005 5.87649983 6.74499992
v 11.3760002 5.87649983 6.74499992
v 12.99900035 5.72650007 6.74499992
v 12.99900035 5.87649983 6.74499992
v 14.60999969 6.60949966 6.74499992
v 13.1490005 5.87649983 6.74499992
v 14.60999969 5.72650007 6.74499992
v 10.530114275306394 6.60949966 6.74499992
v 11.22600005 5.87649983 6.74499992
v 11.3760002 5.87649983 6.74499992
v 14.60999969 6.60949966 6.74499992
v 12.99900035 5.87649983 6.74499992
v 13.1490005 5.87649983 6.74499992
v 10.530114275306394 6.60949966 6.74499992
v 11.3760002 5.87649983 6.74499992
v 12.99900035 5.87649983 6.74499992
v -0.94600001 2.793219989431481 6.74499992
v -0.9460000099999999 5.72650007 6.74499992
v -2.21200006 5.72650007 6.74499992
v -2.21200006 5.72650007 6.74499992
v -2.21200006 2.7924410613170862 6.74499992
v -0.94600001 2.793219989431481 6.74499992
v -2.21200006 2.7924410613170862 6.74499992
v -2.21200006 -0.10201159826659129 6.74499992
v -0.9460000100000001 -0.10146354828067518 6.74499992
v -0.9460000100000001 -0.10146354828067518 6.74499992
v -0.94600001 2.793219989431481 6.74499992
v -2.21200006 2.7924410613170862 6.74499992
v -0.9460000100000001 -0.10146354828067518 6.74499992
v -2.21200006 -2.956288301180076 6.74499992
v -0.9460000100000001 -2.957655955072203 6.74499992
v -2.21200006 -2.956288301180076 6.74499992
v -0.9460000100000001 -0.10146354828067518 6.74499992
v -2.21200006 -0.10201159826659129 6.74499992
v -0.9460000100000001 -2.957655955072203 6.74499992
v -2.21200006 -5.788500160000001 6.74499992
v -0.9460000100000001 -5.78850016 6.74499992
v -2.21200006 -5.788500160000001 6.74499992
v -0.9460000100000001 -2.957655955072203 6.74499992
v -2.21200006 -2.956288301180076 6.74499992
v 2.1287859529110307 -5.78850016 6.74499992
v 0.7770000099999997 -5.78850016 6.74499992
v 0.7770000099999996 -5.93849992 6.74499992
v 0.6269999999999998 -5.93849992 6.74499992
v 0.6269999999999998 -5.78850016 6.74499992
v -0.94600001 -5.78850016 6.74499992
v 0.6269999999999998 -5.93849992 6.74499992
v -0.94600001 -6.91850018 6.74499992
v 2.1305538984654087 -6.91850018 6.74499992
v 2.1305538984654087 -6.91850018 6.74499992
v 2.1287859529110307 -5.78850016 6.74499992
v 0.7770000099999996 -5.93849992 6.74499992
v -0.94600001 -6.91850018 6.74499992
v 0.6269999999999998 -5.93849992 6.74499992
v -0.94600001 -5.78850016 6.74499992
v 2.1305538984654087 -6.91850018 6.74499992
v 0.7770000099999996 -5.93849992 6.74499992
v 0.6269999999999998 -5.93849992 6.74499992
v 4.316000119999999 -5.93849992 6.74499992
v 5.240571781888859 -6.91850018 6.74499992
v 5.2396139921621865 -5.78850016 6.74499992
v 5.2396139921621865 -5.78850016 6.74499992
v 4.316000119999999 -5.78850016 6.74499992
v 4.316000119999999 -5.93849992 6.74499992
v 2.5529999799999996 -5.93849992 6.74499992
v 4.16599998 -5.788500159999999 6.74499992
v 2.5529999799999996 -5.78850016 6.74499992
v 2.4030000299999994 -5.93849992 6.74499992
v 2.403000029999999 -5.78850016 6.74499992
v 2.1287859529110307 -5.78850016 6.74499992
v 4.165999979999999 -5.93849992 6.74499992
v 5.240571781888859 -6.91850018 6.74499992
v 4.316000119999999 -5.93849992 6.74499992
v 4.16599998 -5.788500159999999 6.74499992
v 2.5529999799999996 -5.93849992 6.74499992
v 4.165999979999999 -5.93849992 6.74499992
v 2.4030000299999994 -5.93849992 6.74499992
v 2.1287859529110307 -5.78850016 6.74499992
v 2.1305538984654087 -6.91850018 6.74499992
v 5.240571781888859 -6.91850018 6.74499992
v 4.165999979999999 -5.93849992 6.74499992
v 2.1305538984654087 -6.91850018 6.74499992
v 2.1305538984654087 -6.91850018 6.74499992
v 2.5529999799999996 -5.93849992 6.74499992
v 2.4030000299999994 -5.93849992 6.74499992
v 2.5529999799999996 -5.93849992 6.74499992
v 2.1305538984654087 -6.91850018 6.74499992
v 4.165999979999999 -5.93849992 6.74499992
v 7.87300006 -5.93849992 6.74499992
v 8.36759945151807 -6.91850018 6.74499992
v 8.368187719814848 -5.78850016 6.74499992
v 8.368187719814848 -5.78850016 6.74499992
v 7.87300006 -5.788500159999999 6.74499992
v 7.87300006 -5.93849992 6.74499992
v 6.090999919999998 -5.93849992 6.74499992
v 7.72299991 -5.788500159999999 6.74499992
v 6.090999919999999 -5.78850016 6.74499992
v 5.94100016 -5.93849992 6.74499992
v 5.94100016 -5.78850016 6.74499992
v 5.2396139921621865 -5.78850016 6.74499992
v 7.722999910000001 -5.93849992 6.74499992
v 8.36759945151807 -6.91850018 6.74499992
v 7.87300006 -5.93849992 6.74499992
v 7.72299991 -5.788500159999999 6.74499992
v 6.090999919999998 -5.93849992 6.74499992
v 7.722999910000001 -5.93849992 6.74499992
v 5.94100016 -5.93849992 6.74499992
v 5.2396139921621865 -5.78850016 6.74499992
v 5.240571781888859 -6.91850018 6.74499992
v 6.090999919999998 -5.93849992 6.74499992
v 8.36759945151807 -6.91850018 6.74499992
v 7.722999910000001 -5.93849992 6.74499992
v 5.240571781888859 -6.91850018 6.74499992
v 6.090999919999998 -5.93849992 6.74499992
v 5.94100016 -5.93849992 6.74499992
v 6.090999919999998 -5.93849992 6.74499992
v 5.240571781888859 -6.91850018 6.74499992
v 8.36759945151807 -6.91850018 6.74499992
v 11.42700018 -5.93849992 6.74499992
v 11.486541371374944 -5.788500159999999 6.74499992
v 11.42700018 -5.788500159999999 6.74499992
v 9.655999759999998 -5.93849992 6.74499992
v 11.27700004 -5.78850016 6.74499992
v 9.655999759999998 -5.788500159999999 6.74499992
v 9.506000379999998 -5.93849992 6.74499992
v 9.506000379999998 -5.78850016 6.74499992
v 8.368187719814848 -5.78850016 6.74499992
v 9.655999759999998 -5.93849992 6.74499992
v 8.36759945151807 -6.91850018 6.74499992
v 11.486145872186764 -6.91850018 6.74499992
v 11.486541371374944 -5.788500159999999 6.74499992
v 11.42700018 -5.93849992 6.74499992
v 11.486145872186764 -6.91850018 6.74499992
v 11.27700004 -5.78850016 6.74499992
v 9.655999759999998 -5.93849992 6.74499992
v 11.27700004 -5.93849992 6.74499992
v 8.36759945151807 -6.91850018 6.74499992
v 9.506000379999998 -5.93849992 6.74499992
v 8.368187719814848 -5.78850016 6.74499992
v 11.486145872186764 -6.91850018 6.74499992
v 11.42700018 -5.93849992 6.74499992
v 11.27700004 -5.93849992 6.74499992
v 8.36759945151807 -6.91850018 6.74499992
v 9.655999759999998 -5.93849992 6.74499992
v 9.506000379999998 -5.93849992 6.74499992
v 11.486145872186764 -6.91850018 6.74499992
v 11.27700004 -5.93849992 6.74499992
v 9.655999759999998 -5.93849992 6.74499992
v 13.191999429999996 -5.93849992 6.74499992
v 14.609999689999999 -6.91850018 6.74499992
v 14.609999689999997 -5.78850016 6.74499992
v 14.609999689999997 -5.78850016 6.74499992
v 13.191999429999996 -5.78850016 6.74499992
v 13.191999429999996 -5.93849992 6.74499992
v 13.041999279999999 -5.938499919999999 6.74499992
v 13.041999279999999 -5.78850016 6.74499992
v 11.486541371374944 -5.788500159999999 6.74499992
v 13.041999279999999 -5.938499919999999 6.74499992
v 14.609999689999999 -6.91850018 6.74499992
v 13.191999429999996 -5.93849992 6.74499992
v 13.041999279999999 -5.938499919999999 6.74499992
v 11.486541371374944 -5.788500159999999 6.74499992
v 11.486145872186764 -6.91850018 6.74499992
v 14.609999689999999 -6.91850018 6.74499992
v 13.041999279999999 -5.938499919999999 6.74499992
v 11.486145872186764 -6.91850018 6.74499992
v -2.2120000599999994 5.72650007 3.9850001700000006
v -0.94600001 5.72650007 6.74499992
v -0.9460000099999999 5.72650007 3.985000170000001
v -0.94600001 5.72650007 6.74499992
v -2.2120000599999994 5.72650007 3.9850001700000006
v -2.21200006 5.72650007 6.74499992
v -0.94600001 5.87649983 4.14500009
v -0.94600001 5.87649983 3.98500017
v -0.94600001 5.72650007 3.98500017
v -0.94600001 5.87649983 4.14500009
v -0.94600001 5.72650007 6.74499992
v -0.94600001 6.60949966 6.744999919999999
v -0.94600001 6.60949966 6.744999919999999
v -0.94600001 6.609499660000001 4.14500009
v -0.94600001 5.87649983 4.14500009
v -0.94600001 5.72650007 6.74499992
v -0.94600001 5.87649983 4.14500009
v -0.94600001 5.72650007 3.98500017
v 12.683776670744173 6.60949966 5.46273723186309
v 14.60999969 6.60949966 5.402494412411987
v 14.60999969 6.60949966 4.14500009
v 14.60999969 6.60949966 4.14500009
v 12.19503775349129 6.60949966 4.14500009
v 12.683776670744173 6.60949966 5.46273723186309
v 12.683776670744173 6.60949966 5.46273723186309
v 12.265459464911746 6.60949966 6.74499992
v 14.60999969 6.60949966 6.74499992
v 14.60999969 6.60949966 6.74499992
v 14.60999969 6.60949966 5.402494412411987
v 12.683776670744173 6.60949966 5.46273723186309
v 5.650443312033205 6.60949966 6.74499992
v 3.3240339559754863 6.60949966 5.585802092588891
v 2.972183007909944 6.60949966 6.74499992
v 3.3240339559754863 6.60949966 5.585802092588891
v 5.650443312033205 6.60949966 6.74499992
v 5.103065692671615 6.60949966 5.307516033994585
v 8.975182973983141 6.60949966 6.74499992
v 7.190716668576222 6.60949966 4.14500009
v 7.101539996495215 6.60949966 6.74499992
v 7.190716668576222 6.60949966 4.14500009
v 8.975182973983141 6.60949966 6.74499992
v 8.93056313731886 6.60949966 4.14500009
v 12.683776670744173 6.60949966 5.46273723186309
v 12.19503775349129 6.60949966 4.14500009
v 10.75280996363794 6.60949966 4.145000089999999
v 12.683776670744173 6.60949966 5.46273723186309
v 10.700708325533737 6.60949966 6.74499992
v 12.265459464911746 6.60949966 6.74499992
v 10.700708325533737 6.60949966 6.74499992
v 12.683776670744173 6.60949966 5.46273723186309
v 10.75280996363794 6.60949966 4.145000089999999
v 8.93056313731886 6.60949966 4.14500009
v 10.700708325533737 6.60949966 6.74499992
v 10.75280996363794 6.60949966 4.145000089999999
v 10.700708325533737 6.60949966 6.74499992
v 8.93056313731886 6.60949966 4.14500009
v 8.975182973983141 6.60949966 6.74499992
v 2.7758213536104206 6.60949966 4.14500009
v 5.103065692671615 6.60949966 5.307516033994585
v 5.455876969047834 6.60949966 4.145000089999999
v 5.103065692671615 6.60949966 5.307516033994585
v 2.7758213536104206 6.60949966 4.14500009
v 3.3240339559754863 6.60949966 5.585802092588891
v 7.190716668576222 6.60949966 4.14500009
v 5.455876969047834 6.60949966 4.145000089999999
v 5.103065692671615 6.60949966 5.307516033994585
v 5.103065692671615 6.60949966 5.307516033994585
v 5.650443312033205 6.60949966 6.74499992
v 7.101539996495215 6.60949966 6.74499992
v 7.101539996495215 6.60949966 6.74499992
v 7.190716668576222 6.60949966 4.14500009
v 5.103065692671615 6.60949966 5.307516033994585
v 1.0716811537884803 6.60949966 5.470411187611344
v -0.9460000100000012 6.60949966 5.398559005430754
v -0.9460000100000014 6.60949966 6.74499992
v -0.9460000100000014 6.60949966 6.74499992
v 1.4604928208379726 6.60949966 6.74499992
v 1.0716811537884803 6.60949966 5.470411187611344
v 1.0716811537884803 6.60949966 5.470411187611344
v 2.7758213536104206 6.60949966 4.14500009
v 1.5511979269982763 6.60949966 4.145000089999999
v 3.3240339559754863 6.60949966 5.585802092588891
v 1.0716811537884803 6.60949966 5.470411187611344
v 1.4604928208379726 6.60949966 6.74499992
v 1.4604928208379726 6.60949966 6.74499992
v 2.972183007909944 6.60949966 6.74499992
v 3.3240339559754863 6.60949966 5.585802092588891
v 2.7758213536104206 6.60949966 4.14500009
v 1.0716811537884803 6.60949966 5.470411187611344
v 3.3240339559754863 6.60949966 5.585802092588891
v 1.0716811537884803 6.60949966 5.470411187611344
v 1.5511979269982763 6.60949966 4.145000089999999
v -0.9460000100000023 6.60949966 4.14500009
v -0.9460000100000023 6.60949966 4.14500009
v -0.9460000100000012 6.60949966 5.398559005430754
v 1.0716811537884803 6.60949966 5.470411187611344
v 14.60999969 5.87649983 4.145000090000001
v 14.60999969 5.726500069999999 6.74499992
v 14.60999969 5.72650007 3.98500017
v 14.60999969 5.72650007 3.98500017
v 14.60999969 5.87649983 3.9850001700000006
v 14.60999969 5.87649983 4.145000090000001
v 14.60999969 5.87649983 4.145000090000001
v 14.60999969 6.60949966 4.14500009
v 14.60999969 6.60949966 6.74499992
v 14.60999969 5.726500069999999 6.74499992
v 14.60999969 5.87649983 4.145000090000001
v 14.60999969 6.60949966 6.74499992
v -0.69399998 4.8625001 4.64000011
v -0.69399998 4.8625001 3.56899998
v -0.69399998 4.41650019 3.56899998
v -0.69399998 4.41650019 3.56899998
v -0.69399998 4.41650019 4.64000011
v -0.69399998 4.8625001 4.64000011
v 18.53300055 3.531193517851335 6.083478017097645
v 18.53300055 5.7785 5.129233985797663
v 18.53300055 5.7785 6.10800004
v 18.53300055 5.7785 6.10800004
v 18.53300055 6.60949966 6.10800004
v 18.53300055 6.60949966 6.74499992
v 18.53300055 5.7785 6.10800004
v 18.53300055 3.559336020081051 6.74499992
v 18.53300055 3.531193517851335 6.083478017097645
v 18.53300055 3.559336020081051 6.74499992
v 18.53300055 5.7785 6.10800004
v 18.53300055 6.60949966 6.74499992
v 18.53300055 1.5145 6.44699989
v 18.53300055 1.5144999999999995 5.583125574594907
v 18.53300055 2.44849996 5.621240066337378
v 18.53300055 3.4684999099999994 6.44699989
v 18.53300055 3.4684999099999994 5.973183151169593
v 18.53300055 3.531193517851335 6.083478017097645
v 18.53300055 1.5145 6.44699989
v 18.53300055 0.5498518548968003 6.74499992
v 18.53300055 0.6779384662192991 6.44699989
v 18.53300055 1.5145 6.44699989
v 18.53300055 2.44849996 5.621240066337378
v 18.53300055 2.44849996 6.446999890000001
v 18.53300055 3.4684999099999994 6.44699989
v 18.53300055 3.531193517851335 6.083478017097645
v 18.53300055 3.559336020081051 6.74499992
v 18.53300055 2.44849996 6.446999890000001
v 18.53300055 0.5498518548968003 6.74499992
v 18.53300055 1.5145 6.44699989
v 18.53300055 2.44849996 6.446999890000001
v 18.53300055 3.4684999099999994 6.44699989
v 18.53300055 3.559336020081051 6.74499992
v 18.53300055 0.5498518548968003 6.74499992
v 18.53300055 2.44849996 6.446999890000001
v 18.53300055 3.559336020081051 6.74499992
v 18.53300055 3.531193517851335 6.083478017097645
v 18.53300055 3.4684999099999994 5.973183151169593
v 18.53300055 3.4684999099999994 5.42700014
v 18.53300055 3.4684999099999994 5.42700014
v 18.53300055 3.2914686217075237 5.42700014
v 18.53300055 3.308892939305668 4.30500002
v 18.53300055 4.912500149999999 4.30500002
v 18.53300055 4.912500149999999 4.14500009
v 18.53300055 5.21250005 4.14500009
v 18.53300055 5.21250005 4.14500009
v 18.53300055 5.212500049999999 3.98500017
v 18.53300055 5.7785 3.98500017
v 18.53300055 3.4684999099999994 5.42700014
v 18.53300055 5.7785 5.129233985797663
v 18.53300055 3.531193517851335 6.083478017097645
v 18.53300055 3.4684999099999994 5.42700014
v 18.53300055 3.308892939305668 4.30500002
v 18.53300055 4.912500149999999 4.30500002
v 18.53300055 5.7785 5.129233985797663
v 18.53300055 5.21250005 4.14500009
v 18.53300055 5.7785 3.98500017
v 18.53300055 4.912500149999999 4.30500002
v 18.53300055 5.7785 5.129233985797663
v 18.53300055 3.4684999099999994 5.42700014
v 18.53300055 5.21250005 4.14500009
v 18.53300055 5.7785 5.129233985797663
v 18.53300055 4.912500149999999 4.30500002
v 18.53300055 0.49449999999999983 6.44699989
v 18.53300055 0.6779384662192991 6.44699989
v 18.53300055 0.5498518548968003 6.74499992
v 18.53300055 -0.43950001000000005 6.44699989
v 18.53300055 -1.309831552012278 6.74499992
v 18.53300055 -1.3171830841011472 6.44699989
v 18.53300055 -0.4395000100000005 5.42700014
v 18.53300055 -1.3423460375839442 5.42700014
v 18.53300055 -1.370025296159501 4.30500002
v 18.53300055 0.4945000000000002 5.42700014
v 18.53300055 0.7957997493478073 4.30500002
v 18.53300055 1.0287308636229393 5.42700014
v 18.53300055 -1.309831552012278 6.74499992
v 18.53300055 -0.43950001000000005 6.44699989
v 18.53300055 0.5498518548968003 6.74499992
v 18.53300055 -0.4395000100000005 5.42700014
v 18.53300055 0.7957997493478073 4.30500002
v 18.53300055 0.4945000000000002 5.42700014
v 18.53300055 0.49449999999999983 6.44699989
v 18.53300055 0.5498518548968003 6.74499992
v 18.53300055 -0.43950001000000005 6.44699989
v 18.53300055 0.7957997493478073 4.30500002
v 18.53300055 -0.4395000100000005 5.42700014
v 18.53300055 -1.370025296159501 4.30500002
v 18.53300055 -0.4395000100000005 5.42700014
v 18.53300055 0.49449999999999983 6.44699989
v 18.53300055 -0.43950001000000005 6.44699989
v 18.53300055 0.49449999999999983 6.44699989
v 18.53300055 -0.4395000100000005 5.42700014
v 18.53300055 0.4945000000000002 5.42700014
v 18.53300055 2.4484999599999995 5.42700014
v 18.53300055 2.44849996 5.621240066337378
v 18.53300055 1.5144999999999995 5.583125574594907
v 18.53300055 1.5144999999999993 5.42700014
v 18.53300055 1.0287308636229393 5.42700014
v 18.53300055 0.7957997493478073 4.30500002
v 18.53300055 2.4484999599999995 5.42700014
v 18.53300055 3.308892939305668 4.30500002
v 18.53300055 3.2914686217075237 5.42700014
v 18.53300055 2.4484999599999995 5.42700014
v 18.53300055 1.5144999999999995 5.583125574594907
v 18.53300055 1.5144999999999993 5.42700014
v 18.53300055 3.308892939305668 4.30500002
v 18.53300055 2.4484999599999995 5.42700014
v 18.53300055 0.7957997493478073 4.30500002
v 18.53300055 2.4484999599999995 5.42700014
v 18.53300055 1.5144999999999993 5.42700014
v 18.53300055 0.7957997493478073 4.30500002
v 18.53300055 -1.4594999600000014 6.44699989
v 18.53300055 -1.3171830841011472 6.44699989
v 18.53300055 -1.309831552012278 6.74499992
v 18.53300055 -1.4594999600000018 5.427000139999999
v 18.53300055 -2.3935000300000002 5.42700014
v 18.53300055 -1.370025296159501 4.30500002
v 18.53300055 -1.370025296159501 4.30500002
v 18.53300055 -1.3423460375839442 5.42700014
v 18.53300055 -1.4594999600000018 5.427000139999999
v 18.53300055 -2.39350003 6.446999890000001
v 18.53300055 -3.7653067312314836 6.74499992
v 18.53300055 -3.4135001700000003 6.446999890000001
v 18.53300055 -3.7902980094265244 4.305000019999999
v 18.53300055 -1.370025296159501 4.30500002
v 18.53300055 -2.3935000300000002 5.42700014
v 18.53300055 -2.3935000300000002 5.42700014
v 18.53300055 -1.4594999600000018 5.427000139999999
v 18.53300055 -2.39350003 6.446999890000001
v 18.53300055 -3.7902980094265244 4.305000019999999
v 18.53300055 -2.3935000300000002 5.42700014
v 18.53300055 -3.4135001700000007 5.4270001400000005
v 18.53300055 -2.39350003 6.446999890000001
v 18.53300055 -1.4594999600000018 5.427000139999999
v 18.53300055 -1.4594999600000014 6.44699989
v 18.53300055 -3.7653067312314836 6.74499992
v 18.53300055 -3.7902980094265244 4.305000019999999
v 18.53300055 -3.4135001700000007 5.4270001400000005
v 18.53300055 -1.309831552012278 6.74499992
v 18.53300055 -2.39350003 6.446999890000001
v 18.53300055 -1.4594999600000014 6.44699989
v 18.53300055 -3.7653067312314836 6.74499992
v 18.53300055 -3.4135001700000007 5.4270001400000005
v 18.53300055 -3.4135001700000003 6.446999890000001
v 18.53300055 -3.7653067312314836 6.74499992
v 18.53300055 -2.39350003 6.446999890000001
v 18.53300055 -1.309831552012278 6.74499992
v 18.53300055 -5.25849996 4.145000089999999
v 18.53300055 -6.235500010000001 6.74499992
v 18.53300055 -6.23550001 3.98500017
v 18.53300055 -6.23550001 3.98500017
v 18.53300055 -5.258499960000001 3.9850001699999997
v 18.53300055 -5.25849996 4.145000089999999
v 18.53300055 -5.25849996 4.145000089999999
v 18.53300055 -4.95850005 4.14500009
v 18.53300055 -4.95850005 4.30500002
v 18.53300055 -4.95850005 4.30500002
v 18.53300055 -3.7902980094265244 4.305000019999999
v 18.53300055 -3.7653067312314836 6.74499992
v 18.53300055 -4.95850005 4.30500002
v 18.53300055 -6.235500010000001 6.74499992
v 18.53300055 -5.25849996 4.145000089999999
v 18.53300055 -6.235500010000001 6.74499992
v 18.53300055 -4.95850005 4.30500002
v 18.53300055 -3.7653067312314836 6.74499992
v 15.63099939 -6.23550001 6.74499992
v 15.63099939 -5.78850016 4.14500009
v 15.63099939 -6.23550001 4.14500009
v 15.63099939 -5.78850016 4.14500009
v 15.63099939 -6.23550001 6.74499992
v 15.63099939 -5.78850016 6.74499992
v 14.60999969 -5.93849992 4.14500009
v 14.60999969 -6.91850018 6.74499992
v 14.60999969 -6.91850018 4.14500009
v 14.60999969 -5.93849992 4.14500009
v 14.60999969 -5.938499920000001 3.9850001699999993
v 14.60999969 -5.78850016 3.9850001699999993
v 14.60999969 -6.91850018 6.74499992
v 14.60999969 -5.93849992 4.14500009
v 14.60999969 -5.78850016 6.74499992
v 14.60999969 -5.93849992 4.14500009
v 14.60999969 -5.78850016 3.9850001699999993
v 14.60999969 -5.78850016 6.74499992
v 0.8236749907105098 -6.91850018 6.74499992
v -0.94600001 -6.91850018 6.74499992
v -0.9460000099999999 -6.91850018 4.14500009
v -0.9460000099999999 -6.91850018 4.14500009
v 0.9804905635288093 -6.91850018 4.14500009
v 0.8236749907105098 -6.91850018 6.74499992
v 2.969853930974379 -6.91850018 5.750680007017623
v 4.718340179726965 -6.91850018 5.167811423465387
v 5.410244262855783 -6.91850018 6.74499992
v 5.410244262855783 -6.91850018 6.74499992
v 2.7087274425595784 -6.91850018 6.74499992
v 2.969853930974379 -6.91850018 5.750680007017623
v 4.718340179726965 -6.91850018 5.167811423465387
v 2.969853930974379 -6.91850018 5.750680007017623
v 2.300404100031903 -6.91850018 4.14500009
v 2.300404100031903 -6.91850018 4.14500009
v 4.976952526297906 -6.91850018 4.145000089999999
v 4.718340179726965 -6.91850018 5.167811423465387
v 0.9804905635288093 -6.91850018 4.14500009
v 2.300404100031903 -6.91850018 4.14500009
v 2.969853930974379 -6.91850018 5.750680007017623
v 2.969853930974379 -6.91850018 5.750680007017623
v 2.7087274425595784 -6.91850018 6.74499992
v 0.8236749907105098 -6.91850018 6.74499992
v 0.8236749907105098 -6.91850018 6.74499992
v 0.9804905635288093 -6.91850018 4.14500009
v 2.969853930974379 -6.91850018 5.750680007017623
v 4.718340179726965 -6.91850018 5.167811423465387
v 4.976952526297906 -6.91850018 4.145000089999999
v 6.622699359418942 -6.91850018 4.14500009
v 5.410244262855783 -6.91850018 6.74499992
v 6.975153521204343 -6.91850018 5.373986827222698
v 6.404330101196192 -6.91850018 6.74499992
v 6.975153521204343 -6.91850018 5.373986827222698
v 5.410244262855783 -6.91850018 6.74499992
v 4.718340179726965 -6.91850018 5.167811423465387
v 6.975153521204343 -6.91850018 5.373986827222698
v 4.718340179726965 -6.91850018 5.167811423465387
v 6.622699359418942 -6.91850018 4.14500009
v 6.404330101196192 -6.91850018 6.74499992
v 8.707533017468068 -6.91850018 5.53286991944314
v 9.126306515486043 -6.91850018 6.74499992
v 8.707533017468068 -6.91850018 5.53286991944314
v 6.404330101196192 -6.91850018 6.74499992
v 6.975153521204343 -6.91850018 5.373986827222698
v 9.202686099847337 -6.91850018 4.14500009
v 6.975153521204343 -6.91850018 5.373986827222698
v 6.622699359418942 -6.91850018 4.14500009
v 6.975153521204343 -6.91850018 5.373986827222698
v 9.202686099847337 -6.91850018 4.14500009
v 8.707533017468068 -6.91850018 5.53286991944314
v 10.419188440819543 -6.91850018 6.74499992
v 12.632683919360309 -6.91850018 5.520999343992218
v 13.041117369573781 -6.91850018 6.74499992
v 12.632683919360309 -6.91850018 5.520999343992218
v 10.419188440819543 -6.91850018 6.74499992
v 10.923358628829735 -6.91850018 5.363762859835303
v 10.923358628829735 -6.91850018 5.363762859835303
v 9.202686099847337 -6.91850018 4.14500009
v 10.507028248937598 -6.91850018 4.145000089999999
v 8.707533017468068 -6.91850018 5.53286991944314
v 10.923358628829735 -6.91850018 5.363762859835303
v 10.419188440819543 -6.91850018 6.74499992
v 10.419188440819543 -6.91850018 6.74499992
v 9.126306515486043 -6.91850018 6.74499992
v 8.707533017468068 -6.91850018 5.53286991944314
v 9.202686099847337 -6.91850018 4.14500009
v 10.923358628829735 -6.91850018 5.363762859835303
v 8.707533017468068 -6.91850018 5.53286991944314
v 13.155192245113378 -6.91850018 4.14500009
v 10.923358628829735 -6.91850018 5.363762859835303
v 10.507028248937598 -6.91850018 4.145000089999999
v 10.923358628829735 -6.91850018 5.363762859835303
v 13.155192245113378 -6.91850018 4.14500009
v 12.632683919360309 -6.91850018 5.520999343992218
v 12.632683919360309 -6.91850018 5.520999343992218
v 13.155192245113378 -6.91850018 4.14500009
v 14.609999690000002 -6.91850018 4.14500009
v 12.632683919360309 -6.91850018 5.520999343992218
v 14.609999690000002 -6.91850018 6.74499992
v 13.041117369573781 -6.91850018 6.74499992
v 14.609999690000002 -6.91850018 6.74499992
v 12.632683919360309 -6.91850018 5.520999343992218
v 14.609999690000002 -6.91850018 4.14500009
v -0.9460000100000003 -5.78850016 3.9850001700000006
v -2.21200006 -5.78850016 6.74499992
v -2.2120000600000003 -5.78850016 3.985000170000001
v -2.21200006 -5.78850016 6.74499992
v -0.9460000100000003 -5.78850016 3.9850001700000006
v -0.9460000100000001 -5.78850016 6.74499992
v -0.94600001 -5.93849992 4.14500009
v -0.94600001 -5.78850016 3.98500017
v -0.94600001 -5.93849992 3.9850001699999997
v -0.94600001 -5.93849992 4.14500009
v -0.94600001 -6.9185001800000006 4.14500009
v -0.94600001 -6.91850018 6.74499992
v -0.94600001 -5.78850016 3.98500017
v -0.94600001 -5.93849992 4.14500009
v -0.94600001 -5.78850016 6.74499992
v -0.94600001 -5.93849992 4.14500009
v -0.94600001 -6.91850018 6.74499992
v -0.94600001 -5.78850016 6.74499992
v 17.20199962 6.60949966 6.10800004
v 15.63099939 6.60949966 6.74499992
v 18.53300055 6.60949966 6.74499992
v 18.53300055 6.60949966 6.74499992
v 18.53300055 6.60949966 6.10800004
v 17.20199962 6.60949966 6.10800004
v 17.20199962 6.60949966 6.10800004
v 17.20199962 6.60949966 5.3121098608481185
v 15.63099939 6.60949966 5.950812239370087
v 15.63099939 6.60949966 6.74499992
v 17.20199962 6.60949966 6.10800004
v 15.63099939 6.60949966 5.950812239370087
v 17.20199962 6.60949966 5.3121098608481185
v 17.20199962 6.60949966 3.9850001699999993
v 15.63099939 6.60949966 3.9850001699999997
v 15.63099939 6.60949966 3.9850001699999997
v 15.63099939 6.60949966 5.950812239370087
v 17.20199962 6.60949966 5.3121098608481185
v 18.53300055 2.4484999600000004 5.42700014
v 18.53300055 3.46849991 6.44699989
v 18.53300055 2.44849996 6.446999890000001
v 18.53300055 3.46849991 6.44699989
v 18.53300055 2.4484999600000004 5.42700014
v 18.53300055 3.46849991 5.427000139999999
v 18.53300055 0.49449999999999994 5.42700014
v 18.53300055 1.5145 6.44699989
v 18.53300055 0.49449999999999983 6.44699989
v 18.53300055 1.5145 6.44699989
v 18.53300055 0.49449999999999994 5.42700014
v 18.53300055 1.5145 5.42700014
v 18.53300055 -1.45949996 5.42700014
v 18.53300055 -0.43950001 6.44699989
v 18.53300055 -1.45949996 6.44699989
v 18.53300055 -0.43950001 6.44699989
v 18.53300055 -1.45949996 5.42700014
v 18.53300055 -0.43950000999999994 5.427000139999999
v 18.53300055 -3.41350017 5.42700014
v 18.53300055 -2.39350003 6.44699989
v 18.53300055 -3.41350017 6.44699989
v 18.53300055 -2.39350003 6.44699989
v 18.53300055 -3.41350017 5.42700014
v 18.53300055 -2.3935000299999993 5.42700014
v 18.83299929 5.7785 3.98500017
v 18.83299929 6.90949996 6.10800004
v 18.83299929 5.778499999999999 6.10800004
v 18.83299929 6.90949996 6.10800004
v 18.83299929 5.7785 3.98500017
v 18.83299929 6.90949996 3.9850001699999997
v 18.83299929 5.7785 6.10800004
v 18.53300055 5.7785 6.10800004
v 18.53300055 5.7785 3.98500017
v 18.53300055 5.7785 3.98500017
v 18.83299929 5.7785 3.9850001699999997
v 18.83299929 5.7785 6.10800004
v 18.53300055 6.60949966 6.10800004
v 18.53300055 5.7785 6.10800004
v 18.83299929 5.7785 6.10800004
v 18.53300055 6.60949966 6.10800004
v 17.20199962 6.90949996 6.10800004
v 17.20199962 6.60949966 6.10800004
v 18.53300055 6.60949966 6.10800004
v 18.83299929 5.7785 6.10800004
v 18.83299929 6.90949996 6.10800004
v 17.20199962 6.90949996 6.10800004
v 18.53300055 6.60949966 6.10800004
v 18.83299929 6.90949996 6.10800004
v 17.20199962 6.90949996 3.98500017
v 18.83299929 6.90949996 6.10800004
v 18.83299929 6.90949996 3.9850001699999997
v 18.83299929 6.90949996 6.10800004
v 17.20199962 6.90949996 3.98500017
v 17.20199962 6.90949996 6.10800004
v 17.20199962 6.90949996 6.10800004
v 17.20199962 6.90949996 3.98500017
v 17.20199962 6.60949966 3.98500017
v 17.20199962 6.60949966 3.98500017
v 17.20199962 6.60949966 6.10800004
v 17.20199962 6.90949996 6.10800004
v 13.19199943 -5.93849992 4.14500009
v 13.19199943 -5.78850016 3.98500017
v 13.19199943 -5.93849992 3.98500017
v 13.19199943 -5.78850016 5.4149714249724195
v 13.19199943 -5.93849992 4.14500009
v 13.19199943 -5.93849992 5.413505982504079
v 13.19199943 -5.93849992 4.14500009
v 13.19199943 -5.78850016 5.4149714249724195
v 13.19199943 -5.78850016 3.98500017
v 13.19199943 -5.78850016 5.4149714249724195
v 13.19199943 -5.93849992 6.74499992
v 13.19199943 -5.78850016 6.744999919999999
v 13.19199943 -5.93849992 6.74499992
v 13.19199943 -5.78850016 5.4149714249724195
v 13.19199943 -5.93849992 5.413505982504079
v 13.04199928 -5.78850016 4.98499998
v 13.04199928 -5.78850016 3.98500017
v 13.19199943 -5.78850016 3.9850001700000006
v 13.04199928 -5.78850016 4.98499998
v 13.19199943 -5.78850016 5.328488999019142
v 13.04199928 -5.78850016 5.328482453039707
v 13.19199943 -5.78850016 5.328488999019142
v 13.04199928 -5.78850016 4.98499998
v 13.19199943 -5.78850016 3.9850001700000006
v 13.19199943 -5.78850016 5.328488999019142
v 13.19199943 -5.78850016 6.74499992
v 13.041999279999999 -5.78850016 6.74499992
v 13.041999279999999 -5.78850016 6.74499992
v 13.04199928 -5.78850016 5.328482453039707
v 13.19199943 -5.78850016 5.328488999019142
v 13.04199928 -5.93849992 5.815714860447696
v 13.04199928 -5.78850016 6.74499992
v 13.04199928 -5.93849992 6.74499992
v 13.04199928 -5.78850016 6.74499992
v 13.04199928 -5.93849992 5.815714860447696
v 13.04199928 -5.78850016 5.81330098392618
v 13.04199928 -5.78850016 5.81330098392618
v 13.04199928 -5.93849992 4.98499998
v 13.04199928 -5.78850016 4.9849999799999996
v 13.04199928 -5.93849992 4.98499998
v 13.04199928 -5.78850016 5.81330098392618
v 13.04199928 -5.93849992 5.815714860447696
v 13.04199928 -5.93849992 5.457328468015914
v 13.04199928 -5.93849992 6.74499992
v 13.19199943 -5.93849992 6.74499992
v 13.19199943 -5.93849992 6.74499992
v 13.19199943 -5.93849992 5.455431362073507
v 13.04199928 -5.93849992 5.457328468015914
v 13.04199928 -5.93849992 4.984999980000001
v 13.19199943 -5.93849992 4.14500009
v 13.04199928 -5.93849992 4.14500009
v 13.19199943 -5.93849992 5.455431362073507
v 13.04199928 -5.93849992 4.984999980000001
v 13.04199928 -5.93849992 5.457328468015914
v 13.19199943 -5.93849992 4.14500009
v 13.04199928 -5.93849992 4.984999980000001
v 13.19199943 -5.93849992 5.455431362073507
v 11.42700018 -5.93849992 5.852145137120808
v 11.42700018 -5.78850016 4.98499998
v 11.42700018 -5.93849992 4.98499998
v 11.42700018 -5.78850016 4.98499998
v 11.42700018 -5.93849992 5.852145137120808
v 11.42700018 -5.78850016 5.854785392029877
v 11.42700018 -5.78850016 5.854785392029877
v 11.42700018 -5.93849992 6.74499992
v 11.42700018 -5.78850016 6.74499992
v 11.42700018 -5.93849992 6.74499992
v 11.42700018 -5.78850016 5.854785392029877
v 11.42700018 -5.93849992 5.852145137120808
v 11.42700018 -5.78850016 5.347596232229026
v 11.42700018 -5.78850016 6.74499992
v 11.27700004 -5.78850016 6.74499992
v 11.27700004 -5.78850016 6.74499992
v 11.27700004 -5.78850016 5.347238893578347
v 11.42700018 -5.78850016 5.347596232229026
v 11.42700018 -5.78850016 3.98500017
v 11.27700004 -5.78850016 4.98499998
v 11.27700004 -5.78850016 3.98500017
v 11.27700004 -5.78850016 4.98499998
v 11.42700018 -5.78850016 3.98500017
v 11.42700018 -5.78850016 4.98499998
v 11.42700018 -5.78850016 4.98499998
v 11.42700018 -5.78850016 5.347596232229026
v 11.27700004 -5.78850016 5.347238893578347
v 11.27700004 -5.78850016 4.98499998
v 11.42700018 -5.78850016 4.98499998
v 11.27700004 -5.78850016 5.347238893578347
v 11.27700004 -5.93849992 5.815714860447696
v 11.27700004 -5.78850016 6.74499992
v 11.27700004 -5.93849992 6.74499992
v 11.27700004 -5.78850016 6.74499992
v 11.27700004 -5.93849992 5.815714860447696
v 11.27700004 -5.78850016 5.81330098392618
v 11.27700004 -5.78850016 5.81330098392618
v 11.27700004 -5.93849992 4.98499998
v 11.27700004 -5.78850016 4.9849999799999996
v 11.27700004 -5.93849992 4.98499998
v 11.27700004 -5.78850016 5.81330098392618
v 11.27700004 -5.93849992 5.815714860447696
v 11.27700004 -5.93849992 5.381047299419647
v 11.27700004 -5.93849992 6.74499992
v 11.42700018 -5.93849992 6.74499992
v 11.42700018 -5.93849992 6.74499992
v 11.42700018 -5.93849992 5.380685902290698
v 11.27700004 -5.93849992 5.381047299419647
v 11.27700004 -5.93849992 4.98499998
v 11.42700018 -5.93849992 4.98499998
v 11.42700018 -5.93849992 4.14500009
v 11.42700018 -5.93849992 4.14500009
v 11.27700004 -5.93849992 4.14500009
v 11.27700004 -5.93849992 4.98499998
v 11.27700004 -5.93849992 4.98499998
v 11.27700004 -5.93849992 5.381047299419647
v 11.42700018 -5.93849992 5.380685902290698
v 11.42700018 -5.93849992 4.98499998
v 11.27700004 -5.93849992 4.98499998
v 11.42700018 -5.93849992 5.380685902290698
v 9.65599976 -5.78850016 5.314084197740101
v 9.65599976 -5.78850016 6.74499992
v 9.50600038 -5.78850016 6.74499992
v 9.50600038 -5.78850016 6.74499992
v 9.50600038 -5.78850016 5.313681924903822
v 9.65599976 -5.78850016 5.314084197740101
v 9.65599976 -5.78850016 3.98500017
v 9.50600038 -5.78850016 4.98499998
v 9.50600038 -5.78850016 3.9850001700000006
v 9.50600038 -5.78850016 4.98499998
v 9.65599976 -5.78850016 3.98500017
v 9.65599976 -5.78850016 4.98499998
v 9.65599976 -5.78850016 4.98499998
v 9.65599976 -5.78850016 5.314084197740101
v 9.50600038 -5.78850016 5.313681924903822
v 9.50600038 -5.78850016 4.98499998
v 9.65599976 -5.78850016 4.98499998
v 9.50600038 -5.78850016 5.313681924903822
v 9.50600038 -5.93849992 5.877854762879192
v 9.50600038 -5.78850016 6.74499992
v 9.50600038 -5.93849992 6.74499992
v 9.50600038 -5.78850016 6.74499992
v 9.50600038 -5.93849992 5.877854762879192
v 9.50600038 -5.78850016 5.8752145079701235
v 9.50600038 -5.78850016 5.8752145079701235
v 9.50600038 -5.93849992 4.98499998
v 9.50600038 -5.78850016 4.9849999799999996
v 9.50600038 -5.93849992 4.98499998
v 9.50600038 -5.78850016 5.8752145079701235
v 9.50600038 -5.93849992 5.877854762879192
v 9.50600038 -5.93849992 5.381047172654675
v 9.50600038 -5.93849992 6.74499992
v 9.65599976 -5.93849992 6.74499992
v 9.65599976 -5.93849992 6.74499992
v 9.65599976 -5.93849992 5.380685841662545
v 9.50600038 -5.93849992 5.381047172654675
v 9.65599976 -5.93849992 4.98499998
v 9.65599976 -5.93849992 4.14500009
v 9.50600038 -5.93849992 4.14500009
v 9.65599976 -5.93849992 5.380685841662545
v 9.50600038 -5.93849992 4.98499998
v 9.50600038 -5.93849992 5.381047172654675
v 9.50600038 -5.93849992 4.98499998
v 9.65599976 -5.93849992 5.380685841662545
v 9.65599976 -5.93849992 4.98499998
v 9.50600038 -5.93849992 4.98499998
v 9.65599976 -5.93849992 4.98499998
v 9.50600038 -5.93849992 4.14500009
v 6.09099992 -5.93849992 4.14500009
v 6.09099992 -5.78850016 3.98500017
v 6.09099992 -5.93849992 3.98500017
v 6.09099992 -5.78850016 5.35236769587102
v 6.09099992 -5.93849992 4.14500009
v 6.09099992 -5.93849992 5.35090225340268
v 6.09099992 -5.93849992 4.14500009
v 6.09099992 -5.78850016 5.35236769587102
v 6.09099992 -5.78850016 3.98500017
v 6.09099992 -5.78850016 5.35236769587102
v 6.09099992 -5.93849992 6.74499992
v 6.09099992 -5.78850016 6.744999919999999
v 6.09099992 -5.93849992 6.74499992
v 6.09099992 -5.78850016 5.35236769587102
v 6.09099992 -5.93849992 5.35090225340268
v 5.94100016 -5.78850016 4.98499998
v 5.94100016 -5.78850016 3.98500017
v 6.09099992 -5.78850016 3.98500017
v 5.94100016 -5.78850016 4.98499998
v 6.09099992 -5.78850016 5.32848898061242
v 5.94100016 -5.78850016 5.328482401651113
v 6.09099992 -5.78850016 5.32848898061242
v 5.94100016 -5.78850016 4.98499998
v 6.09099992 -5.78850016 3.98500017
v 6.09099992 -5.78850016 5.32848898061242
v 6.09099992 -5.78850016 6.74499992
v 5.94100016 -5.78850016 6.74499992
v 5.94100016 -5.78850016 6.74499992
v 5.94100016 -5.78850016 5.328482401651113
v 6.09099992 -5.78850016 5.32848898061242
v 5.94100016 -5.93849992 5.877854762879192
v 5.94100016 -5.78850016 6.74499992
v 5.94100016 -5.93849992 6.74499992
v 5.94100016 -5.78850016 6.74499992
v 5.94100016 -5.93849992 5.877854762879192
v 5.94100016 -5.78850016 5.8752145079701235
v 5.94100016 -5.78850016 5.8752145079701235
v 5.94100016 -5.93849992 4.98499998
v 5.94100016 -5.78850016 4.9849999799999996
v 5.94100016 -5.93849992 4.98499998
v 5.94100016 -5.78850016 5.8752145079701235
v 5.94100016 -5.93849992 5.877854762879192
v 5.94100016 -5.93849992 5.457328425641657
v 5.94100016 -5.93849992 6.74499992
v 6.09099992 -5.93849992 6.74499992
v 6.09099992 -5.93849992 6.74499992
v 6.09099992 -5.93849992 5.455431347060633
v 5.94100016 -5.93849992 5.457328425641657
v 5.94100016 -5.93849992 4.98499998
v 6.09099992 -5.93849992 4.14500009
v 5.94100016 -5.93849992 4.14500009
v 6.09099992 -5.93849992 5.455431347060633
v 5.94100016 -5.93849992 4.98499998
v 5.94100016 -5.93849992 5.457328425641657
v 6.09099992 -5.93849992 4.14500009
v 5.94100016 -5.93849992 4.98499998
v 6.09099992 -5.93849992 5.455431347060633
v 7.87300006 -5.78850016 5.3164744487025075
v 7.87300006 -5.78850016 6.74499992
v 7.72299991 -5.78850016 6.74499992
v 7.72299991 -5.78850016 6.74499992
v 7.72299991 -5.78850016 5.31500898128874
v 7.87300006 -5.78850016 5.3164744487025075
v 7.87300006 -5.78850016 4.98499998
v 7.72299991 -5.78850016 3.98500017
v 7.87300006 -5.78850016 3.98500017
v 7.72299991 -5.78850016 5.31500898128874
v 7.87300006 -5.78850016 4.98499998
v 7.87300006 -5.78850016 5.3164744487025075
v 7.72299991 -5.78850016 3.98500017
v 7.87300006 -5.78850016 4.98499998
v 7.72299991 -5.78850016 5.31500898128874
v 7.72299991 -5.93849992 5.37909783659732
v 7.72299991 -5.78850016 6.74499992
v 7.72299991 -5.93849992 6.74499992
v 7.72299991 -5.78850016 6.74499992
v 7.72299991 -5.93849992 5.37909783659732
v 7.72299991 -5.78850016 5.377632394128979
v 7.72299991 -5.93849992 4.14500009
v 7.72299991 -5.93849992 3.98500017
v 7.72299991 -5.78850016 3.98500017
v 7.72299991 -5.93849992 4.14500009
v 7.72299991 -5.78850016 5.377632394128979
v 7.72299991 -5.93849992 5.37909783659732
v 7.72299991 -5.78850016 5.377632394128979
v 7.72299991 -5.93849992 4.14500009
v 7.72299991 -5.78850016 3.98500017
v 7.87300006 -5.93849992 4.98499998
v 7.87300006 -5.93849992 4.145000090000001
v 7.72299991 -5.93849992 4.14500009
v 7.87300006 -5.93849992 4.98499998
v 7.72299991 -5.93849992 5.377351217264562
v 7.87300006 -5.93849992 5.377712615263737
v 7.72299991 -5.93849992 5.377351217264562
v 7.87300006 -5.93849992 4.98499998
v 7.72299991 -5.93849992 4.14500009
v 7.87300006 -5.93849992 5.377712615263737
v 7.72299991 -5.93849992 6.74499992
v 7.87300006 -5.93849992 6.74499992
v 7.72299991 -5.93849992 6.74499992
v 7.87300006 -5.93849992 5.377712615263737
v 7.72299991 -5.93849992 5.377351217264562
v 4.31600012 -5.78850016 5.347596232229026
v 4.31600012 -5.78850016 6.74499992
v 4.16599998 -5.78850016 6.74499992
v 4.16599998 -5.78850016 6.74499992
v 4.16599998 -5.78850016 5.347238893578347
v 4.31600012 -5.78850016 5.347596232229026
v 4.31600012 -5.78850016 4.98499998
v 4.16599998 -5.78850016 4.98499998
v 4.16599998 -5.78850016 3.9850001699999997
v 4.16599998 -5.78850016 3.9850001699999997
v 4.31600012 -5.78850016 3.9850001699999997
v 4.31600012 -5.78850016 4.98499998
v 4.31600012 -5.78850016 4.98499998
v 4.31600012 -5.78850016 5.347596232229026
v 4.16599998 -5.78850016 5.347238893578347
v 4.16599998 -5.78850016 4.98499998
v 4.31600012 -5.78850016 4.98499998
v 4.16599998 -5.78850016 5.347238893578347
v 4.16599998 -5.93849992 5.381047299419648
v 4.16599998 -5.93849992 6.74499992
v 4.31600012 -5.93849992 6.74499992
v 4.31600012 -5.93849992 6.74499992
v 4.31600012 -5.93849992 5.380685902290698
v 4.16599998 -5.93849992 5.381047299419648
v 4.16599998 -5.93849992 4.98499998
v 4.31600012 -5.93849992 4.98499998
v 4.31600012 -5.93849992 4.14500009
v 4.31600012 -5.93849992 4.14500009
v 4.16599998 -5.93849992 4.14500009
v 4.16599998 -5.93849992 4.98499998
v 4.16599998 -5.93849992 4.98499998
v 4.16599998 -5.93849992 5.381047299419648
v 4.31600012 -5.93849992 5.380685902290698
v 4.31600012 -5.93849992 4.98499998
v 4.16599998 -5.93849992 4.98499998
v 4.31600012 -5.93849992 5.380685902290698
v 2.55299998 -5.93849992 5.852145137120808
v 2.55299998 -5.78850016 4.98499998
v 2.55299998 -5.93849992 4.98499998
v 2.55299998 -5.78850016 4.98499998
v 2.55299998 -5.93849992 5.852145137120808
v 2.55299998 -5.78850016 5.854785392029877
v 2.55299998 -5.78850016 5.854785392029877
v 2.55299998 -5.93849992 6.74499992
v 2.55299998 -5.78850016 6.74499992
v 2.55299998 -5.93849992 6.74499992
v 2.55299998 -5.78850016 5.854785392029877
v 2.55299998 -5.93849992 5.852145137120808
v 2.55299998 -5.78850016 5.347596200542405
v 2.55299998 -5.78850016 6.74499992
v 2.40300003 -5.78850016 6.74499992
v 2.40300003 -5.78850016 6.74499992
v 2.4030000300000003 -5.78850016 5.34723887842085
v 2.55299998 -5.78850016 5.347596200542405
v 2.40300003 -5.78850016 4.9849999799999996
v 2.40300003 -5.78850016 3.9850001700000006
v 2.55299998 -5.78850016 3.98500017
v 2.4030000300000003 -5.78850016 5.34723887842085
v 2.55299998 -5.78850016 4.98499998
v 2.55299998 -5.78850016 5.347596200542405
v 2.55299998 -5.78850016 4.98499998
v 2.4030000300000003 -5.78850016 5.34723887842085
v 2.40300003 -5.78850016 4.9849999799999996
v 2.55299998 -5.78850016 4.98499998
v 2.40300003 -5.78850016 4.9849999799999996
v 2.55299998 -5.78850016 3.98500017
v 0.7770000100000001 -5.93849992 4.14500009
v 0.77700001 -5.93849992 4.98499998
v 2.40300003 -5.93849992 4.98499998
v 2.55299998 -5.93849992 4.98499998
v 2.40300003 -5.93849992 6.74499992
v 2.55299998 -5.93849992 6.74499992
v 2.40300003 -5.93849992 4.98499998
v 2.5529999800000005 -5.93849992 4.14500009
v 0.7770000100000001 -5.93849992 4.14500009
v 2.40300003 -5.93849992 6.74499992
v 2.55299998 -5.93849992 4.98499998
v 2.40300003 -5.93849992 4.98499998
v 2.5529999800000005 -5.93849992 4.14500009
v 2.40300003 -5.93849992 4.98499998
v 2.55299998 -5.93849992 4.98499998
v 0.77700001 -5.93849992 5.852145137120808
v 0.77700001 -5.78850016 4.98499998
v 0.77700001 -5.93849992 4.98499998
v 0.77700001 -5.78850016 4.98499998
v 0.77700001 -5.93849992 5.852145137120808
v 0.77700001 -5.78850016 5.854785392029877
v 0.77700001 -5.78850016 5.854785392029877
v 0.77700001 -5.93849992 6.74499992
v 0.77700001 -5.78850016 6.74499992
v 0.77700001 -5.93849992 6.74499992
v 0.77700001 -5.78850016 5.854785392029877
v 0.77700001 -5.93849992 5.852145137120808
v 0.627 -5.93849992 4.14500009
v 0.77700001 -5.93849992 4.98499998
v 0.77700001 -5.93849992 4.14500009
v 0.77700001 -5.93849992 4.98499998
v 0.627 -5.93849992 4.14500009
v 0.627 -5.93849992 5.377351212331035
v 0.77700001 -5.93849992 4.98499998
v 0.627 -5.93849992 5.377351212331035
v 0.77700001 -5.93849992 5.377712598147062
v 0.77700001 -5.93849992 5.377712598147062
v 0.627 -5.93849992 6.74499992
v 0.7770000100000001 -5.93849992 6.74499992
v 0.627 -5.93849992 6.74499992
v 0.77700001 -5.93849992 5.377712598147062
v 0.627 -5.93849992 5.377351212331035
v 0.627 -5.93849992 5.316494107495921
v 0.627 -5.78850016 6.74499992
v 0.627 -5.93849992 6.74499992
v 0.627 -5.78850016 6.74499992
v 0.627 -5.93849992 5.316494107495921
v 0.627 -5.78850016 5.31502866502758
v 0.627 -5.93849992 4.14500009
v 0.627 -5.93849992 3.98500017
v 0.627 -5.78850016 3.98500017
v 0.627 -5.93849992 4.14500009
v 0.627 -5.78850016 5.31502866502758
v 0.627 -5.93849992 5.316494107495921
v 0.627 -5.78850016 5.31502866502758
v 0.627 -5.93849992 4.14500009
v 0.627 -5.78850016 3.98500017
v 12.99900035 5.72650007 5.379078177890077
v 12.99900035 5.72650007 6.74499992
v 13.1490005 5.72650007 6.74499992
v 13.1490005 5.72650007 6.74499992
v 13.1490005 5.72650007 5.377612710476309
v 12.99900035 5.72650007 5.379078177890077
v 12.99900035 5.72650007 4.98499998
v 13.1490005 5.72650007 3.98500017
v 12.99900035 5.72650007 3.98500017
v 13.1490005 5.72650007 5.377612710476309
v 12.99900035 5.72650007 4.98499998
v 12.99900035 5.72650007 5.379078177890077
v 13.1490005 5.72650007 3.98500017
v 12.99900035 5.72650007 4.98499998
v 13.1490005 5.72650007 5.377612710476309
v 13.1490005 5.72650007 5.413505982504079
v 13.1490005 5.87649983 3.98500017
v 13.1490005 5.72650007 3.98500017
v 13.1490005 5.87649983 3.98500017
v 13.1490005 5.72650007 5.413505982504079
v 13.1490005 5.87649983 5.4149714249724195
v 13.1490005 5.87649983 5.4149714249724195
v 13.1490005 5.72650007 6.74499992
v 13.1490005 5.87649983 6.744999919999999
v 13.1490005 5.72650007 6.74499992
v 13.1490005 5.87649983 5.4149714249724195
v 13.1490005 5.72650007 5.413505982504079
v 13.1490005 5.87649983 5.332915969964257
v 13.1490005 5.87649983 6.74499992
v 12.99900035 5.87649983 6.74499992
v 12.99900035 5.87649983 6.74499992
v 12.99900035 5.87649983 5.331147526839339
v 13.1490005 5.87649983 5.332915969964257
v 12.99900035 5.87649983 4.9849999799999996
v 12.99900035 5.87649983 4.14500009
v 13.1490005 5.87649983 4.14500009
v 12.99900035 5.87649983 4.9849999799999996
v 13.1490005 5.87649983 5.332915969964257
v 12.99900035 5.87649983 5.331147526839339
v 13.1490005 5.87649983 5.332915969964257
v 12.99900035 5.87649983 4.9849999799999996
v 13.1490005 5.87649983 4.14500009
v 11.22600005 5.72650007 5.347596233896743
v 11.22600005 5.72650007 6.74499992
v 11.3760002 5.72650007 6.74499992
v 11.3760002 5.72650007 6.74499992
v 11.3760002 5.72650007 5.34723889437611
v 11.22600005 5.72650007 5.347596233896743
v 11.22600005 5.72650007 4.98499998
v 11.3760002 5.72650007 3.98500017
v 11.22600005 5.72650007 3.9850001699999997
v 11.3760002 5.72650007 5.34723889437611
v 11.22600005 5.72650007 4.98499998
v 11.22600005 5.72650007 5.347596233896743
v 11.22600005 5.72650007 4.98499998
v 11.3760002 5.72650007 5.34723889437611
v 11.3760002 5.72650007 4.98499998
v 11.3760002 5.72650007 3.98500017
v 11.22600005 5.72650007 4.98499998
v 11.3760002 5.72650007 4.98499998
v 11.3760002 5.72650007 5.914285039552303
v 11.3760002 5.87649983 4.98499998
v 11.3760002 5.72650007 4.98499998
v 11.3760002 5.87649983 4.98499998
v 11.3760002 5.72650007 5.914285039552303
v 11.3760002 5.87649983 5.91669891607382
v 11.3760002 5.87649983 5.91669891607382
v 11.3760002 5.72650007 6.74499992
v 11.3760002 5.87649983 6.74499992
v 11.3760002 5.72650007 6.74499992
v 11.3760002 5.87649983 5.91669891607382
v 11.3760002 5.72650007 5.914285039552303
v 11.3760002 5.87649983 5.3810473010876105
v 11.3760002 5.87649983 6.74499992
v 11.22600005 5.87649983 6.74499992
v 11.22600005 5.87649983 6.74499992
v 11.22600005 5.87649983 5.380685903088435
v 11.3760002 5.87649983 5.3810473010876105
v 11.3760002 5.87649983 4.98499998
v 11.22600005 5.87649983 4.14500009
v 11.3760002 5.87649983 4.145000089999999
v 11.22600005 5.87649983 5.380685903088435
v 11.3760002 5.87649983 4.98499998
v 11.3760002 5.87649983 5.3810473010876105
v 11.3760002 5.87649983 4.98499998
v 11.22600005 5.87649983 5.380685903088435
v 11.22600005 5.87649983 4.98499998
v 11.22600005 5.87649983 4.14500009
v 11.3760002 5.87649983 4.98499998
v 11.22600005 5.87649983 4.98499998
v 9.44999993 5.72650007 5.347596232229026
v 9.44999993 5.72650007 6.74499992
v 9.60000007 5.72650007 6.74499992
v 9.60000007 5.72650007 6.74499992
v 9.60000007 5.72650007 5.347238893578347
v 9.44999993 5.72650007 5.347596232229026
v 9.44999993 5.72650007 3.98500017
v 9.60000007 5.72650007 4.98499998
v 9.60000007 5.72650007 3.98500017
v 9.60000007 5.72650007 4.98499998
v 9.44999993 5.72650007 3.98500017
v 9.44999993 5.72650007 4.98499998
v 9.44999993 5.72650007 4.98499998
v 9.44999993 5.72650007 5.347596232229026
v 9.60000007 5.72650007 5.347238893578347
v 9.60000007 5.72650007 4.98499998
v 9.44999993 5.72650007 4.98499998
v 9.60000007 5.72650007 5.347238893578347
v 9.60000007 5.72650007 5.852145137120808
v 9.60000007 5.87649983 4.98499998
v 9.60000007 5.72650007 4.98499998
v 9.60000007 5.87649983 4.98499998
v 9.60000007 5.72650007 5.852145137120808
v 9.60000007 5.87649983 5.854785392029877
v 9.60000007 5.87649983 5.854785392029877
v 9.60000007 5.72650007 6.74499992
v 9.60000007 5.87649983 6.74499992
v 9.60000007 5.72650007 6.74499992
v 9.60000007 5.87649983 5.854785392029877
v 9.60000007 5.72650007 5.852145137120808
v 9.60000007 5.87649983 5.381047299419647
v 9.60000007 5.87649983 6.74499992
v 9.44999993 5.87649983 6.74499992
v 9.44999993 5.87649983 6.74499992
v 9.44999993 5.87649983 5.380685902290698
v 9.60000007 5.87649983 5.381047299419647
v 9.60000007 5.87649983 4.98499998
v 9.44999993 5.87649983 4.98499998
v 9.44999993 5.87649983 4.14500009
v 9.44999993 5.87649983 4.14500009
v 9.60000007 5.87649983 4.14500009
v 9.60000007 5.87649983 4.98499998
v 9.60000007 5.87649983 4.98499998
v 9.60000007 5.87649983 5.381047299419647
v 9.44999993 5.87649983 5.380685902290698
v 9.44999993 5.87649983 4.98499998
v 9.60000007 5.87649983 4.98499998
v 9.44999993 5.87649983 5.380685902290698
v 7.67299987 5.72650007 5.316494107495921
v 7.67299987 5.87649983 6.74499992
v 7.67299987 5.72650007 6.74499992
v 7.67299987 5.87649983 6.74499992
v 7.67299987 5.72650007 5.316494107495921
v 7.67299987 5.87649983 5.31502866502758
v 7.67299987 5.87649983 5.31502866502758
v 7.67299987 5.72650007 3.98500017
v 7.67299987 5.87649983 3.98500017
v 7.67299987 5.72650007 3.98500017
v 7.67299987 5.87649983 5.31502866502758
v 7.67299987 5.72650007 5.316494107495921
v 7.82300001 5.72650007 4.98499998
v 7.82300001 5.72650007 3.98500017
v 7.67299987 5.72650007 3.9850001699999997
v 7.82300001 5.72650007 4.98499998
v 7.67299987 5.72650007 5.328488998547177
v 7.82300001 5.72650007 5.328482451722051
v 7.67299987 5.72650007 5.328488998547177
v 7.82300001 5.72650007 4.98499998
v 7.67299987 5.72650007 3.9850001699999997
v 7.67299987 5.72650007 5.328488998547177
v 7.67299987 5.72650007 6.74499992
v 7.82300001 5.72650007 6.74499992
v 7.82300001 5.72650007 6.74499992
v 7.82300001 5.72650007 5.328482451722051
v 7.67299987 5.72650007 5.328488998547177
v 7.82300001 5.72650007 5.914285039552303
v 7.82300001 5.87649983 4.98499998
v 7.82300001 5.72650007 4.98499998
v 7.82300001 5.87649983 4.98499998
v 7.82300001 5.72650007 5.914285039552303
v 7.82300001 5.87649983 5.91669891607382
v 7.82300001 5.87649983 5.91669891607382
v 7.82300001 5.72650007 6.74499992
v 7.82300001 5.87649983 6.74499992
v 7.82300001 5.72650007 6.74499992
v 7.82300001 5.87649983 5.91669891607382
v 7.82300001 5.72650007 5.914285039552303
v 7.82300001 5.87649983 5.332915968879182
v 7.82300001 5.87649983 6.74499992
v 7.67299987 5.87649983 6.74499992
v 7.67299987 5.87649983 6.74499992
v 7.67299987 5.87649983 5.33114752644725
v 7.82300001 5.87649983 5.332915968879182
v 7.82300001 5.87649983 4.98499998
v 7.67299987 5.87649983 4.14500009
v 7.82300001 5.87649983 4.14500009
v 7.82300001 5.87649983 4.98499998
v 7.82300001 5.87649983 5.332915968879182
v 7.67299987 5.87649983 5.33114752644725
v 7.67299987 5.87649983 4.14500009
v 7.82300001 5.87649983 4.98499998
v 7.67299987 5.87649983 5.33114752644725
v 5.89200005 5.72650007 5.316474408442156
v 5.89200005 5.72650007 6.74499992
v 6.04199981 5.72650007 6.74499992
v 6.04199981 5.72650007 6.74499992
v 6.04199981 5.72650007 5.315008965973815
v 5.89200005 5.72650007 5.316474408442156
v 5.89200005 5.72650007 4.984999980000001
v 6.04199981 5.72650007 3.98500017
v 5.89200005 5.72650007 3.98500017
v 5.89200005 5.72650007 4.984999980000001
v 5.89200005 5.72650007 5.316474408442156
v 6.04199981 5.72650007 5.315008965973815
v 6.04199981 5.72650007 3.98500017
v 5.89200005 5.72650007 4.984999980000001
v 6.04199981 5.72650007 5.315008965973815
v 6.04199981 5.72650007 5.413505982504079
v 6.04199981 5.87649983 3.98500017
v 6.04199981 5.72650007 3.98500017
v 6.04199981 5.87649983 3.98500017
v 6.04199981 5.72650007 5.413505982504079
v 6.04199981 5.87649983 5.4149714249724195
v 6.04199981 5.87649983 5.4149714249724195
v 6.04199981 5.72650007 6.74499992
v 6.04199981 5.87649983 6.744999919999999
v 6.04199981 5.72650007 6.74499992
v 6.04199981 5.87649983 5.4149714249724195
v 6.04199981 5.72650007 5.413505982504079
v 5.89200005 5.87649983 4.98499998
v 5.89200005 5.87649983 4.145000089999999
v 6.04199981 5.87649983 4.14500009
v 5.89200005 5.87649983 4.98499998
v 6.04199981 5.87649983 5.377351203521131
v 5.89200005 5.87649983 5.3777125675815896
v 6.04199981 5.87649983 5.377351203521131
v 5.89200005 5.87649983 4.98499998
v 6.04199981 5.87649983 4.14500009
v 5.89200005 5.87649983 5.3777125675815896
v 6.04199981 5.87649983 6.74499992
v 5.89200005 5.87649983 6.74499992
v 6.04199981 5.87649983 6.74499992
v 5.89200005 5.87649983 5.3777125675815896
v 6.04199981 5.87649983 5.377351203521131
v 4.10899997 5.72650007 5.347596232229026
v 4.10899997 5.72650007 6.74499992
v 4.25900011 5.72650007 6.74499992
v 4.25900011 5.72650007 6.74499992
v 4.25900011 5.72650007 5.347238893578347
v 4.10899997 5.72650007 5.347596232229026
v 4.10899997 5.72650007 3.98500017
v 4.25900011 5.72650007 4.98499998
v 4.25900011 5.72650007 3.98500017
v 4.25900011 5.72650007 4.98499998
v 4.10899997 5.72650007 3.98500017
v 4.10899997 5.72650007 4.98499998
v 4.10899997 5.72650007 4.98499998
v 4.10899997 5.72650007 5.347596232229026
v 4.25900011 5.72650007 5.347238893578347
v 4.25900011 5.72650007 4.98499998
v 4.10899997 5.72650007 4.98499998
v 4.25900011 5.72650007 5.347238893578347
v 4.25900011 5.72650007 5.852145137120808
v 4.25900011 5.87649983 4.98499998
v 4.25900011 5.72650007 4.98499998
v 4.25900011 5.87649983 4.98499998
v 4.25900011 5.72650007 5.852145137120808
v 4.25900011 5.87649983 5.854785392029877
v 4.25900011 5.87649983 5.854785392029877
v 4.25900011 5.72650007 6.74499992
v 4.25900011 5.87649983 6.74499992
v 4.25900011 5.72650007 6.74499992
v 4.25900011 5.87649983 5.854785392029877
v 4.25900011 5.72650007 5.852145137120808
v 4.25900011 5.87649983 5.381047299419647
v 4.25900011 5.87649983 6.74499992
v 4.10899997 5.87649983 6.74499992
v 4.10899997 5.87649983 6.74499992
v 4.10899997 5.87649983 5.380685902290698
v 4.25900011 5.87649983 5.381047299419647
v 4.25900011 5.87649983 4.98499998
v 4.10899997 5.87649983 4.98499998
v 4.10899997 5.87649983 4.14500009
v 4.10899997 5.87649983 4.14500009
v 4.25900011 5.87649983 4.14500009
v 4.25900011 5.87649983 4.98499998
v 4.25900011 5.87649983 4.98499998
v 4.25900011 5.87649983 5.381047299419647
v 4.10899997 5.87649983 5.380685902290698
v 4.10899997 5.87649983 4.98499998
v 4.25900011 5.87649983 4.98499998
v 4.10899997 5.87649983 5.380685902290698
v 2.34300001 5.72650007 5.347596200542405
v 2.34300001 5.72650007 6.74499992
v 2.49299996 5.72650007 6.74499992
v 2.49299996 5.72650007 6.74499992
v 2.4929999599999997 5.72650007 5.34723887842085
v 2.34300001 5.72650007 5.347596200542405
v 2.49299996 5.72650007 4.9849999799999996
v 2.49299996 5.72650007 3.9850001700000006
v 2.34300001 5.72650007 3.98500017
v 2.4929999599999997 5.72650007 5.34723887842085
v 2.34300001 5.72650007 4.98499998
v 2.34300001 5.72650007 5.347596200542405
v 2.34300001 5.72650007 4.98499998
v 2.4929999599999997 5.72650007 5.34723887842085
v 2.49299996 5.72650007 4.9849999799999996
v 2.34300001 5.72650007 4.98499998
v 2.49299996 5.72650007 4.9849999799999996
v 2.34300001 5.72650007 3.98500017
v 2.49299996 5.72650007 5.852145137120808
v 2.49299996 5.87649983 4.98499998
v 2.49299996 5.72650007 4.98499998
v 2.49299996 5.87649983 4.98499998
v 2.49299996 5.72650007 5.852145137120808
v 2.49299996 5.87649983 5.854785392029877
v 2.49299996 5.87649983 5.854785392029877
v 2.49299996 5.72650007 6.74499992
v 2.49299996 5.87649983 6.74499992
v 2.49299996 5.72650007 6.74499992
v 2.49299996 5.87649983 5.854785392029877
v 2.49299996 5.72650007 5.852145137120808
v 2.49299996 5.87649983 5.381047267728368
v 2.49299996 5.87649983 6.74499992
v 2.34300001 5.87649983 6.74499992
v 2.34300001 5.87649983 6.74499992
v 2.34300001 5.87649983 5.380685887133684
v 2.49299996 5.87649983 5.381047267728368
v 2.34300001 5.87649983 4.9849999799999996
v 2.34300001 5.87649983 4.14500009
v 2.4929999600000006 5.87649983 4.14500009
v 2.49299996 5.87649983 4.98499998
v 2.49299996 5.87649983 5.381047267728368
v 2.34300001 5.87649983 5.380685887133684
v 2.49299996 5.87649983 4.98499998
v 2.34300001 5.87649983 4.9849999799999996
v 2.4929999600000006 5.87649983 4.14500009
v 2.34300001 5.87649983 4.9849999799999996
v 2.49299996 5.87649983 4.98499998
v 2.34300001 5.87649983 5.380685887133684
v 0.58400001 5.72650007 5.316494107495921
v 0.58400001 5.87649983 6.74499992
v 0.58400001 5.72650007 6.74499992
v 0.58400001 5.87649983 6.74499992
v 0.58400001 5.72650007 5.316494107495921
v 0.58400001 5.87649983 5.31502866502758
v 0.58400001 5.87649983 5.31502866502758
v 0.58400001 5.72650007 3.98500017
v 0.58400001 5.87649983 3.98500017
v 0.58400001 5.72650007 3.98500017
v 0.58400001 5.87649983 5.31502866502758
v 0.58400001 5.72650007 5.316494107495921
v 0.58400001 5.72650007 3.9850001700000006
v 0.73400001 5.72650007 4.98499998
v 0.73400001 5.72650007 3.98500017
v 0.73400001 5.72650007 4.98499998
v 0.58400001 5.72650007 3.9850001700000006
v 0.58400001 5.72650007 5.328488991939646
v 0.73400001 5.72650007 4.98499998
v 0.58400001 5.72650007 5.328488991939646
v 0.73400001 5.72650007 5.328482433274857
v 0.58400001 5.72650007 5.328488991939646
v 0.58400001 5.72650007 6.74499992
v 0.73400001 5.72650007 6.74499992
v 0.73400001 5.72650007 6.74499992
v 0.73400001 5.72650007 5.328482433274857
v 0.58400001 5.72650007 5.328488991939646
v 0.73400001 5.72650007 5.914285039552303
v 0.73400001 5.87649983 4.98499998
v 0.73400001 5.72650007 4.98499998
v 0.73400001 5.87649983 4.98499998
v 0.73400001 5.72650007 5.914285039552303
v 0.73400001 5.87649983 5.91669891607382
v 0.73400001 5.87649983 5.91669891607382
v 0.73400001 5.72650007 6.74499992
v 0.73400001 5.87649983 6.74499992
v 0.73400001 5.72650007 6.74499992
v 0.73400001 5.87649983 5.91669891607382
v 0.73400001 5.72650007 5.914285039552303
v 0.73400001 5.87649983 5.332915953688139
v 0.73400001 5.87649983 6.74499992
v 0.58400001 5.87649983 6.74499992
v 0.58400001 5.87649983 6.74499992
v 0.58400001 5.87649983 5.331147520957999
v 0.73400001 5.87649983 5.332915953688139
v 0.73400001 5.87649983 4.98499998
v 0.58400001 5.87649983 4.14500009
v 0.73400001 5.87649983 4.14500009
v 0.58400001 5.87649983 5.331147520957999
v 0.73400001 5.87649983 4.98499998
v 0.73400001 5.87649983 5.332915953688139
v 0.58400001 5.87649983 4.14500009
v 0.73400001 5.87649983 4.98499998
v 0.58400001 5.87649983 5.331147520957999
v 0.58400001 5.87649983 2.521548990523318
v 0.73400001 5.87649983 3.56899998
v 0.58400001 5.87649983 3.56899998
v 0.73400001 5.87649983 3.56899998
v 0.58400001 5.87649983 2.521548990523318
v 0.73400001 5.87649983 2.521404689298543
v 0.73400001 5.87649983 2.521404689298543
v 0.58400001 5.87649983 1.4745663103356075
v 0.73400001 5.87649983 1.4739081127656772
v 0.58400001 5.87649983 1.4745663103356075
v 0.73400001 5.87649983 2.521404689298543
v 0.58400001 5.87649983 2.521548990523318
v 0.58400001 5.87649983 0.51000002
v 0.58400001 5.87649983 0.4500000000000001
v 0.73400001 5.87649983 0.4500000000000006
v 0.58400001 5.87649983 0.51000002
v 0.73400001 5.87649983 0.5100000200000001
v 0.73400001 5.87649983 1.4739081127656772
v 0.73400001 5.87649983 1.4739081127656772
v 0.58400001 5.87649983 1.4745663103356075
v 0.58400001 5.87649983 0.51000002
v 0.73400001 5.87649983 0.5100000200000001
v 0.58400001 5.87649983 0.51000002
v 0.73400001 5.87649983 0.4500000000000006
v 0.73400001 5.87649983 1.5574330188212273
v 0.73400001 5.87649983 0.51000002
v 0.73400001 5.72650007 0.51000002
v 0.73400001 5.72650007 0.51000002
v 0.73400001 5.72650007 1.5575773315554349
v 0.73400001 5.87649983 1.5574330188212273
v 0.73400001 5.72650007 1.5575773315554349
v 0.73400001 5.72650007 2.558827014663666
v 0.73400001 5.87649983 2.5586827019294582
v 0.73400001 5.87649983 2.5586827019294582
v 0.73400001 5.87649983 1.5574330188212273
v 0.73400001 5.72650007 1.5575773315554349
v 0.73400001 5.72650007 2.558827014663666
v 0.73400001 5.72650007 3.5689999799999996
v 0.73400001 5.87649983 3.5689999799999996
v 0.73400001 5.87649983 3.5689999799999996
v 0.73400001 5.87649983 2.5586827019294582
v 0.73400001 5.72650007 2.558827014663666
v 0.58400001 5.72650007 2.4376201564166844
v 0.58400001 5.72650007 3.56899998
v 0.73400001 5.72650007 3.56899998
v 0.73400001 5.72650007 3.56899998
v 0.73400001 5.72650007 2.437014477221032
v 0.58400001 5.72650007 2.4376201564166844
v 0.73400001 5.72650007 2.437014477221032
v 0.73400001 5.72650007 1.4117557055905496
v 0.58400001 5.72650007 1.411157549919517
v 0.58400001 5.72650007 1.411157549919517
v 0.58400001 5.72650007 2.4376201564166844
v 0.73400001 5.72650007 2.437014477221032
v 0.73400001 5.72650007 0.51000002
v 0.73400001 5.72650007 0.4500000000000001
v 0.58400001 5.72650007 0.4500000000000006
v 0.73400001 5.72650007 0.51000002
v 0.58400001 5.72650007 0.5100000200000001
v 0.58400001 5.72650007 1.411157549919517
v 0.58400001 5.72650007 1.411157549919517
v 0.73400001 5.72650007 1.4117557055905496
v 0.73400001 5.72650007 0.51000002
v 0.58400001 5.72650007 0.5100000200000001
v 0.73400001 5.72650007 0.51000002
v 0.58400001 5.72650007 0.4500000000000006
v 0.58400001 5.87649983 2.521566981178773
v 0.58400001 5.87649983 3.56899998
v 0.58400001 5.72650007 3.56899998
v 0.58400001 5.72650007 3.56899998
v 0.58400001 5.72650007 2.5214226684445653
v 0.58400001 5.87649983 2.521566981178773
v 0.58400001 5.72650007 2.5214226684445653
v 0.58400001 5.72650007 1.5201729853363344
v 0.58400001 5.87649983 1.520317298070542
v 0.58400001 5.87649983 1.520317298070542
v 0.58400001 5.87649983 2.521566981178773
v 0.58400001 5.72650007 2.5214226684445653
v 0.58400001 5.72650007 1.5201729853363344
v 0.58400001 5.72650007 0.5100000200000006
v 0.58400001 5.87649983 0.5100000200000007
v 0.58400001 5.87649983 0.5100000200000007
v 0.58400001 5.87649983 1.520317298070542
v 0.58400001 5.72650007 1.5201729853363344
v 2.49299996 5.87649983 2.3582302014501493
v 2.49299996 5.87649983 3.56899998
v 2.34300001 5.87649983 3.56899998
v 2.34300001 5.87649983 3.56899998
v 2.34300001 5.87649983 2.357167367397467
v 2.49299996 5.87649983 2.3582302014501493
v 2.34300001 5.87649983 2.357167367397467
v 2.34300001 5.87649983 1.347547946104582
v 2.49299996 5.87649983 1.3470099404673743
v 2.49299996 5.87649983 1.3470099404673743
v 2.49299996 5.87649983 2.3582302014501493
v 2.34300001 5.87649983 2.357167367397467
v 2.49299996 5.87649983 0.5100000200000001
v 2.34300001 5.87649983 0.4500000000000004
v 2.49299996 5.87649983 0.45000000000000007
v 2.34300001 5.87649983 0.5100000200000004
v 2.49299996 5.87649983 1.3470099404673743
v 2.34300001 5.87649983 1.347547946104582
v 2.34300001 5.87649983 0.4500000000000004
v 2.49299996 5.87649983 0.5100000200000001
v 2.34300001 5.87649983 0.5100000200000004
v 2.49299996 5.87649983 1.3470099404673743
v 2.34300001 5.87649983 0.5100000200000004
v 2.49299996 5.87649983 0.5100000200000001
v 2.49299996 5.72650007 1.6280480766707135
v 2.49299996 5.87649983 0.51000002
v 2.49299996 5.72650007 0.51000002
v 2.49299996 5.87649983 0.51000002
v 2.49299996 5.72650007 1.6280480766707135
v 2.49299996 5.87649983 1.6288798959954078
v 2.49299996 5.87649983 1.6288798959954078
v 2.49299996 5.72650007 2.583987864365108
v 2.49299996 5.87649983 2.5834498501148473
v 2.49299996 5.72650007 2.583987864365108
v 2.49299996 5.87649983 1.6288798959954078
v 2.49299996 5.72650007 1.6280480766707135
v 2.49299996 5.72650007 2.583987864365108
v 2.49299996 5.72650007 3.5689999799999996
v 2.49299996 5.87649983 3.5689999799999996
v 2.49299996 5.87649983 3.5689999799999996
v 2.49299996 5.87649983 2.5834498501148473
v 2.49299996 5.72650007 2.583987864365108
v 2.49299996 5.72650007 2.5215489880189836
v 2.34300001 5.72650007 3.56899998
v 2.49299996 5.72650007 3.56899998
v 2.34300001 5.72650007 3.56899998
v 2.49299996 5.72650007 2.5215489880189836
v 2.34300001 5.72650007 2.5214046843964075
v 2.34300001 5.72650007 2.5214046843964075
v 2.49299996 5.72650007 1.4745663075273683
v 2.34300001 5.72650007 1.4739081077308906
v 2.49299996 5.72650007 1.4745663075273683
v 2.34300001 5.72650007 2.5214046843964075
v 2.49299996 5.72650007 2.5215489880189836
v 2.34300001 5.72650007 0.5100000200000001
v 2.49299996 5.72650007 0.4500000000000004
v 2.34300001 5.72650007 0.45000000000000007
v 2.49299996 5.72650007 0.5100000200000004
v 2.34300001 5.72650007 1.4739081077308906
v 2.49299996 5.72650007 1.4745663075273683
v 2.49299996 5.72650007 0.4500000000000004
v 2.34300001 5.72650007 0.5100000200000001
v 2.49299996 5.72650007 0.5100000200000004
v 2.34300001 5.72650007 1.4739081077308906
v 2.49299996 5.72650007 0.5100000200000004
v 2.34300001 5.72650007 0.5100000200000001
v 2.34300001 5.72650007 2.4509519233292862
v 2.34300001 5.87649983 3.56899998
v 2.34300001 5.72650007 3.56899998
v 2.34300001 5.87649983 3.56899998
v 2.34300001 5.72650007 2.4509519233292862
v 2.34300001 5.87649983 2.450120104004592
v 2.34300001 5.87649983 2.450120104004592
v 2.34300001 5.72650007 1.4950121356348924
v 2.34300001 5.87649983 1.4955501498851531
v 2.34300001 5.72650007 1.4950121356348924
v 2.34300001 5.87649983 2.450120104004592
v 2.34300001 5.72650007 2.4509519233292862
v 2.34300001 5.72650007 1.4950121356348924
v 2.34300001 5.72650007 0.5100000200000006
v 2.34300001 5.87649983 0.5100000200000007
v 2.34300001 5.87649983 0.5100000200000007
v 2.34300001 5.87649983 1.4955501498851531
v 2.34300001 5.72650007 1.4950121356348924
v 4.10899997 5.87649983 2.521548997535453
v 4.25900011 5.87649983 3.56899998
v 4.10899997 5.87649983 3.56899998
v 4.25900011 5.87649983 3.56899998
v 4.10899997 5.87649983 2.521548997535453
v 4.25900011 5.87649983 2.521404703024531
v 4.25900011 5.87649983 2.521404703024531
v 4.10899997 5.87649983 1.4745663181986748
v 4.25900011 5.87649983 1.4739081268630865
v 4.10899997 5.87649983 1.4745663181986748
v 4.25900011 5.87649983 2.521404703024531
v 4.10899997 5.87649983 2.521548997535453
v 4.25900011 5.87649983 0.45000000000000073
v 4.10899997 5.87649983 0.5100000200000006
v 4.10899997 5.87649983 0.45000000000000034
v 4.10899997 5.87649983 0.5100000200000006
v 4.25900011 5.87649983 0.45000000000000073
v 4.25900011 5.87649983 0.5100000200000006
v 4.10899997 5.87649983 0.5100000200000006
v 4.25900011 5.87649983 1.4739081268630865
v 4.10899997 5.87649983 1.4745663181986748
v 4.25900011 5.87649983 1.4739081268630865
v 4.10899997 5.87649983 0.5100000200000006
v 4.25900011 5.87649983 0.5100000200000006
v 4.25900011 5.87649983 1.5322664260397703
v 4.25900011 5.87649983 0.51000002
v 4.25900011 5.72650007 0.51000002
v 4.25900011 5.72650007 0.51000002
v 4.25900011 5.72650007 1.532804440290031
v 4.25900011 5.87649983 1.5322664260397703
v 4.25900011 5.87649983 1.5322664260397703
v 4.25900011 5.72650007 2.4873943767146125
v 4.25900011 5.87649983 2.4882261960393066
v 4.25900011 5.72650007 2.4873943767146125
v 4.25900011 5.87649983 1.5322664260397703
v 4.25900011 5.72650007 1.532804440290031
v 4.25900011 5.87649983 2.4882261960393066
v 4.25900011 5.72650007 3.5689999799999996
v 4.25900011 5.87649983 3.5689999799999996
v 4.25900011 5.72650007 3.5689999799999996
v 4.25900011 5.87649983 2.4882261960393066
v 4.25900011 5.72650007 2.4873943767146125
v 4.25900011 5.72650007 2.521548997535453
v 4.10899997 5.72650007 3.56899998
v 4.25900011 5.72650007 3.56899998
v 4.10899997 5.72650007 3.56899998
v 4.25900011 5.72650007 2.521548997535453
v 4.10899997 5.72650007 2.521404703024531
v 4.10899997 5.72650007 2.521404703024531
v 4.25900011 5.72650007 1.4745663181986748
v 4.10899997 5.72650007 1.4739081268630865
v 4.25900011 5.72650007 1.4745663181986748
v 4.10899997 5.72650007 2.521404703024531
v 4.25900011 5.72650007 2.521548997535453
v 4.10899997 5.72650007 0.45000000000000073
v 4.25900011 5.72650007 0.5100000200000006
v 4.25900011 5.72650007 0.45000000000000034
v 4.25900011 5.72650007 0.5100000200000006
v 4.10899997 5.72650007 0.45000000000000073
v 4.10899997 5.72650007 0.5100000200000006
v 4.25900011 5.72650007 0.5100000200000006
v 4.10899997 5.72650007 1.4739081268630865
v 4.25900011 5.72650007 1.4745663181986748
v 4.10899997 5.72650007 1.4739081268630865
v 4.25900011 5.72650007 0.5100000200000006
v 4.10899997 5.72650007 0.5100000200000006
v 4.10899997 5.72650007 2.5846688795077797
v 4.10899997 5.87649983 3.56899998
v 4.10899997 5.72650007 3.56899998
v 4.10899997 5.87649983 3.56899998
v 4.10899997 5.72650007 2.5846688795077797
v 4.10899997 5.87649983 2.5846109818021143
v 4.10899997 5.87649983 2.5846109818021143
v 4.10899997 5.72650007 1.6046983570692839
v 4.10899997 5.87649983 1.6040926905832138
v 4.10899997 5.72650007 1.6046983570692839
v 4.10899997 5.87649983 2.5846109818021143
v 4.10899997 5.72650007 2.5846688795077797
v 4.10899997 5.87649983 1.6040926905832138
v 4.10899997 5.72650007 0.5100000200000006
v 4.10899997 5.87649983 0.5100000200000007
v 4.10899997 5.72650007 0.5100000200000006
v 4.10899997 5.87649983 1.6040926905832138
v 4.10899997 5.72650007 1.6046983570692839
v 6.04199981 5.87649983 0.45
v 5.89200005 5.87649983 0.51000002
v 5.89200005 5.87649983 0.45000000000000007
v 5.89200005 5.87649983 0.51000002
v 6.04199981 5.87649983 0.45
v 6.04199981 5.87649983 2.019579261823656
v 5.89200005 5.87649983 0.51000002
v 6.04199981 5.87649983 2.019579261823656
v 5.89200005 5.87649983 2.020998077935779
v 5.89200005 5.87649983 2.020998077935779
v 6.04199981 5.87649983 3.5689999799999996
v 5.89200005 5.87649983 3.5689999799999996
v 6.04199981 5.87649983 3.5689999799999996
v 5.89200005 5.87649983 2.020998077935779
v 6.04199981 5.87649983 2.019579261823656
v 6.04199981 5.72650007 2.0195912566370113
v 6.04199981 5.87649983 0.45
v 6.04199981 5.72650007 0.45
v 6.04199981 5.87649983 0.45
v 6.04199981 5.72650007 2.0195912566370113
v 6.04199981 5.87649983 2.0208689003785243
v 6.04199981 5.87649983 2.0208689003785243
v 6.04199981 5.72650007 3.56899998
v 6.04199981 5.87649983 3.56899998
v 6.04199981 5.72650007 3.56899998
v 6.04199981 5.87649983 2.0208689003785243
v 6.04199981 5.72650007 2.0195912566370113
v 5.89200005 5.72650007 1.9993950143867962
v 5.89200005 5.72650007 3.56899998
v 6.04199981 5.72650007 3.56899998
v 6.04199981 5.72650007 3.56899998
v 6.04199981 5.72650007 1.998117370645283
v 5.89200005 5.72650007 1.9993950143867962
v 5.89200005 5.72650007 0.5100000199999998
v 6.04199981 5.72650007 0.45000000000000007
v 5.89200005 5.72650007 0.4500000000000002
v 6.04199981 5.72650007 1.998117370645283
v 5.89200005 5.72650007 0.5100000199999998
v 5.89200005 5.72650007 1.9993950143867962
v 6.04199981 5.72650007 0.45000000000000007
v 5.89200005 5.72650007 0.5100000199999998
v 6.04199981 5.72650007 1.998117370645283
v 5.89200005 5.72650007 2.5846688795077797
v 5.89200005 5.87649983 3.56899998
v 5.89200005 5.72650007 3.56899998
v 5.89200005 5.87649983 3.56899998
v 5.89200005 5.72650007 2.5846688795077797
v 5.89200005 5.87649983 2.5846109818021143
v 5.89200005 5.87649983 2.5846109818021143
v 5.89200005 5.72650007 1.6046983570692839
v 5.89200005 5.87649983 1.6040926905832138
v 5.89200005 5.72650007 1.6046983570692839
v 5.89200005 5.87649983 2.5846109818021143
v 5.89200005 5.72650007 2.5846688795077797
v 5.89200005 5.87649983 1.6040926905832138
v 5.89200005 5.72650007 0.5100000200000006
v 5.89200005 5.87649983 0.5100000200000007
v 5.89200005 5.72650007 0.5100000200000006
v 5.89200005 5.87649983 1.6040926905832138
v 5.89200005 5.72650007 1.6046983570692839
v 7.82300001 5.87649983 2.358096882512284
v 7.82300001 5.87649983 3.56899998
v 7.67299987 5.87649983 3.56899998
v 7.67299987 5.87649983 3.56899998
v 7.67299987 5.87649983 2.3571752056755892
v 7.82300001 5.87649983 2.358096882512284
v 7.67299987 5.87649983 2.3571752056755892
v 7.67299987 5.87649983 1.3671582495213213
v 7.82300001 5.87649983 1.3676671030353904
v 7.82300001 5.87649983 1.3676671030353904
v 7.82300001 5.87649983 2.358096882512284
v 7.67299987 5.87649983 2.3571752056755892
v 7.82300001 5.87649983 0.5100000200000002
v 7.67299987 5.87649983 0.45000000000000023
v 7.82300001 5.87649983 0.4500000000000002
v 7.82300001 5.87649983 0.5100000200000002
v 7.82300001 5.87649983 1.3676671030353904
v 7.67299987 5.87649983 1.3671582495213213
v 7.67299987 5.87649983 0.45000000000000023
v 7.82300001 5.87649983 0.5100000200000002
v 7.67299987 5.87649983 1.3671582495213213
v 7.82300001 5.72650007 1.6413636643121654
v 7.82300001 5.87649983 0.51000002
v 7.82300001 5.72650007 0.51000002
v 7.82300001 5.87649983 0.51000002
v 7.82300001 5.72650007 1.6413636643121654
v 7.82300001 5.87649983 1.641969330798236
v 7.82300001 5.87649983 1.641969330798236
v 7.82300001 5.72650007 2.6218739650108187
v 7.82300001 5.87649983 2.6219318627164836
v 7.82300001 5.72650007 2.6218739650108187
v 7.82300001 5.87649983 1.641969330798236
v 7.82300001 5.72650007 1.6413636643121654
v 7.82300001 5.87649983 2.6219318627164836
v 7.82300001 5.72650007 3.5689999799999996
v 7.82300001 5.87649983 3.5689999799999996
v 7.82300001 5.72650007 3.5689999799999996
v 7.82300001 5.87649983 2.6219318627164836
v 7.82300001 5.72650007 2.6218739650108187
v 7.67299987 5.72650007 0.45
v 7.82300001 5.72650007 0.51000002
v 7.82300001 5.72650007 0.45
v 7.82300001 5.72650007 0.51000002
v 7.67299987 5.72650007 0.45
v 7.67299987 5.72650007 1.6608778142066134
v 7.82300001 5.72650007 0.51000002
v 7.67299987 5.72650007 1.6608778142066134
v 7.82300001 5.72650007 1.66194065890045
v 7.82300001 5.72650007 1.66194065890045
v 7.67299987 5.72650007 2.6513151659182586
v 7.82300001 5.72650007 2.6519651832187767
v 7.67299987 5.72650007 2.6513151659182586
v 7.82300001 5.72650007 1.66194065890045
v 7.67299987 5.72650007 1.6608778142066134
v 7.82300001 5.72650007 2.6519651832187767
v 7.67299987 5.72650007 3.56899998
v 7.82300001 5.72650007 3.5689999799999996
v 7.67299987 5.72650007 3.56899998
v 7.82300001 5.72650007 2.6519651832187767
v 7.67299987 5.72650007 2.6513151659182586
v 7.67299987 5.87649983 2.5085049852498025
v 7.67299987 5.87649983 3.56899998
v 7.67299987 5.72650007 3.56899998
v 7.67299987 5.72650007 3.56899998
v 7.67299987 5.72650007 2.5080632967944987
v 7.67299987 5.87649983 2.5085049852498025
v 7.67299987 5.87649983 2.5085049852498025
v 7.67299987 5.72650007 1.4573728258642842
v 7.67299987 5.87649983 1.4568120682914245
v 7.67299987 5.72650007 1.4573728258642842
v 7.67299987 5.87649983 2.5085049852498025
v 7.67299987 5.72650007 2.5080632967944987
v 7.67299987 5.87649983 1.4568120682914245
v 7.67299987 5.72650007 0.4500000000000002
v 7.67299987 5.87649983 0.45000000000000007
v 7.67299987 5.72650007 0.4500000000000002
v 7.67299987 5.87649983 1.4568120682914245
v 7.67299987 5.72650007 1.4573728258642842
v 9.60000007 5.87649983 2.4376201698914364
v 9.60000007 5.87649983 3.56899998
v 9.44999993 5.87649983 3.56899998
v 9.44999993 5.87649983 3.56899998
v 9.44999993 5.87649983 2.4370144832818443
v 9.60000007 5.87649983 2.4376201698914364
v 9.44999993 5.87649983 2.4370144832818443
v 9.44999993 5.87649983 1.4117557133710052
v 9.60000007 5.87649983 1.4111575639903304
v 9.60000007 5.87649983 1.4111575639903304
v 9.60000007 5.87649983 2.4376201698914364
v 9.44999993 5.87649983 2.4370144832818443
v 9.60000007 5.87649983 0.45000000000000073
v 9.44999993 5.87649983 0.5100000200000006
v 9.44999993 5.87649983 0.45000000000000034
v 9.44999993 5.87649983 0.5100000200000006
v 9.60000007 5.87649983 0.45000000000000073
v 9.60000007 5.87649983 0.5100000200000006
v 9.44999993 5.87649983 0.5100000200000006
v 9.60000007 5.87649983 1.4111575639903304
v 9.44999993 5.87649983 1.4117557133710052
v 9.60000007 5.87649983 1.4111575639903304
v 9.44999993 5.87649983 0.5100000200000006
v 9.60000007 5.87649983 0.5100000200000006
v 9.60000007 5.72650007 1.6413636643121654
v 9.60000007 5.87649983 0.51000002
v 9.60000007 5.72650007 0.51000002
v 9.60000007 5.87649983 0.51000002
v 9.60000007 5.72650007 1.6413636643121654
v 9.60000007 5.87649983 1.641969330798236
v 9.60000007 5.87649983 1.641969330798236
v 9.60000007 5.72650007 2.6218739650108187
v 9.60000007 5.87649983 2.6219318627164836
v 9.60000007 5.72650007 2.6218739650108187
v 9.60000007 5.87649983 1.641969330798236
v 9.60000007 5.72650007 1.6413636643121654
v 9.60000007 5.87649983 2.6219318627164836
v 9.60000007 5.72650007 3.5689999799999996
v 9.60000007 5.87649983 3.5689999799999996
v 9.60000007 5.72650007 3.5689999799999996
v 9.60000007 5.87649983 2.6219318627164836
v 9.60000007 5.72650007 2.6218739650108187
v 9.44999993 5.72650007 2.4376201698914364
v 9.44999993 5.72650007 3.56899998
v 9.60000007 5.72650007 3.56899998
v 9.60000007 5.72650007 3.56899998
v 9.60000007 5.72650007 2.4370144832818443
v 9.44999993 5.72650007 2.4376201698914364
v 9.60000007 5.72650007 2.4370144832818443
v 9.60000007 5.72650007 1.4117557133710052
v 9.44999993 5.72650007 1.4111575639903304
v 9.44999993 5.72650007 1.4111575639903304
v 9.44999993 5.72650007 2.4376201698914364
v 9.60000007 5.72650007 2.4370144832818443
v 9.44999993 5.72650007 0.45000000000000073
v 9.60000007 5.72650007 0.5100000200000006
v 9.60000007 5.72650007 0.45000000000000034
v 9.60000007 5.72650007 0.5100000200000006
v 9.44999993 5.72650007 0.45000000000000073
v 9.44999993 5.72650007 0.5100000200000006
v 9.60000007 5.72650007 0.5100000200000006
v 9.44999993 5.72650007 1.4111575639903304
v 9.60000007 5.72650007 1.4117557133710052
v 9.44999993 5.72650007 1.4111575639903304
v 9.60000007 5.72650007 0.5100000200000006
v 9.44999993 5.72650007 0.5100000200000006
v 9.44999993 5.72650007 2.4376363356878343
v 9.44999993 5.87649983 3.56899998
v 9.44999993 5.72650007 3.56899998
v 9.44999993 5.87649983 3.56899998
v 9.44999993 5.72650007 2.4376363356878343
v 9.44999993 5.87649983 2.4370306692017643
v 9.44999993 5.87649983 2.4370306692017643
v 9.44999993 5.72650007 1.4571260349891815
v 9.44999993 5.87649983 1.4570681372835166
v 9.44999993 5.72650007 1.4571260349891815
v 9.44999993 5.87649983 2.4370306692017643
v 9.44999993 5.72650007 2.4376363356878343
v 9.44999993 5.87649983 1.4570681372835166
v 9.44999993 5.72650007 0.5100000200000006
v 9.44999993 5.87649983 0.5100000200000007
v 9.44999993 5.72650007 0.5100000200000006
v 9.44999993 5.87649983 1.4570681372835166
v 9.44999993 5.72650007 1.4571260349891815
v 11.3760002 5.87649983 2.3582302204411234
v 11.3760002 5.87649983 3.56899998
v 11.22600005 5.87649983 3.56899998
v 11.22600005 5.87649983 3.56899998
v 11.22600005 5.87649983 2.3571673751872257
v 11.3760002 5.87649983 2.3582302204411234
v 11.22600005 5.87649983 2.3571673751872257
v 11.22600005 5.87649983 1.3475479570982967
v 11.3760002 5.87649983 1.3470099605274855
v 11.3760002 5.87649983 1.3470099605274855
v 11.3760002 5.87649983 2.3582302204411234
v 11.22600005 5.87649983 2.3571673751872257
v 11.22600005 5.87649983 0.5100000199999997
v 11.22600005 5.87649983 0.44999999999999984
v 11.3760002 5.87649983 0.4500000000000003
v 11.22600005 5.87649983 0.5100000199999997
v 11.3760002 5.87649983 0.5100000200000001
v 11.3760002 5.87649983 1.3470099605274855
v 11.3760002 5.87649983 1.3470099605274855
v 11.22600005 5.87649983 1.3475479570982967
v 11.22600005 5.87649983 0.5100000199999997
v 11.3760002 5.87649983 0.5100000200000001
v 11.22600005 5.87649983 0.5100000199999997
v 11.3760002 5.87649983 0.4500000000000003
v 11.3760002 5.87649983 1.5574330188212273
v 11.3760002 5.87649983 0.51000002
v 11.3760002 5.72650007 0.51000002
v 11.3760002 5.72650007 0.51000002
v 11.3760002 5.72650007 1.5575773315554349
v 11.3760002 5.87649983 1.5574330188212273
v 11.3760002 5.72650007 1.5575773315554349
v 11.3760002 5.72650007 2.558827014663666
v 11.3760002 5.87649983 2.5586827019294582
v 11.3760002 5.87649983 2.5586827019294582
v 11.3760002 5.87649983 1.5574330188212273
v 11.3760002 5.72650007 1.5575773315554349
v 11.3760002 5.72650007 2.558827014663666
v 11.3760002 5.72650007 3.5689999799999996
v 11.3760002 5.87649983 3.5689999799999996
v 11.3760002 5.87649983 3.5689999799999996
v 11.3760002 5.87649983 2.5586827019294582
v 11.3760002 5.72650007 2.558827014663666
v 11.22600005 5.72650007 2.3582302204411234
v 11.22600005 5.72650007 3.56899998
v 11.3760002 5.72650007 3.56899998
v 11.3760002 5.72650007 3.56899998
v 11.3760002 5.72650007 2.3571673751872257
v 11.22600005 5.72650007 2.3582302204411234
v 11.3760002 5.72650007 2.3571673751872257
v 11.3760002 5.72650007 1.3475479570982967
v 11.22600005 5.72650007 1.3470099605274855
v 11.22600005 5.72650007 1.3470099605274855
v 11.22600005 5.72650007 2.3582302204411234
v 11.3760002 5.72650007 2.3571673751872257
v 11.3760002 5.72650007 0.5100000199999997
v 11.3760002 5.72650007 0.44999999999999984
v 11.22600005 5.72650007 0.4500000000000003
v 11.3760002 5.72650007 0.5100000199999997
v 11.22600005 5.72650007 0.5100000200000001
v 11.22600005 5.72650007 1.3470099605274855
v 11.22600005 5.72650007 1.3470099605274855
v 11.3760002 5.72650007 1.3475479570982967
v 11.3760002 5.72650007 0.5100000199999997
v 11.22600005 5.72650007 0.5100000200000001
v 11.3760002 5.72650007 0.5100000199999997
v 11.22600005 5.72650007 0.4500000000000003
v 11.22600005 5.72650007 2.5846688795077797
v 11.22600005 5.87649983 3.56899998
v 11.22600005 5.72650007 3.56899998
v 11.22600005 5.87649983 3.56899998
v 11.22600005 5.72650007 2.5846688795077797
v 11.22600005 5.87649983 2.5846109818021143
v 11.22600005 5.87649983 2.5846109818021143
v 11.22600005 5.72650007 1.6046983570692839
v 11.22600005 5.87649983 1.6040926905832138
v 11.22600005 5.72650007 1.6046983570692839
v 11.22600005 5.87649983 2.5846109818021143
v 11.22600005 5.72650007 2.5846688795077797
v 11.22600005 5.87649983 1.6040926905832138
v 11.22600005 5.72650007 0.5100000200000006
v 11.22600005 5.87649983 0.5100000200000007
v 11.22600005 5.72650007 0.5100000200000006
v 11.22600005 5.87649983 1.6040926905832138
v 11.22600005 5.72650007 1.6046983570692839
v 12.99900035 5.87649983 2.5215489980363195
v 13.1490005 5.87649983 3.56899998
v 12.99900035 5.87649983 3.56899998
v 13.1490005 5.87649983 3.56899998
v 12.99900035 5.87649983 2.5215489980363195
v 13.1490005 5.87649983 2.521404704004959
v 13.1490005 5.87649983 2.521404704004959
v 12.99900035 5.87649983 1.4745663187603226
v 13.1490005 5.87649983 1.473908127870045
v 12.99900035 5.87649983 1.4745663187603226
v 13.1490005 5.87649983 2.521404704004959
v 12.99900035 5.87649983 2.5215489980363195
v 12.99900035 5.87649983 0.5100000199999997
v 12.99900035 5.87649983 0.44999999999999984
v 13.1490005 5.87649983 0.4500000000000003
v 12.99900035 5.87649983 0.5100000199999997
v 13.1490005 5.87649983 0.5100000200000001
v 13.1490005 5.87649983 1.473908127870045
v 13.1490005 5.87649983 1.473908127870045
v 12.99900035 5.87649983 1.4745663187603226
v 12.99900035 5.87649983 0.5100000199999997
v 13.1490005 5.87649983 0.5100000200000001
v 12.99900035 5.87649983 0.5100000199999997
v 13.1490005 5.87649983 0.4500000000000003
v 13.1490005 5.72650007 1.6413636643121654
v 13.1490005 5.87649983 0.51000002
v 13.1490005 5.72650007 0.51000002
v 13.1490005 5.87649983 0.51000002
v 13.1490005 5.72650007 1.6413636643121654
v 13.1490005 5.87649983 1.641969330798236
v 13.1490005 5.87649983 1.641969330798236
v 13.1490005 5.72650007 2.6218739650108187
v 13.1490005 5.87649983 2.6219318627164836
v 13.1490005 5.72650007 2.6218739650108187
v 13.1490005 5.87649983 1.641969330798236
v 13.1490005 5.72650007 1.6413636643121654
v 13.1490005 5.87649983 2.6219318627164836
v 13.1490005 5.72650007 3.5689999799999996
v 13.1490005 5.87649983 3.5689999799999996
v 13.1490005 5.72650007 3.5689999799999996
v 13.1490005 5.87649983 2.6219318627164836
v 13.1490005 5.72650007 2.6218739650108187
v 13.1490005 5.72650007 2.5084894458393037
v 12.99900035 5.72650007 3.56899998
v 13.1490005 5.72650007 3.56899998
v 12.99900035 5.72650007 3.56899998
v 13.1490005 5.72650007 2.5084894458393037
v 12.99900035 5.72650007 2.5081889375112887
v 12.99900035 5.72650007 2.5081889375112887
v 13.1490005 5.72650007 1.4366314572775112
v 12.99900035 5.72650007 1.4363564274739296
v 13.1490005 5.72650007 1.4366314572775112
v 12.99900035 5.72650007 2.5081889375112887
v 13.1490005 5.72650007 2.5084894458393037
v 13.1490005 5.72650007 0.5100000199999997
v 13.1490005 5.72650007 0.44999999999999984
v 12.99900035 5.72650007 0.4500000000000003
v 13.1490005 5.72650007 0.5100000199999997
v 12.99900035 5.72650007 0.5100000200000001
v 12.99900035 5.72650007 1.4363564274739296
v 12.99900035 5.72650007 1.4363564274739296
v 13.1490005 5.72650007 1.4366314572775112
v 13.1490005 5.72650007 0.5100000199999997
v 12.99900035 5.72650007 0.5100000200000001
v 13.1490005 5.72650007 0.5100000199999997
v 12.99900035 5.72650007 0.4500000000000003
v 12.99900035 5.72650007 2.4376363356878343
v 12.99900035 5.87649983 3.56899998
v 12.99900035 5.72650007 3.56899998
v 12.99900035 5.87649983 3.56899998
v 12.99900035 5.72650007 2.4376363356878343
v 12.99900035 5.87649983 2.4370306692017643
v 12.99900035 5.87649983 2.4370306692017643
v 12.99900035 5.72650007 1.4571260349891815
v 12.99900035 5.87649983 1.4570681372835166
v 12.99900035 5.72650007 1.4571260349891815
v 12.99900035 5.87649983 2.4370306692017643
v 12.99900035 5.72650007 2.4376363356878343
v 12.99900035 5.87649983 1.4570681372835166
v 12.99900035 5.72650007 0.5100000200000006
v 12.99900035 5.87649983 0.5100000200000007
v 12.99900035 5.72650007 0.5100000200000006
v 12.99900035 5.87649983 1.4570681372835166
v 12.99900035 5.72650007 1.4571260349891815
v 13.19199943 -5.93849992 1.6413636643121654
v 13.19199943 -5.78850016 0.51000002
v 13.19199943 -5.93849992 0.51000002
v 13.19199943 -5.78850016 0.51000002
v 13.19199943 -5.93849992 1.6413636643121654
v 13.19199943 -5.78850016 1.641969330798236
v 13.19199943 -5.78850016 1.641969330798236
v 13.19199943 -5.93849992 2.6218739650108187
v 13.19199943 -5.78850016 2.6219318627164836
v 13.19199943 -5.93849992 2.6218739650108187
v 13.19199943 -5.78850016 1.641969330798236
v 13.19199943 -5.93849992 1.6413636643121654
v 13.19199943 -5.78850016 2.6219318627164836
v 13.19199943 -5.93849992 3.5689999799999996
v 13.19199943 -5.78850016 3.5689999799999996
v 13.19199943 -5.93849992 3.5689999799999996
v 13.19199943 -5.78850016 2.6219318627164836
v 13.19199943 -5.93849992 2.6218739650108187
v 13.19199943 -5.78850016 2.437483115357544
v 13.19199943 -5.78850016 3.56899998
v 13.04199928 -5.78850016 3.56899998
v 13.04199928 -5.78850016 3.56899998
v 13.04199928 -5.78850016 2.437018591713635
v 13.19199943 -5.78850016 2.437483115357544
v 13.04199928 -5.78850016 2.437018591713635
v 13.04199928 -5.78850016 1.4318995512258619
v 13.19199943 -5.78850016 1.4321719291785706
v 13.19199943 -5.78850016 1.4321719291785706
v 13.19199943 -5.78850016 2.437483115357544
v 13.04199928 -5.78850016 2.437018591713635
v 13.19199943 -5.78850016 0.5100000199999998
v 13.04199928 -5.78850016 0.44999999999999984
v 13.19199943 -5.78850016 0.44999999999999973
v 13.04199928 -5.78850016 1.4318995512258619
v 13.19199943 -5.78850016 0.5100000199999998
v 13.19199943 -5.78850016 1.4321719291785706
v 13.04199928 -5.78850016 0.44999999999999984
v 13.19199943 -5.78850016 0.5100000199999998
v 13.04199928 -5.78850016 1.4318995512258619
v 13.04199928 -5.93849992 1.999408723362989
v 13.04199928 -5.78850016 3.56899998
v 13.04199928 -5.93849992 3.56899998
v 13.04199928 -5.78850016 3.56899998
v 13.04199928 -5.93849992 1.999408723362989
v 13.04199928 -5.78850016 1.998131079621476
v 13.04199928 -5.78850016 1.998131079621476
v 13.04199928 -5.93849992 0.4500000000000002
v 13.04199928 -5.78850016 0.45000000000000007
v 13.04199928 -5.93849992 0.4500000000000002
v 13.04199928 -5.78850016 1.998131079621476
v 13.04199928 -5.93849992 1.999408723362989
v 13.04199928 -5.93849992 0.45
v 13.19199943 -5.93849992 0.51000002
v 13.19199943 -5.93849992 0.45
v 13.19199943 -5.93849992 0.51000002
v 13.04199928 -5.93849992 0.45
v 13.04199928 -5.93849992 1.5109425084258625
v 13.19199943 -5.93849992 0.51000002
v 13.04199928 -5.93849992 1.5109425084258625
v 13.19199943 -5.93849992 1.5106420000978473
v 13.19199943 -5.93849992 1.5106420000978473
v 13.04199928 -5.93849992 2.561624239937782
v 13.19199943 -5.93849992 2.5623261818812875
v 13.04199928 -5.93849992 2.561624239937782
v 13.19199943 -5.93849992 1.5106420000978473
v 13.04199928 -5.93849992 1.5109425084258625
v 13.19199943 -5.93849992 2.5623261818812875
v 13.04199928 -5.93849992 3.56899998
v 13.19199943 -5.93849992 3.5689999800000005
v 13.04199928 -5.93849992 3.56899998
v 13.19199943 -5.93849992 2.5623261818812875
v 13.04199928 -5.93849992 2.561624239937782
v 11.42700018 -5.93849992 2.0195912566370113
v 11.42700018 -5.78850016 0.45
v 11.42700018 -5.93849992 0.45
v 11.42700018 -5.78850016 0.45
v 11.42700018 -5.93849992 2.0195912566370113
v 11.42700018 -5.78850016 2.0208689003785243
v 11.42700018 -5.78850016 2.0208689003785243
v 11.42700018 -5.93849992 3.56899998
v 11.42700018 -5.78850016 3.56899998
v 11.42700018 -5.93849992 3.56899998
v 11.42700018 -5.78850016 2.0208689003785243
v 11.42700018 -5.93849992 2.0195912566370113
v 11.27700004 -5.78850016 0.51000002
v 11.27700004 -5.78850016 0.45
v 11.42700018 -5.78850016 0.45
v 11.27700004 -5.78850016 0.51000002
v 11.42700018 -5.78850016 2.0195792567409834
v 11.27700004 -5.78850016 2.0209980950379705
v 11.42700018 -5.78850016 2.0195792567409834
v 11.27700004 -5.78850016 0.51000002
v 11.42700018 -5.78850016 0.45
v 11.27700004 -5.78850016 2.0209980950379705
v 11.42700018 -5.78850016 3.5689999799999996
v 11.27700004 -5.78850016 3.5689999799999996
v 11.42700018 -5.78850016 3.5689999799999996
v 11.27700004 -5.78850016 2.0209980950379705
v 11.42700018 -5.78850016 2.0195792567409834
v 11.27700004 -5.78850016 2.521566981178773
v 11.27700004 -5.78850016 3.56899998
v 11.27700004 -5.93849992 3.56899998
v 11.27700004 -5.93849992 3.56899998
v 11.27700004 -5.93849992 2.5214226684445653
v 11.27700004 -5.78850016 2.521566981178773
v 11.27700004 -5.93849992 2.5214226684445653
v 11.27700004 -5.93849992 1.5201729853363344
v 11.27700004 -5.78850016 1.520317298070542
v 11.27700004 -5.78850016 1.520317298070542
v 11.27700004 -5.78850016 2.521566981178773
v 11.27700004 -5.93849992 2.5214226684445653
v 11.27700004 -5.93849992 1.5201729853363344
v 11.27700004 -5.93849992 0.5100000200000006
v 11.27700004 -5.78850016 0.5100000200000007
v 11.27700004 -5.78850016 0.5100000200000007
v 11.27700004 -5.78850016 1.520317298070542
v 11.27700004 -5.93849992 1.5201729853363344
v 11.42700018 -5.93849992 2.5215479274106274
v 11.27700004 -5.93849992 3.56899998
v 11.42700018 -5.93849992 3.56899998
v 11.27700004 -5.93849992 3.56899998
v 11.42700018 -5.93849992 2.5215479274106274
v 11.27700004 -5.93849992 2.521262470929997
v 11.27700004 -5.93849992 2.521262470929997
v 11.42700018 -5.93849992 1.4951510042382299
v 11.27700004 -5.93849992 1.4952218423067494
v 11.42700018 -5.93849992 1.4951510042382299
v 11.27700004 -5.93849992 2.521262470929997
v 11.42700018 -5.93849992 2.5215479274106274
v 11.27700004 -5.93849992 0.5100000200000002
v 11.42700018 -5.93849992 0.4500000000000003
v 11.27700004 -5.93849992 0.4500000000000002
v 11.27700004 -5.93849992 0.5100000200000002
v 11.27700004 -5.93849992 1.4952218423067494
v 11.42700018 -5.93849992 1.4951510042382299
v 11.42700018 -5.93849992 0.4500000000000003
v 11.27700004 -5.93849992 0.5100000200000002
v 11.42700018 -5.93849992 1.4951510042382299
v 9.65599976 -5.78850016 1.5322664260397703
v 9.65599976 -5.78850016 0.51000002
v 9.65599976 -5.93849992 0.51000002
v 9.65599976 -5.93849992 0.51000002
v 9.65599976 -5.93849992 1.532804440290031
v 9.65599976 -5.78850016 1.5322664260397703
v 9.65599976 -5.78850016 1.5322664260397703
v 9.65599976 -5.93849992 2.4873943767146125
v 9.65599976 -5.78850016 2.4882261960393066
v 9.65599976 -5.93849992 2.4873943767146125
v 9.65599976 -5.78850016 1.5322664260397703
v 9.65599976 -5.93849992 1.532804440290031
v 9.65599976 -5.78850016 2.4882261960393066
v 9.65599976 -5.93849992 3.5689999799999996
v 9.65599976 -5.78850016 3.5689999799999996
v 9.65599976 -5.93849992 3.5689999799999996
v 9.65599976 -5.78850016 2.4882261960393066
v 9.65599976 -5.93849992 2.4873943767146125
v 9.50600038 -5.78850016 2.508489406193984
v 9.65599976 -5.78850016 3.56899998
v 9.50600038 -5.78850016 3.56899998
v 9.65599976 -5.78850016 3.56899998
v 9.50600038 -5.78850016 2.508489406193984
v 9.65599976 -5.78850016 2.508188861741713
v 9.65599976 -5.78850016 2.508188861741713
v 9.50600038 -5.78850016 1.4366314173140475
v 9.65599976 -5.78850016 1.4363563512554456
v 9.50600038 -5.78850016 1.4366314173140475
v 9.65599976 -5.78850016 2.508188861741713
v 9.50600038 -5.78850016 2.508489406193984
v 9.65599976 -5.78850016 0.5100000200000006
v 9.50600038 -5.78850016 0.45000000000000107
v 9.65599976 -5.78850016 0.4500000000000007
v 9.50600038 -5.78850016 0.510000020000001
v 9.65599976 -5.78850016 0.5100000200000006
v 9.65599976 -5.78850016 1.4363563512554456
v 9.65599976 -5.78850016 1.4363563512554456
v 9.50600038 -5.78850016 1.4366314173140475
v 9.50600038 -5.78850016 0.510000020000001
v 9.50600038 -5.78850016 0.45000000000000107
v 9.65599976 -5.78850016 0.5100000200000006
v 9.50600038 -5.78850016 0.510000020000001
v 9.50600038 -5.78850016 2.521566981178773
v 9.50600038 -5.78850016 3.56899998
v 9.50600038 -5.93849992 3.56899998
v 9.50600038 -5.93849992 3.56899998
v 9.50600038 -5.93849992 2.5214226684445653
v 9.50600038 -5.78850016 2.521566981178773
v 9.50600038 -5.93849992 2.5214226684445653
v 9.50600038 -5.93849992 1.5201729853363344
v 9.50600038 -5.78850016 1.520317298070542
v 9.50600038 -5.78850016 1.520317298070542
v 9.50600038 -5.78850016 2.521566981178773
v 9.50600038 -5.93849992 2.5214226684445653
v 9.50600038 -5.93849992 1.5201729853363344
v 9.50600038 -5.93849992 0.5100000200000006
v 9.50600038 -5.78850016 0.5100000200000007
v 9.50600038 -5.78850016 0.5100000200000007
v 9.50600038 -5.78850016 1.520317298070542
v 9.50600038 -5.93849992 1.5201729853363344
v 9.50600038 -5.93849992 2.4376200967429047
v 9.50600038 -5.93849992 3.56899998
v 9.65599976 -5.93849992 3.56899998
v 9.65599976 -5.93849992 3.56899998
v 9.65599976 -5.93849992 2.4370144503802624
v 9.50600038 -5.93849992 2.4376200967429047
v 9.65599976 -5.93849992 2.4370144503802624
v 9.65599976 -5.93849992 1.4117556711341923
v 9.50600038 -5.93849992 1.411157487606013
v 9.50600038 -5.93849992 1.411157487606013
v 9.50600038 -5.93849992 2.4376200967429047
v 9.65599976 -5.93849992 2.4370144503802624
v 9.50600038 -5.93849992 0.5100000200000006
v 9.65599976 -5.93849992 0.45000000000000107
v 9.50600038 -5.93849992 0.4500000000000007
v 9.65599976 -5.93849992 0.510000020000001
v 9.50600038 -5.93849992 0.5100000200000006
v 9.50600038 -5.93849992 1.411157487606013
v 9.50600038 -5.93849992 1.411157487606013
v 9.65599976 -5.93849992 1.4117556711341923
v 9.65599976 -5.93849992 0.510000020000001
v 9.65599976 -5.93849992 0.45000000000000107
v 9.50600038 -5.93849992 0.5100000200000006
v 9.65599976 -5.93849992 0.510000020000001
v 7.87300006 -5.93849992 2.0574645964046816
v 7.87300006 -5.78850016 0.51000002
v 7.87300006 -5.93849992 0.51000002
v 7.87300006 -5.78850016 0.51000002
v 7.87300006 -5.93849992 2.0574645964046816
v 7.87300006 -5.78850016 2.058817274275334
v 7.87300006 -5.78850016 2.058817274275334
v 7.87300006 -5.93849992 3.5689999799999996
v 7.87300006 -5.78850016 3.5689999799999996
v 7.87300006 -5.93849992 3.5689999799999996
v 7.87300006 -5.78850016 2.058817274275334
v 7.87300006 -5.93849992 2.0574645964046816
v 7.87300006 -5.78850016 2.4374831153575442
v 7.87300006 -5.78850016 3.56899998
v 7.72299991 -5.78850016 3.56899998
v 7.72299991 -5.78850016 3.56899998
v 7.72299991 -5.78850016 2.437018591713635
v 7.87300006 -5.78850016 2.4374831153575442
v 7.72299991 -5.78850016 2.437018591713635
v 7.72299991 -5.78850016 1.4318995512258619
v 7.87300006 -5.78850016 1.432171929178571
v 7.87300006 -5.78850016 1.432171929178571
v 7.87300006 -5.78850016 2.4374831153575442
v 7.72299991 -5.78850016 2.437018591713635
v 7.87300006 -5.78850016 0.5100000200000002
v 7.72299991 -5.78850016 0.4500000000000007
v 7.87300006 -5.78850016 0.4500000000000006
v 7.72299991 -5.78850016 1.4318995512258619
v 7.87300006 -5.78850016 0.5100000200000002
v 7.87300006 -5.78850016 1.432171929178571
v 7.72299991 -5.78850016 0.4500000000000007
v 7.87300006 -5.78850016 0.5100000200000002
v 7.72299991 -5.78850016 1.4318995512258619
v 7.72299991 -5.93849992 1.999408723362989
v 7.72299991 -5.78850016 3.56899998
v 7.72299991 -5.93849992 3.56899998
v 7.72299991 -5.78850016 3.56899998
v 7.72299991 -5.93849992 1.999408723362989
v 7.72299991 -5.78850016 1.998131079621476
v 7.72299991 -5.78850016 1.998131079621476
v 7.72299991 -5.93849992 0.4500000000000002
v 7.72299991 -5.78850016 0.45000000000000007
v 7.72299991 -5.93849992 0.4500000000000002
v 7.72299991 -5.78850016 1.998131079621476
v 7.72299991 -5.93849992 1.999408723362989
v 7.72299991 -5.93849992 0.45
v 7.87300006 -5.93849992 0.51000002
v 7.87300006 -5.93849992 0.45
v 7.87300006 -5.93849992 0.51000002
v 7.72299991 -5.93849992 0.45
v 7.72299991 -5.93849992 1.4977240594331136
v 7.87300006 -5.93849992 0.51000002
v 7.72299991 -5.93849992 1.4977240594331136
v 7.87300006 -5.93849992 1.4975797654017529
v 7.87300006 -5.93849992 1.4975797654017529
v 7.72299991 -5.93849992 2.5237618057957225
v 7.87300006 -5.93849992 2.523973806173066
v 7.72299991 -5.93849992 2.5237618057957225
v 7.87300006 -5.93849992 1.4975797654017529
v 7.72299991 -5.93849992 1.4977240594331136
v 7.87300006 -5.93849992 2.523973806173066
v 7.72299991 -5.93849992 3.56899998
v 7.87300006 -5.93849992 3.5689999800000005
v 7.72299991 -5.93849992 3.56899998
v 7.87300006 -5.93849992 2.523973806173066
v 7.72299991 -5.93849992 2.5237618057957225
v 6.09099992 -5.93849992 2.0195912566370113
v 6.09099992 -5.78850016 0.45
v 6.09099992 -5.93849992 0.45
v 6.09099992 -5.78850016 0.45
v 6.09099992 -5.93849992 2.0195912566370113
v 6.09099992 -5.78850016 2.0208689003785243
v 6.09099992 -5.78850016 2.0208689003785243
v 6.09099992 -5.93849992 3.56899998
v 6.09099992 -5.78850016 3.56899998
v 6.09099992 -5.93849992 3.56899998
v 6.09099992 -5.78850016 2.0208689003785243
v 6.09099992 -5.93849992 2.0195912566370113
v 5.94100016 -5.78850016 0.51000002
v 5.94100016 -5.78850016 0.45000000000000007
v 6.09099992 -5.78850016 0.45
v 5.94100016 -5.78850016 0.51000002
v 6.09099992 -5.78850016 1.4977240584778648
v 5.94100016 -5.78850016 1.4975797457436573
v 6.09099992 -5.78850016 1.4977240584778648
v 5.94100016 -5.78850016 0.51000002
v 6.09099992 -5.78850016 0.45
v 5.94100016 -5.78850016 1.4975797457436573
v 6.09099992 -5.78850016 2.5237618062058935
v 5.94100016 -5.78850016 2.5239737869540053
v 6.09099992 -5.78850016 2.5237618062058935
v 5.94100016 -5.78850016 1.4975797457436573
v 6.09099992 -5.78850016 1.4977240584778648
v 5.94100016 -5.78850016 2.5239737869540053
v 6.09099992 -5.78850016 3.5689999799999996
v 5.94100016 -5.78850016 3.5689999799999996
v 6.09099992 -5.78850016 3.5689999799999996
v 5.94100016 -5.78850016 2.5239737869540053
v 6.09099992 -5.78850016 2.5237618062058935
v 5.94100016 -5.93849992 2.5846688795077797
v 5.94100016 -5.78850016 3.56899998
v 5.94100016 -5.93849992 3.56899998
v 5.94100016 -5.78850016 3.56899998
v 5.94100016 -5.93849992 2.5846688795077797
v 5.94100016 -5.78850016 2.5846109818021143
v 5.94100016 -5.78850016 2.5846109818021143
v 5.94100016 -5.93849992 1.6046983570692839
v 5.94100016 -5.78850016 1.6040926905832138
v 5.94100016 -5.93849992 1.6046983570692839
v 5.94100016 -5.78850016 2.5846109818021143
v 5.94100016 -5.93849992 2.5846688795077797
v 5.94100016 -5.78850016 1.6040926905832138
v 5.94100016 -5.93849992 0.5100000200000006
v 5.94100016 -5.78850016 0.5100000200000007
v 5.94100016 -5.93849992 0.5100000200000006
v 5.94100016 -5.78850016 1.6040926905832138
v 5.94100016 -5.93849992 1.6046983570692839
v 5.94100016 -5.93849992 2.3580968469821624
v 5.94100016 -5.93849992 3.56899998
v 6.09099992 -5.93849992 3.56899998
v 6.09099992 -5.93849992 3.56899998
v 6.09099992 -5.93849992 2.3571751907139578
v 5.94100016 -5.93849992 2.3580968469821624
v 6.09099992 -5.93849992 2.3571751907139578
v 6.09099992 -5.93849992 1.3671582335215244
v 5.94100016 -5.93849992 1.3676670675134008
v 5.94100016 -5.93849992 1.3676670675134008
v 5.94100016 -5.93849992 2.3580968469821624
v 6.09099992 -5.93849992 2.3571751907139578
v 5.94100016 -5.93849992 0.5100000199999998
v 6.09099992 -5.93849992 0.45000000000000007
v 5.94100016 -5.93849992 0.4500000000000002
v 6.09099992 -5.93849992 1.3671582335215244
v 5.94100016 -5.93849992 0.5100000199999998
v 5.94100016 -5.93849992 1.3676670675134008
v 6.09099992 -5.93849992 0.45000000000000007
v 5.94100016 -5.93849992 0.5100000199999998
v 6.09099992 -5.93849992 1.3671582335215244
v 4.31600012 -5.93849992 1.6413636643121654
v 4.31600012 -5.78850016 0.51000002
v 4.31600012 -5.93849992 0.51000002
v 4.31600012 -5.78850016 0.51000002
v 4.31600012 -5.93849992 1.6413636643121654
v 4.31600012 -5.78850016 1.641969330798236
v 4.31600012 -5.78850016 1.641969330798236
v 4.31600012 -5.93849992 2.6218739650108187
v 4.31600012 -5.78850016 2.6219318627164836
v 4.31600012 -5.93849992 2.6218739650108187
v 4.31600012 -5.78850016 1.641969330798236
v 4.31600012 -5.93849992 1.6413636643121654
v 4.31600012 -5.78850016 2.6219318627164836
v 4.31600012 -5.93849992 3.5689999799999996
v 4.31600012 -5.78850016 3.5689999799999996
v 4.31600012 -5.93849992 3.5689999799999996
v 4.31600012 -5.78850016 2.6219318627164836
v 4.31600012 -5.93849992 2.6218739650108187
v 4.31600012 -5.78850016 2.3582302194915745
v 4.31600012 -5.78850016 3.56899998
v 4.16599998 -5.78850016 3.56899998
v 4.16599998 -5.78850016 3.56899998
v 4.16599998 -5.78850016 2.357167374797738
v 4.31600012 -5.78850016 2.3582302194915745
v 4.16599998 -5.78850016 2.357167374797738
v 4.16599998 -5.78850016 1.3475479565486113
v 4.316000120000001 -5.78850016 1.347009959524479
v 4.316000120000001 -5.78850016 1.347009959524479
v 4.31600012 -5.78850016 2.3582302194915745
v 4.16599998 -5.78850016 2.357167374797738
v 4.31600012 -5.78850016 0.5100000200000001
v 4.16599998 -5.78850016 0.45000000000000023
v 4.31600012 -5.78850016 0.4500000000000003
v 4.16599998 -5.78850016 0.5100000200000006
v 4.316000120000001 -5.78850016 1.347009959524479
v 4.16599998 -5.78850016 1.3475479565486113
v 4.16599998 -5.78850016 0.45000000000000023
v 4.31600012 -5.78850016 0.5100000200000001
v 4.16599998 -5.78850016 0.5100000200000006
v 4.316000120000001 -5.78850016 1.347009959524479
v 4.16599998 -5.78850016 0.5100000200000006
v 4.31600012 -5.78850016 0.5100000200000001
v 4.16599998 -5.93849992 2.5846688795077797
v 4.16599998 -5.78850016 3.56899998
v 4.16599998 -5.93849992 3.56899998
v 4.16599998 -5.78850016 3.56899998
v 4.16599998 -5.93849992 2.5846688795077797
v 4.16599998 -5.78850016 2.5846109818021143
v 4.16599998 -5.78850016 2.5846109818021143
v 4.16599998 -5.93849992 1.6046983570692839
v 4.16599998 -5.78850016 1.6040926905832138
v 4.16599998 -5.93849992 1.6046983570692839
v 4.16599998 -5.78850016 2.5846109818021143
v 4.16599998 -5.93849992 2.5846688795077797
v 4.16599998 -5.78850016 1.6040926905832138
v 4.16599998 -5.93849992 0.5100000200000006
v 4.16599998 -5.78850016 0.5100000200000007
v 4.16599998 -5.93849992 0.5100000200000006
v 4.16599998 -5.78850016 1.6040926905832138
v 4.16599998 -5.93849992 1.6046983570692839
v 4.16599998 -5.93849992 2.4376201698914364
v 4.16599998 -5.93849992 3.56899998
v 4.31600012 -5.93849992 3.56899998
v 4.31600012 -5.93849992 3.56899998
v 4.31600012 -5.93849992 2.437014483281845
v 4.16599998 -5.93849992 2.4376201698914364
v 4.31600012 -5.93849992 2.437014483281845
v 4.31600012 -5.93849992 1.4117557133710052
v 4.16599998 -5.93849992 1.4111575639903304
v 4.16599998 -5.93849992 1.4111575639903304
v 4.16599998 -5.93849992 2.4376201698914364
v 4.31600012 -5.93849992 2.437014483281845
v 4.16599998 -5.93849992 0.5100000200000001
v 4.31600012 -5.93849992 0.45000000000000023
v 4.16599998 -5.93849992 0.4500000000000003
v 4.31600012 -5.93849992 0.5100000200000006
v 4.16599998 -5.93849992 1.4111575639903304
v 4.31600012 -5.93849992 1.4117557133710052
v 4.31600012 -5.93849992 0.45000000000000023
v 4.16599998 -5.93849992 0.5100000200000001
v 4.31600012 -5.93849992 0.5100000200000006
v 4.16599998 -5.93849992 1.4111575639903304
v 4.31600012 -5.93849992 0.5100000200000006
v 4.16599998 -5.93849992 0.5100000200000001
v 2.55299998 -5.93849992 1.4943311204922207
v 2.55299998 -5.78850016 0.51000002
v 2.55299998 -5.93849992 0.51000002
v 2.55299998 -5.78850016 0.51000002
v 2.55299998 -5.93849992 1.4943311204922207
v 2.55299998 -5.78850016 1.4943890181978856
v 2.55299998 -5.78850016 1.4943890181978856
v 2.55299998 -5.93849992 2.4743016429307163
v 2.55299998 -5.78850016 2.4749073094167864
v 2.55299998 -5.93849992 2.4743016429307163
v 2.55299998 -5.78850016 1.4943890181978856
v 2.55299998 -5.93849992 1.4943311204922207
v 2.55299998 -5.78850016 2.4749073094167864
v 2.55299998 -5.93849992 3.5689999799999996
v 2.55299998 -5.78850016 3.5689999799999996
v 2.55299998 -5.93849992 3.5689999799999996
v 2.55299998 -5.78850016 2.4749073094167864
v 2.55299998 -5.93849992 2.4743016429307163
v 2.55299998 -5.78850016 1.999395031793578
v 2.55299998 -5.78850016 3.56899998
v 2.40300003 -5.78850016 3.56899998
v 2.40300003 -5.78850016 3.56899998
v 2.40300003 -5.78850016 1.9981173773165954
v 2.55299998 -5.78850016 1.999395031793578
v 2.55299998 -5.78850016 0.51000002
v 2.40300003 -5.78850016 0.4499999999999998
v 2.55299998 -5.78850016 0.4500000000000002
v 2.40300003 -5.78850016 1.9981173773165954
v 2.55299998 -5.78850016 0.51000002
v 2.55299998 -5.78850016 1.999395031793578
v 2.40300003 -5.78850016 0.4499999999999998
v 2.55299998 -5.78850016 0.51000002
v 2.40300003 -5.78850016 1.9981173773165954
v 2.40300003 -5.93849992 1.999408723362989
v 2.40300003 -5.78850016 3.56899998
v 2.40300003 -5.93849992 3.56899998
v 2.40300003 -5.78850016 3.56899998
v 2.40300003 -5.93849992 1.999408723362989
v 2.40300003 -5.78850016 1.998131079621476
v 2.40300003 -5.78850016 1.998131079621476
v 2.40300003 -5.93849992 0.4500000000000002
v 2.40300003 -5.78850016 0.45000000000000007
v 2.40300003 -5.93849992 0.4500000000000002
v 2.40300003 -5.78850016 1.998131079621476
v 2.40300003 -5.93849992 1.999408723362989
v 2.40300003 -5.93849992 0.45
v 2.55299998 -5.93849992 0.51000002
v 2.55299998 -5.93849992 0.45
v 2.55299998 -5.93849992 0.51000002
v 2.40300003 -5.93849992 0.45
v 2.40300003 -5.93849992 2.019579259282328
v 2.55299998 -5.93849992 0.51000002
v 2.40300003 -5.93849992 2.019579259282328
v 2.55299998 -5.93849992 2.0209980864868715
v 2.55299998 -5.93849992 2.0209980864868715
v 2.40300003 -5.93849992 3.56899998
v 2.55299998 -5.93849992 3.5689999799999996
v 2.40300003 -5.93849992 3.56899998
v 2.55299998 -5.93849992 2.0209980864868715
v 2.40300003 -5.93849992 2.019579259282328
v 0.77700001 -5.93849992 2.0195912566370113
v 0.77700001 -5.78850016 0.45
v 0.77700001 -5.93849992 0.45
v 0.77700001 -5.78850016 0.45
v 0.77700001 -5.93849992 2.0195912566370113
v 0.77700001 -5.78850016 2.0208689003785243
v 0.77700001 -5.78850016 2.0208689003785243
v 0.77700001 -5.93849992 3.56899998
v 0.77700001 -5.78850016 3.56899998
v 0.77700001 -5.93849992 3.56899998
v 0.77700001 -5.78850016 2.0208689003785243
v 0.77700001 -5.93849992 2.0195912566370113
v 0.627 -5.78850016 0.51000002
v 0.627 -5.78850016 0.45
v 0.77700001 -5.78850016 0.45
v 0.627 -5.78850016 0.51000002
v 0.77700001 -5.78850016 2.0195792584798
v 0.627 -5.78850016 2.0209980891872177
v 0.77700001 -5.78850016 2.0195792584798
v 0.627 -5.78850016 0.51000002
v 0.77700001 -5.78850016 0.45
v 0.627 -5.78850016 2.0209980891872177
v 0.77700001 -5.78850016 3.56899998
v 0.627 -5.78850016 3.56899998
v 0.77700001 -5.78850016 3.56899998
v 0.627 -5.78850016 2.0209980891872177
v 0.77700001 -5.78850016 2.0195792584798
v 0.627 -5.93849992 2.4376363356878343
v 0.627 -5.78850016 3.56899998
v 0.627 -5.93849992 3.56899998
v 0.627 -5.78850016 3.56899998
v 0.627 -5.93849992 2.4376363356878343
v 0.627 -5.78850016 2.4370306692017643
v 0.627 -5.78850016 2.4370306692017643
v 0.627 -5.93849992 1.4571260349891815
v 0.627 -5.78850016 1.4570681372835166
v 0.627 -5.93849992 1.4571260349891815
v 0.627 -5.78850016 2.4370306692017643
v 0.627 -5.93849992 2.4376363356878343
v 0.627 -5.78850016 1.4570681372835166
v 0.627 -5.93849992 0.5100000200000006
v 0.627 -5.78850016 0.5100000200000007
v 0.627 -5.93849992 0.5100000200000006
v 0.627 -5.78850016 1.4570681372835166
v 0.627 -5.93849992 1.4571260349891815
v 0.627 -5.93849992 1.9993950372904599
v 0.627 -5.93849992 3.56899998
v 0.77700001 -5.93849992 3.56899998
v 0.77700001 -5.93849992 3.56899998
v 0.77700001 -5.93849992 1.9981173794233251
v 0.627 -5.93849992 1.9993950372904599
v 0.627 -5.93849992 0.5100000199999994
v 0.77700001 -5.93849992 0.44999999999999973
v 0.627 -5.93849992 0.4500000000000002
v 0.77700001 -5.93849992 1.9981173794233251
v 0.627 -5.93849992 0.5100000199999994
v 0.627 -5.93849992 1.9993950372904599
v 0.77700001 -5.93849992 0.44999999999999973
v 0.627 -5.93849992 0.5100000199999994
v 0.77700001 -5.93849992 1.9981173794233251
v 4.31600012 -5.93849992 5.914285039552303
v 4.31600012 -5.78850016 4.98499998
v 4.31600012 -5.93849992 4.98499998
v 4.31600012 -5.78850016 4.98499998
v 4.31600012 -5.93849992 5.914285039552303
v 4.31600012 -5.78850016 5.91669891607382
v 4.31600012 -5.78850016 5.91669891607382
v 4.31600012 -5.93849992 6.74499992
v 4.31600012 -5.78850016 6.74499992
v 4.31600012 -5.93849992 6.74499992
v 4.31600012 -5.78850016 5.91669891607382
v 4.31600012 -5.93849992 5.914285039552303
v 5.94100016 -5.78850016 3.98500017
v 4.31600012 -5.78850016 4.98499998
v 4.31600012 -5.78850016 3.9850001699999997
v 4.31600012 -5.78850016 4.98499998
v 5.94100016 -5.78850016 3.98500017
v 5.94100016 -5.78850016 4.98499998
v 5.155161570930273 -5.78850016 4.98499998
v 5.94100016 -5.78850016 4.98499998
v 5.94100016 -5.93849992 4.98499998
v 5.94100016 -5.93849992 4.98499998
v 5.153155765913924 -5.93849992 4.98499998
v 5.155161570930273 -5.78850016 4.98499998
v 5.153155765913924 -5.93849992 4.98499998
v 4.31600012 -5.93849992 4.98499998
v 4.31600012 -5.78850016 4.98499998
v 4.31600012 -5.78850016 4.98499998
v 5.155161570930273 -5.78850016 4.98499998
v 5.153155765913924 -5.93849992 4.98499998
v 4.31600012 -5.93849992 4.98499998
v 5.94100016 -5.93849992 4.14500009
v 4.316000120000001 -5.93849992 4.14500009
v 5.94100016 -5.93849992 4.14500009
v 4.31600012 -5.93849992 4.98499998
v 5.94100016 -5.93849992 4.98499998
v 2.55299998 -5.93849992 4.14500009
v 4.16599998 -5.93849992 4.98499998
v 4.16599998 -5.93849992 4.14500009
v 4.16599998 -5.93849992 4.98499998
v 2.55299998 -5.93849992 4.14500009
v 2.55299998 -5.93849992 4.984999980000001
v 4.16599998 -5.93849992 5.877854762879192
v 4.16599998 -5.78850016 6.74499992
v 4.16599998 -5.93849992 6.74499992
v 4.16599998 -5.78850016 6.74499992
v 4.16599998 -5.93849992 5.877854762879192
v 4.16599998 -5.78850016 5.8752145079701235
v 4.16599998 -5.78850016 5.8752145079701235
v 4.16599998 -5.93849992 4.98499998
v 4.16599998 -5.78850016 4.9849999799999996
v 4.16599998 -5.93849992 4.98499998
v 4.16599998 -5.78850016 5.8752145079701235
v 4.16599998 -5.93849992 5.877854762879192
v 2.40300003 -5.93849992 5.815714860447696
v 2.40300003 -5.78850016 6.74499992
v 2.40300003 -5.93849992 6.74499992
v 2.40300003 -5.78850016 6.74499992
v 2.40300003 -5.93849992 5.815714860447696
v 2.40300003 -5.78850016 5.81330098392618
v 2.40300003 -5.78850016 5.81330098392618
v 2.40300003 -5.93849992 4.98499998
v 2.40300003 -5.78850016 4.9849999799999996
v 2.40300003 -5.93849992 4.98499998
v 2.40300003 -5.78850016 5.81330098392618
v 2.40300003 -5.93849992 5.815714860447696
v 1.486989283428124 -5.78850016 4.98499998
v 2.40300003 -5.78850016 4.98499998
v 2.40300003 -5.93849992 4.98499998
v 2.40300003 -5.93849992 4.98499998
v 1.4855748094641215 -5.93849992 4.98499998
v 1.486989283428124 -5.78850016 4.98499998
v 1.4855748094641215 -5.93849992 4.98499998
v 0.77700001 -5.93849992 4.98499998
v 0.7770000100000001 -5.78850016 4.98499998
v 0.7770000100000001 -5.78850016 4.98499998
v 1.486989283428124 -5.78850016 4.98499998
v 1.4855748094641215 -5.93849992 4.98499998
v 3.3162648674218134 -5.78850016 4.98499998
v 4.16599998 -5.78850016 4.98499998
v 4.16599998 -5.93849992 4.98499998
v 4.16599998 -5.93849992 4.98499998
v 3.3141041660391455 -5.93849992 4.98499998
v 3.3162648674218134 -5.78850016 4.98499998
v 3.3141041660391455 -5.93849992 4.98499998
v 2.55299998 -5.93849992 4.98499998
v 2.55299998 -5.78850016 4.98499998
v 2.55299998 -5.78850016 4.98499998
v 3.3162648674218134 -5.78850016 4.98499998
v 3.3141041660391455 -5.93849992 4.98499998
v 7.87300006 -5.78850016 4.98499998
v 7.87300006 -5.78850016 3.98500017
v 9.50600038 -5.78850016 3.98500017
v 9.50600038 -5.78850016 3.98500017
v 9.50600038 -5.78850016 4.98499998
v 7.87300006 -5.78850016 4.98499998
v 11.27700004 -5.78850016 4.98499998
v 9.65599976 -5.78850016 4.98499998
v 9.65599976 -5.78850016 3.9850001699999997
v 9.65599976 -5.78850016 3.9850001699999997
v 11.27700004 -5.78850016 3.98500017
v 11.27700004 -5.78850016 4.98499998
v 13.04199928 -5.78850016 4.98499998
v 11.42700018 -5.78850016 4.98499998
v 11.42700018 -5.78850016 3.98500017
v 11.42700018 -5.78850016 3.98500017
v 13.04199928 -5.78850016 3.98500017
v 13.04199928 -5.78850016 4.98499998
v 7.87300006 -5.93849992 5.914285039552303
v 7.87300006 -5.78850016 4.98499998
v 7.87300006 -5.93849992 4.98499998
v 7.87300006 -5.78850016 4.98499998
v 7.87300006 -5.93849992 5.914285039552303
v 7.87300006 -5.78850016 5.91669891607382
v 7.87300006 -5.78850016 5.91669891607382
v 7.87300006 -5.93849992 6.74499992
v 7.87300006 -5.78850016 6.74499992
v 7.87300006 -5.93849992 6.74499992
v 7.87300006 -5.78850016 5.91669891607382
v 7.87300006 -5.93849992 5.914285039552303
v 9.65599976 -5.93849992 5.914285039552303
v 9.65599976 -5.78850016 4.98499998
v 9.65599976 -5.93849992 4.98499998
v 9.65599976 -5.78850016 4.98499998
v 9.65599976 -5.93849992 5.914285039552303
v 9.65599976 -5.78850016 5.91669891607382
v 9.65599976 -5.78850016 5.91669891607382
v 9.65599976 -5.93849992 6.74499992
v 9.65599976 -5.78850016 6.74499992
v 9.65599976 -5.93849992 6.74499992
v 9.65599976 -5.78850016 5.91669891607382
v 9.65599976 -5.93849992 5.914285039552303
v 7.87300006 -5.93849992 4.14500009
v 9.50600038 -5.93849992 4.98499998
v 9.50600038 -5.93849992 4.14500009
v 9.50600038 -5.93849992 4.98499998
v 7.87300006 -5.93849992 4.14500009
v 7.873000060000001 -5.93849992 4.98499998
v 9.65599976 -5.93849992 4.98499998
v 11.27700004 -5.93849992 4.14500009
v 9.65599976 -5.93849992 4.145000089999999
v 11.27700004 -5.93849992 4.14500009
v 9.65599976 -5.93849992 4.98499998
v 11.27700004 -5.93849992 4.98499998
v 11.42700018 -5.93849992 4.14500009
v 13.04199928 -5.93849992 4.98499998
v 13.04199928 -5.93849992 4.14500009
v 13.04199928 -5.93849992 4.98499998
v 11.42700018 -5.93849992 4.14500009
v 11.42700018 -5.93849992 4.98499998
v 8.72190594920456 -5.78850016 4.98499998
v 9.50600038 -5.78850016 4.98499998
v 9.50600038 -5.93849992 4.98499998
v 9.50600038 -5.93849992 4.98499998
v 8.718711699859147 -5.938499920000001 4.98499998
v 8.72190594920456 -5.78850016 4.98499998
v 8.718711699859147 -5.938499920000001 4.98499998
v 7.873000060000001 -5.93849992 4.98499998
v 7.87300006 -5.78850016 4.98499998
v 7.87300006 -5.78850016 4.98499998
v 8.72190594920456 -5.78850016 4.98499998
v 8.718711699859147 -5.938499920000001 4.98499998
v 10.491192688162677 -5.78850016 4.98499998
v 11.27700004 -5.78850016 4.98499998
v 11.27700004 -5.93849992 4.98499998
v 11.27700004 -5.93849992 4.98499998
v 10.489153001563224 -5.93849992 4.98499998
v 10.491192688162677 -5.78850016 4.98499998
v 10.489153001563224 -5.93849992 4.98499998
v 9.65599976 -5.93849992 4.98499998
v 9.65599976 -5.78850016 4.98499998
v 9.65599976 -5.78850016 4.98499998
v 10.491192688162677 -5.78850016 4.98499998
v 10.489153001563224 -5.93849992 4.98499998
v 12.256239006910905 -5.78850016 4.98499998
v 13.04199928 -5.78850016 4.98499998
v 13.04199928 -5.93849992 4.98499998
v 13.04199928 -5.93849992 4.98499998
v 12.254148172379777 -5.93849992 4.98499998
v 12.256239006910905 -5.78850016 4.98499998
v 12.254148172379777 -5.93849992 4.98499998
v 11.42700018 -5.93849992 4.98499998
v 11.42700018 -5.78850016 4.98499998
v 11.42700018 -5.78850016 4.98499998
v 12.256239006910905 -5.78850016 4.98499998
v 12.254148172379777 -5.93849992 4.98499998
v 0.7340000099999997 5.72650007 3.98500017
v 2.34300001 5.72650007 4.98499998
v 2.34300001 5.72650007 3.9850001699999997
v 2.34300001 5.72650007 4.98499998
v 0.7340000099999997 5.72650007 3.98500017
v 0.7340000099999997 5.72650007 4.9849999799999996
v 4.25900011 5.72650007 3.98500017
v 5.89200005 5.72650007 4.98499998
v 5.89200005 5.72650007 3.98500017
v 5.89200005 5.72650007 4.98499998
v 4.25900011 5.72650007 3.98500017
v 4.25900011 5.72650007 4.98499998
v 2.4929999600000006 5.72650007 3.98500017
v 4.10899997 5.72650007 4.98499998
v 4.10899997 5.72650007 3.98500017
v 4.10899997 5.72650007 4.98499998
v 2.4929999600000006 5.72650007 3.98500017
v 2.4929999599999997 5.72650007 4.984999980000001
v 5.89200005 5.72650007 5.877854762879192
v 5.89200005 5.87649983 6.74499992
v 5.89200005 5.72650007 6.74499992
v 5.89200005 5.87649983 6.74499992
v 5.89200005 5.72650007 5.877854762879192
v 5.89200005 5.87649983 5.8752145079701235
v 5.89200005 5.87649983 5.8752145079701235
v 5.89200005 5.72650007 4.98499998
v 5.89200005 5.87649983 4.9849999799999996
v 5.89200005 5.72650007 4.98499998
v 5.89200005 5.87649983 5.8752145079701235
v 5.89200005 5.72650007 5.877854762879192
v 4.10899997 5.72650007 5.877854762879192
v 4.10899997 5.87649983 6.74499992
v 4.10899997 5.72650007 6.74499992
v 4.10899997 5.87649983 6.74499992
v 4.10899997 5.72650007 5.877854762879192
v 4.10899997 5.87649983 5.8752145079701235
v 4.10899997 5.87649983 5.8752145079701235
v 4.10899997 5.72650007 4.98499998
v 4.10899997 5.87649983 4.9849999799999996
v 4.10899997 5.72650007 4.98499998
v 4.10899997 5.87649983 5.8752145079701235
v 4.10899997 5.72650007 5.877854762879192
v 2.34300001 5.72650007 5.815714860447696
v 2.34300001 5.87649983 6.74499992
v 2.34300001 5.72650007 6.74499992
v 2.34300001 5.87649983 6.74499992
v 2.34300001 5.72650007 5.815714860447696
v 2.34300001 5.87649983 5.81330098392618
v 2.34300001 5.87649983 5.81330098392618
v 2.34300001 5.72650007 4.98499998
v 2.34300001 5.87649983 4.9849999799999996
v 2.34300001 5.72650007 4.98499998
v 2.34300001 5.87649983 5.81330098392618
v 2.34300001 5.72650007 5.815714860447696
v 7.8230000099999994 5.72650007 4.98499998
v 9.44999993 5.72650007 4.98499998
v 9.44999993 5.72650007 3.98500017
v 9.44999993 5.72650007 3.98500017
v 7.82300001 5.72650007 3.98500017
v 7.8230000099999994 5.72650007 4.98499998
v 9.60000007 5.72650007 3.98500017
v 11.22600005 5.72650007 4.98499998
v 11.22600005 5.72650007 3.98500017
v 11.22600005 5.72650007 4.98499998
v 9.60000007 5.72650007 3.98500017
v 9.60000007 5.72650007 4.98499998
v 11.3760002 5.72650007 4.9849999799999996
v 12.99900035 5.72650007 4.98499998
v 12.99900035 5.72650007 3.9850001699999997
v 12.99900035 5.72650007 3.9850001699999997
v 11.3760002 5.72650007 3.98500017
v 11.3760002 5.72650007 4.9849999799999996
v 12.99900035 5.72650007 5.815714860447696
v 12.99900035 5.87649983 6.74499992
v 12.99900035 5.72650007 6.74499992
v 12.99900035 5.87649983 6.74499992
v 12.99900035 5.72650007 5.815714860447696
v 12.99900035 5.87649983 5.81330098392618
v 12.99900035 5.87649983 5.81330098392618
v 12.99900035 5.72650007 4.98499998
v 12.99900035 5.87649983 4.9849999799999996
v 12.99900035 5.72650007 4.98499998
v 12.99900035 5.87649983 5.81330098392618
v 12.99900035 5.72650007 5.815714860447696
v 11.22600005 5.72650007 5.877854762879192
v 11.22600005 5.87649983 6.74499992
v 11.22600005 5.72650007 6.74499992
v 11.22600005 5.87649983 6.74499992
v 11.22600005 5.72650007 5.877854762879192
v 11.22600005 5.87649983 5.8752145079701235
v 11.22600005 5.87649983 5.8752145079701235
v 11.22600005 5.72650007 4.98499998
v 11.22600005 5.87649983 4.9849999799999996
v 11.22600005 5.72650007 4.98499998
v 11.22600005 5.87649983 5.8752145079701235
v 11.22600005 5.72650007 5.877854762879192
v 9.44999993 5.72650007 5.815714860447696
v 9.44999993 5.87649983 6.74499992
v 9.44999993 5.72650007 6.74499992
v 9.44999993 5.87649983 6.74499992
v 9.44999993 5.72650007 5.815714860447696
v 9.44999993 5.87649983 5.81330098392618
v 9.44999993 5.87649983 5.81330098392618
v 9.44999993 5.72650007 4.98499998
v 9.44999993 5.87649983 4.9849999799999996
v 9.44999993 5.72650007 4.98499998
v 9.44999993 5.87649983 5.81330098392618
v 9.44999993 5.72650007 5.815714860447696
v 4.10899997 5.87649983 4.14500009
v 2.49299996 5.87649983 4.98499998
v 2.49299996 5.87649983 4.14500009
v 2.49299996 5.87649983 4.98499998
v 4.10899997 5.87649983 4.14500009
v 4.108999969999999 5.87649983 4.98499998
v 3.1930684443527175 5.87649983 4.98499998
v 4.10899997 5.87649983 4.98499998
v 4.10899997 5.72650007 4.98499998
v 4.10899997 5.72650007 4.98499998
v 3.19156906062801 5.726500069999999 4.98499998
v 3.1930684443527175 5.87649983 4.98499998
v 3.19156906062801 5.726500069999999 4.98499998
v 2.49299996 5.72650007 4.98499998
v 2.4929999600000006 5.87649983 4.98499998
v 2.4929999600000006 5.87649983 4.98499998
v 3.1930684443527175 5.87649983 4.98499998
v 3.19156906062801 5.726500069999999 4.98499998
v 5.89200005 5.87649983 4.98499998
v 4.25900011 5.87649983 4.98499998
v 4.25900011 5.87649983 4.14500009
v 4.25900011 5.87649983 4.14500009
v 5.89200005 5.87649983 4.14500009
v 5.89200005 5.87649983 4.98499998
v 4.9862099379944755 5.87649983 4.98499998
v 5.89200005 5.87649983 4.98499998
v 5.89200005 5.72650007 4.98499998
v 5.89200005 5.72650007 4.98499998
v 4.983015685468235 5.72650007 4.98499998
v 4.9862099379944755 5.87649983 4.98499998
v 4.983015685468235 5.72650007 4.98499998
v 4.25900011 5.726500069999999 4.98499998
v 4.25900011 5.87649983 4.98499998
v 4.25900011 5.87649983 4.98499998
v 4.9862099379944755 5.87649983 4.98499998
v 4.983015685468235 5.72650007 4.98499998
v 2.34300001 5.87649983 4.14500009
v 0.73400001 5.87649983 4.98499998
v 0.7340000099999999 5.87649983 4.14500009
v 0.73400001 5.87649983 4.98499998
v 2.34300001 5.87649983 4.14500009
v 2.34300001 5.87649983 4.98499998
v 1.5572870538632237 5.87649983 4.98499998
v 2.34300001 5.87649983 4.98499998
v 2.34300001 5.72650007 4.98499998
v 2.34300001 5.72650007 4.98499998
v 1.555144710570084 5.72650007 4.98499998
v 1.5572870538632237 5.87649983 4.98499998
v 1.555144710570084 5.72650007 4.98499998
v 0.7340000099999998 5.72650007 4.98499998
v 0.7340000099999999 5.87649983 4.98499998
v 0.7340000099999999 5.87649983 4.98499998
v 1.5572870538632237 5.87649983 4.98499998
v 1.555144710570084 5.72650007 4.98499998
v 9.44999993 5.87649983 4.984999980000001
v 7.82300001 5.87649983 4.98499998
v 7.82300001 5.87649983 4.14500009
v 7.82300001 5.87649983 4.14500009
v 9.44999993 5.87649983 4.14500009
v 9.44999993 5.87649983 4.984999980000001
v 8.664145764274682 5.87649983 4.98499998
v 9.44999993 5.87649983 4.98499998
v 9.44999993 5.72650007 4.98499998
v 9.44999993 5.72650007 4.98499998
v 8.662156838030688 5.72650007 4.98499998
v 8.664145764274682 5.87649983 4.98499998
v 8.662156838030688 5.72650007 4.98499998
v 7.82300001 5.72650007 4.98499998
v 7.82300001 5.87649983 4.98499998
v 7.82300001 5.87649983 4.98499998
v 8.664145764274682 5.87649983 4.98499998
v 8.662156838030688 5.72650007 4.98499998
v 12.99900035 5.87649983 4.14500009
v 11.3760002 5.87649983 4.98499998
v 11.3760002 5.87649983 4.14500009
v 11.3760002 5.87649983 4.98499998
v 12.99900035 5.87649983 4.14500009
v 12.99900035 5.87649983 4.98499998
v 12.213177365615909 5.87649983 4.98499998
v 12.99900035 5.87649983 4.98499998
v 12.99900035 5.72650007 4.98499998
v 12.99900035 5.72650007 4.98499998
v 12.211154640446942 5.72650007 4.98499998
v 12.213177365615909 5.87649983 4.98499998
v 12.211154640446942 5.72650007 4.98499998
v 11.3760002 5.72650007 4.98499998
v 11.3760002 5.87649983 4.98499998
v 11.3760002 5.87649983 4.98499998
v 12.213177365615909 5.87649983 4.98499998
v 12.211154640446942 5.72650007 4.98499998
v 11.22600005 5.87649983 4.14500009
v 9.60000007 5.87649983 4.98499998
v 9.60000007 5.87649983 4.14500009
v 9.60000007 5.87649983 4.98499998
v 11.22600005 5.87649983 4.14500009
v 11.22600005 5.87649983 4.984999980000001
v 10.440153669112565 5.87649983 4.98499998
v 11.22600005 5.87649983 4.98499998
v 11.22600005 5.72650007 4.98499998
v 11.22600005 5.72650007 4.98499998
v 10.438156308634882 5.72650007 4.98499998
v 10.440153669112565 5.87649983 4.98499998
v 10.438156308634882 5.72650007 4.98499998
v 9.60000007 5.72650007 4.98499998
v 9.60000007 5.87649983 4.98499998
v 9.60000007 5.87649983 4.98499998
v 10.440153669112565 5.87649983 4.98499998
v 10.438156308634882 5.72650007 4.98499998
v -3.76404195 -3.47413058 3.264572277573521
v -3.76404195 -3.47413058 5.49499986
v -3.156042049999999 -4.74513052 5.49499986
v -3.156042049999999 -4.74513052 5.49499986
v -3.1560420499999995 -4.74513052 3.26445926773545
v -3.76404195 -3.47413058 3.264572277573521
v -3.1560420499999995 -4.74513052 3.26445926773545
v -3.15604205 -4.74513052 1.020000050000001
v -3.764041950000001 -3.4741305800000006 1.0200000500000004
v -3.764041950000001 -3.4741305800000006 1.0200000500000004
v -3.76404195 -3.47413058 3.264572277573521
v -3.1560420499999995 -4.74513052 3.26445926773545
v -3.74600003 -3.4655001 1.0200000500000002
v -3.76404195 -3.47413058 5.49499986
v -3.76404195 -3.4741305799999997 1.0200000500000002
v -3.76404195 -3.47413058 5.49499986
v -3.74600003 -3.4655001 1.0200000500000002
v -3.74600003 -3.4655001000000003 5.49499986
v -3.74600003 -3.4655001 5.49499986
v -3.15604205 -4.74513052 5.49499986
v -3.76404195 -3.47413058 5.494999859999999
v -3.15604205 -4.74513052 5.49499986
v -3.74600003 -3.4655001 5.49499986
v -3.13799993 -4.73650004 5.494999860000001
v -3.15604205 -4.74513052 5.49499986
v -3.13799993 -4.73650004 5.49499986
v -3.13799993 -4.73650004 1.020000049999999
v -3.13799993 -4.73650004 1.020000049999999
v -3.15604205 -4.74513052 1.0200000499999993
v -3.15604205 -4.74513052 5.49499986
v -3.15604205 -4.74513052 1.02000005
v -3.74600003 -3.4655001 1.02000005
v -3.76404195 -3.47413058 1.02000005
v -3.74600003 -3.4655001 1.02000005
v -3.15604205 -4.74513052 1.02000005
v -3.13799993 -4.73650004 1.02000005
v -4.67030718 -3.27855221 3.264988732891728
v -4.67030718 -3.27855221 5.49499986
v -4.107307429999998 -4.558552369999999 5.49499986
v -4.107307429999998 -4.558552369999999 5.49499986
v -4.107307429999999 -4.55855237 3.2602461908621554
v -4.67030718 -3.27855221 3.264988732891728
v -4.107307429999999 -4.55855237 3.2602461908621554
v -4.10730743 -4.55855237 1.0200000499999993
v -4.670307180000002 -3.27855221 1.0200000499999995
v -4.670307180000002 -3.27855221 1.0200000499999995
v -4.67030718 -3.27855221 3.264988732891728
v -4.107307429999999 -4.55855237 3.2602461908621554
v -4.65200016 -3.27049998 1.0200000500000002
v -4.67030718 -3.27855221 5.49499986
v -4.67030718 -3.2785522099999995 1.0200000499999997
v -4.67030718 -3.27855221 5.49499986
v -4.65200016 -3.27049998 1.0200000500000002
v -4.65200016 -3.2704999800000003 5.49499986
v -4.65200016 -3.2704999799999994 5.49499986
v -4.10730743 -4.55855237 5.49499986
v -4.67030718 -3.2785522099999995 5.49499986
v -4.10730743 -4.55855237 5.49499986
v -4.65200016 -3.2704999799999994 5.49499986
v -4.08900002 -4.55050015 5.49499986
v -4.10730743 -4.55855237 5.49499986
v -4.08900002 -4.55050015 5.49499986
v -4.08900002 -4.55050015 1.0200000499999997
v -4.08900002 -4.55050015 1.0200000499999997
v -4.10730743 -4.55855237 1.0200000499999993
v -4.10730743 -4.55855237 5.49499986
v -4.10730743 -4.55855237 1.02000005
v -4.65200016 -3.27049998 1.02000005
v -4.67030718 -3.27855221 1.0200000499999997
v -4.65200016 -3.27049998 1.02000005
v -4.10730743 -4.55855237 1.02000005
v -4.08900002 -4.55050015 1.0200000500000002
v -6.068036590000001 -3.12497631 3.2510736502705013
v -6.06803659 -3.12497631 5.49499986
v -5.3350367599999995 -4.316976419999999 5.49499986
v -5.3350367599999995 -4.316976419999999 5.49499986
v -5.3350367599999995 -4.316976419999999 3.2463752550093794
v -6.068036590000001 -3.12497631 3.2510736502705013
v -5.3350367599999995 -4.316976419999999 3.2463752550093794
v -5.33503676 -4.31697642 1.0200000500000002
v -6.068036590000001 -3.12497631 1.0200000500000013
v -6.068036590000001 -3.12497631 1.0200000500000013
v -6.068036590000001 -3.12497631 3.2510736502705013
v -5.3350367599999995 -4.316976419999999 3.2463752550093794
v -6.05100003 -3.11450001 5.49499986
v -5.33503676 -4.31697642 5.49499986
v -6.06803659 -3.1249763100000005 5.494999860000001
v -5.33503676 -4.31697642 5.49499986
v -6.05100003 -3.11450001 5.49499986
v -5.31799981 -4.30649993 5.494999859999999
v -6.05100003 -3.11450001 1.0200000500000002
v -6.06803659 -3.12497631 5.49499986
v -6.068036590000001 -3.124976309999999 1.0200000500000002
v -6.06803659 -3.12497631 5.49499986
v -6.05100003 -3.11450001 1.0200000500000002
v -6.051000029999999 -3.114500010000001 5.49499986
v -5.33503676 -4.31697642 1.02000005
v -6.05100003 -3.11450001 1.02000005
v -6.06803659 -3.12497631 1.0200000499999997
v -6.05100003 -3.11450001 1.02000005
v -5.33503676 -4.31697642 1.02000005
v -5.31799981 -4.30649993 1.0200000500000002
v -5.33503676 -4.31697642 1.0200000500000002
v -5.31799981 -4.30649993 5.49499986
v -5.317999809999999 -4.306499930000001 1.0200000500000002
v -5.31799981 -4.30649993 5.49499986
v -5.33503676 -4.31697642 1.0200000500000002
v -5.335036760000001 -4.316976419999999 5.49499986
v -7.21207761 -2.9129098000000004 3.2517088924903725
v -7.21207761 -2.9129098 5.49499986
v -6.4860773499999995 -4.10390997 5.49499986
v -6.4860773499999995 -4.10390997 5.49499986
v -6.48607735 -4.10390997 3.245711018416858
v -7.21207761 -2.9129098000000004 3.2517088924903725
v -6.48607735 -4.10390997 3.245711018416858
v -6.48607735 -4.10390997 1.020000050000001
v -7.212077610000001 -2.9129098 1.0200000500000002
v -7.212077610000001 -2.9129098 1.0200000500000002
v -7.21207761 -2.9129098000000004 3.2517088924903725
v -6.48607735 -4.10390997 3.245711018416858
v -6.4690001 -4.09350014 5.49499986
v -6.48607735 -4.10390997 5.49499986
v -7.21207761 -2.9129098 5.49499986
v -7.21207761 -2.9129098 5.49499986
v -7.19500036 -2.90249997 5.49499986
v -6.4690001 -4.09350014 5.49499986
v -6.486077350000001 -4.103909969999999 5.49499986
v -6.4690001 -4.09350014 5.49499986
v -6.469000099999999 -4.093500140000001 1.02000005
v -6.469000099999999 -4.093500140000001 1.02000005
v -6.48607735 -4.10390997 1.0200000500000002
v -6.486077350000001 -4.103909969999999 5.49499986
v -6.4690001 -4.09350014 1.02000005
v -7.19500036 -2.90249997 1.02000005
v -7.21207761 -2.9129098 1.02000005
v -7.21207761 -2.9129098 1.02000005
v -6.48607735 -4.10390997 1.02000005
v -6.4690001 -4.09350014 1.02000005
v -7.195000359999999 -2.902499970000001 5.49499986
v -7.21207761 -2.9129098 5.49499986
v -7.212077610000001 -2.912909799999999 1.02000005
v -7.212077610000001 -2.912909799999999 1.02000005
v -7.19500036 -2.90249997 1.0200000500000002
v -7.195000359999999 -2.902499970000001 5.49499986
v -8.22199969 3.43049991 5.49499986
v -8.22199969 1.867852273078244 3.189176204744717
v -8.22199969 3.43049991 3.3315696842832847
v -8.22199969 1.867852273078244 3.189176204744717
v -8.22199969 3.43049991 5.49499986
v -8.22199969 1.4319821053093484 5.49499986
v -8.22199969 1.867852273078244 3.189176204744717
v -8.22199969 1.4319821053093484 5.49499986
v -8.22199969 1.2200220226689302 3.6612029958799535
v -8.22199969 1.4319821053093484 5.49499986
v -8.22199969 0.16140347389558807 3.366995160351228
v -8.22199969 1.2200220226689302 3.6612029958799535
v -8.22199969 -1.140997143444021 4.984975277933128
v -8.22199969 1.4319821053093484 5.49499986
v -8.22199969 -1.1545780252471431 5.49499986
v -8.22199969 0.16140347389558807 3.366995160351228
v -8.22199969 1.4319821053093484 5.49499986
v -8.22199969 -1.140997143444021 4.984975277933128
v -8.22199969 1.867852273078244 3.189176204744717
v -8.22199969 1.577113973315653 1.0200000499999993
v -8.22199969 3.4304999100000004 1.0200000499999993
v -8.22199969 3.4304999100000004 1.0200000499999993
v -8.22199969 3.43049991 3.3315696842832847
v -8.22199969 1.867852273078244 3.189176204744717
v -8.22199969 1.867852273078244 3.189176204744717
v -8.22199969 0.16140347389558807 3.366995160351228
v -8.22199969 -0.19832986994642096 2.7767468050285995
v -8.22199969 -0.19832986994642096 2.7767468050285995
v -8.22199969 0.3814717910775838 1.0200000499999993
v -8.22199969 1.577113973315653 1.0200000499999993
v -8.22199969 0.16140347389558807 3.366995160351228
v -8.22199969 1.867852273078244 3.189176204744717
v -8.22199969 1.2200220226689302 3.6612029958799535
v -8.22199969 1.867852273078244 3.189176204744717
v -8.22199969 -0.19832986994642096 2.7767468050285995
v -8.22199969 1.577113973315653 1.0200000499999993
v -8.22199969 -0.19832986994642096 2.7767468050285995
v -8.22199969 -1.140997143444021 4.984975277933128
v -8.22199969 -2.299363244205121 3.3426136590474487
v -8.22199969 -2.299363244205121 3.3426136590474487
v -8.22199969 -1.627239468511457 2.554245476677858
v -8.22199969 -0.19832986994642096 2.7767468050285995
v -8.22199969 -1.140997143444021 4.984975277933128
v -8.22199969 -0.19832986994642096 2.7767468050285995
v -8.22199969 0.16140347389558807 3.366995160351228
v -8.22199969 0.3814717910775838 1.0200000499999993
v -8.22199969 -1.627239468511457 2.554245476677858
v -8.22199969 -1.9564000034530449 1.0200000499999995
v -8.22199969 -1.627239468511457 2.554245476677858
v -8.22199969 0.3814717910775838 1.0200000499999993
v -8.22199969 -0.19832986994642096 2.7767468050285995
v -8.22199969 -3.539499840000001 5.49499986
v -8.22199969 -1.140997143444021 4.984975277933128
v -8.22199969 -1.1545780252471431 5.49499986
v -8.22199969 -2.299363244205121 3.3426136590474487
v -8.22199969 -3.539499840000001 5.49499986
v -8.22199969 -3.5394998400000013 3.433233723684621
v -8.22199969 -3.539499840000001 5.49499986
v -8.22199969 -2.299363244205121 3.3426136590474487
v -8.22199969 -1.140997143444021 4.984975277933128
v -8.22199969 -3.5394998400000013 1.0200000499999993
v -8.22199969 -2.299363244205121 3.3426136590474487
v -8.22199969 -3.5394998400000013 3.433233723684621
v -8.22199969 -1.627239468511457 2.554245476677858
v -8.22199969 -3.5394998400000013 1.0200000499999993
v -8.22199969 -1.9564000034530449 1.0200000499999995
v -8.22199969 -3.5394998400000013 1.0200000499999993
v -8.22199969 -1.627239468511457 2.554245476677858
v -8.22199969 -2.299363244205121 3.3426136590474487
v -8.20200013 3.430499909999999 5.49499986
v -8.20200013 -3.53949984 5.49499986
v -8.22199969 -3.53949984 5.49499986
v -8.22199969 -3.53949984 5.49499986
v -8.22199969 3.4304999099999995 5.49499986
v -8.20200013 3.430499909999999 5.49499986
v -8.20200013 3.43049991 5.49499986
v -8.22199969 3.43049991 5.49499986
v -8.22199969 3.43049991 1.020000050000001
v -8.22199969 3.43049991 1.020000050000001
v -8.20200013 3.43049991 1.020000050000001
v -8.20200013 3.43049991 5.49499986
v -8.20200013 3.43049991 1.02000005
v -8.22199969 3.43049991 1.02000005
v -8.22199969 -3.539499839999999 1.02000005
v -8.22199969 -3.539499839999999 1.02000005
v -8.20200013 -3.5394998399999995 1.02000005
v -8.20200013 3.43049991 1.02000005
v -8.22199969 -3.53949984 5.49499986
v -8.20200013 -3.53949984 5.49499986
v -8.20200013 -3.53949984 1.020000050000001
v -8.20200013 -3.53949984 1.020000050000001
v -8.22199969 -3.53949984 1.020000050000001
v -8.22199969 -3.53949984 5.49499986
v -3.1442078899999997 4.64177481 3.2607219113431767
v -3.14420789 4.64177481 5.49499986
v -3.7232080100000005 3.3677750499999997 5.49499986
v -3.7232080100000005 3.3677750499999997 5.49499986
v -3.7232080100000005 3.3677750499999997 3.2581200861001367
v -3.1442078899999997 4.64177481 3.2607219113431767
v -3.7232080100000005 3.3677750499999997 3.2581200861001367
v -3.72320801 3.36777505 1.0200000500000002
v -3.1442078899999997 4.64177481 1.0200000499999997
v -3.1442078899999997 4.64177481 1.0200000499999997
v -3.1442078899999997 4.64177481 3.2607219113431767
v -3.7232080100000005 3.3677750499999997 3.2581200861001367
v -3.14420789 4.64177481 5.49499986
v -3.70499982 3.35949998 5.49499986
v -3.72320801 3.36777505 5.49499986
v -3.70499982 3.35949998 5.49499986
v -3.14420789 4.64177481 5.49499986
v -3.1260000800000003 4.63350012 5.49499986
v -3.7232080100000005 3.3677750499999997 5.49499986
v -3.70499982 3.35949998 5.49499986
v -3.7049998199999994 3.3594999800000003 1.0200000500000015
v -3.7049998199999994 3.3594999800000003 1.0200000500000015
v -3.72320801 3.36777505 1.020000050000001
v -3.7232080100000005 3.3677750499999997 5.49499986
v -3.70499982 3.35949998 1.02000005
v -3.14420789 4.64177481 1.02000005
v -3.7232080099999996 3.3677750500000005 1.02000005
v -3.14420789 4.64177481 1.02000005
v -3.70499982 3.35949998 1.02000005
v -3.12600008 4.63350012 1.02000005
v -3.12600008 4.63350012 5.49499986
v -3.14420789 4.64177481 5.49499986
v -3.14420789 4.64177481 1.0200000499999995
v -3.14420789 4.64177481 1.0200000499999995
v -3.12600008 4.63350012 1.0200000499999993
v -3.12600008 4.63350012 5.49499986
v -4.11855287 4.48696953 3.250815079965011
v -4.11855287 4.48696953 5.49499986
v -4.641552730000001 3.18796975 5.49499986
v -4.641552730000001 3.18796975 5.49499986
v -4.641552730000001 3.18796975 3.2463960079698
v -4.11855287 4.48696953 3.250815079965011
v -4.641552730000001 3.18796975 3.2463960079698
v -4.64155273 3.1879697500000006 1.020000050000001
v -4.118552869999999 4.48696953 1.020000050000001
v -4.118552869999999 4.48696953 1.020000050000001
v -4.11855287 4.48696953 3.250815079965011
v -4.641552730000001 3.18796975 3.2463960079698
v -4.10000013 4.47949983 5.494999859999999
v -4.62299999 3.18050005 5.49499986
v -4.64155273 3.18796975 5.494999860000001
v -4.64155273 3.18796975 5.494999860000001
v -4.11855287 4.48696953 5.49499986
v -4.10000013 4.47949983 5.494999859999999
v -4.64155273 3.1879697499999997 5.49499986
v -4.62299999 3.18050005 5.49499986
v -4.62299999 3.1805000500000005 1.0200000499999997
v -4.62299999 3.1805000500000005 1.0200000499999997
v -4.64155273 3.18796975 1.0200000499999993
v -4.64155273 3.1879697499999997 5.49499986
v -4.10000013 4.47949983 1.02000005
v -4.11855287 4.48696953 1.02000005
v -4.64155273 3.18796975 1.02000005
v -4.64155273 3.18796975 1.02000005
v -4.62299999 3.18050005 1.02000005
v -4.10000013 4.47949983 1.02000005
v -4.10000013 4.47949983 5.49499986
v -4.11855287 4.48696953 5.49499986
v -4.11855287 4.48696953 1.0200000499999997
v -4.11855287 4.48696953 1.0200000499999997
v -4.10000013 4.47949983 1.0200000499999993
v -4.10000013 4.47949983 5.49499986
v -5.99607509 2.99206117 3.2599671511715367
v -5.40590414 4.23806844 5.49499986
v -5.99607509 2.9920611700000004 5.494999860000001
v -5.40590414 4.23806844 5.49499986
v -5.99607509 2.99206117 3.2599671511715367
v -5.405904139999999 4.23806844 3.2595224536218783
v -5.405904139999999 4.23806844 3.2595224536218783
v -5.99607509 2.9920611700000004 1.020000050000001
v -5.40590414 4.23806844 1.0200000500000006
v -5.99607509 2.9920611700000004 1.020000050000001
v -5.405904139999999 4.23806844 3.2595224536218783
v -5.99607509 2.99206117 3.2599671511715367
v -5.40590414 4.23806844 5.49499986
v -5.97799984 2.98350006 5.49499986
v -5.99607509 2.99206117 5.494999860000001
v -5.97799984 2.98350006 5.49499986
v -5.40590414 4.23806844 5.49499986
v -5.38782927 4.2295073400000005 5.494999859999999
v -5.38782927 4.2295073400000005 5.49499986
v -5.40590414 4.23806844 5.49499986
v -5.40590414 4.238068439999999 1.02000005
v -5.40590414 4.238068439999999 1.02000005
v -5.38782927 4.22950734 1.0200000500000002
v -5.38782927 4.2295073400000005 5.49499986
v -5.97799984 2.98350006 1.02000005
v -5.40590414 4.23806844 1.02000005
v -5.99607509 2.9920611699999995 1.02000005
v -5.40590414 4.23806844 1.02000005
v -5.97799984 2.98350006 1.02000005
v -5.38782927 4.22950734 1.02000005
v -5.99607509 2.99206117 1.0200000500000002
v -5.97799984 2.98350006 5.49499986
v -5.977999839999999 2.98350006 1.02000005
v -5.97799984 2.98350006 5.49499986
v -5.99607509 2.99206117 1.0200000500000002
v -5.996075090000001 2.99206117 5.49499986
v -6.571872499999999 4.07612058 3.261178795618097
v -6.5718725 4.07612058 5.49499986
v -7.033872210000001 2.75912035 5.49499986
v -7.033872210000001 2.75912035 5.49499986
v -7.03387221 2.75912035 3.2575258163471608
v -6.571872499999999 4.07612058 3.261178795618097
v -7.03387221 2.75912035 3.2575258163471608
v -7.03387221 2.75912035 1.020000050000001
v -6.571872499999999 4.07612058 1.0200000500000004
v -6.571872499999999 4.07612058 1.0200000500000004
v -6.571872499999999 4.07612058 3.261178795618097
v -7.03387221 2.75912035 3.2575258163471608
v -6.55300001 4.06950005 5.49499986
v -7.01499972 2.75250001 5.49499986
v -7.03387221 2.75912035 5.49499986
v -7.03387221 2.75912035 5.49499986
v -6.5718725 4.07612058 5.49499986
v -6.55300001 4.06950005 5.49499986
v -7.03387221 2.75912035 5.49499986
v -7.01499972 2.75250001 5.49499986
v -7.01499972 2.75250001 1.0200000500000008
v -7.01499972 2.75250001 1.0200000500000008
v -7.03387221 2.75912035 1.0200000500000002
v -7.03387221 2.75912035 5.49499986
v -6.55300001 4.06950005 1.0200000500000002
v -6.5718725 4.07612058 1.02000005
v -7.033872210000001 2.75912035 1.0200000499999997
v -7.033872210000001 2.75912035 1.0200000499999997
v -7.01499972 2.7525000099999994 1.02000005
v -6.55300001 4.06950005 1.0200000500000002
v -6.55300001 4.06950005 5.49499986
v -6.5718725 4.07612058 5.49499986
v -6.5718725 4.07612058 1.0200000500000004
v -6.5718725 4.07612058 1.0200000500000004
v -6.55300001 4.06950005 1.0200000500000002
v -6.55300001 4.06950005 5.49499986
v -5.87693624 -0.04036883549370884 6.28104762
v -5.87693624 -3.07749994 6.28104762
v -6.8449364600000004 -2.8845001 5.561047770000001
v -6.8449364600000004 -2.8845001 5.561047770000001
v -6.8449364600000004 -0.03926648640673047 5.561047770000001
v -5.87693624 -0.04036883549370884 6.28104762
v -5.87693624 -0.04036883549370884 6.28104762
v -6.8449364600000004 2.7705000800000006 5.561047770000001
v -5.87693624 2.9794999199999994 6.28104762
v -6.8449364600000004 2.7705000800000006 5.561047770000001
v -5.87693624 -0.04036883549370884 6.28104762
v -6.8449364600000004 -0.03926648640673047 5.561047770000001
v -5.876936241874367 2.9794999334841528 6.281047618605836
v -6.84493646 2.77050008 5.56104777
v -6.83299998 2.77050008 5.54499991
v -6.83299998 2.77050008 5.54499991
v -5.86500015 2.97949992 6.26500015
v -5.876936241874367 2.9794999334841528 6.281047618605836
v -5.87693624 -3.0774999399999987 6.28104762
v -5.86500015 2.97949992 6.26500015
v -5.865000150000001 -3.077499939999999 6.265000149999999
v -5.86500015 2.97949992 6.26500015
v -5.87693624 -3.0774999399999987 6.28104762
v -5.876936239999999 2.97949992 6.281047620000001
v -5.8769362416052555 -3.0774999525055278 6.281047618806003
v -5.86500015 -3.07749994 6.26500015
v -6.83299998 -2.8845001 5.54499991
v -6.83299998 -2.8845001 5.54499991
v -6.84493646 -2.8845001 5.56104777
v -5.8769362416052555 -3.0774999525055278 6.281047618806003
v -6.83299998 2.770500080000001 5.54499991
v -6.84493646 -2.8845001 5.56104777
v -6.83299998 -2.8845001 5.54499991
v -6.84493646 -2.8845001 5.56104777
v -6.83299998 2.770500080000001 5.54499991
v -6.84493646 2.7705000800000015 5.56104777
v -3.83802697 -1.1579727781739089 6.37784675
v -3.83802697 -3.32450018 6.37784675
v -5.21602697 -3.12249991 5.680847049999999
v -5.21602697 -3.12249991 5.680847049999999
v -5.21602697 -1.1647638665441704 5.680847049999999
v -3.83802697 -1.1579727781739089 6.37784675
v -5.21602697 -1.1647638665441704 5.680847049999999
v -5.21602697 0.9589214846499368 5.680847049999999
v -3.83802697 0.9496525658241688 6.37784675
v -3.83802697 0.9496525658241688 6.37784675
v -3.83802697 -1.1579727781739089 6.37784675
v -5.21602697 -1.1647638665441704 5.680847049999999
v -3.83802697 0.9496525658241688 6.37784675
v -5.21602697 3.0345000499999997 5.680847049999999
v -3.83802697 3.25650006 6.37784675
v -5.21602697 3.0345000499999997 5.680847049999999
v -3.83802697 0.9496525658241688 6.37784675
v -5.21602697 0.9589214846499368 5.680847049999999
v -3.8290000000000006 3.25650006 6.36000016
v -5.21602697 3.03450005 5.68084705
v -5.207 3.03450005 5.66300007
v -5.21602697 3.03450005 5.68084705
v -3.8290000000000006 3.25650006 6.36000016
v -3.8380269668194673 3.2565000352070115 6.377846751608708
v -3.83802697 -3.32450018 6.37784675
v -3.829 3.25650006 6.36000016
v -3.829 -3.32450018 6.36000016
v -3.829 3.25650006 6.36000016
v -3.83802697 -3.32450018 6.37784675
v -3.83802697 3.25650006 6.37784675
v -5.21602697 -3.12249991 5.68084705
v -3.829 -3.32450018 6.36000016
v -5.207 -3.1224999099999997 5.66300007
v -3.829 -3.32450018 6.36000016
v -5.21602697 -3.12249991 5.68084705
v -3.8380269673575094 -3.324500157361714 6.377846751336567
v -5.207 3.0345000499999983 5.66300007
v -5.21602697 -3.12249991 5.68084705
v -5.207 -3.12249991 5.66300007
v -5.21602697 -3.12249991 5.68084705
v -5.207 3.0345000499999983 5.66300007
v -5.21602697 3.034500049999999 5.68084705
v 13.19199943 -4.958500049999998 3.98500017
v 15.8480001 -4.95850005 4.64000011
v 15.8480001 -4.958500049999998 3.98500017
v 10.384107747712573 -4.9585000500000005 4.64000011
v 13.19199943 -4.958500049999998 3.98500017
v 10.3841986368756 -4.958500049999999 3.9850001700000006
v 13.19199943 -4.958500049999998 3.98500017
v 10.384107747712573 -4.9585000500000005 4.64000011
v 15.8480001 -4.95850005 4.64000011
v 4.870413410136008 -4.9585000500000005 4.640000110000001
v 6.09099992 -4.958500049999999 3.98500017
v 4.8704577202095996 -4.958500049999999 3.98500017
v 7.722999910000001 -4.958500049999999 3.9850001699999997
v 4.870413410136008 -4.9585000500000005 4.640000110000001
v 10.384107747712573 -4.9585000500000005 4.64000011
v 10.384107747712573 -4.9585000500000005 4.64000011
v 10.3841986368756 -4.958500049999999 3.9850001700000006
v 7.722999910000001 -4.958500049999999 3.9850001699999997
v 4.870413410136008 -4.9585000500000005 4.640000110000001
v 7.722999910000001 -4.958500049999999 3.9850001699999997
v 6.09099992 -4.958500049999999 3.98500017
v -0.7439999800000018 -4.958500050000001 4.64000011
v 0.6270000000000007 -4.95850005 3.98500017
v -0.7439999800000012 -4.95850005 3.98500017
v 0.6270000000000007 -4.95850005 3.98500017
v -0.7439999800000018 -4.958500050000001 4.64000011
v 4.870413410136008 -4.9585000500000005 4.640000110000001
v 0.6270000000000007 -4.95850005 3.98500017
v 4.870413410136008 -4.9585000500000005 4.640000110000001
v 4.8704577202095996 -4.958500049999999 3.98500017
v -0.74399998 -4.95850005 3.98500017
v -0.74399998 -4.57750005 4.64000011
v -0.74399998 -4.95850005 4.64000011
v -0.74399998 -4.57750005 4.64000011
v -0.74399998 -4.95850005 3.98500017
v -0.74399998 -4.57750005 3.9850001700000006
v -0.7439999799999997 4.46649985 3.98500017
v -2.21200006 4.46649985 4.64000011
v -2.21200006 4.46649985 3.98500017
v -2.21200006 4.46649985 4.64000011
v -0.7439999799999997 4.46649985 3.98500017
v -0.7439999799999995 4.46649985 4.64000011
v -0.74399998 4.46649985 3.98500017
v -0.74399998 4.91250015 4.64000011
v -0.74399998 4.46649985 4.64000011
v -0.74399998 4.91250015 4.64000011
v -0.74399998 4.46649985 3.98500017
v -0.74399998 4.91250015 3.98500017
v 15.8480001 4.91250015 3.98500017
v 15.8480001 4.8625001 4.64000011
v 15.8480001 4.91250015 4.64000011
v 15.8480001 4.8625001 4.64000011
v 15.8480001 4.91250015 3.98500017
v 15.8480001 -0.023880456172333496 3.9850001700000006
v 15.8480001 4.8625001 4.64000011
v 15.8480001 -0.023880456172333496 3.9850001700000006
v 15.8480001 -0.023812334228227535 4.64000011
v 15.8480001 -0.023880456172333496 3.9850001700000006
v 15.8480001 -4.958500050000001 3.98500017
v 15.8480001 -4.958500050000001 4.64000011
v 15.8480001 -4.958500050000001 4.64000011
v 15.8480001 -0.023812334228227535 4.64000011
v 15.8480001 -0.023880456172333496 3.9850001700000006
v 0.5840000100000005 4.91250015 3.9850001699999997
v -0.74399998 4.91250015 4.64000011
v -0.74399998 4.91250015 3.98500017
v 0.5840000100000005 4.91250015 3.9850001699999997
v 4.803946486996243 4.91250015 3.98500017
v 4.803956720983891 4.91250015 4.64000011
v -0.74399998 4.91250015 4.64000011
v 0.5840000100000005 4.91250015 3.9850001699999997
v 4.803956720983891 4.91250015 4.64000011
v 10.274873114604757 4.91250015 4.64000011
v 7.672999870000001 4.91250015 3.9850001699999997
v 10.274783832086229 4.91250015 3.98500017
v 7.672999870000001 4.91250015 3.9850001699999997
v 10.274873114604757 4.91250015 4.64000011
v 4.803956720983891 4.91250015 4.64000011
v 4.803956720983891 4.91250015 4.64000011
v 4.803946486996243 4.91250015 3.98500017
v 6.041999810000001 4.91250015 3.9850001700000006
v 7.672999870000001 4.91250015 3.9850001699999997
v 4.803956720983891 4.91250015 4.64000011
v 6.041999810000001 4.91250015 3.9850001700000006
v 13.149000500000001 4.91250015 3.9850001700000006
v 15.848000100000005 4.91250015 3.98500017
v 15.848000100000005 4.91250015 4.64000011
v 13.149000500000001 4.91250015 3.9850001700000006
v 10.274873114604757 4.91250015 4.64000011
v 10.274783832086229 4.91250015 3.98500017
v 10.274873114604757 4.91250015 4.64000011
v 13.149000500000001 4.91250015 3.9850001700000006
v 15.848000100000005 4.91250015 4.64000011
v -0.7439999799999997 -4.57750005 3.98500017
v -2.21200006 -4.57750005 4.64000011
v -2.21200006 -4.57750005 3.98500017
v -2.21200006 -4.57750005 4.64000011
v -0.7439999799999997 -4.57750005 3.98500017
v -0.7439999799999995 -4.57750005 4.64000011
v -0.69399998 -4.9085 3.98500017
v -0.69399998 -4.5275 3.56899998
v -0.69399998 -4.9085 3.56899998
v -0.69399998 -4.5275 4.64000011
v -0.69399998 -4.9085 3.98500017
v -0.69399998 -4.9085 4.64000011
v -0.69399998 -4.5275 3.56899998
v -0.69399998 -4.9085 3.98500017
v -0.69399998 -4.5275 4.64000011
v 15.63099939 5.72650007 6.74499992
v 16.85850430698037 4.585588621335444 6.74499992
v 16.554278402093317 6.60949966 6.74499992
v 16.554278402093317 6.60949966 6.74499992
v 15.63099939 6.60949966 6.74499992
v 15.63099939 5.72650007 6.74499992
v 15.63099939 5.72650007 6.74499992
v 14.60999969 5.72650007 6.74499992
v 14.609999690000002 4.647845236808858 6.74499992
v 16.85850430698037 4.585588621335444 6.74499992
v 15.63099939 5.72650007 6.74499992
v 16.583685673063354 4.326787003584711 6.74499992
v 16.583685673063354 4.326787003584711 6.74499992
v 15.63099939 5.72650007 6.74499992
v 14.609999690000002 4.647845236808858 6.74499992
v 16.85850430698037 4.585588621335444 6.74499992
v 16.583685673063354 4.326787003584711 6.74499992
v 16.51427609056459 2.7713903395612163 6.74499992
v 16.51427609056459 2.7713903395612163 6.74499992
v 16.797576787222216 2.4415429348903777 6.74499992
v 18.53300055 2.4651346414604487 6.74499992
v 18.53300055 2.4651346414604487 6.74499992
v 18.53300055 4.532820405837803 6.74499992
v 16.85850430698037 4.585588621335444 6.74499992
v 16.85850430698037 4.585588621335444 6.74499992
v 16.51427609056459 2.7713903395612163 6.74499992
v 18.53300055 2.4651346414604487 6.74499992
v 16.85850430698037 4.585588621335444 6.74499992
v 18.53300055 4.532820405837803 6.74499992
v 18.53300055 6.609499659999999 6.74499992
v 18.53300055 6.609499659999999 6.74499992
v 16.554278402093317 6.60949966 6.74499992
v 16.85850430698037 4.585588621335444 6.74499992
v 14.609999689999999 2.6829054271976296 6.74499992
v 16.583685673063354 4.326787003584711 6.74499992
v 14.609999690000002 4.647845236808858 6.74499992
v 16.583685673063354 4.326787003584711 6.74499992
v 14.609999689999999 2.6829054271976296 6.74499992
v 16.51427609056459 2.7713903395612163 6.74499992
v 16.447172156212996 0.9593564962188973 6.74499992
v 16.797576787222216 2.4415429348903777 6.74499992
v 16.51427609056459 2.7713903395612163 6.74499992
v 16.447172156212996 0.9593564962188973 6.74499992
v 14.609999689999999 2.6829054271976296 6.74499992
v 14.60999969 0.951019841924148 6.74499992
v 14.609999689999999 2.6829054271976296 6.74499992
v 16.447172156212996 0.9593564962188973 6.74499992
v 16.51427609056459 2.7713903395612163 6.74499992
v 18.53300055 0.3282348400075489 6.74499992
v 16.447172156212996 0.9593564962188973 6.74499992
v 16.880991146209794 0.32668909290270526 6.74499992
v 16.447172156212996 0.9593564962188973 6.74499992
v 18.53300055 0.3282348400075489 6.74499992
v 18.53300055 2.4651346414604487 6.74499992
v 16.447172156212996 0.9593564962188973 6.74499992
v 18.53300055 2.4651346414604487 6.74499992
v 16.797576787222216 2.4415429348903777 6.74499992
v 16.40082233342692 -0.8533615652096949 6.74499992
v 16.880991146209794 0.32668909290270526 6.74499992
v 16.447172156212996 0.9593564962188973 6.74499992
v 16.40082233342692 -0.8533615652096949 6.74499992
v 14.60999969 0.951019841924148 6.74499992
v 14.60999969 -0.8634148002449201 6.74499992
v 14.60999969 0.951019841924148 6.74499992
v 16.40082233342692 -0.8533615652096949 6.74499992
v 16.447172156212996 0.9593564962188973 6.74499992
v 16.615391175662186 -4.346172484509898 6.74499992
v 16.87387413412732 -4.013453446791793 6.74499992
v 16.417681671597627 -2.6785501415451893 6.74499992
v 16.417681671597627 -2.6785501415451893 6.74499992
v 14.609999689999999 -2.660339430998187 6.74499992
v 14.609999690000002 -4.477697461561712 6.74499992
v 14.609999690000002 -4.477697461561712 6.74499992
v 16.615391175662186 -4.346172484509898 6.74499992
v 16.417681671597627 -2.6785501415451893 6.74499992
v 16.417681671597627 -2.6785501415451893 6.74499992
v 16.91547920966193 -1.819822352903209 6.74499992
v 16.40082233342692 -0.8533615652096949 6.74499992
v 16.40082233342692 -0.8533615652096949 6.74499992
v 14.60999969 -0.8634148002449201 6.74499992
v 14.609999689999999 -2.660339430998187 6.74499992
v 14.609999689999999 -2.660339430998187 6.74499992
v 16.417681671597627 -2.6785501415451893 6.74499992
v 16.40082233342692 -0.8533615652096949 6.74499992
v 18.53300055 -1.8164495624999442 6.74499992
v 16.40082233342692 -0.8533615652096949 6.74499992
v 16.91547920966193 -1.819822352903209 6.74499992
v 16.40082233342692 -0.8533615652096949 6.74499992
v 18.53300055 -1.8164495624999442 6.74499992
v 18.53300055 0.3282348400075489 6.74499992
v 16.40082233342692 -0.8533615652096949 6.74499992
v 18.53300055 0.3282348400075489 6.74499992
v 16.880991146209794 0.32668909290270526 6.74499992
v 18.53300055 -6.23550001 6.74499992
v 16.615391175662186 -4.346172484509898 6.74499992
v 16.74825831352936 -6.23550001 6.74499992
v 16.615391175662186 -4.346172484509898 6.74499992
v 18.53300055 -6.23550001 6.74499992
v 18.53300055 -3.996431983134623 6.74499992
v 16.615391175662186 -4.346172484509898 6.74499992
v 18.53300055 -3.996431983134623 6.74499992
v 16.87387413412732 -4.013453446791793 6.74499992
v 18.53300055 -3.996431983134623 6.74499992
v 16.417681671597627 -2.6785501415451893 6.74499992
v 16.87387413412732 -4.013453446791793 6.74499992
v 16.417681671597627 -2.6785501415451893 6.74499992
v 18.53300055 -3.996431983134623 6.74499992
v 18.53300055 -1.8164495624999442 6.74499992
v 16.417681671597627 -2.6785501415451893 6.74499992
v 18.53300055 -1.8164495624999442 6.74499992
v 16.91547920966193 -1.819822352903209 6.74499992
v 15.630999390000001 -5.788500159999999 6.74499992
v 14.609999690000002 -4.477697461561712 6.74499992
v 14.60999969 -5.78850016 6.74499992
v 15.630999390000001 -5.788500159999999 6.74499992
v 15.63099939 -6.235500010000001 6.74499992
v 16.74825831352936 -6.23550001 6.74499992
v 14.609999690000002 -4.477697461561712 6.74499992
v 15.630999390000001 -5.788500159999999 6.74499992
v 16.615391175662186 -4.346172484509898 6.74499992
v 15.630999390000001 -5.788500159999999 6.74499992
v 16.74825831352936 -6.23550001 6.74499992
v 16.615391175662186 -4.346172484509898 6.74499992
v 14.60999969 5.72650007 3.9850001699999997
v 15.63099939 5.72650007 6.74499992
v 15.63099939 5.72650007 3.98500017
v 15.63099939 5.72650007 6.74499992
v 14.60999969 5.72650007 3.9850001699999997
v 14.60999969 5.72650007 6.74499992
v 15.63099939 5.72650007 6.74499992
v 15.63099939 6.60949966 3.98500017
v 15.63099939 5.726500069999999 3.9850001700000006
v 15.63099939 6.60949966 3.98500017
v 15.63099939 5.72650007 6.74499992
v 15.63099939 6.609499660000001 6.74499992
v 15.63099939 -6.235500010000001 5.251201863393293
v 15.63099939 -6.23550001 4.14500009
v 16.23099998 -6.23550001 4.14500009
v 16.23099998 -6.23550001 4.14500009
v 16.23099998 -6.23550001 3.9850001699999997
v 18.533000550000004 -6.235500009999999 3.98500017
v 16.23099998 -6.23550001 4.14500009
v 18.533000549999997 -6.235500009999999 5.512822645913154
v 15.63099939 -6.235500010000001 5.251201863393293
v 18.533000549999997 -6.235500009999999 5.512822645913154
v 16.23099998 -6.23550001 4.14500009
v 18.533000550000004 -6.235500009999999 3.98500017
v 18.533000549999997 -6.235500009999999 5.512822645913154
v 18.53300055 -6.23550001 6.74499992
v 15.630999390000001 -6.235500010000002 6.74499992
v 15.630999390000001 -6.235500010000002 6.74499992
v 15.63099939 -6.235500010000001 5.251201863393293
v 18.533000549999997 -6.235500009999999 5.512822645913154
v 15.63099939 -5.78850016 4.145000089999999
v 14.60999969 -5.78850016 6.74499992
v 14.60999969 -5.78850016 3.98500017
v 14.60999969 -5.78850016 3.98500017
v 15.63099939 -5.78850016 3.9850001699999997
v 15.63099939 -5.78850016 4.145000089999999
v 14.60999969 -5.78850016 6.74499992
v 15.63099939 -5.78850016 4.145000089999999
v 15.63099939 -5.78850016 6.74499992
v 15.761729069845503 -6.63349975 8.29755942
v 17.220375240000003 -6.44149984 8.29755942
v 17.220375240000003 -6.63349975 8.29755942
v 17.220375240000003 -6.44149984 8.29755942
v 15.761729069845503 -6.63349975 8.29755942
v 15.75971761178086 -6.44149984 8.29755942
v 12.871835545759177 -6.441499839999999 8.29755942
v 11.294593450613474 -6.63349975 8.29755942
v 11.292548505530887 -6.44149984 8.29755942
v 11.294593450613474 -6.63349975 8.29755942
v 12.871835545759177 -6.441499839999999 8.29755942
v 12.869881344272246 -6.63349975 8.29755942
v 15.761729069845503 -6.63349975 8.29755942
v 14.327868840060718 -6.63349975 8.29755942
v 14.32992951700606 -6.44149984 8.29755942
v 14.32992951700606 -6.44149984 8.29755942
v 15.75971761178086 -6.44149984 8.29755942
v 15.761729069845503 -6.63349975 8.29755942
v 14.327868840060718 -6.63349975 8.29755942
v 12.869881344272246 -6.63349975 8.29755942
v 12.871835545759177 -6.441499839999999 8.29755942
v 12.871835545759177 -6.441499839999999 8.29755942
v 14.32992951700606 -6.44149984 8.29755942
v 14.327868840060718 -6.63349975 8.29755942
v 11.292548505530887 -6.44149984 8.29755942
v 9.68677766903741 -6.63349975 8.29755942
v 9.68558617298747 -6.44149984 8.29755942
v 9.68677766903741 -6.63349975 8.29755942
v 11.292548505530887 -6.44149984 8.29755942
v 11.294593450613474 -6.63349975 8.29755942
v 8.133349960375176 -6.63349975 8.29755942
v 6.602084841533842 -6.63349975 8.29755942
v 6.602384744423221 -6.44149984 8.29755942
v 6.602384744423221 -6.44149984 8.29755942
v 8.135738605803194 -6.44149984 8.29755942
v 8.133349960375176 -6.63349975 8.29755942
v 9.68677766903741 -6.63349975 8.29755942
v 8.133349960375176 -6.63349975 8.29755942
v 8.135738605803194 -6.44149984 8.29755942
v 8.135738605803194 -6.44149984 8.29755942
v 9.68558617298747 -6.44149984 8.29755942
v 9.68677766903741 -6.63349975 8.29755942
v 4.978181824374756 -6.44149984 8.29755942
v 3.4309987506856565 -6.63349975 8.29755942
v 3.4310186014175077 -6.44149984 8.29755942
v 3.4309987506856565 -6.63349975 8.29755942
v 4.978181824374756 -6.44149984 8.29755942
v 4.980231732207109 -6.63349975 8.29755942
v 5.22037476 -6.63349975 8.29755942
v 4.980231732207109 -6.63349975 8.29755942
v 4.978181824374756 -6.44149984 8.29755942
v 5.22037476 -6.63349975 8.29755942
v 6.602384744423221 -6.44149984 8.29755942
v 6.602084841533842 -6.63349975 8.29755942
v 6.602384744423221 -6.44149984 8.29755942
v 5.22037476 -6.63349975 8.29755942
v 4.978181824374756 -6.44149984 8.29755942
v 1.5077115896559543 -6.63349975 8.29755942
v 3.4310186014175077 -6.44149984 8.29755942
v 3.4309987506856565 -6.63349975 8.29755942
v 3.4310186014175077 -6.44149984 8.29755942
v 1.5077115896559543 -6.63349975 8.29755942
v 1.5071862273372918 -6.44149984 8.29755942
v -0.17552490114989014 -6.63349975 8.29755942
v -1.7791257909035887 -6.63349975 8.29755942
v -1.779444491352278 -6.44149984 8.29755942
v -1.779444491352278 -6.44149984 8.29755942
v -0.17313625572187008 -6.44149984 8.29755942
v -0.17552490114989014 -6.63349975 8.29755942
v 1.5077115896559543 -6.63349975 8.29755942
v -0.17552490114989014 -6.63349975 8.29755942
v -0.17313625572187008 -6.44149984 8.29755942
v -0.17313625572187008 -6.44149984 8.29755942
v 1.5071862273372918 -6.44149984 8.29755942
v 1.5077115896559543 -6.63349975 8.29755942
v -1.779444491352278 -6.44149984 8.29755942
v -3.518592269943052 -6.63349975 8.29755942
v -3.520589934347312 -6.44149984 8.29755942
v -3.518592269943052 -6.63349975 8.29755942
v -1.779444491352278 -6.44149984 8.29755942
v -1.7791257909035887 -6.63349975 8.29755942
v -3.520589934347312 -6.44149984 8.29755942
v -5.274380171566854 -6.63349975 8.29755942
v -5.272593476414816 -6.44149984 8.29755942
v -5.274380171566854 -6.63349975 8.29755942
v -3.520589934347312 -6.44149984 8.29755942
v -3.518592269943052 -6.63349975 8.29755942
v -5.274380171566854 -6.63349975 8.29755942
v -6.855006008464818 -6.63349975 8.29755942
v -6.85386826899423 -6.44149984 8.29755942
v -6.85386826899423 -6.44149984 8.29755942
v -5.272593476414816 -6.44149984 8.29755942
v -5.274380171566854 -6.63349975 8.29755942
v -6.85386826899423 -6.44149984 8.29755942
v -8.538046002450598 -6.63349975 8.29755942
v -8.540155679414152 -6.44149984 8.29755942
v -8.538046002450598 -6.63349975 8.29755942
v -6.85386826899423 -6.44149984 8.29755942
v -6.855006008464818 -6.63349975 8.29755942
v -8.540155679414152 -6.44149984 8.29755942
v -10.212625470000004 -6.63349975 8.29755942
v -10.212625470000004 -6.44149984 8.29755942
v -10.212625470000004 -6.63349975 8.29755942
v -8.540155679414152 -6.44149984 8.29755942
v -8.538046002450598 -6.63349975 8.29755942
v -4.452722557005377 -6.44149984 7.72919334
v -10.21262547 -6.44149984 8.29755942
v -10.21262547 -6.44149984 7.72919334
v -10.21262547 -6.44149984 8.29755942
v -4.452722557005377 -6.44149984 7.72919334
v -4.451112426577036 -6.44149984 8.29755942
v -0.9460000099999992 -6.44149984 7.729193340000001
v -0.9460000100000001 -6.44149984 7.6391934
v 1.1835993522657042 -6.44149984 7.639193400000001
v -0.9460000099999992 -6.44149984 7.729193340000001
v 1.1874614196605304 -6.44149984 8.29755942
v -4.451112426577036 -6.44149984 8.29755942
v -4.451112426577036 -6.44149984 8.29755942
v -4.452722557005377 -6.44149984 7.72919334
v -0.9460000099999992 -6.44149984 7.729193340000001
v 1.1874614196605304 -6.44149984 8.29755942
v -0.9460000099999992 -6.44149984 7.729193340000001
v 1.1835993522657042 -6.44149984 7.639193400000001
v 1.1874614196605304 -6.44149984 8.29755942
v 6.778042957922122 -6.44149984 7.6391934
v 6.777482996272907 -6.44149984 8.29755942
v 6.778042957922122 -6.44149984 7.6391934
v 1.1874614196605304 -6.44149984 8.29755942
v 1.1835993522657042 -6.44149984 7.639193400000001
v 6.777482996272907 -6.44149984 8.29755942
v 12.422848555081256 -6.44149984 7.6391934
v 12.45981545760815 -6.44149984 8.29755942
v 12.422848555081256 -6.44149984 7.6391934
v 6.777482996272907 -6.44149984 8.29755942
v 6.778042957922122 -6.44149984 7.6391934
v 12.422848555081256 -6.44149984 7.6391934
v 14.609999690000002 -6.44149984 7.6391934
v 14.60999969 -6.44149984 7.72919334
v 14.620374260000004 -6.44149984 7.72919334
v 14.620374260000007 -6.44149984 6.7975595
v 17.22037524000001 -6.44149984 6.7975595
v 14.60999969 -6.44149984 7.72919334
v 12.45981545760815 -6.44149984 8.29755942
v 12.422848555081256 -6.44149984 7.6391934
v 14.620374260000004 -6.44149984 7.72919334
v 17.22037524000001 -6.44149984 6.7975595
v 17.220375240000003 -6.44149984 8.29755942
v 14.620374260000004 -6.44149984 7.72919334
v 12.45981545760815 -6.44149984 8.29755942
v 14.60999969 -6.44149984 7.72919334
v 12.45981545760815 -6.44149984 8.29755942
v 14.620374260000004 -6.44149984 7.72919334
v 17.220375240000003 -6.44149984 8.29755942
v -6.2061350836984355 -6.63349975 9.278867950832389
v -10.21262547 -6.63349975 8.29755942
v -6.088428343841227 -6.63349975 8.29755942
v 3.5868931676256004 -6.63349975 10.041058538468192
v 2.659064813688892 -6.63349975 8.29755942
v 5.220374759999998 -6.63349975 8.29755942
v 5.220374759999998 -6.63349975 8.29755942
v 5.220374759999997 -6.63349975 9.957280409676923
v 3.5868931676256004 -6.63349975 10.041058538468192
v -6.088428343841227 -6.63349975 8.29755942
v -3.7098962736352035 -6.63349975 8.29755942
v -3.899723392568262 -6.63349975 9.843776698861827
v -3.899723392568262 -6.63349975 9.843776698861827
v -6.2061350836984355 -6.63349975 9.278867950832389
v -6.088428343841227 -6.63349975 8.29755942
v 3.5868931676256004 -6.63349975 10.041058538468192
v 5.220374759999997 -6.63349975 9.957280409676923
v 5.220374759999999 -6.63349975 12.0775597
v 5.220374759999999 -6.63349975 12.0775597
v 2.8052263193377573 -6.63349975 11.486018091376254
v 3.5868931676256004 -6.63349975 10.041058538468192
v -3.7098962736352035 -6.63349975 8.29755942
v -1.6417934209008667 -6.63349975 8.297559419999999
v -1.8930438224273374 -6.63349975 10.335272145240303
v -1.8930438224273374 -6.63349975 10.335272145240303
v -3.899723392568262 -6.63349975 9.843776698861827
v -3.7098962736352035 -6.63349975 8.29755942
v -1.8930438224273374 -6.63349975 10.335272145240303
v 0.16790444966299134 -6.63349975 8.29755942
v -0.03982571488927707 -6.63349975 10.789180319995442
v 0.16790444966299134 -6.63349975 8.29755942
v -1.8930438224273374 -6.63349975 10.335272145240303
v -1.6417934209008667 -6.63349975 8.297559419999999
v 0.16790444966299134 -6.63349975 8.29755942
v 2.109420354002929 -6.63349975 8.297559419999999
v 1.3395237910289985 -6.63349975 11.127023995294147
v 1.3395237910289985 -6.63349975 11.127023995294147
v -0.03982571488927707 -6.63349975 10.789180319995442
v 0.16790444966299134 -6.63349975 8.29755942
v 2.109420354002929 -6.63349975 8.297559419999999
v 2.659064813688892 -6.63349975 8.29755942
v 3.5868931676256004 -6.63349975 10.041058538468192
v 3.5868931676256004 -6.63349975 10.041058538468192
v 2.8052263193377573 -6.63349975 11.486018091376254
v 1.3395237910289985 -6.63349975 11.127023995294147
v 1.3395237910289985 -6.63349975 11.127023995294147
v 2.109420354002929 -6.63349975 8.297559419999999
v 3.5868931676256004 -6.63349975 10.041058538468192
v 14.62037426 6.95950001 7.729193339999999
v 17.22037524 6.95950001 6.7975595
v 14.620374260000002 6.95950001 6.797559499999999
v 14.60999969 6.95950001 7.72919334
v 14.60999969 6.95950001 7.6391934
v 12.477962773733363 6.95950001 7.6391934
v 14.62037426 6.95950001 7.729193339999999
v 12.51537426321159 6.95950001 8.29755942
v 17.22037524 6.95950001 8.29755942
v 17.22037524 6.95950001 6.7975595
v 14.62037426 6.95950001 7.729193339999999
v 17.22037524 6.95950001 8.29755942
v 12.51537426321159 6.95950001 8.29755942
v 14.60999969 6.95950001 7.72919334
v 12.477962773733363 6.95950001 7.6391934
v 12.51537426321159 6.95950001 8.29755942
v 14.62037426 6.95950001 7.729193339999999
v 14.60999969 6.95950001 7.72919334
v 12.477962773733363 6.95950001 7.6391934
v 6.914610818663101 6.95950001 7.6391934
v 6.9145385237050006 6.95950001 8.29755942
v 6.9145385237050006 6.95950001 8.29755942
v 12.51537426321159 6.95950001 8.29755942
v 12.477962773733363 6.95950001 7.6391934
v 6.914610818663101 6.95950001 7.6391934
v 1.3404759025552324 6.95950001 7.6391934
v 1.34389937374154 6.95950001 8.29755942
v 1.34389937374154 6.95950001 8.29755942
v 6.9145385237050006 6.95950001 8.29755942
v 6.914610818663101 6.95950001 7.6391934
v 1.3404759025552324 6.95950001 7.6391934
v -0.9460000099999956 6.95950001 7.6391934
v -0.9460000099999962 6.95950001 7.72919334
v -0.9460000099999962 6.95950001 7.72919334
v -4.345404490138192 6.95950001 7.72919334
v -4.343825232465395 6.95950001 8.29755942
v -0.9460000099999962 6.95950001 7.72919334
v 1.34389937374154 6.95950001 8.29755942
v 1.3404759025552324 6.95950001 7.6391934
v 1.34389937374154 6.95950001 8.29755942
v -0.9460000099999962 6.95950001 7.72919334
v -4.343825232465395 6.95950001 8.29755942
v -4.345404490138192 6.95950001 7.72919334
v -10.212625470000003 6.95950001 7.72919334
v -10.21262547 6.95950001 8.29755942
v -10.21262547 6.95950001 8.29755942
v -4.343825232465395 6.95950001 8.29755942
v -4.345404490138192 6.95950001 7.72919334
v 15.393850761652429 6.95950001 8.29755942
v 17.22037524 7.15149991 8.29755942
v 17.22037524 6.95950001 8.29755942
v 17.22037524 7.15149991 8.29755942
v 15.393850761652429 6.95950001 8.29755942
v 15.393424079909254 7.15149991 8.29755942
v 15.393424079909254 7.15149991 8.29755942
v 13.696916788723934 6.95950001 8.29755942
v 13.695996496515473 7.15149991 8.29755942
v 13.696916788723934 6.95950001 8.29755942
v 15.393424079909254 7.15149991 8.29755942
v 15.393850761652429 6.95950001 8.29755942
v 12.076047416291868 6.95950001 8.29755942
v 10.378949577542793 6.95950001 8.29755942
v 10.380293359143272 7.15149991 8.29755942
v 10.380293359143272 7.15149991 8.29755942
v 12.077391197892346 7.15149991 8.29755942
v 12.076047416291868 6.95950001 8.29755942
v 13.696916788723934 6.95950001 8.29755942
v 12.076047416291868 6.95950001 8.29755942
v 12.077391197892346 7.15149991 8.29755942
v 12.077391197892346 7.15149991 8.29755942
v 13.695996496515473 7.15149991 8.29755942
v 13.696916788723934 6.95950001 8.29755942
v 10.378949577542793 6.95950001 8.29755942
v 8.649982955082873 6.95950001 8.29755942
v 8.650883560218919 7.15149991 8.29755942
v 8.650883560218919 7.15149991 8.29755942
v 10.380293359143272 7.15149991 8.29755942
v 10.378949577542793 6.95950001 8.29755942
v 5.220374760000001 7.15149991 8.29755942
v 5.055377855902036 6.95950001 8.29755942
v 5.054426897529971 7.15149991 8.29755942
v 5.220374760000001 7.15149991 8.29755942
v 6.864081028575089 7.15149991 8.29755942
v 6.866001794013651 6.95950001 8.29755942
v 5.055377855902036 6.95950001 8.29755942
v 5.220374760000001 7.15149991 8.29755942
v 6.866001794013651 6.95950001 8.29755942
v 8.650883560218919 7.15149991 8.29755942
v 6.866001794013651 6.95950001 8.29755942
v 6.864081028575089 7.15149991 8.29755942
v 6.866001794013651 6.95950001 8.29755942
v 8.650883560218919 7.15149991 8.29755942
v 8.649982955082873 6.95950001 8.29755942
v 5.054426897529971 7.15149991 8.29755942
v 3.4977284024802495 6.95950001 8.29755942
v 3.4977206618547974 7.15149991 8.29755942
v 3.4977284024802495 6.95950001 8.29755942
v 5.054426897529971 7.15149991 8.29755942
v 5.055377855902036 6.95950001 8.29755942
v 2.173214497558015 7.15149991 8.29755942
v 3.4977206618547974 7.15149991 8.29755942
v 3.4977284024802495 6.95950001 8.29755942
v 3.4977284024802495 6.95950001 8.29755942
v 2.1718707159575366 6.95950001 8.29755942
v 2.173214497558015 7.15149991 8.29755942
v 2.173214497558015 7.15149991 8.29755942
v 0.8323305234149224 6.95950001 8.29755942
v 0.8292862228817311 7.15149991 8.29755942
v 0.8323305234149224 6.95950001 8.29755942
v 2.173214497558015 7.15149991 8.29755942
v 2.1718707159575366 6.95950001 8.29755942
v 0.8292862228817311 7.15149991 8.29755942
v -0.5306793561687809 6.95950001 8.29755942
v -0.5298953570379963 7.15149991 8.29755942
v -0.5306793561687809 6.95950001 8.29755942
v 0.8292862228817311 7.15149991 8.29755942
v 0.8323305234149224 6.95950001 8.29755942
v -0.5306793561687809 6.95950001 8.29755942
v -1.9294490610193842 6.95950001 8.29755942
v -1.9281052794189057 7.15149991 8.29755942
v -1.9281052794189057 7.15149991 8.29755942
v -0.5298953570379963 7.15149991 8.29755942
v -0.5306793561687809 6.95950001 8.29755942
v -1.9294490610193842 6.95950001 8.29755942
v -3.4144096699248263 6.95950001 8.29755942
v -3.413065888324348 7.15149991 8.29755942
v -3.413065888324348 7.15149991 8.29755942
v -1.9281052794189057 7.15149991 8.29755942
v -1.9294490610193842 6.95950001 8.29755942
v -3.4144096699248263 6.95950001 8.29755942
v -4.981966598011551 6.95950001 8.29755942
v -4.980741230519105 7.15149991 8.29755942
v -4.980741230519105 7.15149991 8.29755942
v -3.413065888324348 7.15149991 8.29755942
v -3.4144096699248263 6.95950001 8.29755942
v -6.679494733919868 7.15149991 8.29755942
v -8.49445193715658 6.95950001 8.29755942
v -8.495002853360818 7.15149991 8.29755942
v -8.49445193715658 6.95950001 8.29755942
v -6.679494733919868 7.15149991 8.29755942
v -6.677131028362456 6.95950001 8.29755942
v -4.980741230519105 7.15149991 8.29755942
v -6.677131028362456 6.95950001 8.29755942
v -6.679494733919868 7.15149991 8.29755942
v -6.677131028362456 6.95950001 8.29755942
v -4.980741230519105 7.15149991 8.29755942
v -4.981966598011551 6.95950001 8.29755942
v -8.495002853360818 7.15149991 8.29755942
v -10.212625470000003 6.95950001 8.29755942
v -10.212625470000003 7.15149991 8.29755942
v -10.212625470000003 6.95950001 8.29755942
v -8.495002853360818 7.15149991 8.29755942
v -8.49445193715658 6.95950001 8.29755942
v 3.366357918556976 7.15149991 10.051734711682894
v 5.22037476 7.15149991 9.948742075203043
v 5.22037476 7.15149991 8.29755942
v 5.22037476 7.15149991 8.29755942
v 2.632464550027544 7.15149991 8.29755942
v 3.366357918556976 7.15149991 10.051734711682894
v 3.366357918556976 7.15149991 10.051734711682894
v 2.6487122331839204 7.15149991 11.44768314155001
v 5.22037476 7.15149991 12.0775597
v 5.22037476 7.15149991 12.0775597
v 5.22037476 7.15149991 9.948742075203043
v 3.366357918556976 7.15149991 10.051734711682894
v -4.399636436030033 7.15149991 9.721333141802337
v -6.453004154231688 7.15149991 8.297559420000002
v -6.56022137112055 7.15149991 9.192141698927205
v -6.453004154231688 7.15149991 8.297559420000002
v -4.399636436030033 7.15149991 9.721333141802337
v -4.225972504833252 7.15149991 8.29755942
v 3.366357918556976 7.15149991 10.051734711682894
v 2.632464550027544 7.15149991 8.29755942
v 1.6464143777193418 7.15149991 8.29755942
v 3.366357918556976 7.15149991 10.051734711682894
v 1.0314340699558766 7.15149991 11.051563669073344
v 2.6487122331839204 7.15149991 11.44768314155001
v 1.0314340699558766 7.15149991 11.051563669073344
v 3.366357918556976 7.15149991 10.051734711682894
v 1.6464143777193418 7.15149991 8.29755942
v -0.34222026562321073 7.15149991 8.29755942
v 1.0314340699558766 7.15149991 11.051563669073344
v 1.6464143777193418 7.15149991 8.29755942
v 1.0314340699558766 7.15149991 11.051563669073344
v -0.34222026562321073 7.15149991 8.29755942
v -0.5522572638863679 7.15149991 10.66367060899806
v -0.34222026562321073 7.15149991 8.29755942
v -2.206486958221746 7.15149991 8.29755942
v -2.4418384090857375 7.15149991 10.200856045952055
v -2.4418384090857375 7.15149991 10.200856045952055
v -0.5522572638863679 7.15149991 10.66367060899806
v -0.34222026562321073 7.15149991 8.29755942
v -2.4418384090857375 7.15149991 10.200856045952055
v -4.225972504833252 7.15149991 8.29755942
v -4.399636436030033 7.15149991 9.721333141802337
v -4.225972504833252 7.15149991 8.29755942
v -2.4418384090857375 7.15149991 10.200856045952055
v -2.206486958221746 7.15149991 8.29755942
v -6.453004154231688 7.15149991 8.297559420000002
v -10.212625469999999 7.15149991 8.29755942
v -6.56022137112055 7.15149991 9.192141698927205
v 13.426692616372396 7.15149991 9.492569487161553
v 17.22037524 7.15149991 8.29755942
v 13.242620566086826 7.15149991 8.29755942
v 7.049312984815197 7.15149991 10.00800213349592
v 7.59592590895829 7.15149991 8.297559419999999
v 5.220374760000004 7.15149991 8.297559419999999
v 5.220374760000004 7.15149991 8.297559419999999
v 5.220374760000004 7.15149991 9.976134822817043
v 7.049312984815197 7.15149991 10.00800213349592
v 13.426692616372396 7.15149991 9.492569487161553
v 10.930180718606492 7.15149991 8.29755942
v 11.213044778555876 7.15149991 10.189868579833577
v 10.930180718606492 7.15149991 8.29755942
v 13.426692616372396 7.15149991 9.492569487161553
v 13.242620566086826 7.15149991 8.29755942
v 7.049312984815197 7.15149991 10.00800213349592
v 5.220374760000004 7.15149991 9.976134822817043
v 5.220374760000004 7.15149991 12.077559699999998
v 5.220374760000004 7.15149991 12.077559699999998
v 7.793105700769178 7.15149991 11.267149426043732
v 7.049312984815197 7.15149991 10.00800213349592
v 10.930180718606492 7.15149991 8.29755942
v 8.870246596765888 7.15149991 8.297559419999999
v 9.35376913627853 7.15149991 10.775540427107167
v 9.35376913627853 7.15149991 10.775540427107167
v 11.213044778555876 7.15149991 10.189868579833577
v 10.930180718606492 7.15149991 8.29755942
v 8.870246596765888 7.15149991 8.297559419999999
v 7.59592590895829 7.15149991 8.297559419999999
v 7.049312984815197 7.15149991 10.00800213349592
v 7.049312984815197 7.15149991 10.00800213349592
v 7.793105700769178 7.15149991 11.267149426043732
v 9.35376913627853 7.15149991 10.775540427107167
v 9.35376913627853 7.15149991 10.775540427107167
v 8.870246596765888 7.15149991 8.297559419999999
v 7.049312984815197 7.15149991 10.00800213349592
v 6.7886017806063075 5.048483063985218 11.58356817167671
v 7.12866461948012 5.308277079977481 11.476448373781452
v 7.124587823753261 7.15149991 11.47773256447917
v 6.7886017806063075 5.048483063985218 11.58356817167671
v 5.22037476 7.15149991 12.0775597
v 5.22037476 5.230610094475943 12.0775597
v 5.22037476 7.15149991 12.0775597
v 6.7886017806063075 5.048483063985218 11.58356817167671
v 7.124587823753261 7.15149991 11.47773256447917
v 6.778538737673381 3.2595582089710025 11.586738030308592
v 5.22037476 1.3489903820951503 12.0775597
v 6.940193594337176 1.0486416271586265 11.535816748724402
v 6.940193594337176 1.0486416271586265 11.535816748724402
v 7.358939140057429 1.3804305209316938 11.403911897327987
v 7.395862162834845 2.817344967133488 11.392281144756794
v 5.22037476 1.3489903820951503 12.0775597
v 6.778538737673381 3.2595582089710025 11.586738030308592
v 5.22037476 2.9467635065045923 12.0775597
v 6.778538737673381 3.2595582089710025 11.586738030308592
v 6.940193594337176 1.0486416271586265 11.535816748724402
v 7.395862162834845 2.817344967133488 11.392281144756794
v 6.778538737673381 3.2595582089710025 11.586738030308592
v 6.7886017806063075 5.048483063985218 11.58356817167671
v 5.22037476 5.230610094475943 12.0775597
v 5.22037476 5.230610094475943 12.0775597
v 5.22037476 2.9467635065045923 12.0775597
v 6.778538737673381 3.2595582089710025 11.586738030308592
v 7.12866461948012 5.308277079977481 11.476448373781452
v 8.489150670201264 4.963136700804761 11.047895253201741
v 8.967296739192438 5.290097017212337 10.897279236337422
v 8.967296739192438 5.290097017212337 10.897279236337422
v 9.001962169445411 7.15149991 10.88635962543566
v 7.124587823753261 7.15149991 11.47773256447917
v 7.124587823753261 7.15149991 11.47773256447917
v 7.12866461948012 5.308277079977481 11.476448373781452
v 8.967296739192438 5.290097017212337 10.897279236337422
v 10.290043295158645 3.350410121518016 10.480614057010587
v 8.470772978374795 3.304034044279493 11.053684226324334
v 9.433704469220629 2.811160838406658 10.75036079637243
v 8.470772978374795 3.304034044279493 11.053684226324334
v 10.290043295158645 3.350410121518016 10.480614057010587
v 10.262280777283467 4.915303947489078 10.489359250439254
v 8.470772978374795 3.304034044279493 11.053684226324334
v 8.967296739192438 5.290097017212337 10.897279236337422
v 8.489150670201264 4.963136700804761 11.047895253201741
v 8.967296739192438 5.290097017212337 10.897279236337422
v 8.470772978374795 3.304034044279493 11.053684226324334
v 10.262280777283467 4.915303947489078 10.489359250439254
v 14.10429893603295 7.15149991 9.279123489195504
v 15.545631530158659 5.343591512810819 8.825103706575604
v 16.103989157651004 7.151499909999999 8.649221047922477
v 15.545631530158659 5.343591512810819 8.825103706575604
v 14.10429893603295 7.15149991 9.279123489195504
v 14.283319520218015 5.477622282868515 9.222732003255722
v 8.470772978374795 3.304034044279493 11.053684226324334
v 6.778538737673381 3.2595582089710025 11.586738030308592
v 7.395862162834845 2.817344967133488 11.392281144756794
v 6.778538737673381 3.2595582089710025 11.586738030308592
v 8.470772978374795 3.304034044279493 11.053684226324334
v 8.489150670201264 4.963136700804761 11.047895253201741
v 8.489150670201264 4.963136700804761 11.047895253201741
v 7.12866461948012 5.308277079977481 11.476448373781452
v 6.7886017806063075 5.048483063985218 11.58356817167671
v 6.778538737673381 3.2595582089710025 11.586738030308592
v 8.489150670201264 4.963136700804761 11.047895253201741
v 6.7886017806063075 5.048483063985218 11.58356817167671
v 8.967296739192438 5.290097017212337 10.897279236337422
v 10.262280777283467 4.915303947489078 10.489359250439254
v 10.787012691096683 5.291503957436948 10.324068691955967
v 10.787012691096683 5.291503957436948 10.324068691955967
v 10.761761168521739 7.15149991 10.332022921838107
v 9.001962169445411 7.15149991 10.88635962543566
v 9.001962169445411 7.15149991 10.88635962543566
v 8.967296739192438 5.290097017212337 10.897279236337422
v 10.787012691096683 5.291503957436948 10.324068691955967
v 12.127491606449476 3.3645318368182493 9.901817819232031
v 10.290043295158645 3.350410121518016 10.480614057010587
v 11.478816175356998 2.8715141554717505 10.106150586988612
v 10.787012691096683 5.291503957436948 10.324068691955967
v 12.127491606449476 3.3645318368182493 9.901817819232031
v 12.085414421476193 4.9643674361218935 9.915072132950243
v 10.290043295158645 3.350410121518016 10.480614057010587
v 10.787012691096683 5.291503957436948 10.324068691955967
v 10.262280777283467 4.915303947489078 10.489359250439254
v 12.127491606449476 3.3645318368182493 9.901817819232031
v 10.787012691096683 5.291503957436948 10.324068691955967
v 10.290043295158645 3.350410121518016 10.480614057010587
v 10.787012691096683 5.291503957436948 10.324068691955967
v 12.085414421476193 4.9643674361218935 9.915072132950243
v 12.516433639248312 5.2920844305881065 9.779301074725753
v 10.787012691096683 5.291503957436948 10.324068691955967
v 12.506051381581191 7.15149991 9.782571486002333
v 10.761761168521739 7.15149991 10.332022921838107
v 12.506051381581191 7.15149991 9.782571486002333
v 10.787012691096683 5.291503957436948 10.324068691955967
v 12.516433639248312 5.2920844305881065 9.779301074725753
v 6.8642229990910755 -0.6266977577853945 11.559747487042342
v 6.940193594337176 1.0486416271586265 11.535816748724402
v 5.22037476 1.3489903820951503 12.0775597
v 5.22037476 1.3489903820951503 12.0775597
v 5.22037476 -0.9555800361344913 12.077559700000002
v 6.8642229990910755 -0.6266977577853945 11.559747487042342
v 8.470772978374795 3.304034044279493 11.053684226324334
v 8.73856473545855 0.8796886253917422 10.969329819968653
v 9.466787047783397 1.432666697229266 10.739939783770073
v 9.466787047783397 1.432666697229266 10.739939783770073
v 9.433704469220629 2.811160838406658 10.75036079637243
v 8.470772978374795 3.304034044279493 11.053684226324334
v 8.470772978374795 3.304034044279493 11.053684226324334
v 7.395862162834845 2.817344967133488 11.392281144756794
v 7.358939140057429 1.3804305209316938 11.403911897327987
v 8.73856473545855 0.8796886253917422 10.969329819968653
v 8.470772978374795 3.304034044279493 11.053684226324334
v 7.358939140057429 1.3804305209316938 11.403911897327987
v 14.046183833485877 3.5696576146185093 9.297429747121601
v 12.127491606449476 3.3645318368182493 9.901817819232031
v 13.428568334669585 3.00402694617383 9.491978635877807
v 12.127491606449476 3.3645318368182493 9.901817819232031
v 14.046183833485877 3.5696576146185093 9.297429747121601
v 13.831883281982087 5.039103387066733 9.364934423145455
v 12.127491606449476 3.3645318368182493 9.901817819232031
v 12.516433639248312 5.2920844305881065 9.779301074725753
v 12.085414421476193 4.9643674361218935 9.915072132950243
v 12.516433639248312 5.2920844305881065 9.779301074725753
v 12.127491606449476 3.3645318368182493 9.901817819232031
v 13.831883281982087 5.039103387066733 9.364934423145455
v 9.466787047783397 1.432666697229266 10.739939783770073
v 10.74490650448967 0.9056191584703396 10.337332141189117
v 11.511703444239213 1.5488751382646893 10.095791096937722
v 11.511703444239213 1.5488751382646893 10.095791096937722
v 11.478816175356998 2.8715141554717505 10.106150586988612
v 10.290043295158645 3.350410121518016 10.480614057010587
v 10.290043295158645 3.350410121518016 10.480614057010587
v 9.433704469220629 2.811160838406658 10.75036079637243
v 9.466787047783397 1.432666697229266 10.739939783770073
v 9.466787047783397 1.432666697229266 10.739939783770073
v 11.511703444239213 1.5488751382646893 10.095791096937722
v 10.290043295158645 3.350410121518016 10.480614057010587
v 8.73856473545855 0.8796886253917422 10.969329819968653
v 6.8642229990910755 -0.6266977577853945 11.559747487042342
v 8.78272997619656 -0.5370062098190342 10.95541776866214
v 6.8642229990910755 -0.6266977577853945 11.559747487042342
v 7.509170921309672 -1.1622084148297138 11.356588884621043
v 8.78272997619656 -0.5370062098190342 10.95541776866214
v 6.940193594337176 1.0486416271586265 11.535816748724402
v 8.73856473545855 0.8796886253917422 10.969329819968653
v 7.358939140057429 1.3804305209316938 11.403911897327987
v 6.8642229990910755 -0.6266977577853945 11.559747487042342
v 8.73856473545855 0.8796886253917422 10.969329819968653
v 6.940193594337176 1.0486416271586265 11.535816748724402
v 12.516433639248312 5.2920844305881065 9.779301074725753
v 13.831883281982087 5.039103387066733 9.364934423145455
v 14.283319520218015 5.477622282868515 9.222732003255722
v 12.516433639248312 5.2920844305881065 9.779301074725753
v 14.10429893603295 7.15149991 9.279123489195504
v 12.506051381581191 7.15149991 9.782571486002333
v 14.10429893603295 7.15149991 9.279123489195504
v 12.516433639248312 5.2920844305881065 9.779301074725753
v 14.283319520218015 5.477622282868515 9.222732003255722
v 6.8642229990910755 -0.6266977577853945 11.559747487042342
v 5.220374759999999 -2.576862665733856 12.077559700000002
v 7.21829028598499 -2.778262464917745 11.448216287870435
v 7.21829028598499 -2.778262464917745 11.448216287870435
v 7.4922596413972204 -2.4922990674160777 11.36191593797498
v 7.509170921309672 -1.1622084148297138 11.356588884621043
v 5.220374759999999 -2.576862665733856 12.077559700000002
v 6.8642229990910755 -0.6266977577853945 11.559747487042342
v 5.22037476 -0.9555800361344913 12.077559700000002
v 6.8642229990910755 -0.6266977577853945 11.559747487042342
v 7.21829028598499 -2.778262464917745 11.448216287870435
v 7.509170921309672 -1.1622084148297138 11.356588884621043
v 10.831529486068153 -0.3588802820145821 10.31004590106214
v 8.78272997619656 -0.5370062098190342 10.95541776866214
v 9.665840296378434 -1.0856623370163416 10.677238008326132
v 8.78272997619656 -0.5370062098190342 10.95541776866214
v 10.831529486068153 -0.3588802820145821 10.31004590106214
v 10.74490650448967 0.9056191584703396 10.337332141189117
v 10.74490650448967 0.9056191584703396 10.337332141189117
v 9.466787047783397 1.432666697229266 10.739939783770073
v 8.73856473545855 0.8796886253917422 10.969329819968653
v 8.78272997619656 -0.5370062098190342 10.95541776866214
v 10.74490650448967 0.9056191584703396 10.337332141189117
v 8.73856473545855 0.8796886253917422 10.969329819968653
v 6.9331287007551765 -4.6840106967469906 11.538042190278562
v 7.190571191819325 -4.459190445091848 11.45694780283014
v 7.21829028598499 -2.778262464917745 11.448216287870435
v 7.21829028598499 -2.778262464917745 11.448216287870435
v 5.220374759999999 -2.576862665733856 12.077559700000002
v 5.220374760000001 -4.556871207043512 12.077559700000002
v 5.220374760000001 -4.556871207043512 12.077559700000002
v 6.9331287007551765 -4.6840106967469906 11.538042190278562
v 7.21829028598499 -2.778262464917745 11.448216287870435
v 9.665840296378434 -1.0856623370163416 10.677238008326132
v 9.208002993544213 -2.9109205004369754 10.821456763633032
v 9.742119454504925 -2.3813357997749924 10.65321007269756
v 9.208002993544213 -2.9109205004369754 10.821456763633032
v 9.665840296378434 -1.0856623370163416 10.677238008326132
v 8.78272997619656 -0.5370062098190342 10.95541776866214
v 9.208002993544213 -2.9109205004369754 10.821456763633032
v 7.509170921309672 -1.1622084148297138 11.356588884621043
v 7.4922596413972204 -2.4922990674160777 11.36191593797498
v 7.509170921309672 -1.1622084148297138 11.356588884621043
v 9.208002993544213 -2.9109205004369754 10.821456763633032
v 8.78272997619656 -0.5370062098190342 10.95541776866214
v 13.580486880607936 1.5313289716110465 9.444124292276634
v 11.511703444239213 1.5488751382646893 10.095791096937722
v 12.970826193040878 0.953901916347903 9.636167415403948
v 11.511703444239213 1.5488751382646893 10.095791096937722
v 13.580486880607936 1.5313289716110465 9.444124292276634
v 13.428568334669585 3.00402694617383 9.491978635877807
v 11.511703444239213 1.5488751382646893 10.095791096937722
v 12.127491606449476 3.3645318368182493 9.901817819232031
v 11.478816175356998 2.8715141554717505 10.106150586988612
v 12.127491606449476 3.3645318368182493 9.901817819232031
v 11.511703444239213 1.5488751382646893 10.095791096937722
v 13.428568334669585 3.00402694617383 9.491978635877807
v 15.545631530158659 5.343591512810819 8.825103706575604
v 16.059663329183593 4.660189645648871 8.663183684365476
v 17.220375240000003 4.582332057267108 8.297559419999999
v 17.22037524 6.959500010000001 8.297559419999999
v 17.220375240000003 7.151499909999999 8.297559419999999
v 16.103989157651004 7.151499909999999 8.649221047922477
v 17.22037524 6.959500010000001 8.297559419999999
v 15.545631530158659 5.343591512810819 8.825103706575604
v 17.220375240000003 4.582332057267108 8.297559419999999
v 15.545631530158659 5.343591512810819 8.825103706575604
v 17.22037524 6.959500010000001 8.297559419999999
v 16.103989157651004 7.151499909999999 8.649221047922477
v 15.545631530158659 5.343591512810819 8.825103706575604
v 15.229067017393417 3.3304792168259634 8.924821531494446
v 16.059663329183593 4.660189645648871 8.663183684365476
v 15.229067017393417 3.3304792168259634 8.924821531494446
v 15.545631530158659 5.343591512810819 8.825103706575604
v 14.283319520218015 5.477622282868515 9.222732003255722
v 14.283319520218015 5.477622282868515 9.222732003255722
v 13.831883281982087 5.039103387066733 9.364934423145455
v 14.046183833485877 3.5696576146185093 9.297429747121601
v 15.229067017393417 3.3304792168259634 8.924821531494446
v 14.283319520218015 5.477622282868515 9.222732003255722
v 14.046183833485877 3.5696576146185093 9.297429747121601
v 10.74490650448967 0.9056191584703396 10.337332141189117
v 10.831529486068153 -0.3588802820145821 10.31004590106214
v 11.714034322813367 -0.8787754385608009 10.03205686801518
v 11.511703444239213 1.5488751382646893 10.095791096937722
v 12.973737348436261 -0.17288445495767857 9.635250401423155
v 12.970826193040878 0.953901916347903 9.636167415403948
v 11.714034322813367 -0.8787754385608009 10.03205686801518
v 11.511703444239213 1.5488751382646893 10.095791096937722
v 10.74490650448967 0.9056191584703396 10.337332141189117
v 12.973737348436261 -0.17288445495767857 9.635250401423155
v 11.511703444239213 1.5488751382646893 10.095791096937722
v 11.714034322813367 -0.8787754385608009 10.03205686801518
v 6.9331287007551765 -4.6840106967469906 11.538042190278562
v 5.220374760000001 -4.556871207043512 12.077559700000002
v 5.22037476 -6.63349975 12.077559700000002
v 5.22037476 -6.63349975 12.077559700000002
v 6.919878985516123 -6.6334997499999995 11.542215850721078
v 6.9331287007551765 -4.6840106967469906 11.538042190278562
v 8.674678464130693 -4.808654203265785 10.989453996122641
v 7.21829028598499 -2.778262464917745 11.448216287870435
v 7.190571191819325 -4.459190445091848 11.45694780283014
v 9.208002993544213 -2.9109205004369754 10.821456763633032
v 8.674678464130693 -4.808654203265785 10.989453996122641
v 9.264088231792979 -4.349388743550535 10.80378991298269
v 7.21829028598499 -2.778262464917745 11.448216287870435
v 9.208002993544213 -2.9109205004369754 10.821456763633032
v 7.4922596413972204 -2.4922990674160777 11.36191593797498
v 8.674678464130693 -4.808654203265785 10.989453996122641
v 9.208002993544213 -2.9109205004369754 10.821456763633032
v 7.21829028598499 -2.778262464917745 11.448216287870435
v 15.229067017393417 3.3304792168259634 8.924821531494446
v 14.997916705128631 1.251523377880713 8.997633882338869
v 15.683651857613341 2.386462959402115 8.78162730194596
v 13.428568334669585 3.00402694617383 9.491978635877807
v 15.229067017393417 3.3304792168259634 8.924821531494446
v 14.046183833485877 3.5696576146185093 9.297429747121601
v 15.229067017393417 3.3304792168259634 8.924821531494446
v 13.580486880607936 1.5313289716110465 9.444124292276634
v 14.997916705128631 1.251523377880713 8.997633882338869
v 13.580486880607936 1.5313289716110465 9.444124292276634
v 15.229067017393417 3.3304792168259634 8.924821531494446
v 13.428568334669585 3.00402694617383 9.491978635877807
v 11.714034322813367 -0.8787754385608009 10.03205686801518
v 11.277228082475611 -2.823001440427527 10.16965083840996
v 11.827035254528601 -2.300031868592292 9.996461573312004
v 9.665840296378434 -1.0856623370163416 10.677238008326132
v 11.714034322813367 -0.8787754385608009 10.03205686801518
v 10.831529486068153 -0.3588802820145821 10.31004590106214
v 11.714034322813367 -0.8787754385608009 10.03205686801518
v 9.742119454504925 -2.3813357997749924 10.65321007269756
v 11.277228082475611 -2.823001440427527 10.16965083840996
v 9.742119454504925 -2.3813357997749924 10.65321007269756
v 11.714034322813367 -0.8787754385608009 10.03205686801518
v 9.665840296378434 -1.0856623370163416 10.677238008326132
v 8.674678464130693 -4.808654203265785 10.989453996122641
v 7.190571191819325 -4.459190445091848 11.45694780283014
v 6.9331287007551765 -4.6840106967469906 11.538042190278562
v 8.674678464130693 -4.808654203265785 10.989453996122641
v 6.919878985516123 -6.6334997499999995 11.542215850721078
v 8.696889756433912 -6.633499749999998 10.982457438808726
v 6.919878985516123 -6.6334997499999995 11.542215850721078
v 8.674678464130693 -4.808654203265785 10.989453996122641
v 6.9331287007551765 -4.6840106967469906 11.538042190278562
v 13.580486880607936 1.5313289716110465 9.444124292276634
v 12.970826193040878 0.953901916347903 9.636167415403948
v 12.973737348436261 -0.17288445495767857 9.635250401423155
v 14.997916705128631 1.251523377880713 8.997633882338869
v 13.785439567990796 -0.8355182047201117 9.379564193551207
v 15.037027475829081 -0.5282176797344469 8.985313989148437
v 15.037027475829081 -0.5282176797344469 8.985313989148437
v 15.398345364232615 0.21302131184130868 8.87149885042318
v 14.997916705128631 1.251523377880713 8.997633882338869
v 13.785439567990796 -0.8355182047201117 9.379564193551207
v 13.580486880607936 1.5313289716110465 9.444124292276634
v 12.973737348436261 -0.17288445495767857 9.635250401423155
v 13.580486880607936 1.5313289716110465 9.444124292276634
v 13.785439567990796 -0.8355182047201117 9.379564193551207
v 14.997916705128631 1.251523377880713 8.997633882338869
v 16.059663329183593 4.660189645648871 8.663183684365476
v 15.229067017393417 3.3304792168259634 8.924821531494446
v 15.683651857613341 2.386462959402115 8.78162730194596
v 16.059663329183593 4.660189645648871 8.663183684365476
v 17.22037524 2.274776786410694 8.29755942
v 17.220375240000003 4.582332057267108 8.297559419999999
v 17.22037524 2.274776786410694 8.29755942
v 16.059663329183593 4.660189645648871 8.663183684365476
v 15.683651857613341 2.386462959402115 8.78162730194596
v 13.785439567990796 -0.8355182047201117 9.379564193551207
v 11.827035254528601 -2.300031868592292 9.996461573312004
v 13.510755583686766 -2.666930010494971 9.466089651555253
v 11.714034322813367 -0.8787754385608009 10.03205686801518
v 13.785439567990796 -0.8355182047201117 9.379564193551207
v 12.973737348436261 -0.17288445495767857 9.635250401423155
v 13.785439567990796 -0.8355182047201117 9.379564193551207
v 11.714034322813367 -0.8787754385608009 10.03205686801518
v 11.827035254528601 -2.300031868592292 9.996461573312004
v 9.208002993544213 -2.9109205004369754 10.821456763633032
v 9.264088231792979 -4.349388743550535 10.80378991298269
v 10.451563998711883 -4.788976493555325 10.429735033657662
v 10.451563998711883 -4.788976493555325 10.429735033657662
v 11.34836970973845 -4.229419338430835 10.147241225058579
v 11.277228082475611 -2.823001440427527 10.16965083840996
v 11.277228082475611 -2.823001440427527 10.16965083840996
v 9.742119454504925 -2.3813357997749924 10.65321007269756
v 9.208002993544213 -2.9109205004369754 10.821456763633032
v 9.208002993544213 -2.9109205004369754 10.821456763633032
v 10.451563998711883 -4.788976493555325 10.429735033657662
v 11.277228082475611 -2.823001440427527 10.16965083840996
v 17.220375239999996 -4.18419859015735 8.297559420000002
v 15.43609154489445 -4.548351893508989 8.859608803109559
v 15.83609470929778 -6.633499749999999 8.733607802029143
v 15.83609470929778 -6.633499749999999 8.733607802029143
v 17.22037524 -6.633499749999997 8.29755942
v 17.220375239999996 -4.18419859015735 8.297559420000002
v 15.43609154489445 -4.548351893508989 8.859608803109559
v 17.220375239999996 -4.18419859015735 8.297559420000002
v 15.637662704487571 -4.271554762946004 8.796113885674197
v 15.398345364232615 0.21302131184130868 8.87149885042318
v 15.037027475829081 -0.5282176797344469 8.985313989148437
v 15.770819022921552 -1.947968053123518 8.75416964393828
v 15.770819022921552 -1.947968053123518 8.75416964393828
v 17.220375239999996 -1.9186416469857863 8.29755942
v 17.22037524 0.2505330325024131 8.29755942
v 17.22037524 0.2505330325024131 8.29755942
v 15.398345364232615 0.21302131184130868 8.87149885042318
v 15.770819022921552 -1.947968053123518 8.75416964393828
v 15.83609470929778 -6.633499749999999 8.733607802029143
v 14.031318875901674 -4.88581880961379 9.302112208920176
v 13.892730095477953 -6.633499749999997 9.34576767624117
v 14.031318875901674 -4.88581880961379 9.302112208920176
v 15.83609470929778 -6.633499749999999 8.733607802029143
v 15.43609154489445 -4.548351893508989 8.859608803109559
v 15.160596262891552 -2.8260936291242063 8.946389819897455
v 13.510755583686766 -2.666930010494971 9.466089651555253
v 13.511784474436398 -2.668400058825503 9.465765550958075
v 13.785439567990796 -0.8355182047201117 9.379564193551207
v 15.160596262891552 -2.8260936291242063 8.946389819897455
v 15.770819022921552 -1.947968053123518 8.75416964393828
v 15.770819022921552 -1.947968053123518 8.75416964393828
v 15.037027475829081 -0.5282176797344469 8.985313989148437
v 13.785439567990796 -0.8355182047201117 9.379564193551207
v 13.510755583686766 -2.666930010494971 9.466089651555253
v 15.160596262891552 -2.8260936291242063 8.946389819897455
v 13.785439567990796 -0.8355182047201117 9.379564193551207
v 15.683651857613341 2.386462959402115 8.78162730194596
v 15.398345364232615 0.21302131184130868 8.87149885042318
v 17.22037524 0.2505330325024131 8.29755942
v 17.22037524 0.2505330325024131 8.29755942
v 17.22037524 2.274776786410694 8.29755942
v 15.683651857613341 2.386462959402115 8.78162730194596
v 15.398345364232615 0.21302131184130868 8.87149885042318
v 15.683651857613341 2.386462959402115 8.78162730194596
v 14.997916705128631 1.251523377880713 8.997633882338869
v 12.257182853503675 -4.704108796835282 9.860965075017939
v 11.277228082475611 -2.823001440427527 10.16965083840996
v 11.34836970973845 -4.229419338430835 10.147241225058579
v 11.827035254528601 -2.300031868592292 9.996461573312004
v 13.290506555374993 -4.300710898983106 9.535468097837468
v 13.510755583686766 -2.666930010494971 9.466089651555253
v 13.290506555374993 -4.300710898983106 9.535468097837468
v 13.511784474436398 -2.668400058825503 9.465765550958075
v 13.510755583686766 -2.666930010494971 9.466089651555253
v 11.277228082475611 -2.823001440427527 10.16965083840996
v 12.257182853503675 -4.704108796835282 9.860965075017939
v 11.827035254528601 -2.300031868592292 9.996461573312004
v 13.290506555374993 -4.300710898983106 9.535468097837468
v 11.827035254528601 -2.300031868592292 9.996461573312004
v 12.257182853503675 -4.704108796835282 9.860965075017939
v 10.451563998711883 -4.788976493555325 10.429735033657662
v 9.264088231792979 -4.349388743550535 10.80378991298269
v 8.674678464130693 -4.808654203265785 10.989453996122641
v 10.451563998711883 -4.788976493555325 10.429735033657662
v 8.696889756433912 -6.633499749999998 10.982457438808726
v 10.51487805242429 -6.6334997499999995 10.409791106058682
v 8.696889756433912 -6.633499749999998 10.982457438808726
v 10.451563998711883 -4.788976493555325 10.429735033657662
v 8.674678464130693 -4.808654203265785 10.989453996122641
v 12.257182853503675 -4.704108796835282 9.860965075017939
v 11.34836970973845 -4.229419338430835 10.147241225058579
v 10.451563998711883 -4.788976493555325 10.429735033657662
v 10.451563998711883 -4.788976493555325 10.429735033657662
v 10.51487805242429 -6.6334997499999995 10.409791106058682
v 12.224164155779823 -6.633499749999997 9.871365965155354
v 12.224164155779823 -6.633499749999997 9.871365965155354
v 12.257182853503675 -4.704108796835282 9.860965075017939
v 10.451563998711883 -4.788976493555325 10.429735033657662
v 15.160596262891552 -2.8260936291242063 8.946389819897455
v 14.031318875901674 -4.88581880961379 9.302112208920176
v 15.43609154489445 -4.548351893508989 8.859608803109559
v 15.43609154489445 -4.548351893508989 8.859608803109559
v 15.637662704487571 -4.271554762946004 8.796113885674197
v 15.160596262891552 -2.8260936291242063 8.946389819897455
v 15.160596262891552 -2.8260936291242063 8.946389819897455
v 13.511784474436398 -2.668400058825503 9.465765550958075
v 13.290506555374993 -4.300710898983106 9.535468097837468
v 14.031318875901674 -4.88581880961379 9.302112208920176
v 15.160596262891552 -2.8260936291242063 8.946389819897455
v 13.290506555374993 -4.300710898983106 9.535468097837468
v 14.031318875901674 -4.88581880961379 9.302112208920176
v 13.290506555374993 -4.300710898983106 9.535468097837468
v 12.257182853503675 -4.704108796835282 9.860965075017939
v 12.257182853503675 -4.704108796835282 9.860965075017939
v 12.224164155779823 -6.633499749999997 9.871365965155354
v 13.892730095477953 -6.633499749999997 9.34576767624117
v 13.892730095477953 -6.633499749999997 9.34576767624117
v 14.031318875901674 -4.88581880961379 9.302112208920176
v 12.257182853503675 -4.704108796835282 9.860965075017939
v 17.220375239999996 -4.18419859015735 8.297559420000002
v 15.160596262891552 -2.8260936291242063 8.946389819897455
v 15.637662704487571 -4.271554762946004 8.796113885674197
v 15.770819022921552 -1.947968053123518 8.75416964393828
v 17.220375239999996 -4.18419859015735 8.297559420000002
v 17.220375239999996 -1.9186416469857863 8.29755942
v 15.160596262891552 -2.8260936291242063 8.946389819897455
v 17.220375239999996 -4.18419859015735 8.297559420000002
v 15.770819022921552 -1.947968053123518 8.75416964393828
v -10.21262547 3.4698029391635843 8.29755942
v -10.21262547 6.95950001 8.29755942
v -10.21262547 6.95950001 7.72919334
v -10.21262547 6.95950001 7.72919334
v -10.21262547 3.4695419706339705 7.72919334
v -10.21262547 3.4698029391635843 8.29755942
v -10.21262547 3.4695419706339705 7.72919334
v -10.21262547 0.1454664545997578 7.72919334
v -10.21262547 0.14555933867448273 8.29755942
v -10.21262547 0.14555933867448273 8.29755942
v -10.21262547 3.4698029391635843 8.29755942
v -10.21262547 3.4695419706339705 7.72919334
v -10.21262547 -3.1254355404992484 8.297559420000002
v -10.21262547 0.14555933867448273 8.29755942
v -10.21262547 0.1454664545997578 7.72919334
v -10.21262547 0.1454664545997578 7.72919334
v -10.21262547 -3.125586131033289 7.72919334
v -10.21262547 -3.1254355404992484 8.297559420000002
v -10.21262547 -3.125586131033289 7.72919334
v -10.21262547 -6.441499840000002 7.72919334
v -10.21262547 -6.441499840000003 8.29755942
v -10.21262547 -6.441499840000003 8.29755942
v -10.21262547 -3.1254355404992484 8.297559420000002
v -10.21262547 -3.125586131033289 7.72919334
v 17.22037524 4.797039530144936 6.797559500000001
v 17.22037524 6.95950001 6.7975595
v 17.22037524 6.95950001 8.29755942
v 17.22037524 6.95950001 8.29755942
v 17.22037524 4.789854477420149 8.29755942
v 17.22037524 4.797039530144936 6.797559500000001
v 17.22037524 4.789854477420149 8.29755942
v 17.22037524 2.5794265758675445 8.29755942
v 17.22037524 2.576518498007137 6.7975595
v 17.22037524 2.576518498007137 6.7975595
v 17.22037524 4.797039530144936 6.797559500000001
v 17.22037524 4.789854477420149 8.29755942
v 17.22037524 2.5794265758675445 8.29755942
v 17.22037524 0.3079397550781118 8.29755942
v 17.22037524 0.3135966356792036 6.7975595
v 17.22037524 0.3135966356792036 6.7975595
v 17.22037524 2.576518498007137 6.7975595
v 17.22037524 2.5794265758675445 8.29755942
v 17.22037524 0.3135966356792036 6.7975595
v 17.22037524 -1.9603174831808874 8.29755942
v 17.22037524 -1.9673683674008018 6.7975595
v 17.22037524 -1.9603174831808874 8.29755942
v 17.22037524 0.3135966356792036 6.7975595
v 17.22037524 0.3079397550781118 8.29755942
v 17.22037524 -1.9673683674008018 6.7975595
v 17.22037524 -4.215308033278135 8.297559420000002
v 17.22037524 -4.213842226722162 6.797559500000001
v 17.22037524 -4.215308033278135 8.297559420000002
v 17.22037524 -1.9673683674008018 6.7975595
v 17.22037524 -1.9603174831808874 8.29755942
v 17.22037524 -4.215308033278135 8.297559420000002
v 17.22037524 -6.441499839999996 8.29755942
v 17.22037524 -6.441499839999998 6.7975595
v 17.22037524 -6.441499839999998 6.7975595
v 17.22037524 -4.213842226722162 6.797559500000001
v 17.22037524 -4.215308033278135 8.297559420000002
v 15.685897816485403 -4.209196698378301 6.7975595
v 17.22037524 -4.737294970461691 6.7975595
v 17.22037524 -6.44149984 6.7975595
v 15.685897816485403 -4.209196698378301 6.7975595
v 14.620374259999998 -6.44149984 6.7975595
v 14.620374259999998 -4.500435103055366 6.7975595
v 14.620374259999998 -6.44149984 6.7975595
v 15.685897816485403 -4.209196698378301 6.7975595
v 17.22037524 -6.44149984 6.7975595
v 17.22037524 -4.737294970461691 6.7975595
v 16.128272173719097 -2.274755638243916 6.7975595
v 17.220375239999996 -2.032118571217085 6.7975595
v 16.128272173719097 -2.274755638243916 6.7975595
v 17.22037524 -4.737294970461691 6.7975595
v 15.685897816485403 -4.209196698378301 6.7975595
v 14.62037426 -1.629751407110845 6.7975595
v 15.685897816485403 -4.209196698378301 6.7975595
v 14.620374259999998 -4.500435103055366 6.7975595
v 15.685897816485403 -4.209196698378301 6.7975595
v 14.62037426 -1.629751407110845 6.7975595
v 16.128272173719097 -2.274755638243916 6.7975595
v 16.750387467684007 0.19996881191956972 6.7975595
v 15.260422755687086 1.8943727371966805 6.7975595
v 16.525193315300974 2.90289996255407 6.7975595
v 16.750387467684007 0.19996881191956972 6.7975595
v 17.22037524 2.9214792730131838 6.7975595
v 17.22037524 0.12334396821974325 6.7975595
v 17.22037524 2.9214792730131838 6.7975595
v 16.750387467684007 0.19996881191956972 6.7975595
v 16.525193315300974 2.90289996255407 6.7975595
v 16.128272173719097 -2.274755638243916 6.7975595
v 14.62037426 -1.629751407110845 6.7975595
v 14.62037426 -0.7089859648824444 6.7975595
v 17.220375239999996 -2.032118571217085 6.7975595
v 16.750387467684007 0.19996881191956972 6.7975595
v 17.22037524 0.12334396821974325 6.7975595
v 16.750387467684007 0.19996881191956972 6.7975595
v 17.220375239999996 -2.032118571217085 6.7975595
v 16.128272173719097 -2.274755638243916 6.7975595
v 16.750387467684007 0.19996881191956972 6.7975595
v 16.128272173719097 -2.274755638243916 6.7975595
v 14.62037426 -0.7089859648824444 6.7975595
v 15.260422755687086 1.8943727371966805 6.7975595
v 16.750387467684007 0.19996881191956972 6.7975595
v 14.62037426 -0.7089859648824444 6.7975595
v 14.62037426 -0.7089859648824444 6.7975595
v 14.62037426 1.8761830536098554 6.7975595
v 15.260422755687086 1.8943727371966805 6.7975595
v 15.029738453767767 4.6774439792570455 6.7975595
v 16.525193315300974 2.90289996255407 6.7975595
v 15.260422755687086 1.8943727371966805 6.7975595
v 15.029738453767767 4.6774439792570455 6.7975595
v 14.62037426 1.8761830536098554 6.7975595
v 14.62037426 4.757368615683659 6.7975595
v 14.62037426 1.8761830536098554 6.7975595
v 15.029738453767767 4.6774439792570455 6.7975595
v 15.260422755687086 1.8943727371966805 6.7975595
v 16.525193315300974 2.90289996255407 6.7975595
v 15.029738453767767 4.6774439792570455 6.7975595
v 17.22037524 5.446011743273056 6.7975595
v 17.22037524 5.446011743273056 6.7975595
v 17.22037524 2.9214792730131838 6.7975595
v 16.525193315300974 2.90289996255407 6.7975595
v 15.029738453767767 4.6774439792570455 6.7975595
v 14.62037426 4.757368615683659 6.7975595
v 14.62037426 6.95950001 6.7975595
v 14.62037426 6.95950001 6.7975595
v 17.22037524 6.959500010000001 6.7975595
v 17.22037524 5.446011743273056 6.7975595
v 17.22037524 5.446011743273056 6.7975595
v 15.029738453767767 4.6774439792570455 6.7975595
v 14.62037426 6.95950001 6.7975595
v 7.055909575021869 -6.63349975 10.008786687647387
v 5.22037476 -6.63349975 9.973928463869417
v 5.22037476 -6.63349975 8.29755942
v 5.22037476 -6.63349975 8.29755942
v 7.599349032654997 -6.63349975 8.29755942
v 7.055909575021869 -6.63349975 10.008786687647387
v 7.055909575021869 -6.63349975 10.008786687647387
v 7.7979653883603905 -6.63349975 11.26561862440034
v 5.22037476 -6.63349975 12.0775597
v 5.22037476 -6.63349975 12.0775597
v 5.22037476 -6.63349975 9.973928463869417
v 7.055909575021869 -6.63349975 10.008786687647387
v 13.261994638648453 -6.63349975 8.297559420000002
v 17.220375239999996 -6.63349975 8.297559420000002
v 13.444679372088125 -6.63349975 9.486903658918042
v 7.055909575021869 -6.63349975 10.008786687647387
v 7.599349032654997 -6.63349975 8.29755942
v 8.885889727521135 -6.63349975 8.29755942
v 7.055909575021869 -6.63349975 10.008786687647387
v 9.363372532609388 -6.63349975 10.772515357159868
v 7.7979653883603905 -6.63349975 11.26561862440034
v 9.363372532609388 -6.63349975 10.772515357159868
v 7.055909575021869 -6.63349975 10.008786687647387
v 8.885889727521135 -6.63349975 8.29755942
v 9.363372532609388 -6.63349975 10.772515357159868
v 10.947573291994221 -6.63349975 8.297559420000002
v 11.231343103261825 -6.63349975 10.1841046073548
v 10.947573291994221 -6.63349975 8.297559420000002
v 9.363372532609388 -6.63349975 10.772515357159868
v 8.885889727521135 -6.63349975 8.29755942
v 10.947573291994221 -6.63349975 8.297559420000002
v 13.261994638648453 -6.63349975 8.297559420000002
v 13.444679372088125 -6.63349975 9.486903658918042
v 13.444679372088125 -6.63349975 9.486903658918042
v 11.231343103261825 -6.63349975 10.1841046073548
v 10.947573291994221 -6.63349975 8.297559420000002
v -2.61200006 -5.63850002 3.4327447316276958
v -2.61200006 -4.5275 5.842
v -2.61200006 -5.638500020000001 5.842
v -2.61200006 -4.5275 5.842
v -2.61200006 -5.63850002 3.4327447316276958
v -2.61200006 -4.527499999999999 3.4312805855281097
v -2.61200006 -4.527499999999999 3.4312805855281097
v -2.61200006 -5.63850002 1.00000001
v -2.61200006 -4.527499999999999 1.0000000100000004
v -2.61200006 -5.63850002 1.00000001
v -2.61200006 -4.527499999999999 3.4312805855281097
v -2.61200006 -5.63850002 3.4327447316276958
v -2.21200006 -4.527500000000001 5.842
v -2.2631605 4.41650019 5.842
v -2.2631605 -4.5275000000000025 5.842
v -2.2631605 4.41650019 5.842
v -2.21200006 -4.527500000000001 5.842
v -2.21200006 4.41650019 5.842
v -2.2631605 2.683679863394986 7.72919334
v -2.2631605 4.41650019 5.842
v -2.2631605 4.41583976 7.72919334
v -2.2631605 4.41650019 5.842
v -2.2631605 2.683679863394986 7.72919334
v -2.2631605 2.676196026963503 5.842
v -2.2631605 2.676196026963503 5.842
v -2.2631605 0.9225574558247065 7.72919334
v -2.2631605 0.9286169850598578 5.842
v -2.2631605 0.9225574558247065 7.72919334
v -2.2631605 2.676196026963503 5.842
v -2.2631605 2.683679863394986 7.72919334
v -2.2631605 0.9225574558247065 7.72919334
v -2.2631605 -0.8562658988663647 7.729193340000001
v -2.2631605 -0.8583548185802015 5.842
v -2.2631605 -0.8583548185802015 5.842
v -2.2631605 0.9286169850598578 5.842
v -2.2631605 0.9225574558247065 7.72919334
v -2.2631605 -0.8583548185802015 5.842
v -2.2631605 -2.6775184062765 7.72919334
v -2.2631605 -2.67606234769055 5.842
v -2.2631605 -2.6775184062765 7.72919334
v -2.2631605 -0.8583548185802015 5.842
v -2.2631605 -0.8562658988663647 7.729193340000001
v -2.2631605 -2.6775184062765 7.72919334
v -2.2631605 -4.527499999999998 7.72919334
v -2.2631605 -4.527499999999999 5.8420000000000005
v -2.2631605 -4.527499999999999 5.8420000000000005
v -2.2631605 -2.67606234769055 5.842
v -2.2631605 -2.6775184062765 7.72919334
v -2.2631605 -4.5275 7.72919334
v -2.61200006 -4.5275 7.72919334
v -2.6120000599999997 -4.5275 5.842
v -2.6120000599999997 -4.5275 5.842
v -2.2631605 -4.5275 5.842
v -2.2631605 -4.5275 7.72919334
v -2.61200006 -5.63850002 5.842
v -2.61200006 -4.5275 7.72919334
v -2.61200006 -5.63916044 7.72919334
v -2.61200006 -4.5275 7.72919334
v -2.61200006 -5.63850002 5.842
v -2.61200006 -4.5275 5.841999999999999
v -2.61200006 4.41650019 5.842
v -2.2631605 4.41583976 7.72919334
v -2.2631605 4.41650019 5.842
v -2.2631605 4.41583976 7.72919334
v -2.61200006 4.41650019 5.842
v -2.6131604600000005 4.41583976 7.72919334
v -2.61200006 5.59049985 3.418198802375157
v -2.61200006 5.59049985 5.842
v -2.61200006 4.41650019 5.842
v -2.61200006 4.41650019 5.842
v -2.61200006 4.41650019 3.415492462097498
v -2.61200006 5.59049985 3.418198802375157
v -2.61200006 4.41650019 3.415492462097498
v -2.61200006 4.41650019 1.000000009999999
v -2.61200006 5.59049985 1.0000000099999993
v -2.61200006 5.59049985 1.0000000099999993
v -2.61200006 5.59049985 3.418198802375157
v -2.61200006 4.41650019 3.415492462097498
v -2.61200006 4.41650019 5.842
v -2.61316046 5.58983981 7.72919334
v -2.61316046 4.41583976 7.72919334
v -2.61316046 5.58983981 7.72919334
v -2.61200006 4.41650019 5.842
v -2.61200006 5.5904998500000005 5.842
v -6.655485918548691 -5.6391604399999995 7.72919334
v -8.71262556 -5.63916044 7.72919334
v -8.71262556 -5.638500020000002 5.842
v -8.71262556 -5.638500020000002 5.842
v -6.65001661830972 -5.638500020000002 5.842
v -6.655485918548691 -5.6391604399999995 7.72919334
v -6.655485918548691 -5.6391604399999995 7.72919334
v -4.624500055546994 -5.63850002 5.842
v -4.618306987985539 -5.639160439999999 7.729193339999999
v -4.624500055546994 -5.63850002 5.842
v -6.655485918548691 -5.6391604399999995 7.72919334
v -6.65001661830972 -5.638500020000002 5.842
v -4.618306987985539 -5.639160439999999 7.729193339999999
v -2.6120000600000006 -5.63850002 5.8420000000000005
v -2.612000060000001 -5.639160439999999 7.72919334
v -2.6120000600000006 -5.63850002 5.8420000000000005
v -4.618306987985539 -5.639160439999999 7.729193339999999
v -4.624500055546994 -5.63850002 5.842
v -4.626633011437833 5.59049985 5.842
v -2.61316046 5.58983981 7.72919334
v -2.61200006 5.59049985 5.842
v -2.61316046 5.58983981 7.72919334
v -4.626633011437833 5.59049985 5.842
v -4.629314226402946 5.58983981 7.72919334
v -4.629314226402946 5.58983981 7.72919334
v -6.658165942135771 5.59049985 5.841999999999999
v -6.657964042030319 5.58983981 7.72919334
v -6.658165942135771 5.59049985 5.841999999999999
v -4.629314226402946 5.58983981 7.72919334
v -4.626633011437833 5.59049985 5.842
v -6.658165942135771 5.59049985 5.841999999999999
v -8.712625560000001 5.59049985 5.841999999999999
v -8.712625560000001 5.58983981 7.72919334
v -8.712625560000001 5.58983981 7.72919334
v -6.657964042030319 5.58983981 7.72919334
v -6.658165942135771 5.59049985 5.841999999999999
v -4.415612068168503 5.59049985 4.157817586823229
v -4.52269787893733 5.59049985 5.842
v -2.61200006 5.59049985 5.842
v -2.61200006 5.59049985 5.842
v -2.61200006 5.59049985 4.124036474983841
v -4.415612068168503 5.59049985 4.157817586823229
v -6.3916687395907354 5.59049985 4.087004305348703
v -6.6969004771130844 5.59049985 3.83029034991264
v -8.256335054755676 5.59049985 4.348731576199045
v -8.256335054755676 5.59049985 4.348731576199045
v -8.475293954007885 5.59049985 5.842
v -6.30584556868087 5.59049985 5.842
v -6.30584556868087 5.59049985 5.842
v -6.3916687395907354 5.59049985 4.087004305348703
v -8.256335054755676 5.59049985 4.348731576199045
v -4.5667881806732815 5.59049985 2.6930704572469866
v -4.704264646132946 5.59049985 3.828778541184086
v -4.415612068168503 5.59049985 4.157817586823229
v -4.5667881806732815 5.59049985 2.6930704572469866
v -2.61200006 5.59049985 4.124036474983841
v -2.6120000600000006 5.59049985 2.193681063009149
v -2.61200006 5.59049985 4.124036474983841
v -4.5667881806732815 5.59049985 2.6930704572469866
v -4.415612068168503 5.59049985 4.157817586823229
v -4.5667881806732815 5.59049985 2.6930704572469866
v -5.405449981505228 5.59049985 1.6258096751230275
v -6.808822010914534 5.59049985 2.8477595526968407
v -6.808822010914534 5.59049985 2.8477595526968407
v -6.6969004771130844 5.59049985 3.83029034991264
v -6.3916687395907354 5.59049985 4.087004305348703
v -6.808822010914534 5.59049985 2.8477595526968407
v -4.704264646132946 5.59049985 3.828778541184086
v -4.5667881806732815 5.59049985 2.6930704572469866
v -4.704264646132946 5.59049985 3.828778541184086
v -6.808822010914534 5.59049985 2.8477595526968407
v -6.3916687395907354 5.59049985 4.087004305348703
v -4.415612068168503 5.59049985 4.157817586823229
v -4.704264646132946 5.59049985 3.828778541184086
v -6.3916687395907354 5.59049985 4.087004305348703
v -4.415612068168503 5.59049985 4.157817586823229
v -6.30584556868087 5.59049985 5.842
v -4.52269787893733 5.59049985 5.842
v -6.30584556868087 5.59049985 5.842
v -4.415612068168503 5.59049985 4.157817586823229
v -6.3916687395907354 5.59049985 4.087004305348703
v -2.612000060000001 5.59049985 1.00000001
v -4.5667881806732815 5.59049985 2.6930704572469866
v -2.6120000600000006 5.59049985 2.193681063009149
v -5.405449981505228 5.59049985 1.6258096751230275
v -2.612000060000001 5.59049985 1.00000001
v -5.405985994281222 5.59049985 1.0000000099999995
v -2.612000060000001 5.59049985 1.00000001
v -5.405449981505228 5.59049985 1.6258096751230275
v -4.5667881806732815 5.59049985 2.6930704572469866
v -8.023851967812393 5.59049985 2.0490432426795344
v -6.808822010914534 5.59049985 2.8477595526968407
v -5.405449981505228 5.59049985 1.6258096751230275
v -5.405449981505228 5.59049985 1.6258096751230275
v -5.405985994281222 5.59049985 1.0000000099999995
v -8.183126043876548 5.59049985 1.0000000100000002
v -8.183126043876548 5.59049985 1.0000000100000002
v -8.023851967812393 5.59049985 2.0490432426795344
v -5.405449981505228 5.59049985 1.6258096751230275
v -8.256335054755676 5.59049985 4.348731576199045
v -8.023851967812393 5.59049985 2.0490432426795344
v -9.180361680785843 5.59049985 3.3761243521064337
v -6.808822010914534 5.59049985 2.8477595526968407
v -8.256335054755676 5.59049985 4.348731576199045
v -6.6969004771130844 5.59049985 3.83029034991264
v -8.023851967812393 5.59049985 2.0490432426795344
v -8.256335054755676 5.59049985 4.348731576199045
v -6.808822010914534 5.59049985 2.8477595526968407
v -10.21199993 5.59049985 5.842
v -9.180361680785843 5.59049985 3.3761243521064337
v -10.21199993 5.59049985 3.345213744170976
v -8.256335054755676 5.59049985 4.348731576199045
v -10.21199993 5.59049985 5.842
v -8.475293954007885 5.59049985 5.842
v -9.180361680785843 5.59049985 3.3761243521064337
v -10.21199993 5.59049985 5.842
v -8.256335054755676 5.59049985 4.348731576199045
v -10.21199993 5.59049985 1.00000001
v -8.023851967812393 5.59049985 2.0490432426795344
v -8.183126043876548 5.59049985 1.0000000100000002
v -9.180361680785843 5.59049985 3.3761243521064337
v -10.21199993 5.59049985 1.00000001
v -10.21199993 5.59049985 3.345213744170976
v -10.21199993 5.59049985 1.00000001
v -9.180361680785843 5.59049985 3.3761243521064337
v -8.023851967812393 5.59049985 2.0490432426795344
v -10.21199993 -5.63850002 5.842
v -8.18611319544707 -5.63850002 4.4788401183389155
v -8.385492357760823 -5.63850002 5.841999999999999
v -9.076334354504022 -5.63850002 3.427295411732148
v -10.21199993 -5.63850002 5.842
v -10.21199993 -5.63850002 3.4442194443949337
v -10.21199993 -5.63850002 5.842
v -9.076334354504022 -5.63850002 3.427295411732148
v -8.18611319544707 -5.63850002 4.4788401183389155
v -8.18611319544707 -5.63850002 4.4788401183389155
v -6.644786867281162 -5.63850002 3.9059143911385923
v -6.161373938062268 -5.63850002 4.422564795676868
v -8.18611319544707 -5.63850002 4.4788401183389155
v -6.2180975120895265 -5.63850002 5.8420000000000005
v -8.385492357760823 -5.63850002 5.841999999999999
v -6.2180975120895265 -5.63850002 5.8420000000000005
v -8.18611319544707 -5.63850002 4.4788401183389155
v -6.161373938062268 -5.63850002 4.422564795676868
v -10.21199993 -5.63850002 1.00000001
v -9.076334354504022 -5.63850002 3.427295411732148
v -10.21199993 -5.63850002 3.4442194443949337
v -8.243943526611815 -5.63850002 2.401229188460297
v -10.21199993 -5.63850002 1.00000001
v -8.474987050089258 -5.63850002 1.00000001
v -9.076334354504022 -5.63850002 3.427295411732148
v -10.21199993 -5.63850002 1.00000001
v -8.243943526611815 -5.63850002 2.401229188460297
v -6.289283961415955 -5.63850002 2.512299551574387
v -6.635689376724769 -5.63850002 2.893776674656273
v -8.243943526611815 -5.63850002 2.401229188460297
v -8.243943526611815 -5.63850002 2.401229188460297
v -8.474987050089258 -5.63850002 1.00000001
v -6.3224253947604465 -5.63850002 1.0000000100000004
v -6.3224253947604465 -5.63850002 1.0000000100000004
v -6.289283961415955 -5.63850002 2.512299551574387
v -8.243943526611815 -5.63850002 2.401229188460297
v -6.2180975120895265 -5.63850002 5.8420000000000005
v -4.536545540620091 -5.63850002 4.1135715596984745
v -4.0254027977666995 -5.63850002 5.8420000000000005
v -4.536545540620091 -5.63850002 4.1135715596984745
v -6.2180975120895265 -5.63850002 5.8420000000000005
v -6.161373938062268 -5.63850002 4.422564795676868
v -6.644786867281162 -5.63850002 3.9059143911385923
v -8.243943526611815 -5.63850002 2.401229188460297
v -6.635689376724769 -5.63850002 2.893776674656273
v -8.243943526611815 -5.63850002 2.401229188460297
v -6.644786867281162 -5.63850002 3.9059143911385923
v -8.18611319544707 -5.63850002 4.4788401183389155
v -8.243943526611815 -5.63850002 2.401229188460297
v -8.18611319544707 -5.63850002 4.4788401183389155
v -9.076334354504022 -5.63850002 3.427295411732148
v -6.644786867281162 -5.63850002 3.9059143911385923
v -6.635689376724769 -5.63850002 2.893776674656273
v -6.289283961415955 -5.63850002 2.512299551574387
v -4.536545540620091 -5.63850002 4.1135715596984745
v -4.5755433087371555 -5.63850002 2.698287123168413
v -4.141548274631179 -5.63850002 3.4064921219721613
v -4.5755433087371555 -5.63850002 2.698287123168413
v -4.536545540620091 -5.63850002 4.1135715596984745
v -6.161373938062268 -5.63850002 4.422564795676868
v -6.161373938062268 -5.63850002 4.422564795676868
v -6.644786867281162 -5.63850002 3.9059143911385923
v -6.289283961415955 -5.63850002 2.512299551574387
v -4.5755433087371555 -5.63850002 2.698287123168413
v -6.161373938062268 -5.63850002 4.422564795676868
v -6.289283961415955 -5.63850002 2.512299551574387
v -4.5755433087371555 -5.63850002 2.698287123168413
v -6.289283961415955 -5.63850002 2.512299551574387
v -6.3224253947604465 -5.63850002 1.0000000100000004
v -6.3224253947604465 -5.63850002 1.0000000100000004
v -4.17221327223583 -5.63850002 1.0000000100000006
v -4.5755433087371555 -5.63850002 2.698287123168413
v -4.536545540620091 -5.63850002 4.1135715596984745
v -4.141548274631179 -5.63850002 3.4064921219721613
v -2.6120000599999993 -5.63850002 3.3823429236609703
v -4.536545540620091 -5.63850002 4.1135715596984745
v -2.6120000599999993 -5.63850002 5.842
v -4.0254027977666995 -5.63850002 5.8420000000000005
v -2.6120000599999993 -5.63850002 5.842
v -4.536545540620091 -5.63850002 4.1135715596984745
v -2.6120000599999993 -5.63850002 3.3823429236609703
v -2.6120000599999997 -5.63850002 1.00000001
v -4.5755433087371555 -5.63850002 2.698287123168413
v -4.17221327223583 -5.63850002 1.0000000100000006
v -4.5755433087371555 -5.63850002 2.698287123168413
v -2.6120000599999997 -5.63850002 1.00000001
v -2.6120000599999993 -5.63850002 3.3823429236609703
v -4.5755433087371555 -5.63850002 2.698287123168413
v -2.6120000599999993 -5.63850002 3.3823429236609703
v -4.141548274631179 -5.63850002 3.4064921219721613
v -8.71262556 -3.847238744465058 5.842
v -8.71262556 -5.63850002 5.842
v -8.71262556 -5.63916044 7.72919334
v -8.71262556 -5.63916044 7.72919334
v -8.71262556 -3.846477937356209 7.72919334
v -8.71262556 -3.847238744465058 5.842
v -8.71262556 -3.846477937356209 7.72919334
v -8.71262556 -2.0362440465585596 7.729193340000001
v -8.71262556 -2.036925568933909 5.842
v -8.71262556 -2.036925568933909 5.842
v -8.71262556 -3.847238744465058 5.842
v -8.71262556 -3.846477937356209 7.72919334
v -8.71262556 -2.036925568933909 5.842
v -8.71262556 -0.18569431615681692 7.72919334
v -8.71262556 -0.18277552570485567 5.842
v -8.71262556 -0.18569431615681692 7.72919334
v -8.71262556 -2.036925568933909 5.842
v -8.71262556 -2.0362440465585596 7.729193340000001
v -8.71262556 -0.18569431615681692 7.72919334
v -8.71262556 1.7192498779320469 7.72919334
v -8.71262556 1.7084578730447721 5.842
v -8.71262556 1.7084578730447721 5.842
v -8.71262556 -0.18277552570485567 5.842
v -8.71262556 -0.18569431615681692 7.72919334
v -8.71262556 1.7192498779320469 7.72919334
v -8.71262556 3.6412190719312956 7.729193340000001
v -8.71262556 3.6423175619484502 5.842
v -8.71262556 3.6423175619484502 5.842
v -8.71262556 1.7084578730447721 5.842
v -8.71262556 1.7192498779320469 7.72919334
v -8.71262556 3.6423175619484502 5.842
v -8.71262556 5.589839810000001 7.72919334
v -8.71262556 5.5904998500000005 5.841999999999999
v -8.71262556 5.589839810000001 7.72919334
v -8.71262556 3.6423175619484502 5.842
v -8.71262556 3.6412190719312956 7.729193340000001
v -10.21199993 3.345539896719412 5.842
v -8.71262556 5.59049985 5.842
v -10.21199993 5.59049985 5.842
v -8.71262556 5.59049985 5.842
v -10.21199993 3.345539896719412 5.842
v -8.71262556 3.344426458278972 5.842
v -8.71262556 3.344426458278972 5.842
v -10.21199993 1.0818106384434283 5.842
v -8.71262556 1.0799535854795097 5.842
v -10.21199993 1.0818106384434283 5.842
v -8.71262556 3.344426458278972 5.842
v -10.21199993 3.345539896719412 5.842
v -10.21199993 1.0818106384434283 5.842
v -10.21199993 -1.191903453110544 5.842
v -8.71262556 -1.189504157092345 5.842
v -8.71262556 -1.189504157092345 5.842
v -8.71262556 1.0799535854795097 5.842
v -10.21199993 1.0818106384434283 5.842
v -8.71262556 -1.189504157092345 5.842
v -10.21199993 -3.4342308591577644 5.842
v -8.71262556 -3.437113479361483 5.842
v -10.21199993 -3.4342308591577644 5.842
v -8.71262556 -1.189504157092345 5.842
v -10.21199993 -1.191903453110544 5.842
v -8.71262556 -3.437113479361483 5.842
v -10.21199993 -5.638500019999999 5.842
v -8.71262556 -5.6385000199999995 5.842
v -10.21199993 -5.638500019999999 5.842
v -8.71262556 -3.437113479361483 5.842
v -10.21199993 -3.4342308591577644 5.842
v -10.21199993 5.59049985 1.00000001
v -10.21199993 3.8631961421542464 2.8108445584626875
v -10.21199993 5.59049985 2.341652230307849
v -10.21199993 3.8631961421542464 2.8108445584626875
v -10.21199993 5.59049985 1.00000001
v -10.21199993 3.1265923705055747 1.0000000099999995
v -10.21199993 3.8631961421542464 2.8108445584626875
v -10.21199993 3.1265923705055747 1.0000000099999995
v -10.21199993 3.1339634408535457 2.159528931758377
v -10.21199993 3.842624398953182 4.050291701687165
v -10.21199993 1.7882735385855177 2.985729037090418
v -10.21199993 1.766701538782352 3.8165643348154896
v -10.21199993 1.766701538782352 3.8165643348154896
v -10.21199993 3.12642899718382 4.6657983738491815
v -10.21199993 3.842624398953182 4.050291701687165
v -10.21199993 1.7882735385855177 2.985729037090418
v -10.21199993 3.8631961421542464 2.8108445584626875
v -10.21199993 3.1339634408535457 2.159528931758377
v -10.21199993 3.8631961421542464 2.8108445584626875
v -10.21199993 1.7882735385855177 2.985729037090418
v -10.21199993 3.842624398953182 4.050291701687165
v -10.21199993 5.59049985 2.341652230307849
v -10.21199993 3.842624398953182 4.050291701687165
v -10.21199993 5.5904998500000005 4.562026140120235
v -10.21199993 3.842624398953182 4.050291701687165
v -10.21199993 5.59049985 2.341652230307849
v -10.21199993 3.8631961421542464 2.8108445584626875
v -10.21199993 3.842624398953182 4.050291701687165
v -10.21199993 3.12642899718382 4.6657983738491815
v -10.21199993 3.093513401283807 5.842
v -10.21199993 3.842624398953182 4.050291701687165
v -10.21199993 5.5904998500000005 5.842
v -10.21199993 5.5904998500000005 4.562026140120235
v -10.21199993 5.5904998500000005 5.842
v -10.21199993 3.842624398953182 4.050291701687165
v -10.21199993 3.093513401283807 5.842
v -10.21199993 0.6836882561711792 2.0972802111465625
v -10.21199993 1.7882735385855177 2.985729037090418
v -10.21199993 3.1339634408535457 2.159528931758377
v -10.21199993 0.6836882561711792 2.0972802111465625
v -10.21199993 3.1265923705055747 1.0000000099999995
v -10.21199993 0.68313716601417 1.0000000099999995
v -10.21199993 3.1265923705055747 1.0000000099999995
v -10.21199993 0.6836882561711792 2.0972802111465625
v -10.21199993 3.1339634408535457 2.159528931758377
v -10.21199993 3.12642899718382 4.6657983738491815
v -10.21199993 1.766701538782352 3.8165643348154896
v -10.21199993 0.7395241714623725 4.5907982340734765
v -10.21199993 3.12642899718382 4.6657983738491815
v -10.21199993 0.7367197208395628 5.842
v -10.21199993 3.093513401283807 5.842
v -10.21199993 0.7367197208395628 5.842
v -10.21199993 3.12642899718382 4.6657983738491815
v -10.21199993 0.7395241714623725 4.5907982340734765
v -10.21199993 1.7882735385855177 2.985729037090418
v -10.21199993 -0.4794066038893058 3.7906053980388874
v -10.21199993 1.766701538782352 3.8165643348154896
v -10.21199993 -0.4794066038893058 3.7906053980388874
v -10.21199993 0.7395241714623725 4.5907982340734765
v -10.21199993 1.766701538782352 3.8165643348154896
v -10.21199993 -0.49938205212876774 3.0083792089547616
v -10.21199993 1.7882735385855177 2.985729037090418
v -10.21199993 0.6836882561711792 2.0972802111465625
v -10.21199993 -0.4794066038893058 3.7906053980388874
v -10.21199993 1.7882735385855177 2.985729037090418
v -10.21199993 -0.49938205212876774 3.0083792089547616
v -10.21199993 0.7395241714623725 4.5907982340734765
v -10.21199993 -0.4794066038893058 3.7906053980388874
v -10.21199993 -1.5722268754355795 4.622450370318276
v -10.21199993 -1.5722268754355795 4.622450370318276
v -10.21199993 -1.6483767347876475 5.842
v -10.21199993 0.7367197208395628 5.842
v -10.21199993 0.7367197208395628 5.842
v -10.21199993 0.7395241714623725 4.5907982340734765
v -10.21199993 -1.5722268754355795 4.622450370318276
v -10.21199993 -1.683298265952649 2.2050116687301173
v -10.21199993 -0.49938205212876774 3.0083792089547616
v -10.21199993 0.6836882561711792 2.0972802111465625
v -10.21199993 -1.683298265952649 2.2050116687301173
v -10.21199993 0.68313716601417 1.0000000099999995
v -10.21199993 -1.808664438351549 1.0000000099999995
v -10.21199993 0.68313716601417 1.0000000099999995
v -10.21199993 -1.683298265952649 2.2050116687301173
v -10.21199993 0.6836882561711792 2.0972802111465625
v -10.21199993 -1.683298265952649 2.2050116687301173
v -10.21199993 -3.0645193151965797 3.4636288036124943
v -10.21199993 -1.5722268754355795 4.622450370318276
v -10.21199993 -1.5722268754355795 4.622450370318276
v -10.21199993 -0.4794066038893058 3.7906053980388874
v -10.21199993 -0.49938205212876774 3.0083792089547616
v -10.21199993 -0.49938205212876774 3.0083792089547616
v -10.21199993 -1.683298265952649 2.2050116687301173
v -10.21199993 -1.5722268754355795 4.622450370318276
v -10.21199993 -3.6729505214991764 3.385857651642991
v -10.21199993 -3.5313507547963514 3.484631059593573
v -10.21199993 -3.0645193151965797 3.4636288036124943
v -10.21199993 -3.9169090370427293 1.0000000099999986
v -10.21199993 -1.683298265952649 2.2050116687301173
v -10.21199993 -1.808664438351549 1.0000000099999995
v -10.21199993 -3.0645193151965797 3.4636288036124943
v -10.21199993 -3.9169090370427293 1.0000000099999986
v -10.21199993 -3.6729505214991764 3.385857651642991
v -10.21199993 -3.9169090370427293 1.0000000099999986
v -10.21199993 -3.0645193151965797 3.4636288036124943
v -10.21199993 -1.683298265952649 2.2050116687301173
v -10.21199993 -3.866967957947036 5.841999999999999
v -10.21199993 -3.0645193151965797 3.4636288036124943
v -10.21199993 -3.5313507547963514 3.484631059593573
v -10.21199993 -1.5722268754355795 4.622450370318276
v -10.21199993 -3.866967957947036 5.841999999999999
v -10.21199993 -1.6483767347876475 5.842
v -10.21199993 -3.866967957947036 5.841999999999999
v -10.21199993 -1.5722268754355795 4.622450370318276
v -10.21199993 -3.0645193151965797 3.4636288036124943
v -10.21199993 -5.638500019999999 3.434673447676622
v -10.21199993 -3.9169090370427293 1.0000000099999986
v -10.21199993 -5.63850002 1.000000009999999
v -10.21199993 -3.9169090370427293 1.0000000099999986
v -10.21199993 -5.638500019999999 3.434673447676622
v -10.21199993 -3.6729505214991764 3.385857651642991
v -10.21199993 -3.866967957947036 5.841999999999999
v -10.21199993 -3.6729505214991764 3.385857651642991
v -10.21199993 -5.638500019999999 3.434673447676622
v -10.21199993 -5.638500019999999 3.434673447676622
v -10.21199993 -5.6385000199999995 5.841999999999999
v -10.21199993 -3.866967957947036 5.841999999999999
v -10.21199993 -3.6729505214991764 3.385857651642991
v -10.21199993 -3.866967957947036 5.841999999999999
v -10.21199993 -3.5313507547963514 3.484631059593573
v -8.17211119339328 5.319306888039041 8.797341991241328
v -7.82485924185947 5.612101805852148 8.882394311235258
v -7.73866781186177 7.15149991 8.903505153240664
v -7.73866781186177 7.15149991 8.903505153240664
v -10.21262547 7.15149991 8.29755942
v -10.21262547 6.95950001 8.29755942
v -10.21262547 6.95950001 8.29755942
v -10.21262547 5.849026527089007 8.29755942
v -8.17211119339328 5.319306888039041 8.797341991241328
v -8.17211119339328 5.319306888039041 8.797341991241328
v -7.73866781186177 7.15149991 8.903505153240664
v -10.21262547 6.95950001 8.29755942
v -5.535120431507151 5.687526007230135 9.443219375400933
v -3.8420665846732547 4.984870935165912 9.857898564133583
v -3.5394067399158304 5.207541848073366 9.932028952319797
v -5.535120431507151 5.687526007230135 9.443219375400933
v -3.4139382436076957 7.151499909999999 9.962759914809773
v -5.537669974987363 7.151499909999999 9.442594916454167
v -3.4139382436076957 7.151499909999999 9.962759914809773
v -5.535120431507151 5.687526007230135 9.443219375400933
v -3.5394067399158304 5.207541848073366 9.932028952319797
v -8.450944349535751 3.9801604836302236 8.729047467002095
v -8.17211119339328 5.319306888039041 8.797341991241328
v -10.21262547 5.849026527089007 8.29755942
v -10.21262547 5.849026527089007 8.29755942
v -10.21262547 3.8567164352628316 8.297559419999999
v -8.450944349535751 3.9801604836302236 8.729047467002095
v -10.21262547 3.8567164352628316 8.297559419999999
v -10.21262547 2.1840875403987714 8.29755942
v -8.609371018252935 2.132847242225005 8.690244068882116
v -8.609371018252935 2.132847242225005 8.690244068882116
v -7.971702381579806 3.237624409825047 8.846428063520186
v -8.450944349535751 3.9801604836302236 8.729047467002095
v -8.450944349535751 3.9801604836302236 8.729047467002095
v -10.21262547 3.8567164352628316 8.297559419999999
v -8.609371018252935 2.132847242225005 8.690244068882116
v -1.500052081892504 5.50520365980155 10.43152749851709
v -0.011704287292766846 5.2760180799769225 10.796068093118272
v 0.473797921173551 7.151499909999999 10.914982008532846
v 0.473797921173551 7.151499909999999 10.914982008532846
v -1.6931463200760941 7.151499909999999 10.384232982640551
v -1.500052081892504 5.50520365980155 10.43152749851709
v -7.076201352458202 3.1592053597510756 9.065762871423571
v -8.450944349535751 3.9801604836302236 8.729047467002095
v -7.971702381579806 3.237624409825047 8.846428063520186
v -6.260708437830617 4.9926064349868415 9.265501314998406
v -7.076201352458202 3.1592053597510756 9.065762871423571
v -6.1827561273951614 3.924360561068108 9.284594151833844
v -8.17211119339328 5.319306888039041 8.797341991241328
v -6.260708437830617 4.9926064349868415 9.265501314998406
v -7.82485924185947 5.612101805852148 8.882394311235258
v -6.260708437830617 4.9926064349868415 9.265501314998406
v -8.17211119339328 5.319306888039041 8.797341991241328
v -8.450944349535751 3.9801604836302236 8.729047467002095
v -6.260708437830617 4.9926064349868415 9.265501314998406
v -8.450944349535751 3.9801604836302236 8.729047467002095
v -7.076201352458202 3.1592053597510756 9.065762871423571
v -7.82485924185947 5.612101805852148 8.882394311235258
v -6.260708437830617 4.9926064349868415 9.265501314998406
v -5.535120431507151 5.687526007230135 9.443219375400933
v -5.535120431507151 5.687526007230135 9.443219375400933
v -5.537669974987363 7.151499909999999 9.442594916454167
v -7.73866781186177 7.15149991 8.903505153240664
v -7.73866781186177 7.15149991 8.903505153240664
v -7.82485924185947 5.612101805852148 8.882394311235258
v -5.535120431507151 5.687526007230135 9.443219375400933
v -8.256810912783608 0.4456688352359963 8.776596513483284
v -8.060490136569978 0.8647706969779385 8.824681304385754
v -8.609371018252935 2.132847242225005 8.690244068882116
v -8.609371018252935 2.132847242225005 8.690244068882116
v -10.21262547 2.1840875403987714 8.29755942
v -10.212625469999999 0.2850600462916124 8.29755942
v -10.212625469999999 0.2850600462916124 8.29755942
v -8.256810912783608 0.4456688352359963 8.776596513483284
v -8.609371018252935 2.132847242225005 8.690244068882116
v -8.609371018252935 2.132847242225005 8.690244068882116
v -8.060490136569978 0.8647706969779385 8.824681304385754
v -6.359304320237804 1.340130888721047 9.241352254054213
v -8.609371018252935 2.132847242225005 8.690244068882116
v -7.076201352458202 3.1592053597510756 9.065762871423571
v -7.971702381579806 3.237624409825047 8.846428063520186
v -7.076201352458202 3.1592053597510756 9.065762871423571
v -8.609371018252935 2.132847242225005 8.690244068882116
v -6.359304320237804 1.340130888721047 9.241352254054213
v -8.484692729405126 -4.940481780199831 8.720781486087521
v -10.21262547 -4.842457202528963 8.29755942
v -10.212625469999999 -6.441499840000002 8.297559419999999
v -10.212625469999999 -6.441499840000002 8.297559419999999
v -10.212625469999999 -6.633499750000002 8.297559419999999
v -8.393359084064672 -6.633499750000003 8.743151809408662
v -8.393359084064672 -6.633499750000003 8.743151809408662
v -8.484692729405126 -4.940481780199831 8.720781486087521
v -10.212625469999999 -6.441499840000002 8.297559419999999
v -10.212625469999999 0.2850600462916124 8.29755942
v -10.212625469999999 -1.3471316241733975 8.29755942
v -8.280025029588518 -1.4157998324479713 8.770910686572456
v -8.280025029588518 -1.4157998324479713 8.770910686572456
v -7.899730061155066 -0.8085166510505504 8.864056223132916
v -8.256810912783608 0.4456688352359963 8.776596513483284
v -8.256810912783608 0.4456688352359963 8.776596513483284
v -10.212625469999999 0.2850600462916124 8.29755942
v -8.280025029588518 -1.4157998324479713 8.770910686572456
v -6.260708437830617 4.9926064349868415 9.265501314998406
v -6.1827561273951614 3.924360561068108 9.284594151833844
v -5.082263355634405 3.359090095354324 9.554137527936915
v -5.535120431507151 5.687526007230135 9.443219375400933
v -4.087498383562932 3.8592778861476056 9.797785024659873
v -3.8420665846732547 4.984870935165912 9.857898564133583
v -5.082263355634405 3.359090095354324 9.554137527936915
v -5.535120431507151 5.687526007230135 9.443219375400933
v -6.260708437830617 4.9926064349868415 9.265501314998406
v -5.535120431507151 5.687526007230135 9.443219375400933
v -5.082263355634405 3.359090095354324 9.554137527936915
v -4.087498383562932 3.8592778861476056 9.797785024659873
v -6.359304320237804 1.340130888721047 9.241352254054213
v -6.276395137444322 1.3044906306151582 9.261659176201775
v -5.118826183120451 1.8900350544546054 9.545182205182094
v -7.076201352458202 3.1592053597510756 9.065762871423571
v -5.082263355634405 3.359090095354324 9.554137527936915
v -6.1827561273951614 3.924360561068108 9.284594151833844
v -5.118826183120451 1.8900350544546054 9.545182205182094
v -7.076201352458202 3.1592053597510756 9.065762871423571
v -6.359304320237804 1.340130888721047 9.241352254054213
v -5.082263355634405 3.359090095354324 9.554137527936915
v -7.076201352458202 3.1592053597510756 9.065762871423571
v -5.118826183120451 1.8900350544546054 9.545182205182094
v -5.082263355634405 3.359090095354324 9.554137527936915
v -5.118826183120451 1.8900350544546054 9.545182205182094
v -4.067244685300195 1.406746135672109 9.802745757113913
v -5.082263355634405 3.359090095354324 9.554137527936915
v -2.9467625478487385 2.708530076681323 10.077185122770652
v -4.087498383562932 3.8592778861476056 9.797785024659873
v -2.9467625478487385 2.708530076681323 10.077185122770652
v -5.082263355634405 3.359090095354324 9.554137527936915
v -4.067244685300195 1.406746135672109 9.802745757113913
v -8.369488138927688 -3.173390093552574 8.748998513092776
v -8.02514326365873 -2.7093607154789954 8.833338803738465
v -8.280025029588518 -1.4157998324479713 8.770910686572456
v -8.280025029588518 -1.4157998324479713 8.770910686572456
v -10.212625469999999 -1.3471316241733975 8.29755942
v -10.212625469999999 -3.1076485727614545 8.29755942
v -10.212625469999999 -3.1076485727614545 8.29755942
v -8.369488138927688 -3.173390093552574 8.748998513092776
v -8.280025029588518 -1.4157998324479713 8.770910686572456
v -8.060490136569978 0.8647706969779385 8.824681304385754
v -7.899730061155066 -0.8085166510505504 8.864056223132916
v -6.269811860946229 -0.8944042536748138 9.263271616209245
v -6.359304320237804 1.340130888721047 9.241352254054213
v -5.834434449492588 -0.33429712415737045 9.369908479597694
v -6.276395137444322 1.3044906306151582 9.261659176201775
v -5.834434449492588 -0.33429712415737045 9.369908479597694
v -6.359304320237804 1.340130888721047 9.241352254054213
v -8.060490136569978 0.8647706969779385 8.824681304385754
v -7.899730061155066 -0.8085166510505504 8.864056223132916
v -8.060490136569978 0.8647706969779385 8.824681304385754
v -8.256810912783608 0.4456688352359963 8.776596513483284
v -5.834434449492588 -0.33429712415737045 9.369908479597694
v -8.060490136569978 0.8647706969779385 8.824681304385754
v -6.269811860946229 -0.8944042536748138 9.263271616209245
v -1.500052081892504 5.50520365980155 10.43152749851709
v -1.6931463200760941 7.151499909999999 10.384232982640551
v -3.4139382436076957 7.151499909999999 9.962759914809773
v -1.500052081892504 5.50520365980155 10.43152749851709
v -3.5394067399158304 5.207541848073366 9.932028952319797
v -2.054532390341334 4.9237630794388965 10.295718797036168
v -3.5394067399158304 5.207541848073366 9.932028952319797
v -1.500052081892504 5.50520365980155 10.43152749851709
v -3.4139382436076957 7.151499909999999 9.962759914809773
v -1.500052081892504 5.50520365980155 10.43152749851709
v -1.755705894626701 3.5458212695330116 10.368910284150708
v -0.35096277988249813 3.377926272223008 10.712973608710197
v -0.35096277988249813 3.377926272223008 10.712973608710197
v 0.33870058106264533 4.756588478135595 10.881892656116857
v -0.011704287292766846 5.2760180799769225 10.796068093118272
v -1.755705894626701 3.5458212695330116 10.368910284150708
v -1.500052081892504 5.50520365980155 10.43152749851709
v -2.054532390341334 4.9237630794388965 10.295718797036168
v -1.500052081892504 5.50520365980155 10.43152749851709
v -0.35096277988249813 3.377926272223008 10.712973608710197
v -0.011704287292766846 5.2760180799769225 10.796068093118272
v -1.755705894626701 3.5458212695330116 10.368910284150708
v -4.087498383562932 3.8592778861476056 9.797785024659873
v -2.9467625478487385 2.708530076681323 10.077185122770652
v -2.9467625478487385 2.708530076681323 10.077185122770652
v -2.449132932519036 2.714281031646329 10.199069400438583
v -1.755705894626701 3.5458212695330116 10.368910284150708
v -4.087498383562932 3.8592778861476056 9.797785024659873
v -2.054532390341334 4.9237630794388965 10.295718797036168
v -3.5394067399158304 5.207541848073366 9.932028952319797
v -4.087498383562932 3.8592778861476056 9.797785024659873
v -3.5394067399158304 5.207541848073366 9.932028952319797
v -3.8420665846732547 4.984870935165912 9.857898564133583
v -4.087498383562932 3.8592778861476056 9.797785024659873
v -1.755705894626701 3.5458212695330116 10.368910284150708
v -2.054532390341334 4.9237630794388965 10.295718797036168
v -8.484692729405126 -4.940481780199831 8.720781486087521
v -8.178535809992322 -4.60512241979772 8.795768411757019
v -8.369488138927688 -3.173390093552574 8.748998513092776
v -8.369488138927688 -3.173390093552574 8.748998513092776
v -10.212625469999999 -3.1076485727614545 8.29755942
v -10.21262547 -4.842457202528963 8.29755942
v -10.21262547 -4.842457202528963 8.29755942
v -8.484692729405126 -4.940481780199831 8.720781486087521
v -8.369488138927688 -3.173390093552574 8.748998513092776
v -4.067244685300195 1.406746135672109 9.802745757113913
v -4.423362176030171 -0.39527538975118115 9.715522003170369
v -3.786008485001081 0.4987909500068852 9.871628858262989
v -4.423362176030171 -0.39527538975118115 9.715522003170369
v -4.067244685300195 1.406746135672109 9.802745757113913
v -5.118826183120451 1.8900350544546054 9.545182205182094
v -5.118826183120451 1.8900350544546054 9.545182205182094
v -6.276395137444322 1.3044906306151582 9.261659176201775
v -5.834434449492588 -0.33429712415737045 9.369908479597694
v -4.423362176030171 -0.39527538975118115 9.715522003170369
v -5.118826183120451 1.8900350544546054 9.545182205182094
v -5.834434449492588 -0.33429712415737045 9.369908479597694
v -6.269811860946229 -0.8944042536748138 9.263271616209245
v -6.3917950183304235 -2.8725273446692103 9.233394316773245
v -5.977120857078517 -2.4186004146820417 9.334960339081338
v -8.280025029588518 -1.4157998324479713 8.770910686572456
v -6.269811860946229 -0.8944042536748138 9.263271616209245
v -7.899730061155066 -0.8085166510505504 8.864056223132916
v -6.3917950183304235 -2.8725273446692103 9.233394316773245
v -8.280025029588518 -1.4157998324479713 8.770910686572456
v -8.02514326365873 -2.7093607154789954 8.833338803738465
v -6.269811860946229 -0.8944042536748138 9.263271616209245
v -8.280025029588518 -1.4157998324479713 8.770910686572456
v -6.3917950183304235 -2.8725273446692103 9.233394316773245
v -2.403874168916371 0.2494954130926042 10.21015461630983
v -4.067244685300195 1.406746135672109 9.802745757113913
v -3.786008485001081 0.4987909500068852 9.871628858262989
v -4.067244685300195 1.406746135672109 9.802745757113913
v -2.403874168916371 0.2494954130926042 10.21015461630983
v -1.6792101426599406 1.3601049755947183 10.387646366541937
v -1.6792101426599406 1.3601049755947183 10.387646366541937
v -2.449132932519036 2.714281031646329 10.199069400438583
v -2.9467625478487385 2.708530076681323 10.077185122770652
v -4.067244685300195 1.406746135672109 9.802745757113913
v -1.6792101426599406 1.3601049755947183 10.387646366541937
v -2.9467625478487385 2.708530076681323 10.077185122770652
v 2.078650436933043 5.35571643637942 11.308058070771041
v 3.3858371424344877 5.3271602444927915 11.628226932247676
v 3.8465337881346766 7.151499909999998 11.74106522835271
v 3.8465337881346766 7.151499909999998 11.74106522835271
v 1.6194726347786306 7.151499909999998 11.19559178457612
v 2.078650436933043 5.35571643637942 11.308058070771041
v -6.3917950183304235 -2.8725273446692103 9.233394316773245
v -6.625057631833018 -4.813292574872464 9.176261372354613
v -6.249271462633454 -4.469783818097301 9.26830257002357
v -8.369488138927688 -3.173390093552574 8.748998513092776
v -6.3917950183304235 -2.8725273446692103 9.233394316773245
v -8.02514326365873 -2.7093607154789954 8.833338803738465
v -6.625057631833018 -4.813292574872464 9.176261372354613
v -8.369488138927688 -3.173390093552574 8.748998513092776
v -8.178535809992322 -4.60512241979772 8.795768411757019
v -6.3917950183304235 -2.8725273446692103 9.233394316773245
v -8.369488138927688 -3.173390093552574 8.748998513092776
v -6.625057631833018 -4.813292574872464 9.176261372354613
v -4.423362176030171 -0.39527538975118115 9.715522003170369
v -4.598314891006164 -2.5609060007139535 9.672670885322882
v -3.9143524744811273 -1.76897235113698 9.840193602062588
v -6.269811860946229 -0.8944042536748138 9.263271616209245
v -4.423362176030171 -0.39527538975118115 9.715522003170369
v -5.834434449492588 -0.33429712415737045 9.369908479597694
v -4.598314891006164 -2.5609060007139535 9.672670885322882
v -6.269811860946229 -0.8944042536748138 9.263271616209245
v -5.977120857078517 -2.4186004146820417 9.334960339081338
v -4.423362176030171 -0.39527538975118115 9.715522003170369
v -6.269811860946229 -0.8944042536748138 9.263271616209245
v -4.598314891006164 -2.5609060007139535 9.672670885322882
v -1.755705894626701 3.5458212695330116 10.368910284150708
v -2.449132932519036 2.714281031646329 10.199069400438583
v -1.6792101426599406 1.3601049755947183 10.387646366541937
v -0.35096277988249813 3.377926272223008 10.712973608710197
v -0.5616656505927846 1.3365665715477824 10.66136621556486
v 0.12515348395642567 2.459100205501435 10.829588627423488
v -1.6792101426599406 1.3601049755947183 10.387646366541937
v -0.35096277988249813 3.377926272223008 10.712973608710197
v -1.755705894626701 3.5458212695330116 10.368910284150708
v -0.5616656505927846 1.3365665715477824 10.66136621556486
v -0.35096277988249813 3.377926272223008 10.712973608710197
v -1.6792101426599406 1.3601049755947183 10.387646366541937
v -6.625057631833018 -4.813292574872464 9.176261372354613
v -8.178535809992322 -4.60512241979772 8.795768411757019
v -8.484692729405126 -4.940481780199831 8.720781486087521
v -6.625057631833018 -4.813292574872464 9.176261372354613
v -8.393359084064672 -6.633499750000003 8.743151809408662
v -6.59533462491122 -6.633499750000002 9.183541419838084
v -8.393359084064672 -6.633499750000003 8.743151809408662
v -6.625057631833018 -4.813292574872464 9.176261372354613
v -8.484692729405126 -4.940481780199831 8.720781486087521
v -3.9143524744811273 -1.76897235113698 9.840193602062588
v -2.73791915102972 -1.887917133472831 10.128337075513937
v -1.991201102254374 -0.7162266166746245 10.311230511099135
v -4.423362176030171 -0.39527538975118115 9.715522003170369
v -2.403874168916371 0.2494954130926042 10.21015461630983
v -3.786008485001081 0.4987909500068852 9.871628858262989
v -1.991201102254374 -0.7162266166746245 10.311230511099135
v -4.423362176030171 -0.39527538975118115 9.715522003170369
v -3.9143524744811273 -1.76897235113698 9.840193602062588
v -4.423362176030171 -0.39527538975118115 9.715522003170369
v -1.991201102254374 -0.7162266166746245 10.311230511099135
v -2.403874168916371 0.2494954130926042 10.21015461630983
v -4.598314891006164 -2.5609060007139535 9.672670885322882
v -4.824834399584438 -4.714569417543563 9.617189527641896
v -4.14828533359024 -4.105847737979975 9.78289649458152
v -6.3917950183304235 -2.8725273446692103 9.233394316773245
v -4.598314891006164 -2.5609060007139535 9.672670885322882
v -5.977120857078517 -2.4186004146820417 9.334960339081338
v -4.824834399584438 -4.714569417543563 9.617189527641896
v -6.3917950183304235 -2.8725273446692103 9.233394316773245
v -6.249271462633454 -4.469783818097301 9.26830257002357
v -4.598314891006164 -2.5609060007139535 9.672670885322882
v -6.3917950183304235 -2.8725273446692103 9.233394316773245
v -4.824834399584438 -4.714569417543563 9.617189527641896
v 0.473797921173551 7.151499909999999 10.914982008532846
v 2.078650436933043 5.35571643637942 11.308058070771041
v 1.6194726347786306 7.151499909999998 11.19559178457612
v 2.078650436933043 5.35571643637942 11.308058070771041
v 0.473797921173551 7.151499909999999 10.914982008532846
v -0.011704287292766846 5.2760180799769225 10.796068093118272
v -0.011704287292766846 5.2760180799769225 10.796068093118272
v 0.33870058106264533 4.756588478135595 10.881892656116857
v 1.4745281556650336 4.648733964738361 11.16009057525398
v 2.078650436933043 5.35571643637942 11.308058070771041
v -0.011704287292766846 5.2760180799769225 10.796068093118272
v 1.4745281556650336 4.648733964738361 11.16009057525398
v 1.3189755133543994 2.365044019948313 11.12199111159001
v -0.35096277988249813 3.377926272223008 10.712973608710197
v 0.12515348395642567 2.459100205501435 10.829588627423488
v -0.35096277988249813 3.377926272223008 10.712973608710197
v 1.3189755133543994 2.365044019948313 11.12199111159001
v 2.0247609014368684 3.3297016608190377 11.294858922437678
v -0.35096277988249813 3.377926272223008 10.712973608710197
v 1.4745281556650336 4.648733964738361 11.16009057525398
v 0.33870058106264533 4.756588478135595 10.881892656116857
v 1.4745281556650336 4.648733964738361 11.16009057525398
v -0.35096277988249813 3.377926272223008 10.712973608710197
v 2.0247609014368684 3.3297016608190377 11.294858922437678
v -4.824834399584438 -4.714569417543563 9.617189527641896
v -6.249271462633454 -4.469783818097301 9.26830257002357
v -6.625057631833018 -4.813292574872464 9.176261372354613
v -4.824834399584438 -4.714569417543563 9.617189527641896
v -6.59533462491122 -6.633499750000002 9.183541419838084
v -4.5971895305312955 -6.633499750000001 9.672946519538309
v -6.59533462491122 -6.633499750000002 9.183541419838084
v -4.824834399584438 -4.714569417543563 9.617189527641896
v -6.625057631833018 -4.813292574872464 9.176261372354613
v -4.824834399584438 -4.714569417543563 9.617189527641896
v -4.5971895305312955 -6.633499750000001 9.672946519538309
v -3.049372504529946 -6.633499750000001 10.052052895776201
v -4.14828533359024 -4.105847737979975 9.78289649458152
v -2.67956172214699 -4.761229713688152 10.142630543681452
v -3.000541514496144 -4.276408746456911 10.064013056033417
v -2.67956172214699 -4.761229713688152 10.142630543681452
v -4.14828533359024 -4.105847737979975 9.78289649458152
v -4.824834399584438 -4.714569417543563 9.617189527641896
v -2.67956172214699 -4.761229713688152 10.142630543681452
v -4.824834399584438 -4.714569417543563 9.617189527641896
v -3.049372504529946 -6.633499750000001 10.052052895776201
v -0.6864057068987529 -0.9022632471079529 10.6308136696738
v -2.403874168916371 0.2494954130926042 10.21015461630983
v -1.991201102254374 -0.7162266166746245 10.311230511099135
v -1.6792101426599406 1.3601049755947183 10.387646366541937
v -0.6864057068987529 -0.9022632471079529 10.6308136696738
v 0.05088666109406659 0.17864102404444315 10.81139847599274
v 0.05088666109406659 0.17864102404444315 10.81139847599274
v -0.5616656505927846 1.3365665715477824 10.66136621556486
v -1.6792101426599406 1.3601049755947183 10.387646366541937
v -2.403874168916371 0.2494954130926042 10.21015461630983
v -0.6864057068987529 -0.9022632471079529 10.6308136696738
v -1.6792101426599406 1.3601049755947183 10.387646366541937
v 3.3858371424344877 5.3271602444927915 11.628226932247676
v 3.95121680752031 4.642941938494043 11.766705209995406
v 5.220374760000001 4.612980738673375 12.077559700000002
v 3.3858371424344877 5.3271602444927915 11.628226932247676
v 5.220374760000001 7.151499909999998 12.077559700000002
v 3.8465337881346766 7.151499909999998 11.74106522835271
v 5.220374760000001 7.151499909999998 12.077559700000002
v 3.3858371424344877 5.3271602444927915 11.628226932247676
v 5.220374760000001 4.612980738673375 12.077559700000002
v -4.14828533359024 -4.105847737979975 9.78289649458152
v -3.000541514496144 -4.276408746456911 10.064013056033417
v -2.244033299182959 -2.821746331302947 10.24930439427544
v -2.244033299182959 -2.821746331302947 10.24930439427544
v -2.73791915102972 -1.887917133472831 10.128337075513937
v -3.9143524744811273 -1.76897235113698 9.840193602062588
v -2.244033299182959 -2.821746331302947 10.24930439427544
v -4.598314891006164 -2.5609060007139535 9.672670885322882
v -4.14828533359024 -4.105847737979975 9.78289649458152
v -4.598314891006164 -2.5609060007139535 9.672670885322882
v -2.244033299182959 -2.821746331302947 10.24930439427544
v -3.9143524744811273 -1.76897235113698 9.840193602062588
v 3.3858371424344877 5.3271602444927915 11.628226932247676
v 3.1850335651120973 3.2435059869162766 11.579044170166965
v 3.95121680752031 4.642941938494043 11.766705209995406
v 3.1850335651120973 3.2435059869162766 11.579044170166965
v 3.3858371424344877 5.3271602444927915 11.628226932247676
v 2.078650436933043 5.35571643637942 11.308058070771041
v 2.078650436933043 5.35571643637942 11.308058070771041
v 1.4745281556650336 4.648733964738361 11.16009057525398
v 2.0247609014368684 3.3297016608190377 11.294858922437678
v 3.1850335651120973 3.2435059869162766 11.579044170166965
v 2.078650436933043 5.35571643637942 11.308058070771041
v 2.0247609014368684 3.3297016608190377 11.294858922437678
v 0.05088666109406659 0.17864102404444315 10.81139847599274
v 1.184745487288686 0.1068597200677619 11.08911419015211
v 1.8822100756932363 1.1529405520334843 11.259943989942716
v -0.5616656505927846 1.3365665715477824 10.66136621556486
v 1.3189755133543994 2.365044019948313 11.12199111159001
v 0.12515348395642567 2.459100205501435 10.829588627423488
v 1.8822100756932363 1.1529405520334843 11.259943989942716
v -0.5616656505927846 1.3365665715477824 10.66136621556486
v 0.05088666109406659 0.17864102404444315 10.81139847599274
v -0.5616656505927846 1.3365665715477824 10.66136621556486
v 1.8822100756932363 1.1529405520334843 11.259943989942716
v 1.3189755133543994 2.365044019948313 11.12199111159001
v 3.1850335651120973 3.2435059869162766 11.579044170166965
v 1.8822100756932363 1.1529405520334843 11.259943989942716
v 3.0893101348501517 1.0877136626982598 11.555598658095414
v 3.0893101348501517 1.0877136626982598 11.555598658095414
v 3.7984366283143585 2.2455275697904273 11.72928480491731
v 3.1850335651120973 3.2435059869162766 11.579044170166965
v 1.8822100756932363 1.1529405520334843 11.259943989942716
v 2.0247609014368684 3.3297016608190377 11.294858922437678
v 1.3189755133543994 2.365044019948313 11.12199111159001
v 2.0247609014368684 3.3297016608190377 11.294858922437678
v 1.8822100756932363 1.1529405520334843 11.259943989942716
v 3.1850335651120973 3.2435059869162766 11.579044170166965
v -1.991201102254374 -0.7162266166746245 10.311230511099135
v -2.73791915102972 -1.887917133472831 10.128337075513937
v -2.244033299182959 -2.821746331302947 10.24930439427544
v -0.6864057068987529 -0.9022632471079529 10.6308136696738
v -0.9006410783205937 -2.9837469210801073 10.578341062151495
v -0.21966711733843516 -2.0346097469396036 10.745131817339947
v -2.244033299182959 -2.821746331302947 10.24930439427544
v -0.6864057068987529 -0.9022632471079529 10.6308136696738
v -1.991201102254374 -0.7162266166746245 10.311230511099135
v -0.6864057068987529 -0.9022632471079529 10.6308136696738
v -2.244033299182959 -2.821746331302947 10.24930439427544
v -0.9006410783205937 -2.9837469210801073 10.578341062151495
v -1.001461233445762 -4.9541958983718875 10.553647210734193
v -2.67956172214699 -4.761229713688152 10.142630543681452
v -3.049372504529946 -6.633499750000001 10.052052895776201
v -3.049372504529946 -6.633499750000001 10.052052895776201
v -0.756190724611304 -6.633499750000002 10.613721245481358
v -1.001461233445762 -4.9541958983718875 10.553647210734193
v -0.21966711733843516 -2.0346097469396036 10.745131817339947
v 1.0748960357350716 -2.1754883734075197 11.062208795773683
v 1.7485266434912434 -1.0037871802370446 11.227200945581671
v 1.7485266434912434 -1.0037871802370446 11.227200945581671
v 1.184745487288686 0.1068597200677619 11.08911419015211
v 0.05088666109406659 0.17864102404444315 10.81139847599274
v 1.7485266434912434 -1.0037871802370446 11.227200945581671
v -0.6864057068987529 -0.9022632471079529 10.6308136696738
v -0.21966711733843516 -2.0346097469396036 10.745131817339947
v -0.6864057068987529 -0.9022632471079529 10.6308136696738
v 1.7485266434912434 -1.0037871802370446 11.227200945581671
v 0.05088666109406659 0.17864102404444315 10.81139847599274
v 1.8822100756932363 1.1529405520334843 11.259943989942716
v 1.184745487288686 0.1068597200677619 11.08911419015211
v 1.7485266434912434 -1.0037871802370446 11.227200945581671
v 3.0893101348501517 1.0877136626982598 11.555598658095414
v 3.0508945498771745 -1.0645317230763522 11.546189539985512
v 3.682296963162831 -0.046106950781961586 11.700838750342744
v 1.7485266434912434 -1.0037871802370446 11.227200945581671
v 3.0893101348501517 1.0877136626982598 11.555598658095414
v 1.8822100756932363 1.1529405520334843 11.259943989942716
v 3.0893101348501517 1.0877136626982598 11.555598658095414
v 1.7485266434912434 -1.0037871802370446 11.227200945581671
v 3.0508945498771745 -1.0645317230763522 11.546189539985512
v 3.95121680752031 4.642941938494043 11.766705209995406
v 3.1850335651120973 3.2435059869162766 11.579044170166965
v 3.7984366283143585 2.2455275697904273 11.72928480491731
v 3.95121680752031 4.642941938494043 11.766705209995406
v 5.220374760000002 2.2060260353932266 12.077559700000002
v 5.220374760000001 4.612980738673375 12.077559700000002
v 5.220374760000002 2.2060260353932266 12.077559700000002
v 3.95121680752031 4.642941938494043 11.766705209995406
v 3.7984366283143585 2.2455275697904273 11.72928480491731
v -1.001461233445762 -4.9541958983718875 10.553647210734193
v -0.4594115525851248 -4.283252906695801 10.686411282197382
v -0.9006410783205937 -2.9837469210801073 10.578341062151495
v -2.67956172214699 -4.761229713688152 10.142630543681452
v -2.244033299182959 -2.821746331302947 10.24930439427544
v -3.000541514496144 -4.276408746456911 10.064013056033417
v -2.244033299182959 -2.821746331302947 10.24930439427544
v -2.67956172214699 -4.761229713688152 10.142630543681452
v -1.001461233445762 -4.9541958983718875 10.553647210734193
v -2.244033299182959 -2.821746331302947 10.24930439427544
v -1.001461233445762 -4.9541958983718875 10.553647210734193
v -0.9006410783205937 -2.9837469210801073 10.578341062151495
v 1.5123518064943322 -3.024076314954978 11.169354711105377
v -0.9006410783205937 -2.9837469210801073 10.578341062151495
v -0.4594115525851248 -4.283252906695801 10.686411282197382
v -0.4594115525851248 -4.283252906695801 10.686411282197382
v 0.9285232910555895 -4.415160815226456 11.026357761779833
v 1.5123518064943322 -3.024076314954978 11.169354711105377
v 1.5123518064943322 -3.024076314954978 11.169354711105377
v 1.0748960357350716 -2.1754883734075197 11.062208795773683
v -0.21966711733843516 -2.0346097469396036 10.745131817339947
v -0.9006410783205937 -2.9837469210801073 10.578341062151495
v 1.5123518064943322 -3.024076314954978 11.169354711105377
v -0.21966711733843516 -2.0346097469396036 10.745131817339947
v 1.7485266434912434 -1.0037871802370446 11.227200945581671
v 1.0748960357350716 -2.1754883734075197 11.062208795773683
v 1.5123518064943322 -3.024076314954978 11.169354711105377
v 3.0508945498771745 -1.0645317230763522 11.546189539985512
v 3.042036193098514 -3.135752726063433 11.544019865223335
v 3.5941070539024125 -2.2718234773873056 11.679238421389883
v 3.042036193098514 -3.135752726063433 11.544019865223335
v 3.0508945498771745 -1.0645317230763522 11.546189539985512
v 1.7485266434912434 -1.0037871802370446 11.227200945581671
v 3.042036193098514 -3.135752726063433 11.544019865223335
v 1.7485266434912434 -1.0037871802370446 11.227200945581671
v 1.5123518064943322 -3.024076314954978 11.169354711105377
v 3.7984366283143585 2.2455275697904273 11.72928480491731
v 3.0893101348501517 1.0877136626982598 11.555598658095414
v 3.682296963162831 -0.046106950781961586 11.700838750342744
v 3.7984366283143585 2.2455275697904273 11.72928480491731
v 5.22037476 -0.06813987871058602 12.077559700000002
v 5.220374760000002 2.2060260353932266 12.077559700000002
v 5.22037476 -0.06813987871058602 12.077559700000002
v 3.7984366283143585 2.2455275697904273 11.72928480491731
v 3.682296963162831 -0.046106950781961586 11.700838750342744
v 3.0769641298557335 -4.989711500943811 11.552574754665084
v 1.2284302219076182 -4.8878388759144045 11.099813879559894
v 0.9515406121347909 -6.63349975 11.031995387570513
v 0.9515406121347909 -6.63349975 11.031995387570513
v 3.2710734312261027 -6.633499750000004 11.600117889674198
v 3.0769641298557335 -4.989711500943811 11.552574754665084
v -1.001461233445762 -4.9541958983718875 10.553647210734193
v -0.756190724611304 -6.633499750000002 10.613721245481358
v 0.9515406121347909 -6.63349975 11.031995387570513
v -0.4594115525851248 -4.283252906695801 10.686411282197382
v 1.2284302219076182 -4.8878388759144045 11.099813879559894
v 0.9285232910555895 -4.415160815226456 11.026357761779833
v 1.2284302219076182 -4.8878388759144045 11.099813879559894
v -0.4594115525851248 -4.283252906695801 10.686411282197382
v -1.001461233445762 -4.9541958983718875 10.553647210734193
v 1.2284302219076182 -4.8878388759144045 11.099813879559894
v -1.001461233445762 -4.9541958983718875 10.553647210734193
v 0.9515406121347909 -6.63349975 11.031995387570513
v 3.682296963162831 -0.046106950781961586 11.700838750342744
v 3.0508945498771745 -1.0645317230763522 11.546189539985512
v 3.5941070539024125 -2.2718234773873056 11.679238421389883
v 3.682296963162831 -0.046106950781961586 11.700838750342744
v 5.220374760000002 -2.296104679833949 12.077559700000002
v 5.22037476 -0.06813987871058602 12.077559700000002
v 5.220374760000002 -2.296104679833949 12.077559700000002
v 3.682296963162831 -0.046106950781961586 11.700838750342744
v 3.5941070539024125 -2.2718234773873056 11.679238421389883
v 1.5123518064943322 -3.024076314954978 11.169354711105377
v 0.9285232910555895 -4.415160815226456 11.026357761779833
v 1.2284302219076182 -4.8878388759144045 11.099813879559894
v 3.042036193098514 -3.135752726063433 11.544019865223335
v 3.0769641298557335 -4.989711500943811 11.552574754665084
v 3.454495699748308 -4.45594867495099 11.645043452820657
v 3.0769641298557335 -4.989711500943811 11.552574754665084
v 3.042036193098514 -3.135752726063433 11.544019865223335
v 1.5123518064943322 -3.024076314954978 11.169354711105377
v 3.0769641298557335 -4.989711500943811 11.552574754665084
v 1.5123518064943322 -3.024076314954978 11.169354711105377
v 1.2284302219076182 -4.8878388759144045 11.099813879559894
v 5.220374760000002 -4.491709616855165 12.0775597
v 3.042036193098514 -3.135752726063433 11.544019865223335
v 3.454495699748308 -4.45594867495099 11.645043452820657
v 3.5941070539024125 -2.2718234773873056 11.679238421389883
v 5.220374760000002 -4.491709616855165 12.0775597
v 5.220374760000002 -2.296104679833949 12.077559700000002
v 3.042036193098514 -3.135752726063433 11.544019865223335
v 5.220374760000002 -4.491709616855165 12.0775597
v 3.5941070539024125 -2.2718234773873056 11.679238421389883
v 5.220374760000003 -6.633499750000003 12.0775597
v 3.0769641298557335 -4.989711500943811 11.552574754665084
v 3.2710734312261027 -6.633499750000004 11.600117889674198
v 3.0769641298557335 -4.989711500943811 11.552574754665084
v 5.220374760000003 -6.633499750000003 12.0775597
v 5.220374760000002 -4.491709616855165 12.0775597
v 3.0769641298557335 -4.989711500943811 11.552574754665084
v 5.220374760000002 -4.491709616855165 12.0775597
v 3.454495699748308 -4.45594867495099 11.645043452820657
v 0.8140000199999999 -5.78850016 7.36200024
v 0.194 -5.58849997 7.62499969
v 0.19399999999999995 -5.788500160000001 7.36200024
v 0.194 -5.58849997 7.62499969
v 0.8140000199999999 -5.78850016 7.36200024
v 0.8140000199999999 -5.588499969999999 7.62499969
v 0.627 -5.788500160000001 6.74499992
v -0.9460000099999996 -5.788500160000003 7.36200024
v -0.9460000099999994 -5.788500160000001 6.74499992
v 4.373289697697152 -5.788500160000002 7.36200024
v 0.7770000100000002 -5.788500160000001 6.74499992
v 4.16599998 -5.78850016 6.74499992
v 4.31600012 -5.78850016 6.74499992
v 4.373541255576884 -5.78850016 6.74499992
v 4.373289697697152 -5.788500160000002 7.36200024
v 0.7770000100000002 -5.788500160000001 6.74499992
v -0.9460000099999996 -5.788500160000003 7.36200024
v 0.627 -5.788500160000001 6.74499992
v 4.373289697697152 -5.788500160000002 7.36200024
v 4.16599998 -5.78850016 6.74499992
v 4.31600012 -5.78850016 6.74499992
v -0.9460000099999996 -5.788500160000003 7.36200024
v 0.7770000100000002 -5.788500160000001 6.74499992
v 4.373289697697152 -5.788500160000002 7.36200024
v 4.373289697697152 -5.788500160000002 7.36200024
v 9.544656956517674 -5.788500159999999 6.74499992
v 9.544945848730459 -5.788500160000001 7.36200024
v 9.544656956517674 -5.788500159999999 6.74499992
v 4.373289697697152 -5.788500160000002 7.36200024
v 4.373541255576884 -5.78850016 6.74499992
v 13.19199943 -5.788500159999998 6.74499992
v 14.60999969 -5.788500159999998 6.744999919999999
v 14.609999689999999 -5.78850016 7.36200024
v 13.19199943 -5.788500159999998 6.74499992
v 9.544945848730459 -5.788500160000001 7.36200024
v 9.544656956517674 -5.788500159999999 6.74499992
v 9.544945848730459 -5.788500160000001 7.36200024
v 13.19199943 -5.788500159999998 6.74499992
v 14.609999689999999 -5.78850016 7.36200024
v 4.33400019 -5.78850016 7.36200024
v 3.70399988 -5.58849997 7.62499969
v 3.70399988 -5.788500160000001 7.36200024
v 3.70399988 -5.58849997 7.62499969
v 4.33400019 -5.78850016 7.36200024
v 4.33400019 -5.588499969999999 7.62499969
v 7.85399967 -5.78850016 7.36200024
v 7.22400014 -5.58849997 7.62499969
v 7.22400014 -5.78850016 7.36200024
v 7.22400014 -5.58849997 7.62499969
v 7.85399967 -5.78850016 7.36200024
v 7.853999670000001 -5.58849997 7.62499969
v 6.09400012 -5.78850016 7.36200024
v 5.46399982 -5.58849997 7.62499969
v 5.46399982 -5.78850016 7.36200024
v 5.46399982 -5.58849997 7.62499969
v 6.09400012 -5.78850016 7.36200024
v 6.09400012 -5.58849997 7.62499969
v 11.37400032 -5.78850016 7.36200024
v 10.74400001 -5.58849997 7.62499969
v 10.74400001 -5.78850016 7.36200024
v 10.74400001 -5.58849997 7.62499969
v 11.37400032 -5.78850016 7.36200024
v 11.37400032 -5.58849997 7.62499969
v 9.61399999 -5.58849997 7.624999690000001
v 8.98399969 -5.58849997 7.62499969
v 8.98399969 -5.78850016 7.3620002399999995
v 8.98399969 -5.78850016 7.3620002399999995
v 9.61399999 -5.78850016 7.36200024
v 9.61399999 -5.58849997 7.624999690000001
v 14.409999499999998 -5.58849997 7.62499969
v 12.50400034 -5.58849997 7.62499969
v 12.50400034 -5.78850016 7.36200024
v 12.50400034 -5.78850016 7.36200024
v 14.609999689999999 -5.78850016 7.36200024
v 14.409999499999998 -5.58849997 7.62499969
v 14.60999969 -2.04849996 7.36200024
v 14.4099995 -3.17849998 7.62499969
v 14.60999969 -3.17849998 7.36200024
v 14.4099995 -3.17849998 7.62499969
v 14.60999969 -2.04849996 7.36200024
v 14.4099995 -2.04849996 7.62499969
v 14.4099995 0.8915000400000002 7.62499969
v 14.4099995 -0.91850004 7.62499969
v 14.60999969 -0.91850004 7.36200024
v 14.60999969 -0.91850004 7.36200024
v 14.60999969 0.8915000400000003 7.36200024
v 14.4099995 0.8915000400000002 7.62499969
v 14.4099995 5.52649988 7.62499969
v 14.4099995 4.2814999 7.62499969
v 14.60999969 4.2814999 7.36200024
v 14.60999969 4.2814999 7.36200024
v 14.60999969 5.72650007 7.36200024
v 14.4099995 5.52649988 7.62499969
v 12.53999969 5.72650007 7.36200024
v 14.4099995 5.526499879999999 7.624999689999999
v 14.60999969 5.72650007 7.36200024
v 14.4099995 5.526499879999999 7.624999689999999
v 12.53999969 5.72650007 7.36200024
v 12.53999969 5.526499879999999 7.624999689999999
v 10.78000014 5.526499879999999 7.624999689999999
v 11.40999967 5.52649988 7.62499969
v 11.40999967 5.726500070000001 7.362000240000001
v 11.40999967 5.726500070000001 7.362000240000001
v 10.78000014 5.72650007 7.36200024
v 10.78000014 5.526499879999999 7.624999689999999
v 9.01999982 5.526499879999999 7.624999689999999
v 9.65000012 5.52649988 7.62499969
v 9.65000012 5.726500070000001 7.362000240000001
v 9.65000012 5.726500070000001 7.362000240000001
v 9.01999982 5.72650007 7.36200024
v 9.01999982 5.526499879999999 7.624999689999999
v 7.26000027 5.72650007 7.36200024
v 7.8899998 5.52649988 7.62499969
v 7.8899998 5.72650007 7.36200024
v 7.8899998 5.52649988 7.62499969
v 7.26000027 5.72650007 7.36200024
v 7.260000269999999 5.52649988 7.62499969
v 5.49999995 5.52649988 7.62499969
v 6.12999986 5.52649988 7.62499969
v 6.12999986 5.72650007 7.36200024
v 6.12999986 5.72650007 7.36200024
v 5.49999995 5.72650007 7.36200024
v 5.49999995 5.52649988 7.62499969
v 3.74000001 5.52649988 7.624999689999999
v 4.36999993 5.52649988 7.62499969
v 4.36999993 5.72650007 7.362000240000001
v 4.36999993 5.72650007 7.362000240000001
v 3.74000001 5.72650007 7.36200024
v 3.74000001 5.52649988 7.624999689999999
v 1.9800000699999998 5.526499879999999 7.624999689999999
v 2.60999999 5.52649988 7.62499969
v 2.60999999 5.726500070000001 7.362000240000001
v 2.60999999 5.726500070000001 7.362000240000001
v 1.98000007 5.72650007 7.36200024
v 1.9800000699999998 5.526499879999999 7.624999689999999
v -0.7460000099999999 5.526499879999999 7.624999689999999
v 0.84999996 5.52649988 7.62499969
v 0.84999996 5.726500070000001 7.362000240000001
v 0.84999996 5.726500070000001 7.362000240000001
v -0.9460000099999998 5.72650007 7.36200024
v -0.7460000099999999 5.526499879999999 7.624999689999999
v 14.60999969 -5.78850016 7.72919334
v 14.62037426 -6.44149984 7.72919334
v 14.60999969 -6.44149984 7.72919334
v 14.60999969 -5.78850016 7.72919334
v 14.60999969 6.959500010000002 7.72919334
v 14.62037426 6.959500010000002 7.72919334
v 14.62037426 -6.44149984 7.72919334
v 14.60999969 -5.78850016 7.72919334
v 14.62037426 6.959500010000002 7.72919334
v -8.71262556 -5.63916044 7.72919334
v -7.430018606936807 -5.63916044 7.72919334
v -7.589670779441477 -6.44149984 7.72919334
v -8.71262556 -5.63916044 7.72919334
v -10.21262547 -4.011775559235517 7.72919334
v -8.71262556 -3.8628900950391505 7.72919334
v -8.71262556 -5.63916044 7.72919334
v -7.589670779441477 -6.44149984 7.72919334
v -10.21262547 -6.44149984 7.72919334
v -10.21262547 -4.011775559235517 7.72919334
v -8.71262556 -5.63916044 7.72919334
v -10.21262547 -6.44149984 7.72919334
v -10.21262547 -1.0754388583610928 7.72919334
v -8.71262556 -3.8628900950391505 7.72919334
v -10.21262547 -4.011775559235517 7.72919334
v -8.71262556 -3.8628900950391505 7.72919334
v -10.21262547 -1.0754388583610928 7.72919334
v -8.71262556 -1.075947797369775 7.72919334
v -0.9460000100000006 -2.000248903585046 7.72919334
v -2.2631604999999997 0.436227405590355 7.72919334
v -0.9460000100000001 0.4354742335251538 7.72919334
v -2.2631604999999997 0.436227405590355 7.72919334
v -0.9460000100000006 -2.000248903585046 7.72919334
v -2.2631604999999992 -2.0074170325060128 7.72919334
v -7.430018606936807 -5.63916044 7.72919334
v -3.947951932632298 -5.6391604399999995 7.72919334
v -3.847811207653764 -6.4414998400000005 7.72919334
v -3.847811207653764 -6.4414998400000005 7.72919334
v -7.589670779441477 -6.44149984 7.72919334
v -7.430018606936807 -5.63916044 7.72919334
v -2.263160499999999 -4.328272971757459 7.72919334
v -2.2631604999999992 -2.0074170325060128 7.72919334
v -0.9460000100000006 -2.000248903585046 7.72919334
v -0.9460000100000006 -2.000248903585046 7.72919334
v -0.9460000099999997 -4.638473324107663 7.72919334
v -2.263160499999999 -4.328272971757459 7.72919334
v -2.6120000599999997 -5.63916044 7.72919334
v -2.6120000599999993 -4.5275 7.72919334
v -2.263160499999999 -4.5275 7.72919334
v -2.263160499999999 -4.5275 7.72919334
v -2.263160499999999 -4.328272971757459 7.72919334
v -0.9460000099999997 -4.638473324107663 7.72919334
v -2.6120000599999997 -5.63916044 7.72919334
v -0.9460000099999997 -6.4414998400000005 7.72919334
v -3.847811207653764 -6.4414998400000005 7.72919334
v -3.847811207653764 -6.4414998400000005 7.72919334
v -3.947951932632298 -5.6391604399999995 7.72919334
v -2.6120000599999997 -5.63916044 7.72919334
v -0.9460000099999997 -5.78850016 7.72919334
v -2.263160499999999 -4.5275 7.72919334
v -0.9460000099999997 -4.638473324107663 7.72919334
v -0.9460000099999997 -6.4414998400000005 7.72919334
v -2.6120000599999997 -5.63916044 7.72919334
v -0.9460000099999997 -5.78850016 7.72919334
v -2.263160499999999 -4.5275 7.72919334
v -0.9460000099999997 -5.78850016 7.72919334
v -2.6120000599999997 -5.63916044 7.72919334
v -10.21262547 1.7244718151399292 7.72919334
v -8.71262556 -1.075947797369775 7.72919334
v -10.21262547 -1.0754388583610928 7.72919334
v -8.71262556 -1.075947797369775 7.72919334
v -10.21262547 1.7244718151399292 7.72919334
v -8.71262556 1.7251823333127474 7.72919334
v -8.71262556 4.410341050795264 7.72919334
v -8.71262556 1.7251823333127474 7.72919334
v -10.21262547 1.7244718151399292 7.72919334
v -10.21262547 1.7244718151399292 7.72919334
v -10.21262547 4.516854291346159 7.72919334
v -8.71262556 4.410341050795264 7.72919334
v -0.9460000100000001 0.4354742335251538 7.72919334
v -2.2631604999999992 2.8090645314506997 7.72919334
v -0.9460000099999994 2.8276940652713245 7.72919334
v -2.2631604999999992 2.8090645314506997 7.72919334
v -0.9460000100000001 0.4354742335251538 7.72919334
v -2.2631604999999997 0.436227405590355 7.72919334
v -8.71262556 5.589839809999999 7.72919334
v -8.71262556 4.410341050795264 7.72919334
v -10.21262547 4.516854291346159 7.72919334
v -8.71262556 5.589839809999999 7.72919334
v -10.21262547 6.959500010000001 7.72919334
v -8.284161465894808 6.959500009999999 7.72919334
v -8.284161465894808 6.959500009999999 7.72919334
v -8.00558180395799 5.589839809999999 7.72919334
v -8.71262556 5.589839809999999 7.72919334
v -10.21262547 6.959500010000001 7.72919334
v -8.71262556 5.589839809999999 7.72919334
v -10.21262547 4.516854291346159 7.72919334
v -5.705002137898917 6.959500010000001 7.72919334
v -8.00558180395799 5.589839809999999 7.72919334
v -8.284161465894808 6.959500009999999 7.72919334
v -8.00558180395799 5.589839809999999 7.72919334
v -5.705002137898917 6.959500010000001 7.72919334
v -5.707575008739198 5.589839809999999 7.72919334
v -3.3289333669429535 5.589839809999999 7.72919334
v -5.707575008739198 5.589839809999999 7.72919334
v -5.705002137898917 6.959500010000001 7.72919334
v -5.705002137898917 6.959500010000001 7.72919334
v -3.2039082329011332 6.95950001 7.72919334
v -3.3289333669429535 5.589839809999999 7.72919334
v -2.2631605 4.415839760000001 7.72919334
v -2.6131604599999987 4.41583976 7.72919334
v -2.6131604599999987 4.86992419730409 7.72919334
v -2.2631605 4.415839760000001 7.72919334
v -0.9460000100000001 5.212997682280185 7.72919334
v -0.9460000099999994 2.8276940652713245 7.72919334
v -0.9460000099999994 2.8276940652713245 7.72919334
v -2.2631604999999992 2.8090645314506997 7.72919334
v -2.2631605 4.415839760000001 7.72919334
v -0.9460000100000001 5.212997682280185 7.72919334
v -2.2631605 4.415839760000001 7.72919334
v -2.6131604599999987 4.86992419730409 7.72919334
v -2.613160459999999 5.589839810000001 7.72919334
v -3.3289333669429535 5.589839809999999 7.72919334
v -3.2039082329011332 6.95950001 7.72919334
v -2.613160459999999 5.589839810000001 7.72919334
v -0.9460000099999996 6.95950001 7.72919334
v -0.9460000100000001 5.212997682280185 7.72919334
v -0.9460000100000001 5.212997682280185 7.72919334
v -2.6131604599999987 4.86992419730409 7.72919334
v -2.613160459999999 5.589839810000001 7.72919334
v -0.9460000099999996 6.95950001 7.72919334
v -2.613160459999999 5.589839810000001 7.72919334
v -3.2039082329011332 6.95950001 7.72919334
v -0.94600001 -5.788500160000002 7.72919334
v -0.94600001 5.72650007 7.6391934
v -0.94600001 -5.788500160000002 7.6391934
v -0.94600001 5.72650007 7.6391934
v -0.94600001 -5.788500160000002 7.72919334
v -0.94600001 5.72650007 7.72919334
v -0.94600001 6.95950001 7.72919334
v -0.94600001 6.95950001 7.6391934
v -0.94600001 5.72650007 7.6391934
v -0.94600001 5.72650007 7.6391934
v -0.94600001 5.72650007 7.72919334
v -0.94600001 6.95950001 7.72919334
v 14.60999969 6.95950001 7.72919334
v 14.60999969 2.0215000600000006 7.6391934
v 14.60999969 3.15150008 7.6391934
v 14.60999969 6.95950001 7.72919334
v 14.60999969 4.2814999 7.6391934
v 14.60999969 6.95950001 7.6391934
v 14.60999969 -3.1784999800000016 7.6391934
v 14.60999969 -5.788500160000001 7.72919334
v 14.60999969 -4.3085001899999975 7.6391934
v 14.60999969 -5.788500160000001 7.72919334
v 14.60999969 -5.788500160000001 7.6391934
v 14.60999969 -4.3085001899999975 7.6391934
v 14.60999969 -5.788500160000001 7.72919334
v 14.60999969 -3.1784999800000016 7.6391934
v 14.60999969 -2.0484999599999996 7.6391934
v 14.60999969 -5.788500160000001 7.72919334
v 14.60999969 0.8915000400000006 7.6391934
v 14.60999969 6.95950001 7.72919334
v 14.60999969 4.2814999 7.6391934
v 14.60999969 6.95950001 7.72919334
v 14.60999969 3.15150008 7.6391934
v 14.60999969 -0.9185000399999996 7.6391934
v 14.60999969 -5.788500160000001 7.72919334
v 14.60999969 -2.0484999599999996 7.6391934
v 14.60999969 0.8915000400000006 7.6391934
v 14.60999969 -5.788500160000001 7.72919334
v 14.60999969 -0.9185000399999996 7.6391934
v 14.60999969 2.0215000600000006 7.6391934
v 14.60999969 6.95950001 7.72919334
v 14.60999969 0.8915000400000006 7.6391934
v 14.60999969 -6.44149984 7.6391934
v 14.60999969 -5.78850016 7.72919334
v 14.60999969 -6.44149984 7.72919334
v 14.60999969 -5.78850016 7.72919334
v 14.60999969 -6.44149984 7.6391934
v 14.60999969 -5.78850016 7.6391934
v -0.94600001 -6.44149984 7.72919334
v -0.94600001 -5.78850016 7.6391934
v -0.94600001 -6.44149984 7.6391934
v -0.94600001 -5.78850016 7.6391934
v -0.94600001 -6.44149984 7.72919334
v -0.94600001 -5.78850016 7.72919334
v -0.38600001 -5.78732969 7.6391934
v -0.38600001 -5.58849997 7.6391934
v -0.38600001 -5.58849997 7.62499969
v -0.38600001 -5.78732969 7.6391934
v -0.38600001 -5.78850016 7.36200024
v -0.38600001 -5.9873295 7.6391934
v -0.38600001 -5.78850016 7.36200024
v -0.38600001 -5.78732969 7.6391934
v -0.38600001 -5.58849997 7.62499969
v 0.194 -5.58849997 7.62499969
v 0.194 -5.58849997 7.6391934
v 0.194 -5.9873295 7.6391934
v 0.194 -5.9873295 7.6391934
v 0.194 -5.78850016 7.36200024
v 0.194 -5.58849997 7.62499969
v -0.3860000099999999 -5.58849997 7.6391934
v 0.194 -5.58849997 7.6391934
v 0.194 -5.58849997 7.62499969
v 0.194 -5.58849997 7.62499969
v -0.38600001 -5.58849997 7.62499969
v -0.3860000099999999 -5.58849997 7.6391934
v 0.19400000000000014 -5.78850016 7.36200024
v -0.38600001 -5.9873295 7.6391934
v -0.38600001000000006 -5.788500159999999 7.362000240000001
v -0.38600001 -5.9873295 7.6391934
v 0.19400000000000014 -5.78850016 7.36200024
v 0.19400000000000012 -5.987329500000001 7.639193399999999
v 0.81400002 -5.58849997 7.62499969
v 0.81400002 -5.78850016 7.36200024
v 0.81400002 -5.98849997 7.6391934
v 0.81400002 -5.98849997 7.6391934
v 0.81400002 -5.58849997 7.6391934
v 0.81400002 -5.58849997 7.62499969
v 1.9439999500000003 -5.78850016 7.36200024
v 0.81400002 -5.98849997 7.6391934
v 0.81400002 -5.78850016 7.36200024
v 0.81400002 -5.98849997 7.6391934
v 1.9439999500000003 -5.78850016 7.36200024
v 1.94399995 -5.98849997 7.6391934
v 2.57400006 -5.58849997 7.62499969
v 2.57400006 -5.78850016 7.36200024
v 2.57400006 -5.98849997 7.6391934
v 2.57400006 -5.98849997 7.6391934
v 2.57400006 -5.58849997 7.6391934
v 2.57400006 -5.58849997 7.62499969
v 4.33400019 -5.58849997 7.62499969
v 5.46399982 -5.58849997 7.6391934
v 5.46399982 -5.58849997 7.62499969
v 5.46399982 -5.58849997 7.6391934
v 4.33400019 -5.58849997 7.62499969
v 4.334000190000001 -5.58849997 7.6391934
v 4.33400019 -5.58849997 7.62499969
v 4.33400019 -5.78850016 7.36200024
v 4.33400019 -5.98849997 7.6391934
v 4.33400019 -5.98849997 7.6391934
v 4.33400019 -5.58849997 7.6391934
v 4.33400019 -5.58849997 7.62499969
v 5.46399982 -5.58849997 7.62499969
v 5.46399982 -5.58849997 7.6391934
v 5.46399982 -5.98849997 7.6391934
v 5.46399982 -5.98849997 7.6391934
v 5.46399982 -5.78850016 7.36200024
v 5.46399982 -5.58849997 7.62499969
v 5.46399982 -5.988499970000001 7.6391934
v 4.33400019 -5.98849997 7.6391934
v 4.33400019 -5.78850016 7.36200024
v 4.33400019 -5.78850016 7.36200024
v 5.46399982 -5.78850016 7.36200024
v 5.46399982 -5.988499970000001 7.6391934
v 6.09400012 -5.58849997 7.62499969
v 6.09400012 -5.78850016 7.36200024
v 6.09400012 -5.98849997 7.6391934
v 6.09400012 -5.98849997 7.6391934
v 6.09400012 -5.58849997 7.6391934
v 6.09400012 -5.58849997 7.62499969
v 7.22400014 -5.78850016 7.36200024
v 6.09400012 -5.98849997 7.6391934
v 6.09400012 -5.788500159999999 7.36200024
v 6.09400012 -5.98849997 7.6391934
v 7.22400014 -5.78850016 7.36200024
v 7.22400014 -5.988499970000001 7.6391934
v 7.85399967 -5.58849997 7.62499969
v 8.98399969 -5.58849997 7.6391934
v 8.98399969 -5.58849997 7.62499969
v 8.98399969 -5.58849997 7.6391934
v 7.85399967 -5.58849997 7.62499969
v 7.853999669999999 -5.58849997 7.6391934
v 8.98399969 -5.58849997 7.62499969
v 8.98399969 -5.58849997 7.6391934
v 8.98399969 -5.98849997 7.6391934
v 8.98399969 -5.98849997 7.6391934
v 8.98399969 -5.78850016 7.36200024
v 8.98399969 -5.58849997 7.62499969
v 8.98399969 -5.78850016 7.36200024
v 7.85399967 -5.98849997 7.6391934
v 7.85399967 -5.788500159999999 7.362000240000001
v 7.85399967 -5.98849997 7.6391934
v 8.98399969 -5.78850016 7.36200024
v 8.98399969 -5.988499970000001 7.6391934
v 7.85399967 -5.58849997 7.62499969
v 7.85399967 -5.78850016 7.36200024
v 7.85399967 -5.98849997 7.6391934
v 7.85399967 -5.98849997 7.6391934
v 7.85399967 -5.58849997 7.6391934
v 7.85399967 -5.58849997 7.62499969
v 9.61399999 -5.58849997 7.62499969
v 10.74400001 -5.58849997 7.6391934
v 10.74400001 -5.58849997 7.62499969
v 10.74400001 -5.58849997 7.6391934
v 9.61399999 -5.58849997 7.62499969
v 9.61399999 -5.58849997 7.6391934
v 10.74400001 -5.58849997 7.62499969
v 10.74400001 -5.58849997 7.6391934
v 10.74400001 -5.98849997 7.6391934
v 10.74400001 -5.98849997 7.6391934
v 10.74400001 -5.78850016 7.36200024
v 10.74400001 -5.58849997 7.62499969
v 10.74400001 -5.78850016 7.36200024
v 9.61399999 -5.98849997 7.6391934
v 9.61399999 -5.788500159999999 7.36200024
v 9.61399999 -5.98849997 7.6391934
v 10.74400001 -5.78850016 7.36200024
v 10.74400001 -5.988499970000001 7.6391934
v 9.61399999 -5.58849997 7.62499969
v 9.61399999 -5.78850016 7.36200024
v 9.61399999 -5.98849997 7.6391934
v 9.61399999 -5.98849997 7.6391934
v 9.61399999 -5.58849997 7.6391934
v 9.61399999 -5.58849997 7.62499969
v 11.37400032 -5.58849997 7.62499969
v 11.37400032 -5.78850016 7.36200024
v 11.37400032 -5.98849997 7.6391934
v 11.37400032 -5.98849997 7.6391934
v 11.37400032 -5.58849997 7.6391934
v 11.37400032 -5.58849997 7.62499969
v 11.37400032 -5.58849997 7.62499969
v 12.50400034 -5.58849997 7.6391934
v 12.50400034 -5.58849997 7.62499969
v 12.50400034 -5.58849997 7.6391934
v 11.37400032 -5.58849997 7.62499969
v 11.37400032 -5.58849997 7.6391934
v 12.50400034 -5.58849997 7.62499969
v 12.50400034 -5.58849997 7.6391934
v 12.50400034 -5.98849997 7.6391934
v 12.50400034 -5.98849997 7.6391934
v 12.50400034 -5.78850016 7.36200024
v 12.50400034 -5.58849997 7.62499969
v 12.50400034 -5.78850016 7.36200024
v 11.37400032 -5.98849997 7.6391934
v 11.37400032 -5.788500159999999 7.362000240000001
v 11.37400032 -5.98849997 7.6391934
v 12.50400034 -5.78850016 7.36200024
v 12.50400034 -5.988499970000001 7.6391934
v 2.57400006 -5.78850016 7.36200024
v 1.94399995 -5.58849997 7.62499969
v 1.94399995 -5.78850016 7.36200024
v 1.94399995 -5.58849997 7.62499969
v 2.57400006 -5.78850016 7.36200024
v 2.57400006 -5.58849997 7.62499969
v 1.94399995 -5.58849997 7.62499969
v 1.94399995 -5.58849997 7.6391934
v 1.94399995 -5.98849997 7.6391934
v 1.94399995 -5.98849997 7.6391934
v 1.94399995 -5.78850016 7.36200024
v 1.94399995 -5.58849997 7.62499969
v 0.8140000200000004 -5.58849997 7.62499969
v 1.94399995 -5.58849997 7.6391934
v 1.94399995 -5.58849997 7.62499969
v 1.94399995 -5.58849997 7.6391934
v 0.8140000200000004 -5.58849997 7.62499969
v 0.8140000200000003 -5.58849997 7.6391934
v 2.57400006 -5.58849997 7.6391934
v 3.70399988 -5.58849997 7.6391934
v 3.70399988 -5.58849997 7.62499969
v 3.70399988 -5.58849997 7.62499969
v 2.5740000600000004 -5.58849997 7.62499969
v 2.57400006 -5.58849997 7.6391934
v 3.70399988 -5.58849997 7.62499969
v 3.70399988 -5.58849997 7.6391934
v 3.70399988 -5.98849997 7.6391934
v 3.70399988 -5.98849997 7.6391934
v 3.70399988 -5.78850016 7.36200024
v 3.70399988 -5.58849997 7.62499969
v 3.7039998799999996 -5.78850016 7.36200024
v 2.57400006 -5.98849997 7.6391934
v 2.57400006 -5.788500159999999 7.36200024
v 2.57400006 -5.98849997 7.6391934
v 3.7039998799999996 -5.78850016 7.36200024
v 3.70399988 -5.988499970000001 7.6391934
v 6.09400012 -5.58849997 7.62499969
v 7.22400014 -5.58849997 7.6391934
v 7.22400014 -5.58849997 7.62499969
v 7.22400014 -5.58849997 7.6391934
v 6.09400012 -5.58849997 7.62499969
v 6.09400012 -5.58849997 7.6391934
v 7.22400014 -5.58849997 7.62499969
v 7.22400014 -5.58849997 7.6391934
v 7.22400014 -5.98849997 7.6391934
v 7.22400014 -5.98849997 7.6391934
v 7.22400014 -5.78850016 7.36200024
v 7.22400014 -5.58849997 7.62499969
v 1.98000007 5.72650007 7.6391934
v 1.98000007 5.52649988 7.62499969
v 1.98000007 5.72650007 7.36200024
v 1.98000007 5.52649988 7.62499969
v 1.98000007 5.72650007 7.6391934
v 1.98000007 5.52649988 7.6391934
v 0.84999996 5.92594333 7.6391934
v 0.84999996 5.72650007 7.36200024
v 0.84999996 5.52649988 7.62499969
v 0.84999996 5.52649988 7.62499969
v 0.84999996 5.52649988 7.6391934
v 0.84999996 5.92594333 7.6391934
v 1.9800000700000002 5.52649988 7.6391934
v 0.84999996 5.52649988 7.6391934
v 0.84999996 5.52649988 7.62499969
v 0.84999996 5.52649988 7.62499969
v 1.98000007 5.52649988 7.62499969
v 1.9800000700000002 5.52649988 7.6391934
v 1.98000007 5.92594333 7.6391934
v 1.98000007 5.72650007 7.6391934
v 1.98000007 5.72650007 7.36200024
v 0.8499999599999994 5.92594333 7.6391934
v 1.98000007 5.92594333 7.6391934
v 1.98000007 5.72650007 7.36200024
v 1.98000007 5.72650007 7.36200024
v 0.8499999599999994 5.72650007 7.36200024
v 0.8499999599999994 5.92594333 7.6391934
v 3.74000001 5.52649988 7.62499969
v 2.60999999 5.52649988 7.6391934
v 2.60999999 5.52649988 7.62499969
v 2.60999999 5.52649988 7.6391934
v 3.74000001 5.52649988 7.62499969
v 3.74000001 5.52649988 7.6391934
v 3.74000001 5.72650007 7.6391934
v 3.74000001 5.52649988 7.6391934
v 3.74000001 5.52649988 7.62499969
v 3.74000001 5.72650007 7.6391934
v 3.74000001 5.72650007 7.36200024
v 3.74000001 5.92594333 7.6391934
v 3.74000001 5.72650007 7.36200024
v 3.74000001 5.72650007 7.6391934
v 3.74000001 5.52649988 7.62499969
v 2.60999999 5.72650007 7.6391934
v 2.60999999 5.72650007 7.36200024
v 2.60999999 5.52649988 7.62499969
v 2.60999999 5.52649988 7.62499969
v 2.60999999 5.52649988 7.6391934
v 2.60999999 5.72650007 7.6391934
v 2.60999999 5.72650007 7.36200024
v 2.60999999 5.72650007 7.6391934
v 2.60999999 5.92594333 7.6391934
v 2.60999999 5.925943330000001 7.639193399999999
v 3.74000001 5.92594333 7.6391934
v 3.74000001 5.726500069999999 7.362000240000001
v 3.74000001 5.726500069999999 7.362000240000001
v 2.6099999899999995 5.72650007 7.36200024
v 2.60999999 5.925943330000001 7.639193399999999
v 4.36999993 5.92594333 7.6391934
v 5.49999995 5.92594333 7.6391934
v 5.49999995 5.72650007 7.36200024
v 5.49999995 5.72650007 7.36200024
v 4.36999993 5.72650007 7.36200024
v 4.36999993 5.92594333 7.6391934
v 4.36999993 5.72650007 7.6391934
v 4.36999993 5.72650007 7.36200024
v 4.36999993 5.52649988 7.62499969
v 4.36999993 5.52649988 7.62499969
v 4.36999993 5.52649988 7.6391934
v 4.36999993 5.72650007 7.6391934
v 4.36999993 5.72650007 7.36200024
v 4.36999993 5.72650007 7.6391934
v 4.36999993 5.92594333 7.6391934
v 5.49999995 5.72650007 7.6391934
v 5.49999995 5.52649988 7.6391934
v 5.49999995 5.52649988 7.62499969
v 5.49999995 5.72650007 7.6391934
v 5.49999995 5.72650007 7.36200024
v 5.49999995 5.92594333 7.6391934
v 5.49999995 5.72650007 7.36200024
v 5.49999995 5.72650007 7.6391934
v 5.49999995 5.52649988 7.62499969
v 6.12999986 5.72650007 7.36200024
v 7.26000027 5.92594333 7.6391934
v 7.26000027 5.726500069999999 7.362000240000001
v 7.26000027 5.92594333 7.6391934
v 6.12999986 5.72650007 7.36200024
v 6.12999986 5.925943330000001 7.639193399999999
v 6.12999986 5.72650007 7.6391934
v 6.12999986 5.72650007 7.36200024
v 6.12999986 5.52649988 7.62499969
v 6.12999986 5.52649988 7.62499969
v 6.12999986 5.52649988 7.6391934
v 6.12999986 5.72650007 7.6391934
v 6.12999986 5.72650007 7.36200024
v 6.12999986 5.72650007 7.6391934
v 6.12999986 5.92594333 7.6391934
v 7.26000027 5.72650007 7.6391934
v 7.26000027 5.52649988 7.6391934
v 7.26000027 5.52649988 7.62499969
v 7.26000027 5.72650007 7.6391934
v 7.26000027 5.72650007 7.36200024
v 7.26000027 5.92594333 7.6391934
v 7.26000027 5.72650007 7.36200024
v 7.26000027 5.72650007 7.6391934
v 7.26000027 5.52649988 7.62499969
v 7.8899998 5.92594333 7.6391934
v 9.01999982 5.92594333 7.6391934
v 9.01999982 5.72650007 7.36200024
v 9.01999982 5.72650007 7.36200024
v 7.8899998 5.72650007 7.36200024
v 7.8899998 5.92594333 7.6391934
v 7.8899998 5.72650007 7.6391934
v 7.8899998 5.72650007 7.36200024
v 7.8899998 5.52649988 7.62499969
v 7.8899998 5.52649988 7.62499969
v 7.8899998 5.52649988 7.6391934
v 7.8899998 5.72650007 7.6391934
v 7.8899998 5.72650007 7.36200024
v 7.8899998 5.72650007 7.6391934
v 7.8899998 5.92594333 7.6391934
v 9.01999982 5.72650007 7.6391934
v 9.01999982 5.52649988 7.6391934
v 9.01999982 5.52649988 7.62499969
v 9.01999982 5.72650007 7.6391934
v 9.01999982 5.72650007 7.36200024
v 9.01999982 5.92594333 7.6391934
v 9.01999982 5.72650007 7.36200024
v 9.01999982 5.72650007 7.6391934
v 9.01999982 5.52649988 7.62499969
v 9.65000012 5.92594333 7.6391934
v 10.78000014 5.92594333 7.6391934
v 10.78000014 5.72650007 7.36200024
v 10.78000014 5.72650007 7.36200024
v 9.65000012 5.72650007 7.36200024
v 9.65000012 5.92594333 7.6391934
v 9.65000012 5.72650007 7.6391934
v 9.65000012 5.92594333 7.6391934
v 9.65000012 5.72650007 7.36200024
v 9.65000012 5.72650007 7.6391934
v 9.65000012 5.52649988 7.62499969
v 9.65000012 5.52649988 7.6391934
v 9.65000012 5.52649988 7.62499969
v 9.65000012 5.72650007 7.6391934
v 9.65000012 5.72650007 7.36200024
v 10.78000014 5.72650007 7.6391934
v 10.78000014 5.52649988 7.6391934
v 10.78000014 5.52649988 7.62499969
v 10.78000014 5.72650007 7.6391934
v 10.78000014 5.72650007 7.36200024
v 10.78000014 5.92594333 7.6391934
v 10.78000014 5.72650007 7.36200024
v 10.78000014 5.72650007 7.6391934
v 10.78000014 5.52649988 7.62499969
v 11.40999967 5.925943330000001 7.639193399999999
v 12.53999969 5.92594333 7.6391934
v 12.53999969 5.726500069999999 7.362000240000001
v 12.53999969 5.726500069999999 7.362000240000001
v 11.40999967 5.72650007 7.36200024
v 11.40999967 5.925943330000001 7.639193399999999
v 11.40999967 5.72650007 7.6391934
v 11.40999967 5.72650007 7.36200024
v 11.40999967 5.52649988 7.62499969
v 11.40999967 5.52649988 7.62499969
v 11.40999967 5.52649988 7.6391934
v 11.40999967 5.72650007 7.6391934
v 11.40999967 5.72650007 7.36200024
v 11.40999967 5.72650007 7.6391934
v 11.40999967 5.92594333 7.6391934
v 12.53999969 5.72650007 7.6391934
v 12.53999969 5.52649988 7.6391934
v 12.53999969 5.52649988 7.62499969
v 12.53999969 5.72650007 7.6391934
v 12.53999969 5.72650007 7.36200024
v 12.53999969 5.92594333 7.6391934
v 12.53999969 5.72650007 7.36200024
v 12.53999969 5.72650007 7.6391934
v 12.53999969 5.52649988 7.62499969
v 14.60999969 3.15150008 7.36200024
v 14.4099995 2.02150006 7.62499969
v 14.60999969 2.02150006 7.36200024
v 14.4099995 2.02150006 7.62499969
v 14.60999969 3.15150008 7.36200024
v 14.4099995 3.15150008 7.62499969
v 14.4099995 4.2814999 7.6391934
v 14.4099995 4.2814999 7.62499969
v 14.4099995 3.1515000800000004 7.62499969
v 14.4099995 3.1515000800000004 7.62499969
v 14.4099995 3.15150008 7.6391934
v 14.4099995 4.2814999 7.6391934
v 12.652306902514585 -4.618438324779486 7.6391934
v 14.60999969 -4.313380897060107 7.6391934
v 14.609999689999999 -6.441499840000002 7.6391934
v 14.609999689999999 -6.441499840000002 7.6391934
v 12.516495117999511 -6.441499840000001 7.6391934
v 12.652306902514585 -4.618438324779486 7.6391934
v 12.652306902514585 -4.618438324779486 7.6391934
v 12.50400034 -5.988499970000001 7.6391934
v 12.504000339999997 -5.588499969999998 7.6391934
v 11.37400032 -5.988499970000001 7.6391934
v 12.50400034 -5.988499970000001 7.6391934
v 12.516495117999511 -6.441499840000001 7.6391934
v 10.74400001 -5.988499970000003 7.6391934
v 10.530236018866539 -6.4414998400000005 7.6391934
v 10.505020645130008 -5.988499970000003 7.6391934
v 10.74400001 -5.588499970000001 7.6391934
v 10.482755408067993 -5.58849997 7.6391934
v 10.441208192744128 -4.842094886449502 7.6391934
v 11.37400032 -5.58849997 7.6391934
v 11.946799708853993 -3.9244514427331727 7.6391934
v 12.652306902514585 -4.618438324779486 7.6391934
v 12.50400034 -5.988499970000001 7.6391934
v 12.652306902514585 -4.618438324779486 7.6391934
v 12.516495117999511 -6.441499840000001 7.6391934
v 11.37400032 -5.988499970000001 7.6391934
v 10.530236018866539 -6.4414998400000005 7.6391934
v 10.74400001 -5.988499970000003 7.6391934
v 11.37400032 -5.58849997 7.6391934
v 10.441208192744128 -4.842094886449502 7.6391934
v 11.946799708853993 -3.9244514427331727 7.6391934
v 12.652306902514585 -4.618438324779486 7.6391934
v 12.504000339999997 -5.588499969999998 7.6391934
v 11.37400032 -5.58849997 7.6391934
v 10.530236018866539 -6.4414998400000005 7.6391934
v 11.37400032 -5.988499970000001 7.6391934
v 12.516495117999511 -6.441499840000001 7.6391934
v 10.441208192744128 -4.842094886449502 7.6391934
v 11.37400032 -5.58849997 7.6391934
v 10.74400001 -5.588499970000001 7.6391934
v 10.74400001 -5.588499970000001 7.6391934
v 11.37400032 -5.988499970000001 7.6391934
v 10.74400001 -5.988499970000003 7.6391934
v 11.37400032 -5.988499970000001 7.6391934
v 10.74400001 -5.588499970000001 7.6391934
v 11.37400032 -5.58849997 7.6391934
v 14.4099995 -2.6168297367145885 7.6391934
v 14.4099995 -2.04849996 7.6391934
v 14.609999689999999 -2.0484999600000005 7.6391934
v 14.609999689999999 -2.0484999600000005 7.6391934
v 14.60999969 -2.63885531982692 7.6391934
v 14.4099995 -2.6168297367145885 7.6391934
v 14.409999499999998 -0.9185000400000005 7.6391934
v 12.703360526768282 -0.5115595192820166 7.6391934
v 14.4099995 -0.5048075103679159 7.6391934
v 14.4099995 -0.5048075103679159 7.6391934
v 14.609999689999999 -0.5040162457320538 7.6391934
v 14.60999969 -0.9185000399999996 7.6391934
v 14.409999499999998 -0.9185000400000005 7.6391934
v 14.4099995 -2.6168297367145885 7.6391934
v 12.82377255727665 -2.442142035858043 7.6391934
v 12.703360526768282 -0.5115595192820166 7.6391934
v 14.409999499999998 -0.9185000400000005 7.6391934
v 12.342934833131949 -1.2194149816962998 7.6391934
v 14.4099995 -0.5048075103679159 7.6391934
v 14.60999969 -0.9185000399999996 7.6391934
v 14.409999499999998 -0.9185000400000005 7.6391934
v 12.342934833131949 -1.2194149816962998 7.6391934
v 14.409999499999998 -0.9185000400000005 7.6391934
v 12.82377255727665 -2.442142035858043 7.6391934
v 12.82377255727665 -2.442142035858043 7.6391934
v 11.934522640081346 -3.59883394696132 7.6391934
v 10.391899629574318 -2.3714684115615867 7.6391934
v 12.82377255727665 -2.442142035858043 7.6391934
v 10.681754941773743 -1.4352023886047012 7.6391934
v 12.342934833131949 -1.2194149816962998 7.6391934
v 10.681754941773743 -1.4352023886047012 7.6391934
v 12.82377255727665 -2.442142035858043 7.6391934
v 10.391899629574318 -2.3714684115615867 7.6391934
v 12.652306902514585 -4.618438324779486 7.6391934
v 11.946799708853993 -3.9244514427331727 7.6391934
v 11.934522640081346 -3.59883394696132 7.6391934
v 14.4099995 -4.30850019 7.6391934
v 12.82377255727665 -2.442142035858043 7.6391934
v 14.4099995 -2.6168297367145885 7.6391934
v 14.4099995 -4.30850019 7.6391934
v 14.609999689999999 -4.30850019 7.6391934
v 14.60999969 -4.313380897060107 7.6391934
v 12.82377255727665 -2.442142035858043 7.6391934
v 12.652306902514585 -4.618438324779486 7.6391934
v 11.934522640081346 -3.59883394696132 7.6391934
v 14.4099995 -4.30850019 7.6391934
v 14.60999969 -4.313380897060107 7.6391934
v 12.652306902514585 -4.618438324779486 7.6391934
v 12.82377255727665 -2.442142035858043 7.6391934
v 14.4099995 -4.30850019 7.6391934
v 12.652306902514585 -4.618438324779486 7.6391934
v 14.60999969 -2.63885531982692 7.6391934
v 14.60999969 -3.17849998 7.6391934
v 14.4099995 -3.1784999800000007 7.6391934
v 14.4099995 -3.1784999800000007 7.6391934
v 14.4099995 -2.6168297367145885 7.6391934
v 14.60999969 -2.63885531982692 7.6391934
v 14.4099995 4.2814999 7.6391934
v 12.842911383345514 5.162082861437103 7.6391934
v 14.60999969 5.443720491945561 7.6391934
v 14.60999969 5.443720491945561 7.6391934
v 14.60999969 4.2814999 7.6391934
v 14.4099995 4.2814999 7.6391934
v 14.4099995 4.2814999 7.6391934
v 14.4099995 3.3008527671857686 7.6391934
v 12.729784963011674 3.57793138367961 7.6391934
v 12.842911383345514 5.162082861437103 7.6391934
v 14.4099995 4.2814999 7.6391934
v 12.729784963011674 3.57793138367961 7.6391934
v 10.588733930314673 0.5098497676209917 7.6391934
v 10.681754941773743 -1.4352023886047012 7.6391934
v 10.123803746098554 -0.4643967344551605 7.6391934
v 12.342934833131949 -1.2194149816962998 7.6391934
v 10.588733930314673 0.5098497676209917 7.6391934
v 12.291625006245914 0.47246578208878365 7.6391934
v 12.291625006245914 0.47246578208878365 7.6391934
v 12.703360526768282 -0.5115595192820166 7.6391934
v 12.342934833131949 -1.2194149816962998 7.6391934
v 10.588733930314673 0.5098497676209917 7.6391934
v 12.342934833131949 -1.2194149816962998 7.6391934
v 10.681754941773743 -1.4352023886047012 7.6391934
v 14.609999689999999 -0.5040162457320538 7.6391934
v 14.4099995 0.8915000399999995 7.6391934
v 14.60999969 0.8915000399999995 7.6391934
v 14.4099995 0.8915000399999995 7.6391934
v 14.609999689999999 -0.5040162457320538 7.6391934
v 14.4099995 -0.5048075103679159 7.6391934
v 14.4099995 -0.5048075103679159 7.6391934
v 12.291625006245914 0.47246578208878365 7.6391934
v 12.71322827070377 1.4335602344606557 7.6391934
v 12.71322827070377 1.4335602344606557 7.6391934
v 14.4099995 1.5554271312175405 7.6391934
v 14.4099995 -0.5048075103679159 7.6391934
v 12.291625006245914 0.47246578208878365 7.6391934
v 14.4099995 -0.5048075103679159 7.6391934
v 12.703360526768282 -0.5115595192820166 7.6391934
v 8.983999690000001 -5.58849997 7.6391934
v 8.274811388160499 -5.58849997 7.6391934
v 8.336019061513458 -4.7775268464756 7.6391934
v 9.61399999 -5.588499970000001 7.6391934
v 9.458273598871765 -4.200758526462415 7.6391934
v 10.441208192744128 -4.842094886449502 7.6391934
v 10.441208192744128 -4.842094886449502 7.6391934
v 10.482755408067993 -5.58849997 7.6391934
v 9.61399999 -5.588499970000001 7.6391934
v 9.61399999 -5.988499970000002 7.6391934
v 10.505020645130008 -5.988499970000003 7.6391934
v 10.530236018866539 -6.4414998400000005 7.6391934
v 8.98399969 -5.988499970000001 7.6391934
v 8.210431773228038 -6.441499840000002 7.6391934
v 8.244621646193732 -5.988499970000003 7.6391934
v 9.458273598871765 -4.200758526462415 7.6391934
v 8.983999690000001 -5.58849997 7.6391934
v 8.336019061513458 -4.7775268464756 7.6391934
v 8.210431773228038 -6.441499840000002 7.6391934
v 9.61399999 -5.988499970000002 7.6391934
v 10.530236018866539 -6.4414998400000005 7.6391934
v 9.458273598871765 -4.200758526462415 7.6391934
v 9.61399999 -5.588499970000001 7.6391934
v 8.983999690000001 -5.58849997 7.6391934
v 8.210431773228038 -6.441499840000002 7.6391934
v 8.98399969 -5.988499970000001 7.6391934
v 9.61399999 -5.988499970000002 7.6391934
v 9.61399999 -5.988499970000002 7.6391934
v 8.983999690000001 -5.58849997 7.6391934
v 9.61399999 -5.588499970000001 7.6391934
v 8.983999690000001 -5.58849997 7.6391934
v 9.61399999 -5.988499970000002 7.6391934
v 8.98399969 -5.988499970000001 7.6391934
v 12.729784963011674 3.57793138367961 7.6391934
v 12.122576421422174 2.470838813492112 7.6391934
v 12.299250300718372 3.2564745586179975 7.6391934
v 12.71322827070377 1.4335602344606557 7.6391934
v 12.729784963011674 3.57793138367961 7.6391934
v 14.4099995 3.3008527671857686 7.6391934
v 14.4099995 3.3008527671857686 7.6391934
v 14.4099995 1.5554271312175405 7.6391934
v 12.71322827070377 1.4335602344606557 7.6391934
v 12.729784963011674 3.57793138367961 7.6391934
v 12.71322827070377 1.4335602344606557 7.6391934
v 12.122576421422174 2.470838813492112 7.6391934
v 14.4099995 3.15150008 7.6391934
v 14.60999969 3.15150008 7.6391934
v 14.60999969 2.02150006 7.6391934
v 14.60999969 2.02150006 7.6391934
v 14.4099995 2.02150006 7.6391934
v 14.4099995 3.15150008 7.6391934
v 10.228289565451306 1.93386174862467 7.6391934
v 10.588733930314673 0.5098497676209917 7.6391934
v 10.120897509273167 1.7065251220586357 7.6391934
v 10.588733930314673 0.5098497676209917 7.6391934
v 10.228289565451306 1.93386174862467 7.6391934
v 12.122576421422174 2.470838813492112 7.6391934
v 12.122576421422174 2.470838813492112 7.6391934
v 12.71322827070377 1.4335602344606557 7.6391934
v 12.291625006245914 0.47246578208878365 7.6391934
v 10.588733930314673 0.5098497676209917 7.6391934
v 12.122576421422174 2.470838813492112 7.6391934
v 12.291625006245914 0.47246578208878365 7.6391934
v 11.934522640081346 -3.59883394696132 7.6391934
v 11.946799708853993 -3.9244514427331727 7.6391934
v 10.441208192744128 -4.842094886449502 7.6391934
v 10.391899629574318 -2.3714684115615867 7.6391934
v 9.458273598871765 -4.200758526462415 7.6391934
v 9.503422875213044 -2.8500707541135446 7.6391934
v 10.441208192744128 -4.842094886449502 7.6391934
v 10.391899629574318 -2.3714684115615867 7.6391934
v 11.934522640081346 -3.59883394696132 7.6391934
v 9.458273598871765 -4.200758526462415 7.6391934
v 10.391899629574318 -2.3714684115615867 7.6391934
v 10.441208192744128 -4.842094886449502 7.6391934
v 11.615492725463337 5.52649988 7.6391934
v 10.722278179978886 4.207782637206567 7.6391934
v 10.742362865858173 5.022429833050603 7.6391934
v 12.842911383345514 5.162082861437103 7.6391934
v 11.615492725463337 5.52649988 7.6391934
v 12.4538711227203 5.52649988 7.6391934
v 11.615492725463337 5.52649988 7.6391934
v 12.842911383345514 5.162082861437103 7.6391934
v 12.729784963011674 3.57793138367961 7.6391934
v 10.722278179978886 4.207782637206567 7.6391934
v 12.729784963011674 3.57793138367961 7.6391934
v 12.299250300718372 3.2564745586179975 7.6391934
v 10.722278179978886 4.207782637206567 7.6391934
v 11.615492725463337 5.52649988 7.6391934
v 12.729784963011674 3.57793138367961 7.6391934
v 12.842911383345514 5.162082861437103 7.6391934
v 12.4538711227203 5.52649988 7.6391934
v 12.53999969 5.52649988 7.6391934
v 12.842911383345514 5.162082861437103 7.6391934
v 12.539999690000002 5.925943330000001 7.6391934
v 14.60999969 5.443720491945561 7.6391934
v 12.539999690000002 5.925943330000001 7.6391934
v 12.137955780160137 5.92594333 7.6391934
v 12.176902922828058 6.95950001 7.6391934
v 12.539999690000002 5.925943330000001 7.6391934
v 14.60999969 6.959500010000001 7.6391934
v 14.60999969 5.443720491945561 7.6391934
v 12.53999969 5.72650007 7.6391934
v 12.842911383345514 5.162082861437103 7.6391934
v 12.53999969 5.52649988 7.6391934
v 14.60999969 6.959500010000001 7.6391934
v 12.539999690000002 5.925943330000001 7.6391934
v 12.176902922828058 6.95950001 7.6391934
v 12.539999690000002 5.925943330000001 7.6391934
v 12.842911383345514 5.162082861437103 7.6391934
v 12.53999969 5.72650007 7.6391934
v 8.589398798219815 -0.5168072873272909 7.6391934
v 8.46050879742053 -2.3213783735866045 7.6391934
v 8.202739318519988 -1.0728794327161033 7.6391934
v 8.46050879742053 -2.3213783735866045 7.6391934
v 8.589398798219815 -0.5168072873272909 7.6391934
v 10.123803746098554 -0.4643967344551605 7.6391934
v 8.46050879742053 -2.3213783735866045 7.6391934
v 10.681754941773743 -1.4352023886047012 7.6391934
v 10.391899629574318 -2.3714684115615867 7.6391934
v 8.46050879742053 -2.3213783735866045 7.6391934
v 10.391899629574318 -2.3714684115615867 7.6391934
v 9.503422875213044 -2.8500707541135446 7.6391934
v 8.46050879742053 -2.3213783735866045 7.6391934
v 10.123803746098554 -0.4643967344551605 7.6391934
v 10.681754941773743 -1.4352023886047012 7.6391934
v 12.122576421422174 2.470838813492112 7.6391934
v 9.849516964950231 3.410371770442711 7.6391934
v 10.722278179978886 4.207782637206567 7.6391934
v 10.722278179978886 4.207782637206567 7.6391934
v 12.299250300718372 3.2564745586179975 7.6391934
v 12.122576421422174 2.470838813492112 7.6391934
v 9.849516964950231 3.410371770442711 7.6391934
v 12.122576421422174 2.470838813492112 7.6391934
v 10.228289565451306 1.93386174862467 7.6391934
v 10.588733930314673 0.5098497676209917 7.6391934
v 8.589398798219815 -0.5168072873272909 7.6391934
v 8.09650166884967 0.9888752656140305 7.6391934
v 10.588733930314673 0.5098497676209917 7.6391934
v 8.339021539087323 1.4137368684486917 7.6391934
v 10.120897509273167 1.7065251220586357 7.6391934
v 8.589398798219815 -0.5168072873272909 7.6391934
v 10.588733930314673 0.5098497676209917 7.6391934
v 10.123803746098554 -0.4643967344551605 7.6391934
v 10.588733930314673 0.5098497676209917 7.6391934
v 8.09650166884967 0.9888752656140305 7.6391934
v 8.339021539087323 1.4137368684486917 7.6391934
v 9.65000012 5.52649988 7.6391934
v 9.849516964950231 3.410371770442711 7.6391934
v 8.665644846791844 3.728312792369721 7.6391934
v 9.65000012 5.52649988 7.6391934
v 8.386175899294964 4.928952065873357 7.6391934
v 9.588303386690367 5.910984138292627 7.6391934
v 9.588303386690367 5.910984138292627 7.6391934
v 9.650000120000001 5.863481475742536 7.6391934
v 9.65000012 5.52649988 7.6391934
v 10.722278179978886 4.207782637206567 7.6391934
v 10.087673768731957 5.52649988 7.6391934
v 10.742362865858173 5.022429833050603 7.6391934
v 9.849516964950231 3.410371770442711 7.6391934
v 9.65000012 5.52649988 7.6391934
v 10.722278179978886 4.207782637206567 7.6391934
v 8.386175899294964 4.928952065873357 7.6391934
v 9.65000012 5.52649988 7.6391934
v 8.665644846791844 3.728312792369721 7.6391934
v 10.087673768731957 5.52649988 7.6391934
v 10.722278179978886 4.207782637206567 7.6391934
v 9.65000012 5.52649988 7.6391934
v 5.4639998200000015 -5.58849997 7.6391934
v 5.086790462421275 -4.308825037830616 7.6391934
v 6.0404277303791645 -4.674634973678685 7.6391934
v 6.09400012 -5.58849997 7.6391934
v 5.4639998200000015 -5.58849997 7.6391934
v 6.0404277303791645 -4.674634973678685 7.6391934
v 6.0404277303791645 -4.674634973678685 7.6391934
v 6.147109832930378 -5.58849997 7.6391934
v 6.09400012 -5.58849997 7.6391934
v 6.0940001200000005 -5.988499970000001 7.6391934
v 6.193804739937718 -5.988499970000002 7.6391934
v 6.246686706947685 -6.441499840000001 7.6391934
v 4.334000190000001 -5.58849997 7.6391934
v 5.086790462421275 -4.308825037830616 7.6391934
v 5.4639998200000015 -5.58849997 7.6391934
v 5.4639998200000015 -5.58849997 7.6391934
v 6.09400012 -5.58849997 7.6391934
v 5.4639998200000015 -5.988499970000003 7.6391934
v 5.4639998200000015 -5.988499970000003 7.6391934
v 6.246686706947685 -6.441499840000001 7.6391934
v 3.751672682786651 -6.441499840000002 7.6391934
v 5.086790462421275 -4.308825037830616 7.6391934
v 4.334000190000001 -5.58849997 7.6391934
v 3.752254225257474 -5.296066627830587 7.6391934
v 5.4639998200000015 -5.988499970000003 7.6391934
v 6.09400012 -5.58849997 7.6391934
v 6.0940001200000005 -5.988499970000001 7.6391934
v 4.334000190000001 -5.988499970000001 7.6391934
v 3.752254225257474 -5.296066627830587 7.6391934
v 4.334000190000001 -5.58849997 7.6391934
v 6.246686706947685 -6.441499840000001 7.6391934
v 5.4639998200000015 -5.988499970000003 7.6391934
v 6.0940001200000005 -5.988499970000001 7.6391934
v 3.752254225257474 -5.296066627830587 7.6391934
v 4.334000190000001 -5.988499970000001 7.6391934
v 3.751672682786651 -6.441499840000002 7.6391934
v 4.334000190000001 -5.988499970000001 7.6391934
v 5.4639998200000015 -5.988499970000003 7.6391934
v 3.751672682786651 -6.441499840000002 7.6391934
v 7.853999670000002 -5.988499970000002 7.6391934
v 8.244621646193732 -5.988499970000003 7.6391934
v 8.210431773228038 -6.441499840000002 7.6391934
v 7.224000140000001 -5.988499970000001 7.6391934
v 6.246686706947685 -6.441499840000001 7.6391934
v 6.193804739937718 -5.988499970000002 7.6391934
v 7.22400014 -5.58849997 7.6391934
v 6.147109832930378 -5.58849997 7.6391934
v 6.0404277303791645 -4.674634973678685 7.6391934
v 7.22400014 -5.58849997 7.6391934
v 7.102015361722721 -3.9125929972895124 7.6391934
v 8.336019061513458 -4.7775268464756 7.6391934
v 8.336019061513458 -4.7775268464756 7.6391934
v 8.274811388160499 -5.58849997 7.6391934
v 7.85399967 -5.588499970000001 7.6391934
v 7.224000140000001 -5.988499970000001 7.6391934
v 8.210431773228038 -6.441499840000002 7.6391934
v 6.246686706947685 -6.441499840000001 7.6391934
v 7.102015361722721 -3.9125929972895124 7.6391934
v 7.22400014 -5.58849997 7.6391934
v 6.0404277303791645 -4.674634973678685 7.6391934
v 8.210431773228038 -6.441499840000002 7.6391934
v 7.224000140000001 -5.988499970000001 7.6391934
v 7.853999670000002 -5.988499970000002 7.6391934
v 7.85399967 -5.588499970000001 7.6391934
v 7.22400014 -5.58849997 7.6391934
v 8.336019061513458 -4.7775268464756 7.6391934
v 7.85399967 -5.588499970000001 7.6391934
v 7.853999670000002 -5.988499970000002 7.6391934
v 7.224000140000001 -5.988499970000001 7.6391934
v 7.22400014 -5.58849997 7.6391934
v 7.85399967 -5.588499970000001 7.6391934
v 7.224000140000001 -5.988499970000001 7.6391934
v 9.849516964950231 3.410371770442711 7.6391934
v 8.339021539087323 1.4137368684486917 7.6391934
v 7.826438055939416 2.882270380001687 7.6391934
v 7.826438055939416 2.882270380001687 7.6391934
v 8.665644846791844 3.728312792369721 7.6391934
v 9.849516964950231 3.410371770442711 7.6391934
v 8.339021539087323 1.4137368684486917 7.6391934
v 10.228289565451306 1.93386174862467 7.6391934
v 10.120897509273167 1.7065251220586357 7.6391934
v 10.228289565451306 1.93386174862467 7.6391934
v 8.339021539087323 1.4137368684486917 7.6391934
v 9.849516964950231 3.410371770442711 7.6391934
v 7.146901117745318 -3.2845182160301816 7.6391934
v 8.336019061513458 -4.7775268464756 7.6391934
v 7.102015361722721 -3.9125929972895124 7.6391934
v 8.336019061513458 -4.7775268464756 7.6391934
v 7.146901117745318 -3.2845182160301816 7.6391934
v 8.46050879742053 -2.3213783735866045 7.6391934
v 8.46050879742053 -2.3213783735866045 7.6391934
v 9.503422875213044 -2.8500707541135446 7.6391934
v 9.458273598871765 -4.200758526462415 7.6391934
v 8.336019061513458 -4.7775268464756 7.6391934
v 8.46050879742053 -2.3213783735866045 7.6391934
v 9.458273598871765 -4.200758526462415 7.6391934
v 11.40999967 5.52649988 7.6391934
v 11.615492725463337 5.52649988 7.6391934
v 10.742362865858173 5.022429833050603 7.6391934
v 10.742362865858173 5.022429833050603 7.6391934
v 10.087673768731957 5.52649988 7.6391934
v 10.78000014 5.52649988 7.6391934
v 9.65000012 5.92594333 7.6391934
v 9.650000120000001 5.863481475742536 7.6391934
v 9.588303386690367 5.910984138292627 7.6391934
v 10.78000014 5.925943330000001 7.6391934
v 9.551833863468826 6.95950001 7.6391934
v 12.176902922828058 6.95950001 7.6391934
v 12.176902922828058 6.95950001 7.6391934
v 12.137955780160137 5.92594333 7.6391934
v 11.409999670000001 5.925943330000001 7.6391934
v 10.78000014 5.52649988 7.6391934
v 11.40999967 5.52649988 7.6391934
v 10.742362865858173 5.022429833050603 7.6391934
v 9.551833863468826 6.95950001 7.6391934
v 9.65000012 5.92594333 7.6391934
v 9.588303386690367 5.910984138292627 7.6391934
v 10.780000140000002 5.72650007 7.6391934
v 11.40999967 5.52649988 7.6391934
v 10.78000014 5.52649988 7.6391934
v 9.551833863468826 6.95950001 7.6391934
v 10.78000014 5.925943330000001 7.6391934
v 9.65000012 5.92594333 7.6391934
v 11.40999967 5.52649988 7.6391934
v 10.780000140000002 5.72650007 7.6391934
v 11.409999670000001 5.925943330000001 7.6391934
v 11.409999670000001 5.925943330000001 7.6391934
v 10.78000014 5.925943330000001 7.6391934
v 12.176902922828058 6.95950001 7.6391934
v 10.78000014 5.925943330000001 7.6391934
v 11.409999670000001 5.925943330000001 7.6391934
v 10.780000140000002 5.72650007 7.6391934
v 6.365471196150105 0.7849255880272725 7.6391934
v 6.5264033838404885 -1.019758030632607 7.6391934
v 6.028033062032558 0.11521993437554467 7.6391934
v 6.5264033838404885 -1.019758030632607 7.6391934
v 6.365471196150105 0.7849255880272725 7.6391934
v 8.09650166884967 0.9888752656140305 7.6391934
v 6.5264033838404885 -1.019758030632607 7.6391934
v 8.589398798219815 -0.5168072873272909 7.6391934
v 8.202739318519988 -1.0728794327161033 7.6391934
v 8.589398798219815 -0.5168072873272909 7.6391934
v 6.5264033838404885 -1.019758030632607 7.6391934
v 8.09650166884967 0.9888752656140305 7.6391934
v 6.5264033838404885 -1.019758030632607 7.6391934
v 7.146901117745318 -3.2845182160301816 7.6391934
v 5.976221527907136 -2.085343545402907 7.6391934
v 8.46050879742053 -2.3213783735866045 7.6391934
v 6.5264033838404885 -1.019758030632607 7.6391934
v 8.202739318519988 -1.0728794327161033 7.6391934
v 7.146901117745318 -3.2845182160301816 7.6391934
v 6.5264033838404885 -1.019758030632607 7.6391934
v 8.46050879742053 -2.3213783735866045 7.6391934
v 7.146901117745318 -3.2845182160301816 7.6391934
v 7.102015361722721 -3.9125929972895124 7.6391934
v 6.0404277303791645 -4.674634973678685 7.6391934
v 5.976221527907136 -2.085343545402907 7.6391934
v 5.086790462421275 -4.308825037830616 7.6391934
v 4.638515747587908 -2.928252387010999 7.6391934
v 4.638515747587908 -2.928252387010999 7.6391934
v 5.038049269895818 -2.303607763297788 7.6391934
v 5.976221527907136 -2.085343545402907 7.6391934
v 5.086790462421275 -4.308825037830616 7.6391934
v 7.146901117745318 -3.2845182160301816 7.6391934
v 6.0404277303791645 -4.674634973678685 7.6391934
v 7.146901117745318 -3.2845182160301816 7.6391934
v 5.086790462421275 -4.308825037830616 7.6391934
v 5.976221527907136 -2.085343545402907 7.6391934
v 7.889999800000001 5.52649988 7.6391934
v 7.2931408629113745 5.353079011013399 7.6391934
v 7.260000270000001 5.541227625875843 7.6391934
v 7.260000270000001 5.925943329999999 7.6391934
v 7.1922362498061085 5.92594333 7.6391934
v 7.010185049441151 6.95950001 7.6391934
v 9.019999820000002 5.92594333 7.6391934
v 9.588303386690367 5.910984138292627 7.6391934
v 9.019999820000002 5.72650007 7.6391934
v 7.260000270000001 5.541227625875843 7.6391934
v 7.889999800000001 5.72650007 7.6391934
v 7.889999800000001 5.52649988 7.6391934
v 9.019999820000002 5.72650007 7.6391934
v 9.588303386690367 5.910984138292627 7.6391934
v 9.01999982 5.526499879999999 7.6391934
v 7.889999800000001 5.72650007 7.6391934
v 7.260000270000001 5.541227625875843 7.6391934
v 7.260000270000001 5.72650007 7.6391934
v 7.8899998 5.92594333 7.6391934
v 7.010185049441151 6.95950001 7.6391934
v 9.551833863468826 6.95950001 7.6391934
v 9.588303386690367 5.910984138292627 7.6391934
v 9.019999820000002 5.92594333 7.6391934
v 9.551833863468826 6.95950001 7.6391934
v 9.01999982 5.526499879999999 7.6391934
v 9.588303386690367 5.910984138292627 7.6391934
v 8.386175899294964 4.928952065873357 7.6391934
v 7.8899998 5.92594333 7.6391934
v 7.260000270000001 5.72650007 7.6391934
v 7.260000270000001 5.925943329999999 7.6391934
v 9.551833863468826 6.95950001 7.6391934
v 9.019999820000002 5.92594333 7.6391934
v 7.8899998 5.92594333 7.6391934
v 7.889999800000001 5.52649988 7.6391934
v 9.01999982 5.526499879999999 7.6391934
v 8.386175899294964 4.928952065873357 7.6391934
v 7.010185049441151 6.95950001 7.6391934
v 7.8899998 5.92594333 7.6391934
v 7.260000270000001 5.925943329999999 7.6391934
v 7.2931408629113745 5.353079011013399 7.6391934
v 7.889999800000001 5.52649988 7.6391934
v 8.386175899294964 4.928952065873357 7.6391934
v 7.260000270000001 5.72650007 7.6391934
v 7.8899998 5.92594333 7.6391934
v 7.889999800000001 5.72650007 7.6391934
v 6.759740314546061 3.0608630473265115 7.6391934
v 6.365471196150105 0.7849255880272725 7.6391934
v 5.832646098262244 2.0846660665067214 7.6391934
v 6.365471196150105 0.7849255880272725 7.6391934
v 6.759740314546061 3.0608630473265115 7.6391934
v 7.826438055939416 2.882270380001687 7.6391934
v 7.826438055939416 2.882270380001687 7.6391934
v 8.339021539087323 1.4137368684486917 7.6391934
v 8.09650166884967 0.9888752656140305 7.6391934
v 6.365471196150105 0.7849255880272725 7.6391934
v 7.826438055939416 2.882270380001687 7.6391934
v 8.09650166884967 0.9888752656140305 7.6391934
v 6.5264033838404885 -1.019758030632607 7.6391934
v 5.038049269895818 -2.303607763297788 7.6391934
v 3.9694293223164756 -0.662864737904731 7.6391934
v 6.5264033838404885 -1.019758030632607 7.6391934
v 4.270773141729239 -0.069134323776332 7.6391934
v 6.028033062032558 0.11521993437554467 7.6391934
v 5.038049269895818 -2.303607763297788 7.6391934
v 6.5264033838404885 -1.019758030632607 7.6391934
v 5.976221527907136 -2.085343545402907 7.6391934
v 4.270773141729239 -0.069134323776332 7.6391934
v 6.5264033838404885 -1.019758030632607 7.6391934
v 3.9694293223164756 -0.662864737904731 7.6391934
v 7.2931408629113745 5.353079011013399 7.6391934
v 6.759740314546061 3.0608630473265115 7.6391934
v 6.21132620810067 4.47215772761619 7.6391934
v 6.759740314546061 3.0608630473265115 7.6391934
v 7.2931408629113745 5.353079011013399 7.6391934
v 8.386175899294964 4.928952065873357 7.6391934
v 6.759740314546061 3.0608630473265115 7.6391934
v 8.665644846791844 3.728312792369721 7.6391934
v 7.826438055939416 2.882270380001687 7.6391934
v 8.665644846791844 3.728312792369721 7.6391934
v 6.759740314546061 3.0608630473265115 7.6391934
v 8.386175899294964 4.928952065873357 7.6391934
v 3.7400000100000015 5.726500069999999 7.6391934
v 4.369999930000003 5.526499879999999 7.6391934
v 3.7400000100000006 5.52649988 7.6391934
v 4.369999930000003 5.526499879999999 7.6391934
v 4.993964992395037 5.526499879999999 7.6391934
v 4.924095047903118 5.272676346005142 7.6391934
v 4.924095047903118 5.272676346005142 7.6391934
v 3.3409659228211814 5.52649988 7.6391934
v 3.7400000100000006 5.52649988 7.6391934
v 3.740000010000001 5.92594333 7.6391934
v 3.150912764425665 5.925943329999999 7.6391934
v 3.066957246344306 6.95950001 7.6391934
v 4.369999930000003 5.925943329999999 7.6391934
v 5.388426601073291 6.95950001 7.6391934
v 5.103919696909259 5.925943329999999 7.6391934
v 4.369999930000003 5.526499879999999 7.6391934
v 4.924095047903118 5.272676346005142 7.6391934
v 3.7400000100000006 5.52649988 7.6391934
v 4.369999930000003 5.925943329999999 7.6391934
v 3.066957246344306 6.95950001 7.6391934
v 5.388426601073291 6.95950001 7.6391934
v 4.369999930000003 5.526499879999999 7.6391934
v 3.7400000100000015 5.726500069999999 7.6391934
v 4.369999930000004 5.726500069999999 7.6391934
v 3.066957246344306 6.95950001 7.6391934
v 4.369999930000003 5.925943329999999 7.6391934
v 3.740000010000001 5.92594333 7.6391934
v 4.369999930000004 5.726500069999999 7.6391934
v 3.7400000100000015 5.726500069999999 7.6391934
v 4.369999930000003 5.925943329999999 7.6391934
v 3.7400000100000015 5.726500069999999 7.6391934
v 3.740000010000001 5.92594333 7.6391934
v 4.369999930000003 5.925943329999999 7.6391934
v 6.028033062032558 0.11521993437554467 7.6391934
v 4.270773141729239 -0.069134323776332 7.6391934
v 3.794655467418764 1.1959128449510308 7.6391934
v 6.365471196150105 0.7849255880272725 7.6391934
v 4.80309532726157 2.288451733715501 7.6391934
v 5.832646098262244 2.0846660665067214 7.6391934
v 3.794655467418764 1.1959128449510308 7.6391934
v 6.365471196150105 0.7849255880272725 7.6391934
v 6.028033062032558 0.11521993437554467 7.6391934
v 6.365471196150105 0.7849255880272725 7.6391934
v 3.794655467418764 1.1959128449510308 7.6391934
v 4.80309532726157 2.288451733715501 7.6391934
v 5.832646098262244 2.0846660665067214 7.6391934
v 4.80309532726157 2.288451733715501 7.6391934
v 4.331316182740301 3.3869099568714116 7.6391934
v 4.331316182740301 3.3869099568714116 7.6391934
v 5.264556208768412 4.68258428932974 7.6391934
v 6.21132620810067 4.47215772761619 7.6391934
v 4.331316182740301 3.3869099568714116 7.6391934
v 6.759740314546061 3.0608630473265115 7.6391934
v 5.832646098262244 2.0846660665067214 7.6391934
v 6.759740314546061 3.0608630473265115 7.6391934
v 4.331316182740301 3.3869099568714116 7.6391934
v 6.21132620810067 4.47215772761619 7.6391934
v 2.9533918653768527 -1.025267067707837 7.6391934
v 3.082420713368136 -3.077645133800573 7.6391934
v 2.5234698925971326 -2.443478823285174 7.6391934
v 5.038049269895818 -2.303607763297788 7.6391934
v 2.9533918653768527 -1.025267067707837 7.6391934
v 3.9694293223164756 -0.662864737904731 7.6391934
v 2.9533918653768527 -1.025267067707837 7.6391934
v 5.038049269895818 -2.303607763297788 7.6391934
v 4.638515747587908 -2.928252387010999 7.6391934
v 2.9533918653768527 -1.025267067707837 7.6391934
v 4.638515747587908 -2.928252387010999 7.6391934
v 3.082420713368136 -3.077645133800573 7.6391934
v 5.086790462421275 -4.308825037830616 7.6391934
v 3.752254225257474 -5.296066627830587 7.6391934
v 2.799639450563404 -4.386404518720624 7.6391934
v 5.086790462421275 -4.308825037830616 7.6391934
v 3.082420713368136 -3.077645133800573 7.6391934
v 4.638515747587908 -2.928252387010999 7.6391934
v 3.082420713368136 -3.077645133800573 7.6391934
v 5.086790462421275 -4.308825037830616 7.6391934
v 2.799639450563404 -4.386404518720624 7.6391934
v 1.9439999500000003 -5.588499970000001 7.6391934
v 1.2818434613416048 -5.588499969999999 7.6391934
v 1.3531582554362136 -4.780406565798563 7.6391934
v 2.5740000599999995 -5.58849997 7.6391934
v 2.799639450563404 -4.386404518720624 7.6391934
v 3.752254225257474 -5.296066627830587 7.6391934
v 3.752254225257474 -5.296066627830587 7.6391934
v 3.751672682786651 -6.441499840000002 7.6391934
v 3.703999880000001 -5.988499970000003 7.6391934
v 2.5740000600000004 -5.988499970000001 7.6391934
v 3.703999880000001 -5.988499970000003 7.6391934
v 3.751672682786651 -6.441499840000002 7.6391934
v 1.9439999500000007 -5.988499970000003 7.6391934
v 1.2065656410110561 -6.441499840000002 7.6391934
v 1.24654318851481 -5.988499970000003 7.6391934
v 2.799639450563404 -4.386404518720624 7.6391934
v 1.9439999500000003 -5.588499970000001 7.6391934
v 1.3531582554362136 -4.780406565798563 7.6391934
v 3.752254225257474 -5.296066627830587 7.6391934
v 3.703999880000001 -5.988499970000003 7.6391934
v 3.70399988 -5.588499970000001 7.6391934
v 2.5740000600000004 -5.988499970000001 7.6391934
v 1.2065656410110561 -6.441499840000002 7.6391934
v 1.9439999500000007 -5.988499970000003 7.6391934
v 3.752254225257474 -5.296066627830587 7.6391934
v 3.70399988 -5.588499970000001 7.6391934
v 2.5740000599999995 -5.58849997 7.6391934
v 1.2065656410110561 -6.441499840000002 7.6391934
v 2.5740000600000004 -5.988499970000001 7.6391934
v 3.751672682786651 -6.441499840000002 7.6391934
v 2.799639450563404 -4.386404518720624 7.6391934
v 2.5740000599999995 -5.58849997 7.6391934
v 1.9439999500000003 -5.588499970000001 7.6391934
v 2.5740000599999995 -5.58849997 7.6391934
v 2.5740000600000004 -5.988499970000001 7.6391934
v 1.9439999500000007 -5.988499970000003 7.6391934
v 1.9439999500000007 -5.988499970000003 7.6391934
v 1.9439999500000003 -5.588499970000001 7.6391934
v 2.5740000599999995 -5.58849997 7.6391934
v 1.4768676390771782 0.4641409609821361 7.6391934
v 2.9533918653768527 -1.025267067707837 7.6391934
v 1.3811390959880294 0.08638541995821836 7.6391934
v 3.794655467418764 1.1959128449510308 7.6391934
v 2.9533918653768527 -1.025267067707837 7.6391934
v 2.809103832822741 1.4615475501299073 7.6391934
v 2.9533918653768527 -1.025267067707837 7.6391934
v 3.794655467418764 1.1959128449510308 7.6391934
v 4.270773141729239 -0.069134323776332 7.6391934
v 2.9533918653768527 -1.025267067707837 7.6391934
v 4.270773141729239 -0.069134323776332 7.6391934
v 3.9694293223164756 -0.662864737904731 7.6391934
v 2.809103832822741 1.4615475501299073 7.6391934
v 2.9533918653768527 -1.025267067707837 7.6391934
v 1.4768676390771782 0.4641409609821361 7.6391934
v 4.80309532726157 2.288451733715501 7.6391934
v 3.794655467418764 1.1959128449510308 7.6391934
v 2.809103832822741 1.4615475501299073 7.6391934
v 4.331316182740301 3.3869099568714116 7.6391934
v 2.3655429491119873 2.976484391338494 7.6391934
v 2.981205113250633 3.628627077264528 7.6391934
v 2.809103832822741 1.4615475501299073 7.6391934
v 4.331316182740301 3.3869099568714116 7.6391934
v 4.80309532726157 2.288451733715501 7.6391934
v 2.3655429491119873 2.976484391338494 7.6391934
v 4.331316182740301 3.3869099568714116 7.6391934
v 2.809103832822741 1.4615475501299073 7.6391934
v 5.499999950000004 5.52649988 7.6391934
v 5.264556208768412 4.68258428932974 7.6391934
v 4.924095047903118 5.272676346005142 7.6391934
v 4.924095047903118 5.272676346005142 7.6391934
v 4.993964992395037 5.526499879999999 7.6391934
v 5.499999950000004 5.52649988 7.6391934
v 5.499999950000002 5.925943329999999 7.6391934
v 5.103919696909259 5.925943329999999 7.6391934
v 5.388426601073291 6.95950001 7.6391934
v 6.129999860000002 5.92594333 7.6391934
v 7.010185049441151 6.95950001 7.6391934
v 7.1922362498061085 5.92594333 7.6391934
v 5.499999950000005 5.726500069999999 7.6391934
v 6.129999860000002 5.52649988 7.6391934
v 5.499999950000004 5.52649988 7.6391934
v 7.260000270000001 5.52649988 7.6391934
v 7.260000270000001 5.541227625875843 7.6391934
v 7.2931408629113745 5.353079011013399 7.6391934
v 6.129999860000002 5.52649988 7.6391934
v 5.264556208768412 4.68258428932974 7.6391934
v 5.499999950000004 5.52649988 7.6391934
v 7.010185049441151 6.95950001 7.6391934
v 6.129999860000002 5.92594333 7.6391934
v 5.388426601073291 6.95950001 7.6391934
v 6.129999860000002 5.52649988 7.6391934
v 7.260000270000001 5.52649988 7.6391934
v 7.2931408629113745 5.353079011013399 7.6391934
v 5.264556208768412 4.68258428932974 7.6391934
v 6.129999860000002 5.52649988 7.6391934
v 6.21132620810067 4.47215772761619 7.6391934
v 5.499999950000002 5.925943329999999 7.6391934
v 5.388426601073291 6.95950001 7.6391934
v 6.129999860000002 5.92594333 7.6391934
v 6.21132620810067 4.47215772761619 7.6391934
v 6.129999860000002 5.52649988 7.6391934
v 7.2931408629113745 5.353079011013399 7.6391934
v 5.499999950000005 5.726500069999999 7.6391934
v 5.499999950000002 5.925943329999999 7.6391934
v 6.129999860000002 5.92594333 7.6391934
v 6.129999860000002 5.52649988 7.6391934
v 5.499999950000005 5.726500069999999 7.6391934
v 6.1299998600000025 5.726500069999999 7.6391934
v 6.1299998600000025 5.726500069999999 7.6391934
v 5.499999950000005 5.726500069999999 7.6391934
v 6.129999860000002 5.92594333 7.6391934
v 2.799639450563404 -4.386404518720624 7.6391934
v 1.3531582554362136 -4.780406565798563 7.6391934
v 0.7954480112699982 -4.195170174239088 7.6391934
v 2.799639450563404 -4.386404518720624 7.6391934
v 1.1579417812157606 -2.5537069795198617 7.6391934
v 2.5234698925971326 -2.443478823285174 7.6391934
v 2.5234698925971326 -2.443478823285174 7.6391934
v 3.082420713368136 -3.077645133800573 7.6391934
v 2.799639450563404 -4.386404518720624 7.6391934
v 1.1579417812157606 -2.5537069795198617 7.6391934
v 2.799639450563404 -4.386404518720624 7.6391934
v 0.7954480112699982 -4.195170174239088 7.6391934
v 0.8140000200000008 -5.58849997 7.6391934
v 0.7954480112699982 -4.195170174239088 7.6391934
v 1.3531582554362136 -4.780406565798563 7.6391934
v 0.7954480112699982 -4.195170174239088 7.6391934
v 0.8140000200000008 -5.58849997 7.6391934
v 0.1940000000000004 -5.588499969999999 7.6391934
v 1.3531582554362136 -4.780406565798563 7.6391934
v 1.2818434613416048 -5.588499969999999 7.6391934
v 0.8140000200000008 -5.58849997 7.6391934
v 0.8140000200000017 -5.988499970000003 7.6391934
v 1.24654318851481 -5.988499970000003 7.6391934
v 1.2065656410110561 -6.441499840000002 7.6391934
v -0.38600000999999917 -5.588499969999999 7.6391934
v -0.9460000099999997 -5.788500160000002 7.6391934
v -0.9460000099999974 -4.283356057345365 7.6391934
v -0.9460000099999974 -4.283356057345365 7.6391934
v 0.7954480112699982 -4.195170174239088 7.6391934
v 0.1940000000000004 -5.588499969999999 7.6391934
v 0.1940000000000004 -5.588499969999999 7.6391934
v 0.8140000200000008 -5.58849997 7.6391934
v 0.19400000000000173 -5.9873294999999995 7.6391934
v 0.19400000000000173 -5.9873294999999995 7.6391934
v -0.9460000099999997 -6.441499840000001 7.6391934
v -0.3860000099999983 -5.987329500000001 7.6391934
v -0.9460000099999974 -4.283356057345365 7.6391934
v 0.1940000000000004 -5.588499969999999 7.6391934
v -0.38600000999999917 -5.588499969999999 7.6391934
v 0.19400000000000173 -5.9873294999999995 7.6391934
v 0.8140000200000008 -5.58849997 7.6391934
v 0.8140000200000017 -5.988499970000003 7.6391934
v -0.3860000099999983 -5.987329500000001 7.6391934
v -0.9460000099999997 -5.788500160000002 7.6391934
v -0.38600000999999917 -5.588499969999999 7.6391934
v 1.2065656410110561 -6.441499840000002 7.6391934
v 0.19400000000000173 -5.9873294999999995 7.6391934
v 0.8140000200000017 -5.988499970000003 7.6391934
v -0.9460000099999997 -5.788500160000002 7.6391934
v -0.3860000099999983 -5.987329500000001 7.6391934
v -0.9460000099999997 -6.441499840000001 7.6391934
v -0.9460000099999997 -6.441499840000001 7.6391934
v 0.19400000000000173 -5.9873294999999995 7.6391934
v 1.2065656410110561 -6.441499840000002 7.6391934
v 2.809103832822741 1.4615475501299073 7.6391934
v 0.4144695308423081 2.1621771666104292 7.6391934
v 1.1445823786616685 3.0555034375081753 7.6391934
v 1.1445823786616685 3.0555034375081753 7.6391934
v 2.3655429491119873 2.976484391338494 7.6391934
v 2.809103832822741 1.4615475501299073 7.6391934
v 0.4144695308423081 2.1621771666104292 7.6391934
v 2.809103832822741 1.4615475501299073 7.6391934
v 1.4768676390771782 0.4641409609821361 7.6391934
v 3.3409659228211814 5.52649988 7.6391934
v 2.981205113250633 3.628627077264528 7.6391934
v 2.7115069690043296 5.018976997061351 7.6391934
v 2.7115069690043296 5.018976997061351 7.6391934
v 3.1587196420446175 5.52649988 7.6391934
v 3.3409659228211814 5.52649988 7.6391934
v 4.331316182740301 3.3869099568714116 7.6391934
v 4.924095047903118 5.272676346005142 7.6391934
v 5.264556208768412 4.68258428932974 7.6391934
v 2.981205113250633 3.628627077264528 7.6391934
v 3.3409659228211814 5.52649988 7.6391934
v 4.331316182740301 3.3869099568714116 7.6391934
v 4.924095047903118 5.272676346005142 7.6391934
v 4.331316182740301 3.3869099568714116 7.6391934
v 3.3409659228211814 5.52649988 7.6391934
v 0.6906426326508486 -2.0823795192535677 7.6391934
v 1.1579417812157606 -2.5537069795198617 7.6391934
v 0.7954480112699982 -4.195170174239088 7.6391934
v 0.7954480112699982 -4.195170174239088 7.6391934
v -0.9460000099999974 -4.283356057345365 7.6391934
v -0.9460000099999974 -2.0961731715396024 7.6391934
v -0.9460000099999974 -2.0961731715396024 7.6391934
v 0.6906426326508486 -2.0823795192535677 7.6391934
v 0.7954480112699982 -4.195170174239088 7.6391934
v 2.5234698925971326 -2.443478823285174 7.6391934
v 1.1579417812157606 -2.5537069795198617 7.6391934
v 0.6906426326508486 -2.0823795192535677 7.6391934
v 2.9533918653768527 -1.025267067707837 7.6391934
v 1.1332202612449314 -0.09015238599329134 7.6391934
v 1.3811390959880294 0.08638541995821836 7.6391934
v 0.6906426326508486 -2.0823795192535677 7.6391934
v 2.9533918653768527 -1.025267067707837 7.6391934
v 2.5234698925971326 -2.443478823285174 7.6391934
v 2.9533918653768527 -1.025267067707837 7.6391934
v 0.6906426326508486 -2.0823795192535677 7.6391934
v 1.1332202612449314 -0.09015238599329134 7.6391934
v 1.1332202612449314 -0.09015238599329134 7.6391934
v 1.4768676390771782 0.4641409609821361 7.6391934
v 1.3811390959880294 0.08638541995821836 7.6391934
v 0.4144695308423081 2.1621771666104292 7.6391934
v 1.1332202612449314 -0.09015238599329134 7.6391934
v -0.9460000099999968 0.005203587437080159 7.6391934
v -0.9460000099999968 0.005203587437080159 7.6391934
v -0.9460000099999972 2.0742665310497435 7.6391934
v 0.4144695308423081 2.1621771666104292 7.6391934
v 1.1332202612449314 -0.09015238599329134 7.6391934
v 0.4144695308423081 2.1621771666104292 7.6391934
v 1.4768676390771782 0.4641409609821361 7.6391934
v 1.159583136451342 5.227906445877588 7.6391934
v 1.1445823786616685 3.0555034375081753 7.6391934
v 0.5237763402914721 4.531105794346523 7.6391934
v 1.1445823786616685 3.0555034375081753 7.6391934
v 1.159583136451342 5.227906445877588 7.6391934
v 2.7115069690043296 5.018976997061351 7.6391934
v 1.1445823786616685 3.0555034375081753 7.6391934
v 2.981205113250633 3.628627077264528 7.6391934
v 2.3655429491119873 2.976484391338494 7.6391934
v 2.981205113250633 3.628627077264528 7.6391934
v 1.1445823786616685 3.0555034375081753 7.6391934
v 2.7115069690043296 5.018976997061351 7.6391934
v -0.9460000099999968 0.005203587437080159 7.6391934
v 0.6906426326508486 -2.0823795192535677 7.6391934
v -0.9460000099999974 -2.0961731715396024 7.6391934
v 0.6906426326508486 -2.0823795192535677 7.6391934
v -0.9460000099999968 0.005203587437080159 7.6391934
v 1.1332202612449314 -0.09015238599329134 7.6391934
v 2.6099999900000017 5.52649988 7.6391934
v 3.1587196420446175 5.52649988 7.6391934
v 2.7115069690043296 5.018976997061351 7.6391934
v 1.9800000700000013 5.52649988 7.6391934
v 1.159583136451342 5.227906445877588 7.6391934
v 1.1056262932043939 5.526499879999999 7.6391934
v 1.9800000700000016 5.925943329999999 7.6391934
v 1.0334455110615606 5.92594333 7.6391934
v 0.8466783239882731 6.959500009999999 7.6391934
v 2.609999990000002 5.92594333 7.6391934
v 3.066957246344306 6.95950001 7.6391934
v 3.150912764425665 5.925943329999999 7.6391934
v 1.9800000700000013 5.52649988 7.6391934
v 2.7115069690043296 5.018976997061351 7.6391934
v 1.159583136451342 5.227906445877588 7.6391934
v 1.9800000700000016 5.925943329999999 7.6391934
v 3.066957246344306 6.95950001 7.6391934
v 2.609999990000002 5.92594333 7.6391934
v 2.7115069690043296 5.018976997061351 7.6391934
v 1.9800000700000013 5.52649988 7.6391934
v 2.6099999900000017 5.52649988 7.6391934
v 3.066957246344306 6.95950001 7.6391934
v 1.9800000700000016 5.925943329999999 7.6391934
v 0.8466783239882731 6.959500009999999 7.6391934
v 1.9800000700000022 5.72650007 7.6391934
v 2.6099999900000017 5.52649988 7.6391934
v 1.9800000700000013 5.52649988 7.6391934
v 1.9800000700000022 5.72650007 7.6391934
v 1.9800000700000016 5.925943329999999 7.6391934
v 2.609999990000002 5.92594333 7.6391934
v 2.6099999900000017 5.52649988 7.6391934
v 1.9800000700000022 5.72650007 7.6391934
v 2.609999990000002 5.92594333 7.6391934
v 0.5237763402914721 4.531105794346523 7.6391934
v 1.1445823786616685 3.0555034375081753 7.6391934
v 0.4144695308423081 2.1621771666104292 7.6391934
v 0.4144695308423081 2.1621771666104292 7.6391934
v -0.9460000099999972 2.0742665310497435 7.6391934
v -0.9460000099999974 4.566124138276102 7.6391934
v -0.9460000099999974 4.566124138276102 7.6391934
v 0.5237763402914721 4.531105794346523 7.6391934
v 0.4144695308423081 2.1621771666104292 7.6391934
v 0.8499999600000026 5.526499879999999 7.6391934
v 1.1056262932043939 5.526499879999999 7.6391934
v 1.159583136451342 5.227906445877588 7.6391934
v -0.9460000099999977 5.726500069999998 7.6391934
v 0.5237763402914721 4.531105794346523 7.6391934
v -0.9460000099999974 4.566124138276102 7.6391934
v 0.8499999600000011 5.92594333 7.6391934
v -0.9460000099999977 5.726500069999998 7.6391934
v -0.9460000099999969 6.959500009999999 7.6391934
v 0.8499999600000011 5.92594333 7.6391934
v 0.8466783239882731 6.959500009999999 7.6391934
v 1.0334455110615606 5.92594333 7.6391934
v 0.5237763402914721 4.531105794346523 7.6391934
v 0.8499999600000026 5.526499879999999 7.6391934
v 1.159583136451342 5.227906445877588 7.6391934
v 0.8466783239882731 6.959500009999999 7.6391934
v 0.8499999600000011 5.92594333 7.6391934
v -0.9460000099999969 6.959500009999999 7.6391934
v 0.5237763402914721 4.531105794346523 7.6391934
v -0.9460000099999977 5.726500069999998 7.6391934
v 0.8499999600000026 5.526499879999999 7.6391934
v 0.8499999600000026 5.526499879999999 7.6391934
v -0.9460000099999977 5.726500069999998 7.6391934
v 0.8499999600000011 5.92594333 7.6391934
v 14.4099995 0.8915000399999999 7.6391934
v 14.4099995 2.02150006 7.62499969
v 14.4099995 0.8915000399999998 7.62499969
v 14.4099995 2.02150006 7.62499969
v 14.4099995 0.8915000399999999 7.6391934
v 14.4099995 2.02150006 7.6391934
v 14.60999969 4.2814999 7.36200024
v 14.62037426 4.2814999 7.6391934
v 14.62037426 4.2814999 7.36200024
v 14.62037426 4.2814999 7.6391934
v 14.60999969 4.2814999 7.36200024
v 14.4099995 4.2814999 7.62499969
v 14.62037426 4.2814999 7.6391934
v 14.4099995 4.2814999 7.62499969
v 14.4099995 4.2814999 7.6391934
v 14.60999969 2.02150006 7.36200024
v 14.62037426 2.02150006 7.6391934
v 14.62037426 2.02150006 7.36200024
v 14.62037426 2.02150006 7.6391934
v 14.60999969 2.02150006 7.36200024
v 14.4099995 2.02150006 7.62499969
v 14.62037426 2.02150006 7.6391934
v 14.4099995 2.02150006 7.62499969
v 14.4099995 2.02150006 7.6391934
v 14.62037426 3.15150008 7.6391934
v 14.4099995 3.15150008 7.62499969
v 14.60999969 3.15150008 7.36200024
v 14.60999969 3.15150008 7.36200024
v 14.62037426 3.15150008 7.36200024
v 14.62037426 3.15150008 7.6391934
v 14.4099995 3.15150008 7.62499969
v 14.62037426 3.15150008 7.6391934
v 14.4099995 3.15150008 7.6391934
v 14.60999969 0.89150004 7.6391934
v 14.4099995 0.89150004 7.62499969
v 14.60999969 0.89150004 7.36200024
v 14.4099995 0.89150004 7.62499969
v 14.60999969 0.89150004 7.6391934
v 14.4099995 0.89150004 7.6391934
v 14.62037426 -2.04849996 7.6391934
v 14.4099995 -2.04849996 7.62499969
v 14.60999969 -2.04849996 7.36200024
v 14.60999969 -2.04849996 7.36200024
v 14.62037426 -2.04849996 7.36200024
v 14.62037426 -2.04849996 7.6391934
v 14.4099995 -2.04849996 7.62499969
v 14.62037426 -2.04849996 7.6391934
v 14.4099995 -2.04849996 7.6391934
v 14.60999969 -0.91850004 7.36200024
v 14.62037426 -0.91850004 7.6391934
v 14.62037426 -0.91850004 7.36200024
v 14.62037426 -0.91850004 7.6391934
v 14.60999969 -0.91850004 7.36200024
v 14.4099995 -0.91850004 7.62499969
v 14.62037426 -0.91850004 7.6391934
v 14.4099995 -0.91850004 7.62499969
v 14.4099995 -0.91850004 7.6391934
v 14.4099995 -2.04849996 7.6391934
v 14.4099995 -0.91850004 7.62499969
v 14.4099995 -2.04849996 7.62499969
v 14.4099995 -0.91850004 7.62499969
v 14.4099995 -2.04849996 7.6391934
v 14.4099995 -0.91850004 7.6391934
v 14.62037426 -4.30850019 7.6391934
v 14.4099995 -4.30850019 7.62499969
v 14.60999969 -4.30850019 7.36200024
v 14.60999969 -4.30850019 7.36200024
v 14.62037426 -4.30850019 7.36200024
v 14.62037426 -4.30850019 7.6391934
v 14.4099995 -4.30850019 7.62499969
v 14.62037426 -4.30850019 7.6391934
v 14.4099995 -4.30850019 7.6391934
v 14.60999969 -3.17849998 7.36200024
v 14.62037426 -3.17849998 7.6391934
v 14.62037426 -3.17849998 7.36200024
v 14.62037426 -3.17849998 7.6391934
v 14.60999969 -3.17849998 7.36200024
v 14.4099995 -3.17849998 7.62499969
v 14.62037426 -3.17849998 7.6391934
v 14.4099995 -3.17849998 7.62499969
v 14.4099995 -3.17849998 7.6391934
v 14.4099995 -3.17849998 7.6391934
v 14.4099995 -3.17849998 7.62499969
v 14.4099995 -4.308500189999999 7.62499969
v 14.4099995 -4.308500189999999 7.62499969
v 14.4099995 -4.30850019 7.6391934
v 14.4099995 -3.17849998 7.6391934
v 14.60999969 4.2814999 7.36200024
v 14.62037426 3.15150008 7.36200024
v 14.60999969 3.15150008 7.36200024
v 14.62037426 3.15150008 7.36200024
v 14.60999969 4.2814999 7.36200024
v 14.62037426 4.2814999 7.36200024
v 14.62037426 3.15150008 7.6391934
v 14.60999969 4.2814999 7.6391934
v 14.60999969 3.15150008 7.6391934
v 14.60999969 4.2814999 7.6391934
v 14.62037426 3.15150008 7.6391934
v 14.62037426 4.2814999 7.6391934
v 14.62037426 -2.04849996 7.36200024
v 14.62037426 -1.9357004371598574 7.36200024
v 14.62037426 -1.9381894460274856 6.7975595
v 14.62037426 -4.30850019 7.36200024
v 14.62037426 -6.44149984 6.7975595
v 14.62037426 -6.44149984 7.72919334
v 14.62037426 -4.30850019 7.6391934
v 14.62037426 -4.30850019 7.36200024
v 14.62037426 -6.44149984 7.72919334
v 14.62037426 -2.04849996 7.6391934
v 14.62037426 -1.9340812293010625 7.72919334
v 14.62037426 -1.9344781011653192 7.6391934
v 14.62037426 -6.44149984 6.7975595
v 14.62037426 -4.30850019 7.36200024
v 14.62037426 -1.9381894460274856 6.7975595
v 14.62037426 -1.9340812293010625 7.72919334
v 14.62037426 -4.30850019 7.6391934
v 14.62037426 -6.44149984 7.72919334
v 14.62037426 -3.17849998 7.6391934
v 14.62037426 -1.9340812293010625 7.72919334
v 14.62037426 -2.04849996 7.6391934
v 14.62037426 -1.9381894460274856 6.7975595
v 14.62037426 -4.30850019 7.36200024
v 14.62037426 -3.17849998 7.36200024
v 14.62037426 -4.30850019 7.6391934
v 14.62037426 -1.9340812293010625 7.72919334
v 14.62037426 -3.17849998 7.6391934
v 14.62037426 -2.04849996 7.36200024
v 14.62037426 -1.9381894460274856 6.7975595
v 14.62037426 -3.17849998 7.36200024
v 14.62037426 -3.17849998 7.36200024
v 14.62037426 -3.17849998 7.6391934
v 14.62037426 -2.04849996 7.6391934
v 14.62037426 -2.04849996 7.6391934
v 14.62037426 -2.04849996 7.36200024
v 14.62037426 -3.17849998 7.36200024
v 14.62037426 -0.9185000399999996 7.6391934
v 14.62037426 0.8915000400000004 7.36200024
v 14.62037426 -0.9185000399999996 7.36200024
v 14.62037426 0.8915000400000004 7.36200024
v 14.62037426 -0.9185000399999996 7.6391934
v 14.62037426 0.8915000400000004 7.6391934
v 14.62037426 -0.9185000399999996 7.6391934
v 14.62037426 -1.9344781011653192 7.6391934
v 14.62037426 -1.9340812293010625 7.72919334
v 14.62037426 -0.9185000399999996 7.36200024
v 14.62037426 -1.9381894460274856 6.7975595
v 14.62037426 -1.9357004371598574 7.36200024
v 14.62037426 0.8915000400000004 7.6391934
v 14.62037426 -0.9185000399999996 7.6391934
v 14.62037426 -1.9340812293010625 7.72919334
v 14.62037426 0.8915000400000004 7.36200024
v 14.62037426 -1.9381894460274856 6.7975595
v 14.62037426 -0.9185000399999996 7.36200024
v 14.62037426 2.643325387675941 7.72919334
v 14.62037426 0.8915000400000004 7.6391934
v 14.62037426 -1.9340812293010625 7.72919334
v 14.62037426 -1.9381894460274856 6.7975595
v 14.62037426 0.8915000400000004 7.36200024
v 14.62037426 2.6472583255027944 6.7975595
v 14.62037426 0.8915000400000004 7.6391934
v 14.62037426 2.643325387675941 7.72919334
v 14.62037426 2.02150006 7.6391934
v 14.62037426 2.6472583255027944 6.7975595
v 14.62037426 0.8915000400000004 7.36200024
v 14.62037426 2.02150006 7.36200024
v 14.62037426 2.02150006 7.36200024
v 14.62037426 2.02150006 7.6391934
v 14.62037426 2.643325387675941 7.72919334
v 14.62037426 2.643325387675941 7.72919334
v 14.62037426 2.6472583255027944 6.7975595
v 14.62037426 2.02150006 7.36200024
v 14.62037426 4.281499899999999 7.36200024
v 14.62037426 6.95950001 6.7975595
v 14.62037426 2.6472583255027944 6.7975595
v 14.62037426 2.6472583255027944 6.7975595
v 14.62037426 3.151500080000001 7.36200024
v 14.62037426 4.281499899999999 7.36200024
v 14.62037426 2.643325387675941 7.72919334
v 14.62037426 3.151500080000001 7.36200024
v 14.62037426 2.6472583255027944 6.7975595
v 14.62037426 6.95950001 6.7975595
v 14.62037426 4.281499899999999 7.36200024
v 14.62037426 6.95950001 7.72919334
v 14.62037426 3.151500080000001 7.36200024
v 14.62037426 2.643325387675941 7.72919334
v 14.62037426 3.151500080000001 7.6391934
v 14.62037426 6.95950001 7.72919334
v 14.62037426 4.281499899999999 7.36200024
v 14.62037426 4.281499899999999 7.6391934
v 14.62037426 4.281499899999999 7.6391934
v 14.62037426 3.151500080000001 7.6391934
v 14.62037426 2.643325387675941 7.72919334
v 14.62037426 2.643325387675941 7.72919334
v 14.62037426 6.95950001 7.72919334
v 14.62037426 4.281499899999999 7.6391934
v 14.62037426 0.89150004 7.6391934
v 14.60999969 0.89150004 7.6391934
v 14.60999969 0.89150004 7.36200024
v 14.60999969 0.89150004 7.36200024
v 14.62037426 0.89150004 7.36200024
v 14.62037426 0.89150004 7.6391934
v 14.60999969 2.02150006 7.36200024
v 14.62037426 0.89150004 7.36200024
v 14.60999969 0.89150004 7.36200024
v 14.62037426 0.89150004 7.36200024
v 14.60999969 2.02150006 7.36200024
v 14.62037426 2.0215000600000006 7.36200024
v 14.62037426 0.8915000399999999 7.6391934
v 14.60999969 2.02150006 7.6391934
v 14.60999969 0.8915000399999997 7.6391934
v 14.60999969 2.02150006 7.6391934
v 14.62037426 0.8915000399999999 7.6391934
v 14.62037426 2.02150006 7.6391934
v 14.60999969 -0.9185000400000003 7.36200024
v 14.62037426 -2.04849996 7.36200024
v 14.60999969 -2.04849996 7.36200024
v 14.62037426 -2.04849996 7.36200024
v 14.60999969 -0.9185000400000003 7.36200024
v 14.62037426 -0.9185000400000001 7.36200024
v 14.62037426 -2.0484999599999996 7.6391934
v 14.60999969 -0.91850004 7.6391934
v 14.60999969 -2.0484999599999996 7.6391934
v 14.60999969 -0.91850004 7.6391934
v 14.62037426 -2.0484999599999996 7.6391934
v 14.62037426 -0.91850004 7.6391934
v 14.60999969 -3.17849998 7.36200024
v 14.62037426 -4.30850019 7.36200024
v 14.60999969 -4.30850019 7.36200024
v 14.62037426 -4.30850019 7.36200024
v 14.60999969 -3.17849998 7.36200024
v 14.62037426 -3.17849998 7.36200024
v 14.62037426 -3.17849998 7.6391934
v 14.60999969 -2.04849996 7.6391934
v 14.60999969 -3.1784999800000002 7.6391934
v 14.60999969 -2.04849996 7.6391934
v 14.62037426 -3.17849998 7.6391934
v 14.62037426 -2.04849996 7.6391934
v 14.62037426 -4.30850019 7.6391934
v 14.60999969 -3.17849998 7.6391934
v 14.60999969 -4.30850019 7.6391934
v 14.60999969 -3.17849998 7.6391934
v 14.62037426 -4.30850019 7.6391934
v 14.62037426 -3.17849998 7.6391934
v 4.16599998 -5.78850016 4.98499998
v 2.55299998 -5.78850016 3.98500017
v 4.16599998 -5.78850016 3.98500017
v 2.55299998 -5.78850016 3.98500017
v 4.16599998 -5.78850016 4.98499998
v 2.5529999799999996 -5.78850016 4.98499998
v 0.77700001 -5.78850016 5.3790781634067
v 0.77700001 -5.78850016 6.74499992
v 0.627 -5.78850016 6.74499992
v 0.627 -5.78850016 6.74499992
v 0.627 -5.78850016 5.377612704947714
v 0.77700001 -5.78850016 5.3790781634067
v 0.77700001 -5.78850016 4.98499998
v 0.627 -5.78850016 3.98500017
v 0.77700001 -5.78850016 3.9850001699999997
v 0.627 -5.78850016 5.377612704947714
v 0.77700001 -5.78850016 4.98499998
v 0.77700001 -5.78850016 5.3790781634067
v 0.627 -5.78850016 3.98500017
v 0.77700001 -5.78850016 4.98499998
v 0.627 -5.78850016 5.377612704947714
v 2.40300003 -5.78850016 3.98500017
v 0.77700001 -5.78850016 4.98499998
v 0.7770000099999997 -5.78850016 3.98500017
v 0.77700001 -5.78850016 4.98499998
v 2.40300003 -5.78850016 3.98500017
v 2.40300003 -5.78850016 4.98499998
v 15.78800066 4.35350016 2.5140000400000004
v 15.78800066 4.353500160000001 2.24135760510705
v 15.78800066 5.59049985 2.6220138983446746
v 15.78800066 5.59049985 2.6220138983446746
v 15.78800066 5.59049985 3.56899998
v 15.78800066 4.8625001 3.56899998
v 15.78800066 4.8625001 3.56899998
v 15.78800066 4.8625001 4.64000011
v 15.78800066 3.312310720536377 4.64000011
v 15.78800066 4.8625001 3.56899998
v 15.78800066 3.2589703049775673 2.51400004
v 15.78800066 4.35350016 2.5140000400000004
v 15.78800066 4.35350016 2.5140000400000004
v 15.78800066 5.59049985 2.6220138983446746
v 15.78800066 4.8625001 3.56899998
v 15.78800066 3.2589703049775673 2.51400004
v 15.78800066 4.8625001 3.56899998
v 15.78800066 3.312310720536377 4.64000011
v 15.78800066 4.353500160000001 2.24135760510705
v 15.78800066 4.35350016 0.0
v 15.78800066 5.59049985 -8.881784197001252e-16
v 15.78800066 5.59049985 -8.881784197001252e-16
v 15.78800066 5.59049985 2.6220138983446746
v 15.78800066 4.353500160000001 2.24135760510705
v 15.78800066 3.0195000000000007 2.2316024009640754
v 15.78800066 1.033942820541373 2.25239280953266
v 15.78800066 1.0318117829321627 8.881784197001252e-16
v 15.78800066 1.0318117829321627 8.881784197001252e-16
v 15.78800066 3.0195000000000007 8.881784197001252e-16
v 15.78800066 3.0195000000000007 2.2316024009640754
v 15.78800066 1.033942820541373 2.25239280953266
v 15.78800066 3.0195000000000007 2.2316024009640754
v 15.78800066 1.2569071475964315 2.424419882210344
v 15.78800066 -3.284489599137546 4.64000011
v 15.78800066 -0.9832639017848952 3.173202679315935
v 15.78800066 -0.6862738433450785 4.64000011
v 15.78800066 -0.9832639017848952 3.173202679315935
v 15.78800066 -3.284489599137546 4.64000011
v 15.78800066 -2.9776127590473247 3.1142164279234703
v 15.78800066 1.2569071475964315 2.424419882210344
v 15.78800066 3.0195000000000007 2.2316024009640754
v 15.78800066 3.0195000000000003 2.514000040000001
v 15.78800066 3.0195000000000003 2.514000040000001
v 15.78800066 3.2589703049775673 2.51400004
v 15.78800066 3.312310720536377 4.64000011
v 15.78800066 3.0195000000000003 2.514000040000001
v 15.78800066 1.237039066379811 4.64000011
v 15.78800066 1.2569071475964315 2.424419882210344
v 15.78800066 1.237039066379811 4.64000011
v 15.78800066 3.0195000000000003 2.514000040000001
v 15.78800066 3.312310720536377 4.64000011
v 15.78800066 -0.9832639017848952 3.173202679315935
v 15.78800066 1.237039066379811 4.64000011
v 15.78800066 -0.6862738433450785 4.64000011
v 15.78800066 1.033942820541373 2.25239280953266
v 15.78800066 -0.9832639017848952 3.173202679315935
v 15.78800066 -0.5687437520956126 2.371919522131014
v 15.78800066 -0.9832639017848952 3.173202679315935
v 15.78800066 1.033942820541373 2.25239280953266
v 15.78800066 1.2569071475964315 2.424419882210344
v 15.78800066 -0.9832639017848952 3.173202679315935
v 15.78800066 1.2569071475964315 2.424419882210344
v 15.78800066 1.237039066379811 4.64000011
v 15.78800066 -1.0837339839264524 1.5251895739882855
v 15.78800066 -3.0635000199999975 1.6223091960278375
v 15.78800066 -3.063500019999999 0.0
v 15.78800066 -3.063500019999999 0.0
v 15.78800066 -0.7972354902890877 0.0
v 15.78800066 -1.0837339839264524 1.5251895739882855
v 15.78800066 -3.063500019999999 2.51400004
v 15.78800066 -2.9776127590473247 3.1142164279234703
v 15.78800066 -3.269280226675057 2.51400004
v 15.78800066 -3.063500019999999 2.51400004
v 15.78800066 -3.0635000199999975 1.6223091960278375
v 15.78800066 -1.0837339839264524 1.5251895739882855
v 15.78800066 -1.0837339839264524 1.5251895739882855
v 15.78800066 -0.5687437520956126 2.371919522131014
v 15.78800066 -0.9832639017848952 3.173202679315935
v 15.78800066 -2.9776127590473247 3.1142164279234703
v 15.78800066 -3.063500019999999 2.51400004
v 15.78800066 -0.9832639017848952 3.173202679315935
v 15.78800066 -3.063500019999999 2.51400004
v 15.78800066 -1.0837339839264524 1.5251895739882855
v 15.78800066 -0.9832639017848952 3.173202679315935
v 15.78800066 1.033942820541373 2.25239280953266
v 15.78800066 -0.5687437520956126 2.371919522131014
v 15.78800066 -1.0837339839264524 1.5251895739882855
v 15.78800066 -1.0837339839264524 1.5251895739882855
v 15.78800066 -0.7972354902890877 0.0
v 15.78800066 1.0318117829321627 8.881784197001252e-16
v 15.78800066 1.0318117829321627 8.881784197001252e-16
v 15.78800066 1.033942820541373 2.25239280953266
v 15.78800066 -1.0837339839264524 1.5251895739882855
v 15.78800066 -4.401499939999996 2.2828534661131554
v 15.78800066 -5.638500019999998 4.440892098500626e-16
v 15.78800066 -4.401499939999997 4.440892098500626e-16
v 15.78800066 -5.638500019999998 4.440892098500626e-16
v 15.78800066 -4.401499939999996 2.2828534661131554
v 15.78800066 -5.638500019999997 2.7433956904759027
v 15.78800066 -4.401499939999997 2.5140000400000004
v 15.78800066 -3.269280226675057 2.51400004
v 15.78800066 -2.9776127590473247 3.1142164279234703
v 15.78800066 -4.908499999999998 3.56899998
v 15.78800066 -3.284489599137546 4.64000011
v 15.78800066 -4.908499999999997 4.64000011
v 15.78800066 -4.908499999999998 3.56899998
v 15.78800066 -5.638500019999998 3.56899998
v 15.78800066 -5.638500019999997 2.7433956904759027
v 15.78800066 -5.638500019999997 2.7433956904759027
v 15.78800066 -4.401499939999996 2.2828534661131554
v 15.78800066 -4.401499939999997 2.5140000400000004
v 15.78800066 -4.908499999999998 3.56899998
v 15.78800066 -2.9776127590473247 3.1142164279234703
v 15.78800066 -3.284489599137546 4.64000011
v 15.78800066 -4.908499999999998 3.56899998
v 15.78800066 -5.638500019999997 2.7433956904759027
v 15.78800066 -4.401499939999997 2.5140000400000004
v 15.78800066 -2.9776127590473247 3.1142164279234703
v 15.78800066 -4.908499999999998 3.56899998
v 15.78800066 -4.401499939999997 2.5140000400000004
v -1.19000004 -4.55650017 0.6
v -1.19000004 -4.23649994 0.56000002
v -1.19000004 -4.55650017 0.56000002
v -1.19000004 -4.23649994 0.56000002
v -1.19000004 -4.55650017 0.6
v -1.19000004 -4.23649994 0.6
v -1.19000004 -4.5164999 0.4
v -1.19000004 -4.5164999 0.36
v -1.19000004 -4.83650013 0.36
v -1.19000004 -4.83650013 0.36
v -1.19000004 -4.83650013 0.4
v -1.19000004 -4.5164999 0.4
v -1.19000004 -5.1165001 0.2
v -1.19000004 -4.79649986 0.16
v -1.19000004 -5.1165001 0.16
v -1.19000004 -4.79649986 0.16
v -1.19000004 -5.1165001 0.2
v -1.19000004 -4.79649986 0.2
v 13.280695510912757 0.46184964712539767 0.0
v 11.323013905502554 -0.17127328553909127 0.0
v 10.879672038360672 0.37853990441488516 0.0
v 13.06438368750328 1.7133035432963326 0.0
v 11.194546264430905 1.883551191708173 0.0
v 12.381344463774612 2.2112344348154442 0.0
v 10.879672038360672 0.37853990441488516 0.0
v 13.06438368750328 1.7133035432963326 0.0
v 13.280695510912757 0.46184964712539767 0.0
v 11.323013905502554 -0.17127328553909127 0.0
v 13.280695510912757 0.46184964712539767 0.0
v 12.7342392811267 -0.25260524978282595 0.0
v 13.06438368750328 1.7133035432963326 0.0
v 10.879672038360672 0.37853990441488516 0.0
v 11.194546264430905 1.883551191708173 0.0
v 14.26400066 -1.5067162780878842 0.0
v 13.198698469187084 -1.5172115697935444 0.0
v 12.7342392811267 -0.25260524978282595 0.0
v 12.7342392811267 -0.25260524978282595 0.0
v 13.280695510912757 0.46184964712539767 0.0
v 14.26400066 0.34192978083104597 0.0
v 14.26400066 -1.5067162780878842 0.0
v 15.14299972 0.2347306577044077 0.0
v 15.14299972 -1.4980564333759703 0.0
v 14.26400066 0.34192978083104597 0.0
v 14.26400066 -1.5067162780878842 0.0
v 12.7342392811267 -0.25260524978282595 0.0
v 15.14299972 0.2347306577044077 0.0
v 14.26400066 -1.5067162780878842 0.0
v 14.26400066 0.34192978083104597 0.0
v 14.26400066 0.34192978083104597 0.0
v 13.280695510912757 0.46184964712539767 0.0
v 13.06438368750328 1.7133035432963326 0.0
v 14.26400066 2.2584035130586604 0.0
v 15.14299972 2.6578163023174626 0.0
v 15.14299972 0.2347306577044077 0.0
v 14.26400066 2.2584035130586604 0.0
v 14.26400066 0.34192978083104597 0.0
v 13.06438368750328 1.7133035432963326 0.0
v 14.26400066 0.34192978083104597 0.0
v 14.26400066 2.2584035130586604 0.0
v 15.14299972 0.2347306577044077 0.0
v 12.82733830215432 -2.217850135501357 0.0
v 13.198698469187084 -1.5172115697935444 0.0
v 14.26400066 -1.5067162780878842 0.0
v 14.26400066 -1.5067162780878842 0.0
v 15.14299972 -1.4980564333759703 0.0
v 15.14299972 -3.145000090000001 0.0
v 14.26400066 -3.1450000900000012 0.0
v 14.26400066 -3.6700000200000003 0.0
v 13.520388749392826 -3.6700000200000003 0.0
v 14.26400066 -3.1450000900000012 0.0
v 12.82733830215432 -2.217850135501357 0.0
v 14.26400066 -1.5067162780878842 0.0
v 14.26400066 -1.5067162780878842 0.0
v 15.14299972 -3.145000090000001 0.0
v 14.26400066 -3.1450000900000012 0.0
v 12.82733830215432 -2.217850135501357 0.0
v 14.26400066 -3.1450000900000012 0.0
v 13.520388749392826 -3.6700000200000003 0.0
v 11.323013905502554 -0.17127328553909127 0.0
v 11.186521649013502 -2.4509946917199072 0.0
v 10.699338366778091 -1.9522059176113604 0.0
v 13.198698469187084 -1.5172115697935444 0.0
v 11.323013905502554 -0.17127328553909127 0.0
v 12.7342392811267 -0.25260524978282595 0.0
v 11.323013905502554 -0.17127328553909127 0.0
v 13.198698469187084 -1.5172115697935444 0.0
v 12.82733830215432 -2.217850135501357 0.0
v 11.186521649013502 -2.4509946917199072 0.0
v 11.323013905502554 -0.17127328553909127 0.0
v 12.82733830215432 -2.217850135501357 0.0
v 12.381344463774612 2.2112344348154442 0.0
v 11.194546264430905 1.883551191708173 0.0
v 10.282971969493405 2.6192452491215636 0.0
v 12.381344463774612 2.2112344348154442 0.0
v 10.413353610101533 4.19500014 0.0
v 12.653436119211278 4.19500014 0.0
v 10.413353610101533 4.19500014 0.0
v 12.381344463774612 2.2112344348154442 0.0
v 10.282971969493405 2.6192452491215636 0.0
v 15.14299972 2.6578163023174626 0.0
v 14.26400066 3.14500009 0.0
v 15.14299972 3.14500009 0.0
v 14.26400066 3.14500009 0.0
v 15.14299972 2.6578163023174626 0.0
v 14.26400066 2.2584035130586604 0.0
v 13.38100029 3.67000002 0.0
v 12.381344463774612 2.2112344348154442 0.0
v 12.653436119211278 4.19500014 0.0
v 12.653436119211278 4.19500014 0.0
v 13.38100029 4.19500014 0.0
v 13.38100029 3.67000002 0.0
v 13.38100029 3.67000002 0.0
v 14.26400066 3.67000002 0.0
v 14.26400066 2.2584035130586604 0.0
v 13.38100029 3.67000002 0.0
v 13.06438368750328 1.7133035432963326 0.0
v 12.381344463774612 2.2112344348154442 0.0
v 13.06438368750328 1.7133035432963326 0.0
v 13.38100029 3.67000002 0.0
v 14.26400066 2.2584035130586604 0.0
v 13.38100029 -3.6700000200000007 0.0
v 12.82733830215432 -2.217850135501357 0.0
v 13.520388749392826 -3.6700000200000003 0.0
v 13.38100029 -3.6700000200000007 0.0
v 13.38100029 -4.19500014 0.0
v 11.094941706780702 -4.195000140000001 0.0
v 12.82733830215432 -2.217850135501357 0.0
v 13.38100029 -3.6700000200000007 0.0
v 11.186521649013502 -2.4509946917199072 0.0
v 13.38100029 -3.6700000200000007 0.0
v 11.094941706780702 -4.195000140000001 0.0
v 11.186521649013502 -2.4509946917199072 0.0
v 11.186521649013502 -2.4509946917199072 0.0
v 9.777414473392241 -1.9340882796708634 0.0
v 10.699338366778091 -1.9522059176113604 0.0
v 9.777414473392241 -1.9340882796708634 0.0
v 11.186521649013502 -2.4509946917199072 0.0
v 11.094941706780702 -4.195000140000001 0.0
v 11.094941706780702 -4.195000140000001 0.0
v 8.744224839971166 -4.195000140000001 0.0
v 8.682286674786251 -3.375714454921697 0.0
v 9.777414473392241 -1.9340882796708634 0.0
v 11.094941706780702 -4.195000140000001 0.0
v 8.682286674786251 -3.375714454921697 0.0
v 11.323013905502554 -0.17127328553909127 0.0
v 8.975000239999998 -0.953931472715674 0.0
v 10.879672038360672 0.37853990441488516 0.0
v 8.975000239999998 -0.953931472715674 0.0
v 8.97500024 0.2728566010198512 0.0
v 10.879672038360672 0.37853990441488516 0.0
v 9.777414473392241 -1.9340882796708634 0.0
v 11.323013905502554 -0.17127328553909127 0.0
v 10.699338366778091 -1.9522059176113604 0.0
v 8.975000239999998 -0.953931472715674 0.0
v 11.323013905502554 -0.17127328553909127 0.0
v 9.777414473392241 -1.9340882796708634 0.0
v 10.413353610101533 4.19500014 0.0
v 9.118638130214183 2.169027728740907 0.0
v 7.937443519937401 3.2401946076394865 0.0
v 7.937443519937401 3.2401946076394865 0.0
v 7.903375649361987 4.19500014 0.0
v 10.413353610101533 4.19500014 0.0
v 9.118638130214183 2.169027728740907 0.0
v 10.413353610101533 4.19500014 0.0
v 10.282971969493405 2.6192452491215636 0.0
v 6.007568715672994 -4.195000140000001 0.0
v 7.310630287124086 -2.2056204386342984 0.0
v 8.682286674786251 -3.375714454921697 0.0
v 8.682286674786251 -3.375714454921697 0.0
v 8.744224839971166 -4.195000140000001 0.0
v 6.007568715672994 -4.195000140000001 0.0
v 7.310630287124086 -2.2056204386342984 0.0
v 6.007568715672994 -4.195000140000001 0.0
v 6.132815425325354 -2.8060725249383967 0.0
v 8.97500024 1.0559999799999997 0.0
v 10.282971969493405 2.6192452491215636 0.0
v 11.194546264430905 1.883551191708173 0.0
v 8.97500024 1.0559999799999997 0.0
v 10.879672038360672 0.37853990441488516 0.0
v 8.97500024 0.2728566010198512 0.0
v 8.97500024 1.0559999799999997 0.0
v 8.787677226020165 1.0559999800000002 0.0
v 9.118638130214183 2.169027728740907 0.0
v 8.97500024 1.0559999799999997 0.0
v 11.194546264430905 1.883551191708173 0.0
v 10.879672038360672 0.37853990441488516 0.0
v 10.282971969493405 2.6192452491215636 0.0
v 8.97500024 1.0559999799999997 0.0
v 9.118638130214183 2.169027728740907 0.0
v 7.937443519937401 3.2401946076394865 0.0
v 7.159650270767005 1.0559999800000002 0.0
v 6.677711045127309 2.0036172212085894 0.0
v 7.159650270767005 1.0559999800000002 0.0
v 7.937443519937401 3.2401946076394865 0.0
v 9.118638130214183 2.169027728740907 0.0
v 7.159650270767005 1.0559999800000002 0.0
v 9.118638130214183 2.169027728740907 0.0
v 8.787677226020165 1.0559999800000002 0.0
v 8.97500024 -1.0559999800000006 0.0
v 8.682286674786251 -3.375714454921697 0.0
v 7.310630287124086 -2.2056204386342984 0.0
v 7.310630287124086 -2.2056204386342984 0.0
v 7.57453111278028 -1.0559999800000006 0.0
v 8.97500024 -1.0559999800000006 0.0
v 8.97500024 -1.0559999800000006 0.0
v 8.975000239999998 -0.953931472715674 0.0
v 9.777414473392241 -1.9340882796708634 0.0
v 8.682286674786251 -3.375714454921697 0.0
v 8.97500024 -1.0559999800000006 0.0
v 9.777414473392241 -1.9340882796708634 0.0
v 6.769999949999999 -1.0559999799999997 0.0
v 6.132815425325354 -2.8060725249383967 0.0
v 5.187281991515293 -1.981366655736215 0.0
v 6.769999949999999 -1.0559999799999997 0.0
v 5.697218503346026 -0.3459260731050948 0.0
v 6.769999949999999 -0.186024197870716 0.0
v 6.769999949999999 -1.0559999799999997 0.0
v 7.57453111278028 -1.0559999800000006 0.0
v 7.310630287124086 -2.2056204386342984 0.0
v 5.697218503346026 -0.3459260731050948 0.0
v 6.769999949999999 -1.0559999799999997 0.0
v 5.187281991515293 -1.981366655736215 0.0
v 6.132815425325354 -2.8060725249383967 0.0
v 6.769999949999999 -1.0559999799999997 0.0
v 7.310630287124086 -2.2056204386342984 0.0
v 5.57980404717981 4.19500014 0.0
v 6.677711045127309 2.0036172212085894 0.0
v 5.665403586850541 2.305019169524493 0.0
v 7.937443519937401 3.2401946076394865 0.0
v 5.57980404717981 4.19500014 0.0
v 7.903375649361987 4.19500014 0.0
v 6.677711045127309 2.0036172212085894 0.0
v 5.57980404717981 4.19500014 0.0
v 7.937443519937401 3.2401946076394865 0.0
v 5.187281991515293 -1.981366655736215 0.0
v 3.834040004938615 -4.19500014 0.0
v 3.6701833563356914 -2.6260213914122694 0.0
v 3.6701833563356914 -2.6260213914122694 0.0
v 3.9335051633246763 -2.1879878466041784 0.0
v 5.187281991515293 -1.981366655736215 0.0
v 3.834040004938615 -4.19500014 0.0
v 6.132815425325354 -2.8060725249383967 0.0
v 6.007568715672994 -4.195000140000001 0.0
v 6.132815425325354 -2.8060725249383967 0.0
v 3.834040004938615 -4.19500014 0.0
v 5.187281991515293 -1.981366655736215 0.0
v 3.481892739086439 2.435413050758327 0.0
v 1.4799999700000004 2.5596926469226826 0.0
v 1.4799999699999997 4.19500014 0.0
v 1.4799999699999997 4.19500014 0.0
v 3.627702712491449 4.19500014 0.0
v 3.481892739086439 2.435413050758327 0.0
v 5.187281991515293 -1.981366655736215 0.0
v 3.9335051633246763 -2.1879878466041784 0.0
v 3.342749848025195 -0.9120247423775156 0.0
v 3.342749848025195 -0.9120247423775156 0.0
v 3.723717893839293 0.018220150618804887 0.0
v 4.976921530614299 0.2080659011667012 0.0
v 4.976921530614299 0.2080659011667012 0.0
v 5.697218503346026 -0.3459260731050948 0.0
v 5.187281991515293 -1.981366655736215 0.0
v 5.187281991515293 -1.981366655736215 0.0
v 3.342749848025195 -0.9120247423775156 0.0
v 4.976921530614299 0.2080659011667012 0.0
v 6.769999949999999 1.0559999799999997 0.0
v 6.769999949999999 -0.186024197870716 0.0
v 5.697218503346026 -0.3459260731050948 0.0
v 6.769999949999999 1.0559999799999997 0.0
v 4.976921530614299 0.2080659011667012 0.0
v 5.192092848819864 2.01122298588703 0.0
v 6.769999949999999 1.0559999799999997 0.0
v 5.665403586850541 2.305019169524493 0.0
v 6.677711045127309 2.0036172212085894 0.0
v 6.677711045127309 2.0036172212085894 0.0
v 7.159650270767005 1.0559999800000002 0.0
v 6.769999949999999 1.0559999799999997 0.0
v 4.976921530614299 0.2080659011667012 0.0
v 6.769999949999999 1.0559999799999997 0.0
v 5.697218503346026 -0.3459260731050948 0.0
v 5.665403586850541 2.305019169524493 0.0
v 6.769999949999999 1.0559999799999997 0.0
v 5.192092848819864 2.01122298588703 0.0
v 3.481892739086439 2.435413050758327 0.0
v 5.192092848819864 2.01122298588703 0.0
v 3.5485500895961883 2.3398689609984746 0.0
v 5.192092848819864 2.01122298588703 0.0
v 3.481892739086439 2.435413050758327 0.0
v 3.627702712491449 4.19500014 0.0
v 5.192092848819864 2.01122298588703 0.0
v 5.57980404717981 4.19500014 0.0
v 5.665403586850541 2.305019169524493 0.0
v 5.57980404717981 4.19500014 0.0
v 5.192092848819864 2.01122298588703 0.0
v 3.627702712491449 4.19500014 0.0
v 3.6701833563356914 -2.6260213914122694 0.0
v 3.834040004938615 -4.19500014 0.0
v 1.4799999699999984 -4.19500014 0.0
v 1.4799999699999984 -4.19500014 0.0
v 1.4799999699999982 -2.615275424554607 0.0
v 3.6701833563356914 -2.6260213914122694 0.0
v 3.342749848025195 -0.9120247423775156 0.0
v 3.9335051633246763 -2.1879878466041784 0.0
v 3.6701833563356914 -2.6260213914122694 0.0
v 3.342749848025195 -0.9120247423775156 0.0
v 1.4799999699999982 -2.615275424554607 0.0
v 1.479999969999999 -1.043859353302249 0.0
v 1.4799999699999982 -2.615275424554607 0.0
v 3.342749848025195 -0.9120247423775156 0.0
v 3.6701833563356914 -2.6260213914122694 0.0
v 4.976921530614299 0.2080659011667012 0.0
v 3.723717893839293 0.018220150618804887 0.0
v 3.1324947491187545 0.8006946855176738 0.0
v 3.1324947491187545 0.8006946855176738 0.0
v 3.5485500895961883 2.3398689609984746 0.0
v 5.192092848819864 2.01122298588703 0.0
v 5.192092848819864 2.01122298588703 0.0
v 4.976921530614299 0.2080659011667012 0.0
v 3.1324947491187545 0.8006946855176738 0.0
v 3.1324947491187545 0.8006946855176738 0.0
v 3.723717893839293 0.018220150618804887 0.0
v 3.342749848025195 -0.9120247423775156 0.0
v 3.1324947491187545 0.8006946855176738 0.0
v 1.479999969999999 -1.043859353302249 0.0
v 1.4799999699999984 0.7203710562324015 0.0
v 1.479999969999999 -1.043859353302249 0.0
v 3.1324947491187545 0.8006946855176738 0.0
v 3.342749848025195 -0.9120247423775156 0.0
v 3.481892739086439 2.435413050758327 0.0
v 3.5485500895961883 2.3398689609984746 0.0
v 3.1324947491187545 0.8006946855176738 0.0
v 3.1324947491187545 0.8006946855176738 0.0
v 1.4799999699999984 0.7203710562324015 0.0
v 1.4799999700000004 2.5596926469226826 0.0
v 1.4799999700000004 2.5596926469226826 0.0
v 3.481892739086439 2.435413050758327 0.0
v 3.1324947491187545 0.8006946855176738 0.0
v -0.020000000000000018 -3.98650008 0.97
v -0.02 -3.98650008 0.0
v -1.20000001 -3.98650008 0.0
v -1.20000001 -3.98650008 0.0
v -1.2000000100000001 -3.98650008 0.9700000000000001
v -0.020000000000000018 -3.98650008 0.97
v -1.20000001 -3.98650008 -1.1102233217201656e-16
v -1.20000001 -3.99649986 0.97
v -1.20000001 -3.99649986 -1.291149262158675e-16
v -1.20000001 -3.99649986 0.97
v -1.20000001 -3.98650008 -1.1102233217201656e-16
v -1.20000001 -3.9865000799999994 0.97
v -0.02 -0.006122246010889197 5.551115123125783e-17
v -0.02 3.98650008 0.97
v -0.02 3.98650008 0.0
v -0.02 3.98650008 0.97
v -0.02 -0.006122246010889197 5.551115123125783e-17
v -0.02 -0.006258264422779977 0.9700000000000001
v -0.02 -0.006258264422779977 0.9700000000000001
v -0.02 -3.98650008 1.1102230246251565e-16
v -0.02 -3.98650008 0.9700000000000001
v -0.02 -3.98650008 1.1102230246251565e-16
v -0.02 -0.006258264422779977 0.9700000000000001
v -0.02 -0.006122246010889197 5.551115123125783e-17
v 0.0 -0.020380223308345997 1.00000001
v 0.0 3.99649986 1.00000001
v 0.0 3.99649986 0.0
v 0.0 3.99649986 0.0
v 0.0 -0.02058939290632189 5.551115123125783e-17
v 0.0 -0.020380223308345997 1.00000001
v 0.0 -0.02058939290632189 5.551115123125783e-17
v 0.0 -3.9964998600000006 -1.1102230246251565e-16
v 0.0 -3.99649986 1.00000001
v 0.0 -3.99649986 1.00000001
v 0.0 -0.020380223308345997 1.00000001
v 0.0 -0.02058939290632189 5.551115123125783e-17
v 3.885780586188048e-16 -3.99649986 1.00000001
v -1.20000001 -3.99649986 0.80000001
v -1.2000000099999997 -3.99649986 0.97
v -1.2000000099999997 -3.99649986 0.97
v -2.22200003 -3.99649986 0.97
v -2.22200003 -3.99649986 1.00000001
v -1.2000000099999997 -3.99649986 0.7599999799999999
v 4.355382130169781e-16 -3.99649986 -2.410449199546718e-16
v -1.20000001 -3.99649986 -1.6653345369377348e-16
v -1.2000000099999997 -3.99649986 0.97
v -2.22200003 -3.99649986 1.00000001
v 3.885780586188048e-16 -3.99649986 1.00000001
v 4.355382130169781e-16 -3.99649986 -2.410449199546718e-16
v -1.2000000099999997 -3.99649986 0.7599999799999999
v 3.885780586188048e-16 -3.99649986 1.00000001
v -1.20000001 -3.99649986 0.80000001
v 3.885780586188048e-16 -3.99649986 1.00000001
v -1.2000000099999997 -3.99649986 0.7599999799999999
v 0.9399999899999996 -5.63850002 0.44999999999999984
v -0.804 -5.63850002 0.0
v 0.9399999899999996 -5.63850002 -1.1102230246251565e-16
v -0.804 -5.63850002 0.0
v 0.9399999899999996 -5.63850002 0.44999999999999984
v -0.804 -5.63850002 0.45
v 0.6269999999999996 -6.20850011 0.80000001
v -0.79399998 -6.20850011 0.80000001
v -0.79399998 -6.20850011 0.51000002
v -0.79399998 -6.20850011 0.51000002
v 0.6269999999999997 -6.20850011 0.5100000200000001
v 0.6269999999999996 -6.20850011 0.80000001
v 0.627 -6.20850011 0.80000001
v 0.627 -6.26849994 0.80000001
v -0.7939999799999999 -6.26849994 0.80000001
v -0.7939999799999999 -6.26849994 0.80000001
v -0.7939999799999999 -6.20850011 0.80000001
v 0.627 -6.20850011 0.80000001
v 0.6269999999999997 -6.20850011 0.51000002
v 0.6269999999999999 -6.26849994 0.80000001
v 0.627 -6.20850011 0.80000001
v 0.6269999999999997 -6.20850011 0.51000002
v 0.627 -5.93849992 0.51000002
v 0.6269999999999999 -5.93849992 0.45
v 0.6269999999999999 -6.26849994 0.80000001
v 0.6269999999999997 -6.20850011 0.51000002
v 0.6269999999999994 -6.26849994 0.45
v 0.6269999999999997 -6.20850011 0.51000002
v 0.6269999999999999 -5.93849992 0.45
v 0.6269999999999994 -6.26849994 0.45
v 4.16599998 -5.93849992 0.51000002
v 4.16599998 -6.20850011 0.51000002
v 2.55299998 -6.20850011 0.51000002
v 2.55299998 -5.78850016 0.51000002
v 2.55299998 -5.63850002 0.51000002
v 4.16599998 -5.63850002 0.51000002
v 2.55299998 -5.78850016 0.51000002
v 4.16599998 -5.93849992 0.51000002
v 2.55299998 -6.20850011 0.51000002
v 4.16599998 -5.93849992 0.51000002
v 2.55299998 -5.78850016 0.51000002
v 4.16599998 -5.63850002 0.51000002
v 4.16599998 -6.20850011 0.8000000100000002
v 2.55299998 -6.20850011 0.80000001
v 2.55299998 -6.20850011 0.5100000199999999
v 2.55299998 -6.20850011 0.5100000199999999
v 4.16599998 -6.20850011 0.5100000200000001
v 4.16599998 -6.20850011 0.8000000100000002
v 4.16599998 -6.20850011 0.51000002
v 4.16599998 -6.26849994 0.80000001
v 4.16599998 -6.20850011 0.80000001
v 4.16599998 -6.20850011 0.51000002
v 4.16599998 -5.93849992 0.51000002
v 4.16599998 -5.93849992 0.45
v 4.16599998 -6.26849994 0.80000001
v 4.16599998 -6.20850011 0.51000002
v 4.16599998 -6.26849994 0.45
v 4.16599998 -6.20850011 0.51000002
v 4.16599998 -5.93849992 0.45
v 4.16599998 -6.26849994 0.45
v 2.55299998 -6.20850011 0.51000002
v 2.55299998 -6.26849994 0.80000001
v 2.55299998 -6.26849994 0.45
v 2.55299998 -6.20850011 0.51000002
v 2.55299998 -5.93849992 0.45
v 2.55299998 -5.93849992 0.51000002
v 2.55299998 -6.26849994 0.80000001
v 2.55299998 -6.20850011 0.51000002
v 2.55299998 -6.20850011 0.80000001
v 2.55299998 -5.93849992 0.45
v 2.55299998 -6.20850011 0.51000002
v 2.55299998 -6.26849994 0.45
v 2.55299998 -6.20850011 0.80000001
v 4.16599998 -6.26849994 0.80000001
v 2.5529999799999996 -6.26849994 0.80000001
v 4.16599998 -6.26849994 0.80000001
v 2.55299998 -6.20850011 0.80000001
v 4.16599998 -6.20850011 0.80000001
v 4.31600012 -5.93849992 0.45
v 4.16599998 -6.26849994 0.45
v 4.16599998 -5.93849992 0.45
v 4.16599998 -6.26849994 0.45
v 4.31600012 -5.93849992 0.45
v 4.31600012 -6.26849994 0.45
v 5.94100016 -5.93849992 0.51000002
v 5.94100016 -6.20850011 0.51000002
v 4.31600012 -6.208500110000001 0.51000002
v 5.94100016 -5.63850002 0.51000002
v 4.31600012 -5.78850016 0.51000002
v 4.31600012 -5.63850002 0.51000002
v 4.31600012 -5.78850016 0.51000002
v 5.94100016 -5.63850002 0.51000002
v 5.94100016 -5.93849992 0.51000002
v 4.31600012 -5.78850016 0.51000002
v 5.94100016 -5.93849992 0.51000002
v 4.31600012 -6.208500110000001 0.51000002
v 5.94100016 -6.20850011 0.80000001
v 4.31600012 -6.20850011 0.80000001
v 4.31600012 -6.20850011 0.5100000199999999
v 4.31600012 -6.20850011 0.5100000199999999
v 5.94100016 -6.20850011 0.51000002
v 5.94100016 -6.20850011 0.80000001
v 5.94100016 -6.20850011 0.80000001
v 5.94100016 -6.26849994 0.80000001
v 4.316000120000001 -6.26849994 0.80000001
v 4.316000120000001 -6.26849994 0.80000001
v 4.31600012 -6.20850011 0.80000001
v 5.94100016 -6.20850011 0.80000001
v 5.94100016 -6.20850011 0.51000002
v 5.94100016 -6.26849994 0.80000001
v 5.94100016 -6.20850011 0.80000001
v 5.94100016 -6.20850011 0.51000002
v 5.94100016 -5.93849992 0.51000002
v 5.94100016 -5.93849992 0.45
v 5.94100016 -6.26849994 0.80000001
v 5.94100016 -6.20850011 0.51000002
v 5.94100016 -6.26849994 0.45
v 5.94100016 -6.20850011 0.51000002
v 5.94100016 -5.93849992 0.45
v 5.94100016 -6.26849994 0.45
v 4.31600012 -6.20850011 0.51000002
v 4.31600012 -6.26849994 0.80000001
v 4.31600012 -6.26849994 0.45
v 4.31600012 -6.20850011 0.51000002
v 4.31600012 -5.93849992 0.45
v 4.31600012 -5.93849992 0.51000002
v 4.31600012 -6.26849994 0.80000001
v 4.31600012 -6.20850011 0.51000002
v 4.31600012 -6.20850011 0.80000001
v 4.31600012 -5.93849992 0.45
v 4.31600012 -6.20850011 0.51000002
v 4.31600012 -6.26849994 0.45
v 6.22100012 -5.63850002 0.45
v 2.27000001 -5.63850002 0.0
v 6.22100012 -5.63850002 0.0
v 2.27000001 -5.63850002 0.0
v 6.22100012 -5.63850002 0.45
v 2.27000001 -5.63850002 0.45000000000000007
v 9.50600038 -5.93849992 0.45
v 9.65599976 -6.26849994 0.45
v 9.50600038 -6.26849994 0.45
v 9.65599976 -6.26849994 0.45
v 9.50600038 -5.93849992 0.45
v 9.65599976 -5.93849992 0.45
v 12.99900035 6.22050015 0.45
v 13.1490005 5.87649983 0.45
v 12.99900035 5.87649983 0.45
v 13.1490005 5.87649983 0.45
v 12.99900035 6.22050015 0.45
v 13.1490005 6.22050015 0.45
v 11.22600005 6.22050015 0.45
v 11.3760002 5.87649983 0.45
v 11.22600005 5.87649983 0.45
v 11.3760002 5.87649983 0.45
v 11.22600005 6.22050015 0.45
v 11.3760002 6.22050015 0.45
v 9.60000007 6.22050015 0.45
v 9.60000007 5.87649983 0.45
v 9.44999993 5.87649983 0.45
v 9.44999993 5.87649983 0.45
v 9.44999993 6.22050015 0.45
v 9.60000007 6.22050015 0.45
v 4.25900011 6.22050015 0.45
v 4.25900011 5.87649983 0.45
v 4.10899997 5.87649983 0.45
v 4.10899997 5.87649983 0.45
v 4.10899997 6.22050015 0.45
v 4.25900011 6.22050015 0.45
v 2.34300001 6.22050015 0.45
v 2.49299996 5.87649983 0.45
v 2.34300001 5.87649983 0.45
v 2.49299996 5.87649983 0.45
v 2.34300001 6.22050015 0.45
v 2.49299996 6.22050015 0.45
v 2.34300001 6.22050015 0.44999999999999996
v 2.49299996 6.22050015 0.80000001
v 2.49299996 6.22050015 0.44999999999999996
v 2.49299996 6.22050015 0.80000001
v 2.34300001 6.22050015 0.44999999999999996
v 2.34300001 6.22050015 0.80000001
v 0.73400001 6.22050015 0.45
v 0.73400001 5.87649983 0.45
v 0.58400001 5.87649983 0.45
v 0.58400001 5.87649983 0.45
v 0.58400001 6.22050015 0.45
v 0.73400001 6.22050015 0.45
v -0.7939999800000005 6.16049994 0.80000001
v 0.58400001 6.16049994 0.80000001
v 0.58400001 6.16049994 0.51000002
v 0.58400001 6.16049994 0.51000002
v -0.7939999800000004 6.16049994 0.5100000199999999
v -0.7939999800000005 6.16049994 0.80000001
v 0.58400001 6.16049994 0.51000002
v 0.58400001 5.87649983 0.45
v 0.58400001 5.87649983 0.5100000199999999
v 0.58400001 6.16049994 0.51000002
v 0.58400001 6.16049994 0.80000001
v 0.58400001 6.22050015 0.80000001
v 0.58400001 5.87649983 0.45
v 0.58400001 6.16049994 0.51000002
v 0.58400001 6.22050015 0.45
v 0.58400001 6.16049994 0.51000002
v 0.58400001 6.22050015 0.80000001
v 0.58400001 6.22050015 0.45
v -0.7939999800000002 6.22050015 0.80000001
v 0.58400001 6.16049994 0.80000001
v -0.7939999800000003 6.16049994 0.80000001
v 0.58400001 6.16049994 0.80000001
v -0.7939999800000002 6.22050015 0.80000001
v 0.58400001 6.22050015 0.80000001
v 0.7340000099999997 5.87649983 0.51000002
v 2.34300001 5.72650007 0.51000002
v 0.7340000099999998 5.726500070000001 0.51000002
v 0.7340000099999998 5.726500070000001 0.51000002
v 2.34300001 5.59049985 0.51000002
v 0.7340000099999999 5.59049985 0.51000002
v 2.34300001 6.16049994 0.51000002
v 0.7340000099999997 5.87649983 0.51000002
v 0.7340000099999998 6.16049994 0.51000002
v 2.34300001 5.59049985 0.51000002
v 0.7340000099999998 5.726500070000001 0.51000002
v 2.34300001 5.72650007 0.51000002
v 2.34300001 5.72650007 0.51000002
v 0.7340000099999997 5.87649983 0.51000002
v 2.34300001 6.16049994 0.51000002
v 0.7340000099999999 6.16049994 0.80000001
v 2.34300001 6.16049994 0.80000001
v 2.34300001 6.16049994 0.5100000200000001
v 2.34300001 6.16049994 0.5100000200000001
v 0.7340000099999999 6.16049994 0.51000002
v 0.7340000099999999 6.16049994 0.80000001
v 0.73400001 6.22050015 0.80000001
v 0.73400001 6.16049994 0.80000001
v 0.73400001 6.16049994 0.51000002
v 0.73400001 6.16049994 0.51000002
v 0.73400001 5.87649983 0.51000002
v 0.73400001 5.87649983 0.45
v 0.73400001 6.22050015 0.45
v 0.73400001 6.22050015 0.80000001
v 0.73400001 6.16049994 0.51000002
v 0.73400001 6.16049994 0.51000002
v 0.73400001 5.87649983 0.45
v 0.73400001 6.22050015 0.45
v 2.34300001 6.16049994 0.51000002
v 2.34300001 5.87649983 0.45
v 2.34300001 5.87649983 0.5100000199999999
v 2.34300001 6.16049994 0.51000002
v 2.34300001 6.16049994 0.80000001
v 2.34300001 6.22050015 0.80000001
v 2.34300001 5.87649983 0.45
v 2.34300001 6.16049994 0.51000002
v 2.34300001 6.22050015 0.45
v 2.34300001 6.16049994 0.51000002
v 2.34300001 6.22050015 0.80000001
v 2.34300001 6.22050015 0.45
v 2.34300001 6.22050015 0.80000001
v 2.34300001 6.16049994 0.80000001
v 0.7340000099999999 6.16049994 0.80000001
v 0.7340000099999999 6.16049994 0.80000001
v 0.7340000099999997 6.22050015 0.80000001
v 2.34300001 6.22050015 0.80000001
v 2.4929999599999997 5.87649983 0.51000002
v 4.10899997 5.72650007 0.51000002
v 2.4929999599999997 5.72650007 0.51000002
v 4.10899997 5.72650007 0.51000002
v 4.10899997 5.59049985 0.51000002
v 2.49299996 5.59049985 0.51000002
v 4.10899997 6.16049994 0.51000002
v 2.4929999599999997 5.87649983 0.51000002
v 2.4929999599999997 6.16049994 0.51000002
v 4.10899997 5.72650007 0.51000002
v 2.49299996 5.59049985 0.51000002
v 2.4929999599999997 5.72650007 0.51000002
v 4.10899997 5.72650007 0.51000002
v 2.4929999599999997 5.87649983 0.51000002
v 4.10899997 6.16049994 0.51000002
v 2.4929999600000006 6.16049994 0.5100000200000001
v 4.10899997 6.16049994 0.80000001
v 4.10899997 6.16049994 0.5100000199999999
v 4.10899997 6.16049994 0.80000001
v 2.4929999600000006 6.16049994 0.5100000200000001
v 2.4929999600000006 6.16049994 0.8000000100000001
v 2.49299996 6.22050015 0.80000001
v 2.49299996 6.16049994 0.80000001
v 2.49299996 6.16049994 0.51000002
v 2.49299996 6.16049994 0.51000002
v 2.49299996 5.87649983 0.51000002
v 2.49299996 5.87649983 0.45
v 2.49299996 6.22050015 0.45
v 2.49299996 6.22050015 0.80000001
v 2.49299996 6.16049994 0.51000002
v 2.49299996 6.16049994 0.51000002
v 2.49299996 5.87649983 0.45
v 2.49299996 6.22050015 0.45
v 4.10899997 6.16049994 0.51000002
v 4.10899997 5.87649983 0.45
v 4.10899997 5.87649983 0.5100000199999999
v 4.10899997 6.16049994 0.51000002
v 4.10899997 6.16049994 0.80000001
v 4.10899997 6.22050015 0.80000001
v 4.10899997 5.87649983 0.45
v 4.10899997 6.16049994 0.51000002
v 4.10899997 6.22050015 0.45
v 4.10899997 6.16049994 0.51000002
v 4.10899997 6.22050015 0.80000001
v 4.10899997 6.22050015 0.45
v 2.4929999600000006 6.22050015 0.80000001
v 4.10899997 6.16049994 0.80000001
v 2.49299996 6.16049994 0.80000001
v 4.10899997 6.16049994 0.80000001
v 2.4929999600000006 6.22050015 0.80000001
v 4.10899997 6.22050015 0.80000001
v 4.25900011 5.87649983 0.51000002
v 5.89200005 6.16049994 0.51000002
v 5.89200005 5.72650007 0.51000002
v 5.89200005 5.72650007 0.51000002
v 5.89200005 5.59049985 0.51000002
v 4.25900011 5.59049985 0.51000002
v 5.89200005 5.72650007 0.51000002
v 4.25900011 5.72650007 0.51000002
v 4.25900011 5.87649983 0.51000002
v 5.89200005 6.16049994 0.51000002
v 4.25900011 5.87649983 0.51000002
v 4.259000110000001 6.16049994 0.51000002
v 4.25900011 5.72650007 0.51000002
v 5.89200005 5.72650007 0.51000002
v 4.25900011 5.59049985 0.51000002
v 4.25900011 6.16049994 0.51000002
v 5.89200005 6.16049994 0.80000001
v 5.89200005 6.16049994 0.51000002
v 5.89200005 6.16049994 0.80000001
v 4.25900011 6.16049994 0.51000002
v 4.25900011 6.16049994 0.80000001
v 5.89200005 6.16049994 0.51000002
v 5.89200005 5.87649983 0.45
v 5.89200005 5.87649983 0.5100000199999999
v 5.89200005 6.16049994 0.51000002
v 5.89200005 6.16049994 0.80000001
v 5.89200005 6.22050015 0.80000001
v 5.89200005 5.87649983 0.45
v 5.89200005 6.16049994 0.51000002
v 5.89200005 6.22050015 0.45
v 5.89200005 6.16049994 0.51000002
v 5.89200005 6.22050015 0.80000001
v 5.89200005 6.22050015 0.45
v 5.89200005 6.22050015 0.80000001
v 5.89200005 6.16049994 0.80000001
v 4.25900011 6.16049994 0.80000001
v 4.25900011 6.16049994 0.80000001
v 4.25900011 6.22050015 0.80000001
v 5.89200005 6.22050015 0.80000001
v 4.25900011 6.22050015 0.80000001
v 4.25900011 6.16049994 0.80000001
v 4.25900011 6.16049994 0.51000002
v 4.25900011 6.16049994 0.51000002
v 4.25900011 5.87649983 0.51000002
v 4.25900011 5.87649983 0.45
v 4.25900011 6.22050015 0.45
v 4.25900011 6.22050015 0.80000001
v 4.25900011 6.16049994 0.51000002
v 4.25900011 6.16049994 0.51000002
v 4.25900011 5.87649983 0.45
v 4.25900011 6.22050015 0.45
v 7.82300001 6.16049994 0.7963789100000002
v 9.44999993 6.16049994 0.79637891
v 9.44999993 6.16049994 0.51000002
v 9.44999993 6.16049994 0.51000002
v 7.82300001 6.16049994 0.51000002
v 7.82300001 6.16049994 0.7963789100000002
v 9.44999993 6.22050015 0.79637891
v 9.44999993 6.16049994 0.79637891
v 7.82300001 6.16049994 0.79637891
v 7.82300001 6.16049994 0.79637891
v 7.82300001 6.22050015 0.79637891
v 9.44999993 6.22050015 0.79637891
v 7.82300001 5.87649983 0.51000002
v 9.44999993 6.160499939999999 0.51000002
v 9.44999993 5.72650007 0.51000002
v 7.82300001 5.72650007 0.51000002
v 9.44999993 5.59049985 0.51000002
v 7.82300001 5.59049985 0.51000002
v 9.44999993 6.160499939999999 0.51000002
v 7.82300001 5.87649983 0.51000002
v 7.82300001 6.16049994 0.51000002
v 9.44999993 5.59049985 0.51000002
v 7.82300001 5.72650007 0.51000002
v 9.44999993 5.72650007 0.51000002
v 7.82300001 5.72650007 0.51000002
v 7.82300001 5.87649983 0.51000002
v 9.44999993 5.72650007 0.51000002
v 9.44999993 6.16049994 0.51000002
v 9.44999993 5.87649983 0.45
v 9.44999993 5.87649983 0.51000002
v 9.44999993 6.16049994 0.51000002
v 9.44999993 6.16049994 0.79637891
v 9.44999993 6.22050015 0.79637891
v 9.44999993 5.87649983 0.45
v 9.44999993 6.16049994 0.51000002
v 9.44999993 6.22050015 0.45
v 9.44999993 6.16049994 0.51000002
v 9.44999993 6.22050015 0.79637891
v 9.44999993 6.22050015 0.45
v 7.82300001 6.22050015 0.79637891
v 7.82300001 6.16049994 0.79637891
v 7.82300001 6.16049994 0.51000002
v 7.82300001 6.16049994 0.51000002
v 7.82300001 5.87649983 0.51000002
v 7.82300001 5.87649983 0.45
v 7.82300001 6.22050015 0.44999999999999996
v 7.82300001 6.22050015 0.79637891
v 7.82300001 6.16049994 0.51000002
v 7.82300001 6.16049994 0.51000002
v 7.82300001 5.87649983 0.45
v 7.82300001 6.22050015 0.44999999999999996
v 9.60000007 5.87649983 0.51000002
v 11.22600005 6.160499940000001 0.51000002
v 11.22600005 5.72650007 0.51000002
v 11.22600005 5.72650007 0.51000002
v 11.22600005 5.59049985 0.51000002
v 9.60000007 5.59049985 0.51000002
v 11.22600005 5.72650007 0.51000002
v 9.60000007 5.72650007 0.51000002
v 9.60000007 5.87649983 0.51000002
v 11.22600005 6.160499940000001 0.51000002
v 9.60000007 5.87649983 0.51000002
v 9.60000007 6.16049994 0.51000002
v 9.60000007 5.72650007 0.51000002
v 11.22600005 5.72650007 0.51000002
v 9.60000007 5.59049985 0.51000002
v 9.60000007 6.16049994 0.51000002
v 11.22600005 6.16049994 0.79637891
v 11.22600005 6.16049994 0.5100000199999999
v 11.22600005 6.16049994 0.79637891
v 9.60000007 6.16049994 0.51000002
v 9.60000007 6.16049994 0.79637891
v 9.60000007 6.22050015 0.79637891
v 9.600000069999998 6.16049994 0.79637891
v 9.60000007 6.16049994 0.51000002
v 9.60000007 6.16049994 0.51000002
v 9.600000069999988 5.87649983 0.51000002
v 9.60000006999999 5.87649983 0.45
v 9.600000070000004 6.22050015 0.44999999999999996
v 9.60000007 6.22050015 0.79637891
v 9.60000007 6.16049994 0.51000002
v 9.60000007 6.16049994 0.51000002
v 9.60000006999999 5.87649983 0.45
v 9.600000070000004 6.22050015 0.44999999999999996
v 11.22600005 6.16049994 0.51000002
v 11.22600005 5.87649983 0.44999999999999996
v 11.22600005 5.87649983 0.51000002
v 11.22600005 6.16049994 0.51000002
v 11.22600005 6.16049994 0.79637891
v 11.22600005 6.22050015 0.79637891
v 11.22600005 5.87649983 0.44999999999999996
v 11.22600005 6.16049994 0.51000002
v 11.22600005 6.22050015 0.45
v 11.22600005 6.16049994 0.51000002
v 11.22600005 6.22050015 0.79637891
v 11.22600005 6.22050015 0.45
v 9.60000007 6.22050015 0.79637891
v 11.22600005 6.16049994 0.79637891
v 9.600000070000002 6.16049994 0.79637891
v 11.22600005 6.16049994 0.79637891
v 9.60000007 6.22050015 0.79637891
v 11.22600005 6.22050015 0.79637891
v 11.3760002 5.87649983 0.51000002
v 12.99900035 6.16049994 0.51000002
v 12.99900035 5.72650007 0.51000002
v 12.99900035 5.72650007 0.51000002
v 12.99900035 5.59049985 0.51000002
v 11.3760002 5.59049985 0.51000002
v 12.99900035 6.16049994 0.51000002
v 11.3760002 5.87649983 0.51000002
v 11.3760002 6.16049994 0.51000002
v 11.3760002 5.87649983 0.51000002
v 12.99900035 5.72650007 0.51000002
v 11.3760002 5.59049985 0.51000002
v 11.3760002 6.16049994 0.79637891
v 12.99900035 6.16049994 0.79637891
v 12.99900035 6.16049994 0.5100000199999999
v 12.99900035 6.16049994 0.5100000199999999
v 11.3760002 6.16049994 0.51000002
v 11.3760002 6.16049994 0.79637891
v 11.3760002 6.22050015 0.79637891
v 12.99900035 6.16049994 0.79637891
v 11.3760002 6.16049994 0.79637891
v 12.99900035 6.16049994 0.79637891
v 11.3760002 6.22050015 0.79637891
v 12.99900035 6.22050015 0.79637891
v 11.3760002 6.22050015 0.79637891
v 11.3760002 6.16049994 0.79637891
v 11.3760002 6.16049994 0.51000002
v 11.3760002 6.16049994 0.51000002
v 11.3760002 5.87649983 0.51000002
v 11.3760002 5.87649983 0.45
v 11.3760002 6.22050015 0.44999999999999996
v 11.3760002 6.22050015 0.79637891
v 11.3760002 6.16049994 0.51000002
v 11.3760002 6.16049994 0.51000002
v 11.3760002 5.87649983 0.45
v 11.3760002 6.22050015 0.44999999999999996
v 12.99900035 6.16049994 0.51000002
v 12.99900035 5.87649983 0.45
v 12.99900035 5.87649983 0.51000002
v 12.99900035 6.16049994 0.51000002
v 12.99900035 6.16049994 0.79637891
v 12.99900035 6.22050015 0.79637891
v 12.99900035 5.87649983 0.45
v 12.99900035 6.16049994 0.51000002
v 12.99900035 6.22050015 0.45
v 12.99900035 6.16049994 0.51000002
v 12.99900035 6.22050015 0.79637891
v 12.99900035 6.22050015 0.45
v 13.1490005 6.16049994 0.79637891
v 14.56199952 6.16049994 0.79637891
v 14.56199952 6.16049994 0.5100000200000001
v 14.56199952 6.16049994 0.5100000200000001
v 13.1490005 6.16049994 0.5100000199999999
v 13.1490005 6.16049994 0.79637891
v 13.1490005 6.22050015 0.79637891
v 14.56199952 6.16049994 0.79637891
v 13.1490005 6.16049994 0.79637891
v 14.56199952 6.16049994 0.79637891
v 13.1490005 6.22050015 0.79637891
v 14.56199952 6.22050015 0.79637891
v 13.1490005 6.22050015 0.79637891
v 13.1490005 6.16049994 0.79637891
v 13.1490005 6.16049994 0.51000002
v 13.1490005 6.16049994 0.51000002
v 13.1490005 5.87649983 0.51000002
v 13.1490005 5.87649983 0.45
v 13.1490005 6.22050015 0.44999999999999996
v 13.1490005 6.22050015 0.79637891
v 13.1490005 6.16049994 0.51000002
v 13.1490005 6.16049994 0.51000002
v 13.1490005 5.87649983 0.45
v 13.1490005 6.22050015 0.44999999999999996
v 2.6664119414838634 5.59049985 -8.326672684688674e-17
v 6.204 5.59049985 0.45
v 6.204 5.59049985 -5.551115123125783e-17
v 6.204 5.59049985 0.45
v 2.6664119414838634 5.59049985 -8.326672684688674e-17
v 2.6662051570061944 5.59049985 0.45
v 2.6662051570061944 5.59049985 0.45
v -0.8040000000000012 5.59049985 -9.43804129639335e-17
v -0.8040000000000014 5.59049985 0.45
v -0.8040000000000012 5.59049985 -9.43804129639335e-17
v 2.6662051570061944 5.59049985 0.45
v 2.6664119414838634 5.59049985 -8.326672684688674e-17
v 14.56199952 -6.20850011 0.51000002
v 13.19199943 -6.20850011 0.80000001
v 13.19199943 -6.20850011 0.5100000199999999
v 13.19199943 -6.20850011 0.80000001
v 14.56199952 -6.20850011 0.51000002
v 14.56199952 -6.20850011 0.80000001
v 14.56199952 -6.20850011 0.80000001
v 14.56199952 -6.26849994 0.80000001
v 13.19199943 -6.26849994 0.80000001
v 13.19199943 -6.26849994 0.80000001
v 13.19199943 -6.20850011 0.80000001
v 14.56199952 -6.20850011 0.80000001
v 13.19199943 -6.20850011 0.51000002
v 13.19199943 -6.26849994 0.80000001
v 13.19199943 -6.26849994 0.45
v 13.19199943 -6.20850011 0.51000002
v 13.19199943 -5.93849992 0.45
v 13.19199943 -5.93849992 0.51000002
v 13.19199943 -6.26849994 0.80000001
v 13.19199943 -6.20850011 0.51000002
v 13.19199943 -6.20850011 0.80000001
v 13.19199943 -5.93849992 0.45
v 13.19199943 -6.20850011 0.51000002
v 13.19199943 -6.26849994 0.45
v 11.27700004 -6.20850011 0.80000001
v 9.65599976 -6.20850011 0.80000001
v 9.65599976 -6.20850011 0.5100000199999999
v 9.65599976 -6.20850011 0.5100000199999999
v 11.27700004 -6.20850011 0.51000002
v 11.27700004 -6.20850011 0.80000001
v 11.27700004 -6.20850011 0.80000001
v 11.27700004 -6.26849994 0.80000001
v 9.65599976 -6.26849994 0.80000001
v 9.65599976 -6.26849994 0.80000001
v 9.65599976 -6.20850011 0.80000001
v 11.27700004 -6.20850011 0.80000001
v 9.65599976 -5.78850016 0.51000002
v 11.27700004 -5.63850002 0.51000002
v 11.27700004 -5.93849992 0.51000002
v 11.27700004 -5.93849992 0.51000002
v 11.27700004 -6.20850011 0.51000002
v 9.65599976 -6.20850011 0.51000002
v 11.27700004 -5.63850002 0.51000002
v 9.65599976 -5.78850016 0.51000002
v 9.65599976 -5.63850002 0.51000002
v 11.27700004 -5.93849992 0.51000002
v 9.65599976 -6.20850011 0.51000002
v 9.65599976 -5.78850016 0.51000002
v 9.65599976 -6.20850011 0.51000002
v 9.65599976 -6.26849994 0.80000001
v 9.65599976 -6.26849994 0.45
v 9.65599976 -6.20850011 0.51000002
v 9.65599976 -5.93849992 0.45
v 9.65599976 -5.93849992 0.51000002
v 9.65599976 -6.26849994 0.80000001
v 9.65599976 -6.20850011 0.51000002
v 9.65599976 -6.20850011 0.80000001
v 9.65599976 -5.93849992 0.45
v 9.65599976 -6.20850011 0.51000002
v 9.65599976 -6.26849994 0.45
v 11.277000040000006 -6.20850011 0.51000002
v 11.277000040000003 -6.26849994 0.80000001
v 11.27700004 -6.20850011 0.80000001
v 11.277000040000006 -6.20850011 0.51000002
v 11.27700004 -5.93849992 0.51000002
v 11.277000040000003 -5.93849992 0.45
v 11.277000040000003 -6.26849994 0.80000001
v 11.277000040000006 -6.20850011 0.51000002
v 11.27700004000001 -6.26849994 0.45
v 11.277000040000006 -6.20850011 0.51000002
v 11.277000040000003 -5.93849992 0.45
v 11.27700004000001 -6.26849994 0.45
v 9.50600038 -6.20850011 0.5100000200000001
v 7.87300006 -6.20850011 0.80000001
v 7.87300006 -6.20850011 0.5100000199999999
v 7.87300006 -6.20850011 0.80000001
v 9.50600038 -6.20850011 0.5100000200000001
v 9.50600038 -6.20850011 0.8000000100000001
v 7.87300006 -6.20850011 0.80000001
v 9.50600038 -6.26849994 0.80000001
v 7.873000060000001 -6.26849994 0.80000001
v 9.50600038 -6.26849994 0.80000001
v 7.87300006 -6.20850011 0.80000001
v 9.50600038 -6.20850011 0.80000001
v 9.50600038 -5.93849992 0.51000002
v 9.50600038 -6.20850011 0.51000002
v 7.873000060000001 -6.20850011 0.51000002
v 7.87300006 -5.78850016 0.51000002
v 7.873000060000001 -5.63850002 0.51000002
v 9.50600038 -5.63850002 0.51000002
v 7.87300006 -5.78850016 0.51000002
v 9.50600038 -5.93849992 0.51000002
v 7.873000060000001 -6.20850011 0.51000002
v 9.50600038 -5.93849992 0.51000002
v 7.87300006 -5.78850016 0.51000002
v 9.50600038 -5.63850002 0.51000002
v 7.87300006 -6.20850011 0.51000002
v 7.87300006 -6.26849994 0.80000001
v 7.87300006 -6.26849994 0.45
v 7.87300006 -6.20850011 0.51000002
v 7.87300006 -5.93849992 0.45
v 7.87300006 -5.93849992 0.51000002
v 7.87300006 -6.26849994 0.80000001
v 7.87300006 -6.20850011 0.51000002
v 7.87300006 -6.20850011 0.80000001
v 7.87300006 -5.93849992 0.45
v 7.87300006 -6.20850011 0.51000002
v 7.87300006 -6.26849994 0.45
v 9.50600038 -6.20850011 0.51000002
v 9.50600038 -6.26849994 0.80000001
v 9.50600038 -6.20850011 0.80000001
v 9.50600038 -6.20850011 0.51000002
v 9.50600038 -5.93849992 0.51000002
v 9.50600038 -5.93849992 0.45
v 9.50600038 -6.26849994 0.80000001
v 9.50600038 -6.20850011 0.51000002
v 9.50600038 -6.26849994 0.45
v 9.50600038 -6.20850011 0.51000002
v 9.50600038 -5.93849992 0.45
v 9.50600038 -6.26849994 0.45
v 11.51300036 -5.63850002 0.44999999999999996
v 7.55100034 -5.63850002 0.0
v 11.51300036 -5.63850002 -1.1102230246251565e-16
v 7.55100034 -5.63850002 0.0
v 11.51300036 -5.63850002 0.44999999999999996
v 7.55100034 -5.63850002 0.45000000000000007
v 15.78800066 -5.63850002 0.0
v 14.55200013 -5.63850002 0.5100000199999999
v 14.55200013 -5.63850002 0.4500000000000002
v 14.55200013 -5.63850002 0.4500000000000002
v 12.8429998 -5.63850002 0.45000000000000007
v 12.8429998 -5.63850002 0.0
v 14.55200013 -5.63850002 0.5100000199999999
v 15.78800066 -5.63850002 1.3893703480201665
v 14.552000130000001 -5.63850002 1.6744061329985194
v 14.55200013 -5.63850002 0.4500000000000002
v 12.8429998 -5.63850002 0.0
v 15.78800066 -5.63850002 0.0
v 15.78800066 -5.63850002 1.3893703480201665
v 14.55200013 -5.63850002 0.5100000199999999
v 15.78800066 -5.63850002 0.0
v 14.552000130000001 -5.63850002 1.6744061329985194
v 15.78800066 -5.63850002 3.56899998
v 14.55200013 -5.63850002 3.5689999800000005
v 15.78800066 -5.63850002 3.56899998
v 14.552000130000001 -5.63850002 1.6744061329985194
v 15.78800066 -5.63850002 1.3893703480201665
v 11.1330003 -7.85049988 1.7323190614126365
v 13.18299998 -7.85049988 3.44999988
v 11.1330003 -7.85049988 3.4499998799999996
v 13.18299998 -7.85049988 3.44999988
v 11.1330003 -7.85049988 1.7323190614126365
v 13.18299998 -7.85049988 1.7300743581253235
v 11.1330003 -7.85049988 1.4600000300000002
v 11.1330003 -7.85049988 -4.997385822182978e-19
v 13.18299998 -7.85049988 3.3306690738754696e-16
v 11.1330003 -7.85049988 1.4600000300000002
v 13.18299998 -7.85049988 1.4600000300000002
v 13.18299998 -7.85049988 1.7300743581253235
v 13.18299998 -7.85049988 1.7300743581253235
v 11.1330003 -7.85049988 1.7323190614126365
v 11.1330003 -7.85049988 1.4600000300000002
v 13.18299998 -7.85049988 1.4600000300000002
v 11.1330003 -7.85049988 1.4600000300000002
v 13.18299998 -7.85049988 3.3306690738754696e-16
v 5.84100006 -7.85049988 1.7323190614126363
v 7.89099974 -7.85049988 3.44999988
v 5.84100006 -7.85049988 3.4499998800000005
v 7.89099974 -7.85049988 3.44999988
v 5.84100006 -7.85049988 1.7323190614126363
v 7.89099974 -7.85049988 1.7300743581253228
v 7.89099974 -7.85049988 1.4600000300000002
v 5.841000060000001 -7.85049988 8.366368694232603e-16
v 7.89099974 -7.85049988 4.440892098500626e-16
v 5.84100006 -7.85049988 1.4600000300000002
v 7.89099974 -7.85049988 1.4600000300000002
v 7.89099974 -7.85049988 1.7300743581253228
v 7.89099974 -7.85049988 1.7300743581253228
v 5.84100006 -7.85049988 1.7323190614126363
v 5.84100006 -7.85049988 1.4600000300000002
v 5.841000060000001 -7.85049988 8.366368694232603e-16
v 7.89099974 -7.85049988 1.4600000300000002
v 5.84100006 -7.85049988 1.4600000300000002
v 12.53999969 5.52649988 7.62499969
v 11.40999967 5.52649988 7.6391934
v 11.40999967 5.52649988 7.62499969
v 11.40999967 5.52649988 7.6391934
v 12.53999969 5.52649988 7.62499969
v 12.53999969 5.52649988 7.6391934
v 10.78000014 5.52649988 7.62499969
v 9.65000012 5.52649988 7.6391934
v 9.65000012 5.52649988 7.62499969
v 9.65000012 5.52649988 7.6391934
v 10.78000014 5.52649988 7.62499969
v 10.78000014 5.52649988 7.6391934
v 9.01999982 5.52649988 7.62499969
v 7.8899998 5.52649988 7.6391934
v 7.8899998 5.52649988 7.62499969
v 7.8899998 5.52649988 7.6391934
v 9.01999982 5.52649988 7.62499969
v 9.01999982 5.52649988 7.6391934
v 7.26000027 5.52649988 7.62499969
v 6.12999986 5.52649988 7.6391934
v 6.12999986 5.52649988 7.62499969
v 6.12999986 5.52649988 7.6391934
v 7.26000027 5.52649988 7.62499969
v 7.26000027 5.52649988 7.6391934
v 5.49999995 5.52649988 7.62499969
v 4.36999993 5.52649988 7.6391934
v 4.36999993 5.52649988 7.62499969
v 4.36999993 5.52649988 7.6391934
v 5.49999995 5.52649988 7.62499969
v 5.49999995 5.52649988 7.6391934
v 17.44300041 4.91250015 3.98500017
v 16.74799943 4.91250015 4.14500009
v 16.74799943 4.91250015 3.98500017
v 16.74799943 4.91250015 4.14500009
v 17.44300041 4.91250015 3.98500017
v 17.44300041 4.91250015 4.14500009
v 16.74799943 3.253613092070698 4.14500009
v 16.74799943 4.91250015 3.98500017
v 16.74799943 4.91250015 4.14500009
v 16.74799943 4.91250015 3.98500017
v 16.74799943 3.253613092070698 4.14500009
v 16.74799943 3.2532436944016325 3.9850001700000006
v 16.74799943 3.2532436944016325 3.9850001700000006
v 16.74799943 1.8783255956867775 4.14500009
v 16.74799943 1.8780872600018652 3.98500017
v 16.74799943 1.8783255956867775 4.14500009
v 16.74799943 3.2532436944016325 3.9850001700000006
v 16.74799943 3.253613092070698 4.14500009
v 16.74799943 0.7869582955509816 4.14500009
v 16.74799943 -0.2510587202600069 4.14500009
v 16.74799943 -0.24883658041227263 3.9850001700000006
v 16.74799943 -0.24883658041227263 3.9850001700000006
v 16.74799943 0.7895517484819223 3.98500017
v 16.74799943 0.7869582955509816 4.14500009
v 16.74799943 1.8783255956867775 4.14500009
v 16.74799943 0.7869582955509816 4.14500009
v 16.74799943 0.7895517484819223 3.98500017
v 16.74799943 0.7895517484819223 3.98500017
v 16.74799943 1.8780872600018652 3.98500017
v 16.74799943 1.8783255956867775 4.14500009
v 16.74799943 -1.3518537242629522 3.9850001700000006
v 16.74799943 -2.5384784719745914 4.14500009
v 16.74799943 -2.5358850190436506 3.9850001700000006
v 16.74799943 -2.5384784719745914 4.14500009
v 16.74799943 -1.3518537242629522 3.9850001700000006
v 16.74799943 -1.3479588693662812 4.14500009
v 16.74799943 -0.24883658041227263 3.9850001700000006
v 16.74799943 -1.3479588693662812 4.14500009
v 16.74799943 -1.3518537242629522 3.9850001700000006
v 16.74799943 -1.3479588693662812 4.14500009
v 16.74799943 -0.24883658041227263 3.9850001700000006
v 16.74799943 -0.2510587202600069 4.14500009
v 16.74799943 -2.5358850190436506 3.9850001700000006
v 16.74799943 -3.735504991999122 4.14500009
v 16.74799943 -3.7395754532986314 3.98500017
v 16.74799943 -3.735504991999122 4.14500009
v 16.74799943 -2.5358850190436506 3.9850001700000006
v 16.74799943 -2.5384784719745914 4.14500009
v 16.74799943 -3.7395754532986314 3.98500017
v 16.74799943 -4.958500049999997 4.14500009
v 16.74799943 -4.958500049999998 3.98500017
v 16.74799943 -4.958500049999997 4.14500009
v 16.74799943 -3.7395754532986314 3.98500017
v 16.74799943 -3.735504991999122 4.14500009
v 16.74799943 -4.95850005 3.98500017
v 17.44300041 -4.95850005 4.14500009
v 17.44300041 -4.95850005 3.98500017
v 17.44300041 -4.95850005 4.14500009
v 16.74799943 -4.95850005 3.98500017
v 16.74799943 -4.95850005 4.14500009
v 18.53300055 4.91250015 4.14500009
v 17.64800031 4.91250015 4.30500002
v 17.64800031 4.91250015 4.14500009
v 17.64800031 4.91250015 4.30500002
v 18.53300055 4.91250015 4.14500009
v 18.53300055 4.91250015 4.30500002
v 17.64800031 -4.95850005 4.14500009
v 18.53300055 -4.95850005 4.30500002
v 18.53300055 -4.95850005 4.14500009
v 18.53300055 -4.95850005 4.30500002
v 17.64800031 -4.95850005 4.14500009
v 17.64800031 -4.95850005 4.30500002
v 17.64800031 -1.6454104129900968 4.30500002
v 18.53300055 -4.95850005 4.30500002
v 17.64800031 -4.95850005 4.30500002
v 18.53300055 -4.95850005 4.30500002
v 17.64800031 -1.6454104129900968 4.30500002
v 18.53300055 -1.6447866106322284 4.30500002
v 17.64800031 -1.6454104129900968 4.30500002
v 17.64800031 1.6362910413511846 4.30500002
v 18.53300055 1.6356144460125235 4.30500002
v 18.53300055 1.6356144460125235 4.30500002
v 18.53300055 -1.6447866106322284 4.30500002
v 17.64800031 -1.6454104129900968 4.30500002
v 17.64800031 1.6362910413511846 4.30500002
v 17.64800031 4.91250015 4.30500002
v 18.53300055 4.91250015 4.30500002
v 18.53300055 4.91250015 4.30500002
v 18.53300055 1.6356144460125235 4.30500002
v 17.64800031 1.6362910413511846 4.30500002
v 17.44300041 -4.95850005 3.98500017
v 17.44300041 -4.95850005 4.14500009
v 17.44300041 -5.25849996 4.14500009
v 17.44300041 -5.25849996 4.14500009
v 17.44300041 -5.25849996 3.98500017
v 17.44300041 -4.95850005 3.98500017
v 17.44300041 -5.25849996 4.14500009
v 18.53300055 -5.25849996 4.14500009
v 18.53300055 -5.25849996 3.98500017
v 18.53300055 -5.25849996 3.98500017
v 17.44300041 -5.25849996 3.98500017
v 17.44300041 -5.25849996 4.14500009
v 18.53300055 5.21250005 4.14500009
v 17.44300041 5.21250005 4.14500009
v 17.44300041 5.21250005 3.98500017
v 17.44300041 5.21250005 3.98500017
v 18.53300055 5.21250005 3.98500017
v 18.53300055 5.21250005 4.14500009
v 17.44300041 5.21250005 3.98500017
v 17.44300041 5.21250005 4.14500009
v 17.44300041 4.91250015 4.14500009
v 17.44300041 4.91250015 4.14500009
v 17.44300041 4.91250015 3.98500017
v 17.44300041 5.21250005 3.98500017
v 17.64800031 3.329297789674482 4.30500002
v 17.64800031 4.91250015 4.14500009
v 17.64800031 4.91250015 4.30500002
v 17.64800031 4.91250015 4.14500009
v 17.64800031 3.329297789674482 4.30500002
v 17.64800031 3.3292067051174867 4.14500009
v 17.64800031 3.3292067051174867 4.14500009
v 17.64800031 1.9542994862324312 4.30500002
v 17.64800031 1.9536860132616005 4.14500009
v 17.64800031 1.9542994862324312 4.30500002
v 17.64800031 3.3292067051174867 4.14500009
v 17.64800031 3.329297789674482 4.30500002
v 17.64800031 1.9542994862324312 4.30500002
v 17.64800031 0.786958295483254 4.30500002
v 17.64800031 0.7895517487383765 4.14500009
v 17.64800031 0.7895517487383765 4.14500009
v 17.64800031 1.9536860132616005 4.14500009
v 17.64800031 1.9542994862324312 4.30500002
v 17.64800031 0.786958295483254 4.30500002
v 17.64800031 -0.3152494802392682 4.30500002
v 17.64800031 -0.31341446145800633 4.14500009
v 17.64800031 -0.31341446145800633 4.14500009
v 17.64800031 0.7895517487383765 4.14500009
v 17.64800031 0.786958295483254 4.30500002
v 17.64800031 -1.44104772627817 4.14500009
v 17.64800031 -2.659159955962246 4.30500002
v 17.64800031 -2.6575573751924226 4.14500009
v 17.64800031 -2.659159955962246 4.30500002
v 17.64800031 -1.44104772627817 4.14500009
v 17.64800031 -1.4376181709129672 4.30500002
v 17.64800031 -0.31341446145800633 4.14500009
v 17.64800031 -1.4376181709129672 4.30500002
v 17.64800031 -1.44104772627817 4.14500009
v 17.64800031 -1.4376181709129672 4.30500002
v 17.64800031 -0.31341446145800633 4.14500009
v 17.64800031 -0.3152494802392682 4.30500002
v 17.64800031 -2.6575573751924226 4.14500009
v 17.64800031 -3.832019563190242 4.30500002
v 17.64800031 -3.8355350419496146 4.14500009
v 17.64800031 -3.832019563190242 4.30500002
v 17.64800031 -2.6575573751924226 4.14500009
v 17.64800031 -2.659159955962246 4.30500002
v 17.64800031 -3.8355350419496146 4.14500009
v 17.64800031 -4.958500049999997 4.30500002
v 17.64800031 -4.958500049999998 4.14500009
v 17.64800031 -4.958500049999997 4.30500002
v 17.64800031 -3.8355350419496146 4.14500009
v 17.64800031 -3.832019563190242 4.30500002
v 16.74799943 1.6914081059471366 4.14500009
v 16.74799943 4.91250015 4.14500009
v 17.44300041 4.91250015 4.14500009
v 17.64800031 4.91250015 4.14500009
v 17.44300041 5.21250005 4.14500009
v 18.53300055 5.21250005 4.14500009
v 18.53300055 5.21250005 4.14500009
v 18.53300055 4.91250015 4.14500009
v 17.64800031 4.91250015 4.14500009
v 17.44300041 4.91250015 4.14500009
v 17.64800031 1.668815851364351 4.14500009
v 16.74799943 1.6914081059471366 4.14500009
v 17.44300041 5.21250005 4.14500009
v 17.64800031 4.91250015 4.14500009
v 17.44300041 4.91250015 4.14500009
v 17.64800031 1.668815851364351 4.14500009
v 17.44300041 4.91250015 4.14500009
v 17.64800031 4.91250015 4.14500009
v 16.74799943 1.6914081059471366 4.14500009
v 17.64800031 -1.8463473564151271 4.14500009
v 16.74799943 -1.8697875886151358 4.14500009
v 17.64800031 -1.8463473564151271 4.14500009
v 16.74799943 1.6914081059471366 4.14500009
v 17.64800031 1.668815851364351 4.14500009
v 17.64800031 -4.958500050000002 4.14500009
v 18.53300055 -4.9585000500000005 4.14500009
v 18.53300055 -5.258499960000002 4.14500009
v 17.64800031 -4.958500050000002 4.14500009
v 17.44300041 -5.258499960000001 4.14500009
v 17.44300041 -4.958500050000002 4.14500009
v 17.44300041 -4.958500050000002 4.14500009
v 16.74799943 -4.958500050000001 4.14500009
v 16.74799943 -1.8697875886151358 4.14500009
v 17.44300041 -4.958500050000002 4.14500009
v 17.64800031 -1.8463473564151271 4.14500009
v 17.64800031 -4.958500050000002 4.14500009
v 17.44300041 -5.258499960000001 4.14500009
v 17.64800031 -4.958500050000002 4.14500009
v 18.53300055 -5.258499960000002 4.14500009
v 17.64800031 -1.8463473564151271 4.14500009
v 17.44300041 -4.958500050000002 4.14500009
v 16.74799943 -1.8697875886151358 4.14500009
v -0.69399998 -4.95850005 3.98500017
v 0.627 -4.95850005 3.98500017
v 0.627 -5.93849992 3.98500017
v 0.627 -5.93849992 3.98500017
v -0.9460000099999999 -5.93849992 3.98500017
v -0.9460000099999997 -5.78850016 3.98500017
v -0.7439999800000001 -4.95850005 3.98500017
v -2.2120000600000003 -5.78850016 3.98500017
v -2.21200006 -4.577500049999999 3.98500017
v -2.21200006 -4.577500049999999 3.98500017
v -0.74399998 -4.57750005 3.98500017
v -0.7439999800000001 -4.95850005 3.98500017
v -0.9460000099999997 -5.78850016 3.98500017
v -0.69399998 -4.95850005 3.98500017
v 0.627 -5.93849992 3.98500017
v -2.2120000600000003 -5.78850016 3.98500017
v -0.7439999800000001 -4.95850005 3.98500017
v -0.9460000099999997 -5.78850016 3.98500017
v -0.69399998 -4.95850005 3.98500017
v -0.9460000099999997 -5.78850016 3.98500017
v -0.7439999800000001 -4.95850005 3.98500017
v 4.224840021422155 6.609499660000001 4.14500009
v 2.4929999600000006 5.87649983 4.14500009
v 2.3430000100000004 5.87649983 4.14500009
v -0.9460000100000003 6.60949966 4.14500009
v 2.3430000100000004 5.87649983 4.14500009
v 0.73400001 5.87649983 4.14500009
v 0.58400001 5.87649983 4.14500009
v -0.9460000100000002 5.87649983 4.14500009
v -0.9460000100000003 6.60949966 4.14500009
v 4.108999970000001 5.87649983 4.14500009
v 4.224840021422155 6.609499660000001 4.14500009
v 4.225097301980472 5.87649983 4.14500009
v -0.9460000100000003 6.60949966 4.14500009
v 0.73400001 5.87649983 4.14500009
v 0.58400001 5.87649983 4.14500009
v 2.4929999600000006 5.87649983 4.14500009
v 4.224840021422155 6.609499660000001 4.14500009
v 4.108999970000001 5.87649983 4.14500009
v 2.3430000100000004 5.87649983 4.14500009
v -0.9460000100000003 6.60949966 4.14500009
v 4.224840021422155 6.609499660000001 4.14500009
v 7.823000010000003 5.87649983 4.14500009
v 9.405213409882451 6.60949966 4.14500009
v 9.40518253594452 5.87649983 4.14500009
v 9.405213409882451 6.60949966 4.14500009
v 6.041999810000001 5.87649983 4.14500009
v 4.224840021422155 6.609499660000001 4.14500009
v 4.224840021422155 6.609499660000001 4.14500009
v 5.892000050000001 5.87649983 4.14500009
v 4.259000110000001 5.87649983 4.14500009
v 4.259000110000001 5.87649983 4.14500009
v 4.225097301980472 5.87649983 4.14500009
v 4.224840021422155 6.609499660000001 4.14500009
v 7.672999870000002 5.87649983 4.14500009
v 9.405213409882451 6.60949966 4.14500009
v 7.823000010000003 5.87649983 4.14500009
v 5.892000050000001 5.87649983 4.14500009
v 4.224840021422155 6.609499660000001 4.14500009
v 6.041999810000001 5.87649983 4.14500009
v 6.041999810000001 5.87649983 4.14500009
v 9.405213409882451 6.60949966 4.14500009
v 7.672999870000002 5.87649983 4.14500009
v 13.149000500000003 5.87649983 4.14500009
v 14.609999690000004 6.60949966 4.14500009
v 14.609999690000004 5.87649983 4.14500009
v 14.609999690000004 6.60949966 4.14500009
v 13.149000500000003 5.87649983 4.14500009
v 13.148256360000003 5.87649983 4.14500009
v 14.609999690000004 6.60949966 4.14500009
v 12.999000350000001 5.87649983 4.14500009
v 11.376000200000002 5.87649983 4.14500009
v 9.405213409882451 6.60949966 4.14500009
v 9.449999930000002 5.87649983 4.14500009
v 9.40518253594452 5.87649983 4.14500009
v 12.999000350000001 5.87649983 4.14500009
v 14.609999690000004 6.60949966 4.14500009
v 13.148256360000003 5.87649983 4.14500009
v 9.405213409882451 6.60949966 4.14500009
v 11.376000200000002 5.87649983 4.14500009
v 11.226000050000001 5.87649983 4.14500009
v 9.449999930000002 5.87649983 4.14500009
v 9.405213409882451 6.60949966 4.14500009
v 9.600000070000002 5.87649983 4.14500009
v 11.376000200000002 5.87649983 4.14500009
v 9.405213409882451 6.60949966 4.14500009
v 14.609999690000004 6.60949966 4.14500009
v 9.600000070000002 5.87649983 4.14500009
v 9.405213409882451 6.60949966 4.14500009
v 11.226000050000001 5.87649983 4.14500009
v 13.1490005 5.87649983 4.14500009
v 13.14825636 5.87649983 4.14500009
v 13.14825636 5.87649983 3.9850001700000006
v 13.14825636 5.87649983 3.9850001700000006
v 13.1490005 5.87649983 3.98500017
v 13.1490005 5.87649983 4.14500009
v 13.1490005 5.87649983 4.14500009
v 14.60999969 5.87649983 4.14500009
v 14.60999969 5.87649983 3.9850001700000006
v 14.60999969 5.87649983 3.9850001700000006
v 13.1490005 5.87649983 3.98500017
v 13.1490005 5.87649983 4.14500009
v -0.9460000100000001 5.87649983 4.14500009
v 0.58400001 5.87649983 3.98500017
v -0.9460000100000001 5.87649983 3.98500017
v 0.58400001 5.87649983 3.98500017
v -0.9460000100000001 5.87649983 4.14500009
v 0.58400001 5.87649983 4.14500009
v 6.04199981 5.87649983 3.98500017
v 7.67299987 5.87649983 4.14500009
v 7.67299987 5.87649983 3.98500017
v 7.67299987 5.87649983 4.14500009
v 6.04199981 5.87649983 3.98500017
v 6.04199981 5.87649983 4.14500009
v 10.785595825228139 -6.9185001800000006 4.14500009
v 11.42700018 -5.93849992 4.14500009
v 13.04199928 -5.93849992 4.14500009
v 13.19199943 -5.93849992 4.14500009
v 14.60999969 -5.93849992 4.14500009
v 14.60999969 -6.91850018 4.14500009
v 11.27700004 -5.93849992 4.14500009
v 10.785595825228139 -6.9185001800000006 4.14500009
v 10.78561305727403 -5.93849992 4.14500009
v 11.42700018 -5.93849992 4.14500009
v 10.785595825228139 -6.9185001800000006 4.14500009
v 11.27700004 -5.93849992 4.14500009
v 13.04199928 -5.93849992 4.14500009
v 13.19199943 -5.93849992 4.14500009
v 14.60999969 -6.91850018 4.14500009
v 10.785595825228139 -6.9185001800000006 4.14500009
v 13.04199928 -5.93849992 4.14500009
v 14.60999969 -6.91850018 4.14500009
v 7.722999910000001 -5.93849992 4.14500009
v 6.953509244206566 -6.91850018 4.14500009
v 6.9535650568205165 -5.938499920000001 4.14500009
v 6.953509244206566 -6.91850018 4.14500009
v 7.873000060000001 -5.93849992 4.14500009
v 9.50600038 -5.93849992 4.14500009
v 9.65599976 -5.93849992 4.14500009
v 10.78561305727403 -5.93849992 4.14500009
v 10.785595825228139 -6.9185001800000006 4.14500009
v 7.873000060000001 -5.93849992 4.14500009
v 6.953509244206566 -6.91850018 4.14500009
v 7.722999910000001 -5.93849992 4.14500009
v 10.785595825228139 -6.9185001800000006 4.14500009
v 9.50600038 -5.93849992 4.14500009
v 9.65599976 -5.93849992 4.14500009
v 9.50600038 -5.93849992 4.14500009
v 10.785595825228139 -6.9185001800000006 4.14500009
v 6.953509244206566 -6.91850018 4.14500009
v 4.165999980000002 -5.93849992 4.14500009
v 3.045354511674997 -6.9185001800000006 4.14500009
v 3.0450056090993423 -5.93849992 4.14500009
v 3.045354511674997 -6.9185001800000006 4.14500009
v 4.165999980000002 -5.93849992 4.14500009
v 4.316000120000001 -5.93849992 4.14500009
v 6.953509244206566 -6.91850018 4.14500009
v 5.94100016 -5.93849992 4.14500009
v 6.090999920000002 -5.93849992 4.14500009
v 6.090999920000002 -5.93849992 4.14500009
v 6.9535650568205165 -5.938499920000001 4.14500009
v 6.953509244206566 -6.91850018 4.14500009
v 3.045354511674997 -6.9185001800000006 4.14500009
v 4.316000120000001 -5.93849992 4.14500009
v 6.953509244206566 -6.91850018 4.14500009
v 5.94100016 -5.93849992 4.14500009
v 6.953509244206566 -6.91850018 4.14500009
v 4.316000120000001 -5.93849992 4.14500009
v 0.6270000000000027 -5.938499920000001 4.14500009
v -0.9460000100000002 -6.9185001800000006 4.14500009
v -0.9460000099999988 -5.93849992 4.14500009
v 3.045354511674997 -6.9185001800000006 4.14500009
v 0.7770000100000014 -5.93849992 4.14500009
v 2.552999980000001 -5.93849992 4.14500009
v 2.552999980000001 -5.93849992 4.14500009
v 3.0450056090993423 -5.93849992 4.14500009
v 3.045354511674997 -6.9185001800000006 4.14500009
v 0.7770000100000014 -5.93849992 4.14500009
v -0.9460000100000002 -6.9185001800000006 4.14500009
v 0.6270000000000027 -5.938499920000001 4.14500009
v -0.9460000100000002 -6.9185001800000006 4.14500009
v 0.7770000100000014 -5.93849992 4.14500009
v 3.045354511674997 -6.9185001800000006 4.14500009
v 0.6270000000000001 -5.93849992 3.98500017
v -0.94600001 -5.93849992 4.14500009
v -0.94600001 -5.93849992 3.98500017
v -0.94600001 -5.93849992 4.14500009
v 0.6270000000000001 -5.93849992 3.98500017
v 0.6270000000000002 -5.93849992 4.14500009
v 14.60999969 -5.93849992 3.98500017
v 13.19199943 -5.93849992 4.14500009
v 13.19199943 -5.93849992 3.9850001699999997
v 13.19199943 -5.93849992 4.14500009
v 14.60999969 -5.93849992 3.98500017
v 14.60999969 -5.93849992 4.14500009
v 7.72299991 -5.93849992 4.14500009
v 6.09099992 -5.93849992 4.14500009
v 6.09099992 -5.93849992 3.98500017
v 6.09099992 -5.93849992 3.98500017
v 7.72299991 -5.93849992 3.98500017
v 7.72299991 -5.93849992 4.14500009
v 15.63099939 -5.78850016 4.14500009
v 16.23099998 -6.23550001 4.14500009
v 15.63099939 -6.23550001 4.14500009
v 16.23099998 -6.23550001 4.14500009
v 15.63099939 -5.78850016 4.14500009
v 16.23099998 -5.78850016 4.14500009
v 16.23099998 -6.23550001 4.14500009
v 16.23099998 -5.78850016 3.98500017
v 16.23099998 -6.23550001 3.98500017
v 16.23099998 -5.78850016 3.98500017
v 16.23099998 -6.23550001 4.14500009
v 16.23099998 -5.78850016 4.14500009
v 16.23099998 -5.78850016 4.14500009
v 15.63099939 -5.78850016 4.14500009
v 15.63099939 -5.78850016 3.98500017
v 15.63099939 -5.78850016 3.98500017
v 16.23099998 -5.78850016 3.98500017
v 16.23099998 -5.78850016 4.14500009
v 17.20199962 6.609499660000001 3.98500017
v 17.20199962 6.90949996 3.98500017
v 18.83299929 6.90949996 3.98500017
v 18.83299929 6.90949996 3.98500017
v 18.83299929 5.7785 3.98500017
v 18.53300055 5.7785 3.98500017
v 18.53300055 5.7785 3.98500017
v 18.53300055 5.21250005 3.98500017
v 17.44300041 5.21250005 3.98500017
v 17.44300041 5.21250005 3.98500017
v 17.44300041 4.912500149999999 3.98500017
v 16.747999430000004 4.91250015 3.98500017
v 16.747999430000004 4.91250015 3.98500017
v 16.171378331671562 4.91250015 3.98500017
v 15.864738973865377 6.609499660000001 3.98500017
v 17.20199962 6.609499660000001 3.98500017
v 18.83299929 6.90949996 3.98500017
v 18.53300055 5.7785 3.98500017
v 17.20199962 6.609499660000001 3.98500017
v 17.44300041 5.21250005 3.98500017
v 16.747999430000004 4.91250015 3.98500017
v 16.747999430000004 4.91250015 3.98500017
v 15.864738973865377 6.609499660000001 3.98500017
v 17.20199962 6.609499660000001 3.98500017
v 17.44300041 5.21250005 3.98500017
v 17.20199962 6.609499660000001 3.98500017
v 18.53300055 5.7785 3.98500017
v 14.60999969 5.72650007 3.98500017
v 13.1490005 4.91250015 3.98500017
v 13.149000500000001 5.72650007 3.98500017
v 14.60999969 5.72650007 3.98500017
v 13.1490005 5.87649983 3.98500017
v 14.60999969 5.87649983 3.98500017
v 15.63099939 5.72650007 3.98500017
v 15.63099939 6.60949966 3.98500017
v 15.864738973865377 6.609499660000001 3.98500017
v 15.63099939 5.72650007 3.98500017
v 16.171378331671562 4.91250015 3.98500017
v 15.8480001 4.912500149999999 3.98500017
v 13.1490005 5.87649983 3.98500017
v 14.60999969 5.72650007 3.98500017
v 13.149000500000001 5.72650007 3.98500017
v 16.171378331671562 4.91250015 3.98500017
v 15.63099939 5.72650007 3.98500017
v 15.864738973865377 6.609499660000001 3.98500017
v 13.1490005 4.91250015 3.98500017
v 14.60999969 5.72650007 3.98500017
v 15.8480001 4.912500149999999 3.98500017
v 14.60999969 5.72650007 3.98500017
v 15.63099939 5.72650007 3.98500017
v 15.8480001 4.912500149999999 3.98500017
v 16.74799943 -1.7056720980808355 3.98500017
v 16.74799943 -4.95850005 3.98500017
v 15.848000100000002 -4.95850005 3.98500017
v 15.848000100000002 -4.95850005 3.98500017
v 15.848000100000002 -1.70485574417346 3.98500017
v 16.74799943 -1.7056720980808355 3.98500017
v 16.74799943 -1.7056720980808355 3.98500017
v 15.848000099999998 1.5828608113143723 3.98500017
v 16.74799943 1.5837449392847358 3.98500017
v 15.848000099999998 1.5828608113143723 3.98500017
v 16.74799943 -1.7056720980808355 3.98500017
v 15.848000100000002 -1.70485574417346 3.98500017
v 16.74799943 1.5837449392847358 3.98500017
v 15.8480001 4.91250015 3.98500017
v 16.74799943 4.912500150000001 3.98500017
v 15.8480001 4.91250015 3.98500017
v 16.74799943 1.5837449392847358 3.98500017
v 15.848000099999998 1.5828608113143723 3.98500017
v 13.976569029888246 3.6700000200000003 0.0
v 13.381000290000001 3.67000002 0.0
v 13.38100029 4.19500014 0.0
v 13.38100029 4.19500014 0.0
v 12.261774407774665 4.195000140000001 0.0
v 12.310365309031985 5.59049985 0.0
v 13.38100029 4.19500014 0.0
v 14.701766657678917 5.59049985 0.0
v 13.976569029888246 3.6700000200000003 0.0
v 14.701766657678917 5.59049985 0.0
v 13.38100029 4.19500014 0.0
v 12.310365309031985 5.59049985 0.0
v 15.78800066 -0.3513172548411312 0.0
v 15.14299972 2.6288658359083907 0.0
v 15.78800066 2.695957767777541 0.0
v 15.14299972 2.6288658359083907 0.0
v 15.78800066 -0.3513172548411312 0.0
v 15.14299972 -0.35542761713515514 0.0
v 15.78800066 -3.06350002 0.0
v 15.14299972 -3.1188455753482884 0.0
v 15.14299972 -0.35542761713515514 0.0
v 15.14299972 -0.35542761713515514 0.0
v 15.78800066 -0.3513172548411312 0.0
v 15.78800066 -3.06350002 0.0
v 15.78800066 -3.2887362661165778 0.0
v 16.0879994 -3.06350002 0.0
v 16.0879994 -3.3677547450171144 0.0
v 15.14299972 -3.1188455753482884 0.0
v 15.78800066 -3.06350002 0.0
v 15.78800066 -3.2887362661165778 0.0
v 16.0879994 -3.06350002 0.0
v 15.78800066 -3.2887362661165778 0.0
v 15.78800066 -3.06350002 0.0
v 11.077276000479753 -5.63850002 0.0
v 8.512777355576954 -5.63850002 0.0
v 8.4521802181107 -4.19500014 0.0
v 8.4521802181107 -4.19500014 0.0
v 11.14920579134023 -4.19500014 0.0
v 11.077276000479753 -5.63850002 0.0
v 13.38100029 -3.8602921316137104 0.0
v 13.381000290000001 -3.670000019999999 0.0
v 14.264000660000002 -3.670000019999999 0.0
v 14.264000660000002 -3.670000019999999 0.0
v 14.26400066 -3.14500009 0.0
v 15.14299972 -3.145000090000001 0.0
v 15.14299972 -3.145000090000001 0.0
v 15.14299972 -3.1188455753482884 0.0
v 15.78800066 -3.2887362661165778 0.0
v 15.78800066 -4.401499939999999 0.0
v 16.0879994 -3.3677547450171144 0.0
v 16.0879994 -4.401499940000001 0.0
v 15.78800066 -4.401499939999999 0.0
v 15.788000660000002 -5.638500020000002 0.0
v 13.86343242461987 -5.638500020000001 0.0
v 13.86343242461987 -5.638500020000001 0.0
v 13.38100029 -3.8602921316137104 0.0
v 14.264000660000002 -3.670000019999999 0.0
v 15.78800066 -4.401499939999999 0.0
v 15.14299972 -3.145000090000001 0.0
v 15.78800066 -3.2887362661165778 0.0
v 16.0879994 -3.3677547450171144 0.0
v 15.78800066 -4.401499939999999 0.0
v 15.78800066 -3.2887362661165778 0.0
v 15.78800066 -4.401499939999999 0.0
v 13.86343242461987 -5.638500020000001 0.0
v 14.264000660000002 -3.670000019999999 0.0
v 15.14299972 -3.145000090000001 0.0
v 15.78800066 -4.401499939999999 0.0
v 14.264000660000002 -3.670000019999999 0.0
v 15.142999720000002 3.14500009 0.0
v 14.26400066 3.14500009 0.0
v 14.264000660000002 3.6700000199999994 0.0
v 14.264000660000002 3.6700000199999994 0.0
v 13.976569029888246 3.6700000200000003 0.0
v 14.701766657678917 5.59049985 0.0
v 14.701766657678917 5.59049985 0.0
v 15.78800066 5.59049985 0.0
v 15.78800066 4.35350016 0.0
v 15.788000660000002 3.0195 0.0
v 16.0879994 4.35350016 0.0
v 16.0879994 3.0195 0.0
v 15.788000660000002 3.0195 0.0
v 15.78800066 2.695957767777541 0.0
v 15.14299972 2.6288658359083907 0.0
v 15.78800066 4.35350016 0.0
v 14.264000660000002 3.6700000199999994 0.0
v 14.701766657678917 5.59049985 0.0
v 16.0879994 4.35350016 0.0
v 15.788000660000002 3.0195 0.0
v 15.78800066 4.35350016 0.0
v 15.788000660000002 3.0195 0.0
v 15.14299972 2.6288658359083907 0.0
v 15.142999720000002 3.14500009 0.0
v 14.264000660000002 3.6700000199999994 0.0
v 15.78800066 4.35350016 0.0
v 15.142999720000002 3.14500009 0.0
v 15.78800066 4.35350016 0.0
v 15.788000660000002 3.0195 0.0
v 15.142999720000002 3.14500009 0.0
v 12.261774407774665 4.195000140000001 0.0
v 10.015657990614148 4.19500014 0.0
v 10.020345191303473 5.59049985 0.0
v 10.020345191303473 5.59049985 0.0
v 12.310365309031985 5.59049985 0.0
v 12.261774407774665 4.195000140000001 0.0
v 6.204000000000004 5.59049985 0.0
v 5.427410376588618 4.19500014 0.0
v 5.270424210240962 5.59049985 0.0
v 6.204000000000004 5.59049985 0.0
v 6.204000000000003 6.5204996699999995 0.0
v 7.530000070000002 6.52049967 0.0
v 7.530000070000001 5.59049985 0.0
v 7.822234542362297 5.5904998500000005 0.0
v 7.637269397131309 4.19500014 0.0
v 5.427410376588618 4.19500014 0.0
v 6.204000000000004 5.59049985 0.0
v 7.637269397131309 4.19500014 0.0
v 6.204000000000004 5.59049985 0.0
v 7.530000070000002 6.52049967 0.0
v 7.530000070000001 5.59049985 0.0
v 7.530000070000001 5.59049985 0.0
v 7.637269397131309 4.19500014 0.0
v 6.204000000000004 5.59049985 0.0
v 12.842999800000001 -5.638500020000001 0.0
v 12.8429998 -6.09530282425672 0.0
v 11.513000360000001 -5.920900543011385 0.0
v 11.51300036 -5.63850002 0.0
v 11.077276000479753 -5.63850002 0.0
v 11.14920579134023 -4.19500014 0.0
v 13.38100029 -4.195000140000001 0.0
v 13.38100029 -3.8602921316137104 0.0
v 13.86343242461987 -5.638500020000001 0.0
v 12.842999800000001 -5.638500020000001 0.0
v 11.513000360000001 -5.920900543011385 0.0
v 11.51300036 -5.63850002 0.0
v 12.842999800000001 -5.638500020000001 0.0
v 11.14920579134023 -4.19500014 0.0
v 13.38100029 -4.195000140000001 0.0
v 13.38100029 -4.195000140000001 0.0
v 13.86343242461987 -5.638500020000001 0.0
v 12.842999800000001 -5.638500020000001 0.0
v 11.14920579134023 -4.19500014 0.0
v 12.842999800000001 -5.638500020000001 0.0
v 11.51300036 -5.63850002 0.0
v 12.8429998 -6.568499839999999 0.0
v 13.182999980000002 -6.56849984 0.0
v 13.18299998 -7.850499879999999 0.0
v 11.51300036 -6.568499840000002 0.0
v 11.133000300000003 -7.85049988 0.0
v 11.133000300000003 -6.56849984 0.0
v 11.51300036 -6.568499840000002 0.0
v 11.513000360000001 -5.920900543011385 0.0
v 12.8429998 -6.09530282425672 0.0
v 11.133000300000003 -7.85049988 0.0
v 11.51300036 -6.568499840000002 0.0
v 13.18299998 -7.850499879999999 0.0
v 11.51300036 -6.568499840000002 0.0
v 12.8429998 -6.09530282425672 0.0
v 12.8429998 -6.568499839999999 0.0
v 12.8429998 -6.568499839999999 0.0
v 13.18299998 -7.850499879999999 0.0
v 11.51300036 -6.568499840000002 0.0
v 7.551000340000002 -6.56849984 0.0
v 7.890999740000002 -6.568499839999999 0.0
v 7.890999740000003 -7.85049988 0.0
v 6.22100012 -6.568499840000001 0.0
v 5.841000060000001 -7.850499880000001 0.0
v 5.841000060000002 -6.568499840000001 0.0
v 6.22100012 -6.568499840000001 0.0
v 6.22100012 -5.889042568247763 0.0
v 7.551000340000003 -6.09226959292622 0.0
v 5.841000060000001 -7.850499880000001 0.0
v 6.22100012 -6.568499840000001 0.0
v 7.890999740000003 -7.85049988 0.0
v 6.22100012 -6.568499840000001 0.0
v 7.551000340000003 -6.09226959292622 0.0
v 7.551000340000002 -6.56849984 0.0
v 7.551000340000002 -6.56849984 0.0
v 7.890999740000003 -7.85049988 0.0
v 6.22100012 -6.568499840000001 0.0
v 7.5510003400000025 -5.638500020000002 0.0
v 7.551000340000003 -6.09226959292622 0.0
v 6.22100012 -5.889042568247763 0.0
v 6.221000119999999 -5.638500020000001 0.0
v 5.7690508639086815 -5.638500020000001 0.0
v 5.831367964756357 -4.19500014 0.0
v 7.5510003400000025 -5.638500020000002 0.0
v 8.4521802181107 -4.19500014 0.0
v 8.512777355576954 -5.63850002 0.0
v 7.5510003400000025 -5.638500020000002 0.0
v 6.22100012 -5.889042568247763 0.0
v 6.221000119999999 -5.638500020000001 0.0
v 7.5510003400000025 -5.638500020000002 0.0
v 5.831367964756357 -4.19500014 0.0
v 8.4521802181107 -4.19500014 0.0
v 5.831367964756357 -4.19500014 0.0
v 7.5510003400000025 -5.638500020000002 0.0
v 6.221000119999999 -5.638500020000001 0.0
v 10.015657990614148 4.19500014 0.0
v 7.637269397131309 4.19500014 0.0
v 7.822234542362297 5.5904998500000005 0.0
v 7.822234542362297 5.5904998500000005 0.0
v 10.020345191303473 5.59049985 0.0
v 10.015657990614148 4.19500014 0.0
v 5.7690508639086815 -5.638500020000001 0.0
v 2.9988624075706882 -5.638500020000001 0.0
v 3.0208668347059837 -4.1950001399999985 0.0
v 3.0208668347059837 -4.1950001399999985 0.0
v 5.831367964756357 -4.19500014 0.0
v 5.7690508639086815 -5.638500020000001 0.0
v 2.2700000100000026 -6.5684998399999985 0.0
v 2.6099999900000035 -6.568499840000001 0.0
v 2.6099999900000053 -7.850499879999999 0.0
v 0.9399999900000036 -6.568499840000001 0.0
v 0.5600000200000048 -7.85049988 0.0
v 0.5600000200000034 -6.568499840000001 0.0
v 2.2700000100000026 -6.5684998399999985 0.0
v 0.9399999900000027 -5.919560517880843 0.0
v 2.270000010000005 -5.914229475175442 0.0
v 0.9399999900000036 -6.568499840000001 0.0
v 2.6099999900000053 -7.850499879999999 0.0
v 0.5600000200000048 -7.85049988 0.0
v 0.9399999900000027 -5.919560517880843 0.0
v 2.2700000100000026 -6.5684998399999985 0.0
v 0.9399999900000036 -6.568499840000001 0.0
v 2.6099999900000053 -7.850499879999999 0.0
v 0.9399999900000036 -6.568499840000001 0.0
v 2.2700000100000026 -6.5684998399999985 0.0
v 1.4799999700000037 1.559743649510081 0.0
v 3.622102617839573e-15 -0.8214673913589672 0.0
v 1.9359513991901167e-15 1.5186199967285168 0.0
v 3.622102617839573e-15 -0.8214673913589672 0.0
v 1.4799999700000037 1.559743649510081 0.0
v 1.4799999700000022 -0.9620572198349402 0.0
v 3.622102617839573e-15 -0.8214673913589672 0.0
v 1.4799999700000022 -0.9620572198349402 0.0
v 0.05868961955593603 -0.9583858525223765 0.0
v -0.6979804982542288 0.8068685301572165 0.0
v -0.08209046755765403 1.516339010273823 0.0
v -0.01999999999999725 1.5180642716796635 0.0
v -0.01999999999999725 1.5180642716796635 0.0
v -0.019999999999995258 -0.7748088980174193 0.0
v -0.6979804982542288 0.8068685301572165 0.0
v 1.4799999700000033 4.19500014 0.0
v 1.4799999700000022 3.5107108508349922 0.0
v 0.19685935462681856 4.0336492512305515 0.0
v 1.4799999700000033 4.19500014 0.0
v -0.0010726246219931387 5.59049985 0.0
v 2.658701075492238 5.59049985 0.0
v 2.658701075492238 5.59049985 0.0
v 2.72482547757816 4.19500014 0.0
v 1.4799999700000033 4.19500014 0.0
v -0.0010726246219931387 5.59049985 0.0
v 1.4799999700000033 4.19500014 0.0
v 0.19685935462681856 4.0336492512305515 0.0
v 5.270424210240962 5.59049985 0.0
v 2.72482547757816 4.19500014 0.0
v 2.658701075492238 5.59049985 0.0
v 2.72482547757816 4.19500014 0.0
v 5.270424210240962 5.59049985 0.0
v 5.427410376588618 4.19500014 0.0
v 0.9399999900000028 -5.638500020000001 0.0
v 2.270000010000005 -5.914229475175442 0.0
v 0.9399999900000027 -5.919560517880843 0.0
v 0.9399999900000028 -5.638500020000001 0.0
v 0.2549691487575366 -5.63850002 0.0
v 0.4267762141186531 -3.833045263678274 0.0
v 0.4267762141186531 -3.833045263678274 0.0
v 1.479999970000004 -3.4156174367812397 0.0
v 1.479999970000003 -4.195000139999999 0.0
v 2.2700000100000035 -5.638500020000001 0.0
v 3.0208668347059837 -4.1950001399999985 0.0
v 2.9988624075706882 -5.638500020000001 0.0
v 2.270000010000005 -5.914229475175442 0.0
v 0.9399999900000028 -5.638500020000001 0.0
v 2.2700000100000035 -5.638500020000001 0.0
v 0.9399999900000028 -5.638500020000001 0.0
v 0.4267762141186531 -3.833045263678274 0.0
v 1.479999970000003 -4.195000139999999 0.0
v 3.0208668347059837 -4.1950001399999985 0.0
v 2.2700000100000035 -5.638500020000001 0.0
v 1.479999970000003 -4.195000139999999 0.0
v 2.2700000100000035 -5.638500020000001 0.0
v 0.9399999900000028 -5.638500020000001 0.0
v 1.479999970000003 -4.195000139999999 0.0
v 1.479999970000004 -3.4156174367812397 0.0
v 4.829470157119431e-15 -1.0152116581166406 0.0
v 1.4799999700000022 -0.9620572198349402 0.0
v 4.829470157119431e-15 -1.0152116581166406 0.0
v 0.05868961955593603 -0.9583858525223765 0.0
v 1.4799999700000022 -0.9620572198349402 0.0
v 5.6066262743570405e-15 -3.5657861116420695 0.0
v 1.479999970000004 -3.4156174367812397 0.0
v 0.4267762141186531 -3.833045263678274 0.0
v 4.829470157119431e-15 -1.0152116581166406 0.0
v 1.479999970000004 -3.4156174367812397 0.0
v 5.6066262743570405e-15 -3.5657861116420695 0.0
v -0.019999999999995355 -3.5532615545934463 0.0
v -0.5355599317635361 -1.5337637427398736 0.0
v -0.01999999999999702 -1.0345765154880913 0.0
v -0.5355599317635361 -1.5337637427398736 0.0
v -0.019999999999995355 -3.5532615545934463 0.0
v -0.20784716927737895 -3.435626425191607 0.0
v -0.5355599317635361 -1.5337637427398736 0.0
v -0.019999999999995258 -0.7748088980174193 0.0
v -0.01999999999999702 -1.0345765154880913 0.0
v -0.019999999999995258 -0.7748088980174193 0.0
v -0.5355599317635361 -1.5337637427398736 0.0
v -2.222000029999999 -1.485585463822475 0.0
v -2.222000029999999 -1.485585463822475 0.0
v -2.2220000299999985 0.7720039400197836 0.0
v -0.6979804982542288 0.8068685301572165 0.0
v -0.019999999999995258 -0.7748088980174193 0.0
v -2.222000029999999 -1.485585463822475 0.0
v -0.6979804982542288 0.8068685301572165 0.0
v 0.05868961955593603 -0.9583858525223765 0.0
v 4.829470157119431e-15 -1.0152116581166406 0.0
v 3.622102617839573e-15 -0.8214673913589672 0.0
v -0.72705435349076 3.1908154875055565 0.0
v -0.08209046755765403 1.516339010273823 0.0
v -0.6979804982542288 0.8068685301572165 0.0
v -0.72705435349076 3.1908154875055565 0.0
v -2.2220000299999985 0.7720039400197836 0.0
v -2.222000029999996 3.315018882610321 0.0
v -2.2220000299999985 0.7720039400197836 0.0
v -0.72705435349076 3.1908154875055565 0.0
v -0.6979804982542288 0.8068685301572165 0.0
v 1.4799999700000022 3.5107108508349922 0.0
v 2.3869795029440866e-15 3.8540656934515 0.0
v 0.19685935462681856 4.0336492512305515 0.0
v 1.9359513991901167e-15 1.5186199967285168 0.0
v 1.4799999700000022 3.5107108508349922 0.0
v 1.4799999700000037 1.559743649510081 0.0
v 1.4799999700000022 3.5107108508349922 0.0
v 1.9359513991901167e-15 1.5186199967285168 0.0
v 2.3869795029440866e-15 3.8540656934515 0.0
v -0.01999999999999725 1.5180642716796635 0.0
v -0.72705435349076 3.1908154875055565 0.0
v -0.01999999999999635 3.8358208345145717 0.0
v -0.72705435349076 3.1908154875055565 0.0
v -0.01999999999999725 1.5180642716796635 0.0
v -0.08209046755765403 1.516339010273823 0.0
v -0.20784716927737895 -3.435626425191607 0.0
v -0.019999999999995355 -3.5532615545934463 0.0
v -0.019999999999995716 -3.98650008 0.0
v 5.578870698741412e-15 -3.9964998599999992 0.0
v 5.6066262743570405e-15 -3.5657861116420695 0.0
v 0.4267762141186531 -3.833045263678274 0.0
v 5.578870698741412e-15 -3.9964998599999992 0.0
v 0.2549691487575366 -5.63850002 0.0
v -0.803999999999994 -5.63850002 0.0
v -1.2000000099999952 -3.9964998599999992 0.0
v -2.222000029999997 -5.638500020000002 0.0
v -2.2220000299999967 -3.8483612132220433 0.0
v -1.2000000099999968 -3.98650008 0.0
v -0.20784716927737895 -3.435626425191607 0.0
v -0.019999999999995716 -3.98650008 0.0
v 0.2549691487575366 -5.63850002 0.0
v 5.578870698741412e-15 -3.9964998599999992 0.0
v 0.4267762141186531 -3.833045263678274 0.0
v -0.20784716927737895 -3.435626425191607 0.0
v -1.2000000099999968 -3.98650008 0.0
v -2.2220000299999967 -3.8483612132220433 0.0
v -1.2000000099999952 -3.9964998599999992 0.0
v 5.578870698741412e-15 -3.9964998599999992 0.0
v -0.803999999999994 -5.63850002 0.0
v -2.2220000299999967 -3.8483612132220433 0.0
v -1.2000000099999968 -3.98650008 0.0
v -1.2000000099999952 -3.9964998599999992 0.0
v -2.222000029999997 -5.638500020000002 0.0
v -1.2000000099999952 -3.9964998599999992 0.0
v -0.803999999999994 -5.63850002 0.0
v 0.19685935462681856 4.0336492512305515 0.0
v 2.3869795029440866e-15 3.8540656934515 0.0
v 3.551233289912465e-15 3.99649986 0.0
v -0.8039999999999945 5.59049985 0.0
v -2.2220000299999976 3.99649986 0.0
v -2.2220000299999976 5.59049985 0.0
v 3.551233289912465e-15 3.99649986 0.0
v -0.8039999999999945 5.59049985 0.0
v -0.0010726246219931387 5.59049985 0.0
v -0.0010726246219931387 5.59049985 0.0
v 0.19685935462681856 4.0336492512305515 0.0
v 3.551233289912465e-15 3.99649986 0.0
v -0.8039999999999945 5.59049985 0.0
v 3.551233289912465e-15 3.99649986 0.0
v -2.2220000299999976 3.99649986 0.0
v -0.72705435349076 3.1908154875055565 0.0
v -2.222000029999996 3.315018882610321 0.0
v -2.2220000299999993 3.98650008 0.0
v -0.72705435349076 3.1908154875055565 0.0
v -0.019999999999994487 3.98650008 0.0
v -0.01999999999999635 3.8358208345145717 0.0
v -0.019999999999994487 3.98650008 0.0
v -0.72705435349076 3.1908154875055565 0.0
v -2.2220000299999993 3.98650008 0.0
v -2.222000029999999 -1.485585463822475 0.0
v -0.20784716927737895 -3.435626425191607 0.0
v -2.2220000299999967 -3.8483612132220433 0.0
v -0.20784716927737895 -3.435626425191607 0.0
v -2.222000029999999 -1.485585463822475 0.0
v -0.5355599317635361 -1.5337637427398736 0.0
v -2.22200003 4.416500190000001 1.00000001
v -2.22200003 5.59049985 0.0
v -2.22200003 3.99649986 -1.1102230246251565e-16
v -2.22200003 3.99649986 -1.1102230246251565e-16
v -2.22200003 3.99649986 1.0000000099999997
v -2.22200003 4.416500190000001 1.00000001
v -2.22200003 4.416500190000001 1.00000001
v -2.22200003 4.416500190000001 1.7628810582610768
v -2.22200003 5.59049985 1.6648391372916544
v -2.22200003 5.59049985 0.0
v -2.22200003 4.416500190000001 1.00000001
v -2.22200003 5.59049985 1.6648391372916544
v -2.22200003 4.416500190000001 1.7628810582610768
v -2.22200003 4.41650019 3.5689999799999996
v -2.22200003 5.59049985 3.56899998
v -2.22200003 5.59049985 3.56899998
v -2.22200003 5.59049985 1.6648391372916544
v -2.22200003 4.416500190000001 1.7628810582610768
v 3.885780586188048e-16 3.99649986 0.99000004
v -2.22200003 3.99649986 1.00000001
v -2.22200003 3.99649986 -2.220446049250313e-16
v -2.22200003 3.99649986 -2.220446049250313e-16
v 4.355382130169781e-16 3.99649986 -2.410449199546718e-16
v 3.885780586188048e-16 3.99649986 0.99000004
v -2.22200003 3.99649986 1.00000001
v 3.885780586188048e-16 3.99649986 0.99000004
v 3.885780586188048e-16 3.99649986 1.00000001
v -2.22200003 -4.5275 1.5296158878697266
v -2.22200003 -5.63850002 3.56899998
v -2.22200003 -4.5275 3.56899998
v -2.22200003 -5.63850002 3.56899998
v -2.22200003 -4.5275 1.5296158878697266
v -2.22200003 -5.63850002 0.9592303959833882
v -2.22200003 -2.495248086977267 0.97
v -2.22200003 0.7364999799999987 0.97
v -2.22200003 0.7364999799999987 0.0
v -2.22200003 0.7364999799999987 0.0
v -2.22200003 -2.5205981143037435 0.0
v -2.22200003 -2.495248086977267 0.97
v -2.22200003 -4.55650017 0.6
v -2.22200003 -4.27649982 0.80000001
v -2.22200003 -4.27649982 0.75999998
v -2.22200003 -4.27649982 0.80000001
v -2.22200003 -3.99649986 1.00000001
v -2.22200003 -3.99649986 0.97
v -2.22200003 -3.99649986 0.75999998
v -2.22200003 -2.495248086977267 0.97
v -2.22200003 -2.5205981143037435 0.0
v -2.22200003 -5.1165001 0.2
v -2.22200003 -5.63850002 0.0
v -2.22200003 -5.63850002 0.9592303959833882
v -2.22200003 -4.79649986 0.2
v -2.22200003 -5.1165001 0.2
v -2.22200003 -4.83650013 0.36
v -2.22200003 -4.5164999 0.4
v -2.22200003 -4.83650013 0.4
v -2.22200003 -4.55650017 0.56000002
v -2.22200003 -4.55650017 0.6
v -2.22200003 -4.55650017 0.56000002
v -2.22200003 -4.83650013 0.4
v -2.22200003 -4.83650013 0.4
v -2.22200003 -4.83650013 0.36
v -2.22200003 -5.1165001 0.2
v -2.22200003 -5.63850002 0.0
v -2.22200003 -5.1165001 0.2
v -2.22200003 -5.1165001 0.16
v -2.22200003 -5.63850002 0.9592303959833882
v -2.22200003 -4.5275 1.5296158878697266
v -2.22200003 -4.5275 1.00000001
v -2.22200003 -3.99649986 1.00000001
v -2.22200003 -4.27649982 0.80000001
v -2.22200003 -4.5275 1.00000001
v -2.22200003 -4.79649986 0.16
v -2.22200003 -5.63850002 0.0
v -2.22200003 -5.1165001 0.16
v -2.22200003 -4.79649986 0.2
v -2.22200003 -4.83650013 0.36
v -2.22200003 -4.5164999 0.36
v -2.22200003 -4.5164999 0.4
v -2.22200003 -4.55650017 0.56000002
v -2.22200003 -4.23649994 0.56000002
v -2.22200003 -5.63850002 0.9592303959833882
v -2.22200003 -4.83650013 0.4
v -2.22200003 -5.1165001 0.2
v -2.22200003 -4.83650013 0.4
v -2.22200003 -5.63850002 0.9592303959833882
v -2.22200003 -4.5275 1.00000001
v -2.22200003 -4.27649982 0.80000001
v -2.22200003 -3.99649986 0.97
v -2.22200003 -3.99649986 0.80000001
v -2.22200003 -5.63850002 0.0
v -2.22200003 -4.79649986 0.16
v -2.22200003 -2.5205981143037435 0.0
v -2.22200003 -4.79649986 0.16
v -2.22200003 -4.79649986 0.2
v -2.22200003 -4.5164999 0.36
v -2.22200003 -4.5164999 0.36
v -2.22200003 -4.5164999 0.4
v -2.22200003 -4.23649994 0.56000002
v -2.22200003 -4.83650013 0.4
v -2.22200003 -4.5275 1.00000001
v -2.22200003 -4.55650017 0.6
v -2.22200003 -2.495248086977267 0.97
v -2.22200003 -3.99649986 0.80000001
v -2.22200003 -3.99649986 0.97
v -2.22200003 -2.5205981143037435 0.0
v -2.22200003 -4.79649986 0.16
v -2.22200003 -4.5164999 0.36
v -2.22200003 -4.27649982 0.80000001
v -2.22200003 -4.55650017 0.6
v -2.22200003 -4.5275 1.00000001
v -2.22200003 -2.495248086977267 0.97
v -2.22200003 -3.99649986 0.75999998
v -2.22200003 -3.99649986 0.80000001
v -2.22200003 -2.5205981143037435 0.0
v -2.22200003 -4.5164999 0.36
v -2.22200003 -4.23649994 0.56000002
v -2.22200003 -4.55650017 0.6
v -2.22200003 -4.27649982 0.75999998
v -2.22200003 -4.23649994 0.6
v -2.22200003 -4.23649994 0.56000002
v -2.22200003 -3.99649986 0.75999998
v -2.22200003 -2.5205981143037435 0.0
v -2.22200003 -3.99649986 0.75999998
v -2.22200003 -4.23649994 0.56000002
v -2.22200003 -4.23649994 0.6
v -2.22200003 -3.99649986 0.75999998
v -2.22200003 -4.23649994 0.6
v -2.22200003 -4.27649982 0.75999998
v -2.22200003 3.986500080000001 0.0
v -2.22200003 0.7364999799999987 0.97
v -2.22200003 3.986500080000001 0.97
v -2.22200003 0.7364999799999987 0.97
v -2.22200003 3.986500080000001 0.0
v -2.22200003 0.7364999799999987 0.0
v -2.22200003 3.98650008 0.9700000000000001
v -0.02 3.98650008 0.97
v -0.020000000000000018 3.98650008 -1.1102230246251565e-16
v -0.020000000000000018 3.98650008 -1.1102230246251565e-16
v -2.2220000300000002 3.98650008 -8.97231692235209e-17
v -2.22200003 3.98650008 0.9700000000000001
v 13.1490005 4.91250015 3.98500017
v 12.99900035 5.726500070000001 3.98500017
v 13.1490005 5.72650007 3.98500017
v 11.376000199999998 5.72650007 3.98500017
v 13.1490005 4.91250015 3.98500017
v 10.386796552424526 4.91250015 3.98500017
v 10.386796552424526 4.91250015 3.98500017
v 10.386631125592976 5.72650007 3.98500017
v 11.22600005 5.72650007 3.98500017
v 13.1490005 4.91250015 3.98500017
v 11.376000199999998 5.72650007 3.98500017
v 12.99900035 5.726500070000001 3.98500017
v 10.386796552424526 4.91250015 3.98500017
v 11.22600005 5.72650007 3.98500017
v 11.376000199999998 5.72650007 3.98500017
v 7.823000009999999 5.72650007 3.98500017
v 7.672999869999999 4.91250015 3.98500017
v 7.672999869999999 5.72650007 3.98500017
v 7.672999869999999 4.91250015 3.98500017
v 7.823000009999999 5.72650007 3.98500017
v 9.44999993 5.72650007 3.98500017
v 9.60000007 5.726500070000001 3.98500017
v 10.386631125592976 5.72650007 3.98500017
v 10.386796552424526 4.91250015 3.98500017
v 7.672999869999999 4.91250015 3.98500017
v 9.44999993 5.72650007 3.98500017
v 10.386796552424526 4.91250015 3.98500017
v 9.44999993 5.72650007 3.98500017
v 9.60000007 5.726500070000001 3.98500017
v 10.386796552424526 4.91250015 3.98500017
v 6.04199981 5.72650007 3.98500017
v 7.67299987 4.91250015 3.98500017
v 6.04199981 4.91250015 3.98500017
v 7.67299987 5.72650007 3.98500017
v 6.04199981 5.72650007 3.98500017
v 6.04199981 5.87649983 3.98500017
v 6.04199981 5.87649983 3.98500017
v 7.67299987 5.87649983 3.98500017
v 7.67299987 5.72650007 3.98500017
v 7.67299987 4.91250015 3.98500017
v 6.04199981 5.72650007 3.98500017
v 7.67299987 5.72650007 3.98500017
v 6.04199981 4.91250015 3.98500017
v 4.25900011 5.72650007 3.98500017
v 5.89200005 5.72650007 3.98500017
v 5.89200005 5.72650007 3.98500017
v 6.04199981 5.72650007 3.98500017
v 6.04199981 4.91250015 3.98500017
v 4.108999969999999 5.72650007 3.98500017
v 3.2954746229260676 4.91250015 3.98500017
v 3.2951424213868457 5.72650007 3.98500017
v 4.25900011 5.72650007 3.98500017
v 3.2954746229260676 4.91250015 3.98500017
v 4.108999969999999 5.72650007 3.98500017
v 4.25900011 5.72650007 3.98500017
v 6.04199981 4.91250015 3.98500017
v 3.2954746229260676 4.91250015 3.98500017
v 0.7340000099999997 5.72650007 3.98500017
v 0.5840000100000008 4.91250015 3.98500017
v 0.5840000100000005 5.72650007 3.98500017
v 3.2954746229260676 4.91250015 3.98500017
v 2.49299996 5.72650007 3.98500017
v 3.2951424213868457 5.72650007 3.98500017
v 2.34300001 5.72650007 3.98500017
v 0.5840000100000008 4.91250015 3.98500017
v 0.7340000099999997 5.72650007 3.98500017
v 2.49299996 5.72650007 3.98500017
v 3.2954746229260676 4.91250015 3.98500017
v 2.34300001 5.72650007 3.98500017
v 0.5840000100000008 4.91250015 3.98500017
v 2.34300001 5.72650007 3.98500017
v 3.2954746229260676 4.91250015 3.98500017
v -0.7439999800000001 4.91250015 3.98500017
v -0.74399998 4.46649985 3.98500017
v -2.2120000600000003 4.46649985 3.98500017
v -0.7439999800000001 4.91250015 3.98500017
v -2.21200006 5.72650007 3.98500017
v -0.9460000100000002 5.72650007 3.98500017
v 0.5840000100000002 5.72650007 3.98500017
v -0.9460000100000002 5.87649983 3.98500017
v 0.5840000100000001 5.87649983 3.98500017
v 0.5840000100000002 5.72650007 3.98500017
v 0.58400001 4.91250015 3.98500017
v -0.7439999800000001 4.91250015 3.98500017
v -2.21200006 5.72650007 3.98500017
v -0.7439999800000001 4.91250015 3.98500017
v -2.2120000600000003 4.46649985 3.98500017
v -0.9460000100000002 5.87649983 3.98500017
v 0.5840000100000002 5.72650007 3.98500017
v -0.9460000100000002 5.72650007 3.98500017
v 0.5840000100000002 5.72650007 3.98500017
v -0.7439999800000001 4.91250015 3.98500017
v -0.9460000100000002 5.72650007 3.98500017
v 16.74799943 -4.95850005 3.98500017
v 17.44300041 -4.95850005 3.98500017
v 17.44300041 -5.25849996 3.98500017
v 17.44300041 -5.25849996 3.98500017
v 18.53300055 -5.25849996 3.98500017
v 18.53300055 -6.235500010000001 3.98500017
v 17.44300041 -5.25849996 3.98500017
v 16.23099998 -6.23550001 3.98500017
v 16.23099998 -5.78850016 3.98500017
v 15.848000100000002 -4.95850005 3.98500017
v 15.774078000896786 -5.78850016 3.98500017
v 15.838066567423338 -4.95850005 3.98500017
v 16.23099998 -5.78850016 3.98500017
v 16.74799943 -4.95850005 3.98500017
v 17.44300041 -5.25849996 3.98500017
v 16.23099998 -6.23550001 3.98500017
v 17.44300041 -5.25849996 3.98500017
v 18.53300055 -6.235500010000001 3.98500017
v 15.774078000896786 -5.78850016 3.98500017
v 15.848000100000002 -4.95850005 3.98500017
v 16.23099998 -5.78850016 3.98500017
v 16.74799943 -4.95850005 3.98500017
v 16.23099998 -5.78850016 3.98500017
v 15.848000100000002 -4.95850005 3.98500017
v 15.838066567423338 -4.95850005 3.98500017
v 15.63099939 -5.78850016 3.98500017
v 14.60999969 -5.78850016 3.98500017
v 13.19199943 -5.78850016 3.98500017
v 14.60999969 -5.93849992 3.98500017
v 13.19199943 -5.93849992 3.98500017
v 14.60999969 -5.78850016 3.98500017
v 13.19199943 -4.95850005 3.98500017
v 15.838066567423338 -4.95850005 3.98500017
v 15.63099939 -5.78850016 3.98500017
v 15.838066567423338 -4.95850005 3.98500017
v 15.774078000896786 -5.78850016 3.98500017
v 14.60999969 -5.93849992 3.98500017
v 13.19199943 -5.78850016 3.98500017
v 14.60999969 -5.78850016 3.98500017
v 13.19199943 -4.95850005 3.98500017
v 14.60999969 -5.78850016 3.98500017
v 13.19199943 -5.78850016 3.98500017
v 10.462779963962559 -4.95850005 3.98500017
v 9.65599976 -5.78850016 3.98500017
v 9.506000380000001 -5.78850016 3.98500017
v 7.72299991 -4.95850005 3.98500017
v 7.87300006 -5.78850016 3.98500017
v 7.72299991 -5.78850016 3.98500017
v 9.506000380000001 -5.78850016 3.98500017
v 7.72299991 -4.95850005 3.98500017
v 10.462779963962559 -4.95850005 3.98500017
v 9.65599976 -5.78850016 3.98500017
v 10.462779963962559 -4.95850005 3.98500017
v 10.463055111146932 -5.78850016 3.98500017
v 7.72299991 -4.95850005 3.98500017
v 9.506000380000001 -5.78850016 3.98500017
v 7.87300006 -5.78850016 3.98500017
v 13.04199928 -5.78850016 3.98500017
v 13.19199943 -4.95850005 3.98500017
v 13.19199943 -5.78850016 3.98500017
v 13.19199943 -4.95850005 3.98500017
v 13.04199928 -5.78850016 3.98500017
v 11.427000180000002 -5.78850016 3.98500017
v 11.27700004 -5.78850016 3.98500017
v 10.463055111146932 -5.78850016 3.98500017
v 10.462779963962559 -4.95850005 3.98500017
v 13.19199943 -4.95850005 3.98500017
v 11.427000180000002 -5.78850016 3.98500017
v 10.462779963962559 -4.95850005 3.98500017
v 11.427000180000002 -5.78850016 3.98500017
v 11.27700004 -5.78850016 3.98500017
v 10.462779963962559 -4.95850005 3.98500017
v 6.090999919999999 -5.78850016 3.98500017
v 7.72299991 -5.93849992 3.98500017
v 6.09099992 -5.93849992 3.98500017
v 6.090999919999999 -5.78850016 3.98500017
v 6.09099992 -4.95850005 3.98500017
v 7.72299991 -4.95850005 3.98500017
v 7.72299991 -5.93849992 3.98500017
v 6.090999919999999 -5.78850016 3.98500017
v 7.72299991 -4.95850005 3.98500017
v 3.366661702352296 -4.95850005 3.98500017
v 2.5529999799999996 -5.78850016 3.98500017
v 2.40300003 -5.78850016 3.98500017
v 0.627 -4.95850005 3.98500017
v 0.77700001 -5.78850016 3.98500017
v 0.627 -5.78850016 3.98500017
v 2.40300003 -5.78850016 3.98500017
v 0.627 -4.95850005 3.98500017
v 3.366661702352296 -4.95850005 3.98500017
v 2.5529999799999996 -5.78850016 3.98500017
v 3.366661702352296 -4.95850005 3.98500017
v 3.3670558010470524 -5.78850016 3.98500017
v 0.627 -4.95850005 3.98500017
v 2.40300003 -5.78850016 3.98500017
v 0.77700001 -5.78850016 3.98500017
v 5.94100016 -5.78850016 3.98500017
v 6.09099992 -4.95850005 3.98500017
v 6.09099992 -5.78850016 3.98500017
v 6.09099992 -4.95850005 3.98500017
v 5.94100016 -5.78850016 3.98500017
v 4.316000119999999 -5.78850016 3.98500017
v 4.16599998 -5.78850016 3.98500017
v 3.3670558010470524 -5.78850016 3.98500017
v 3.366661702352296 -4.95850005 3.98500017
v 6.09099992 -4.95850005 3.98500017
v 4.316000119999999 -5.78850016 3.98500017
v 3.366661702352296 -4.95850005 3.98500017
v 4.316000119999999 -5.78850016 3.98500017
v 4.16599998 -5.78850016 3.98500017
v 3.366661702352296 -4.95850005 3.98500017
v 0.5600000199999999 -7.85049988 1.7323190950188443
v 2.60999999 -7.85049988 3.44999988
v 0.5600000199999997 -7.85049988 3.44999988
v 2.60999999 -7.85049988 3.44999988
v 0.5600000199999999 -7.85049988 1.7323190950188443
v 2.6099999900000004 -7.85049988 1.730074264060522
v 0.56000002 -7.85049988 1.46000003
v 0.56000002 -7.85049988 -8.129936311880945e-17
v 2.6099999900000004 -7.85049988 -1.1102230246251565e-16
v 0.56000002 -7.85049988 1.46000003
v 2.6099999900000004 -7.85049988 1.46000003
v 2.6099999900000004 -7.85049988 1.730074264060522
v 2.6099999900000004 -7.85049988 1.730074264060522
v 0.5600000199999999 -7.85049988 1.7323190950188443
v 0.56000002 -7.85049988 1.46000003
v 2.6099999900000004 -7.85049988 1.46000003
v 0.56000002 -7.85049988 1.46000003
v 2.6099999900000004 -7.85049988 -1.1102230246251565e-16
v 12.62664526545298 4.8625001 4.64000011
v 15.78800066 4.8625001 4.64000011
v 15.78800066 4.8625001 3.56899998
v 15.78800066 4.8625001 3.56899998
v 12.626274291259245 4.8625001 3.56899998
v 12.62664526545298 4.8625001 4.64000011
v 12.62664526545298 4.8625001 4.64000011
v 9.413326731417474 4.8625001 3.5689999800000005
v 9.412592145287025 4.8625001 4.64000011
v 9.413326731417474 4.8625001 3.5689999800000005
v 12.62664526545298 4.8625001 4.64000011
v 12.626274291259245 4.8625001 3.56899998
v 9.413326731417474 4.8625001 3.5689999800000005
v 6.107465616776217 4.8625001 3.5689999800000005
v 6.108652725844064 4.8625001 4.64000011
v 6.108652725844064 4.8625001 4.64000011
v 9.412592145287025 4.8625001 4.64000011
v 9.413326731417474 4.8625001 3.5689999800000005
v 6.107465616776217 4.8625001 3.5689999800000005
v 2.734788544106318 4.8625001 3.56899998
v 2.7336294007329385 4.8625001 4.64000011
v 2.7336294007329385 4.8625001 4.64000011
v 6.108652725844064 4.8625001 4.64000011
v 6.107465616776217 4.8625001 3.5689999800000005
v 2.7336294007329385 4.8625001 4.64000011
v -0.6939999799999992 4.8625001 3.56899998
v -0.6939999799999967 4.8625001 4.64000011
v -0.6939999799999992 4.8625001 3.56899998
v 2.7336294007329385 4.8625001 4.64000011
v 2.734788544106318 4.8625001 3.56899998
v -2.22200003 5.59049985 3.56899998
v -0.79399998 5.59049985 3.56899998
v -0.8039999999999999 5.59049985 1.99499993
v -0.8039999999999999 5.59049985 1.99499993
v -2.22200003 5.59049985 1.99499993
v -2.22200003 5.59049985 3.56899998
v 14.56199952 6.22050015 3.56899998
v 14.552000130000001 5.59049985 3.56899998
v 14.55200013 5.59049985 0.5100000200000006
v 14.56199952 6.22050015 3.5689999799999996
v 14.55200013 5.59049985 0.51000002
v 14.561999520000004 6.16049994 0.79637891
v 14.56199952 6.22050015 0.79637891
v 14.56199952 6.22050015 3.5689999800000005
v 14.56199952 6.16049994 0.79637891
v 14.561999520000002 6.16049994 0.51000002
v 14.56199952 6.16049994 0.79637891
v 14.55200013 5.59049985 0.51000002
v 13.1490005 6.22050015 0.7963789099999992
v 14.56199952 6.22050015 2.4376189674342728
v 14.56199952 6.22050015 0.79637891
v 13.1490005 6.22050015 0.7963789099999992
v 13.1490005 6.22050015 0.44999999999999973
v 12.99900035 6.22050015 0.44999999999999973
v 12.99900035 6.22050015 0.79637891
v 12.246296985446888 6.22050015 0.7963789099999996
v 12.44717315007308 6.22050015 2.007851677306185
v 14.56199952 6.22050015 2.4376189674342728
v 13.1490005 6.22050015 0.7963789099999992
v 12.44717315007308 6.22050015 2.007851677306185
v 13.1490005 6.22050015 0.7963789099999992
v 12.99900035 6.22050015 0.44999999999999973
v 12.99900035 6.22050015 0.79637891
v 12.99900035 6.22050015 0.79637891
v 12.44717315007308 6.22050015 2.007851677306185
v 13.1490005 6.22050015 0.7963789099999992
v 12.44717315007308 6.22050015 2.007851677306185
v 12.246296985446888 6.22050015 0.7963789099999996
v 11.3760002 6.22050015 0.7963789099999996
v 11.3760002 6.22050015 0.7963789099999996
v 11.3760002 6.22050015 0.44999999999999973
v 11.226000050000001 6.22050015 0.44999999999999973
v 11.226000050000001 6.22050015 0.79637891
v 9.899100208303864 6.22050015 0.7963789099999998
v 9.891454872840294 6.22050015 1.3891529477130895
v 12.44717315007308 6.22050015 2.007851677306185
v 11.385415463343177 6.22050015 3.56899998
v 11.58988705293892 6.22050015 3.56899998
v 11.226000050000001 6.22050015 0.79637891
v 12.44717315007308 6.22050015 2.007851677306185
v 11.3760002 6.22050015 0.7963789099999996
v 11.3760002 6.22050015 0.7963789099999996
v 11.226000050000001 6.22050015 0.44999999999999973
v 11.226000050000001 6.22050015 0.79637891
v 12.44717315007308 6.22050015 2.007851677306185
v 9.891454872840294 6.22050015 1.3891529477130895
v 11.385415463343177 6.22050015 3.56899998
v 9.891454872840294 6.22050015 1.3891529477130895
v 12.44717315007308 6.22050015 2.007851677306185
v 11.226000050000001 6.22050015 0.79637891
v 12.44717315007308 6.22050015 2.007851677306185
v 11.58988705293892 6.22050015 3.56899998
v 14.56199952 6.22050015 3.56899998
v 14.56199952 6.22050015 3.56899998
v 14.56199952 6.22050015 2.4376189674342728
v 12.44717315007308 6.22050015 2.007851677306185
v 6.204000000000002 6.22050015 2.5400000000000005
v 6.204000000000003 6.22050015 1.758236132268398
v 4.9754499579487454 6.22050015 2.9203548039702403
v 6.204000000000002 6.22050015 2.5400000000000005
v 4.938583518081508 6.22050015 3.56899998
v 8.065977217867667 6.22050015 3.56899998
v 8.065977217867667 6.22050015 3.56899998
v 7.496724204898736 6.22050015 2.54
v 6.204000000000002 6.22050015 2.5400000000000005
v 4.938583518081508 6.22050015 3.56899998
v 6.204000000000002 6.22050015 2.5400000000000005
v 4.9754499579487454 6.22050015 2.9203548039702403
v 9.44999993 6.22050015 0.7963789099999998
v 9.891454872840294 6.22050015 1.3891529477130895
v 9.60000007 6.22050015 0.79637891
v 9.891454872840294 6.22050015 1.3891529477130895
v 9.899100208303864 6.22050015 0.7963789099999998
v 9.60000007 6.22050015 0.79637891
v 9.60000007 6.22050015 0.79637891
v 9.60000007 6.22050015 0.44999999999999973
v 9.44999993 6.22050015 0.44999999999999973
v 7.82300001 6.22050015 0.7963789099999998
v 7.82300001 6.22050015 0.44999999999999996
v 7.53000007 6.22050015 0.4500000000000002
v 7.53000007 6.22050015 2.54
v 7.496724204898736 6.22050015 2.54
v 8.065977217867667 6.22050015 3.56899998
v 7.53000007 6.22050015 2.54
v 9.891454872840294 6.22050015 1.3891529477130895
v 9.44999993 6.22050015 0.7963789099999998
v 9.60000007 6.22050015 0.79637891
v 9.44999993 6.22050015 0.44999999999999973
v 9.44999993 6.22050015 0.7963789099999998
v 7.82300001 6.22050015 0.7963789099999998
v 7.53000007 6.22050015 0.4500000000000002
v 7.53000007 6.22050015 2.54
v 8.187020382411864 6.22050015 3.5689999800000005
v 7.53000007 6.22050015 2.54
v 8.065977217867667 6.22050015 3.56899998
v 9.44999993 6.22050015 0.7963789099999998
v 7.82300001 6.22050015 0.7963789099999998
v 7.53000007 6.22050015 2.54
v 9.891454872840294 6.22050015 1.3891529477130895
v 7.53000007 6.22050015 2.54
v 8.187020382411864 6.22050015 3.5689999800000005
v 9.891454872840294 6.22050015 1.3891529477130895
v 8.187020382411864 6.22050015 3.5689999800000005
v 11.385415463343177 6.22050015 3.56899998
v 4.25900011 6.22050015 0.8000000099999999
v 4.9754499579487454 6.22050015 2.9203548039702403
v 6.204000000000003 6.22050015 1.758236132268398
v 5.89200005 6.22050015 0.8000000099999999
v 6.204000000000002 6.22050015 0.4500000000000004
v 5.89200005 6.22050015 0.4500000000000004
v 4.10899997 6.22050015 0.8000000099999997
v 4.259000110000001 6.22050015 0.4500000000000006
v 4.108999970000001 6.22050015 0.4500000000000003
v 4.10899997 6.22050015 0.8000000099999997
v 3.6237480161133058 6.22050015 0.8000000099999997
v 3.6541281701641632 6.22050015 1.5313379221830605
v 6.204000000000002 6.22050015 0.4500000000000004
v 5.89200005 6.22050015 0.8000000099999999
v 6.204000000000003 6.22050015 1.758236132268398
v 4.259000110000001 6.22050015 0.4500000000000006
v 4.10899997 6.22050015 0.8000000099999997
v 4.25900011 6.22050015 0.8000000099999999
v 4.25900011 6.22050015 0.8000000099999999
v 3.6541281701641632 6.22050015 1.5313379221830605
v 4.9754499579487454 6.22050015 2.9203548039702403
v 6.204000000000003 6.22050015 1.758236132268398
v 5.89200005 6.22050015 0.8000000099999999
v 4.25900011 6.22050015 0.8000000099999999
v 3.6541281701641632 6.22050015 1.5313379221830605
v 4.25900011 6.22050015 0.8000000099999999
v 4.10899997 6.22050015 0.8000000099999997
v -0.7939999799999993 6.22050015 3.5689999800000005
v 1.2313430030497643 6.22050015 1.9297861414508601
v -0.7939999799999993 6.22050015 2.788159108448585
v 2.1683186174555784 6.22050015 3.108226432416774
v -0.7939999799999993 6.22050015 3.5689999800000005
v 2.185287758406412 6.22050015 3.5689999800000005
v 1.2313430030497643 6.22050015 1.9297861414508601
v -0.7939999799999993 6.22050015 3.5689999800000005
v 2.1683186174555784 6.22050015 3.108226432416774
v 2.492999960000003 6.22050015 0.8000000100000002
v 2.1683186174555784 6.22050015 3.108226432416774
v 3.6541281701641632 6.22050015 1.5313379221830605
v 3.6541281701641632 6.22050015 1.5313379221830605
v 3.6237480161133058 6.22050015 0.8000000099999997
v 2.492999960000003 6.22050015 0.8000000100000002
v 1.2313430030497643 6.22050015 1.9297861414508601
v 2.3430000100000017 6.22050015 0.8000000099999998
v 1.2665544917171923 6.22050015 0.8000000100000004
v 2.1683186174555784 6.22050015 3.108226432416774
v 2.3430000100000017 6.22050015 0.8000000099999998
v 1.2313430030497643 6.22050015 1.9297861414508601
v 2.1683186174555784 6.22050015 3.108226432416774
v 2.492999960000003 6.22050015 0.8000000100000002
v 2.3430000100000017 6.22050015 0.8000000099999998
v 4.9754499579487454 6.22050015 2.9203548039702403
v 3.6541281701641632 6.22050015 1.5313379221830605
v 2.1683186174555784 6.22050015 3.108226432416774
v 2.1683186174555784 6.22050015 3.108226432416774
v 2.185287758406412 6.22050015 3.5689999800000005
v 4.938583518081508 6.22050015 3.56899998
v 4.938583518081508 6.22050015 3.56899998
v 4.9754499579487454 6.22050015 2.9203548039702403
v 2.1683186174555784 6.22050015 3.108226432416774
v 1.2313430030497643 6.22050015 1.9297861414508601
v 1.2665544917171923 6.22050015 0.8000000100000004
v 0.7340000100000007 6.22050015 0.8000000100000002
v 0.7340000100000007 6.22050015 0.8000000100000002
v 0.7340000100000013 6.22050015 0.45000000000000034
v 0.5840000100000016 6.22050015 0.45000000000000046
v 0.5840000100000011 6.22050015 0.8000000099999999
v -0.793999979999999 6.22050015 0.8000000099999999
v -0.7939999799999993 6.22050015 2.788159108448585
v 0.5840000100000011 6.22050015 0.8000000099999999
v 1.2313430030497643 6.22050015 1.9297861414508601
v 0.7340000100000007 6.22050015 0.8000000100000002
v 0.7340000100000007 6.22050015 0.8000000100000002
v 0.5840000100000016 6.22050015 0.45000000000000046
v 0.5840000100000011 6.22050015 0.8000000099999999
v 1.2313430030497643 6.22050015 1.9297861414508601
v 0.5840000100000011 6.22050015 0.8000000099999999
v -0.7939999799999993 6.22050015 2.788159108448585
v -0.79399998 6.16049994 0.51000002
v -0.8040000000000002 5.59049985 0.5100000200000001
v -0.804 5.59049985 1.9949999299999996
v -0.79399998 6.16049994 0.51000002
v -0.8039999999999999 5.59049985 1.99499993
v -0.79399998 5.59049985 3.56899998
v -0.79399998 6.16049994 0.8000000099999999
v -0.79399998 6.22050015 3.56899998
v -0.79399998 6.22050015 0.8000000099999999
v -0.79399998 6.16049994 0.8000000099999999
v -0.79399998 6.16049994 0.5100000200000001
v -0.79399998 5.59049985 3.56899998
v -0.79399998 6.22050015 3.56899998
v -0.79399998 6.16049994 0.8000000099999999
v -0.79399998 5.59049985 3.56899998
v 14.55200013 -5.63850002 3.56899998
v 14.561999519999999 -6.26849994 3.56899998
v 14.56199952 -6.26849994 0.8000000099999993
v 14.55200013 -5.63850002 3.568999980000001
v 14.56199952 -6.26849994 0.80000001
v 14.56199952 -6.20850011 0.80000001
v 14.552000130000001 -5.63850002 0.5100000199999999
v 14.55200013 -5.63850002 3.56899998
v 14.56199952 -6.20850011 0.8000000099999995
v 14.56199952 -6.20850011 0.8000000099999995
v 14.56199952 -6.20850011 0.5100000200000001
v 14.552000130000001 -5.63850002 0.5100000199999999
v -0.79399998 -6.20850011 0.80000001
v -0.79399998 -6.26849994 3.5689999800000005
v -0.79399998 -5.63850002 3.56899998
v -0.79399998 -6.26849994 3.5689999800000005
v -0.79399998 -6.20850011 0.80000001
v -0.79399998 -6.26849994 0.80000001
v 13.19199943 -5.93849992 3.56899998
v 14.56199952 -6.26849994 3.56899998
v 14.55200013 -5.63850002 3.56899998
v 13.191999429999997 -5.78850016 3.56899998
v 13.19199943 -5.93849992 3.56899998
v 14.55200013 -5.63850002 3.56899998
v 14.55200013 -5.63850002 3.56899998
v 15.788000660000002 -5.63850002 3.56899998
v 15.78800066 -4.908499999999999 3.56899998
v 14.56199952 -6.26849994 3.56899998
v 13.19199943 -5.93849992 3.56899998
v 12.688547172821995 -6.26849994 3.56899998
v 12.644100051357745 -4.9085 3.56899998
v 13.191999429999997 -5.78850016 3.56899998
v 14.55200013 -5.63850002 3.56899998
v 14.55200013 -5.63850002 3.56899998
v 15.78800066 -4.908499999999999 3.56899998
v 12.644100051357745 -4.9085 3.56899998
v 12.688547172821995 -6.26849994 3.56899998
v 13.19199943 -5.93849992 3.56899998
v 13.04199928 -5.93849992 3.56899998
v 13.191999429999997 -5.78850016 3.56899998
v 12.644100051357745 -4.9085 3.56899998
v 13.04199928 -5.78850016 3.56899998
v 13.04199928 -5.78850016 3.56899998
v 12.688547172821995 -6.26849994 3.56899998
v 13.04199928 -5.93849992 3.56899998
v 12.688547172821995 -6.26849994 3.56899998
v 13.04199928 -5.78850016 3.56899998
v 12.644100051357745 -4.9085 3.56899998
v 12.688547172821995 -6.26849994 3.56899998
v 11.42700018 -5.78850016 3.56899998
v 11.42700018 -5.93849992 3.56899998
v 11.27700004 -5.78850016 3.56899998
v 9.88703467307071 -4.908499999999999 3.56899998
v 9.888018660475971 -6.26849994 3.56899998
v 11.42700018 -5.78850016 3.56899998
v 12.688547172821995 -6.26849994 3.56899998
v 12.644100051357745 -4.9085 3.56899998
v 11.27700004 -5.78850016 3.56899998
v 11.42700018 -5.78850016 3.56899998
v 12.644100051357745 -4.9085 3.56899998
v 11.27700004 -5.93849992 3.56899998
v 12.688547172821995 -6.26849994 3.56899998
v 11.42700018 -5.93849992 3.56899998
v 9.88703467307071 -4.908499999999999 3.56899998
v 11.27700004 -5.78850016 3.56899998
v 12.644100051357745 -4.9085 3.56899998
v 12.688547172821995 -6.26849994 3.56899998
v 11.27700004 -5.93849992 3.56899998
v 9.888018660475971 -6.26849994 3.56899998
v 11.27700004 -5.93849992 3.56899998
v 11.27700004 -5.78850016 3.56899998
v 9.888018660475971 -6.26849994 3.56899998
v 9.506000379999998 -5.93849992 3.56899998
v 9.50600038 -5.78850016 3.56899998
v 7.873000059999999 -5.93849992 3.56899998
v 7.873000059999999 -5.78850016 3.56899998
v 7.873000059999999 -5.93849992 3.56899998
v 9.50600038 -5.78850016 3.56899998
v 9.888018660475971 -6.26849994 3.56899998
v 9.655999759999998 -5.78850016 3.56899998
v 9.65599976 -5.93849992 3.56899998
v 9.655999759999998 -5.78850016 3.56899998
v 9.888018660475971 -6.26849994 3.56899998
v 9.88703467307071 -4.908499999999999 3.56899998
v 7.004592493726601 -6.26849994 3.56899998
v 7.873000059999999 -5.93849992 3.56899998
v 7.7229999099999995 -5.93849992 3.56899998
v 9.50600038 -5.78850016 3.56899998
v 9.655999759999998 -5.78850016 3.56899998
v 9.88703467307071 -4.908499999999999 3.56899998
v 9.506000379999998 -5.93849992 3.56899998
v 9.888018660475971 -6.26849994 3.56899998
v 9.65599976 -5.93849992 3.56899998
v 7.873000059999999 -5.78850016 3.56899998
v 9.50600038 -5.78850016 3.56899998
v 9.88703467307071 -4.908499999999999 3.56899998
v 7.873000059999999 -5.93849992 3.56899998
v 9.888018660475971 -6.26849994 3.56899998
v 9.506000379999998 -5.93849992 3.56899998
v 7.010470232361231 -4.9085 3.56899998
v 7.873000059999999 -5.78850016 3.56899998
v 9.88703467307071 -4.908499999999999 3.56899998
v 9.888018660475971 -6.26849994 3.56899998
v 7.873000059999999 -5.93849992 3.56899998
v 7.004592493726601 -6.26849994 3.56899998
v 7.873000059999999 -5.78850016 3.56899998
v 7.010470232361231 -4.9085 3.56899998
v 7.7229999099999995 -5.78850016 3.56899998
v 7.7229999099999995 -5.78850016 3.56899998
v 7.004592493726601 -6.26849994 3.56899998
v 7.7229999099999995 -5.93849992 3.56899998
v 7.004592493726601 -6.26849994 3.56899998
v 7.7229999099999995 -5.78850016 3.56899998
v 7.010470232361231 -4.9085 3.56899998
v -0.6939999800000022 -4.9085 3.56899998
v -0.6939999800000014 -4.5275 3.56899998
v -2.2220000300000002 -4.5275 3.56899998
v -0.6939999800000022 -4.9085 3.56899998
v -2.2220000300000016 -5.63850002 3.56899998
v -0.7939999800000015 -5.63850002 3.56899998
v 0.6269999999999996 -5.93849992 3.56899998
v -0.7939999800000013 -6.26849994 3.56899998
v 0.9448637587050532 -6.26849994 3.56899998
v 0.9448637587050532 -6.26849994 3.56899998
v 0.7770000099999996 -5.93849992 3.56899998
v 0.6269999999999996 -5.93849992 3.56899998
v 0.7770000099999979 -5.78850016 3.56899998
v 0.7770000099999996 -5.93849992 3.56899998
v 0.9448637587050532 -6.26849994 3.56899998
v -2.2220000300000016 -5.63850002 3.56899998
v -0.6939999800000022 -4.9085 3.56899998
v -2.2220000300000002 -4.5275 3.56899998
v -0.7939999800000013 -6.26849994 3.56899998
v 0.6269999999999996 -5.93849992 3.56899998
v -0.7939999800000015 -5.63850002 3.56899998
v 0.7770000099999979 -5.78850016 3.56899998
v 0.9448637587050532 -6.26849994 3.56899998
v 1.0391675777629572 -4.9085 3.56899998
v 0.6269999999999994 -5.78850016 3.56899998
v -0.6939999800000022 -4.9085 3.56899998
v -0.7939999800000015 -5.63850002 3.56899998
v -0.7939999800000015 -5.63850002 3.56899998
v 0.6269999999999996 -5.93849992 3.56899998
v 0.6269999999999994 -5.78850016 3.56899998
v 0.6269999999999994 -5.78850016 3.56899998
v 0.7770000099999979 -5.78850016 3.56899998
v 1.0391675777629572 -4.9085 3.56899998
v -0.6939999800000022 -4.9085 3.56899998
v 0.6269999999999994 -5.78850016 3.56899998
v 1.0391675777629572 -4.9085 3.56899998
v 4.040520049102722 -6.26849994 3.56899998
v 2.5529999799999956 -5.78850016 3.56899998
v 2.5529999799999974 -5.93849992 3.56899998
v 2.403000029999999 -5.78850016 3.56899998
v 1.0391675777629572 -4.9085 3.56899998
v 0.9448637587050532 -6.26849994 3.56899998
v 2.5529999799999956 -5.78850016 3.56899998
v 4.040520049102722 -6.26849994 3.56899998
v 4.0342743133416015 -4.908499999999999 3.56899998
v 1.0391675777629572 -4.9085 3.56899998
v 2.5529999799999956 -5.78850016 3.56899998
v 4.0342743133416015 -4.908499999999999 3.56899998
v 0.9448637587050532 -6.26849994 3.56899998
v 4.040520049102722 -6.26849994 3.56899998
v 2.5529999799999974 -5.93849992 3.56899998
v 2.5529999799999956 -5.78850016 3.56899998
v 1.0391675777629572 -4.9085 3.56899998
v 2.403000029999999 -5.78850016 3.56899998
v 0.9448637587050532 -6.26849994 3.56899998
v 2.5529999799999974 -5.93849992 3.56899998
v 2.403000029999999 -5.93849992 3.56899998
v 2.403000029999999 -5.93849992 3.56899998
v 2.403000029999999 -5.78850016 3.56899998
v 0.9448637587050532 -6.26849994 3.56899998
v 5.94100016 -5.93849992 3.56899998
v 5.941000159999997 -5.78850016 3.56899998
v 4.316000120000001 -5.93849992 3.56899998
v 4.316000119999999 -5.78850016 3.56899998
v 4.316000120000001 -5.93849992 3.56899998
v 5.941000159999997 -5.78850016 3.56899998
v 7.004592493726601 -6.26849994 3.56899998
v 6.090999919999997 -5.78850016 3.56899998
v 6.090999919999999 -5.93849992 3.56899998
v 6.090999919999997 -5.78850016 3.56899998
v 7.004592493726601 -6.26849994 3.56899998
v 7.010470232361231 -4.9085 3.56899998
v 4.040520049102722 -6.26849994 3.56899998
v 5.94100016 -5.93849992 3.56899998
v 4.316000120000001 -5.93849992 3.56899998
v 4.0342743133416015 -4.908499999999999 3.56899998
v 5.941000159999997 -5.78850016 3.56899998
v 7.010470232361231 -4.9085 3.56899998
v 5.941000159999997 -5.78850016 3.56899998
v 6.090999919999997 -5.78850016 3.56899998
v 7.010470232361231 -4.9085 3.56899998
v 5.94100016 -5.93849992 3.56899998
v 7.004592493726601 -6.26849994 3.56899998
v 6.090999919999999 -5.93849992 3.56899998
v 5.941000159999997 -5.78850016 3.56899998
v 4.0342743133416015 -4.908499999999999 3.56899998
v 4.316000119999999 -5.78850016 3.56899998
v 7.004592493726601 -6.26849994 3.56899998
v 5.94100016 -5.93849992 3.56899998
v 4.040520049102722 -6.26849994 3.56899998
v 4.316000119999999 -5.78850016 3.56899998
v 4.0342743133416015 -4.908499999999999 3.56899998
v 4.165999979999997 -5.78850016 3.56899998
v 4.040520049102722 -6.26849994 3.56899998
v 4.316000120000001 -5.93849992 3.56899998
v 4.165999979999997 -5.93849992 3.56899998
v 4.040520049102722 -6.26849994 3.56899998
v 4.165999979999997 -5.78850016 3.56899998
v 4.0342743133416015 -4.908499999999999 3.56899998
v 4.165999979999997 -5.78850016 3.56899998
v 4.040520049102722 -6.26849994 3.56899998
v 4.165999979999997 -5.93849992 3.56899998
v 14.55200013 5.59049985 3.56899998
v 15.78800066 4.8625001 3.56899998
v 15.78800066 5.59049985 3.56899998
v 12.604410793058848 4.8625001 3.56899998
v 13.1490005 5.72650007 3.56899998
v 12.99900035 5.72650007 3.56899998
v 13.1490005 5.87649983 3.56899998
v 13.1490005 5.72650007 3.56899998
v 14.55200013 5.59049985 3.56899998
v 13.1490005 5.87649983 3.56899998
v 14.56199952 6.22050015 3.56899998
v 12.647211753338514 6.22050015 3.56899998
v 15.78800066 4.8625001 3.56899998
v 14.55200013 5.59049985 3.56899998
v 12.604410793058848 4.8625001 3.56899998
v 14.56199952 6.22050015 3.56899998
v 13.1490005 5.87649983 3.56899998
v 14.55200013 5.59049985 3.56899998
v 13.1490005 5.72650007 3.56899998
v 12.604410793058848 4.8625001 3.56899998
v 14.55200013 5.59049985 3.56899998
v 12.99900035 5.87649983 3.56899998
v 13.1490005 5.87649983 3.56899998
v 12.647211753338514 6.22050015 3.56899998
v 12.647211753338514 6.22050015 3.56899998
v 12.604410793058848 4.8625001 3.56899998
v 12.99900035 5.72650007 3.56899998
v 12.99900035 5.72650007 3.56899998
v 12.99900035 5.87649983 3.56899998
v 12.647211753338514 6.22050015 3.56899998
v 0.7340000100000008 5.87649983 3.56899998
v 0.7340000100000008 5.72650007 3.56899998
v 0.9686162414364698 6.22050015 3.56899998
v 0.5840000100000005 5.87649983 3.56899998
v -0.7939999800000006 6.22050015 3.56899998
v -0.7939999800000006 5.59049985 3.56899998
v -0.6939999799999992 4.8625001 3.56899998
v -2.2220000299999985 5.59049985 3.56899998
v -2.2220000299999985 4.41650019 3.56899998
v -2.2220000299999985 4.41650019 3.56899998
v -0.6939999799999992 4.41650019 3.56899998
v -0.6939999799999992 4.8625001 3.56899998
v 1.0698711696242356 4.8625001 3.56899998
v 0.9686162414364698 6.22050015 3.56899998
v 0.7340000100000008 5.72650007 3.56899998
v 0.5840000100000005 5.87649983 3.56899998
v 0.7340000100000008 5.87649983 3.56899998
v 0.9686162414364698 6.22050015 3.56899998
v -2.2220000299999985 5.59049985 3.56899998
v -0.6939999799999992 4.8625001 3.56899998
v -0.7939999800000006 5.59049985 3.56899998
v 0.5840000100000005 5.72650007 3.56899998
v 1.0698711696242356 4.8625001 3.56899998
v 0.7340000100000008 5.72650007 3.56899998
v -0.7939999800000006 6.22050015 3.56899998
v 0.5840000100000005 5.87649983 3.56899998
v 0.9686162414364698 6.22050015 3.56899998
v 1.0698711696242356 4.8625001 3.56899998
v 0.5840000100000005 5.72650007 3.56899998
v -0.6939999799999992 4.8625001 3.56899998
v -0.7939999800000006 5.59049985 3.56899998
v 0.5840000100000005 5.72650007 3.56899998
v 0.5840000100000005 5.87649983 3.56899998
v -0.7939999800000006 5.59049985 3.56899998
v -0.6939999799999992 4.8625001 3.56899998
v 0.5840000100000005 5.72650007 3.56899998
v 11.22600005 5.72650007 3.56899998
v 9.912973917684834 4.8625001 3.56899998
v 12.604410793058848 4.8625001 3.56899998
v 12.604410793058848 4.8625001 3.56899998
v 11.3760002 5.72650007 3.56899998
v 11.22600005 5.72650007 3.56899998
v 12.647211753338514 6.22050015 3.56899998
v 11.3760002 5.72650007 3.56899998
v 12.604410793058848 4.8625001 3.56899998
v 9.912973917684834 4.8625001 3.56899998
v 11.22600005 5.72650007 3.56899998
v 9.912029010244705 6.22050015 3.56899998
v 11.3760002 5.72650007 3.56899998
v 12.647211753338514 6.22050015 3.56899998
v 11.3760002 5.87649983 3.56899998
v 9.912029010244705 6.22050015 3.56899998
v 11.22600005 5.72650007 3.56899998
v 11.22600005 5.87649983 3.56899998
v 11.22600005 5.87649983 3.56899998
v 11.3760002 5.87649983 3.56899998
v 12.647211753338514 6.22050015 3.56899998
v 12.647211753338514 6.22050015 3.56899998
v 9.912029010244705 6.22050015 3.56899998
v 11.22600005 5.87649983 3.56899998
v 9.44999993 5.87649983 3.56899998
v 7.82300001 5.72650007 3.56899998
v 9.44999993 5.72650007 3.56899998
v 7.82300001 5.72650007 3.56899998
v 9.44999993 5.87649983 3.56899998
v 7.82300001 5.87649983 3.56899998
v 9.60000007 5.87649983 3.56899998
v 9.60000007 5.72650007 3.56899998
v 9.912029010244705 6.22050015 3.56899998
v 9.912973917684834 4.8625001 3.56899998
v 9.912029010244705 6.22050015 3.56899998
v 9.60000007 5.72650007 3.56899998
v 9.44999993 5.87649983 3.56899998
v 9.60000007 5.87649983 3.56899998
v 9.912029010244705 6.22050015 3.56899998
v 9.44999993 5.72650007 3.56899998
v 9.912973917684834 4.8625001 3.56899998
v 9.60000007 5.72650007 3.56899998
v 7.82300001 5.87649983 3.56899998
v 9.44999993 5.87649983 3.56899998
v 9.912029010244705 6.22050015 3.56899998
v 7.82300001 5.72650007 3.56899998
v 9.912973917684834 4.8625001 3.56899998
v 9.44999993 5.72650007 3.56899998
v 7.089113751654917 6.22050015 3.56899998
v 7.82300001 5.87649983 3.56899998
v 9.912029010244705 6.22050015 3.56899998
v 9.912973917684834 4.8625001 3.56899998
v 7.82300001 5.72650007 3.56899998
v 7.0884661758252445 4.8625001 3.56899998
v 7.82300001 5.87649983 3.56899998
v 7.089113751654917 6.22050015 3.56899998
v 7.67299987 5.87649983 3.56899998
v 7.0884661758252445 4.8625001 3.56899998
v 7.82300001 5.72650007 3.56899998
v 7.67299987 5.72650007 3.56899998
v 7.67299987 5.72650007 3.56899998
v 7.67299987 5.87649983 3.56899998
v 7.089113751654917 6.22050015 3.56899998
v 7.089113751654917 6.22050015 3.56899998
v 7.0884661758252445 4.8625001 3.56899998
v 7.67299987 5.72650007 3.56899998
v 4.259000110000001 5.87649983 3.56899998
v 4.111575750023135 6.22050015 3.56899998
v 4.111259887386469 5.87649983 3.56899998
v 4.259000110000001 5.72650007 3.56899998
v 4.111122156934087 5.72650007 3.56899998
v 4.11032882828659 4.8625001 3.56899998
v 5.89200005 5.72650007 3.56899998
v 7.0884661758252445 4.8625001 3.56899998
v 6.04199981 5.72650007 3.56899998
v 7.089113751654917 6.22050015 3.56899998
v 6.04199981 5.72650007 3.56899998
v 7.0884661758252445 4.8625001 3.56899998
v 5.89200005 5.87649983 3.56899998
v 4.111575750023135 6.22050015 3.56899998
v 4.259000110000001 5.87649983 3.56899998
v 7.0884661758252445 4.8625001 3.56899998
v 5.89200005 5.72650007 3.56899998
v 4.11032882828659 4.8625001 3.56899998
v 6.04199981 5.72650007 3.56899998
v 7.089113751654917 6.22050015 3.56899998
v 6.04199981 5.87649983 3.56899998
v 5.89200005 5.87649983 3.56899998
v 4.259000110000001 5.87649983 3.56899998
v 4.259000110000001 5.72650007 3.56899998
v 4.259000110000001 5.72650007 3.56899998
v 4.11032882828659 4.8625001 3.56899998
v 5.89200005 5.72650007 3.56899998
v 5.89200005 5.87649983 3.56899998
v 6.04199981 5.87649983 3.56899998
v 7.089113751654917 6.22050015 3.56899998
v 4.259000110000001 5.72650007 3.56899998
v 5.89200005 5.72650007 3.56899998
v 5.89200005 5.87649983 3.56899998
v 4.111575750023135 6.22050015 3.56899998
v 5.89200005 5.87649983 3.56899998
v 7.089113751654917 6.22050015 3.56899998
v 4.108999970000001 5.72650007 3.56899998
v 4.108999970000001 5.87649983 3.56899998
v 2.4929999600000006 5.72650007 3.56899998
v 2.4929999600000006 5.87649983 3.56899998
v 2.4929999600000006 5.72650007 3.56899998
v 4.108999970000001 5.87649983 3.56899998
v 4.108999970000001 5.87649983 3.56899998
v 4.111259887386469 5.87649983 3.56899998
v 4.111575750023135 6.22050015 3.56899998
v 2.4929999600000006 5.72650007 3.56899998
v 1.0698711696242356 4.8625001 3.56899998
v 4.11032882828659 4.8625001 3.56899998
v 4.11032882828659 4.8625001 3.56899998
v 4.111122156934087 5.72650007 3.56899998
v 4.108999970000001 5.72650007 3.56899998
v 2.4929999600000006 5.87649983 3.56899998
v 4.108999970000001 5.87649983 3.56899998
v 4.111575750023135 6.22050015 3.56899998
v 4.11032882828659 4.8625001 3.56899998
v 4.108999970000001 5.72650007 3.56899998
v 2.4929999600000006 5.72650007 3.56899998
v 0.9686162414364698 6.22050015 3.56899998
v 2.4929999600000006 5.87649983 3.56899998
v 4.111575750023135 6.22050015 3.56899998
v 1.0698711696242356 4.8625001 3.56899998
v 2.4929999600000006 5.72650007 3.56899998
v 2.343000009999999 5.72650007 3.56899998
v 2.4929999600000006 5.87649983 3.56899998
v 0.9686162414364698 6.22050015 3.56899998
v 2.343000009999999 5.87649983 3.56899998
v 1.0698711696242356 4.8625001 3.56899998
v 2.343000009999999 5.72650007 3.56899998
v 0.9686162414364698 6.22050015 3.56899998
v 2.343000009999999 5.72650007 3.56899998
v 2.343000009999999 5.87649983 3.56899998
v 0.9686162414364698 6.22050015 3.56899998
v 12.8429998 -6.26849994 3.16599997
v 11.51300036 -6.26849994 3.16599997
v 11.51300036 -6.56849984 3.16599997
v 11.51300036 -6.56849984 3.16599997
v 12.8429998 -6.56849984 3.16599997
v 12.8429998 -6.26849994 3.16599997
v 2.27000001 -6.26849994 3.16599997
v 0.93999999 -6.26849994 3.16599997
v 0.9399999899999999 -6.56849984 3.16599997
v 0.9399999899999999 -6.56849984 3.16599997
v 2.2700000100000004 -6.56849984 3.16599997
v 2.27000001 -6.26849994 3.16599997
v 7.551000339999999 -6.26849994 3.16599997
v 6.22100012 -6.26849994 3.16599997
v 6.22100012 -6.56849984 3.16599997
v 6.22100012 -6.56849984 3.16599997
v 7.55100034 -6.56849984 3.16599997
v 7.551000339999999 -6.26849994 3.16599997
v 2.8199999600000005 -6.56849984 1.4600000300000002
v 2.81999996 -6.56849984 3.44999988
v 2.8299999299999996 -7.85049988 3.4499998799999996
v 2.8299999299999996 -7.85049988 3.4499998799999996
v 2.82999993 -7.85049988 1.46000003
v 2.8199999600000005 -6.56849984 1.4600000300000002
v 12.99900035 5.72650007 0.45
v 13.13899956 5.59049985 0.45
v 12.98900019 5.59049985 0.45
v 13.13899956 5.59049985 0.45
v 12.99900035 5.72650007 0.45
v 13.1490005 5.72650007 0.45
v 11.1330003 -6.56849984 1.46000003
v 10.84300017 -7.85049988 1.46000003
v 10.83300001 -6.56849984 1.46000003
v 10.84300017 -7.85049988 1.46000003
v 11.1330003 -6.56849984 1.46000003
v 11.1330003 -7.850499880000001 1.46000003
v 16.0879994 -4.40149994 2.51400004
v 15.78800066 -3.06350002 2.51400004
v 15.78800066 -4.401499939999999 2.51400004
v 15.78800066 -3.06350002 2.51400004
v 16.0879994 -4.40149994 2.51400004
v 16.0879994 -3.06350002 2.51400004
v 13.4030005 -7.85049988 3.44999988
v 13.18299998 -7.85049988 3.44999988
v 13.18299998 -7.85049988 1.46000003
v 13.18299998 -7.85049988 1.46000003
v 13.4030005 -7.85049988 1.46000003
v 13.4030005 -7.85049988 3.44999988
v 7.53000007 6.22050015 2.54
v 6.204 6.52049967 2.54
v 6.204 6.22050015 2.54
v 6.204 6.52049967 2.54
v 7.53000007 6.22050015 2.54
v 7.53000007 6.52049967 2.54
v 9.49600022 -5.63850002 0.45
v 7.87300006 -5.638500020000001 0.51000002
v 7.8629999 -5.63850002 0.45
v 7.87300006 -5.638500020000001 0.51000002
v 9.49600022 -5.63850002 0.45
v 9.50600038 -5.638500020000001 0.51000002
v 2.55299998 -5.63850002 0.51000002
v 4.15599981 -5.6385000199999995 0.45
v 4.16599998 -5.63850002 0.51000002
v 4.15599981 -5.6385000199999995 0.45
v 2.55299998 -5.63850002 0.51000002
v 2.54300001 -5.6385000199999995 0.45
v 8.1010001 -6.568499839999999 1.46000003
v 8.11100026 -7.85049988 1.46000003
v 7.89099974 -7.85049988 1.46000003
v 7.89099974 -7.85049988 1.46000003
v 7.89099974 -6.56849984 1.46000003
v 8.1010001 -6.568499839999999 1.46000003
v 13.39299956 -6.56849984 1.46000003
v 13.4030005 -7.85049988 1.46000003
v 13.18299998 -7.85049988 1.46000003
v 13.18299998 -7.85049988 1.46000003
v 13.18299998 -6.56849984 1.46000003
v 13.39299956 -6.56849984 1.46000003
v 13.04199928 -5.93849992 0.45
v 13.19199943 -5.93849992 0.45
v 13.19199943 -6.26849994 0.45
v 13.04199928 -5.93849992 0.45
v 12.8429998 -6.26849994 0.45
v 12.8429998 -5.63850002 0.45
v 13.04199928 -5.78850016 0.45
v 13.18200004 -5.63850002 0.45
v 13.19199943 -5.78850016 0.45
v 12.8429998 -6.26849994 0.45
v 13.04199928 -5.93849992 0.45
v 13.19199943 -6.26849994 0.45
v 13.18200004 -5.63850002 0.45
v 13.04199928 -5.78850016 0.45
v 12.8429998 -5.63850002 0.45
v 13.04199928 -5.78850016 0.45
v 13.04199928 -5.93849992 0.45
v 12.8429998 -5.63850002 0.45
v -0.804 -5.63850002 0.51000002
v 0.6169999799999999 -5.63850002 0.45
v 0.627 -5.63850002 0.51000002
v 0.6169999799999999 -5.63850002 0.45
v -0.804 -5.63850002 0.51000002
v -0.804 -5.63850002 0.45
v 5.84100006 -6.56849984 1.46000003
v 5.55099993 -7.85049988 1.46000003
v 5.541000159999999 -6.56849984 1.46000003
v 5.55099993 -7.85049988 1.46000003
v 5.84100006 -6.56849984 1.46000003
v 5.84100006 -7.85049988 1.46000003
v 9.64600037 -5.63850002 0.45
v 9.50600038 -5.78850016 0.45
v 9.49600022 -5.63850002 0.45
v 9.50600038 -5.78850016 0.45
v 9.64600037 -5.63850002 0.45
v 9.65599976 -5.78850016 0.45
v 2.82999993 -7.85049988 1.46000003
v 2.60999999 -7.85049988 3.44999988
v 2.60999999 -7.85049988 1.46000003
v 2.60999999 -7.85049988 3.44999988
v 2.82999993 -7.85049988 1.46000003
v 2.82999993 -7.85049988 3.44999988
v 16.0879994 3.0195 2.51400004
v 15.78800066 4.35350016 2.51400004
v 15.788000659999998 3.0195 2.51400004
v 15.78800066 4.35350016 2.51400004
v 16.0879994 3.0195 2.51400004
v 16.0879994 4.35350016 2.51400004
v 8.11100026 -7.85049988 1.46000003
v 7.89099974 -7.85049988 3.44999988
v 7.890999740000001 -7.85049988 1.4600000299999998
v 7.89099974 -7.85049988 3.44999988
v 8.11100026 -7.85049988 1.46000003
v 8.11100026 -7.85049988 3.44999988
v 13.19199943 -5.63850002 0.51000002
v 13.18200004 -5.63850002 0.45
v 14.55200013 -5.63850002 0.44999999999999996
v 14.55200013 -5.63850002 0.44999999999999996
v 14.55200013 -5.63850002 0.51000002
v 13.19199943 -5.63850002 0.51000002
v 6.04199981 5.87649983 0.45
v 5.89200005 5.87649983 0.45
v 5.89200005 6.22050015 0.45
v 6.04199981 5.87649983 0.45
v 6.204 6.22050015 0.45
v 6.204 5.590499849999999 0.45
v 6.04199981 5.72650007 0.45
v 5.88199988 5.59049985 0.45
v 5.89200005 5.72650007 0.45
v 6.204 6.22050015 0.45
v 6.04199981 5.87649983 0.45
v 5.89200005 6.22050015 0.45
v 5.88199988 5.59049985 0.45
v 6.04199981 5.72650007 0.45
v 6.204 5.590499849999999 0.45
v 6.04199981 5.72650007 0.45
v 6.04199981 5.87649983 0.45
v 6.204 5.590499849999999 0.45
v 11.1330003 -7.85049988 3.44999988
v 10.833000010000001 -6.568499840000001 3.44999988
v 10.84300017 -7.85049988 3.44999988
v 13.39299956 -6.56849984 3.44999988
v 11.1330003 -7.85049988 3.44999988
v 13.18299998 -7.85049988 3.44999988
v 13.18299998 -7.85049988 3.44999988
v 13.4030005 -7.85049988 3.44999988
v 13.39299956 -6.56849984 3.44999988
v 11.1330003 -7.85049988 3.44999988
v 13.39299956 -6.56849984 3.44999988
v 10.833000010000001 -6.568499840000001 3.44999988
v 10.84300017 -7.85049988 3.44999988
v 10.83300001 -6.56849984 1.46000003
v 10.84300017 -7.85049988 1.4600000299999998
v 10.83300001 -6.56849984 1.46000003
v 10.84300017 -7.85049988 3.44999988
v 10.83300001 -6.56849984 3.44999988
v 0.26999999 -7.85049988 3.44999988
v 0.26 -6.56849984 1.46000003
v 0.2699999900000001 -7.85049988 1.4600000299999998
v 0.26 -6.56849984 1.46000003
v 0.26999999 -7.85049988 3.44999988
v 0.25999999999999995 -6.56849984 3.4499998800000005
v 13.4030005 -7.85049988 1.4600000299999998
v 13.39299956 -6.56849984 3.44999988
v 13.4030005 -7.85049988 3.44999988
v 13.39299956 -6.56849984 3.44999988
v 13.4030005 -7.85049988 1.4600000299999998
v 13.39299956 -6.56849984 1.4600000299999998
v 5.541000160000001 -6.56849984 3.44999988
v 5.54100016 -6.56849984 1.46000003
v 5.550999929999999 -7.85049988 1.4600000299999998
v 5.550999929999999 -7.85049988 1.4600000299999998
v 5.55099993 -7.85049988 3.44999988
v 5.541000160000001 -6.56849984 3.44999988
v 8.11100026 -7.85049988 1.46000003
v 8.1010001 -6.56849984 3.44999988
v 8.111000259999997 -7.85049988 3.44999988
v 8.1010001 -6.56849984 3.44999988
v 8.11100026 -7.85049988 1.46000003
v 8.101000100000004 -6.56849984 1.4600000299999998
v 5.84100006 -7.85049988 3.44999988
v 5.541000160000001 -6.56849984 3.44999988
v 5.55099993 -7.85049988 3.44999988
v 7.89099974 -7.85049988 3.44999988
v 8.11100026 -7.85049988 3.44999988
v 8.1010001 -6.56849984 3.44999988
v 5.541000160000001 -6.56849984 3.44999988
v 5.84100006 -7.85049988 3.44999988
v 8.1010001 -6.56849984 3.44999988
v 5.84100006 -7.85049988 3.44999988
v 7.89099974 -7.85049988 3.44999988
v 8.1010001 -6.56849984 3.44999988
v -0.6939999800000001 -4.5275 3.56899998
v -2.21200006 -4.5275 4.64000011
v -2.22200003 -4.527499999999999 3.5689999799999996
v -2.21200006 -4.5275 4.64000011
v -0.6939999800000001 -4.5275 3.56899998
v -0.69399998 -4.527500000000001 4.64000011
v -2.2120000599999994 4.41650019 4.64000011
v -0.69399998 4.41650019 4.64000011
v -0.6939999799999998 4.41650019 3.5689999799999996
v -0.6939999799999998 4.41650019 3.5689999799999996
v -2.22200003 4.41650019 3.56899998
v -2.2120000599999994 4.41650019 4.64000011
v 0.5600000199999997 -7.85049988 3.44999988
v 0.2600000000000001 -6.568499839999999 3.44999988
v 0.2699999899999996 -7.85049988 3.44999988
v 2.81999996 -6.56849984 3.44999988
v 0.5600000199999997 -7.85049988 3.44999988
v 2.60999999 -7.85049988 3.44999988
v 2.60999999 -7.85049988 3.44999988
v 2.8299999299999996 -7.85049988 3.44999988
v 2.81999996 -6.56849984 3.44999988
v 0.5600000199999997 -7.85049988 3.44999988
v 2.81999996 -6.56849984 3.44999988
v 0.2600000000000001 -6.568499839999999 3.44999988
v -1.0986748342775026 -2.024420519909649 1.00000001
v 0.0 -2.343123083342531 1.00000001
v -0.0 -3.99649986 1.00000001
v -1.0986748342775026 -2.024420519909649 1.00000001
v -2.2220000300000002 -3.99649986 1.00000001
v -2.2220000300000002 -2.3606085969021033 1.00000001
v -2.2220000300000002 -3.99649986 1.00000001
v -1.0986748342775026 -2.024420519909649 1.00000001
v -0.0 -3.99649986 1.00000001
v -1.0986748342775026 -2.024420519909649 1.00000001
v -1.1265969105020808 -0.15931331668910353 1.00000001
v 0.0 0.1542974785601745 1.00000001
v 0.0 0.1542974785601745 1.00000001
v 0.0 -2.343123083342531 1.00000001
v -1.0986748342775026 -2.024420519909649 1.00000001
v -2.2220000300000002 0.1474476278597236 1.00000001
v -1.0986748342775026 -2.024420519909649 1.00000001
v -2.2220000300000002 -2.3606085969021033 1.00000001
v -1.0986748342775026 -2.024420519909649 1.00000001
v -2.2220000300000002 0.1474476278597236 1.00000001
v -1.1265969105020808 -0.15931331668910353 1.00000001
v 0.0 1.9766796295321951 1.00000001
v -2.2220000300000002 3.996499860000002 1.00000001
v 0.0 3.996499860000002 1.00000001
v -2.2220000300000002 3.996499860000002 1.00000001
v 0.0 1.9766796295321951 1.00000001
v -2.2220000300000002 1.9709630792901924 1.00000001
v -1.1265969105020808 -0.15931331668910353 1.00000001
v -2.2220000300000002 0.1474476278597236 1.00000001
v -2.2220000300000002 1.9709630792901924 1.00000001
v -1.1265969105020808 -0.15931331668910353 1.00000001
v 0.0 1.9766796295321951 1.00000001
v 0.0 0.1542974785601745 1.00000001
v 0.0 1.9766796295321951 1.00000001
v -1.1265969105020808 -0.15931331668910353 1.00000001
v -2.2220000300000002 1.9709630792901924 1.00000001
v 2.7373781411237954 -4.9085 4.64000011
v -0.69399998 -4.9085 4.64000011
v -0.69399998 -4.9085 3.98500017
v -0.69399998 -4.9085 3.98500017
v -0.69399998 -4.9085 3.56899998
v 2.7368665147693165 -4.9085 3.56899998
v 2.7368665147693165 -4.9085 3.56899998
v 2.7373781411237954 -4.9085 4.64000011
v -0.69399998 -4.9085 3.98500017
v 2.7368665147693165 -4.9085 3.56899998
v 6.119852716395921 -4.9085 3.56899998
v 6.117389012005902 -4.9085 4.64000011
v 6.117389012005902 -4.9085 4.64000011
v 2.7373781411237954 -4.9085 4.64000011
v 2.7368665147693165 -4.9085 3.56899998
v 6.119852716395921 -4.9085 3.56899998
v 9.423052541424024 -4.9085 3.56899998
v 9.42396836499192 -4.9085 4.64000011
v 9.42396836499192 -4.9085 4.64000011
v 6.117389012005902 -4.9085 4.64000011
v 6.119852716395921 -4.9085 3.56899998
v 9.42396836499192 -4.9085 4.64000011
v 12.620774274575199 -4.9085 3.56899998
v 12.6214687293593 -4.9085 4.64000011
v 12.620774274575199 -4.9085 3.56899998
v 9.42396836499192 -4.9085 4.64000011
v 9.423052541424024 -4.9085 3.56899998
v 12.6214687293593 -4.9085 4.64000011
v 15.788000660000005 -4.9085 3.56899998
v 15.788000660000003 -4.9085 4.64000011
v 15.788000660000005 -4.9085 3.56899998
v 12.6214687293593 -4.9085 4.64000011
v 12.620774274575199 -4.9085 3.56899998
v 15.78800066 4.8625001 4.64000011
v 15.8480001 -4.95850005 4.64000011
v 15.788000659999998 -4.9085 4.64000011
v -0.7439999799999997 -4.577500049999999 4.64000011
v -2.2120000600000003 -4.577500049999998 4.64000011
v -2.21200006 -4.527499999999998 4.64000011
v -0.7439999799999986 4.46649985 4.64000011
v -2.2120000599999985 4.416500190000001 4.64000011
v -2.2120000599999976 4.466499850000003 4.64000011
v -0.7439999799999997 -4.577500049999999 4.64000011
v -2.21200006 -4.527499999999998 4.64000011
v -0.6939999799999976 -4.527499999999998 4.64000011
v -2.2120000599999985 4.416500190000001 4.64000011
v -0.7439999799999986 4.46649985 4.64000011
v -0.6939999800000001 4.416500190000001 4.64000011
v -0.6939999800000015 -4.908499999999998 4.64000011
v -0.7439999799999997 -4.577500049999999 4.64000011
v -0.6939999799999976 -4.527499999999998 4.64000011
v -0.6939999799999992 4.8625001 4.64000011
v -0.6939999800000001 4.416500190000001 4.64000011
v -0.7439999799999986 4.46649985 4.64000011
v -0.7439999799999997 -4.577500049999999 4.64000011
v -0.6939999800000015 -4.908499999999998 4.64000011
v -0.7439999799999965 -4.958500049999999 4.64000011
v -0.6939999799999992 4.8625001 4.64000011
v -0.7439999799999986 4.46649985 4.64000011
v -0.7439999799999981 4.912500149999999 4.64000011
v 15.788000659999998 -4.9085 4.64000011
v -0.7439999799999965 -4.958500049999999 4.64000011
v -0.6939999800000015 -4.908499999999998 4.64000011
v 15.79800005 4.91250015 4.64000011
v -0.6939999799999992 4.8625001 4.64000011
v -0.7439999799999981 4.912500149999999 4.64000011
v -0.7439999799999965 -4.958500049999999 4.64000011
v 15.788000659999998 -4.9085 4.64000011
v 15.8480001 -4.95850005 4.64000011
v -0.6939999799999992 4.8625001 4.64000011
v 15.79800005 4.91250015 4.64000011
v 15.78800066 4.8625001 4.64000011
v 15.8480001 -4.95850005 4.64000011
v 15.78800066 4.8625001 4.64000011
v 15.8480001 4.91250015 4.64000011
v 15.8480001 4.91250015 4.64000011
v 15.78800066 4.8625001 4.64000011
v 15.79800005 4.91250015 4.64000011
v 7.874829015013601 1.05599998 0.0
v 8.97500024 1.0559999800000002 0.0
v 8.97500024 -1.05599998 0.0
v 8.97500024 -1.05599998 0.0
v 7.871394218999617 -1.0559999800000002 0.0
v 7.874829015013601 1.05599998 0.0
v 7.871394218999617 -1.0559999800000002 0.0
v 6.769999949999999 -1.0559999800000002 0.0
v 6.76999995 1.05599998 0.0
v 6.76999995 1.05599998 0.0
v 7.874829015013601 1.05599998 0.0
v 7.871394218999617 -1.0559999800000002 0.0
v -2.22200003 -4.5275 3.5689999799999996
v -2.61200006 -4.5275 1.000000009999999
v -2.22200003 -4.5275 1.000000009999999
v -2.61200006 -4.5275 5.842
v -2.21200006 -4.5275 4.64000011
v -2.2120000599999994 -4.5275 5.842
v -2.61200006 -4.5275 1.000000009999999
v -2.22200003 -4.5275 3.5689999799999996
v -2.61200006 -4.5275 5.842
v -2.21200006 -4.5275 4.64000011
v -2.61200006 -4.5275 5.842
v -2.22200003 -4.5275 3.5689999799999996
v -2.22200003 4.41650019 3.56899998
v -2.22200003 4.41650019 1.0000000099999997
v -2.61200006 4.41650019 1.0000000099999995
v -2.21200006 4.41650019 4.64000011
v -2.61200006 4.41650019 5.842
v -2.21200006 4.41650019 5.8420000000000005
v -2.61200006 4.41650019 5.842
v -2.21200006 4.41650019 4.64000011
v -2.22200003 4.41650019 3.56899998
v -2.61200006 4.41650019 5.842
v -2.22200003 4.41650019 3.56899998
v -2.61200006 4.41650019 1.0000000099999995
v -1.19000004 -4.27649982 0.80000001
v -1.20000001 -3.99649986 0.75999998
v -1.19000004 -4.27649982 0.75999998
v -1.20000001 -3.99649986 0.75999998
v -1.19000004 -4.27649982 0.80000001
v -1.20000001 -3.9964998599999997 0.80000001
v 4.30599996 -5.63850002 0.45
v 4.16599998 -5.78850016 0.45
v 4.15599981 -5.63850002 0.45
v 4.16599998 -5.78850016 0.45
v 4.30599996 -5.63850002 0.45
v 4.31600012 -5.78850016 0.45
v -2.6120000599999997 -4.5275 1.00000001
v -3.908738932585349 -3.299964936641175 1.00000001
v -2.6120000599999997 -3.4043883066125096 1.00000001
v -2.6120000599999997 -4.5275 1.00000001
v -2.2220000299999993 -3.4357941033249406 1.00000001
v -2.2220000299999993 -4.5275 1.00000001
v -2.6120000599999997 -4.5275 1.00000001
v -2.61200006 -5.63850002 1.00000001
v -4.090215160926927 -5.63850002 1.00000001
v -3.908738932585349 -3.299964936641175 1.00000001
v -2.6120000599999997 -4.5275 1.00000001
v -4.425377731939896 -3.9605878899206997 1.00000001
v -2.2220000299999993 -3.4357941033249406 1.00000001
v -2.6120000599999997 -4.5275 1.00000001
v -2.6120000599999997 -3.4043883066125096 1.00000001
v -4.425377731939896 -3.9605878899206997 1.00000001
v -2.6120000599999997 -4.5275 1.00000001
v -4.090215160926927 -5.63850002 1.00000001
v -2.6120000599999997 -3.4043883066125096 1.00000001
v -3.908738932585349 -3.299964936641175 1.00000001
v -4.357351539567728 -2.076419511838235 1.00000001
v -4.357351539567728 -2.076419511838235 1.00000001
v -3.7959842110957696 -1.2006441087917563 1.00000001
v -2.6120000599999997 -1.170963471296037 1.00000001
v -2.6120000599999997 -3.4043883066125096 1.00000001
v -2.2220000299999993 -1.1611867783368985 1.00000001
v -2.2220000299999993 -3.4357941033249406 1.00000001
v -2.6120000599999997 -1.170963471296037 1.00000001
v -2.6120000599999997 -3.4043883066125096 1.00000001
v -4.357351539567728 -2.076419511838235 1.00000001
v -2.2220000299999993 -1.1611867783368985 1.00000001
v -2.6120000599999997 -3.4043883066125096 1.00000001
v -2.6120000599999997 -1.170963471296037 1.00000001
v -6.371982770753521 -5.638500020000001 1.00000001
v -4.425377731939896 -3.9605878899206997 1.00000001
v -4.090215160926927 -5.63850002 1.00000001
v -4.425377731939896 -3.9605878899206997 1.00000001
v -6.371982770753521 -5.638500020000001 1.00000001
v -6.134510130891796 -3.8547298960619263 1.00000001
v -6.134510130891796 -3.8547298960619263 1.00000001
v -6.353579558573884 -3.5596295042543824 1.00000001
v -5.918049524975465 -1.9919949490091664 1.00000001
v -4.425377731939896 -3.9605878899206997 1.00000001
v -4.357351539567728 -2.076419511838235 1.00000001
v -3.908738932585349 -3.299964936641175 1.00000001
v -5.918049524975465 -1.9919949490091664 1.00000001
v -4.425377731939896 -3.9605878899206997 1.00000001
v -6.134510130891796 -3.8547298960619263 1.00000001
v -4.425377731939896 -3.9605878899206997 1.00000001
v -5.918049524975465 -1.9919949490091664 1.00000001
v -4.357351539567728 -2.076419511838235 1.00000001
v -2.612000059999999 0.9416039853796168 1.00000001
v -3.937671418001108 1.0036018093182366 1.00000001
v -4.306021441426873 1.7530012509905084 1.00000001
v -2.612000059999999 0.9416039853796168 1.00000001
v -2.612000059999998 3.2464684278186113 1.00000001
v -2.222000029999999 0.9233648093952649 1.00000001
v -2.612000059999998 3.2464684278186113 1.00000001
v -2.2220000299999985 3.277668769263522 1.00000001
v -2.222000029999999 0.9233648093952649 1.00000001
v -3.561502971782526 3.1705073694295858 1.00000001
v -2.612000059999999 0.9416039853796168 1.00000001
v -4.306021441426873 1.7530012509905084 1.00000001
v -2.612000059999998 3.2464684278186113 1.00000001
v -2.612000059999999 0.9416039853796168 1.00000001
v -3.561502971782526 3.1705073694295858 1.00000001
v -8.30049965178776 -3.8753127470726487 1.00000001
v -8.119953448110891 -5.638500020000002 1.00000001
v -10.211999930000001 -5.638500020000002 1.00000001
v -10.211999930000001 -5.638500020000002 1.00000001
v -10.21199993 -3.827136380857618 1.00000001
v -8.30049965178776 -3.8753127470726487 1.00000001
v -6.371982770753521 -5.638500020000001 1.00000001
v -8.119953448110891 -5.638500020000002 1.00000001
v -8.30049965178776 -3.8753127470726487 1.00000001
v -6.134510130891796 -3.8547298960619263 1.00000001
v -7.956133610325386 -3.460875958862793 1.00000001
v -6.353579558573884 -3.5596295042543824 1.00000001
v -8.30049965178776 -3.8753127470726487 1.00000001
v -6.134510130891796 -3.8547298960619263 1.00000001
v -6.371982770753521 -5.638500020000001 1.00000001
v -7.956133610325386 -3.460875958862793 1.00000001
v -6.134510130891796 -3.8547298960619263 1.00000001
v -8.30049965178776 -3.8753127470726487 1.00000001
v -6.240648726784686 -1.5167693339463626 1.00000001
v -8.28865219075146 -2.0452316053308834 1.00000001
v -7.892698955398633 -1.4643453566275466 1.00000001
v -8.28865219075146 -2.0452316053308834 1.00000001
v -6.240648726784686 -1.5167693339463626 1.00000001
v -5.918049524975465 -1.9919949490091664 1.00000001
v -8.28865219075146 -2.0452316053308834 1.00000001
v -6.353579558573884 -3.5596295042543824 1.00000001
v -7.956133610325386 -3.460875958862793 1.00000001
v -6.353579558573884 -3.5596295042543824 1.00000001
v -8.28865219075146 -2.0452316053308834 1.00000001
v -5.918049524975465 -1.9919949490091664 1.00000001
v -8.28865219075146 -2.0452316053308834 1.00000001
v -7.956133610325386 -3.460875958862793 1.00000001
v -8.30049965178776 -3.8753127470726487 1.00000001
v -8.28865219075146 -2.0452316053308834 1.00000001
v -10.21199993 -3.827136380857618 1.00000001
v -10.21199993 -1.9913218628022755 1.00000001
v -10.21199993 -3.827136380857618 1.00000001
v -8.28865219075146 -2.0452316053308834 1.00000001
v -8.30049965178776 -3.8753127470726487 1.00000001
v -5.857103708023593 -0.12051468016978081 1.00000001
v -5.918049524975465 -1.9919949490091664 1.00000001
v -6.240648726784686 -1.5167693339463626 1.00000001
v -4.357351539567728 -2.076419511838235 1.00000001
v -5.857103708023593 -0.12051468016978081 1.00000001
v -4.4463540059362305 0.027268446831927418 1.00000001
v -4.4463540059362305 0.027268446831927418 1.00000001
v -3.7959842110957696 -1.2006441087917563 1.00000001
v -4.357351539567728 -2.076419511838235 1.00000001
v -5.918049524975465 -1.9919949490091664 1.00000001
v -5.857103708023593 -0.12051468016978081 1.00000001
v -4.357351539567728 -2.076419511838235 1.00000001
v -2.6120000599999997 -1.170963471296037 1.00000001
v -3.7959842110957696 -1.2006441087917563 1.00000001
v -4.4463540059362305 0.027268446831927418 1.00000001
v -4.4463540059362305 0.027268446831927418 1.00000001
v -3.937671418001108 1.0036018093182366 1.00000001
v -2.612000059999999 0.9416039853796168 1.00000001
v -2.6120000599999997 -1.170963471296037 1.00000001
v -2.222000029999999 0.9233648093952649 1.00000001
v -2.2220000299999993 -1.1611867783368985 1.00000001
v -2.612000059999999 0.9416039853796168 1.00000001
v -2.6120000599999997 -1.170963471296037 1.00000001
v -4.4463540059362305 0.027268446831927418 1.00000001
v -2.222000029999999 0.9233648093952649 1.00000001
v -2.6120000599999997 -1.170963471296037 1.00000001
v -2.612000059999999 0.9416039853796168 1.00000001
v -7.892698955398633 -1.4643453566275466 1.00000001
v -8.28467332460374 -0.05875673291632377 1.00000001
v -8.15317317434032 0.16993496919920326 1.00000001
v -7.892698955398633 -1.4643453566275466 1.00000001
v -6.429613221113365 0.5656222607104905 1.00000001
v -5.857103708023593 -0.12051468016978081 1.00000001
v -5.857103708023593 -0.12051468016978081 1.00000001
v -6.240648726784686 -1.5167693339463626 1.00000001
v -7.892698955398633 -1.4643453566275466 1.00000001
v -6.429613221113365 0.5656222607104905 1.00000001
v -7.892698955398633 -1.4643453566275466 1.00000001
v -8.15317317434032 0.16993496919920326 1.00000001
v -4.306021441426873 1.7530012509905084 1.00000001
v -5.857103708023593 -0.12051468016978081 1.00000001
v -6.429613221113365 0.5656222607104905 1.00000001
v -6.429613221113365 0.5656222607104905 1.00000001
v -6.2711914876841055 1.7252727131072403 1.00000001
v -5.748482139545073 2.1255175578745176 1.00000001
v -4.4463540059362305 0.027268446831927418 1.00000001
v -4.306021441426873 1.7530012509905084 1.00000001
v -3.937671418001108 1.0036018093182366 1.00000001
v -5.857103708023593 -0.12051468016978081 1.00000001
v -4.306021441426873 1.7530012509905084 1.00000001
v -4.4463540059362305 0.027268446831927418 1.00000001
v -4.306021441426873 1.7530012509905084 1.00000001
v -6.429613221113365 0.5656222607104905 1.00000001
v -5.748482139545073 2.1255175578745176 1.00000001
v -8.556682995650075 1.707360177722991 1.00000001
v -8.15317317434032 0.16993496919920326 1.00000001
v -8.28467332460374 -0.05875673291632377 1.00000001
v -8.556682995650075 1.707360177722991 1.00000001
v -10.211999930000001 -0.257426303993876 1.00000001
v -10.21199993 1.892806545604013 1.00000001
v -10.211999930000001 -0.257426303993876 1.00000001
v -8.556682995650075 1.707360177722991 1.00000001
v -8.28467332460374 -0.05875673291632377 1.00000001
v -10.211999930000001 -0.257426303993876 1.00000001
v -8.28865219075146 -2.0452316053308834 1.00000001
v -10.21199993 -1.9913218628022755 1.00000001
v -8.28865219075146 -2.0452316053308834 1.00000001
v -10.211999930000001 -0.257426303993876 1.00000001
v -8.28467332460374 -0.05875673291632377 1.00000001
v -8.28865219075146 -2.0452316053308834 1.00000001
v -8.28467332460374 -0.05875673291632377 1.00000001
v -7.892698955398633 -1.4643453566275466 1.00000001
v -2.2220000299999985 3.277668769263522 1.00000001
v -2.612000059999999 4.416500189999999 1.00000001
v -2.2220000299999976 4.416500189999998 1.00000001
v -2.612000059999999 4.416500189999999 1.00000001
v -2.2220000299999985 3.277668769263522 1.00000001
v -2.612000059999998 3.2464684278186113 1.00000001
v -2.612000059999998 5.590499849999999 1.00000001
v -4.397393322810512 3.9997936795972007 1.00000001
v -4.1243253587832855 5.590499849999999 1.00000001
v -4.397393322810512 3.9997936795972007 1.00000001
v -2.612000059999998 5.590499849999999 1.00000001
v -2.612000059999998 3.2464684278186113 1.00000001
v -4.397393322810512 3.9997936795972007 1.00000001
v -2.612000059999998 3.2464684278186113 1.00000001
v -3.561502971782526 3.1705073694295858 1.00000001
v -6.429613221113365 0.5656222607104905 1.00000001
v -8.15317317434032 0.16993496919920326 1.00000001
v -8.556682995650075 1.707360177722991 1.00000001
v -8.556682995650075 1.707360177722991 1.00000001
v -7.886027205771014 2.437809710337421 1.00000001
v -6.2711914876841055 1.7252727131072403 1.00000001
v -6.2711914876841055 1.7252727131072403 1.00000001
v -6.429613221113365 0.5656222607104905 1.00000001
v -8.556682995650075 1.707360177722991 1.00000001
v -7.886027205771014 2.437809710337421 1.00000001
v -7.941949034457763 3.4458810231131745 1.00000001
v -6.3281922486666895 4.048471349699711 1.00000001
v -6.2711914876841055 1.7252727131072403 1.00000001
v -5.743488526929105 3.5907987652810855 1.00000001
v -5.748482139545073 2.1255175578745176 1.00000001
v -5.743488526929105 3.5907987652810855 1.00000001
v -6.2711914876841055 1.7252727131072403 1.00000001
v -7.886027205771014 2.437809710337421 1.00000001
v -5.743488526929105 3.5907987652810855 1.00000001
v -7.886027205771014 2.437809710337421 1.00000001
v -6.3281922486666895 4.048471349699711 1.00000001
v -4.306021441426873 1.7530012509905084 1.00000001
v -5.743488526929105 3.5907987652810855 1.00000001
v -4.397393322810512 3.9997936795972007 1.00000001
v -4.397393322810512 3.9997936795972007 1.00000001
v -3.561502971782526 3.1705073694295858 1.00000001
v -4.306021441426873 1.7530012509905084 1.00000001
v -5.743488526929105 3.5907987652810855 1.00000001
v -4.306021441426873 1.7530012509905084 1.00000001
v -5.748482139545073 2.1255175578745176 1.00000001
v -6.3281922486666895 4.048471349699711 1.00000001
v -7.941949034457763 3.4458810231131745 1.00000001
v -8.335976694582671 3.80232998862326 1.00000001
v -6.3281922486666895 4.048471349699711 1.00000001
v -8.345599250671235 5.590499849999996 1.00000001
v -6.378133717425829 5.590499849999998 1.00000001
v -8.345599250671235 5.590499849999996 1.00000001
v -6.3281922486666895 4.048471349699711 1.00000001
v -8.335976694582671 3.80232998862326 1.00000001
v -10.21199993 3.5891094751356722 1.00000001
v -8.556682995650075 1.707360177722991 1.00000001
v -10.21199993 1.892806545604013 1.00000001
v -8.556682995650075 1.707360177722991 1.00000001
v -10.21199993 3.5891094751356722 1.00000001
v -8.335976694582671 3.80232998862326 1.00000001
v -8.335976694582671 3.80232998862326 1.00000001
v -7.941949034457763 3.4458810231131745 1.00000001
v -7.886027205771014 2.437809710337421 1.00000001
v -8.556682995650075 1.707360177722991 1.00000001
v -8.335976694582671 3.80232998862326 1.00000001
v -7.886027205771014 2.437809710337421 1.00000001
v -4.397393322810512 3.9997936795972007 1.00000001
v -5.743488526929105 3.5907987652810855 1.00000001
v -6.3281922486666895 4.048471349699711 1.00000001
v -4.397393322810512 3.9997936795972007 1.00000001
v -6.378133717425829 5.590499849999998 1.00000001
v -4.1243253587832855 5.590499849999999 1.00000001
v -6.378133717425829 5.590499849999998 1.00000001
v -4.397393322810512 3.9997936795972007 1.00000001
v -6.3281922486666895 4.048471349699711 1.00000001
v -8.335976694582671 3.80232998862326 1.00000001
v -10.21199993 3.5891094751356722 1.00000001
v -10.21199993 5.590499849999998 1.00000001
v -10.21199993 5.590499849999998 1.00000001
v -8.345599250671235 5.590499849999996 1.00000001
v -8.335976694582671 3.80232998862326 1.00000001
v 0.7770000100000001 -5.78850016 0.45
v 0.61699998 -5.63850002 0.45
v 0.93999999 -5.6385000199999995 0.45
v 0.7770000100000001 -5.93849992 0.45
v 0.93999999 -6.26849994 0.45
v 0.627 -6.26849994 0.45
v 0.627 -6.26849994 0.45
v 0.627 -5.93849992 0.45
v 0.7770000100000001 -5.93849992 0.45
v 0.61699998 -5.63850002 0.45
v 0.7770000100000001 -5.78850016 0.45
v 0.627 -5.78850016 0.45
v 0.93999999 -6.26849994 0.45
v 0.7770000100000001 -5.93849992 0.45
v 0.93999999 -5.6385000199999995 0.45
v 0.7770000100000001 -5.93849992 0.45
v 0.7770000100000001 -5.78850016 0.45
v 0.93999999 -5.6385000199999995 0.45
v -1.2000000100000001 -3.99649986 0.80000001
v -2.22200003 -3.99649986 0.80000001
v -2.22200003 -3.99649986 0.75999998
v -2.22200003 -3.99649986 0.75999998
v -1.20000001 -3.99649986 0.75999998
v -1.2000000100000001 -3.99649986 0.80000001
v 0.61699998 -5.63850002 0.45
v 0.627 -5.78850016 0.45
v 0.627 -5.78850016 0.51000002
v 0.6270000000000001 -5.63850002 0.51000002
v 0.61699998 -5.63850002 0.45
v 0.627 -5.78850016 0.51000002
v 0.6269999999999998 -5.93849992 0.51000002
v -0.79399998 -6.20850011 0.51000002
v -0.8040000000000002 -5.63850002 0.51000002
v -0.8040000000000002 -5.63850002 0.51000002
v 0.6269999999999997 -5.63850002 0.51000002
v 0.6269999999999998 -5.93849992 0.51000002
v -0.79399998 -6.20850011 0.51000002
v 0.6269999999999998 -5.93849992 0.51000002
v 0.6269999999999998 -6.20850011 0.51000002
v 2.40300003 -5.93849992 0.45
v 2.55299998 -5.93849992 0.45
v 2.55299998 -6.26849994 0.45
v 2.40300003 -5.78850016 0.45
v 2.54300001 -5.63850002 0.45
v 2.55299998 -5.78850016 0.45
v 2.40300003 -5.93849992 0.45
v 2.55299998 -6.26849994 0.45
v 2.27000001 -6.26849994 0.45
v 2.54300001 -5.63850002 0.45
v 2.40300003 -5.78850016 0.45
v 2.27000001 -5.63850002 0.45
v 2.27000001 -5.63850002 0.45
v 2.40300003 -5.93849992 0.45
v 2.27000001 -6.26849994 0.45
v 2.40300003 -5.93849992 0.45
v 2.27000001 -5.63850002 0.45
v 2.40300003 -5.78850016 0.45
v 0.9399999900000002 -6.26849994 3.1659999699999997
v -0.7939999800000002 -6.26849994 0.8000000099999993
v 0.627 -6.26849994 0.8000000099999993
v 0.627 -6.26849994 0.8000000099999993
v 0.627 -6.26849994 0.4500000000000002
v 0.9399999900000002 -6.26849994 0.44999999999999973
v 0.9399999900000002 -6.26849994 3.1659999699999997
v 1.435390074487712 -6.26849994 3.1659999699999997
v 1.3299271784083235 -6.26849994 3.56899998
v 0.9399999900000002 -6.26849994 3.1659999699999997
v 0.627 -6.26849994 0.8000000099999993
v 0.9399999900000002 -6.26849994 0.44999999999999973
v 0.9399999900000002 -6.26849994 3.1659999699999997
v 1.3299271784083235 -6.26849994 3.56899998
v -0.79399998 -6.26849994 3.56899998
v -0.7939999800000002 -6.26849994 0.8000000099999993
v 0.9399999900000002 -6.26849994 3.1659999699999997
v -0.79399998 -6.26849994 3.56899998
v 2.2700000100000004 -6.26849994 3.16599997
v 2.2700000100000004 -6.26849994 1.929207137951587
v 4.168029796471722 -6.26849994 2.4244200606905215
v 2.2700000100000004 -6.26849994 3.16599997
v 4.4973479254448305 -6.26849994 3.56899998
v 1.3299271784083235 -6.26849994 3.56899998
v 1.3299271784083235 -6.26849994 3.56899998
v 1.435390074487712 -6.26849994 3.1659999699999997
v 2.2700000100000004 -6.26849994 3.16599997
v 4.4973479254448305 -6.26849994 3.56899998
v 2.2700000100000004 -6.26849994 3.16599997
v 4.168029796471722 -6.26849994 2.4244200606905215
v 2.5529999800000005 -6.26849994 0.8000000099999993
v 2.27000001 -6.26849994 0.44999999999999973
v 2.5529999800000005 -6.26849994 0.4500000000000002
v 4.31600012 -6.26849994 0.8000000099999998
v 4.16599998 -6.26849994 0.44999999999999973
v 4.31600012 -6.26849994 0.44999999999999973
v 4.31600012 -6.26849994 0.8000000099999998
v 4.877626592387042 -6.26849994 0.8000000099999998
v 4.168029796471722 -6.26849994 2.4244200606905215
v 2.27000001 -6.26849994 0.44999999999999973
v 2.5529999800000005 -6.26849994 0.8000000099999993
v 2.2700000100000004 -6.26849994 1.929207137951587
v 4.16599998 -6.26849994 0.44999999999999973
v 4.31600012 -6.26849994 0.8000000099999998
v 4.16599998 -6.26849994 0.8000000099999998
v 4.16599998 -6.26849994 0.8000000099999998
v 4.168029796471722 -6.26849994 2.4244200606905215
v 2.2700000100000004 -6.26849994 1.929207137951587
v 2.2700000100000004 -6.26849994 1.929207137951587
v 2.5529999800000005 -6.26849994 0.8000000099999993
v 4.16599998 -6.26849994 0.8000000099999998
v 4.168029796471722 -6.26849994 2.4244200606905215
v 4.16599998 -6.26849994 0.8000000099999998
v 4.31600012 -6.26849994 0.8000000099999998
v 12.842999800000001 -6.26849994 3.16599997
v 12.842999800000001 -6.26849994 2.1175917055444673
v 14.56199952 -6.26849994 2.375842469338724
v 12.842999800000001 -6.26849994 3.16599997
v 11.837814411716362 -6.26849994 3.56899998
v 11.936907661701307 -6.26849994 3.16599997
v 12.842999800000001 -6.26849994 3.16599997
v 14.56199952 -6.26849994 2.375842469338724
v 14.561999520000002 -6.26849994 3.56899998
v 11.837814411716362 -6.26849994 3.56899998
v 12.842999800000001 -6.26849994 3.16599997
v 14.561999520000002 -6.26849994 3.56899998
v 4.168029796471722 -6.26849994 2.4244200606905215
v 4.877626592387042 -6.26849994 0.8000000099999998
v 5.941000160000001 -6.26849994 0.8000000099999993
v 5.941000160000001 -6.26849994 0.8000000099999993
v 5.941000160000001 -6.26849994 0.44999999999999973
v 6.221000120000001 -6.26849994 0.44999999999999973
v 6.221000120000001 -6.26849994 3.16599997
v 6.745455590937564 -6.26849994 3.16599997
v 6.659826081092357 -6.26849994 3.56899998
v 6.221000120000001 -6.26849994 3.16599997
v 4.4973479254448305 -6.26849994 3.56899998
v 4.168029796471722 -6.26849994 2.4244200606905215
v 5.941000160000001 -6.26849994 0.8000000099999993
v 6.221000120000001 -6.26849994 0.44999999999999973
v 6.221000120000001 -6.26849994 3.16599997
v 4.4973479254448305 -6.26849994 3.56899998
v 6.221000120000001 -6.26849994 3.16599997
v 6.659826081092357 -6.26849994 3.56899998
v 4.168029796471722 -6.26849994 2.4244200606905215
v 5.941000160000001 -6.26849994 0.8000000099999993
v 6.221000120000001 -6.26849994 3.16599997
v 7.873000060000001 -6.26849994 0.8000000099999993
v 7.551000340000002 -6.26849994 0.44999999999999973
v 7.873000060000002 -6.26849994 0.44999999999999973
v 9.506000380000001 -6.26849994 0.8000000099999998
v 9.506000380000001 -6.26849994 0.4500000000000002
v 9.655999760000002 -6.26849994 0.44999999999999973
v 9.655999760000002 -6.26849994 0.8000000099999998
v 10.227186179545415 -6.26849994 0.8000000099999998
v 9.468711242852601 -6.26849994 2.4176464795908483
v 7.551000340000002 -6.26849994 0.44999999999999973
v 7.873000060000001 -6.26849994 0.8000000099999993
v 7.5510003400000025 -6.26849994 1.8499155533532827
v 9.506000380000001 -6.26849994 0.8000000099999998
v 9.655999760000002 -6.26849994 0.44999999999999973
v 9.655999760000002 -6.26849994 0.8000000099999998
v 7.873000060000001 -6.26849994 0.8000000099999993
v 9.468711242852601 -6.26849994 2.4176464795908483
v 7.5510003400000025 -6.26849994 1.8499155533532827
v 9.468711242852601 -6.26849994 2.4176464795908483
v 7.873000060000001 -6.26849994 0.8000000099999993
v 9.506000380000001 -6.26849994 0.8000000099999998
v 9.468711242852601 -6.26849994 2.4176464795908483
v 9.506000380000001 -6.26849994 0.8000000099999998
v 9.655999760000002 -6.26849994 0.8000000099999998
v 7.5510003400000025 -6.26849994 3.16599997
v 7.5510003400000025 -6.26849994 1.8499155533532827
v 9.468711242852601 -6.26849994 2.4176464795908483
v 7.5510003400000025 -6.26849994 3.16599997
v 9.784460250252526 -6.26849994 3.56899998
v 6.659826081092357 -6.26849994 3.56899998
v 6.659826081092357 -6.26849994 3.56899998
v 6.745455590937564 -6.26849994 3.16599997
v 7.5510003400000025 -6.26849994 3.16599997
v 9.784460250252526 -6.26849994 3.56899998
v 7.5510003400000025 -6.26849994 3.16599997
v 9.468711242852601 -6.26849994 2.4176464795908483
v 9.468711242852601 -6.26849994 2.4176464795908483
v 10.227186179545415 -6.26849994 0.8000000099999998
v 11.277000040000003 -6.26849994 0.8000000099999993
v 11.277000040000003 -6.26849994 0.8000000099999993
v 11.277000040000003 -6.26849994 0.44999999999999973
v 11.51300036 -6.26849994 0.44999999999999973
v 11.51300036 -6.26849994 3.16599997
v 11.936907661701307 -6.26849994 3.16599997
v 11.837814411716362 -6.26849994 3.56899998
v 11.51300036 -6.26849994 3.16599997
v 9.784460250252526 -6.26849994 3.56899998
v 9.468711242852601 -6.26849994 2.4176464795908483
v 11.277000040000003 -6.26849994 0.8000000099999993
v 11.51300036 -6.26849994 0.44999999999999973
v 11.51300036 -6.26849994 3.16599997
v 9.784460250252526 -6.26849994 3.56899998
v 11.51300036 -6.26849994 3.16599997
v 11.837814411716362 -6.26849994 3.56899998
v 9.468711242852601 -6.26849994 2.4176464795908483
v 11.277000040000003 -6.26849994 0.8000000099999993
v 11.51300036 -6.26849994 3.16599997
v 13.191999430000003 -6.26849994 0.8000000099999993
v 12.842999800000001 -6.26849994 0.44999999999999973
v 13.191999430000001 -6.26849994 0.44999999999999973
v 13.191999430000003 -6.26849994 0.8000000099999993
v 14.561999520000002 -6.26849994 0.8000000099999998
v 14.56199952 -6.26849994 2.375842469338724
v 12.842999800000001 -6.26849994 0.44999999999999973
v 13.191999430000003 -6.26849994 0.8000000099999993
v 12.842999800000001 -6.26849994 2.1175917055444673
v 13.191999430000003 -6.26849994 0.8000000099999993
v 14.56199952 -6.26849994 2.375842469338724
v 12.842999800000001 -6.26849994 2.1175917055444673
v 2.55299998 -5.63850002 0.51000002
v 2.55299998 -5.78850016 0.51000002
v 2.55299998 -5.78850016 0.45
v 2.54300001 -5.63850002 0.44999999999999996
v 2.55299998 -5.63850002 0.51000002
v 2.55299998 -5.78850016 0.45
v 6.09099992 -5.78850016 0.45
v 5.93099999 -5.63850002 0.45
v 6.22100012 -5.63850002 0.45
v 6.09099992 -5.93849992 0.45
v 5.94100016 -6.26849994 0.45
v 5.94100016 -5.93849992 0.45
v 5.93099999 -5.63850002 0.45
v 6.09099992 -5.78850016 0.45
v 5.94100016 -5.78850016 0.45
v 5.94100016 -6.26849994 0.45
v 6.09099992 -5.93849992 0.45
v 6.22100012 -6.26849994 0.45
v 6.09099992 -5.93849992 0.45
v 6.09099992 -5.78850016 0.45
v 6.22100012 -5.63850002 0.45
v 6.22100012 -5.63850002 0.45
v 6.22100012 -6.26849994 0.45
v 6.09099992 -5.93849992 0.45
v 5.93099999 -5.63850002 0.45
v 5.94100016 -5.78850016 0.44999999999999996
v 5.94100016 -5.78850016 0.51000002
v 5.94100016 -5.63850002 0.51000002
v 5.93099999 -5.63850002 0.45
v 5.94100016 -5.78850016 0.51000002
v 4.31600012 -5.63850002 0.51000002
v 4.31600012 -5.78850016 0.51000002
v 4.31600012 -5.78850016 0.45
v 4.30599996 -5.63850002 0.44999999999999996
v 4.31600012 -5.63850002 0.51000002
v 4.31600012 -5.78850016 0.45
v 4.15599981 -5.63850002 0.45
v 4.16599998 -5.78850016 0.44999999999999996
v 4.16599998 -5.78850016 0.51000002
v 4.16599998 -5.63850002 0.51000002
v 4.15599981 -5.63850002 0.45
v 4.16599998 -5.78850016 0.51000002
v 7.72299991 -5.93849992 0.45
v 7.87300006 -5.93849992 0.45
v 7.87300006 -6.26849994 0.45
v 7.72299991 -5.93849992 0.45
v 7.55100034 -6.26849994 0.45
v 7.55100034 -5.63850002 0.45
v 7.72299991 -5.78850016 0.45
v 7.8629999 -5.63850002 0.45
v 7.87300006 -5.78850016 0.45
v 7.55100034 -6.26849994 0.45
v 7.72299991 -5.93849992 0.45
v 7.87300006 -6.26849994 0.45
v 7.8629999 -5.63850002 0.45
v 7.72299991 -5.78850016 0.45
v 7.55100034 -5.63850002 0.45
v 7.72299991 -5.78850016 0.45
v 7.72299991 -5.93849992 0.45
v 7.55100034 -5.63850002 0.45
v 11.42700018 -5.78850016 0.45
v 11.27700004 -5.78850016 0.45
v 11.26699987 -5.63850002 0.45
v 11.42700018 -5.93849992 0.45
v 11.27700004 -6.268499940000001 0.45
v 11.27700004 -5.93849992 0.45
v 11.42700018 -5.78850016 0.45
v 11.26699987 -5.63850002 0.45
v 11.51300036 -5.63850002 0.45
v 11.27700004 -6.268499940000001 0.45
v 11.42700018 -5.93849992 0.45
v 11.51300036 -6.26849994 0.45
v 11.42700018 -5.93849992 0.45
v 11.42700018 -5.78850016 0.45
v 11.51300036 -5.63850002 0.45
v 11.51300036 -5.63850002 0.45
v 11.51300036 -6.26849994 0.45
v 11.42700018 -5.93849992 0.45
v 4.31600012 -5.63850002 0.51000002
v 5.93099999 -5.6385000199999995 0.45
v 5.94100016 -5.63850002 0.51000002
v 5.93099999 -5.6385000199999995 0.45
v 4.31600012 -5.63850002 0.51000002
v 4.30599996 -5.6385000199999995 0.45
v 0.58400001 5.72650007 0.45
v 0.5739999899999999 5.59049985 0.45
v 0.58400001 5.59049985 0.51000002
v 0.58400001 5.72650007 0.51000002
v 0.58400001 5.72650007 0.45
v 0.58400001 5.59049985 0.51000002
v 7.67299987 5.72650007 0.45
v 7.82300001 5.72650007 0.45
v 7.81299985 5.59049985 0.45
v 7.67299987 5.87649983 0.45
v 7.53000007 6.22050015 0.45
v 7.82300001 6.2205001499999995 0.45
v 7.82300001 6.2205001499999995 0.45
v 7.82300001 5.87649983 0.45
v 7.67299987 5.87649983 0.45
v 7.67299987 5.72650007 0.45
v 7.81299985 5.59049985 0.45
v 7.53000007 5.59049985 0.45
v 7.53000007 6.22050015 0.45
v 7.67299987 5.87649983 0.45
v 7.53000007 5.59049985 0.45
v 7.67299987 5.87649983 0.45
v 7.67299987 5.72650007 0.45
v 7.53000007 5.59049985 0.45
v 0.7340000099999998 5.590499849999999 0.51000002
v 2.34300001 5.59049985 0.51000002
v 2.33300004 5.5904998500000005 0.45
v 2.33300004 5.5904998500000005 0.45
v 0.72399999 5.59049985 0.45
v 0.7340000099999998 5.590499849999999 0.51000002
v 2.34300001 5.72650007 0.45
v 2.48299999 5.59049985 0.45
v 2.33300004 5.59049985 0.45
v 2.48299999 5.59049985 0.45
v 2.34300001 5.72650007 0.45
v 2.4929999600000006 5.72650007 0.45
v 9.44999993 5.72650007 0.45
v 9.58999991 5.59049985 0.45
v 9.43999976 5.59049985 0.45
v 9.58999991 5.59049985 0.45
v 9.44999993 5.72650007 0.45
v 9.60000007 5.72650007 0.45
v 0.58400001 5.72650007 0.45
v 0.72399999 5.59049985 0.45
v 0.57399999 5.59049985 0.45
v 0.72399999 5.59049985 0.45
v 0.58400001 5.72650007 0.45
v 0.73400001 5.72650007 0.45
v 0.58400001 5.72650007 0.51000002
v 0.58400001 5.59049985 0.51000002
v -0.804 5.59049985 0.51000002
v 0.58400001 5.72650007 0.51000002
v -0.7939999800000002 6.16049994 0.51000002
v 0.58400001 6.16049994 0.51000002
v -0.7939999800000002 6.16049994 0.51000002
v 0.58400001 5.72650007 0.51000002
v -0.804 5.59049985 0.51000002
v 4.10899997 5.72650007 0.45
v 4.24899995 5.59049985 0.45
v 4.09900019 5.59049985 0.45
v 4.24899995 5.59049985 0.45
v 4.10899997 5.72650007 0.45
v 4.25900011 5.72650007 0.45
v 11.22600005 5.72650007 0.45
v 11.36600003 5.59049985 0.45
v 11.21599988 5.59049985 0.45
v 11.36600003 5.59049985 0.45
v 11.22600005 5.72650007 0.45
v 11.3760002 5.72650007 0.45
v 2.49299996 5.72650007 0.51000002
v 2.49299996 5.59049985 0.51000002
v 2.48299999 5.59049985 0.45
v 2.49299996 5.72650007 0.44999999999999996
v 2.49299996 5.72650007 0.51000002
v 2.48299999 5.59049985 0.45
v 2.34300001 5.72650007 0.45
v 2.33300004 5.59049985 0.45
v 2.34300001 5.59049985 0.51000002
v 2.34300001 5.72650007 0.51000002
v 2.34300001 5.72650007 0.45
v 2.34300001 5.59049985 0.51000002
v 5.89200005 5.72650007 0.45
v 5.88199988 5.59049985 0.45
v 5.89200005 5.59049985 0.51000002
v 5.89200005 5.72650007 0.51000002
v 5.89200005 5.72650007 0.45
v 5.89200005 5.59049985 0.51000002
v 4.25900011 5.72650007 0.51000002
v 4.25900011 5.59049985 0.51000002
v 4.24899995 5.59049985 0.45
v 4.25900011 5.72650007 0.45
v 4.25900011 5.72650007 0.51000002
v 4.24899995 5.59049985 0.45
v 4.10899997 5.72650007 0.45
v 4.09900019 5.59049985 0.44999999999999996
v 4.10899997 5.59049985 0.51000002
v 4.10899997 5.72650007 0.51000002
v 4.10899997 5.72650007 0.45
v 4.10899997 5.59049985 0.51000002
v 0.73400001 5.72650007 0.51000002
v 0.73400001 5.59049985 0.51000002
v 0.72399999 5.59049985 0.45
v 0.73400001 5.72650007 0.44999999999999996
v 0.73400001 5.72650007 0.51000002
v 0.72399999 5.59049985 0.45
v 9.60000007 5.72650007 0.51000002
v 9.60000007 5.59049985 0.51000002
v 9.58999991 5.59049985 0.45
v 9.60000007 5.72650007 0.44999999999999996
v 9.60000007 5.72650007 0.51000002
v 9.58999991 5.59049985 0.45
v 11.22600005 5.72650007 0.45
v 11.21599988 5.59049985 0.45
v 11.22600005 5.59049985 0.51000002
v 11.22600005 5.72650007 0.51000002
v 11.22600005 5.72650007 0.45
v 11.22600005 5.59049985 0.51000002
v 12.99900035 5.72650007 0.45
v 12.98900019 5.59049985 0.44999999999999996
v 12.99900035 5.59049985 0.51000002
v 12.99900035 5.72650007 0.51000002
v 12.99900035 5.72650007 0.45
v 12.99900035 5.59049985 0.51000002
v 11.3760002 5.72650007 0.51000002
v 11.3760002 5.59049985 0.51000002
v 11.36600003 5.59049985 0.45
v 11.3760002 5.72650007 0.45
v 11.3760002 5.72650007 0.51000002
v 11.36600003 5.59049985 0.45
v 13.1490005 5.87649983 0.51000002
v 13.1490005 6.160499939999999 0.51000002
v 14.56199952 6.16049994 0.51000002
v 13.1490005 5.72650007 0.51000002
v 14.55200013 5.59049985 0.51000002
v 13.1490005 5.59049985 0.51000002
v 14.55200013 5.59049985 0.51000002
v 13.1490005 5.87649983 0.51000002
v 14.56199952 6.16049994 0.51000002
v 13.1490005 5.87649983 0.51000002
v 14.55200013 5.59049985 0.51000002
v 13.1490005 5.72650007 0.51000002
v 13.1490005 5.72650007 0.51000002
v 13.1490005 5.59049985 0.51000002
v 13.13899956 5.59049985 0.45
v 13.1490005 5.72650007 0.45
v 13.1490005 5.72650007 0.51000002
v 13.13899956 5.59049985 0.45
v 9.44999993 5.72650007 0.45
v 9.43999976 5.59049985 0.45
v 9.44999993 5.59049985 0.51000002
v 9.44999993 5.72650007 0.51000002
v 9.44999993 5.72650007 0.45
v 9.44999993 5.59049985 0.51000002
v 7.82300001 5.72650007 0.51000002
v 7.82300001 5.59049985 0.51000002
v 7.81299985 5.59049985 0.45
v 7.82300001 5.72650007 0.44999999999999996
v 7.82300001 5.72650007 0.51000002
v 7.81299985 5.59049985 0.45
v 9.65599976 -5.63850002 0.51000002
v 9.65599976 -5.78850016 0.51000002
v 9.65599976 -5.78850016 0.45
v 9.64600037 -5.63850002 0.44999999999999996
v 9.65599976 -5.63850002 0.51000002
v 9.65599976 -5.78850016 0.45
v 4.25900011 5.590499849999999 0.51000002
v 5.89200005 5.59049985 0.51000002
v 5.88199988 5.5904998500000005 0.44999999999999996
v 5.88199988 5.5904998500000005 0.44999999999999996
v 4.24899995 5.59049985 0.45
v 4.25900011 5.590499849999999 0.51000002
v 13.1490005 5.59049985 0.51000002
v 14.55200013 5.59049985 0.51000002
v 14.55200013 5.59049985 0.44999999999999996
v 14.55200013 5.59049985 0.44999999999999996
v 13.13899956 5.59049985 0.45
v 13.1490005 5.59049985 0.51000002
v -0.8039999999999998 5.59049985 0.51000002
v 0.58400001 5.59049985 0.51000002
v 0.57399999 5.59049985 0.45000000000000007
v 0.57399999 5.59049985 0.45000000000000007
v -0.8039999999999998 5.59049985 0.45
v -0.8039999999999998 5.59049985 0.51000002
v 11.26699987 -5.63850002 0.45
v 11.27700004 -5.78850016 0.45000000000000007
v 11.27700004 -5.78850016 0.51000002
v 11.27700004 -5.63850002 0.51000002
v 11.26699987 -5.63850002 0.45
v 11.27700004 -5.78850016 0.51000002
v 7.8230000099999994 5.590499849999998 0.51000002
v 9.44999993 5.59049985 0.51000002
v 9.43999976 5.590499850000001 0.44999999999999996
v 9.43999976 5.590499850000001 0.44999999999999996
v 7.81299985 5.59049985 0.45
v 7.8230000099999994 5.590499849999998 0.51000002
v 13.19199943 -5.63850002 0.51000002
v 13.19199943 -5.78850016 0.51000002
v 13.19199943 -5.78850016 0.45
v 13.18200004 -5.63850002 0.4499999999999999
v 13.19199943 -5.63850002 0.51000002
v 13.19199943 -5.78850016 0.45
v 9.49600022 -5.63850002 0.45
v 9.50600038 -5.78850016 0.45
v 9.50600038 -5.78850016 0.51000002
v 9.50600038 -5.63850002 0.51000002
v 9.49600022 -5.63850002 0.45
v 9.50600038 -5.78850016 0.51000002
v 7.87300006 -5.63850002 0.51000002
v 7.87300006 -5.78850016 0.51000002
v 7.87300006 -5.78850016 0.45
v 7.8629999 -5.63850002 0.4499999999999999
v 7.87300006 -5.63850002 0.51000002
v 7.87300006 -5.78850016 0.45
v 2.49299996 5.5904998500000005 0.51000002
v 4.10899997 5.59049985 0.51000002
v 4.09900019 5.590499849999999 0.44999999999999996
v 4.09900019 5.590499849999999 0.44999999999999996
v 2.4829999899999997 5.59049985 0.45
v 2.49299996 5.5904998500000005 0.51000002
v 13.19199943 -5.78850016 0.51000002
v 14.56199952 -6.20850011 0.51000002
v 13.19199943 -6.20850011 0.51000002
v 14.55200013 -5.63850002 0.51000002
v 13.19199943 -5.78850016 0.51000002
v 13.19199943 -5.63850002 0.51000002
v 14.56199952 -6.20850011 0.51000002
v 13.19199943 -5.78850016 0.51000002
v 14.55200013 -5.63850002 0.51000002
v 11.3760002 5.590499849999999 0.51000002
v 12.99900035 5.59049985 0.51000002
v 12.98900019 5.5904998500000005 0.45
v 12.98900019 5.5904998500000005 0.45
v 11.36600003 5.59049985 0.45
v 11.3760002 5.590499849999999 0.51000002
v 9.600000069999998 5.59049985 0.51000002
v 11.22600005 5.59049985 0.51000002
v 11.21599988 5.59049985 0.44999999999999996
v 11.21599988 5.59049985 0.44999999999999996
v 9.58999991 5.59049985 0.45
v 9.600000069999998 5.59049985 0.51000002
v 9.65599976 -5.63850002 0.51000002
v 11.26699987 -5.63850002 0.45
v 11.27700004 -5.63850002 0.51000002
v 11.26699987 -5.63850002 0.45
v 9.65599976 -5.63850002 0.51000002
v 9.64600037 -5.63850002 0.45
v 5.84100006 -7.85049988 3.44999988
v 5.55099993 -7.85049988 3.44999988
v 5.55099993 -7.85049988 1.4600000299999996
v 5.55099993 -7.85049988 1.4600000299999996
v 5.84100006 -7.85049988 1.4600000299999996
v 5.84100006 -7.85049988 3.44999988
v 11.1330003 -7.85049988 1.4600000300000004
v 10.84300017 -7.85049988 3.44999988
v 10.84300017 -7.85049988 1.4600000300000002
v 10.84300017 -7.85049988 3.44999988
v 11.1330003 -7.85049988 1.4600000300000004
v 11.1330003 -7.85049988 3.44999988
v 0.5600000200000002 -6.56849984 1.46000003
v 0.26999999 -7.85049988 1.46000003
v 0.26 -6.568499839999999 1.46000003
v 0.26999999 -7.85049988 1.46000003
v 0.5600000200000002 -6.56849984 1.46000003
v 0.5600000200000002 -7.85049988 1.46000003
v 2.81999996 -6.56849984 1.46000003
v 2.82999993 -7.85049988 1.46000003
v 2.60999999 -7.85049988 1.46000003
v 2.60999999 -7.85049988 1.46000003
v 2.60999999 -6.56849984 1.46000003
v 2.81999996 -6.56849984 1.46000003
v -1.2000000099999997 -3.98650008 0.97
v -2.22200003 -3.9964998600000006 0.97
v -1.2000000099999997 -3.99649986 0.97
v -1.2000000099999997 -3.98650008 0.97
v -0.02 -3.98650008 0.97
v -0.01999999999999985 -2.327802409815207 0.97
v -2.22200003 -3.9964998600000006 0.97
v -1.2000000099999997 -3.98650008 0.97
v -2.22200003 -2.340261752961506 0.97
v -1.2000000099999997 -3.98650008 0.97
v -0.01999999999999985 -2.327802409815207 0.97
v -2.22200003 -2.340261752961506 0.97
v -2.22200003 -2.340261752961506 0.97
v -0.019999999999999796 -0.716351297270018 0.97
v -2.2220000299999993 -0.6934702541754081 0.97
v -0.019999999999999796 -0.716351297270018 0.97
v -2.22200003 -2.340261752961506 0.97
v -0.01999999999999985 -2.327802409815207 0.97
v -2.2220000299999993 -0.6934702541754081 0.97
v -0.019999999999999574 0.8972529171229158 0.97
v -2.2220000299999993 0.8829045567056406 0.97
v -0.019999999999999574 0.8972529171229158 0.97
v -2.2220000299999993 -0.6934702541754081 0.97
v -0.019999999999999796 -0.716351297270018 0.97
v -0.019999999999999574 0.8972529171229158 0.97
v -0.01999999999999935 2.4494155809570217 0.97
v -2.2220000299999993 2.450591475335679 0.97
v -2.2220000299999993 2.450591475335679 0.97
v -2.2220000299999993 0.8829045567056406 0.97
v -0.019999999999999574 0.8972529171229158 0.97
v -2.2220000299999993 2.450591475335679 0.97
v -0.01999999999999913 3.986500079999998 0.97
v -2.2220000299999993 3.986500079999998 0.97
v -0.01999999999999913 3.986500079999998 0.97
v -2.2220000299999993 2.450591475335679 0.97
v -0.01999999999999935 2.4494155809570217 0.97
v 0.56000002 -7.85049988 3.44999988
v 0.26999999 -7.85049988 3.44999988
v 0.2699999900000001 -7.85049988 1.46000003
v 0.2699999900000001 -7.85049988 1.46000003
v 0.56000002 -7.85049988 1.46000003
v 0.56000002 -7.85049988 3.44999988
v -1.2000000100000001 -3.99649986 0.75999998
v -2.22200003 -3.99649986 0.75999998
v -2.22200003 -4.27649982 0.75999998
v -2.22200003 -4.27649982 0.75999998
v -1.1900000400000001 -4.27649982 0.75999998
v -1.2000000100000001 -3.99649986 0.75999998
v -2.2220000299999993 -4.5164999 0.4
v -1.19000004 -4.83650013 0.4
v -2.22200003 -4.83650013 0.4
v -1.19000004 -4.83650013 0.4
v -2.2220000299999993 -4.5164999 0.4
v -1.19000004 -4.5164999 0.4
v -1.1900000400000001 -4.55650017 0.56000002
v -2.22200003 -4.23649994 0.56000002
v -2.22200003 -4.55650017 0.56000002
v -2.22200003 -4.23649994 0.56000002
v -1.1900000400000001 -4.55650017 0.56000002
v -1.1900000400000001 -4.23649994 0.56000002
v -1.1900000400000001 -4.83650013 0.36
v -2.22200003 -4.5164999 0.36
v -2.22200003 -4.83650013 0.36
v -2.22200003 -4.5164999 0.36
v -1.1900000400000001 -4.83650013 0.36
v -1.1900000400000001 -4.5164999 0.36
v -1.20000001 -3.99649986 0.80000001
v -1.19000004 -4.27649982 0.80000001
v -2.2220000299999993 -4.27649982 0.80000001
v -2.2220000299999993 -4.27649982 0.80000001
v -2.2220000299999993 -3.99649986 0.80000001
v -1.20000001 -3.99649986 0.80000001
v -2.2220000299999993 -4.23649994 0.6
v -1.19000004 -4.55650017 0.6
v -2.22200003 -4.55650017 0.6
v -1.19000004 -4.55650017 0.6
v -2.2220000299999993 -4.23649994 0.6
v -1.19000004 -4.23649994 0.6
v -2.22200003 -5.1165001 0.2
v -1.19000004 -5.1165001 0.2
v -1.19000004 -5.1165001 0.16
v -1.19000004 -5.1165001 0.16
v -2.22200003 -5.1165001 0.16
v -2.22200003 -5.1165001 0.2
v -2.2220000299999993 -4.79649986 0.2
v -1.19000004 -5.1165001 0.2
v -2.22200003 -5.1165001000000006 0.2
v -1.19000004 -5.1165001 0.2
v -2.2220000299999993 -4.79649986 0.2
v -1.19000004 -4.79649986 0.2
v -1.1900000400000001 -5.1165001 0.16
v -2.22200003 -4.79649986 0.16
v -2.22200003 -5.1165001 0.16
v -2.22200003 -4.79649986 0.16
v -1.1900000400000001 -5.1165001 0.16
v -1.19000004 -4.79649986 0.16
v -1.1900000400000001 -4.5164999 0.4
v -2.22200003 -4.5164999 0.4
v -2.22200003 -4.5164999 0.36
v -2.22200003 -4.5164999 0.36
v -1.19000004 -4.5164999 0.36
v -1.1900000400000001 -4.5164999 0.4
v -2.22200003 -4.83650013 0.4
v -1.19000004 -4.83650013 0.4
v -1.19000004 -4.83650013 0.36
v -1.19000004 -4.83650013 0.36
v -2.22200003 -4.83650013 0.36
v -2.22200003 -4.83650013 0.4
v -2.22200003 -4.79649986 0.2
v -2.22200003 -4.79649986 0.16
v -1.1900000400000001 -4.79649986 0.16
v -1.1900000400000001 -4.79649986 0.16
v -1.19000004 -4.79649986 0.2
v -2.22200003 -4.79649986 0.2
v -1.1900000400000001 -4.23649994 0.56000002
v -2.22200003 -4.23649994 0.6
v -2.22200003 -4.23649994 0.56000002
v -2.22200003 -4.23649994 0.6
v -1.1900000400000001 -4.23649994 0.56000002
v -1.1900000400000001 -4.23649994 0.6
v -2.2220000299999993 -4.27649982 0.75999998
v -1.19000004 -4.27649982 0.80000001
v -1.19000004 -4.27649982 0.75999998
v -1.19000004 -4.27649982 0.80000001
v -2.2220000299999993 -4.27649982 0.75999998
v -2.2220000299999993 -4.27649982 0.80000001
v -2.2220000299999993 -4.55650017 0.56000002
v -1.19000004 -4.55650017 0.6
v -1.19000004 -4.55650017 0.56000002
v -1.19000004 -4.55650017 0.6
v -2.2220000299999993 -4.55650017 0.56000002
v -2.2220000299999993 -4.55650017 0.6
v -0.804 -5.63850002 0.51000002
v -0.79399998 -6.20850011 0.80000001
v -0.804 -5.63850002 1.99499993
v -0.79399998 -6.20850011 0.80000001
v -0.804 -5.63850002 0.51000002
v -0.79399998 -6.20850011 0.51000002
v -0.8040000000000002 -5.63850002 1.99499993
v -0.79399998 -5.63850002 3.56899998
v -2.2220000300000002 -5.63850002 3.56899998
v -0.8040000000000002 -5.63850002 1.99499993
v -2.22200003 -5.63850002 1.8004981981555017
v -0.804 -5.63850002 1.7984194787883039
v -2.22200003 -5.63850002 1.8004981981555017
v -0.8040000000000002 -5.63850002 1.99499993
v -2.2220000300000002 -5.63850002 3.56899998
v -0.8040000000000003 -5.63850002 0.4500000000000003
v -2.22200003 -5.63850002 -4.2494908269762065e-16
v -0.804 -5.63850002 -4.440892098500626e-16
v -2.22200003 -5.63850002 1.8004981981555017
v -0.804 -5.63850002 0.5100000199999998
v -0.804 -5.63850002 1.7984194787883039
v -0.804 -5.63850002 0.5100000199999998
v -2.22200003 -5.63850002 -4.2494908269762065e-16
v -0.8040000000000003 -5.63850002 0.4500000000000003
v -2.22200003 -5.63850002 -4.2494908269762065e-16
v -0.804 -5.63850002 0.5100000199999998
v -2.22200003 -5.63850002 1.8004981981555017
v -0.79399998 -5.942808717461069 2.090700609660535
v -0.79399998 -5.63850002 3.56899998
v -0.8037843417036377 -5.63850002 2.0289444790365594
v -0.79399998 -5.942808717461069 2.090700609660535
v -0.8039999999999996 -5.63850002 1.99499993
v -0.79399998 -6.20850011 0.8000000099999998
v -0.8039999999999996 -5.63850002 1.99499993
v -0.79399998 -5.942808717461069 2.090700609660535
v -0.8037843417036377 -5.63850002 2.0289444790365594

usemtl Patch_1_Mat_CR3_plaster
f 3 2 1
f 6 5 4
f 9 8 7
f 12 11 10
f 15 14 13
f 18 17 16

usemtl Patch_2_Mat_CR3_plaster
f 21 20 19
f 24 23 22
f 27 26 25
f 30 29 28
f 33 32 31
f 36 35 34

usemtl Patch_3_Mat_CR3_plaster
f 39 38 37
f 42 41 40

usemtl Patch_4_Mat_CR3_plaster
f 45 44 43
f 48 47 46

usemtl Patch_5_Mat_CR3_stagePanels
f 51 50 49
f 54 53 52

usemtl Patch_6_Mat_CR3_stagePanels
f 57 56 55
f 60 59 58

usemtl Patch_7_Mat_CR3_stagePanels
f 63 62 61
f 66 65 64

usemtl Patch_8_Mat_CR3_stagePanels
f 69 68 67
f 72 71 70

usemtl Patch_9_Mat_CR3_stagePanels
f 75 74 73
f 78 77 76

usemtl Patch_10_Mat_CR3_stagePanels
f 81 80 79
f 84 83 82

usemtl Patch_11_Mat_CR3_stagePanels
f 87 86 85
f 90 89 88

usemtl Patch_12_Mat_CR3_stagePanels
f 93 92 91
f 96 95 94

usemtl Patch_13_Mat_CR3_stagePanels
f 99 98 97
f 102 101 100

usemtl Patch_14_Mat_CR3_stagePanels
f 105 104 103
f 108 107 106

usemtl Patch_15_Mat_CR3_stagePanels
f 111 110 109
f 114 113 112

usemtl Patch_16_Mat_CR3_stagePanels
f 117 116 115
f 120 119 118

usemtl Patch_17_Mat_CR3_stagePanels
f 123 122 121
f 126 125 124

usemtl Patch_18_Mat_CR3_stagePanels
f 129 128 127
f 132 131 130

usemtl Patch_19_Mat_CR3_stagePanels
f 135 134 133
f 138 137 136

usemtl Patch_20_Mat_CR3_stagePanels
f 141 140 139
f 144 143 142

usemtl Patch_21_Mat_CR3_stagePanels
f 147 146 145
f 150 149 148

usemtl Patch_22_Mat_CR3_stagePanels
f 153 152 151
f 156 155 154
f 159 158 157
f 162 161 160

usemtl Patch_23_Mat_CR3_stagePanels
f 165 164 163
f 168 167 166
f 171 170 169

usemtl Patch_24_Mat_CR3_stagePanels
f 174 173 172
f 177 176 175

usemtl Patch_25_Mat_CR3_stagePanels
f 180 179 178
f 183 182 181
f 186 185 184

usemtl Patch_26_Mat_CR3_stagePanels
f 189 188 187
f 192 191 190
f 195 194 193
f 198 197 196

usemtl Patch_27_Mat_CR3_stagePanels
f 201 200 199
f 204 203 202

usemtl Patch_28_Mat_CR3_stagePanels
f 207 206 205
f 210 209 208

usemtl Patch_29_Mat_CR3_stagePanels
f 213 212 211
f 216 215 214

usemtl Patch_30_Mat_CR3_stagePanels
f 219 218 217
f 222 221 220

usemtl Patch_31_Mat_CR3_stagePanels
f 225 224 223
f 228 227 226

usemtl Patch_32_Mat_CR3_stagePanels
f 231 230 229
f 234 233 232

usemtl Patch_33_Mat_CR3_stagePanels
f 237 236 235
f 240 239 238

usemtl Patch_34_Mat_CR3_structuredPlaster
f 243 242 241
f 246 245 244

usemtl Patch_35_Mat_CR3_structuredPlaster
f 249 248 247
f 252 251 250

usemtl Patch_36_Mat_CR3_structuredPlaster
f 255 254 253
f 258 257 256

usemtl Patch_37_Mat_CR3_structuredPlaster
f 261 260 259
f 264 263 262

usemtl Patch_38_Mat_CR3_structuredPlaster
f 267 266 265
f 270 269 268

usemtl Patch_39_Mat_CR3_structuredPlaster
f 273 272 271
f 276 275 274

usemtl Patch_40_Mat_CR3_floor
f 279 278 277
f 282 281 280

usemtl Patch_41_Mat_CR3_plaster
f 285 284 283
f 288 287 286
f 291 290 289
f 294 293 292

usemtl Patch_42_Mat_CR3_floor
f 297 296 295
f 300 299 298
f 303 302 301
f 306 305 304

usemtl Patch_43_Mat_CR3_floor
f 309 308 307
f 312 311 310
f 315 314 313
f 318 317 316

usemtl Patch_44_Mat_CR3_plaster
f 321 320 319
f 324 323 322
f 327 326 325
f 330 329 328

usemtl Patch_45_Mat_CR3_floor
f 333 332 331
f 336 335 334
f 339 338 337
f 342 341 340

usemtl Patch_46_Mat_CR3_plaster
f 345 344 343
f 348 347 346
f 351 350 349
f 354 353 352

usemtl Patch_47_Mat_CR3_floor
f 357 356 355
f 360 359 358
f 363 362 361
f 366 365 364

usemtl Patch_48_Mat_CR3_plaster
f 369 368 367
f 372 371 370
f 375 374 373
f 378 377 376

usemtl Patch_49_Mat_CR3_plaster
f 381 380 379
f 384 383 382

usemtl Patch_50_Mat_CR3_plaster
f 387 386 385
f 390 389 388
f 393 392 391
f 396 395 394
f 399 398 397

usemtl Patch_51_Mat_CR3_floor
f 402 401 400
f 405 404 403
f 408 407 406
f 411 410 409

usemtl Patch_52_Mat_CR3_floor
f 414 413 412
f 417 416 415

usemtl Patch_53_Mat_CR3_floor
f 420 419 418
f 423 422 421
f 426 425 424
f 429 428 427
f 432 431 430
f 435 434 433
f 438 437 436
f 441 440 439
f 444 443 442
f 447 446 445

usemtl Patch_54_Mat_CR3_floor
f 450 449 448
f 453 452 451

usemtl Patch_55_Mat_CR3_floor
f 456 455 454
f 459 458 457
f 462 461 460
f 465 464 463
f 468 467 466
f 471 470 469
f 474 473 472
f 477 476 475
f 480 479 478
f 483 482 481

usemtl Patch_56_Mat_CR3_floor
f 486 485 484
f 489 488 487

usemtl Patch_57_Mat_CR3_floor
f 492 491 490
f 495 494 493

usemtl Patch_58_Mat_CR3_floor
f 498 497 496
f 501 500 499
f 504 503 502
f 507 506 505
f 510 509 508
f 513 512 511
f 516 515 514
f 519 518 517
f 522 521 520
f 525 524 523

usemtl Patch_59_Mat_CR3_floor
f 528 527 526
f 531 530 529

usemtl Patch_60_Mat_CR3_floor
f 534 533 532
f 537 536 535

usemtl Patch_61_Mat_CR3_structuredPlaster
f 540 539 538
f 543 542 541
f 546 545 544
f 549 548 547
f 552 551 550
f 555 554 553
f 558 557 556
f 561 560 559

usemtl Patch_62_Mat_CR3_structuredPlaster
f 564 563 562
f 567 566 565
f 570 569 568
f 573 572 571
f 576 575 574
f 579 578 577
f 582 581 580

usemtl Patch_63_Mat_CR3_structuredPlaster
f 585 584 583
f 588 587 586
f 591 590 589
f 594 593 592
f 597 596 595
f 600 599 598
f 603 602 601

usemtl Patch_64_Mat_CR3_structuredPlaster
f 606 605 604
f 609 608 607
f 612 611 610
f 615 614 613
f 618 617 616
f 621 620 619

usemtl Patch_65_Mat_CR3_structuredPlaster
f 624 623 622
f 627 626 625
f 630 629 628
f 633 632 631
f 636 635 634
f 639 638 637

usemtl Patch_66_Mat_CR3_structuredPlaster
f 642 641 640
f 645 644 643

usemtl Patch_67_Mat_CR3_structuredPlaster
f 648 647 646
f 651 650 649

usemtl Patch_68_Mat_CR3_structuredPlaster
f 654 653 652
f 657 656 655

usemtl Patch_69_Mat_CR3_structuredPlaster
f 660 659 658
f 663 662 661

usemtl Patch_70_Mat_CR3_structuredPlaster
f 666 665 664
f 669 668 667

usemtl Patch_71_Mat_CR3_structuredPlaster
f 672 671 670
f 675 674 673

usemtl Patch_72_Mat_CR3_structuredPlaster
f 678 677 676
f 681 680 679

usemtl Patch_73_Mat_CR3_structuredPlaster
f 684 683 682
f 687 686 685

usemtl Patch_74_Mat_CR3_ceiling
f 690 689 688
f 693 692 691

usemtl Patch_75_Mat_CR3_ceiling
f 696 695 694
f 699 698 697
f 702 701 700

usemtl Patch_76_Mat_CR3_ceiling
f 705 704 703
f 708 707 706
f 711 710 709
f 714 713 712
f 717 716 715

usemtl Patch_77_Mat_CR3_ceiling
f 720 719 718
f 723 722 721
f 726 725 724
f 729 728 727
f 732 731 730

usemtl Patch_78_Mat_CR3_ceiling
f 735 734 733
f 738 737 736
f 741 740 739
f 744 743 742

usemtl Patch_79_Mat_CR3_ceiling
f 747 746 745
f 750 749 748
f 753 752 751
f 756 755 754

usemtl Patch_80_Mat_CR3_ceiling
f 759 758 757
f 762 761 760
f 765 764 763

usemtl Patch_81_Mat_CR3_ceiling
f 768 767 766
f 771 770 769
f 774 773 772

usemtl Patch_82_Mat_CR3_ceiling
f 777 776 775
f 780 779 778
f 783 782 781

usemtl Patch_83_Mat_CR3_ceiling
f 786 785 784
f 789 788 787
f 792 791 790
f 795 794 793
f 798 797 796

usemtl Patch_84_Mat_CR3_ceiling
f 801 800 799
f 804 803 802
f 807 806 805
f 810 809 808

usemtl Patch_85_Mat_CR3_ceiling
f 813 812 811
f 816 815 814
f 819 818 817
f 822 821 820

usemtl Patch_86_Mat_CR3_ceiling
f 825 824 823
f 828 827 826
f 831 830 829
f 834 833 832

usemtl Patch_87_Mat_CR3_ceiling
f 837 836 835
f 840 839 838
f 843 842 841
f 846 845 844
f 849 848 847
f 852 851 850

usemtl Patch_88_Mat_CR3_ceiling
f 855 854 853
f 858 857 856
f 861 860 859
f 864 863 862

usemtl Patch_89_Mat_CR3_ceiling
f 867 866 865
f 870 869 868
f 873 872 871
f 876 875 874
f 879 878 877

usemtl Patch_90_Mat_CR3_ceiling
f 882 881 880
f 885 884 883
f 888 887 886
f 891 890 889
f 894 893 892
f 897 896 895

usemtl Patch_91_Mat_CR3_ceiling
f 900 899 898
f 903 902 901
f 906 905 904
f 909 908 907
f 912 911 910

usemtl Patch_92_Mat_CR3_ceiling
f 915 914 913
f 918 917 916
f 921 920 919
f 924 923 922

usemtl Patch_93_Mat_CR3_ceiling
f 927 926 925
f 930 929 928
f 933 932 931
f 936 935 934

usemtl Patch_94_Mat_CR3_ceiling
f 939 938 937
f 942 941 940
f 945 944 943
f 948 947 946

usemtl Patch_95_Mat_CR3_ceiling
f 951 950 949
f 954 953 952
f 957 956 955
f 960 959 958

usemtl Patch_96_Mat_CR3_ceiling
f 963 962 961
f 966 965 964
f 969 968 967
f 972 971 970
f 975 974 973

usemtl Patch_97_Mat_CR3_ceiling
f 978 977 976
f 981 980 979
f 984 983 982
f 987 986 985
f 990 989 988

usemtl Patch_98_Mat_CR3_ceiling
f 993 992 991
f 996 995 994
f 999 998 997
f 1002 1001 1000

usemtl Patch_99_Mat_CR3_ceiling
f 1005 1004 1003
f 1008 1007 1006
f 1011 1010 1009
f 1014 1013 1012
f 1017 1016 1015

usemtl Patch_100_Mat_CR3_ceiling
f 1020 1019 1018
f 1023 1022 1021
f 1026 1025 1024
f 1029 1028 1027
f 1032 1031 1030
f 1035 1034 1033

usemtl Patch_101_Mat_CR3_ceiling
f 1038 1037 1036
f 1041 1040 1039
f 1044 1043 1042
f 1047 1046 1045

usemtl Patch_102_Mat_CR3_ceiling
f 1050 1049 1048
f 1053 1052 1051
f 1056 1055 1054

usemtl Patch_103_Mat_CR3_ceiling
f 1059 1058 1057
f 1062 1061 1060
f 1065 1064 1063
f 1068 1067 1066

usemtl Patch_104_Mat_CR3_ceiling
f 1071 1070 1069
f 1074 1073 1072
f 1077 1076 1075
f 1080 1079 1078

usemtl Patch_105_Mat_CR3_ceiling
f 1083 1082 1081
f 1086 1085 1084
f 1089 1088 1087
f 1092 1091 1090
f 1095 1094 1093

usemtl Patch_106_Mat_CR3_ceiling
f 1098 1097 1096
f 1101 1100 1099
f 1104 1103 1102
f 1107 1106 1105

usemtl Patch_107_Mat_CR3_ceiling
f 1110 1109 1108
f 1113 1112 1111
f 1116 1115 1114
f 1119 1118 1117

usemtl Patch_108_Mat_CR3_ceiling
f 1122 1121 1120
f 1125 1124 1123
f 1128 1127 1126
f 1131 1130 1129

usemtl Patch_109_Mat_CR3_ceiling
f 1134 1133 1132
f 1137 1136 1135
f 1140 1139 1138
f 1143 1142 1141
f 1146 1145 1144

usemtl Patch_110_Mat_CR3_ceiling
f 1149 1148 1147
f 1152 1151 1150
f 1155 1154 1153
f 1158 1157 1156

usemtl Patch_111_Mat_CR3_ceiling
f 1161 1160 1159
f 1164 1163 1162
f 1167 1166 1165
f 1170 1169 1168

usemtl Patch_112_Mat_CR3_ceiling
f 1173 1172 1171
f 1176 1175 1174
f 1179 1178 1177

usemtl Patch_113_Mat_CR3_ceiling
f 1182 1181 1180
f 1185 1184 1183
f 1188 1187 1186

usemtl Patch_114_Mat_CR3_ceiling
f 1191 1190 1189
f 1194 1193 1192
f 1197 1196 1195

usemtl Patch_115_Mat_CR3_ceiling
f 1200 1199 1198
f 1203 1202 1201
f 1206 1205 1204

usemtl Patch_116_Mat_CR3_ceiling
f 1209 1208 1207
f 1212 1211 1210
f 1215 1214 1213
f 1218 1217 1216
f 1221 1220 1219
f 1224 1223 1222

usemtl Patch_117_Mat_CR3_structuredPlaster
f 1227 1226 1225
f 1230 1229 1228
f 1233 1232 1231
f 1236 1235 1234
f 1239 1238 1237
f 1242 1241 1240
f 1245 1244 1243
f 1248 1247 1246
f 1251 1250 1249
f 1254 1253 1252

usemtl Patch_118_Mat_CR3_structuredPlaster
f 1257 1256 1255
f 1260 1259 1258
f 1263 1262 1261
f 1266 1265 1264
f 1269 1268 1267
f 1272 1271 1270
f 1275 1274 1273
f 1278 1277 1276
f 1281 1280 1279
f 1284 1283 1282

usemtl Patch_119_Mat_CR3_structuredPlaster
f 1287 1286 1285
f 1290 1289 1288
f 1293 1292 1291
f 1296 1295 1294
f 1299 1298 1297
f 1302 1301 1300
f 1305 1304 1303
f 1308 1307 1306
f 1311 1310 1309
f 1314 1313 1312

usemtl Patch_120_Mat_CR3_structuredPlaster
f 1317 1316 1315
f 1320 1319 1318
f 1323 1322 1321
f 1326 1325 1324
f 1329 1328 1327
f 1332 1331 1330
f 1335 1334 1333
f 1338 1337 1336
f 1341 1340 1339
f 1344 1343 1342

usemtl Patch_121_Mat_CR3_structuredPlaster
f 1347 1346 1345
f 1350 1349 1348

usemtl Patch_122_Mat_CR3_structuredPlaster
f 1353 1352 1351
f 1356 1355 1354

usemtl Patch_123_Mat_CR3_structuredPlaster
f 1359 1358 1357
f 1362 1361 1360

usemtl Patch_124_Mat_CR3_structuredPlaster
f 1365 1364 1363
f 1368 1367 1366

usemtl Patch_125_Mat_CR3_structuredPlaster
f 1371 1370 1369
f 1374 1373 1372
f 1377 1376 1375
f 1380 1379 1378
f 1383 1382 1381
f 1386 1385 1384

usemtl Patch_126_Mat_CR3_structuredPlaster
f 1389 1388 1387
f 1392 1391 1390
f 1395 1394 1393
f 1398 1397 1396
f 1401 1400 1399
f 1404 1403 1402
f 1407 1406 1405
f 1410 1409 1408
f 1413 1412 1411
f 1416 1415 1414

usemtl Patch_127_Mat_CR3_structuredPlaster
f 1419 1418 1417
f 1422 1421 1420
f 1425 1424 1423
f 1428 1427 1426
f 1431 1430 1429
f 1434 1433 1432
f 1437 1436 1435
f 1440 1439 1438
f 1443 1442 1441
f 1446 1445 1444

usemtl Patch_128_Mat_CR3_structuredPlaster
f 1449 1448 1447
f 1452 1451 1450
f 1455 1454 1453
f 1458 1457 1456
f 1461 1460 1459
f 1464 1463 1462
f 1467 1466 1465
f 1470 1469 1468
f 1473 1472 1471
f 1476 1475 1474

usemtl Patch_129_Mat_CR3_structuredPlaster
f 1479 1478 1477
f 1482 1481 1480
f 1485 1484 1483
f 1488 1487 1486
f 1491 1490 1489
f 1494 1493 1492

usemtl Patch_130_Mat_CR3_plaster
f 1497 1496 1495
f 1500 1499 1498

usemtl Patch_131_Mat_CR3_plaster
f 1503 1502 1501
f 1506 1505 1504
f 1509 1508 1507
f 1512 1511 1510

usemtl Patch_132_Mat_CR3_plaster
f 1515 1514 1513
f 1518 1517 1516

usemtl Patch_133_Mat_CR3_plaster
f 1521 1520 1519
f 1524 1523 1522

usemtl Patch_134_Mat_CR3_plaster
f 1527 1526 1525
f 1530 1529 1528

usemtl Patch_135_Mat_CR3_plaster
f 1533 1532 1531
f 1536 1535 1534

usemtl Patch_136_Mat_CR3_plaster
f 1539 1538 1537
f 1542 1541 1540
f 1545 1544 1543

usemtl Patch_137_Mat_CR3_plaster
f 1548 1547 1546
f 1551 1550 1549

usemtl Patch_138_Mat_CR3_plaster
f 1554 1553 1552
f 1557 1556 1555

usemtl Patch_139_Mat_CR3_plaster
f 1560 1559 1558
f 1563 1562 1561
f 1566 1565 1564

usemtl Patch_140_Mat_CR3_plaster
f 1569 1568 1567
f 1572 1571 1570

usemtl Patch_141_Mat_CR3_plaster
f 1575 1574 1573
f 1578 1577 1576
f 1581 1580 1579
f 1584 1583 1582

usemtl Patch_142_Mat_CR3_plaster
f 1587 1586 1585
f 1590 1589 1588

usemtl Patch_143_Mat_CR3_plaster
f 1593 1592 1591
f 1596 1595 1594
f 1599 1598 1597
f 1602 1601 1600

usemtl Patch_144_Mat_CR3_structuredPlaster
f 1605 1604 1603
f 1608 1607 1606

usemtl Patch_145_Mat_CR3_plaster
f 1611 1610 1609
f 1614 1613 1612
f 1617 1616 1615
f 1620 1619 1618

usemtl Patch_146_Mat_CR3_plaster
f 1623 1622 1621
f 1626 1625 1624
f 1629 1628 1627
f 1632 1631 1630
f 1635 1634 1633
f 1638 1637 1636
f 1641 1640 1639
f 1644 1643 1642

usemtl Patch_147_Mat_CR3_plaster
f 1647 1646 1645
f 1650 1649 1648
f 1653 1652 1651
f 1656 1655 1654
f 1659 1658 1657
f 1662 1661 1660
f 1665 1664 1663
f 1668 1667 1666
f 1671 1670 1669

usemtl Patch_148_Mat_CR3_plaster
f 1674 1673 1672
f 1677 1676 1675
f 1680 1679 1678
f 1683 1682 1681
f 1686 1685 1684
f 1689 1688 1687
f 1692 1691 1690
f 1695 1694 1693
f 1698 1697 1696
f 1701 1700 1699

usemtl Patch_149_Mat_CR3_plaster
f 1704 1703 1702
f 1707 1706 1705
f 1710 1709 1708
f 1713 1712 1711
f 1716 1715 1714
f 1719 1718 1717

usemtl Patch_150_Mat_CR3_plaster
f 1722 1721 1720
f 1725 1724 1723
f 1728 1727 1726
f 1731 1730 1729
f 1734 1733 1732
f 1737 1736 1735
f 1740 1739 1738
f 1743 1742 1741
f 1746 1745 1744
f 1749 1748 1747
f 1752 1751 1750
f 1755 1754 1753

usemtl Patch_151_Mat_CR3_plaster
f 1758 1757 1756
f 1761 1760 1759
f 1764 1763 1762
f 1767 1766 1765
f 1770 1769 1768
f 1773 1772 1771

usemtl Patch_152_Mat_CR3_plaster
f 1776 1775 1774
f 1779 1778 1777

usemtl Patch_153_Mat_CR3_plaster
f 1782 1781 1780
f 1785 1784 1783
f 1788 1787 1786
f 1791 1790 1789

usemtl Patch_154_Mat_CR3_plaster
f 1794 1793 1792
f 1797 1796 1795

usemtl Patch_155_Mat_CR3_plaster
f 1800 1799 1798
f 1803 1802 1801

usemtl Patch_156_Mat_CR3_plaster
f 1806 1805 1804
f 1809 1808 1807

usemtl Patch_157_Mat_CR3_plaster
f 1812 1811 1810
f 1815 1814 1813
f 1818 1817 1816

usemtl Patch_158_Mat_CR3_plaster
f 1821 1820 1819
f 1824 1823 1822
f 1827 1826 1825
f 1830 1829 1828

usemtl Patch_159_Mat_CR3_plaster
f 1833 1832 1831
f 1836 1835 1834

usemtl Patch_160_Mat_CR3_plaster
f 1839 1838 1837
f 1842 1841 1840

usemtl Patch_161_Mat_CR3_plaster
f 1845 1844 1843
f 1848 1847 1846

usemtl Patch_162_Mat_CR3_plaster
f 1851 1850 1849
f 1854 1853 1852
f 1857 1856 1855
f 1860 1859 1858

usemtl Patch_163_Mat_CR3_plaster
f 1863 1862 1861
f 1866 1865 1864

usemtl Patch_164_Mat_CR3_plaster
f 1869 1868 1867
f 1872 1871 1870
f 1875 1874 1873

usemtl Patch_165_Mat_CR3_plaster
f 1878 1877 1876
f 1881 1880 1879

usemtl Patch_166_Mat_CR3_plaster
f 1884 1883 1882
f 1887 1886 1885
f 1890 1889 1888
f 1893 1892 1891

usemtl Patch_167_Mat_CR3_plaster
f 1896 1895 1894
f 1899 1898 1897
f 1902 1901 1900
f 1905 1904 1903

usemtl Patch_168_Mat_CR3_plaster
f 1908 1907 1906
f 1911 1910 1909

usemtl Patch_169_Mat_CR3_windows
f 1914 1913 1912
f 1917 1916 1915

usemtl Patch_170_Mat_CR3_windows
f 1920 1919 1918
f 1923 1922 1921

usemtl Patch_171_Mat_CR3_windows
f 1926 1925 1924
f 1929 1928 1927

usemtl Patch_172_Mat_CR3_windows
f 1932 1931 1930
f 1935 1934 1933

usemtl Patch_173_Mat_CR3_plaster
f 1938 1937 1936
f 1941 1940 1939

usemtl Patch_174_Mat_CR3_floor
f 1944 1943 1942
f 1947 1946 1945

usemtl Patch_175_Mat_CR3_plaster
f 1950 1949 1948
f 1953 1952 1951
f 1956 1955 1954
f 1959 1958 1957

usemtl Patch_176_Mat_CR3_plaster
f 1962 1961 1960
f 1965 1964 1963

usemtl Patch_177_Mat_CR3_floor
f 1968 1967 1966
f 1971 1970 1969

usemtl Patch_178_Mat_CR3_structuredPlaster
f 1974 1973 1972
f 1977 1976 1975
f 1980 1979 1978

usemtl Patch_179_Mat_CR3_structuredPlaster
f 1983 1982 1981
f 1986 1985 1984

usemtl Patch_180_Mat_CR3_structuredPlaster
f 1989 1988 1987
f 1992 1991 1990
f 1995 1994 1993

usemtl Patch_181_Mat_CR3_structuredPlaster
f 1998 1997 1996
f 2001 2000 1999

usemtl Patch_182_Mat_CR3_structuredPlaster
f 2004 2003 2002
f 2007 2006 2005

usemtl Patch_183_Mat_CR3_structuredPlaster
f 2010 2009 2008
f 2013 2012 2011

usemtl Patch_184_Mat_CR3_structuredPlaster
f 2016 2015 2014
f 2019 2018 2017

usemtl Patch_185_Mat_CR3_structuredPlaster
f 2022 2021 2020
f 2025 2024 2023
f 2028 2027 2026

usemtl Patch_186_Mat_CR3_structuredPlaster
f 2031 2030 2029
f 2034 2033 2032

usemtl Patch_187_Mat_CR3_structuredPlaster
f 2037 2036 2035
f 2040 2039 2038

usemtl Patch_188_Mat_CR3_structuredPlaster
f 2043 2042 2041
f 2046 2045 2044

usemtl Patch_189_Mat_CR3_structuredPlaster
f 2049 2048 2047
f 2052 2051 2050
f 2055 2054 2053
f 2058 2057 2056

usemtl Patch_190_Mat_CR3_structuredPlaster
f 2061 2060 2059
f 2064 2063 2062

usemtl Patch_191_Mat_CR3_structuredPlaster
f 2067 2066 2065
f 2070 2069 2068

usemtl Patch_192_Mat_CR3_structuredPlaster
f 2073 2072 2071
f 2076 2075 2074

usemtl Patch_193_Mat_CR3_structuredPlaster
f 2079 2078 2077
f 2082 2081 2080
f 2085 2084 2083
f 2088 2087 2086

usemtl Patch_194_Mat_CR3_structuredPlaster
f 2091 2090 2089
f 2094 2093 2092

usemtl Patch_195_Mat_CR3_structuredPlaster
f 2097 2096 2095
f 2100 2099 2098
f 2103 2102 2101
f 2106 2105 2104

usemtl Patch_196_Mat_CR3_structuredPlaster
f 2109 2108 2107
f 2112 2111 2110

usemtl Patch_197_Mat_CR3_structuredPlaster
f 2115 2114 2113
f 2118 2117 2116

usemtl Patch_198_Mat_CR3_structuredPlaster
f 2121 2120 2119
f 2124 2123 2122

usemtl Patch_199_Mat_CR3_structuredPlaster
f 2127 2126 2125
f 2130 2129 2128
f 2133 2132 2131
f 2136 2135 2134

usemtl Patch_200_Mat_CR3_structuredPlaster
f 2139 2138 2137
f 2142 2141 2140
f 2145 2144 2143

usemtl Patch_201_Mat_CR3_structuredPlaster
f 2148 2147 2146
f 2151 2150 2149

usemtl Patch_202_Mat_CR3_structuredPlaster
f 2154 2153 2152
f 2157 2156 2155
f 2160 2159 2158

usemtl Patch_203_Mat_CR3_structuredPlaster
f 2163 2162 2161
f 2166 2165 2164

usemtl Patch_204_Mat_CR3_structuredPlaster
f 2169 2168 2167
f 2172 2171 2170

usemtl Patch_205_Mat_CR3_structuredPlaster
f 2175 2174 2173
f 2178 2177 2176

usemtl Patch_206_Mat_CR3_structuredPlaster
f 2181 2180 2179
f 2184 2183 2182

usemtl Patch_207_Mat_CR3_structuredPlaster
f 2187 2186 2185
f 2190 2189 2188
f 2193 2192 2191

usemtl Patch_208_Mat_CR3_structuredPlaster
f 2196 2195 2194
f 2199 2198 2197

usemtl Patch_209_Mat_CR3_structuredPlaster
f 2202 2201 2200
f 2205 2204 2203
f 2208 2207 2206

usemtl Patch_210_Mat_CR3_structuredPlaster
f 2211 2210 2209
f 2214 2213 2212

usemtl Patch_211_Mat_CR3_structuredPlaster
f 2217 2216 2215
f 2220 2219 2218
f 2223 2222 2221

usemtl Patch_212_Mat_CR3_structuredPlaster
f 2226 2225 2224
f 2229 2228 2227
f 2232 2231 2230

usemtl Patch_213_Mat_CR3_structuredPlaster
f 2235 2234 2233
f 2238 2237 2236

usemtl Patch_214_Mat_CR3_structuredPlaster
f 2241 2240 2239
f 2244 2243 2242

usemtl Patch_215_Mat_CR3_structuredPlaster
f 2247 2246 2245
f 2250 2249 2248
f 2253 2252 2251
f 2256 2255 2254

usemtl Patch_216_Mat_CR3_structuredPlaster
f 2259 2258 2257
f 2262 2261 2260

usemtl Patch_217_Mat_CR3_structuredPlaster
f 2265 2264 2263
f 2268 2267 2266
f 2271 2270 2269
f 2274 2273 2272

usemtl Patch_218_Mat_CR3_structuredPlaster
f 2277 2276 2275
f 2280 2279 2278

usemtl Patch_219_Mat_CR3_structuredPlaster
f 2283 2282 2281
f 2286 2285 2284

usemtl Patch_220_Mat_CR3_structuredPlaster
f 2289 2288 2287
f 2292 2291 2290

usemtl Patch_221_Mat_CR3_structuredPlaster
f 2295 2294 2293
f 2298 2297 2296
f 2301 2300 2299
f 2304 2303 2302

usemtl Patch_222_Mat_CR3_structuredPlaster
f 2307 2306 2305
f 2310 2309 2308
f 2313 2312 2311
f 2316 2315 2314
f 2319 2318 2317

usemtl Patch_223_Mat_CR3_structuredPlaster
f 2322 2321 2320
f 2325 2324 2323

usemtl Patch_224_Mat_CR3_structuredPlaster
f 2328 2327 2326
f 2331 2330 2329

usemtl Patch_225_Mat_CR3_structuredPlaster
f 2334 2333 2332
f 2337 2336 2335
f 2340 2339 2338

usemtl Patch_226_Mat_CR3_structuredPlaster
f 2343 2342 2341
f 2346 2345 2344

usemtl Patch_227_Mat_CR3_structuredPlaster
f 2349 2348 2347
f 2352 2351 2350

usemtl Patch_228_Mat_CR3_structuredPlaster
f 2355 2354 2353
f 2358 2357 2356
f 2361 2360 2359

usemtl Patch_229_Mat_CR3_structuredPlaster
f 2364 2363 2362
f 2367 2366 2365

usemtl Patch_230_Mat_CR3_structuredPlaster
f 2370 2369 2368
f 2373 2372 2371
f 2376 2375 2374

usemtl Patch_231_Mat_CR3_structuredPlaster
f 2379 2378 2377
f 2382 2381 2380

usemtl Patch_232_Mat_CR3_structuredPlaster
f 2385 2384 2383
f 2388 2387 2386

usemtl Patch_233_Mat_CR3_structuredPlaster
f 2391 2390 2389
f 2394 2393 2392

usemtl Patch_234_Mat_CR3_structuredPlaster
f 2397 2396 2395
f 2400 2399 2398
f 2403 2402 2401

usemtl Patch_235_Mat_CR3_structuredPlaster
f 2406 2405 2404
f 2409 2408 2407

usemtl Patch_236_Mat_CR3_structuredPlaster
f 2412 2411 2410
f 2415 2414 2413
f 2418 2417 2416
f 2421 2420 2419

usemtl Patch_237_Mat_CR3_structuredPlaster
f 2424 2423 2422
f 2427 2426 2425

usemtl Patch_238_Mat_CR3_structuredPlaster
f 2430 2429 2428
f 2433 2432 2431

usemtl Patch_239_Mat_CR3_structuredPlaster
f 2436 2435 2434
f 2439 2438 2437

usemtl Patch_240_Mat_CR3_structuredPlaster
f 2442 2441 2440
f 2445 2444 2443
f 2448 2447 2446
f 2451 2450 2449

usemtl Patch_241_Mat_CR3_structuredPlaster
f 2454 2453 2452
f 2457 2456 2455

usemtl Patch_242_Mat_CR3_structuredPlaster
f 2460 2459 2458
f 2463 2462 2461
f 2466 2465 2464
f 2469 2468 2467

usemtl Patch_243_Mat_CR3_structuredPlaster
f 2472 2471 2470
f 2475 2474 2473

usemtl Patch_244_Mat_CR3_structuredPlaster
f 2478 2477 2476
f 2481 2480 2479

usemtl Patch_245_Mat_CR3_structuredPlaster
f 2484 2483 2482
f 2487 2486 2485

usemtl Patch_246_Mat_CR3_structuredPlaster
f 2490 2489 2488
f 2493 2492 2491
f 2496 2495 2494
f 2499 2498 2497

usemtl Patch_247_Mat_CR3_structuredPlaster
f 2502 2501 2500
f 2505 2504 2503

usemtl Patch_248_Mat_CR3_structuredPlaster
f 2508 2507 2506
f 2511 2510 2509

usemtl Patch_249_Mat_CR3_structuredPlaster
f 2514 2513 2512
f 2517 2516 2515
f 2520 2519 2518

usemtl Patch_250_Mat_CR3_structuredPlaster
f 2523 2522 2521
f 2526 2525 2524

usemtl Patch_251_Mat_CR3_structuredPlaster
f 2529 2528 2527
f 2532 2531 2530

usemtl Patch_252_Mat_CR3_structuredPlaster
f 2535 2534 2533
f 2538 2537 2536

usemtl Patch_253_Mat_CR3_structuredPlaster
f 2541 2540 2539
f 2544 2543 2542

usemtl Patch_254_Mat_CR3_structuredPlaster
f 2547 2546 2545
f 2550 2549 2548
f 2553 2552 2551

usemtl Patch_255_Mat_CR3_structuredPlaster
f 2556 2555 2554
f 2559 2558 2557

usemtl Patch_256_Mat_CR3_structuredPlaster
f 2562 2561 2560
f 2565 2564 2563
f 2568 2567 2566

usemtl Patch_257_Mat_CR3_structuredPlaster
f 2571 2570 2569
f 2574 2573 2572

usemtl Patch_258_Mat_CR3_structuredPlaster
f 2577 2576 2575
f 2580 2579 2578

usemtl Patch_259_Mat_CR3_structuredPlaster
f 2583 2582 2581
f 2586 2585 2584
f 2589 2588 2587

usemtl Patch_260_Mat_CR3_structuredPlaster
f 2592 2591 2590
f 2595 2594 2593

usemtl Patch_261_Mat_CR3_structuredPlaster
f 2598 2597 2596
f 2601 2600 2599

usemtl Patch_262_Mat_CR3_structuredPlaster
f 2604 2603 2602
f 2607 2606 2605
f 2610 2609 2608
f 2613 2612 2611

usemtl Patch_263_Mat_CR3_structuredPlaster
f 2616 2615 2614
f 2619 2618 2617

usemtl Patch_264_Mat_CR3_structuredPlaster
f 2622 2621 2620
f 2625 2624 2623

usemtl Patch_265_Mat_CR3_structuredPlaster
f 2628 2627 2626
f 2631 2630 2629

usemtl Patch_266_Mat_CR3_structuredPlaster
f 2634 2633 2632
f 2637 2636 2635
f 2640 2639 2638
f 2643 2642 2641

usemtl Patch_267_Mat_CR3_structuredPlaster
f 2646 2645 2644
f 2649 2648 2647

usemtl Patch_268_Mat_CR3_structuredPlaster
f 2652 2651 2650
f 2655 2654 2653
f 2658 2657 2656
f 2661 2660 2659

usemtl Patch_269_Mat_CR3_structuredPlaster
f 2664 2663 2662
f 2667 2666 2665

usemtl Patch_270_Mat_CR3_structuredPlaster
f 2670 2669 2668
f 2673 2672 2671

usemtl Patch_271_Mat_CR3_structuredPlaster
f 2676 2675 2674
f 2679 2678 2677

usemtl Patch_272_Mat_CR3_structuredPlaster
f 2682 2681 2680
f 2685 2684 2683
f 2688 2687 2686
f 2691 2690 2689

usemtl Patch_273_Mat_CR3_structuredPlaster
f 2694 2693 2692
f 2697 2696 2695

usemtl Patch_274_Mat_CR3_structuredPlaster
f 2700 2699 2698
f 2703 2702 2701

usemtl Patch_275_Mat_CR3_structuredPlaster
f 2706 2705 2704
f 2709 2708 2707
f 2712 2711 2710

usemtl Patch_276_Mat_CR3_structuredPlaster
f 2715 2714 2713
f 2718 2717 2716

usemtl Patch_277_Mat_CR3_structuredPlaster
f 2721 2720 2719
f 2724 2723 2722

usemtl Patch_278_Mat_CR3_structuredPlaster
f 2727 2726 2725
f 2730 2729 2728

usemtl Patch_279_Mat_CR3_structuredPlaster
f 2733 2732 2731
f 2736 2735 2734

usemtl Patch_280_Mat_CR3_structuredPlaster
f 2739 2738 2737
f 2742 2741 2740
f 2745 2744 2743

usemtl Patch_281_Mat_CR3_structuredPlaster
f 2748 2747 2746
f 2751 2750 2749

usemtl Patch_282_Mat_CR3_structuredPlaster
f 2754 2753 2752
f 2757 2756 2755

usemtl Patch_283_Mat_CR3_structuredPlaster
f 2760 2759 2758
f 2763 2762 2761
f 2766 2765 2764
f 2769 2768 2767

usemtl Patch_284_Mat_CR3_structuredPlaster
f 2772 2771 2770
f 2775 2774 2773

usemtl Patch_285_Mat_CR3_structuredPlaster
f 2778 2777 2776
f 2781 2780 2779

usemtl Patch_286_Mat_CR3_structuredPlaster
f 2784 2783 2782
f 2787 2786 2785

usemtl Patch_287_Mat_CR3_structuredPlaster
f 2790 2789 2788
f 2793 2792 2791

usemtl Patch_288_Mat_CR3_structuredPlaster
f 2796 2795 2794
f 2799 2798 2797

usemtl Patch_289_Mat_CR3_structuredPlaster
f 2802 2801 2800
f 2805 2804 2803
f 2808 2807 2806
f 2811 2810 2809

usemtl Patch_290_Mat_CR3_structuredPlaster
f 2814 2813 2812
f 2817 2816 2815

usemtl Patch_291_Mat_CR3_structuredPlaster
f 2820 2819 2818
f 2823 2822 2821

usemtl Patch_292_Mat_CR3_structuredPlaster
f 2826 2825 2824
f 2829 2828 2827

usemtl Patch_293_Mat_CR3_structuredPlaster
f 2832 2831 2830
f 2835 2834 2833

usemtl Patch_294_Mat_CR3_structuredPlaster
f 2838 2837 2836
f 2841 2840 2839

usemtl Patch_295_Mat_CR3_structuredPlaster
f 2844 2843 2842
f 2847 2846 2845
f 2850 2849 2848
f 2853 2852 2851

usemtl Patch_296_Mat_CR3_structuredPlaster
f 2856 2855 2854
f 2859 2858 2857

usemtl Patch_297_Mat_CR3_structuredPlaster
f 2862 2861 2860
f 2865 2864 2863

usemtl Patch_298_Mat_CR3_structuredPlaster
f 2868 2867 2866
f 2871 2870 2869

usemtl Patch_299_Mat_CR3_structuredPlaster
f 2874 2873 2872
f 2877 2876 2875

usemtl Patch_300_Mat_CR3_structuredPlaster
f 2880 2879 2878
f 2883 2882 2881

usemtl Patch_301_Mat_CR3_structuredPlaster
f 2886 2885 2884
f 2889 2888 2887
f 2892 2891 2890
f 2895 2894 2893

usemtl Patch_302_Mat_CR3_structuredPlaster
f 2898 2897 2896
f 2901 2900 2899

usemtl Patch_303_Mat_CR3_structuredPlaster
f 2904 2903 2902
f 2907 2906 2905

usemtl Patch_304_Mat_CR3_structuredPlaster
f 2910 2909 2908
f 2913 2912 2911

usemtl Patch_305_Mat_CR3_structuredPlaster
f 2916 2915 2914
f 2919 2918 2917

usemtl Patch_306_Mat_CR3_structuredPlaster
f 2922 2921 2920
f 2925 2924 2923

usemtl Patch_307_Mat_CR3_structuredPlaster
f 2928 2927 2926
f 2931 2930 2929
f 2934 2933 2932
f 2937 2936 2935

usemtl Patch_308_Mat_CR3_structuredPlaster
f 2940 2939 2938
f 2943 2942 2941

usemtl Patch_309_Mat_CR3_structuredPlaster
f 2946 2945 2944
f 2949 2948 2947

usemtl Patch_310_Mat_CR3_structuredPlaster
f 2952 2951 2950
f 2955 2954 2953

usemtl Patch_311_Mat_CR3_structuredPlaster
f 2958 2957 2956
f 2961 2960 2959

usemtl Patch_312_Mat_CR3_structuredPlaster
f 2964 2963 2962
f 2967 2966 2965

usemtl Patch_313_Mat_CR3_structuredPlaster
f 2970 2969 2968
f 2973 2972 2971
f 2976 2975 2974
f 2979 2978 2977

usemtl Patch_314_Mat_CR3_structuredPlaster
f 2982 2981 2980
f 2985 2984 2983

usemtl Patch_315_Mat_CR3_structuredPlaster
f 2988 2987 2986
f 2991 2990 2989

usemtl Patch_316_Mat_CR3_structuredPlaster
f 2994 2993 2992
f 2997 2996 2995

usemtl Patch_317_Mat_CR3_structuredPlaster
f 3000 2999 2998
f 3003 3002 3001
f 3006 3005 3004

usemtl Patch_318_Mat_CR3_structuredPlaster
f 3009 3008 3007
f 3012 3011 3010

usemtl Patch_319_Mat_CR3_structuredPlaster
f 3015 3014 3013
f 3018 3017 3016

usemtl Patch_320_Mat_CR3_structuredPlaster
f 3021 3020 3019
f 3024 3023 3022

usemtl Patch_321_Mat_CR3_structuredPlaster
f 3027 3026 3025
f 3030 3029 3028

usemtl Patch_322_Mat_CR3_structuredPlaster
f 3033 3032 3031
f 3036 3035 3034
f 3039 3038 3037

usemtl Patch_323_Mat_CR3_structuredPlaster
f 3042 3041 3040
f 3045 3044 3043

usemtl Patch_324_Mat_CR3_structuredPlaster
f 3048 3047 3046
f 3051 3050 3049

usemtl Patch_325_Mat_CR3_structuredPlaster
f 3054 3053 3052
f 3057 3056 3055

usemtl Patch_326_Mat_CR3_structuredPlaster
f 3060 3059 3058
f 3063 3062 3061

usemtl Patch_327_Mat_CR3_structuredPlaster
f 3066 3065 3064
f 3069 3068 3067

usemtl Patch_328_Mat_CR3_structuredPlaster
f 3072 3071 3070
f 3075 3074 3073
f 3078 3077 3076

usemtl Patch_329_Mat_CR3_structuredPlaster
f 3081 3080 3079
f 3084 3083 3082

usemtl Patch_330_Mat_CR3_structuredPlaster
f 3087 3086 3085
f 3090 3089 3088

usemtl Patch_331_Mat_CR3_structuredPlaster
f 3093 3092 3091
f 3096 3095 3094

usemtl Patch_332_Mat_CR3_structuredPlaster
f 3099 3098 3097
f 3102 3101 3100
f 3105 3104 3103

usemtl Patch_333_Mat_CR3_structuredPlaster
f 3108 3107 3106
f 3111 3110 3109

usemtl Patch_334_Mat_CR3_structuredPlaster
f 3114 3113 3112
f 3117 3116 3115

usemtl Patch_335_Mat_CR3_structuredPlaster
f 3120 3119 3118
f 3123 3122 3121

usemtl Patch_336_Mat_CR3_structuredPlaster
f 3126 3125 3124
f 3129 3128 3127

usemtl Patch_337_Mat_CR3_structuredPlaster
f 3132 3131 3130
f 3135 3134 3133

usemtl Patch_338_Mat_CR3_structuredPlaster
f 3138 3137 3136
f 3141 3140 3139

usemtl Patch_339_Mat_CR3_structuredPlaster
f 3144 3143 3142
f 3147 3146 3145

usemtl Patch_340_Mat_CR3_structuredPlaster
f 3150 3149 3148
f 3153 3152 3151
f 3156 3155 3154
f 3159 3158 3157

usemtl Patch_341_Mat_CR3_structuredPlaster
f 3162 3161 3160
f 3165 3164 3163

usemtl Patch_342_Mat_CR3_structuredPlaster
f 3168 3167 3166
f 3171 3170 3169

usemtl Patch_343_Mat_CR3_structuredPlaster
f 3174 3173 3172
f 3177 3176 3175

usemtl Patch_344_Mat_CR3_structuredPlaster
f 3180 3179 3178
f 3183 3182 3181

usemtl Patch_345_Mat_CR3_structuredPlaster
f 3186 3185 3184
f 3189 3188 3187

usemtl Patch_346_Mat_CR3_structuredPlaster
f 3192 3191 3190
f 3195 3194 3193
f 3198 3197 3196
f 3201 3200 3199

usemtl Patch_347_Mat_CR3_structuredPlaster
f 3204 3203 3202
f 3207 3206 3205

usemtl Patch_348_Mat_CR3_structuredPlaster
f 3210 3209 3208
f 3213 3212 3211

usemtl Patch_349_Mat_CR3_structuredPlaster
f 3216 3215 3214
f 3219 3218 3217

usemtl Patch_350_Mat_CR3_structuredPlaster
f 3222 3221 3220
f 3225 3224 3223

usemtl Patch_351_Mat_CR3_structuredPlaster
f 3228 3227 3226
f 3231 3230 3229

usemtl Patch_352_Mat_CR3_structuredPlaster
f 3234 3233 3232
f 3237 3236 3235
f 3240 3239 3238
f 3243 3242 3241

usemtl Patch_353_Mat_CR3_structuredPlaster
f 3246 3245 3244
f 3249 3248 3247

usemtl Patch_354_Mat_CR3_structuredPlaster
f 3252 3251 3250
f 3255 3254 3253

usemtl Patch_355_Mat_CR3_structuredPlaster
f 3258 3257 3256
f 3261 3260 3259

usemtl Patch_356_Mat_CR3_structuredPlaster
f 3264 3263 3262
f 3267 3266 3265

usemtl Patch_357_Mat_CR3_structuredPlaster
f 3270 3269 3268
f 3273 3272 3271

usemtl Patch_358_Mat_CR3_structuredPlaster
f 3276 3275 3274
f 3279 3278 3277
f 3282 3281 3280
f 3285 3284 3283

usemtl Patch_359_Mat_CR3_structuredPlaster
f 3288 3287 3286
f 3291 3290 3289

usemtl Patch_360_Mat_CR3_structuredPlaster
f 3294 3293 3292
f 3297 3296 3295

usemtl Patch_361_Mat_CR3_structuredPlaster
f 3300 3299 3298
f 3303 3302 3301

usemtl Patch_362_Mat_CR3_structuredPlaster
f 3306 3305 3304
f 3309 3308 3307

usemtl Patch_363_Mat_CR3_structuredPlaster
f 3312 3311 3310
f 3315 3314 3313

usemtl Patch_364_Mat_CR3_structuredPlaster
f 3318 3317 3316
f 3321 3320 3319
f 3324 3323 3322
f 3327 3326 3325

usemtl Patch_365_Mat_CR3_structuredPlaster
f 3330 3329 3328
f 3333 3332 3331

usemtl Patch_366_Mat_CR3_structuredPlaster
f 3336 3335 3334
f 3339 3338 3337

usemtl Patch_367_Mat_CR3_structuredPlaster
f 3342 3341 3340
f 3345 3344 3343

usemtl Patch_368_Mat_CR3_structuredPlaster
f 3348 3347 3346
f 3351 3350 3349

usemtl Patch_369_Mat_CR3_structuredPlaster
f 3354 3353 3352
f 3357 3356 3355

usemtl Patch_370_Mat_CR3_structuredPlaster
f 3360 3359 3358
f 3363 3362 3361
f 3366 3365 3364
f 3369 3368 3367

usemtl Patch_371_Mat_CR3_structuredPlaster
f 3372 3371 3370
f 3375 3374 3373

usemtl Patch_372_Mat_CR3_structuredPlaster
f 3378 3377 3376
f 3381 3380 3379

usemtl Patch_373_Mat_CR3_structuredPlaster
f 3384 3383 3382
f 3387 3386 3385

usemtl Patch_374_Mat_CR3_structuredPlaster
f 3390 3389 3388
f 3393 3392 3391

usemtl Patch_375_Mat_CR3_structuredPlaster
f 3396 3395 3394
f 3399 3398 3397

usemtl Patch_376_Mat_CR3_structuredPlaster
f 3402 3401 3400
f 3405 3404 3403

usemtl Patch_377_Mat_CR3_structuredPlaster
f 3408 3407 3406
f 3411 3410 3409

usemtl Patch_378_Mat_CR3_structuredPlaster
f 3414 3413 3412
f 3417 3416 3415

usemtl Patch_379_Mat_CR3_structuredPlaster
f 3420 3419 3418
f 3423 3422 3421
f 3426 3425 3424

usemtl Patch_380_Mat_CR3_structuredPlaster
f 3429 3428 3427
f 3432 3431 3430

usemtl Patch_381_Mat_CR3_structuredPlaster
f 3435 3434 3433
f 3438 3437 3436

usemtl Patch_382_Mat_CR3_structuredPlaster
f 3441 3440 3439
f 3444 3443 3442
f 3447 3446 3445

usemtl Patch_383_Mat_CR3_structuredPlaster
f 3450 3449 3448
f 3453 3452 3451

usemtl Patch_384_Mat_CR3_structuredPlaster
f 3456 3455 3454
f 3459 3458 3457

usemtl Patch_385_Mat_CR3_structuredPlaster
f 3462 3461 3460
f 3465 3464 3463

usemtl Patch_386_Mat_CR3_structuredPlaster
f 3468 3467 3466
f 3471 3470 3469

usemtl Patch_387_Mat_CR3_structuredPlaster
f 3474 3473 3472
f 3477 3476 3475
f 3480 3479 3478

usemtl Patch_388_Mat_CR3_structuredPlaster
f 3483 3482 3481
f 3486 3485 3484

usemtl Patch_389_Mat_CR3_structuredPlaster
f 3489 3488 3487
f 3492 3491 3490

usemtl Patch_390_Mat_CR3_structuredPlaster
f 3495 3494 3493
f 3498 3497 3496

usemtl Patch_391_Mat_CR3_structuredPlaster
f 3501 3500 3499
f 3504 3503 3502

usemtl Patch_392_Mat_CR3_structuredPlaster
f 3507 3506 3505
f 3510 3509 3508

usemtl Patch_393_Mat_CR3_structuredPlaster
f 3513 3512 3511
f 3516 3515 3514

usemtl Patch_394_Mat_CR3_structuredPlaster
f 3519 3518 3517
f 3522 3521 3520
f 3525 3524 3523

usemtl Patch_395_Mat_CR3_structuredPlaster
f 3528 3527 3526
f 3531 3530 3529

usemtl Patch_396_Mat_CR3_structuredPlaster
f 3534 3533 3532
f 3537 3536 3535

usemtl Patch_397_Mat_CR3_structuredPlaster
f 3540 3539 3538
f 3543 3542 3541

usemtl Patch_398_Mat_CR3_structuredPlaster
f 3546 3545 3544
f 3549 3548 3547

usemtl Patch_399_Mat_CR3_structuredPlaster
f 3552 3551 3550
f 3555 3554 3553

usemtl Patch_400_Mat_CR3_structuredPlaster
f 3558 3557 3556
f 3561 3560 3559
f 3564 3563 3562
f 3567 3566 3565

usemtl Patch_401_Mat_CR3_structuredPlaster
f 3570 3569 3568
f 3573 3572 3571

usemtl Patch_402_Mat_CR3_structuredPlaster
f 3576 3575 3574
f 3579 3578 3577

usemtl Patch_403_Mat_CR3_structuredPlaster
f 3582 3581 3580
f 3585 3584 3583

usemtl Patch_404_Mat_CR3_structuredPlaster
f 3588 3587 3586
f 3591 3590 3589

usemtl Patch_405_Mat_CR3_structuredPlaster
f 3594 3593 3592
f 3597 3596 3595

usemtl Patch_406_Mat_CR3_structuredPlaster
f 3600 3599 3598
f 3603 3602 3601
f 3606 3605 3604
f 3609 3608 3607

usemtl Patch_407_Mat_CR3_structuredPlaster
f 3612 3611 3610
f 3615 3614 3613

usemtl Patch_408_Mat_CR3_structuredPlaster
f 3618 3617 3616
f 3621 3620 3619

usemtl Patch_409_Mat_CR3_structuredPlaster
f 3624 3623 3622
f 3627 3626 3625

usemtl Patch_410_Mat_CR3_structuredPlaster
f 3630 3629 3628
f 3633 3632 3631

usemtl Patch_411_Mat_CR3_structuredPlaster
f 3636 3635 3634
f 3639 3638 3637
f 3642 3641 3640

usemtl Patch_412_Mat_CR3_structuredPlaster
f 3645 3644 3643
f 3648 3647 3646

usemtl Patch_413_Mat_CR3_structuredPlaster
f 3651 3650 3649
f 3654 3653 3652

usemtl Patch_414_Mat_CR3_structuredPlaster
f 3657 3656 3655
f 3660 3659 3658
f 3663 3662 3661

usemtl Patch_415_Mat_CR3_structuredPlaster
f 3666 3665 3664
f 3669 3668 3667

usemtl Patch_416_Mat_CR3_structuredPlaster
f 3672 3671 3670
f 3675 3674 3673

usemtl Patch_417_Mat_CR3_structuredPlaster
f 3678 3677 3676
f 3681 3680 3679

usemtl Patch_418_Mat_CR3_structuredPlaster
f 3684 3683 3682
f 3687 3686 3685

usemtl Patch_419_Mat_CR3_structuredPlaster
f 3690 3689 3688
f 3693 3692 3691
f 3696 3695 3694

usemtl Patch_420_Mat_CR3_structuredPlaster
f 3699 3698 3697
f 3702 3701 3700

usemtl Patch_421_Mat_CR3_structuredPlaster
f 3705 3704 3703
f 3708 3707 3706

usemtl Patch_422_Mat_CR3_structuredPlaster
f 3711 3710 3709
f 3714 3713 3712

usemtl Patch_423_Mat_CR3_structuredPlaster
f 3717 3716 3715
f 3720 3719 3718

usemtl Patch_424_Mat_CR3_structuredPlaster
f 3723 3722 3721
f 3726 3725 3724

usemtl Patch_425_Mat_CR3_structuredPlaster
f 3729 3728 3727
f 3732 3731 3730

usemtl Patch_426_Mat_CR3_structuredPlaster
f 3735 3734 3733
f 3738 3737 3736

usemtl Patch_427_Mat_CR3_structuredPlaster
f 3741 3740 3739
f 3744 3743 3742
f 3747 3746 3745

usemtl Patch_428_Mat_CR3_structuredPlaster
f 3750 3749 3748
f 3753 3752 3751

usemtl Patch_429_Mat_CR3_structuredPlaster
f 3756 3755 3754
f 3759 3758 3757

usemtl Patch_430_Mat_CR3_structuredPlaster
f 3762 3761 3760
f 3765 3764 3763

usemtl Patch_431_Mat_CR3_structuredPlaster
f 3768 3767 3766
f 3771 3770 3769

usemtl Patch_432_Mat_CR3_structuredPlaster
f 3774 3773 3772
f 3777 3776 3775

usemtl Patch_433_Mat_CR3_structuredPlaster
f 3780 3779 3778
f 3783 3782 3781
f 3786 3785 3784
f 3789 3788 3787

usemtl Patch_434_Mat_CR3_structuredPlaster
f 3792 3791 3790
f 3795 3794 3793

usemtl Patch_435_Mat_CR3_structuredPlaster
f 3798 3797 3796
f 3801 3800 3799

usemtl Patch_436_Mat_CR3_structuredPlaster
f 3804 3803 3802
f 3807 3806 3805

usemtl Patch_437_Mat_CR3_structuredPlaster
f 3810 3809 3808
f 3813 3812 3811

usemtl Patch_438_Mat_CR3_structuredPlaster
f 3816 3815 3814
f 3819 3818 3817

usemtl Patch_439_Mat_CR3_structuredPlaster
f 3822 3821 3820
f 3825 3824 3823
f 3828 3827 3826
f 3831 3830 3829

usemtl Patch_440_Mat_CR3_structuredPlaster
f 3834 3833 3832
f 3837 3836 3835

usemtl Patch_441_Mat_CR3_structuredPlaster
f 3840 3839 3838
f 3843 3842 3841

usemtl Patch_442_Mat_CR3_structuredPlaster
f 3846 3845 3844
f 3849 3848 3847

usemtl Patch_443_Mat_CR3_structuredPlaster
f 3852 3851 3850
f 3855 3854 3853

usemtl Patch_444_Mat_CR3_structuredPlaster
f 3858 3857 3856
f 3861 3860 3859
f 3864 3863 3862

usemtl Patch_445_Mat_CR3_structuredPlaster
f 3867 3866 3865
f 3870 3869 3868

usemtl Patch_446_Mat_CR3_structuredPlaster
f 3873 3872 3871
f 3876 3875 3874

usemtl Patch_447_Mat_CR3_structuredPlaster
f 3879 3878 3877
f 3882 3881 3880
f 3885 3884 3883

usemtl Patch_448_Mat_CR3_structuredPlaster
f 3888 3887 3886
f 3891 3890 3889

usemtl Patch_449_Mat_CR3_structuredPlaster
f 3894 3893 3892
f 3897 3896 3895

usemtl Patch_450_Mat_CR3_structuredPlaster
f 3900 3899 3898
f 3903 3902 3901

usemtl Patch_451_Mat_CR3_structuredPlaster
f 3906 3905 3904
f 3909 3908 3907
f 3912 3911 3910

usemtl Patch_452_Mat_CR3_structuredPlaster
f 3915 3914 3913
f 3918 3917 3916

usemtl Patch_453_Mat_CR3_structuredPlaster
f 3921 3920 3919
f 3924 3923 3922

usemtl Patch_454_Mat_CR3_structuredPlaster
f 3927 3926 3925
f 3930 3929 3928

usemtl Patch_455_Mat_CR3_structuredPlaster
f 3933 3932 3931
f 3936 3935 3934

usemtl Patch_456_Mat_CR3_structuredPlaster
f 3939 3938 3937
f 3942 3941 3940

usemtl Patch_457_Mat_CR3_structuredPlaster
f 3945 3944 3943
f 3948 3947 3946
f 3951 3950 3949

usemtl Patch_458_Mat_CR3_structuredPlaster
f 3954 3953 3952
f 3957 3956 3955

usemtl Patch_459_Mat_CR3_structuredPlaster
f 3960 3959 3958
f 3963 3962 3961

usemtl Patch_460_Mat_CR3_plaster
f 3966 3965 3964
f 3969 3968 3967

usemtl Patch_461_Mat_CR3_floor
f 3972 3971 3970
f 3975 3974 3973

usemtl Patch_462_Mat_CR3_floor
f 3978 3977 3976
f 3981 3980 3979

usemtl Patch_463_Mat_CR3_plaster
f 3984 3983 3982
f 3987 3986 3985

usemtl Patch_464_Mat_CR3_plaster
f 3990 3989 3988
f 3993 3992 3991

usemtl Patch_465_Mat_CR3_structuredPlaster
f 3996 3995 3994
f 3999 3998 3997

usemtl Patch_466_Mat_CR3_structuredPlaster
f 4002 4001 4000
f 4005 4004 4003

usemtl Patch_467_Mat_CR3_structuredPlaster
f 4008 4007 4006
f 4011 4010 4009

usemtl Patch_468_Mat_CR3_structuredPlaster
f 4014 4013 4012
f 4017 4016 4015

usemtl Patch_469_Mat_CR3_floor
f 4020 4019 4018
f 4023 4022 4021

usemtl Patch_470_Mat_CR3_floor
f 4026 4025 4024
f 4029 4028 4027

usemtl Patch_471_Mat_CR3_floor
f 4032 4031 4030
f 4035 4034 4033

usemtl Patch_472_Mat_CR3_floor
f 4038 4037 4036
f 4041 4040 4039

usemtl Patch_473_Mat_CR3_plaster
f 4044 4043 4042
f 4047 4046 4045

usemtl Patch_474_Mat_CR3_plaster
f 4050 4049 4048
f 4053 4052 4051

usemtl Patch_475_Mat_CR3_plaster
f 4056 4055 4054
f 4059 4058 4057

usemtl Patch_476_Mat_CR3_structuredPlaster
f 4062 4061 4060
f 4065 4064 4063

usemtl Patch_477_Mat_CR3_structuredPlaster
f 4068 4067 4066
f 4071 4070 4069

usemtl Patch_478_Mat_CR3_structuredPlaster
f 4074 4073 4072
f 4077 4076 4075

usemtl Patch_479_Mat_CR3_structuredPlaster
f 4080 4079 4078
f 4083 4082 4081

usemtl Patch_480_Mat_CR3_plaster
f 4086 4085 4084
f 4089 4088 4087

usemtl Patch_481_Mat_CR3_plaster
f 4092 4091 4090
f 4095 4094 4093

usemtl Patch_482_Mat_CR3_plaster
f 4098 4097 4096
f 4101 4100 4099

usemtl Patch_483_Mat_CR3_floor
f 4104 4103 4102
f 4107 4106 4105

usemtl Patch_484_Mat_CR3_floor
f 4110 4109 4108
f 4113 4112 4111

usemtl Patch_485_Mat_CR3_floor
f 4116 4115 4114
f 4119 4118 4117

usemtl Patch_486_Mat_CR3_floor
f 4122 4121 4120
f 4125 4124 4123

usemtl Patch_487_Mat_CR3_floor
f 4128 4127 4126
f 4131 4130 4129

usemtl Patch_488_Mat_CR3_floor
f 4134 4133 4132
f 4137 4136 4135

usemtl Patch_489_Mat_CR3_plaster
f 4140 4139 4138
f 4143 4142 4141

usemtl Patch_490_Mat_CR3_plaster
f 4146 4145 4144
f 4149 4148 4147

usemtl Patch_491_Mat_CR3_plaster
f 4152 4151 4150
f 4155 4154 4153

usemtl Patch_492_Mat_CR3_structuredPlaster
f 4158 4157 4156
f 4161 4160 4159

usemtl Patch_493_Mat_CR3_structuredPlaster
f 4164 4163 4162
f 4167 4166 4165

usemtl Patch_494_Mat_CR3_structuredPlaster
f 4170 4169 4168
f 4173 4172 4171

usemtl Patch_495_Mat_CR3_structuredPlaster
f 4176 4175 4174
f 4179 4178 4177

usemtl Patch_496_Mat_CR3_structuredPlaster
f 4182 4181 4180
f 4185 4184 4183

usemtl Patch_497_Mat_CR3_structuredPlaster
f 4188 4187 4186
f 4191 4190 4189

usemtl Patch_498_Mat_CR3_plaster
f 4194 4193 4192
f 4197 4196 4195

usemtl Patch_499_Mat_CR3_plaster
f 4200 4199 4198
f 4203 4202 4201

usemtl Patch_500_Mat_CR3_plaster
f 4206 4205 4204
f 4209 4208 4207

usemtl Patch_501_Mat_CR3_structuredPlaster
f 4212 4211 4210
f 4215 4214 4213

usemtl Patch_502_Mat_CR3_structuredPlaster
f 4218 4217 4216
f 4221 4220 4219

usemtl Patch_503_Mat_CR3_structuredPlaster
f 4224 4223 4222
f 4227 4226 4225

usemtl Patch_504_Mat_CR3_structuredPlaster
f 4230 4229 4228
f 4233 4232 4231

usemtl Patch_505_Mat_CR3_structuredPlaster
f 4236 4235 4234
f 4239 4238 4237

usemtl Patch_506_Mat_CR3_structuredPlaster
f 4242 4241 4240
f 4245 4244 4243

usemtl Patch_507_Mat_CR3_plaster
f 4248 4247 4246
f 4251 4250 4249

usemtl Patch_508_Mat_CR3_floor
f 4254 4253 4252
f 4257 4256 4255

usemtl Patch_509_Mat_CR3_floor
f 4260 4259 4258
f 4263 4262 4261

usemtl Patch_510_Mat_CR3_plaster
f 4266 4265 4264
f 4269 4268 4267

usemtl Patch_511_Mat_CR3_floor
f 4272 4271 4270
f 4275 4274 4273

usemtl Patch_512_Mat_CR3_floor
f 4278 4277 4276
f 4281 4280 4279

usemtl Patch_513_Mat_CR3_plaster
f 4284 4283 4282
f 4287 4286 4285

usemtl Patch_514_Mat_CR3_floor
f 4290 4289 4288
f 4293 4292 4291

usemtl Patch_515_Mat_CR3_floor
f 4296 4295 4294
f 4299 4298 4297

usemtl Patch_516_Mat_CR3_plaster
f 4302 4301 4300
f 4305 4304 4303

usemtl Patch_517_Mat_CR3_floor
f 4308 4307 4306
f 4311 4310 4309

usemtl Patch_518_Mat_CR3_floor
f 4314 4313 4312
f 4317 4316 4315

usemtl Patch_519_Mat_CR3_plaster
f 4320 4319 4318
f 4323 4322 4321

usemtl Patch_520_Mat_CR3_floor
f 4326 4325 4324
f 4329 4328 4327

usemtl Patch_521_Mat_CR3_floor
f 4332 4331 4330
f 4335 4334 4333

usemtl Patch_522_Mat_CR3_plaster
f 4338 4337 4336
f 4341 4340 4339

usemtl Patch_523_Mat_CR3_floor
f 4344 4343 4342
f 4347 4346 4345

usemtl Patch_524_Mat_CR3_floor
f 4350 4349 4348
f 4353 4352 4351

usemtl Patch_525_Mat_CR3_stagePanels
f 4356 4355 4354
f 4359 4358 4357

usemtl Patch_526_Mat_CR3_stagePanels
f 4362 4361 4360
f 4365 4364 4363

usemtl Patch_527_Mat_CR3_stagePanels
f 4368 4367 4366
f 4371 4370 4369

usemtl Patch_528_Mat_CR3_stagePanels
f 4374 4373 4372
f 4377 4376 4375

usemtl Patch_529_Mat_CR3_stagePanels
f 4380 4379 4378
f 4383 4382 4381

usemtl Patch_530_Mat_CR3_stagePanels
f 4386 4385 4384
f 4389 4388 4387

usemtl Patch_531_Mat_CR3_stagePanels
f 4392 4391 4390
f 4395 4394 4393

usemtl Patch_532_Mat_CR3_stagePanels
f 4398 4397 4396
f 4401 4400 4399

usemtl Patch_533_Mat_CR3_stagePanels
f 4404 4403 4402
f 4407 4406 4405

usemtl Patch_534_Mat_CR3_stagePanels
f 4410 4409 4408
f 4413 4412 4411

usemtl Patch_535_Mat_CR3_stagePanels
f 4416 4415 4414
f 4419 4418 4417

usemtl Patch_536_Mat_CR3_stagePanels
f 4422 4421 4420
f 4425 4424 4423

usemtl Patch_537_Mat_CR3_stagePanels
f 4428 4427 4426
f 4431 4430 4429

usemtl Patch_538_Mat_CR3_stagePanels
f 4434 4433 4432
f 4437 4436 4435

usemtl Patch_539_Mat_CR3_stagePanels
f 4440 4439 4438
f 4443 4442 4441

usemtl Patch_540_Mat_CR3_stagePanels
f 4446 4445 4444
f 4449 4448 4447

usemtl Patch_541_Mat_CR3_stagePanels
f 4452 4451 4450
f 4455 4454 4453

usemtl Patch_542_Mat_CR3_stagePanels
f 4458 4457 4456
f 4461 4460 4459

usemtl Patch_543_Mat_CR3_stagePanels
f 4464 4463 4462
f 4467 4466 4465

usemtl Patch_544_Mat_CR3_stagePanels
f 4470 4469 4468
f 4473 4472 4471

usemtl Patch_545_Mat_CR3_stagePanels
f 4476 4475 4474
f 4479 4478 4477

usemtl Patch_546_Mat_CR3_stagePanels
f 4482 4481 4480
f 4485 4484 4483

usemtl Patch_547_Mat_CR3_stagePanels
f 4488 4487 4486
f 4491 4490 4489

usemtl Patch_548_Mat_CR3_stagePanels
f 4494 4493 4492
f 4497 4496 4495

usemtl Patch_549_Mat_CR3_stagePanels
f 4500 4499 4498
f 4503 4502 4501
f 4506 4505 4504

usemtl Patch_550_Mat_CR3_stagePanels
f 4509 4508 4507
f 4512 4511 4510
f 4515 4514 4513

usemtl Patch_551_Mat_CR3_stagePanels
f 4518 4517 4516
f 4521 4520 4519

usemtl Patch_552_Mat_CR3_stagePanels
f 4524 4523 4522
f 4527 4526 4525
f 4530 4529 4528
f 4533 4532 4531

usemtl Patch_553_Mat_CR3_stagePanels
f 4536 4535 4534
f 4539 4538 4537
f 4542 4541 4540

usemtl Patch_554_Mat_CR3_stagePanels
f 4545 4544 4543
f 4548 4547 4546

usemtl Patch_555_Mat_CR3_stagePanels
f 4551 4550 4549
f 4554 4553 4552
f 4557 4556 4555

usemtl Patch_556_Mat_CR3_stagePanels
f 4560 4559 4558
f 4563 4562 4561
f 4566 4565 4564

usemtl Patch_557_Mat_CR3_stagePanels
f 4569 4568 4567
f 4572 4571 4570

usemtl Patch_558_Mat_CR3_stagePanels
f 4575 4574 4573
f 4578 4577 4576

usemtl Patch_559_Mat_CR3_stagePanels
f 4581 4580 4579
f 4584 4583 4582

usemtl Patch_560_Mat_CR3_stagePanels
f 4587 4586 4585
f 4590 4589 4588

usemtl Patch_561_Mat_CR3_stagePanels
f 4593 4592 4591
f 4596 4595 4594

usemtl Patch_562_Mat_CR3_stagePanels
f 4599 4598 4597
f 4602 4601 4600

usemtl Patch_563_Mat_CR3_stagePanels
f 4605 4604 4603
f 4608 4607 4606

usemtl Patch_564_Mat_CR3_stagePanels
f 4611 4610 4609
f 4614 4613 4612

usemtl Patch_565_Mat_CR3_stagePanels
f 4617 4616 4615
f 4620 4619 4618

usemtl Patch_566_Mat_CR3_stagePanels
f 4623 4622 4621
f 4626 4625 4624

usemtl Patch_567_Mat_CR3_stagePanels
f 4629 4628 4627
f 4632 4631 4630

usemtl Patch_568_Mat_CR3_stagePanels
f 4635 4634 4633
f 4638 4637 4636

usemtl Patch_569_Mat_CR3_stagePanels
f 4641 4640 4639
f 4644 4643 4642

usemtl Patch_570_Mat_CR3_stagePanels
f 4647 4646 4645
f 4650 4649 4648

usemtl Patch_571_Mat_CR3_stagePanels
f 4653 4652 4651
f 4656 4655 4654

usemtl Patch_572_Mat_CR3_stagePanels
f 4659 4658 4657
f 4662 4661 4660

usemtl Patch_573_Mat_CR3_stagePanels
f 4665 4664 4663
f 4668 4667 4666

usemtl Patch_574_Mat_CR3_stagePanels
f 4671 4670 4669
f 4674 4673 4672

usemtl Patch_575_Mat_CR3_stagePanels
f 4677 4676 4675
f 4680 4679 4678

usemtl Patch_576_Mat_CR3_stagePanels
f 4683 4682 4681
f 4686 4685 4684

usemtl Patch_577_Mat_CR3_stagePanels
f 4689 4688 4687
f 4692 4691 4690

usemtl Patch_578_Mat_CR3_stagePanels
f 4695 4694 4693
f 4698 4697 4696

usemtl Patch_579_Mat_CR3_stagePanels
f 4701 4700 4699
f 4704 4703 4702

usemtl Patch_580_Mat_CR3_stagePanels
f 4707 4706 4705
f 4710 4709 4708

usemtl Patch_581_Mat_CR3_stagePanels
f 4713 4712 4711
f 4716 4715 4714

usemtl Patch_582_Mat_CR3_stagePanels
f 4719 4718 4717
f 4722 4721 4720

usemtl Patch_583_Mat_CR3_stagePanels
f 4725 4724 4723
f 4728 4727 4726

usemtl Patch_584_Mat_CR3_stagePanels
f 4731 4730 4729
f 4734 4733 4732

usemtl Patch_585_Mat_CR3_stagePanels
f 4737 4736 4735
f 4740 4739 4738

usemtl Patch_586_Mat_CR3_stagePanels
f 4743 4742 4741
f 4746 4745 4744

usemtl Patch_587_Mat_CR3_stagePanels
f 4749 4748 4747
f 4752 4751 4750

usemtl Patch_588_Mat_CR3_stagePanels
f 4755 4754 4753
f 4758 4757 4756

usemtl Patch_589_Mat_CR3_stagePanels
f 4761 4760 4759
f 4764 4763 4762

usemtl Patch_590_Mat_CR3_stagePanels
f 4767 4766 4765
f 4770 4769 4768

usemtl Patch_591_Mat_CR3_stagePanels
f 4773 4772 4771
f 4776 4775 4774

usemtl Patch_592_Mat_CR3_stagePanels
f 4779 4778 4777
f 4782 4781 4780

usemtl Patch_593_Mat_CR3_stagePanels
f 4785 4784 4783
f 4788 4787 4786

usemtl Patch_594_Mat_CR3_stagePanels
f 4791 4790 4789
f 4794 4793 4792

usemtl Patch_595_Mat_CR3_stagePanels
f 4797 4796 4795
f 4800 4799 4798

usemtl Patch_596_Mat_CR3_stagePanels
f 4803 4802 4801
f 4806 4805 4804

usemtl Patch_597_Mat_CR3_stagePanels
f 4809 4808 4807
f 4812 4811 4810

usemtl Patch_598_Mat_CR3_plaster
f 4815 4814 4813
f 4818 4817 4816
f 4821 4820 4819

usemtl Patch_599_Mat_CR3_plaster
f 4824 4823 4822
f 4827 4826 4825
f 4830 4829 4828
f 4833 4832 4831

usemtl Patch_600_Mat_CR3_plaster
f 4836 4835 4834
f 4839 4838 4837
f 4842 4841 4840

usemtl Patch_601_Mat_CR3_floor
f 4845 4844 4843
f 4848 4847 4846

usemtl Patch_602_Mat_CR3_floor
f 4851 4850 4849
f 4854 4853 4852

usemtl Patch_603_Mat_CR3_floor
f 4857 4856 4855
f 4860 4859 4858

usemtl Patch_604_Mat_CR3_plaster
f 4863 4862 4861
f 4866 4865 4864
f 4869 4868 4867

usemtl Patch_605_Mat_CR3_plaster
f 4872 4871 4870
f 4875 4874 4873

usemtl Patch_606_Mat_CR3_plaster
f 4878 4877 4876
f 4881 4880 4879
f 4884 4883 4882

usemtl Patch_607_Mat_CR3_plaster
f 4887 4886 4885
f 4890 4889 4888
f 4893 4892 4891
f 4896 4895 4894

usemtl Patch_608_Mat_CR3_plaster
f 4899 4898 4897
f 4902 4901 4900
f 4905 4904 4903

usemtl Patch_609_Mat_CR3_floor
f 4908 4907 4906
f 4911 4910 4909

usemtl Patch_610_Mat_CR3_structuredPlaster
f 4914 4913 4912
f 4917 4916 4915
f 4920 4919 4918

usemtl Patch_611_Mat_CR3_structuredPlaster
f 4923 4922 4921
f 4926 4925 4924
f 4929 4928 4927
f 4932 4931 4930
f 4935 4934 4933

usemtl Patch_612_Mat_CR3_structuredPlaster
f 4938 4937 4936
f 4941 4940 4939
f 4944 4943 4942
f 4947 4946 4945

usemtl Patch_613_Mat_CR3_structuredPlaster
f 4950 4949 4948
f 4953 4952 4951

usemtl Patch_614_Mat_CR3_structuredPlaster
f 4956 4955 4954
f 4959 4958 4957

usemtl Patch_615_Mat_CR3_structuredPlaster
f 4962 4961 4960
f 4965 4964 4963
f 4968 4967 4966

usemtl Patch_616_Mat_CR3_structuredPlaster
f 4971 4970 4969
f 4974 4973 4972
f 4977 4976 4975

usemtl Patch_617_Mat_CR3_structuredPlaster
f 4980 4979 4978
f 4983 4982 4981
f 4986 4985 4984

usemtl Patch_618_Mat_CR3_structuredPlaster
f 4989 4988 4987
f 4992 4991 4990
f 4995 4994 4993

usemtl Patch_619_Mat_CR3_structuredPlaster
f 4998 4997 4996
f 5001 5000 4999
f 5004 5003 5002

usemtl Patch_620_Mat_CR3_structuredPlaster
f 5007 5006 5005
f 5010 5009 5008
f 5013 5012 5011

usemtl Patch_621_Mat_CR3_structuredPlaster
f 5016 5015 5014
f 5019 5018 5017
f 5022 5021 5020

usemtl Patch_622_Mat_CR3_structuredPlaster
f 5025 5024 5023
f 5028 5027 5026
f 5031 5030 5029

usemtl Patch_623_Mat_CR3_structuredPlaster
f 5034 5033 5032
f 5037 5036 5035
f 5040 5039 5038
f 5043 5042 5041

usemtl Patch_624_Mat_CR3_plaster
f 5046 5045 5044
f 5049 5048 5047

usemtl Patch_625_Mat_CR3_plaster
f 5052 5051 5050
f 5055 5054 5053

usemtl Patch_626_Mat_CR3_plaster
f 5058 5057 5056
f 5061 5060 5059
f 5064 5063 5062
f 5067 5066 5065

usemtl Patch_627_Mat_CR3_plaster
f 5070 5069 5068
f 5073 5072 5071

usemtl Patch_628_Mat_CR3_plaster
f 5076 5075 5074
f 5079 5078 5077
f 5082 5081 5080

usemtl Patch_629_Mat_CR3_structuredPlaster
f 5085 5084 5083
f 5088 5087 5086

usemtl Patch_630_Mat_CR3_structuredPlaster
f 5091 5090 5089
f 5094 5093 5092

usemtl Patch_631_Mat_CR3_structuredPlaster
f 5097 5096 5095
f 5100 5099 5098

usemtl Patch_632_Mat_CR3_structuredPlaster
f 5103 5102 5101
f 5106 5105 5104

usemtl Patch_633_Mat_CR3_structuredPlaster
f 5109 5108 5107
f 5112 5111 5110

usemtl Patch_634_Mat_CR3_structuredPlaster
f 5115 5114 5113
f 5118 5117 5116

usemtl Patch_635_Mat_CR3_structuredPlaster
f 5121 5120 5119
f 5124 5123 5122

usemtl Patch_636_Mat_CR3_structuredPlaster
f 5127 5126 5125
f 5130 5129 5128

usemtl Patch_637_Mat_CR3_structuredPlaster
f 5133 5132 5131
f 5136 5135 5134
f 5139 5138 5137

usemtl Patch_638_Mat_CR3_structuredPlaster
f 5142 5141 5140
f 5145 5144 5143

usemtl Patch_639_Mat_CR3_structuredPlaster
f 5148 5147 5146
f 5151 5150 5149

usemtl Patch_640_Mat_CR3_structuredPlaster
f 5154 5153 5152
f 5157 5156 5155

usemtl Patch_641_Mat_CR3_structuredPlaster
f 5160 5159 5158
f 5163 5162 5161

usemtl Patch_642_Mat_CR3_structuredPlaster
f 5166 5165 5164
f 5169 5168 5167

usemtl Patch_643_Mat_CR3_structuredPlaster
f 5172 5171 5170
f 5175 5174 5173

usemtl Patch_644_Mat_CR3_structuredPlaster
f 5178 5177 5176
f 5181 5180 5179

usemtl Patch_645_Mat_CR3_structuredPlaster
f 5184 5183 5182
f 5187 5186 5185

usemtl Patch_646_Mat_CR3_structuredPlaster
f 5190 5189 5188
f 5193 5192 5191

usemtl Patch_647_Mat_CR3_structuredPlaster
f 5196 5195 5194
f 5199 5198 5197
f 5202 5201 5200
f 5205 5204 5203

usemtl Patch_648_Mat_CR3_structuredPlaster
f 5208 5207 5206
f 5211 5210 5209

usemtl Patch_649_Mat_CR3_structuredPlaster
f 5214 5213 5212
f 5217 5216 5215

usemtl Patch_650_Mat_CR3_structuredPlaster
f 5220 5219 5218
f 5223 5222 5221
f 5226 5225 5224
f 5229 5228 5227
f 5232 5231 5230
f 5235 5234 5233

usemtl Patch_651_Mat_CR3_structuredPlaster
f 5238 5237 5236

usemtl Patch_652_Mat_CR3_structuredPlaster
f 5241 5240 5239
f 5244 5243 5242

usemtl Patch_653_Mat_CR3_structuredPlaster
f 5247 5246 5245
f 5250 5249 5248

usemtl Patch_654_Mat_CR3_structuredPlaster
f 5253 5252 5251
f 5256 5255 5254

usemtl Patch_655_Mat_CR3_structuredPlaster
f 5259 5258 5257
f 5262 5261 5260

usemtl Patch_656_Mat_CR3_structuredPlaster
f 5265 5264 5263
f 5268 5267 5266

usemtl Patch_657_Mat_CR3_structuredPlaster
f 5271 5270 5269
f 5274 5273 5272

usemtl Patch_658_Mat_CR3_structuredPlaster
f 5277 5276 5275
f 5280 5279 5278
f 5283 5282 5281

usemtl Patch_659_Mat_CR3_structuredPlaster
f 5286 5285 5284
f 5289 5288 5287
f 5292 5291 5290
f 5295 5294 5293
f 5298 5297 5296
f 5301 5300 5299

usemtl Patch_660_Mat_CR3_structuredPlaster
f 5304 5303 5302
f 5307 5306 5305

usemtl Patch_661_Mat_CR3_structuredPlaster
f 5310 5309 5308
f 5313 5312 5311

usemtl Patch_662_Mat_CR3_structuredPlaster
f 5316 5315 5314
f 5319 5318 5317
f 5322 5321 5320
f 5325 5324 5323

usemtl Patch_663_Mat_CR3_structuredPlaster
f 5328 5327 5326
f 5331 5330 5329

usemtl Patch_664_Mat_CR3_structuredPlaster
f 5334 5333 5332
f 5337 5336 5335

usemtl Patch_665_Mat_CR3_structuredPlaster
f 5340 5339 5338
f 5343 5342 5341

usemtl Patch_666_Mat_CR3_structuredPlaster
f 5346 5345 5344
f 5349 5348 5347

usemtl Patch_667_Mat_CR3_structuredPlaster
f 5352 5351 5350
f 5355 5354 5353

usemtl Patch_668_Mat_CR3_structuredPlaster
f 5358 5357 5356
f 5361 5360 5359

usemtl Patch_669_Mat_CR3_structuredPlaster
f 5364 5363 5362
f 5367 5366 5365
f 5370 5369 5368

usemtl Patch_670_Mat_CR3_structuredPlaster
f 5373 5372 5371
f 5376 5375 5374

usemtl Patch_671_Mat_CR3_structuredPlaster
f 5379 5378 5377
f 5382 5381 5380

usemtl Patch_672_Mat_CR3_structuredPlaster
f 5385 5384 5383
f 5388 5387 5386

usemtl Patch_673_Mat_CR3_structuredPlaster
f 5391 5390 5389
f 5394 5393 5392

usemtl Patch_674_Mat_CR3_structuredPlaster
f 5397 5396 5395
f 5400 5399 5398

usemtl Patch_675_Mat_CR3_structuredPlaster
f 5403 5402 5401
f 5406 5405 5404

usemtl Patch_676_Mat_CR3_structuredPlaster
f 5409 5408 5407
f 5412 5411 5410

usemtl Patch_677_Mat_CR3_structuredPlaster
f 5415 5414 5413
f 5418 5417 5416

usemtl Patch_678_Mat_CR3_structuredPlaster
f 5421 5420 5419
f 5424 5423 5422

usemtl Patch_679_Mat_CR3_structuredPlaster
f 5427 5426 5425
f 5430 5429 5428

usemtl Patch_680_Mat_CR3_structuredPlaster
f 5433 5432 5431
f 5436 5435 5434

usemtl Patch_681_Mat_CR3_structuredPlaster
f 5439 5438 5437
f 5442 5441 5440

usemtl Patch_682_Mat_CR3_structuredPlaster
f 5445 5444 5443
f 5448 5447 5446

usemtl Patch_683_Mat_CR3_structuredPlaster
f 5451 5450 5449
f 5454 5453 5452

usemtl Patch_684_Mat_CR3_structuredPlaster
f 5457 5456 5455
f 5460 5459 5458
f 5463 5462 5461

usemtl Patch_685_Mat_CR3_structuredPlaster
f 5466 5465 5464
f 5469 5468 5467

usemtl Patch_686_Mat_CR3_structuredPlaster
f 5472 5471 5470
f 5475 5474 5473

usemtl Patch_687_Mat_CR3_structuredPlaster
f 5478 5477 5476
f 5481 5480 5479

usemtl Patch_688_Mat_CR3_structuredPlaster
f 5484 5483 5482

usemtl Patch_689_Mat_CR3_structuredPlaster
f 5487 5486 5485

usemtl Patch_690_Mat_CR3_structuredPlaster
f 5490 5489 5488
f 5493 5492 5491

usemtl Patch_691_Mat_CR3_structuredPlaster
f 5496 5495 5494
f 5499 5498 5497

usemtl Patch_692_Mat_CR3_structuredPlaster
f 5502 5501 5500
f 5505 5504 5503

usemtl Patch_693_Mat_CR3_structuredPlaster
f 5508 5507 5506
f 5511 5510 5509

usemtl Patch_694_Mat_CR3_structuredPlaster
f 5514 5513 5512
f 5517 5516 5515
f 5520 5519 5518

usemtl Patch_695_Mat_CR3_structuredPlaster
f 5523 5522 5521
f 5526 5525 5524
f 5529 5528 5527

usemtl Patch_696_Mat_CR3_structuredPlaster
f 5532 5531 5530
f 5535 5534 5533
f 5538 5537 5536
f 5541 5540 5539

usemtl Patch_697_Mat_CR3_structuredPlaster
f 5544 5543 5542
f 5547 5546 5545

usemtl Patch_698_Mat_CR3_structuredPlaster
f 5550 5549 5548
f 5553 5552 5551
f 5556 5555 5554

usemtl Patch_699_Mat_CR3_structuredPlaster
f 5559 5558 5557
f 5562 5561 5560
f 5565 5564 5563
f 5568 5567 5566

usemtl Patch_700_Mat_CR3_structuredPlaster
f 5571 5570 5569
f 5574 5573 5572

usemtl Patch_701_Mat_CR3_structuredPlaster
f 5577 5576 5575
f 5580 5579 5578
f 5583 5582 5581
f 5586 5585 5584

usemtl Patch_702_Mat_CR3_structuredPlaster
f 5589 5588 5587
f 5592 5591 5590
f 5595 5594 5593

usemtl Patch_703_Mat_CR3_structuredPlaster
f 5598 5597 5596
f 5601 5600 5599
f 5604 5603 5602
f 5607 5606 5605

usemtl Patch_704_Mat_CR3_structuredPlaster
f 5610 5609 5608
f 5613 5612 5611
f 5616 5615 5614

usemtl Patch_705_Mat_CR3_structuredPlaster
f 5619 5618 5617
f 5622 5621 5620

usemtl Patch_706_Mat_CR3_structuredPlaster
f 5625 5624 5623
f 5628 5627 5626
f 5631 5630 5629
f 5634 5633 5632

usemtl Patch_707_Mat_CR3_structuredPlaster
f 5637 5636 5635
f 5640 5639 5638
f 5643 5642 5641
f 5646 5645 5644

usemtl Patch_708_Mat_CR3_structuredPlaster
f 5649 5648 5647
f 5652 5651 5650
f 5655 5654 5653
f 5658 5657 5656

usemtl Patch_709_Mat_CR3_structuredPlaster
f 5661 5660 5659
f 5664 5663 5662
f 5667 5666 5665
f 5670 5669 5668

usemtl Patch_710_Mat_CR3_structuredPlaster
f 5673 5672 5671
f 5676 5675 5674
f 5679 5678 5677

usemtl Patch_711_Mat_CR3_structuredPlaster
f 5682 5681 5680
f 5685 5684 5683
f 5688 5687 5686
f 5691 5690 5689

usemtl Patch_712_Mat_CR3_structuredPlaster
f 5694 5693 5692
f 5697 5696 5695
f 5700 5699 5698
f 5703 5702 5701

usemtl Patch_713_Mat_CR3_structuredPlaster
f 5706 5705 5704
f 5709 5708 5707
f 5712 5711 5710

usemtl Patch_714_Mat_CR3_structuredPlaster
f 5715 5714 5713
f 5718 5717 5716
f 5721 5720 5719
f 5724 5723 5722

usemtl Patch_715_Mat_CR3_structuredPlaster
f 5727 5726 5725
f 5730 5729 5728
f 5733 5732 5731
f 5736 5735 5734

usemtl Patch_716_Mat_CR3_structuredPlaster
f 5739 5738 5737
f 5742 5741 5740
f 5745 5744 5743
f 5748 5747 5746

usemtl Patch_717_Mat_CR3_structuredPlaster
f 5751 5750 5749
f 5754 5753 5752
f 5757 5756 5755
f 5760 5759 5758

usemtl Patch_718_Mat_CR3_structuredPlaster
f 5763 5762 5761
f 5766 5765 5764
f 5769 5768 5767
f 5772 5771 5770

usemtl Patch_719_Mat_CR3_structuredPlaster
f 5775 5774 5773
f 5778 5777 5776

usemtl Patch_720_Mat_CR3_structuredPlaster
f 5781 5780 5779
f 5784 5783 5782
f 5787 5786 5785
f 5790 5789 5788

usemtl Patch_721_Mat_CR3_structuredPlaster
f 5793 5792 5791
f 5796 5795 5794
f 5799 5798 5797
f 5802 5801 5800

usemtl Patch_722_Mat_CR3_structuredPlaster
f 5805 5804 5803
f 5808 5807 5806
f 5811 5810 5809
f 5814 5813 5812

usemtl Patch_723_Mat_CR3_structuredPlaster
f 5817 5816 5815
f 5820 5819 5818
f 5823 5822 5821

usemtl Patch_724_Mat_CR3_structuredPlaster
f 5826 5825 5824
f 5829 5828 5827
f 5832 5831 5830
f 5835 5834 5833
f 5838 5837 5836

usemtl Patch_725_Mat_CR3_structuredPlaster
f 5841 5840 5839
f 5844 5843 5842
f 5847 5846 5845

usemtl Patch_726_Mat_CR3_structuredPlaster
f 5850 5849 5848
f 5853 5852 5851
f 5856 5855 5854

usemtl Patch_727_Mat_CR3_structuredPlaster
f 5859 5858 5857
f 5862 5861 5860
f 5865 5864 5863
f 5868 5867 5866

usemtl Patch_728_Mat_CR3_structuredPlaster
f 5871 5870 5869
f 5874 5873 5872
f 5877 5876 5875

usemtl Patch_729_Mat_CR3_structuredPlaster
f 5880 5879 5878
f 5883 5882 5881
f 5886 5885 5884

usemtl Patch_730_Mat_CR3_structuredPlaster
f 5889 5888 5887
f 5892 5891 5890

usemtl Patch_731_Mat_CR3_structuredPlaster
f 5895 5894 5893
f 5898 5897 5896
f 5901 5900 5899
f 5904 5903 5902

usemtl Patch_732_Mat_CR3_structuredPlaster
f 5907 5906 5905
f 5910 5909 5908
f 5913 5912 5911

usemtl Patch_733_Mat_CR3_structuredPlaster
f 5916 5915 5914
f 5919 5918 5917
f 5922 5921 5920
f 5925 5924 5923
f 5928 5927 5926

usemtl Patch_734_Mat_CR3_structuredPlaster
f 5931 5930 5929
f 5934 5933 5932
f 5937 5936 5935

usemtl Patch_735_Mat_CR3_structuredPlaster
f 5940 5939 5938
f 5943 5942 5941
f 5946 5945 5944

usemtl Patch_736_Mat_CR3_structuredPlaster
f 5949 5948 5947
f 5952 5951 5950
f 5955 5954 5953
f 5958 5957 5956

usemtl Patch_737_Mat_CR3_structuredPlaster
f 5961 5960 5959
f 5964 5963 5962
f 5967 5966 5965

usemtl Patch_738_Mat_CR3_structuredPlaster
f 5970 5969 5968
f 5973 5972 5971
f 5976 5975 5974

usemtl Patch_739_Mat_CR3_structuredPlaster
f 5979 5978 5977
f 5982 5981 5980

usemtl Patch_740_Mat_CR3_structuredPlaster
f 5985 5984 5983
f 5988 5987 5986

usemtl Patch_741_Mat_CR3_structuredPlaster
f 5991 5990 5989
f 5994 5993 5992

usemtl Patch_742_Mat_CR3_structuredPlaster
f 5997 5996 5995
f 6000 5999 5998

usemtl Patch_743_Mat_CR3_structuredPlaster
f 6003 6002 6001
f 6006 6005 6004

usemtl Patch_744_Mat_CR3_structuredPlaster
f 6009 6008 6007
f 6012 6011 6010

usemtl Patch_745_Mat_CR3_structuredPlaster
f 6015 6014 6013
f 6018 6017 6016

usemtl Patch_746_Mat_CR3_structuredPlaster
f 6021 6020 6019
f 6024 6023 6022

usemtl Patch_747_Mat_CR3_structuredPlaster
f 6027 6026 6025
f 6030 6029 6028

usemtl Patch_748_Mat_CR3_structuredPlaster
f 6033 6032 6031
f 6036 6035 6034

usemtl Patch_749_Mat_CR3_structuredPlaster
f 6039 6038 6037
f 6042 6041 6040
f 6045 6044 6043

usemtl Patch_750_Mat_CR3_structuredPlaster
f 6048 6047 6046
f 6051 6050 6049

usemtl Patch_751_Mat_CR3_structuredPlaster
f 6054 6053 6052
f 6057 6056 6055

usemtl Patch_752_Mat_CR3_structuredPlaster
f 6060 6059 6058
f 6063 6062 6061
f 6066 6065 6064

usemtl Patch_753_Mat_CR3_structuredPlaster
f 6069 6068 6067
f 6072 6071 6070
f 6075 6074 6073
f 6078 6077 6076

usemtl Patch_754_Mat_CR3_structuredPlaster
f 6081 6080 6079
f 6084 6083 6082

usemtl Patch_755_Mat_CR3_structuredPlaster
f 6087 6086 6085
f 6090 6089 6088
f 6093 6092 6091

usemtl Patch_756_Mat_CR3_structuredPlaster
f 6096 6095 6094
f 6099 6098 6097

usemtl Patch_757_Mat_CR3_structuredPlaster
f 6102 6101 6100
f 6105 6104 6103
f 6108 6107 6106

usemtl Patch_758_Mat_CR3_structuredPlaster
f 6111 6110 6109
f 6114 6113 6112

usemtl Patch_759_Mat_CR3_structuredPlaster
f 6117 6116 6115
f 6120 6119 6118

usemtl Patch_760_Mat_CR3_structuredPlaster
f 6123 6122 6121

usemtl Patch_761_Mat_CR3_structuredPlaster
f 6126 6125 6124
f 6129 6128 6127
f 6132 6131 6130

usemtl Patch_762_Mat_CR3_structuredPlaster
f 6135 6134 6133
f 6138 6137 6136

usemtl Patch_763_Mat_CR3_structuredPlaster
f 6141 6140 6139
f 6144 6143 6142

usemtl Patch_764_Mat_CR3_stagePanels
f 6147 6146 6145
f 6150 6149 6148

usemtl Patch_765_Mat_CR3_stagePanels
f 6153 6152 6151
f 6156 6155 6154

usemtl Patch_766_Mat_CR3_floor
f 6159 6158 6157
f 6162 6161 6160

usemtl Patch_767_Mat_CR3_stagePanels
f 6165 6164 6163
f 6168 6167 6166

usemtl Patch_768_Mat_CR3_stagePanels
f 6171 6170 6169
f 6174 6173 6172

usemtl Patch_769_Mat_CR3_stagePanels
f 6177 6176 6175
f 6180 6179 6178

usemtl Patch_770_Mat_CR3_stagePanels
f 6183 6182 6181
f 6186 6185 6184

usemtl Patch_771_Mat_CR3_stagePanels
f 6189 6188 6187
f 6192 6191 6190

usemtl Patch_772_Mat_CR3_stagePanels
f 6195 6194 6193
f 6198 6197 6196

usemtl Patch_773_Mat_CR3_stagePanels
f 6201 6200 6199
f 6204 6203 6202

usemtl Patch_774_Mat_CR3_stagePanels
f 6207 6206 6205
f 6210 6209 6208

usemtl Patch_775_Mat_CR3_stagePanels
f 6213 6212 6211
f 6216 6215 6214

usemtl Patch_776_Mat_CR3_stagePanels
f 6219 6218 6217
f 6222 6221 6220

usemtl Patch_777_Mat_CR3_stagePanels
f 6225 6224 6223
f 6228 6227 6226

usemtl Patch_778_Mat_CR3_stagePanels
f 6231 6230 6229
f 6234 6233 6232

usemtl Patch_779_Mat_CR3_stagePanels
f 6237 6236 6235
f 6240 6239 6238

usemtl Patch_780_Mat_CR3_stagePanels
f 6243 6242 6241
f 6246 6245 6244

usemtl Patch_781_Mat_CR3_stagePanels
f 6249 6248 6247
f 6252 6251 6250

usemtl Patch_782_Mat_CR3_stagePanels
f 6255 6254 6253
f 6258 6257 6256

usemtl Patch_783_Mat_CR3_stagePanels
f 6261 6260 6259
f 6264 6263 6262

usemtl Patch_784_Mat_CR3_stagePanels
f 6267 6266 6265
f 6270 6269 6268

usemtl Patch_785_Mat_CR3_stagePanels
f 6273 6272 6271
f 6276 6275 6274
f 6279 6278 6277

usemtl Patch_786_Mat_CR3_stagePanels
f 6282 6281 6280
f 6285 6284 6283
f 6288 6287 6286

usemtl Patch_787_Mat_CR3_stagePanels
f 6291 6290 6289
f 6294 6293 6292
f 6297 6296 6295
f 6300 6299 6298

usemtl Patch_788_Mat_CR3_stagePanels
f 6303 6302 6301
f 6306 6305 6304
f 6309 6308 6307

usemtl Patch_789_Mat_CR3_stagePanels
f 6312 6311 6310
f 6315 6314 6313
f 6318 6317 6316

usemtl Patch_790_Mat_CR3_stagePanels
f 6321 6320 6319
f 6324 6323 6322
f 6327 6326 6325

usemtl Patch_791_Mat_CR3_stagePanels
f 6330 6329 6328
f 6333 6332 6331
f 6336 6335 6334

usemtl Patch_792_Mat_CR3_stagePanels
f 6339 6338 6337
f 6342 6341 6340
f 6345 6344 6343

usemtl Patch_793_Mat_CR3_stagePanels
f 6348 6347 6346
f 6351 6350 6349
f 6354 6353 6352

usemtl Patch_794_Mat_CR3_stagePanels
f 6357 6356 6355
f 6360 6359 6358
f 6363 6362 6361

usemtl Patch_795_Mat_CR3_stagePanels
f 6366 6365 6364
f 6369 6368 6367
f 6372 6371 6370

usemtl Patch_796_Mat_CR3_stagePanels
f 6375 6374 6373
f 6378 6377 6376
f 6381 6380 6379

usemtl Patch_797_Mat_CR3_stagePanels
f 6384 6383 6382
f 6387 6386 6385
f 6390 6389 6388

usemtl Patch_798_Mat_CR3_stagePanels
f 6393 6392 6391
f 6396 6395 6394

usemtl Patch_799_Mat_CR3_stagePanels
f 6399 6398 6397
f 6402 6401 6400
f 6405 6404 6403

usemtl Patch_800_Mat_CR3_stagePanels
f 6408 6407 6406
f 6411 6410 6409
f 6414 6413 6412
f 6417 6416 6415
f 6420 6419 6418

usemtl Patch_801_Mat_CR3_stagePanels
f 6423 6422 6421
f 6426 6425 6424

usemtl Patch_802_Mat_CR3_stagePanels
f 6429 6428 6427
f 6432 6431 6430
f 6435 6434 6433

usemtl Patch_803_Mat_CR3_stagePanels
f 6438 6437 6436
f 6441 6440 6439
f 6444 6443 6442

usemtl Patch_804_Mat_CR3_stagePanels
f 6447 6446 6445
f 6450 6449 6448

usemtl Patch_805_Mat_CR3_stagePanels
f 6453 6452 6451
f 6456 6455 6454

usemtl Patch_806_Mat_CR3_stagePanels
f 6459 6458 6457
f 6462 6461 6460

usemtl Patch_807_Mat_CR3_stagePanels
f 6465 6464 6463
f 6468 6467 6466

usemtl Patch_808_Mat_CR3_stagePanels
f 6471 6470 6469
f 6474 6473 6472

usemtl Patch_809_Mat_CR3_stagePanels
f 6477 6476 6475
f 6480 6479 6478

usemtl Patch_810_Mat_CR3_stagePanels
f 6483 6482 6481
f 6486 6485 6484

usemtl Patch_811_Mat_CR3_stagePanels
f 6489 6488 6487
f 6492 6491 6490

usemtl Patch_812_Mat_CR3_stagePanels
f 6495 6494 6493
f 6498 6497 6496

usemtl Patch_813_Mat_CR3_stagePanels
f 6501 6500 6499
f 6504 6503 6502

usemtl Patch_814_Mat_CR3_stagePanels
f 6507 6506 6505
f 6510 6509 6508

usemtl Patch_815_Mat_CR3_stagePanels
f 6513 6512 6511
f 6516 6515 6514
f 6519 6518 6517

usemtl Patch_816_Mat_CR3_stagePanels
f 6522 6521 6520
f 6525 6524 6523
f 6528 6527 6526
f 6531 6530 6529

usemtl Patch_817_Mat_CR3_stagePanels
f 6534 6533 6532
f 6537 6536 6535

usemtl Patch_818_Mat_CR3_stagePanels
f 6540 6539 6538
f 6543 6542 6541
f 6546 6545 6544

usemtl Patch_819_Mat_CR3_stagePanels
f 6549 6548 6547
f 6552 6551 6550
f 6555 6554 6553

usemtl Patch_820_Mat_CR3_stagePanels
f 6558 6557 6556
f 6561 6560 6559
f 6564 6563 6562

usemtl Patch_821_Mat_CR3_stagePanels
f 6567 6566 6565
f 6570 6569 6568
f 6573 6572 6571
f 6576 6575 6574

usemtl Patch_822_Mat_CR3_stagePanels
f 6579 6578 6577
f 6582 6581 6580
f 6585 6584 6583

usemtl Patch_823_Mat_CR3_stagePanels
f 6588 6587 6586
f 6591 6590 6589
f 6594 6593 6592

usemtl Patch_824_Mat_CR3_stagePanels
f 6597 6596 6595
f 6600 6599 6598
f 6603 6602 6601

usemtl Patch_825_Mat_CR3_stagePanels
f 6606 6605 6604
f 6609 6608 6607
f 6612 6611 6610
f 6615 6614 6613

usemtl Patch_826_Mat_CR3_stagePanels
f 6618 6617 6616
f 6621 6620 6619
f 6624 6623 6622

usemtl Patch_827_Mat_CR3_stagePanels
f 6627 6626 6625
f 6630 6629 6628

usemtl Patch_828_Mat_CR3_stagePanels
f 6633 6632 6631
f 6636 6635 6634
f 6639 6638 6637

usemtl Patch_829_Mat_CR3_structuredPlaster
f 6642 6641 6640
f 6645 6644 6643
f 6648 6647 6646
f 6651 6650 6649

usemtl Patch_830_Mat_CR3_structuredPlaster
f 6654 6653 6652
f 6657 6656 6655
f 6660 6659 6658

usemtl Patch_831_Mat_CR3_structuredPlaster
f 6663 6662 6661
f 6666 6665 6664

usemtl Patch_832_Mat_CR3_structuredPlaster
f 6669 6668 6667
f 6672 6671 6670
f 6675 6674 6673

usemtl Patch_833_Mat_CR3_structuredPlaster
f 6678 6677 6676
f 6681 6680 6679

usemtl Patch_834_Mat_CR3_structuredPlaster
f 6684 6683 6682
f 6687 6686 6685
f 6690 6689 6688
f 6693 6692 6691
f 6696 6695 6694

usemtl Patch_835_Mat_CR3_structuredPlaster
f 6699 6698 6697
f 6702 6701 6700
f 6705 6704 6703

usemtl Patch_836_Mat_CR3_structuredPlaster
f 6708 6707 6706
f 6711 6710 6709
f 6714 6713 6712

usemtl Patch_837_Mat_CR3_structuredPlaster
f 6717 6716 6715
f 6720 6719 6718
f 6723 6722 6721

usemtl Patch_838_Mat_CR3_structuredPlaster
f 6726 6725 6724
f 6729 6728 6727
f 6732 6731 6730

usemtl Patch_839_Mat_CR3_structuredPlaster
f 6735 6734 6733
f 6738 6737 6736
f 6741 6740 6739

usemtl Patch_840_Mat_CR3_structuredPlaster
f 6744 6743 6742
f 6747 6746 6745
f 6750 6749 6748
f 6753 6752 6751

usemtl Patch_841_Mat_CR3_structuredPlaster
f 6756 6755 6754
f 6759 6758 6757
f 6762 6761 6760
f 6765 6764 6763

usemtl Patch_842_Mat_CR3_structuredPlaster
f 6768 6767 6766
f 6771 6770 6769
f 6774 6773 6772

usemtl Patch_843_Mat_CR3_structuredPlaster
f 6777 6776 6775
f 6780 6779 6778
f 6783 6782 6781

usemtl Patch_844_Mat_CR3_structuredPlaster
f 6786 6785 6784
f 6789 6788 6787
f 6792 6791 6790
f 6795 6794 6793
f 6798 6797 6796

usemtl Patch_845_Mat_CR3_structuredPlaster
f 6801 6800 6799
f 6804 6803 6802
f 6807 6806 6805

usemtl Patch_846_Mat_CR3_structuredPlaster
f 6810 6809 6808
f 6813 6812 6811
f 6816 6815 6814
f 6819 6818 6817

usemtl Patch_847_Mat_CR3_structuredPlaster
f 6822 6821 6820
f 6825 6824 6823
f 6828 6827 6826
f 6831 6830 6829
f 6834 6833 6832

usemtl Patch_848_Mat_CR3_structuredPlaster
f 6837 6836 6835
f 6840 6839 6838
f 6843 6842 6841

usemtl Patch_849_Mat_CR3_structuredPlaster
f 6846 6845 6844
f 6849 6848 6847
f 6852 6851 6850
f 6855 6854 6853

usemtl Patch_850_Mat_CR3_structuredPlaster
f 6858 6857 6856
f 6861 6860 6859
f 6864 6863 6862
f 6867 6866 6865

usemtl Patch_851_Mat_CR3_structuredPlaster
f 6870 6869 6868
f 6873 6872 6871
f 6876 6875 6874
f 6879 6878 6877

usemtl Patch_852_Mat_CR3_structuredPlaster
f 6882 6881 6880
f 6885 6884 6883

usemtl Patch_853_Mat_CR3_structuredPlaster
f 6888 6887 6886
f 6891 6890 6889
f 6894 6893 6892
f 6897 6896 6895

usemtl Patch_854_Mat_CR3_structuredPlaster
f 6900 6899 6898
f 6903 6902 6901
f 6906 6905 6904
f 6909 6908 6907

usemtl Patch_855_Mat_CR3_structuredPlaster
f 6912 6911 6910
f 6915 6914 6913
f 6918 6917 6916
f 6921 6920 6919

usemtl Patch_856_Mat_CR3_structuredPlaster
f 6924 6923 6922
f 6927 6926 6925
f 6930 6929 6928

usemtl Patch_857_Mat_CR3_structuredPlaster
f 6933 6932 6931
f 6936 6935 6934
f 6939 6938 6937
f 6942 6941 6940

usemtl Patch_858_Mat_CR3_structuredPlaster
f 6945 6944 6943
f 6948 6947 6946
f 6951 6950 6949
f 6954 6953 6952

usemtl Patch_859_Mat_CR3_structuredPlaster
f 6957 6956 6955
f 6960 6959 6958
f 6963 6962 6961
f 6966 6965 6964

usemtl Patch_860_Mat_CR3_structuredPlaster
f 6969 6968 6967
f 6972 6971 6970
f 6975 6974 6973
f 6978 6977 6976

usemtl Patch_861_Mat_CR3_structuredPlaster
f 6981 6980 6979
f 6984 6983 6982
f 6987 6986 6985

usemtl Patch_862_Mat_CR3_structuredPlaster
f 6990 6989 6988
f 6993 6992 6991
f 6996 6995 6994
f 6999 6998 6997

usemtl Patch_863_Mat_CR3_structuredPlaster
f 7002 7001 7000
f 7005 7004 7003
f 7008 7007 7006
f 7011 7010 7009

usemtl Patch_864_Mat_CR3_structuredPlaster
f 7014 7013 7012
f 7017 7016 7015
f 7020 7019 7018

usemtl Patch_865_Mat_CR3_structuredPlaster
f 7023 7022 7021
f 7026 7025 7024
f 7029 7028 7027
f 7032 7031 7030

usemtl Patch_866_Mat_CR3_structuredPlaster
f 7035 7034 7033
f 7038 7037 7036
f 7041 7040 7039
f 7044 7043 7042

usemtl Patch_867_Mat_CR3_structuredPlaster
f 7047 7046 7045
f 7050 7049 7048
f 7053 7052 7051
f 7056 7055 7054

usemtl Patch_868_Mat_CR3_structuredPlaster
f 7059 7058 7057
f 7062 7061 7060
f 7065 7064 7063
f 7068 7067 7066

usemtl Patch_869_Mat_CR3_structuredPlaster
f 7071 7070 7069
f 7074 7073 7072
f 7077 7076 7075
f 7080 7079 7078

usemtl Patch_870_Mat_CR3_structuredPlaster
f 7083 7082 7081
f 7086 7085 7084

usemtl Patch_871_Mat_CR3_structuredPlaster
f 7089 7088 7087
f 7092 7091 7090
f 7095 7094 7093
f 7098 7097 7096

usemtl Patch_872_Mat_CR3_structuredPlaster
f 7101 7100 7099
f 7104 7103 7102
f 7107 7106 7105
f 7110 7109 7108

usemtl Patch_873_Mat_CR3_structuredPlaster
f 7113 7112 7111
f 7116 7115 7114
f 7119 7118 7117

usemtl Patch_874_Mat_CR3_structuredPlaster
f 7122 7121 7120
f 7125 7124 7123
f 7128 7127 7126
f 7131 7130 7129

usemtl Patch_875_Mat_CR3_structuredPlaster
f 7134 7133 7132
f 7137 7136 7135
f 7140 7139 7138
f 7143 7142 7141

usemtl Patch_876_Mat_CR3_structuredPlaster
f 7146 7145 7144
f 7149 7148 7147
f 7152 7151 7150
f 7155 7154 7153

usemtl Patch_877_Mat_CR3_structuredPlaster
f 7158 7157 7156
f 7161 7160 7159
f 7164 7163 7162

usemtl Patch_878_Mat_CR3_structuredPlaster
f 7167 7166 7165
f 7170 7169 7168

usemtl Patch_879_Mat_CR3_structuredPlaster
f 7173 7172 7171
f 7176 7175 7174
f 7179 7178 7177
f 7182 7181 7180

usemtl Patch_880_Mat_CR3_structuredPlaster
f 7185 7184 7183
f 7188 7187 7186
f 7191 7190 7189

usemtl Patch_881_Mat_CR3_structuredPlaster
f 7194 7193 7192
f 7197 7196 7195
f 7200 7199 7198
f 7203 7202 7201

usemtl Patch_882_Mat_CR3_structuredPlaster
f 7206 7205 7204
f 7209 7208 7207
f 7212 7211 7210

usemtl Patch_883_Mat_CR3_structuredPlaster
f 7215 7214 7213
f 7218 7217 7216
f 7221 7220 7219

usemtl Patch_884_Mat_CR3_structuredPlaster
f 7224 7223 7222
f 7227 7226 7225

usemtl Patch_885_Mat_CR3_structuredPlaster
f 7230 7229 7228
f 7233 7232 7231
f 7236 7235 7234
f 7239 7238 7237
f 7242 7241 7240
f 7245 7244 7243

usemtl Patch_886_Mat_CR3_structuredPlaster
f 7248 7247 7246
f 7251 7250 7249

usemtl Patch_887_Mat_CR3_structuredPlaster
f 7254 7253 7252
f 7257 7256 7255
f 7260 7259 7258

usemtl Patch_888_Mat_CR3_structuredPlaster
f 7263 7262 7261
f 7266 7265 7264

usemtl Patch_889_Mat_CR3_structuredPlaster
f 7269 7268 7267
f 7272 7271 7270

usemtl Patch_890_Mat_CR3_structuredPlaster
f 7275 7274 7273
f 7278 7277 7276

usemtl Patch_891_Mat_CR3_structuredPlaster
f 7281 7280 7279
f 7284 7283 7282

usemtl Patch_892_Mat_CR3_structuredPlaster
f 7287 7286 7285
f 7290 7289 7288

usemtl Patch_893_Mat_CR3_structuredPlaster
f 7293 7292 7291
f 7296 7295 7294

usemtl Patch_894_Mat_CR3_structuredPlaster
f 7299 7298 7297
f 7302 7301 7300

usemtl Patch_895_Mat_CR3_structuredPlaster
f 7305 7304 7303
f 7308 7307 7306

usemtl Patch_896_Mat_CR3_structuredPlaster
f 7311 7310 7309
f 7314 7313 7312

usemtl Patch_897_Mat_CR3_structuredPlaster
f 7317 7316 7315
f 7320 7319 7318

usemtl Patch_898_Mat_CR3_structuredPlaster
f 7323 7322 7321
f 7326 7325 7324

usemtl Patch_899_Mat_CR3_structuredPlaster
f 7329 7328 7327
f 7332 7331 7330

usemtl Patch_900_Mat_CR3_structuredPlaster
f 7335 7334 7333
f 7338 7337 7336

usemtl Patch_901_Mat_CR3_structuredPlaster
f 7341 7340 7339
f 7344 7343 7342

usemtl Patch_902_Mat_CR3_structuredPlaster
f 7347 7346 7345
f 7350 7349 7348

usemtl Patch_903_Mat_CR3_structuredPlaster
f 7353 7352 7351
f 7356 7355 7354

usemtl Patch_904_Mat_CR3_structuredPlaster
f 7359 7358 7357
f 7362 7361 7360

usemtl Patch_905_Mat_CR3_structuredPlaster
f 7365 7364 7363
f 7368 7367 7366
f 7371 7370 7369

usemtl Patch_906_Mat_CR3_structuredPlaster
f 7374 7373 7372
f 7377 7376 7375
f 7380 7379 7378
f 7383 7382 7381

usemtl Patch_907_Mat_CR3_structuredPlaster
f 7386 7385 7384
f 7389 7388 7387

usemtl Patch_908_Mat_CR3_structuredPlaster
f 7392 7391 7390
f 7395 7394 7393

usemtl Patch_909_Mat_CR3_structuredPlaster
f 7398 7397 7396
f 7401 7400 7399

usemtl Patch_910_Mat_CR3_structuredPlaster
f 7404 7403 7402
f 7407 7406 7405

usemtl Patch_911_Mat_CR3_structuredPlaster
f 7410 7409 7408
f 7413 7412 7411
f 7416 7415 7414
f 7419 7418 7417
f 7422 7421 7420
f 7425 7424 7423
f 7428 7427 7426

usemtl Patch_912_Mat_CR3_structuredPlaster
f 7431 7430 7429
f 7434 7433 7432

usemtl Patch_913_Mat_CR3_structuredPlaster
f 7437 7436 7435
f 7440 7439 7438

usemtl Patch_914_Mat_CR3_structuredPlaster
f 7443 7442 7441
f 7446 7445 7444

usemtl Patch_915_Mat_CR3_structuredPlaster
f 7449 7448 7447
f 7452 7451 7450
f 7455 7454 7453
f 7458 7457 7456

usemtl Patch_916_Mat_CR3_structuredPlaster
f 7461 7460 7459
f 7464 7463 7462

usemtl Patch_917_Mat_CR3_structuredPlaster
f 7467 7466 7465
f 7470 7469 7468

usemtl Patch_918_Mat_CR3_structuredPlaster
f 7473 7472 7471
f 7476 7475 7474
f 7479 7478 7477
f 7482 7481 7480

usemtl Patch_919_Mat_CR3_structuredPlaster
f 7485 7484 7483
f 7488 7487 7486
f 7491 7490 7489
f 7494 7493 7492

usemtl Patch_920_Mat_CR3_structuredPlaster
f 7497 7496 7495
f 7500 7499 7498

usemtl Patch_921_Mat_CR3_structuredPlaster
f 7503 7502 7501
f 7506 7505 7504

usemtl Patch_922_Mat_CR3_structuredPlaster
f 7509 7508 7507
f 7512 7511 7510
f 7515 7514 7513
f 7518 7517 7516
f 7521 7520 7519
f 7524 7523 7522
f 7527 7526 7525
f 7530 7529 7528
f 7533 7532 7531
f 7536 7535 7534

usemtl Patch_923_Mat_CR3_floor
f 7539 7538 7537
f 7542 7541 7540

usemtl Patch_924_Mat_CR3_structuredPlaster
f 7545 7544 7543
f 7548 7547 7546

usemtl Patch_925_Mat_CR3_structuredPlaster
f 7551 7550 7549
f 7554 7553 7552
f 7557 7556 7555

usemtl Patch_926_Mat_CR3_floor
f 7560 7559 7558
f 7563 7562 7561

usemtl Patch_927_Mat_CR3_structuredPlaster
f 7566 7565 7564
f 7569 7568 7567

usemtl Patch_928_Mat_CR3_structuredPlaster
f 7572 7571 7570
f 7575 7574 7573

usemtl Patch_929_Mat_CR3_structuredPlaster
f 7578 7577 7576
f 7581 7580 7579

usemtl Patch_930_Mat_CR3_structuredPlaster
f 7584 7583 7582
f 7587 7586 7585

usemtl Patch_931_Mat_CR3_structuredPlaster
f 7590 7589 7588
f 7593 7592 7591

usemtl Patch_932_Mat_CR3_structuredPlaster
f 7596 7595 7594
f 7599 7598 7597

usemtl Patch_933_Mat_CR3_structuredPlaster
f 7602 7601 7600
f 7605 7604 7603

usemtl Patch_934_Mat_CR3_structuredPlaster
f 7608 7607 7606
f 7611 7610 7609

usemtl Patch_935_Mat_CR3_structuredPlaster
f 7614 7613 7612
f 7617 7616 7615

usemtl Patch_936_Mat_CR3_structuredPlaster
f 7620 7619 7618
f 7623 7622 7621

usemtl Patch_937_Mat_CR3_structuredPlaster
f 7626 7625 7624
f 7629 7628 7627

usemtl Patch_938_Mat_CR3_structuredPlaster
f 7632 7631 7630
f 7635 7634 7633

usemtl Patch_939_Mat_CR3_structuredPlaster
f 7638 7637 7636
f 7641 7640 7639

usemtl Patch_940_Mat_CR3_structuredPlaster
f 7644 7643 7642
f 7647 7646 7645

usemtl Patch_941_Mat_CR3_structuredPlaster
f 7650 7649 7648
f 7653 7652 7651

usemtl Patch_942_Mat_CR3_floor
f 7656 7655 7654
f 7659 7658 7657

usemtl Patch_943_Mat_CR3_structuredPlaster
f 7662 7661 7660
f 7665 7664 7663

usemtl Patch_944_Mat_CR3_structuredPlaster
f 7668 7667 7666
f 7671 7670 7669

usemtl Patch_945_Mat_CR3_structuredPlaster
f 7674 7673 7672
f 7677 7676 7675

usemtl Patch_946_Mat_CR3_structuredPlaster
f 7680 7679 7678
f 7683 7682 7681

usemtl Patch_947_Mat_CR3_structuredPlaster
f 7686 7685 7684
f 7689 7688 7687

usemtl Patch_948_Mat_CR3_structuredPlaster
f 7692 7691 7690
f 7695 7694 7693

usemtl Patch_949_Mat_CR3_structuredPlaster
f 7698 7697 7696
f 7701 7700 7699

usemtl Patch_950_Mat_CR3_structuredPlaster
f 7704 7703 7702
f 7707 7706 7705

usemtl Patch_951_Mat_CR3_structuredPlaster
f 7710 7709 7708
f 7713 7712 7711

usemtl Patch_952_Mat_CR3_structuredPlaster
f 7716 7715 7714
f 7719 7718 7717

usemtl Patch_953_Mat_CR3_structuredPlaster
f 7722 7721 7720
f 7725 7724 7723

usemtl Patch_954_Mat_CR3_structuredPlaster
f 7728 7727 7726
f 7731 7730 7729

usemtl Patch_955_Mat_CR3_structuredPlaster
f 7734 7733 7732
f 7737 7736 7735

usemtl Patch_956_Mat_CR3_structuredPlaster
f 7740 7739 7738
f 7743 7742 7741

usemtl Patch_957_Mat_CR3_structuredPlaster
f 7746 7745 7744
f 7749 7748 7747

usemtl Patch_958_Mat_CR3_floor
f 7752 7751 7750
f 7755 7754 7753

usemtl Patch_959_Mat_CR3_structuredPlaster
f 7758 7757 7756
f 7761 7760 7759

usemtl Patch_960_Mat_CR3_structuredPlaster
f 7764 7763 7762
f 7767 7766 7765

usemtl Patch_961_Mat_CR3_floor
f 7770 7769 7768

usemtl Patch_962_Mat_CR3_structuredPlaster
f 7773 7772 7771
f 7776 7775 7774

usemtl Patch_963_Mat_CR3_structuredPlaster
f 7779 7778 7777
f 7782 7781 7780

usemtl Patch_964_Mat_CR3_structuredPlaster
f 7785 7784 7783
f 7788 7787 7786
f 7791 7790 7789

usemtl Patch_965_Mat_CR3_structuredPlaster
f 7794 7793 7792
f 7797 7796 7795
f 7800 7799 7798

usemtl Patch_966_Mat_CR3_structuredPlaster
f 7803 7802 7801
f 7806 7805 7804

usemtl Patch_967_Mat_CR3_structuredPlaster
f 7809 7808 7807
f 7812 7811 7810

usemtl Patch_968_Mat_CR3_structuredPlaster
f 7815 7814 7813
f 7818 7817 7816
f 7821 7820 7819

usemtl Patch_969_Mat_CR3_structuredPlaster
f 7824 7823 7822
f 7827 7826 7825
f 7830 7829 7828

usemtl Patch_970_Mat_CR3_structuredPlaster
f 7833 7832 7831
f 7836 7835 7834

usemtl Patch_971_Mat_CR3_structuredPlaster
f 7839 7838 7837
f 7842 7841 7840
f 7845 7844 7843

usemtl Patch_972_Mat_CR3_structuredPlaster
f 7848 7847 7846
f 7851 7850 7849
f 7854 7853 7852

usemtl Patch_973_Mat_CR3_structuredPlaster
f 7857 7856 7855
f 7860 7859 7858

usemtl Patch_974_Mat_CR3_structuredPlaster
f 7863 7862 7861
f 7866 7865 7864
f 7869 7868 7867

usemtl Patch_975_Mat_CR3_structuredPlaster
f 7872 7871 7870
f 7875 7874 7873
f 7878 7877 7876

usemtl Patch_976_Mat_CR3_structuredPlaster
f 7881 7880 7879
f 7884 7883 7882

usemtl Patch_977_Mat_CR3_structuredPlaster
f 7887 7886 7885
f 7890 7889 7888
f 7893 7892 7891

usemtl Patch_978_Mat_CR3_structuredPlaster
f 7896 7895 7894
f 7899 7898 7897
f 7902 7901 7900

usemtl Patch_979_Mat_CR3_structuredPlaster
f 7905 7904 7903
f 7908 7907 7906

usemtl Patch_980_Mat_CR3_structuredPlaster
f 7911 7910 7909
f 7914 7913 7912
f 7917 7916 7915

usemtl Patch_981_Mat_CR3_structuredPlaster
f 7920 7919 7918
f 7923 7922 7921
f 7926 7925 7924

usemtl Patch_982_Mat_CR3_structuredPlaster
f 7929 7928 7927
f 7932 7931 7930

usemtl Patch_983_Mat_CR3_structuredPlaster
f 7935 7934 7933
f 7938 7937 7936

usemtl Patch_984_Mat_CR3_structuredPlaster
f 7941 7940 7939
f 7944 7943 7942

usemtl Patch_985_Mat_CR3_structuredPlaster
f 7947 7946 7945
f 7950 7949 7948
f 7953 7952 7951
f 7956 7955 7954
f 7959 7958 7957
f 7962 7961 7960
f 7965 7964 7963
f 7968 7967 7966
f 7971 7970 7969
f 7974 7973 7972
f 7977 7976 7975
f 7980 7979 7978
f 7983 7982 7981

usemtl Patch_986_Mat_CR3_structuredPlaster
f 7986 7985 7984
f 7989 7988 7987
f 7992 7991 7990
f 7995 7994 7993
f 7998 7997 7996
f 8001 8000 7999
f 8004 8003 8002
f 8007 8006 8005

usemtl Patch_987_Mat_CR3_structuredPlaster
f 8010 8009 8008
f 8013 8012 8011
f 8016 8015 8014

usemtl Patch_988_Mat_CR3_structuredPlaster
f 8019 8018 8017
f 8022 8021 8020
f 8025 8024 8023
f 8028 8027 8026
f 8031 8030 8029
f 8034 8033 8032
f 8037 8036 8035
f 8040 8039 8038

usemtl Patch_989_Mat_CR3_structuredPlaster
f 8043 8042 8041
f 8046 8045 8044
f 8049 8048 8047
f 8052 8051 8050

usemtl Patch_990_Mat_CR3_structuredPlaster
f 8055 8054 8053
f 8058 8057 8056
f 8061 8060 8059
f 8064 8063 8062

usemtl Patch_991_Mat_CR3_structuredPlaster
f 8067 8066 8065
f 8070 8069 8068
f 8073 8072 8071
f 8076 8075 8074
f 8079 8078 8077

usemtl Patch_992_Mat_CR3_structuredPlaster
f 8082 8081 8080
f 8085 8084 8083
f 8088 8087 8086
f 8091 8090 8089
f 8094 8093 8092
f 8097 8096 8095
f 8100 8099 8098
f 8103 8102 8101
f 8106 8105 8104
f 8109 8108 8107
f 8112 8111 8110

usemtl Patch_993_Mat_CR3_structuredPlaster
f 8115 8114 8113
f 8118 8117 8116
f 8121 8120 8119
f 8124 8123 8122
f 8127 8126 8125
f 8130 8129 8128

usemtl Patch_994_Mat_CR3_structuredPlaster
f 8133 8132 8131
f 8136 8135 8134
f 8139 8138 8137
f 8142 8141 8140

usemtl Patch_995_Mat_CR3_structuredPlaster
f 8145 8144 8143
f 8148 8147 8146
f 8151 8150 8149
f 8154 8153 8152

usemtl Patch_996_Mat_CR3_structuredPlaster
f 8157 8156 8155
f 8160 8159 8158
f 8163 8162 8161
f 8166 8165 8164
f 8169 8168 8167

usemtl Patch_997_Mat_CR3_structuredPlaster
f 8172 8171 8170
f 8175 8174 8173
f 8178 8177 8176
f 8181 8180 8179
f 8184 8183 8182
f 8187 8186 8185
f 8190 8189 8188

usemtl Patch_998_Mat_CR3_structuredPlaster
f 8193 8192 8191
f 8196 8195 8194
f 8199 8198 8197
f 8202 8201 8200
f 8205 8204 8203

usemtl Patch_999_Mat_CR3_structuredPlaster
f 8208 8207 8206
f 8211 8210 8209
f 8214 8213 8212

usemtl Patch_1000_Mat_CR3_structuredPlaster
f 8217 8216 8215
f 8220 8219 8218
f 8223 8222 8221
f 8226 8225 8224

usemtl Patch_1001_Mat_CR3_structuredPlaster
f 8229 8228 8227
f 8232 8231 8230
f 8235 8234 8233
f 8238 8237 8236
f 8241 8240 8239
f 8244 8243 8242
f 8247 8246 8245

usemtl Patch_1002_Mat_CR3_structuredPlaster
f 8250 8249 8248
f 8253 8252 8251
f 8256 8255 8254
f 8259 8258 8257
f 8262 8261 8260
f 8265 8264 8263
f 8268 8267 8266
f 8271 8270 8269
f 8274 8273 8272
f 8277 8276 8275
f 8280 8279 8278
f 8283 8282 8281
f 8286 8285 8284

usemtl Patch_1003_Mat_CR3_structuredPlaster
f 8289 8288 8287
f 8292 8291 8290
f 8295 8294 8293
f 8298 8297 8296
f 8301 8300 8299
f 8304 8303 8302
f 8307 8306 8305
f 8310 8309 8308
f 8313 8312 8311
f 8316 8315 8314
f 8319 8318 8317

usemtl Patch_1004_Mat_CR3_structuredPlaster
f 8322 8321 8320
f 8325 8324 8323
f 8328 8327 8326
f 8331 8330 8329

usemtl Patch_1005_Mat_CR3_structuredPlaster
f 8334 8333 8332
f 8337 8336 8335
f 8340 8339 8338
f 8343 8342 8341

usemtl Patch_1006_Mat_CR3_structuredPlaster
f 8346 8345 8344
f 8349 8348 8347
f 8352 8351 8350
f 8355 8354 8353
f 8358 8357 8356
f 8361 8360 8359
f 8364 8363 8362
f 8367 8366 8365
f 8370 8369 8368
f 8373 8372 8371
f 8376 8375 8374
f 8379 8378 8377

usemtl Patch_1007_Mat_CR3_structuredPlaster
f 8382 8381 8380
f 8385 8384 8383
f 8388 8387 8386
f 8391 8390 8389

usemtl Patch_1008_Mat_CR3_structuredPlaster
f 8394 8393 8392
f 8397 8396 8395
f 8400 8399 8398

usemtl Patch_1009_Mat_CR3_structuredPlaster
f 8403 8402 8401
f 8406 8405 8404
f 8409 8408 8407
f 8412 8411 8410
f 8415 8414 8413

usemtl Patch_1010_Mat_CR3_structuredPlaster
f 8418 8417 8416
f 8421 8420 8419
f 8424 8423 8422
f 8427 8426 8425
f 8430 8429 8428
f 8433 8432 8431
f 8436 8435 8434
f 8439 8438 8437
f 8442 8441 8440
f 8445 8444 8443
f 8448 8447 8446
f 8451 8450 8449
f 8454 8453 8452
f 8457 8456 8455
f 8460 8459 8458

usemtl Patch_1011_Mat_CR3_structuredPlaster
f 8463 8462 8461
f 8466 8465 8464
f 8469 8468 8467
f 8472 8471 8470

usemtl Patch_1012_Mat_CR3_structuredPlaster
f 8475 8474 8473
f 8478 8477 8476
f 8481 8480 8479
f 8484 8483 8482

usemtl Patch_1013_Mat_CR3_structuredPlaster
f 8487 8486 8485
f 8490 8489 8488
f 8493 8492 8491
f 8496 8495 8494

usemtl Patch_1014_Mat_CR3_structuredPlaster
f 8499 8498 8497
f 8502 8501 8500
f 8505 8504 8503
f 8508 8507 8506
f 8511 8510 8509
f 8514 8513 8512
f 8517 8516 8515
f 8520 8519 8518
f 8523 8522 8521
f 8526 8525 8524
f 8529 8528 8527

usemtl Patch_1015_Mat_CR3_structuredPlaster
f 8532 8531 8530
f 8535 8534 8533
f 8538 8537 8536
f 8541 8540 8539

usemtl Patch_1016_Mat_CR3_structuredPlaster
f 8544 8543 8542
f 8547 8546 8545
f 8550 8549 8548
f 8553 8552 8551

usemtl Patch_1017_Mat_CR3_structuredPlaster
f 8556 8555 8554
f 8559 8558 8557
f 8562 8561 8560
f 8565 8564 8563

usemtl Patch_1018_Mat_CR3_structuredPlaster
f 8568 8567 8566
f 8571 8570 8569
f 8574 8573 8572

usemtl Patch_1019_Mat_CR3_structuredPlaster
f 8577 8576 8575
f 8580 8579 8578
f 8583 8582 8581
f 8586 8585 8584
f 8589 8588 8587
f 8592 8591 8590
f 8595 8594 8593
f 8598 8597 8596
f 8601 8600 8599
f 8604 8603 8602
f 8607 8606 8605
f 8610 8609 8608
f 8613 8612 8611

usemtl Patch_1020_Mat_CR3_structuredPlaster
f 8616 8615 8614
f 8619 8618 8617
f 8622 8621 8620
f 8625 8624 8623
f 8628 8627 8626

usemtl Patch_1021_Mat_CR3_structuredPlaster
f 8631 8630 8629
f 8634 8633 8632
f 8637 8636 8635
f 8640 8639 8638

usemtl Patch_1022_Mat_CR3_structuredPlaster
f 8643 8642 8641
f 8646 8645 8644
f 8649 8648 8647
f 8652 8651 8650
f 8655 8654 8653
f 8658 8657 8656
f 8661 8660 8659
f 8664 8663 8662
f 8667 8666 8665
f 8670 8669 8668
f 8673 8672 8671
f 8676 8675 8674
f 8679 8678 8677
f 8682 8681 8680
f 8685 8684 8683

usemtl Patch_1023_Mat_CR3_structuredPlaster
f 8688 8687 8686
f 8691 8690 8689
f 8694 8693 8692
f 8697 8696 8695

usemtl Patch_1024_Mat_CR3_structuredPlaster
f 8700 8699 8698
f 8703 8702 8701
f 8706 8705 8704
f 8709 8708 8707
f 8712 8711 8710
f 8715 8714 8713
f 8718 8717 8716
f 8721 8720 8719
f 8724 8723 8722
f 8727 8726 8725
f 8730 8729 8728
f 8733 8732 8731
f 8736 8735 8734
f 8739 8738 8737

usemtl Patch_1025_Mat_CR3_structuredPlaster
f 8742 8741 8740
f 8745 8744 8743
f 8748 8747 8746

usemtl Patch_1026_Mat_CR3_structuredPlaster
f 8751 8750 8749
f 8754 8753 8752
f 8757 8756 8755
f 8760 8759 8758
f 8763 8762 8761

usemtl Patch_1027_Mat_CR3_structuredPlaster
f 8766 8765 8764
f 8769 8768 8767
f 8772 8771 8770

usemtl Patch_1028_Mat_CR3_structuredPlaster
f 8775 8774 8773
f 8778 8777 8776
f 8781 8780 8779
f 8784 8783 8782

usemtl Patch_1029_Mat_CR3_structuredPlaster
f 8787 8786 8785
f 8790 8789 8788
f 8793 8792 8791
f 8796 8795 8794

usemtl Patch_1030_Mat_CR3_structuredPlaster
f 8799 8798 8797
f 8802 8801 8800
f 8805 8804 8803
f 8808 8807 8806

usemtl Patch_1031_Mat_CR3_structuredPlaster
f 8811 8810 8809
f 8814 8813 8812

usemtl Patch_1032_Mat_CR3_structuredPlaster
f 8817 8816 8815
f 8820 8819 8818
f 8823 8822 8821
f 8826 8825 8824
f 8829 8828 8827
f 8832 8831 8830
f 8835 8834 8833
f 8838 8837 8836
f 8841 8840 8839
f 8844 8843 8842
f 8847 8846 8845

usemtl Patch_1033_Mat_CR3_structuredPlaster
f 8850 8849 8848
f 8853 8852 8851
f 8856 8855 8854

usemtl Patch_1034_Mat_CR3_structuredPlaster
f 8859 8858 8857
f 8862 8861 8860
f 8865 8864 8863
f 8868 8867 8866
f 8871 8870 8869
f 8874 8873 8872
f 8877 8876 8875
f 8880 8879 8878

usemtl Patch_1035_Mat_CR3_structuredPlaster
f 8883 8882 8881
f 8886 8885 8884

usemtl Patch_1036_Mat_CR3_structuredPlaster
f 8889 8888 8887
f 8892 8891 8890
f 8895 8894 8893

usemtl Patch_1037_Mat_CR3_structuredPlaster
f 8898 8897 8896
f 8901 8900 8899
f 8904 8903 8902

usemtl Patch_1038_Mat_CR3_structuredPlaster
f 8907 8906 8905
f 8910 8909 8908
f 8913 8912 8911

usemtl Patch_1039_Mat_CR3_structuredPlaster
f 8916 8915 8914
f 8919 8918 8917

usemtl Patch_1040_Mat_CR3_structuredPlaster
f 8922 8921 8920
f 8925 8924 8923
f 8928 8927 8926

usemtl Patch_1041_Mat_CR3_structuredPlaster
f 8931 8930 8929
f 8934 8933 8932
f 8937 8936 8935

usemtl Patch_1042_Mat_CR3_structuredPlaster
f 8940 8939 8938
f 8943 8942 8941

usemtl Patch_1043_Mat_CR3_structuredPlaster
f 8946 8945 8944
f 8949 8948 8947
f 8952 8951 8950

usemtl Patch_1044_Mat_CR3_structuredPlaster
f 8955 8954 8953
f 8958 8957 8956
f 8961 8960 8959

usemtl Patch_1045_Mat_CR3_structuredPlaster
f 8964 8963 8962
f 8967 8966 8965

usemtl Patch_1046_Mat_CR3_structuredPlaster
f 8970 8969 8968
f 8973 8972 8971

usemtl Patch_1047_Mat_CR3_floor
f 8976 8975 8974
f 8979 8978 8977

usemtl Patch_1048_Mat_CR3_structuredPlaster
f 8982 8981 8980
f 8985 8984 8983
f 8988 8987 8986
f 8991 8990 8989
f 8994 8993 8992
f 8997 8996 8995
f 9000 8999 8998
f 9003 9002 9001
f 9006 9005 9004
f 9009 9008 9007
f 9012 9011 9010
f 9015 9014 9013

usemtl Patch_1049_Mat_CR3_structuredPlaster
f 9018 9017 9016
f 9021 9020 9019
f 9024 9023 9022
f 9027 9026 9025
f 9030 9029 9028
f 9033 9032 9031
f 9036 9035 9034
f 9039 9038 9037
f 9042 9041 9040
f 9045 9044 9043
f 9048 9047 9046
f 9051 9050 9049

usemtl Patch_1050_Mat_CR3_structuredPlaster
f 9054 9053 9052
f 9057 9056 9055
f 9060 9059 9058
f 9063 9062 9061
f 9066 9065 9064
f 9069 9068 9067
f 9072 9071 9070
f 9075 9074 9073

usemtl Patch_1051_Mat_CR3_structuredPlaster
f 9078 9077 9076
f 9081 9080 9079

usemtl Patch_1052_Mat_CR3_structuredPlaster
f 9084 9083 9082
f 9087 9086 9085

usemtl Patch_1053_Mat_CR3_floor
f 9090 9089 9088
f 9093 9092 9091

usemtl Patch_1054_Mat_CR3_structuredPlaster
f 9096 9095 9094
f 9099 9098 9097

usemtl Patch_1055_Mat_CR3_floor
f 9102 9101 9100
f 9105 9104 9103

usemtl Patch_1056_Mat_CR3_structuredPlaster
f 9108 9107 9106
f 9111 9110 9109

usemtl Patch_1057_Mat_CR3_floor
f 9114 9113 9112
f 9117 9116 9115

usemtl Patch_1058_Mat_CR3_floor
f 9120 9119 9118
f 9123 9122 9121

usemtl Patch_1059_Mat_CR3_plaster
f 9126 9125 9124
f 9129 9128 9127

usemtl Patch_1060_Mat_CR3_structuredPlaster
f 9132 9131 9130
f 9135 9134 9133

usemtl Patch_1061_Mat_CR3_structuredPlaster
f 9138 9137 9136
f 9141 9140 9139
f 9144 9143 9142

usemtl Patch_1062_Mat_CR3_plaster
f 9147 9146 9145
f 9150 9149 9148

usemtl Patch_1063_Mat_CR3_plaster
f 9153 9152 9151
f 9156 9155 9154
f 9159 9158 9157
f 9162 9161 9160
f 9165 9164 9163
f 9168 9167 9166

usemtl Patch_1064_Mat_CR3_plaster
f 9171 9170 9169
f 9174 9173 9172

usemtl Patch_1065_Mat_CR3_plaster
f 9177 9176 9175
f 9180 9179 9178
f 9183 9182 9181

usemtl Patch_1066_Mat_CR3_plaster
f 9186 9185 9184
f 9189 9188 9187

usemtl Patch_1067_Mat_CR3_plaster
f 9192 9191 9190
f 9195 9194 9193
f 9198 9197 9196
f 9201 9200 9199

usemtl Patch_1068_Mat_CR3_plaster
f 9204 9203 9202
f 9207 9206 9205
f 9210 9209 9208
f 9213 9212 9211

usemtl Patch_1069_Mat_CR3_plaster
f 9216 9215 9214
f 9219 9218 9217

usemtl Patch_1070_Mat_CR3_plaster
f 9222 9221 9220
f 9225 9224 9223
f 9228 9227 9226
f 9231 9230 9229
f 9234 9233 9232

usemtl Patch_1071_Mat_CR3_plaster
f 9237 9236 9235
f 9240 9239 9238
f 9243 9242 9241

usemtl Patch_1072_Mat_CR3_plaster
f 9246 9245 9244
f 9249 9248 9247

usemtl Patch_1073_Mat_CR3_plaster
f 9252 9251 9250
f 9255 9254 9253
f 9258 9257 9256
f 9261 9260 9259
f 9264 9263 9262
f 9267 9266 9265
f 9270 9269 9268

usemtl Patch_1074_Mat_CR3_floor
f 9273 9272 9271
f 9276 9275 9274

usemtl Patch_1075_Mat_CR3_floor
f 9279 9278 9277
f 9282 9281 9280

usemtl Patch_1076_Mat_CR3_floor
f 9285 9284 9283
f 9288 9287 9286

usemtl Patch_1077_Mat_CR3_seating
f 9291 9290 9289
f 9294 9293 9292
f 9297 9296 9295
f 9300 9299 9298
f 9303 9302 9301

usemtl Patch_1078_Mat_CR3_seating
f 9306 9305 9304
f 9309 9308 9307
f 9312 9311 9310
f 9315 9314 9313
f 9318 9317 9316

usemtl Patch_1079_Mat_CR3_seating
f 9321 9320 9319
f 9324 9323 9322
f 9327 9326 9325
f 9330 9329 9328

usemtl Patch_1080_Mat_CR3_seating
f 9333 9332 9331
f 9336 9335 9334
f 9339 9338 9337
f 9342 9341 9340
f 9345 9344 9343
f 9348 9347 9346

usemtl Patch_1081_Mat_CR3_seating
f 9351 9350 9349
f 9354 9353 9352
f 9357 9356 9355
f 9360 9359 9358

usemtl Patch_1082_Mat_CR3_seating
f 9363 9362 9361
f 9366 9365 9364
f 9369 9368 9367

usemtl Patch_1083_Mat_CR3_seating
f 9372 9371 9370
f 9375 9374 9373
f 9378 9377 9376
f 9381 9380 9379
f 9384 9383 9382
f 9387 9386 9385
f 9390 9389 9388

usemtl Patch_1084_Mat_CR3_seating
f 9393 9392 9391
f 9396 9395 9394
f 9399 9398 9397
f 9402 9401 9400

usemtl Patch_1085_Mat_CR3_seating
f 9405 9404 9403
f 9408 9407 9406
f 9411 9410 9409
f 9414 9413 9412

usemtl Patch_1086_Mat_CR3_seating
f 9417 9416 9415
f 9420 9419 9418
f 9423 9422 9421
f 9426 9425 9424

usemtl Patch_1087_Mat_CR3_seating
f 9429 9428 9427
f 9432 9431 9430
f 9435 9434 9433

usemtl Patch_1088_Mat_CR3_seating
f 9438 9437 9436
f 9441 9440 9439
f 9444 9443 9442

usemtl Patch_1089_Mat_CR3_seating
f 9447 9446 9445
f 9450 9449 9448
f 9453 9452 9451
f 9456 9455 9454
f 9459 9458 9457

usemtl Patch_1090_Mat_CR3_seating
f 9462 9461 9460
f 9465 9464 9463
f 9468 9467 9466

usemtl Patch_1091_Mat_CR3_seating
f 9471 9470 9469
f 9474 9473 9472
f 9477 9476 9475
f 9480 9479 9478

usemtl Patch_1092_Mat_CR3_seating
f 9483 9482 9481
f 9486 9485 9484
f 9489 9488 9487
f 9492 9491 9490
f 9495 9494 9493

usemtl Patch_1093_Mat_CR3_seating
f 9498 9497 9496
f 9501 9500 9499
f 9504 9503 9502

usemtl Patch_1094_Mat_CR3_seating
f 9507 9506 9505
f 9510 9509 9508
f 9513 9512 9511
f 9516 9515 9514

usemtl Patch_1095_Mat_CR3_seating
f 9519 9518 9517
f 9522 9521 9520

usemtl Patch_1096_Mat_CR3_seating
f 9525 9524 9523
f 9528 9527 9526
f 9531 9530 9529
f 9534 9533 9532

usemtl Patch_1097_Mat_CR3_seating
f 9537 9536 9535
f 9540 9539 9538
f 9543 9542 9541
f 9546 9545 9544
f 9549 9548 9547
f 9552 9551 9550

usemtl Patch_1098_Mat_CR3_seating
f 9555 9554 9553
f 9558 9557 9556
f 9561 9560 9559
f 9564 9563 9562

usemtl Patch_1099_Mat_CR3_seating
f 9567 9566 9565
f 9570 9569 9568

usemtl Patch_1100_Mat_CR3_seating
f 9573 9572 9571
f 9576 9575 9574
f 9579 9578 9577

usemtl Patch_1101_Mat_CR3_seating
f 9582 9581 9580
f 9585 9584 9583
f 9588 9587 9586

usemtl Patch_1102_Mat_CR3_seating
f 9591 9590 9589
f 9594 9593 9592
f 9597 9596 9595

usemtl Patch_1103_Mat_CR3_seating
f 9600 9599 9598
f 9603 9602 9601
f 9606 9605 9604

usemtl Patch_1104_Mat_CR3_plaster
f 9609 9608 9607
f 9612 9611 9610

usemtl Patch_1105_Mat_CR3_plaster
f 9615 9614 9613
f 9618 9617 9616

usemtl Patch_1106_Mat_CR3_plaster
f 9621 9620 9619
f 9624 9623 9622

usemtl Patch_1107_Mat_CR3_plaster
f 9627 9626 9625
f 9630 9629 9628

usemtl Patch_1108_Mat_CR3_plaster
f 9633 9632 9631
f 9636 9635 9634

usemtl Patch_1109_Mat_CR3_plaster
f 9639 9638 9637
f 9642 9641 9640

usemtl Patch_1110_Mat_CR3_plaster
f 9645 9644 9643
f 9648 9647 9646
f 9651 9650 9649
f 9654 9653 9652
f 9657 9656 9655
f 9660 9659 9658

usemtl Patch_1111_Mat_CR3_plaster
f 9663 9662 9661
f 9666 9665 9664

usemtl Patch_1112_Mat_CR3_seating
f 9669 9668 9667
f 9672 9671 9670

usemtl Patch_1113_Mat_CR3_seating
f 9675 9674 9673
f 9678 9677 9676

usemtl Patch_1114_Mat_CR3_seating
f 9681 9680 9679
f 9684 9683 9682
f 9687 9686 9685
f 9690 9689 9688

usemtl Patch_1115_Mat_CR3_seating
f 9693 9692 9691
f 9696 9695 9694
f 9699 9698 9697
f 9702 9701 9700

usemtl Patch_1116_Mat_CR3_seating
f 9705 9704 9703
f 9708 9707 9706

usemtl Patch_1117_Mat_CR3_seating
f 9711 9710 9709
f 9714 9713 9712
f 9717 9716 9715
f 9720 9719 9718

usemtl Patch_1118_Mat_CR3_seating
f 9723 9722 9721
f 9726 9725 9724
f 9729 9728 9727
f 9732 9731 9730

usemtl Patch_1119_Mat_CR3_seating
f 9735 9734 9733
f 9738 9737 9736

usemtl Patch_1120_Mat_CR3_plaster
f 9741 9740 9739
f 9744 9743 9742

usemtl Patch_1121_Mat_CR3_seating
f 9747 9746 9745
f 9750 9749 9748
f 9753 9752 9751
f 9756 9755 9754

usemtl Patch_1122_Mat_CR3_seating
f 9759 9758 9757
f 9762 9761 9760

usemtl Patch_1123_Mat_CR3_seating
f 9765 9764 9763
f 9768 9767 9766

usemtl Patch_1124_Mat_CR3_seating
f 9771 9770 9769
f 9774 9773 9772
f 9777 9776 9775
f 9780 9779 9778

usemtl Patch_1125_Mat_CR3_seating
f 9783 9782 9781
f 9786 9785 9784
f 9789 9788 9787
f 9792 9791 9790

usemtl Patch_1126_Mat_CR3_plaster
f 9795 9794 9793
f 9798 9797 9796

usemtl Patch_1127_Mat_CR3_plaster
f 9801 9800 9799
f 9804 9803 9802

usemtl Patch_1128_Mat_CR3_plaster
f 9807 9806 9805
f 9810 9809 9808

usemtl Patch_1129_Mat_CR3_plaster
f 9813 9812 9811
f 9816 9815 9814

usemtl Patch_1130_Mat_CR3_plaster
f 9819 9818 9817
f 9822 9821 9820

usemtl Patch_1131_Mat_CR3_plaster
f 9825 9824 9823
f 9828 9827 9826

usemtl Patch_1132_Mat_CR3_plaster
f 9831 9830 9829
f 9834 9833 9832

usemtl Patch_1133_Mat_CR3_plaster
f 9837 9836 9835
f 9840 9839 9838

usemtl Patch_1134_Mat_CR3_plaster
f 9843 9842 9841
f 9846 9845 9844

usemtl Patch_1135_Mat_CR3_seating
f 9849 9848 9847
f 9852 9851 9850

usemtl Patch_1136_Mat_CR3_seating
f 9855 9854 9853
f 9858 9857 9856
f 9861 9860 9859
f 9864 9863 9862

usemtl Patch_1137_Mat_CR3_seating
f 9867 9866 9865
f 9870 9869 9868

usemtl Patch_1138_Mat_CR3_seating
f 9873 9872 9871
f 9876 9875 9874
f 9879 9878 9877
f 9882 9881 9880
f 9885 9884 9883

usemtl Patch_1139_Mat_CR3_seating
f 9888 9887 9886
f 9891 9890 9889

usemtl Patch_1140_Mat_CR3_seating
f 9894 9893 9892
f 9897 9896 9895
f 9900 9899 9898
f 9903 9902 9901

usemtl Patch_1141_Mat_CR3_seating
f 9906 9905 9904
f 9909 9908 9907
f 9912 9911 9910
f 9915 9914 9913

usemtl Patch_1142_Mat_CR3_seating
f 9918 9917 9916
f 9921 9920 9919

usemtl Patch_1143_Mat_CR3_seating
f 9924 9923 9922
f 9927 9926 9925
f 9930 9929 9928
f 9933 9932 9931
f 9936 9935 9934

usemtl Patch_1144_Mat_CR3_seating
f 9939 9938 9937
f 9942 9941 9940

usemtl Patch_1145_Mat_CR3_seating
f 9945 9944 9943
f 9948 9947 9946
f 9951 9950 9949
f 9954 9953 9952

usemtl Patch_1146_Mat_CR3_seating
f 9957 9956 9955
f 9960 9959 9958
f 9963 9962 9961
f 9966 9965 9964

usemtl Patch_1147_Mat_CR3_seating
f 9969 9968 9967
f 9972 9971 9970

usemtl Patch_1148_Mat_CR3_seating
f 9975 9974 9973
f 9978 9977 9976
f 9981 9980 9979
f 9984 9983 9982
f 9987 9986 9985

usemtl Patch_1149_Mat_CR3_seating
f 9990 9989 9988
f 9993 9992 9991

usemtl Patch_1150_Mat_CR3_seating
f 9996 9995 9994
f 9999 9998 9997
f 10002 10001 10000
f 10005 10004 10003

usemtl Patch_1151_Mat_CR3_seating
f 10008 10007 10006
f 10011 10010 10009

usemtl Patch_1152_Mat_CR3_seating
f 10014 10013 10012
f 10017 10016 10015
f 10020 10019 10018
f 10023 10022 10021

usemtl Patch_1153_Mat_CR3_seating
f 10026 10025 10024
f 10029 10028 10027

usemtl Patch_1154_Mat_CR3_seating
f 10032 10031 10030
f 10035 10034 10033

usemtl Patch_1155_Mat_CR3_seating
f 10038 10037 10036
f 10041 10040 10039
f 10044 10043 10042
f 10047 10046 10045
f 10050 10049 10048

usemtl Patch_1156_Mat_CR3_seating
f 10053 10052 10051
f 10056 10055 10054
f 10059 10058 10057
f 10062 10061 10060

usemtl Patch_1157_Mat_CR3_seating
f 10065 10064 10063
f 10068 10067 10066
f 10071 10070 10069
f 10074 10073 10072

usemtl Patch_1158_Mat_CR3_seating
f 10077 10076 10075
f 10080 10079 10078
f 10083 10082 10081
f 10086 10085 10084
f 10089 10088 10087

usemtl Patch_1159_Mat_CR3_seating
f 10092 10091 10090
f 10095 10094 10093

usemtl Patch_1160_Mat_CR3_seating
f 10098 10097 10096
f 10101 10100 10099
f 10104 10103 10102
f 10107 10106 10105

usemtl Patch_1161_Mat_CR3_seating
f 10110 10109 10108
f 10113 10112 10111
f 10116 10115 10114
f 10119 10118 10117

usemtl Patch_1162_Mat_CR3_seating
f 10122 10121 10120
f 10125 10124 10123

usemtl Patch_1163_Mat_CR3_seating
f 10128 10127 10126
f 10131 10130 10129
f 10134 10133 10132
f 10137 10136 10135

usemtl Patch_1164_Mat_CR3_seating
f 10140 10139 10138
f 10143 10142 10141

usemtl Patch_1165_Mat_CR3_seating
f 10146 10145 10144
f 10149 10148 10147

usemtl Patch_1166_Mat_CR3_seating
f 10152 10151 10150
f 10155 10154 10153
f 10158 10157 10156
f 10161 10160 10159

usemtl Patch_1167_Mat_CR3_seating
f 10164 10163 10162
f 10167 10166 10165
f 10170 10169 10168
f 10173 10172 10171

usemtl Patch_1168_Mat_CR3_seating
f 10176 10175 10174
f 10179 10178 10177

usemtl Patch_1169_Mat_CR3_seating
f 10182 10181 10180
f 10185 10184 10183

usemtl Patch_1170_Mat_CR3_seating
f 10188 10187 10186
f 10191 10190 10189
f 10194 10193 10192
f 10197 10196 10195

usemtl Patch_1171_Mat_CR3_plaster
f 10200 10199 10198
f 10203 10202 10201

usemtl Patch_1172_Mat_CR3_plaster
f 10206 10205 10204
f 10209 10208 10207

usemtl Patch_1173_Mat_CR3_seating
f 10212 10211 10210
f 10215 10214 10213

usemtl Patch_1174_Mat_CR3_seating
f 10218 10217 10216
f 10221 10220 10219

usemtl Patch_1175_Mat_CR3_seating
f 10224 10223 10222
f 10227 10226 10225
f 10230 10229 10228
f 10233 10232 10231

usemtl Patch_1176_Mat_CR3_seating
f 10236 10235 10234
f 10239 10238 10237

usemtl Patch_1177_Mat_CR3_seating
f 10242 10241 10240
f 10245 10244 10243

usemtl Patch_1178_Mat_CR3_seating
f 10248 10247 10246
f 10251 10250 10249
f 10254 10253 10252
f 10257 10256 10255

usemtl Patch_1179_Mat_CR3_seating
f 10260 10259 10258
f 10263 10262 10261
f 10266 10265 10264
f 10269 10268 10267

usemtl Patch_1180_Mat_CR3_seating
f 10272 10271 10270
f 10275 10274 10273
f 10278 10277 10276
f 10281 10280 10279

usemtl Patch_1181_Mat_CR3_seating
f 10284 10283 10282
f 10287 10286 10285

usemtl Patch_1182_Mat_CR3_seating
f 10290 10289 10288
f 10293 10292 10291

usemtl Patch_1183_Mat_CR3_seating
f 10296 10295 10294
f 10299 10298 10297
f 10302 10301 10300
f 10305 10304 10303

usemtl Patch_1184_Mat_CR3_seating
f 10308 10307 10306
f 10311 10310 10309
f 10314 10313 10312
f 10317 10316 10315

usemtl Patch_1185_Mat_CR3_seating
f 10320 10319 10318
f 10323 10322 10321
f 10326 10325 10324
f 10329 10328 10327

usemtl Patch_1186_Mat_CR3_plaster
f 10332 10331 10330
f 10335 10334 10333

usemtl Patch_1187_Mat_CR3_plaster
f 10338 10337 10336
f 10341 10340 10339
f 10344 10343 10342
f 10347 10346 10345
f 10350 10349 10348

usemtl Patch_1188_Mat_CR3_plaster
f 10353 10352 10351
f 10356 10355 10354

usemtl Patch_1189_Mat_CR3_windows
f 10359 10358 10357
f 10362 10361 10360

usemtl Patch_1190_Mat_CR3_windows
f 10365 10364 10363
f 10368 10367 10366
f 10371 10370 10369
f 10374 10373 10372

usemtl Patch_1191_Mat_CR3_windows
f 10377 10376 10375
f 10380 10379 10378

usemtl Patch_1192_Mat_CR3_windows
f 10383 10382 10381
f 10386 10385 10384
f 10389 10388 10387
f 10392 10391 10390

usemtl Patch_1193_Mat_CR3_structuredPlaster
f 10395 10394 10393
f 10398 10397 10396

usemtl Patch_1194_Mat_CR3_structuredPlaster
f 10401 10400 10399
f 10404 10403 10402

usemtl Patch_1195_Mat_CR3_structuredPlaster
f 10407 10406 10405
f 10410 10409 10408

usemtl Patch_1196_Mat_CR3_structuredPlaster
f 10413 10412 10411
f 10416 10415 10414

usemtl Patch_1197_Mat_CR3_structuredPlaster
f 10419 10418 10417
f 10422 10421 10420

usemtl Patch_1198_Mat_CR3_seating
f 10425 10424 10423
f 10428 10427 10426

usemtl Patch_1199_Mat_CR3_seating
f 10431 10430 10429
f 10434 10433 10432

usemtl Patch_1200_Mat_CR3_seating
f 10437 10436 10435
f 10440 10439 10438

usemtl Patch_1201_Mat_CR3_seating
f 10443 10442 10441
f 10446 10445 10444

usemtl Patch_1202_Mat_CR3_seating
f 10449 10448 10447
f 10452 10451 10450

usemtl Patch_1203_Mat_CR3_seating
f 10455 10454 10453
f 10458 10457 10456

usemtl Patch_1204_Mat_CR3_seating
f 10461 10460 10459
f 10464 10463 10462

usemtl Patch_1205_Mat_CR3_seating
f 10467 10466 10465
f 10470 10469 10468

usemtl Patch_1206_Mat_CR3_seating
f 10473 10472 10471
f 10476 10475 10474

usemtl Patch_1207_Mat_CR3_seating
f 10479 10478 10477
f 10482 10481 10480

usemtl Patch_1208_Mat_CR3_seating
f 10485 10484 10483
f 10488 10487 10486

usemtl Patch_1209_Mat_CR3_seating
f 10491 10490 10489
f 10494 10493 10492

usemtl Patch_1210_Mat_CR3_seating
f 10497 10496 10495
f 10500 10499 10498

usemtl Patch_1211_Mat_CR3_seating
f 10503 10502 10501
f 10506 10505 10504

usemtl Patch_1212_Mat_CR3_seating
f 10509 10508 10507
f 10512 10511 10510

usemtl Patch_1213_Mat_CR3_seating
f 10515 10514 10513
f 10518 10517 10516

usemtl Patch_1214_Mat_CR3_seating
f 10521 10520 10519
f 10524 10523 10522

usemtl Patch_1215_Mat_CR3_seating
f 10527 10526 10525
f 10530 10529 10528

usemtl Patch_1216_Mat_CR3_seating
f 10533 10532 10531
f 10536 10535 10534

usemtl Patch_1217_Mat_CR3_seating
f 10539 10538 10537
f 10542 10541 10540

usemtl Patch_1218_Mat_CR3_seating
f 10545 10544 10543
f 10548 10547 10546

usemtl Patch_1219_Mat_CR3_seating
f 10551 10550 10549
f 10554 10553 10552

usemtl Patch_1220_Mat_CR3_seating
f 10557 10556 10555
f 10560 10559 10558

usemtl Patch_1221_Mat_CR3_seating
f 10563 10562 10561
f 10566 10565 10564

usemtl Patch_1222_Mat_CR3_seating
f 10569 10568 10567
f 10572 10571 10570

usemtl Patch_1223_Mat_CR3_seating
f 10575 10574 10573
f 10578 10577 10576

usemtl Patch_1224_Mat_CR3_seating
f 10581 10580 10579
f 10584 10583 10582

usemtl Patch_1225_Mat_CR3_seating
f 10587 10586 10585
f 10590 10589 10588
f 10593 10592 10591
f 10596 10595 10594
f 10599 10598 10597
f 10602 10601 10600

usemtl Patch_1226_Mat_CR3_seating
f 10605 10604 10603
f 10608 10607 10606

usemtl Patch_1227_Mat_CR3_seating
f 10611 10610 10609
f 10614 10613 10612
f 10617 10616 10615
f 10620 10619 10618
f 10623 10622 10621
f 10626 10625 10624

usemtl Patch_1228_Mat_CR3_floor
f 10629 10628 10627
f 10632 10631 10630
f 10635 10634 10633
f 10638 10637 10636
f 10641 10640 10639
f 10644 10643 10642
f 10647 10646 10645

usemtl Patch_1229_Mat_CR3_floor
f 10650 10649 10648
f 10653 10652 10651
f 10656 10655 10654
f 10659 10658 10657
f 10662 10661 10660
f 10665 10664 10663
f 10668 10667 10666

usemtl Patch_1230_Mat_CR3_floor
f 10671 10670 10669
f 10674 10673 10672
f 10677 10676 10675
f 10680 10679 10678
f 10683 10682 10681
f 10686 10685 10684
f 10689 10688 10687

usemtl Patch_1231_Mat_CR3_floor
f 10692 10691 10690
f 10695 10694 10693
f 10698 10697 10696
f 10701 10700 10699
f 10704 10703 10702
f 10707 10706 10705
f 10710 10709 10708
f 10713 10712 10711
f 10716 10715 10714

usemtl Patch_1232_Mat_CR3_seating
f 10719 10718 10717
f 10722 10721 10720

usemtl Patch_1233_Mat_CR3_floor
f 10725 10724 10723
f 10728 10727 10726

usemtl Patch_1234_Mat_CR3_floor
f 10731 10730 10729
f 10734 10733 10732

usemtl Patch_1235_Mat_CR3_floor
f 10737 10736 10735
f 10740 10739 10738

usemtl Patch_1236_Mat_CR3_floor
f 10743 10742 10741
f 10746 10745 10744
f 10749 10748 10747
f 10752 10751 10750
f 10755 10754 10753
f 10758 10757 10756

usemtl Patch_1237_Mat_CR3_floor
f 10761 10760 10759
f 10764 10763 10762
f 10767 10766 10765
f 10770 10769 10768
f 10773 10772 10771
f 10776 10775 10774

usemtl Patch_1238_Mat_CR3_floor
f 10779 10778 10777
f 10782 10781 10780
f 10785 10784 10783
f 10788 10787 10786
f 10791 10790 10789
f 10794 10793 10792

usemtl Patch_1239_Mat_CR3_floor
f 10797 10796 10795
f 10800 10799 10798
f 10803 10802 10801
f 10806 10805 10804
f 10809 10808 10807

usemtl Patch_1240_Mat_CR3_floor
f 10812 10811 10810
f 10815 10814 10813

usemtl Patch_1241_Mat_CR3_floor
f 10818 10817 10816
f 10821 10820 10819

usemtl Patch_1242_Mat_CR3_floor
f 10824 10823 10822
f 10827 10826 10825

usemtl Patch_1243_Mat_CR3_floor
f 10830 10829 10828
f 10833 10832 10831

usemtl Patch_1244_Mat_CR3_floor
f 10836 10835 10834
f 10839 10838 10837

usemtl Patch_1245_Mat_CR3_floor
f 10842 10841 10840
f 10845 10844 10843

usemtl Patch_1246_Mat_CR3_floor
f 10848 10847 10846
f 10851 10850 10849
f 10854 10853 10852
f 10857 10856 10855
f 10860 10859 10858
f 10863 10862 10861
f 10866 10865 10864
f 10869 10868 10867
f 10872 10871 10870

usemtl Patch_1247_Mat_CR3_floor
f 10875 10874 10873
f 10878 10877 10876
f 10881 10880 10879
f 10884 10883 10882
f 10887 10886 10885
f 10890 10889 10888
f 10893 10892 10891
f 10896 10895 10894

usemtl Patch_1248_Mat_CR3_seating
f 10899 10898 10897
f 10902 10901 10900

usemtl Patch_1249_Mat_CR3_seating
f 10905 10904 10903
f 10908 10907 10906

usemtl Patch_1250_Mat_CR3_seating
f 10911 10910 10909
f 10914 10913 10912

usemtl Patch_1251_Mat_CR3_floor
f 10917 10916 10915
f 10920 10919 10918
f 10923 10922 10921
f 10926 10925 10924

usemtl Patch_1252_Mat_CR3_floor
f 10929 10928 10927
f 10932 10931 10930

usemtl Patch_1253_Mat_CR3_floor
f 10935 10934 10933
f 10938 10937 10936
f 10941 10940 10939
f 10944 10943 10942
f 10947 10946 10945

usemtl Patch_1254_Mat_CR3_floor
f 10950 10949 10948
f 10953 10952 10951

usemtl Patch_1255_Mat_CR3_floor
f 10956 10955 10954
f 10959 10958 10957
f 10962 10961 10960
f 10965 10964 10963
f 10968 10967 10966
f 10971 10970 10969
f 10974 10973 10972
f 10977 10976 10975
f 10980 10979 10978
f 10983 10982 10981

usemtl Patch_1256_Mat_CR3_floor
f 10986 10985 10984
f 10989 10988 10987
f 10992 10991 10990
f 10995 10994 10993
f 10998 10997 10996
f 11001 11000 10999
f 11004 11003 11002
f 11007 11006 11005
f 11010 11009 11008
f 11013 11012 11011

usemtl Patch_1257_Mat_CR3_floor
f 11016 11015 11014
f 11019 11018 11017

usemtl Patch_1258_Mat_CR3_floor
f 11022 11021 11020
f 11025 11024 11023
f 11028 11027 11026
f 11031 11030 11029
f 11034 11033 11032
f 11037 11036 11035

usemtl Patch_1259_Mat_CR3_floor
f 11040 11039 11038
f 11043 11042 11041
f 11046 11045 11044
f 11049 11048 11047
f 11052 11051 11050
f 11055 11054 11053
f 11058 11057 11056

usemtl Patch_1260_Mat_CR3_floor
f 11061 11060 11059
f 11064 11063 11062
f 11067 11066 11065
f 11070 11069 11068
f 11073 11072 11071
f 11076 11075 11074

usemtl Patch_1261_Mat_CR3_floor
f 11079 11078 11077
f 11082 11081 11080
f 11085 11084 11083
f 11088 11087 11086
f 11091 11090 11089
f 11094 11093 11092

usemtl Patch_1262_Mat_CR3_floor
f 11097 11096 11095
f 11100 11099 11098
f 11103 11102 11101
f 11106 11105 11104
f 11109 11108 11107
f 11112 11111 11110

usemtl Patch_1263_Mat_CR3_floor
f 11115 11114 11113
f 11118 11117 11116

usemtl Patch_1264_Mat_CR3_floor
f 11121 11120 11119
f 11124 11123 11122

usemtl Patch_1265_Mat_CR3_floor
f 11127 11126 11125
f 11130 11129 11128
f 11133 11132 11131
f 11136 11135 11134
f 11139 11138 11137
f 11142 11141 11140

usemtl Patch_1266_Mat_CR3_floor
f 11145 11144 11143
f 11148 11147 11146
f 11151 11150 11149
f 11154 11153 11152
f 11157 11156 11155

usemtl Patch_1267_Mat_CR3_floor
f 11160 11159 11158
f 11163 11162 11161
f 11166 11165 11164
f 11169 11168 11167

usemtl Patch_1268_Mat_CR3_floor
f 11172 11171 11170
f 11175 11174 11173

usemtl Patch_1269_Mat_CR3_floor
f 11178 11177 11176
f 11181 11180 11179
f 11184 11183 11182
f 11187 11186 11185
f 11190 11189 11188
f 11193 11192 11191
f 11196 11195 11194
f 11199 11198 11197

usemtl Patch_1270_Mat_CR3_floor
f 11202 11201 11200
f 11205 11204 11203
f 11208 11207 11206
f 11211 11210 11209
f 11214 11213 11212
f 11217 11216 11215

usemtl Patch_1271_Mat_CR3_floor
f 11220 11219 11218
f 11223 11222 11221
f 11226 11225 11224
f 11229 11228 11227
f 11232 11231 11230

usemtl Patch_1272_Mat_CR3_floor
f 11235 11234 11233
f 11238 11237 11236
f 11241 11240 11239

usemtl Patch_1273_Mat_CR3_floor
f 11244 11243 11242
f 11247 11246 11245
f 11250 11249 11248
f 11253 11252 11251
f 11256 11255 11254

usemtl Patch_1274_Mat_CR3_floor
f 11259 11258 11257
f 11262 11261 11260
f 11265 11264 11263
f 11268 11267 11266
f 11271 11270 11269
f 11274 11273 11272
f 11277 11276 11275
f 11280 11279 11278
f 11283 11282 11281
f 11286 11285 11284

usemtl Patch_1275_Mat_CR3_floor
f 11289 11288 11287
f 11292 11291 11290
f 11295 11294 11293
f 11298 11297 11296
f 11301 11300 11299
f 11304 11303 11302
f 11307 11306 11305
f 11310 11309 11308

usemtl Patch_1276_Mat_CR3_floor
f 11313 11312 11311
f 11316 11315 11314

usemtl Patch_1277_Mat_CR3_plaster
f 11319 11318 11317
f 11322 11321 11320
f 11325 11324 11323
f 11328 11327 11326

usemtl Patch_1278_Mat_CR3_plaster
f 11331 11330 11329
f 11334 11333 11332

usemtl Patch_1279_Mat_CR3_plaster
f 11337 11336 11335
f 11340 11339 11338
f 11343 11342 11341

usemtl Patch_1280_Mat_CR3_plaster
f 11346 11345 11344
f 11349 11348 11347

usemtl Patch_1281_Mat_CR3_plaster
f 11352 11351 11350
f 11355 11354 11353

usemtl Patch_1282_Mat_CR3_plaster
f 11358 11357 11356
f 11361 11360 11359
f 11364 11363 11362
f 11367 11366 11365
f 11370 11369 11368
f 11373 11372 11371
f 11376 11375 11374
f 11379 11378 11377
f 11382 11381 11380
f 11385 11384 11383
f 11388 11387 11386
f 11391 11390 11389
f 11394 11393 11392
f 11397 11396 11395
f 11400 11399 11398
f 11403 11402 11401
f 11406 11405 11404
f 11409 11408 11407
f 11412 11411 11410
f 11415 11414 11413
f 11418 11417 11416
f 11421 11420 11419
f 11424 11423 11422
f 11427 11426 11425
f 11430 11429 11428
f 11433 11432 11431
f 11436 11435 11434
f 11439 11438 11437
f 11442 11441 11440
f 11445 11444 11443

usemtl Patch_1283_Mat_CR3_plaster
f 11448 11447 11446
f 11451 11450 11449

usemtl Patch_1284_Mat_CR3_plaster
f 11454 11453 11452
f 11457 11456 11455

usemtl Patch_1285_Mat_CR3_seating
f 11460 11459 11458
f 11463 11462 11461
f 11466 11465 11464
f 11469 11468 11467
f 11472 11471 11470

usemtl Patch_1286_Mat_CR3_seating
f 11475 11474 11473
f 11478 11477 11476
f 11481 11480 11479
f 11484 11483 11482
f 11487 11486 11485

usemtl Patch_1287_Mat_CR3_floor
f 11490 11489 11488
f 11493 11492 11491
f 11496 11495 11494
f 11499 11498 11497

usemtl Patch_1288_Mat_CR3_seating
f 11502 11501 11500
f 11505 11504 11503
f 11508 11507 11506
f 11511 11510 11509
f 11514 11513 11512

usemtl Patch_1289_Mat_CR3_seating
f 11517 11516 11515
f 11520 11519 11518
f 11523 11522 11521
f 11526 11525 11524
f 11529 11528 11527

usemtl Patch_1290_Mat_CR3_floor
f 11532 11531 11530
f 11535 11534 11533
f 11538 11537 11536
f 11541 11540 11539
f 11544 11543 11542
f 11547 11546 11545
f 11550 11549 11548

usemtl Patch_1291_Mat_CR3_floor
f 11553 11552 11551
f 11556 11555 11554
f 11559 11558 11557
f 11562 11561 11560
f 11565 11564 11563
f 11568 11567 11566
f 11571 11570 11569
f 11574 11573 11572

usemtl Patch_1292_Mat_CR3_floor
f 11577 11576 11575
f 11580 11579 11578
f 11583 11582 11581
f 11586 11585 11584
f 11589 11588 11587
f 11592 11591 11590

usemtl Patch_1293_Mat_CR3_seating
f 11595 11594 11593
f 11598 11597 11596
f 11601 11600 11599
f 11604 11603 11602
f 11607 11606 11605

usemtl Patch_1294_Mat_CR3_seating
f 11610 11609 11608
f 11613 11612 11611
f 11616 11615 11614
f 11619 11618 11617
f 11622 11621 11620

usemtl Patch_1295_Mat_CR3_floor
f 11625 11624 11623
f 11628 11627 11626
f 11631 11630 11629

usemtl Patch_1296_Mat_CR3_seating
f 11634 11633 11632
f 11637 11636 11635
f 11640 11639 11638
f 11643 11642 11641
f 11646 11645 11644

usemtl Patch_1297_Mat_CR3_seating
f 11649 11648 11647
f 11652 11651 11650
f 11655 11654 11653
f 11658 11657 11656
f 11661 11660 11659

usemtl Patch_1298_Mat_CR3_windows
f 11664 11663 11662
f 11667 11666 11665

usemtl Patch_1299_Mat_CR3_windows
f 11670 11669 11668
f 11673 11672 11671
f 11676 11675 11674
f 11679 11678 11677

usemtl Patch_1300_Mat_CR3_structuredPlaster
f 11682 11681 11680
f 11685 11684 11683

usemtl Patch_1301_Mat_CR3_structuredPlaster
f 11688 11687 11686
f 11691 11690 11689

usemtl Patch_1302_Mat_CR3_structuredPlaster
f 11694 11693 11692
f 11697 11696 11695

usemtl Patch_1303_Mat_CR3_structuredPlaster
f 11700 11699 11698
f 11703 11702 11701

usemtl Patch_1304_Mat_CR3_structuredPlaster
f 11706 11705 11704
f 11709 11708 11707

usemtl Patch_1305_Mat_CR3_plaster
f 11712 11711 11710
f 11715 11714 11713

usemtl Patch_1306_Mat_CR3_plaster
f 11718 11717 11716

usemtl Patch_1307_Mat_CR3_plaster
f 11721 11720 11719

usemtl Patch_1308_Mat_CR3_plaster
f 11724 11723 11722

usemtl Patch_1309_Mat_CR3_plaster
f 11727 11726 11725

usemtl Patch_1310_Mat_CR3_plaster
f 11730 11729 11728
f 11733 11732 11731
f 11736 11735 11734
f 11739 11738 11737
f 11742 11741 11740
f 11745 11744 11743

usemtl Patch_1311_Mat_CR3_plaster
f 11748 11747 11746
f 11751 11750 11749
f 11754 11753 11752
f 11757 11756 11755
f 11760 11759 11758
f 11763 11762 11761
f 11766 11765 11764
f 11769 11768 11767

usemtl Patch_1312_Mat_CR3_plaster
f 11772 11771 11770
f 11775 11774 11773

usemtl Patch_1313_Mat_CR3_plaster
f 11778 11777 11776
f 11781 11780 11779
f 11784 11783 11782
f 11787 11786 11785

usemtl Patch_1314_Mat_CR3_plaster
f 11790 11789 11788
f 11793 11792 11791
f 11796 11795 11794
f 11799 11798 11797
f 11802 11801 11800
f 11805 11804 11803
f 11808 11807 11806
f 11811 11810 11809
f 11814 11813 11812
f 11817 11816 11815
f 11820 11819 11818

usemtl Patch_1315_Mat_CR3_plaster
f 11823 11822 11821

usemtl Patch_1316_Mat_CR3_plaster
f 11826 11825 11824
f 11829 11828 11827
f 11832 11831 11830
f 11835 11834 11833
f 11838 11837 11836
f 11841 11840 11839
f 11844 11843 11842
f 11847 11846 11845
f 11850 11849 11848

usemtl Patch_1317_Mat_CR3_plaster
f 11853 11852 11851
f 11856 11855 11854
f 11859 11858 11857

usemtl Patch_1318_Mat_CR3_plaster
f 11862 11861 11860
f 11865 11864 11863
f 11868 11867 11866
f 11871 11870 11869
f 11874 11873 11872

usemtl Patch_1319_Mat_CR3_plaster
f 11877 11876 11875
f 11880 11879 11878
f 11883 11882 11881

usemtl Patch_1320_Mat_CR3_plaster
f 11886 11885 11884
f 11889 11888 11887
f 11892 11891 11890
f 11895 11894 11893
f 11898 11897 11896
f 11901 11900 11899

usemtl Patch_1321_Mat_CR3_plaster
f 11904 11903 11902

usemtl Patch_1322_Mat_CR3_plaster
f 11907 11906 11905

usemtl Patch_1323_Mat_CR3_plaster
f 11910 11909 11908
f 11913 11912 11911
f 11916 11915 11914

usemtl Patch_1324_Mat_CR3_plaster
f 11919 11918 11917

usemtl Patch_1325_Mat_CR3_plaster
f 11922 11921 11920

usemtl Patch_1326_Mat_CR3_plaster
f 11925 11924 11923
f 11928 11927 11926

usemtl Patch_1327_Mat_CR3_plaster
f 11931 11930 11929
f 11934 11933 11932

usemtl Patch_1328_Mat_CR3_structuredPlaster
f 11937 11936 11935
f 11940 11939 11938
f 11943 11942 11941
f 11946 11945 11944
f 11949 11948 11947
f 11952 11951 11950
f 11955 11954 11953
f 11958 11957 11956
f 11961 11960 11959
f 11964 11963 11962

usemtl Patch_1329_Mat_CR3_structuredPlaster
f 11967 11966 11965
f 11970 11969 11968
f 11973 11972 11971
f 11976 11975 11974
f 11979 11978 11977
f 11982 11981 11980
f 11985 11984 11983
f 11988 11987 11986

usemtl Patch_1330_Mat_CR3_structuredPlaster
f 11991 11990 11989
f 11994 11993 11992
f 11997 11996 11995
f 12000 11999 11998
f 12003 12002 12001
f 12006 12005 12004
f 12009 12008 12007
f 12012 12011 12010
f 12015 12014 12013
f 12018 12017 12016
f 12021 12020 12019
f 12024 12023 12022
f 12027 12026 12025
f 12030 12029 12028

usemtl Patch_1331_Mat_CR3_structuredPlaster
f 12033 12032 12031
f 12036 12035 12034
f 12039 12038 12037
f 12042 12041 12040
f 12045 12044 12043
f 12048 12047 12046
f 12051 12050 12049
f 12054 12053 12052
f 12057 12056 12055
f 12060 12059 12058
f 12063 12062 12061
f 12066 12065 12064

usemtl Patch_1332_Mat_CR3_structuredPlaster
f 12069 12068 12067
f 12072 12071 12070
f 12075 12074 12073
f 12078 12077 12076
f 12081 12080 12079
f 12084 12083 12082
f 12087 12086 12085
f 12090 12089 12088

usemtl Patch_1333_Mat_CR3_structuredPlaster
f 12093 12092 12091
f 12096 12095 12094
f 12099 12098 12097
f 12102 12101 12100
f 12105 12104 12103
f 12108 12107 12106
f 12111 12110 12109
f 12114 12113 12112
f 12117 12116 12115
f 12120 12119 12118
f 12123 12122 12121
f 12126 12125 12124
f 12129 12128 12127
f 12132 12131 12130

usemtl Patch_1334_Mat_CR3_structuredPlaster
f 12135 12134 12133
f 12138 12137 12136
f 12141 12140 12139
f 12144 12143 12142
f 12147 12146 12145
f 12150 12149 12148
f 12153 12152 12151
f 12156 12155 12154
f 12159 12158 12157
f 12162 12161 12160

usemtl Patch_1335_Mat_CR3_structuredPlaster
f 12165 12164 12163
f 12168 12167 12166
f 12171 12170 12169
f 12174 12173 12172
f 12177 12176 12175
f 12180 12179 12178
f 12183 12182 12181
f 12186 12185 12184
f 12189 12188 12187
f 12192 12191 12190
f 12195 12194 12193
f 12198 12197 12196

usemtl Patch_1336_Mat_CR3_structuredPlaster
f 12201 12200 12199
f 12204 12203 12202
f 12207 12206 12205
f 12210 12209 12208
f 12213 12212 12211
f 12216 12215 12214
f 12219 12218 12217
f 12222 12221 12220

usemtl Patch_1337_Mat_CR3_structuredPlaster
f 12225 12224 12223
f 12228 12227 12226
f 12231 12230 12229
f 12234 12233 12232
f 12237 12236 12235
f 12240 12239 12238
f 12243 12242 12241
f 12246 12245 12244
f 12249 12248 12247
f 12252 12251 12250
f 12255 12254 12253
f 12258 12257 12256
f 12261 12260 12259
f 12264 12263 12262

usemtl Patch_1338_Mat_CR3_structuredPlaster
f 12267 12266 12265
f 12270 12269 12268
f 12273 12272 12271
f 12276 12275 12274
f 12279 12278 12277
f 12282 12281 12280
f 12285 12284 12283
f 12288 12287 12286
f 12291 12290 12289
f 12294 12293 12292
f 12297 12296 12295
f 12300 12299 12298

usemtl Patch_1339_Mat_CR3_structuredPlaster
f 12303 12302 12301
f 12306 12305 12304
f 12309 12308 12307
f 12312 12311 12310
f 12315 12314 12313
f 12318 12317 12316
f 12321 12320 12319
f 12324 12323 12322
f 12327 12326 12325
f 12330 12329 12328
f 12333 12332 12331
f 12336 12335 12334

usemtl Patch_1340_Mat_CR3_floor
f 12339 12338 12337
f 12342 12341 12340

usemtl Patch_1341_Mat_CR3_floor
f 12345 12344 12343
f 12348 12347 12346

usemtl Patch_1342_Mat_CR3_floor
f 12351 12350 12349
f 12354 12353 12352

usemtl Patch_1343_Mat_CR3_floor
f 12357 12356 12355
f 12360 12359 12358

usemtl Patch_1344_Mat_CR3_plaster
f 12363 12362 12361
f 12366 12365 12364

usemtl Patch_1345_Mat_CR3_floor
f 12369 12368 12367
f 12372 12371 12370

usemtl Patch_1346_Mat_CR3_structuredPlaster
f 12375 12374 12373
f 12378 12377 12376

usemtl Patch_1347_Mat_CR3_floor
f 12381 12380 12379
f 12384 12383 12382

usemtl Patch_1348_Mat_CR3_floor
f 12387 12386 12385
f 12390 12389 12388

usemtl Patch_1349_Mat_CR3_seating
f 12393 12392 12391
f 12396 12395 12394

usemtl Patch_1350_Mat_CR3_seating
f 12399 12398 12397
f 12402 12401 12400

usemtl Patch_1351_Mat_CR3_floor
f 12405 12404 12403
f 12408 12407 12406

usemtl Patch_1352_Mat_CR3_floor
f 12411 12410 12409
f 12414 12413 12412

usemtl Patch_1353_Mat_CR3_plaster
f 12417 12416 12415
f 12420 12419 12418
f 12423 12422 12421
f 12426 12425 12424
f 12429 12428 12427
f 12432 12431 12430

usemtl Patch_1354_Mat_CR3_seating
f 12435 12434 12433
f 12438 12437 12436

usemtl Patch_1355_Mat_CR3_floor
f 12441 12440 12439
f 12444 12443 12442

usemtl Patch_1356_Mat_CR3_plaster
f 12447 12446 12445
f 12450 12449 12448

usemtl Patch_1357_Mat_CR3_floor
f 12453 12452 12451
f 12456 12455 12454

usemtl Patch_1358_Mat_CR3_structuredPlaster
f 12459 12458 12457
f 12462 12461 12460

usemtl Patch_1359_Mat_CR3_floor
f 12465 12464 12463
f 12468 12467 12466

usemtl Patch_1360_Mat_CR3_seating
f 12471 12470 12469
f 12474 12473 12472

usemtl Patch_1361_Mat_CR3_plaster
f 12477 12476 12475
f 12480 12479 12478
f 12483 12482 12481
f 12486 12485 12484
f 12489 12488 12487
f 12492 12491 12490

usemtl Patch_1362_Mat_CR3_floor
f 12495 12494 12493
f 12498 12497 12496
f 12501 12500 12499
f 12504 12503 12502

usemtl Patch_1363_Mat_CR3_floor
f 12507 12506 12505
f 12510 12509 12508

usemtl Patch_1364_Mat_CR3_floor
f 12513 12512 12511
f 12516 12515 12514

usemtl Patch_1365_Mat_CR3_floor
f 12519 12518 12517
f 12522 12521 12520

usemtl Patch_1366_Mat_CR3_floor
f 12525 12524 12523
f 12528 12527 12526

usemtl Patch_1367_Mat_CR3_floor
f 12531 12530 12529
f 12534 12533 12532

usemtl Patch_1368_Mat_CR3_floor
f 12537 12536 12535
f 12540 12539 12538
f 12543 12542 12541
f 12546 12545 12544

usemtl Patch_1369_Mat_CR3_structuredPlaster
f 12549 12548 12547
f 12552 12551 12550

usemtl Patch_1370_Mat_CR3_structuredPlaster
f 12555 12554 12553
f 12558 12557 12556

usemtl Patch_1371_Mat_CR3_floor
f 12561 12560 12559
f 12564 12563 12562
f 12567 12566 12565
f 12570 12569 12568

usemtl Patch_1372_Mat_CR3_floor
f 12573 12572 12571
f 12576 12575 12574
f 12579 12578 12577

usemtl Patch_1373_Mat_CR3_floor
f 12582 12581 12580
f 12585 12584 12583

usemtl Patch_1374_Mat_CR3_floor
f 12588 12587 12586
f 12591 12590 12589

usemtl Patch_1375_Mat_CR3_floor
f 12594 12593 12592
f 12597 12596 12595

usemtl Patch_1376_Mat_CR3_floor
f 12600 12599 12598
f 12603 12602 12601
f 12606 12605 12604

usemtl Patch_1377_Mat_CR3_structuredPlaster
f 12609 12608 12607
f 12612 12611 12610
f 12615 12614 12613

usemtl Patch_1378_Mat_CR3_structuredPlaster
f 12618 12617 12616
f 12621 12620 12619

usemtl Patch_1379_Mat_CR3_structuredPlaster
f 12624 12623 12622
f 12627 12626 12625

usemtl Patch_1380_Mat_CR3_structuredPlaster
f 12630 12629 12628
f 12633 12632 12631

usemtl Patch_1381_Mat_CR3_structuredPlaster
f 12636 12635 12634
f 12639 12638 12637

usemtl Patch_1382_Mat_CR3_floor
f 12642 12641 12640
f 12645 12644 12643
f 12648 12647 12646
f 12651 12650 12649
f 12654 12653 12652
f 12657 12656 12655
f 12660 12659 12658
f 12663 12662 12661
f 12666 12665 12664
f 12669 12668 12667
f 12672 12671 12670
f 12675 12674 12673
f 12678 12677 12676
f 12681 12680 12679
f 12684 12683 12682

usemtl Patch_1383_Mat_CR3_floor
f 12687 12686 12685
f 12690 12689 12688

usemtl Patch_1384_Mat_CR3_floor
f 12693 12692 12691
f 12696 12695 12694

usemtl Patch_1385_Mat_CR3_stagePanels
f 12699 12698 12697
f 12702 12701 12700
f 12705 12704 12703
f 12708 12707 12706

usemtl Patch_1386_Mat_CR3_stagePanels
f 12711 12710 12709
f 12714 12713 12712
f 12717 12716 12715
f 12720 12719 12718

usemtl Patch_1387_Mat_CR3_floor
f 12723 12722 12721
f 12726 12725 12724

usemtl Patch_1388_Mat_CR3_plaster
f 12729 12728 12727
f 12732 12731 12730

usemtl Patch_1389_Mat_CR3_floor
f 12735 12734 12733
f 12738 12737 12736
f 12741 12740 12739
f 12744 12743 12742
f 12747 12746 12745
f 12750 12749 12748

usemtl Patch_1390_Mat_CR3_floor
f 12753 12752 12751
f 12756 12755 12754
f 12759 12758 12757
f 12762 12761 12760
f 12765 12764 12763

usemtl Patch_1391_Mat_CR3_floor
f 12768 12767 12766
f 12771 12770 12769

usemtl Patch_1392_Mat_CR3_floor
f 12774 12773 12772
f 12777 12776 12775
f 12780 12779 12778
f 12783 12782 12781

usemtl Patch_1393_Mat_CR3_floor
f 12786 12785 12784
f 12789 12788 12787
f 12792 12791 12790
f 12795 12794 12793
f 12798 12797 12796

usemtl Patch_1394_Mat_CR3_floor
f 12801 12800 12799
f 12804 12803 12802

usemtl Patch_1395_Mat_CR3_floor
f 12807 12806 12805
f 12810 12809 12808
f 12813 12812 12811
f 12816 12815 12814

usemtl Patch_1396_Mat_CR3_floor
f 12819 12818 12817
f 12822 12821 12820
f 12825 12824 12823
f 12828 12827 12826

usemtl Patch_1397_Mat_CR3_floor
f 12831 12830 12829
f 12834 12833 12832
f 12837 12836 12835

usemtl Patch_1398_Mat_CR3_floor
f 12840 12839 12838
f 12843 12842 12841
f 12846 12845 12844
f 12849 12848 12847

usemtl Patch_1399_Mat_CR3_floor
f 12852 12851 12850
f 12855 12854 12853
f 12858 12857 12856
f 12861 12860 12859
f 12864 12863 12862

usemtl Patch_1400_Mat_CR3_floor
f 12867 12866 12865
f 12870 12869 12868
f 12873 12872 12871
f 12876 12875 12874

usemtl Patch_1401_Mat_CR3_floor
f 12879 12878 12877
f 12882 12881 12880
f 12885 12884 12883
f 12888 12887 12886
f 12891 12890 12889

usemtl Patch_1402_Mat_CR3_floor
f 12894 12893 12892
f 12897 12896 12895
f 12900 12899 12898

usemtl Patch_1403_Mat_CR3_floor
f 12903 12902 12901
f 12906 12905 12904
f 12909 12908 12907

usemtl Patch_1404_Mat_CR3_floor
f 12912 12911 12910
f 12915 12914 12913
f 12918 12917 12916
f 12921 12920 12919
f 12924 12923 12922

usemtl Patch_1405_Mat_CR3_floor
f 12927 12926 12925
f 12930 12929 12928
f 12933 12932 12931

usemtl Patch_1406_Mat_CR3_floor
f 12936 12935 12934
f 12939 12938 12937
f 12942 12941 12940
f 12945 12944 12943

usemtl Patch_1407_Mat_CR3_floor
f 12948 12947 12946
f 12951 12950 12949
f 12954 12953 12952

usemtl Patch_1408_Mat_CR3_floor
f 12957 12956 12955
f 12960 12959 12958
f 12963 12962 12961

usemtl Patch_1409_Mat_CR3_floor
f 12966 12965 12964
f 12969 12968 12967
f 12972 12971 12970
f 12975 12974 12973

usemtl Patch_1410_Mat_CR3_floor
f 12978 12977 12976
f 12981 12980 12979
f 12984 12983 12982

usemtl Patch_1411_Mat_CR3_floor
f 12987 12986 12985
f 12990 12989 12988

usemtl Patch_1412_Mat_CR3_plaster
f 12993 12992 12991
f 12996 12995 12994
f 12999 12998 12997
f 13002 13001 13000
f 13005 13004 13003
f 13008 13007 13006

usemtl Patch_1413_Mat_CR3_floor
f 13011 13010 13009
f 13014 13013 13012

usemtl Patch_1414_Mat_CR3_seating
f 13017 13016 13015

usemtl Patch_1415_Mat_CR3_seating
f 13020 13019 13018

usemtl Patch_1416_Mat_CR3_seating
f 13023 13022 13021
f 13026 13025 13024
f 13029 13028 13027

usemtl Patch_1417_Mat_CR3_plaster
f 13032 13031 13030
f 13035 13034 13033
f 13038 13037 13036
f 13041 13040 13039
f 13044 13043 13042
f 13047 13046 13045

usemtl Patch_1418_Mat_CR3_plaster
f 13050 13049 13048
f 13053 13052 13051
f 13056 13055 13054
f 13059 13058 13057
f 13062 13061 13060
f 13065 13064 13063

usemtl Patch_1419_Mat_CR3_plaster
f 13068 13067 13066
f 13071 13070 13069
f 13074 13073 13072
f 13077 13076 13075

usemtl Patch_1420_Mat_CR3_plaster
f 13080 13079 13078
f 13083 13082 13081
f 13086 13085 13084
f 13089 13088 13087
f 13092 13091 13090
f 13095 13094 13093
f 13098 13097 13096
f 13101 13100 13099

usemtl Patch_1421_Mat_CR3_plaster
f 13104 13103 13102
f 13107 13106 13105
f 13110 13109 13108
f 13113 13112 13111

usemtl Patch_1422_Mat_CR3_plaster
f 13116 13115 13114
f 13119 13118 13117
f 13122 13121 13120
f 13125 13124 13123
f 13128 13127 13126
f 13131 13130 13129
f 13134 13133 13132

usemtl Patch_1423_Mat_CR3_plaster
f 13137 13136 13135
f 13140 13139 13138
f 13143 13142 13141
f 13146 13145 13144
f 13149 13148 13147
f 13152 13151 13150
f 13155 13154 13153
f 13158 13157 13156

usemtl Patch_1424_Mat_CR3_plaster
f 13161 13160 13159
f 13164 13163 13162
f 13167 13166 13165
f 13170 13169 13168

usemtl Patch_1425_Mat_CR3_plaster
f 13173 13172 13171
f 13176 13175 13174
f 13179 13178 13177
f 13182 13181 13180
f 13185 13184 13183
f 13188 13187 13186
f 13191 13190 13189

usemtl Patch_1426_Mat_CR3_plaster
f 13194 13193 13192
f 13197 13196 13195
f 13200 13199 13198
f 13203 13202 13201

usemtl Patch_1427_Mat_CR3_seating
f 13206 13205 13204

usemtl Patch_1428_Mat_CR3_seating
f 13209 13208 13207

usemtl Patch_1429_Mat_CR3_plaster
f 13212 13211 13210
f 13215 13214 13213
f 13218 13217 13216
f 13221 13220 13219
f 13224 13223 13222
f 13227 13226 13225

usemtl Patch_1430_Mat_CR3_seating
f 13230 13229 13228

usemtl Patch_1431_Mat_CR3_seating
f 13233 13232 13231

usemtl Patch_1432_Mat_CR3_seating
f 13236 13235 13234

usemtl Patch_1433_Mat_CR3_seating
f 13239 13238 13237

usemtl Patch_1434_Mat_CR3_seating
f 13242 13241 13240

usemtl Patch_1435_Mat_CR3_seating
f 13245 13244 13243

usemtl Patch_1436_Mat_CR3_plaster
f 13248 13247 13246
f 13251 13250 13249
f 13254 13253 13252
f 13257 13256 13255
f 13260 13259 13258
f 13263 13262 13261

usemtl Patch_1437_Mat_CR3_plaster
f 13266 13265 13264
f 13269 13268 13267
f 13272 13271 13270
f 13275 13274 13273
f 13278 13277 13276
f 13281 13280 13279

usemtl Patch_1438_Mat_CR3_seating
f 13284 13283 13282
f 13287 13286 13285

usemtl Patch_1439_Mat_CR3_seating
f 13290 13289 13288

usemtl Patch_1440_Mat_CR3_seating
f 13293 13292 13291

usemtl Patch_1441_Mat_CR3_plaster
f 13296 13295 13294
f 13299 13298 13297
f 13302 13301 13300
f 13305 13304 13303
f 13308 13307 13306
f 13311 13310 13309

usemtl Patch_1442_Mat_CR3_seating
f 13314 13313 13312
f 13317 13316 13315

usemtl Patch_1443_Mat_CR3_plaster
f 13320 13319 13318
f 13323 13322 13321

usemtl Patch_1444_Mat_CR3_plaster
f 13326 13325 13324
f 13329 13328 13327

usemtl Patch_1445_Mat_CR3_plaster
f 13332 13331 13330
f 13335 13334 13333

usemtl Patch_1446_Mat_CR3_seating
f 13338 13337 13336
f 13341 13340 13339
f 13344 13343 13342

usemtl Patch_1447_Mat_CR3_plaster
f 13347 13346 13345
f 13350 13349 13348

usemtl Patch_1448_Mat_CR3_plaster
f 13353 13352 13351
f 13356 13355 13354

usemtl Patch_1449_Mat_CR3_seating
f 13359 13358 13357

usemtl Patch_1450_Mat_CR3_seating
f 13362 13361 13360

usemtl Patch_1451_Mat_CR3_seating
f 13365 13364 13363

usemtl Patch_1452_Mat_CR3_seating
f 13368 13367 13366

usemtl Patch_1453_Mat_CR3_seating
f 13371 13370 13369

usemtl Patch_1454_Mat_CR3_seating
f 13374 13373 13372

usemtl Patch_1455_Mat_CR3_seating
f 13377 13376 13375

usemtl Patch_1456_Mat_CR3_seating
f 13380 13379 13378

usemtl Patch_1457_Mat_CR3_seating
f 13383 13382 13381

usemtl Patch_1458_Mat_CR3_seating
f 13386 13385 13384

usemtl Patch_1459_Mat_CR3_seating
f 13389 13388 13387

usemtl Patch_1460_Mat_CR3_seating
f 13392 13391 13390

usemtl Patch_1461_Mat_CR3_seating
f 13395 13394 13393

usemtl Patch_1462_Mat_CR3_seating
f 13398 13397 13396

usemtl Patch_1463_Mat_CR3_seating
f 13401 13400 13399

usemtl Patch_1464_Mat_CR3_seating
f 13404 13403 13402

usemtl Patch_1465_Mat_CR3_seating
f 13407 13406 13405

usemtl Patch_1466_Mat_CR3_seating
f 13410 13409 13408

usemtl Patch_1467_Mat_CR3_seating
f 13413 13412 13411

usemtl Patch_1468_Mat_CR3_seating
f 13416 13415 13414

usemtl Patch_1469_Mat_CR3_seating
f 13419 13418 13417
f 13422 13421 13420
f 13425 13424 13423
f 13428 13427 13426

usemtl Patch_1470_Mat_CR3_seating
f 13431 13430 13429

usemtl Patch_1471_Mat_CR3_seating
f 13434 13433 13432

usemtl Patch_1472_Mat_CR3_seating
f 13437 13436 13435

usemtl Patch_1473_Mat_CR3_seating
f 13440 13439 13438

usemtl Patch_1474_Mat_CR3_seating
f 13443 13442 13441

usemtl Patch_1475_Mat_CR3_seating
f 13446 13445 13444

usemtl Patch_1476_Mat_CR3_seating
f 13449 13448 13447

usemtl Patch_1477_Mat_CR3_seating
f 13452 13451 13450

usemtl Patch_1478_Mat_CR3_seating
f 13455 13454 13453
f 13458 13457 13456

usemtl Patch_1479_Mat_CR3_seating
f 13461 13460 13459
f 13464 13463 13462

usemtl Patch_1480_Mat_CR3_seating
f 13467 13466 13465
f 13470 13469 13468

usemtl Patch_1481_Mat_CR3_seating
f 13473 13472 13471

usemtl Patch_1482_Mat_CR3_seating
f 13476 13475 13474

usemtl Patch_1483_Mat_CR3_seating
f 13479 13478 13477
f 13482 13481 13480

usemtl Patch_1484_Mat_CR3_seating
f 13485 13484 13483

usemtl Patch_1485_Mat_CR3_seating
f 13488 13487 13486

usemtl Patch_1486_Mat_CR3_seating
f 13491 13490 13489

usemtl Patch_1487_Mat_CR3_seating
f 13494 13493 13492

usemtl Patch_1488_Mat_CR3_seating
f 13497 13496 13495

usemtl Patch_1489_Mat_CR3_seating
f 13500 13499 13498

usemtl Patch_1490_Mat_CR3_seating
f 13503 13502 13501
f 13506 13505 13504

usemtl Patch_1491_Mat_CR3_seating
f 13509 13508 13507
f 13512 13511 13510
f 13515 13514 13513

usemtl Patch_1492_Mat_CR3_seating
f 13518 13517 13516
f 13521 13520 13519

usemtl Patch_1493_Mat_CR3_seating
f 13524 13523 13522
f 13527 13526 13525

usemtl Patch_1494_Mat_CR3_seating
f 13530 13529 13528
f 13533 13532 13531

usemtl Patch_1495_Mat_CR3_floor
f 13536 13535 13534
f 13539 13538 13537

usemtl Patch_1496_Mat_CR3_floor
f 13542 13541 13540
f 13545 13544 13543

usemtl Patch_1497_Mat_CR3_floor
f 13548 13547 13546
f 13551 13550 13549

usemtl Patch_1498_Mat_CR3_floor
f 13554 13553 13552
f 13557 13556 13555

usemtl Patch_1499_Mat_CR3_plaster
f 13560 13559 13558
f 13563 13562 13561
f 13566 13565 13564
f 13569 13568 13567

usemtl Patch_1500_Mat_CR3_plaster
f 13572 13571 13570
f 13575 13574 13573

usemtl Patch_1501_Mat_CR3_plaster
f 13578 13577 13576
f 13581 13580 13579

usemtl Patch_1502_Mat_CR3_plaster
f 13584 13583 13582
f 13587 13586 13585

usemtl Patch_1503_Mat_CR3_plaster
f 13590 13589 13588
f 13593 13592 13591

usemtl Patch_1504_Mat_CR3_floor
f 13596 13595 13594
f 13599 13598 13597

usemtl Patch_1505_Mat_CR3_floor
f 13602 13601 13600
f 13605 13604 13603

usemtl Patch_1506_Mat_CR3_floor
f 13608 13607 13606
f 13611 13610 13609

usemtl Patch_1507_Mat_CR3_floor
f 13614 13613 13612
f 13617 13616 13615

usemtl Patch_1508_Mat_CR3_floor
f 13620 13619 13618
f 13623 13622 13621

usemtl Patch_1509_Mat_CR3_floor
f 13626 13625 13624
f 13629 13628 13627

usemtl Patch_1510_Mat_CR3_floor
f 13632 13631 13630
f 13635 13634 13633

usemtl Patch_1511_Mat_CR3_floor
f 13638 13637 13636
f 13641 13640 13639

usemtl Patch_1512_Mat_CR3_floor
f 13644 13643 13642
f 13647 13646 13645

usemtl Patch_1513_Mat_CR3_floor
f 13650 13649 13648
f 13653 13652 13651

usemtl Patch_1514_Mat_CR3_floor
f 13656 13655 13654
f 13659 13658 13657

usemtl Patch_1515_Mat_CR3_floor
f 13662 13661 13660
f 13665 13664 13663

usemtl Patch_1516_Mat_CR3_floor
f 13668 13667 13666
f 13671 13670 13669

usemtl Patch_1517_Mat_CR3_floor
f 13674 13673 13672
f 13677 13676 13675

usemtl Patch_1518_Mat_CR3_floor
f 13680 13679 13678
f 13683 13682 13681

usemtl Patch_1519_Mat_CR3_floor
f 13686 13685 13684
f 13689 13688 13687

usemtl Patch_1520_Mat_CR3_plaster
f 13692 13691 13690
f 13695 13694 13693

usemtl Patch_1521_Mat_CR3_plaster
f 13698 13697 13696
f 13701 13700 13699
f 13704 13703 13702

usemtl Patch_1522_Mat_CR3_plaster
f 13707 13706 13705
f 13710 13709 13708
f 13713 13712 13711
f 13716 13715 13714

usemtl Patch_1523_Mat_CR3_plaster
f 13719 13718 13717

usemtl Patch_1524_Mat_CR3_plaster
f 13722 13721 13720
f 13725 13724 13723

