mtllib mesh.mtl

# obj1
v -262.20471191 -52.36220169 0
v -229.52755737 -0 394.09451294
v -229.51905823 -52.75600815 394.197052
v -262.20471191 -0 0
usemtl Patch_1_Mat_CR4_concrete
f 1 2 3
f 2 1 4

# obj2
v 12.32295132 -364.96063232 -37.4015007
v 0.09306635 -364.96063232 -43.30702591
v 12.32295132 -364.96063232 -43.30702591
v 24.55283546 -364.96063232 -31.49597168
v 24.55283546 -364.96063232 -37.4015007
v 29.89307594 -364.96063232 8.976E-05
v 29.89307404 -364.96063232 -31.49597168
v -39.76376343 -364.96066284 0
v 0.09306635 -364.96063232 -49.21255493
v -146.0630188 -364.96060181 15.74803543
v -146.06300354 -364.96066284 -49.21259689
v -70.86616516 -364.96060181 7.87401772
v -39.76376343 -364.96066284 7.87401772
v -70.86616516 -364.96060181 15.74803543
usemtl Patch_2_Mat_CR4_linoleum
f 5 6 7
f 8 5 9
f 10 8 11
f 8 10 12
f 13 14 15
f 14 13 6
f 14 6 5
f 14 5 8
f 14 8 12
f 14 12 16
f 16 12 17
f 14 16 18

# obj3
v 864.57446289 -303.53182983 39.37007523
v 852.1114502 -330.34741211 167.71653748
v 862.6048584 -331.10281372 39.37007141
v 854.07958984 -302.78829956 167.71653748
usemtl Patch_3_Mat_CR4_concrete
f 19 20 21
f 20 19 22

# obj4
v -146.0630188 -364.96060181 15.74803543
v -193.30708313 -349.21258545 -49.21259689
v -146.06300354 -364.96066284 -49.21259689
v -193.30706787 -349.21258545 15.74803543
usemtl Patch_4_Mat_CR4_linoleum
f 23 24 25
f 24 23 26

# obj5
v 901.96850586 -299.60629272 167.71653748
v 890.5512085 -425.59057617 39.37007904
v 890.55114746 -425.59057617 167.71653748
v 901.96850586 -299.60629272 39.37007904
usemtl Patch_5_Mat_CR4_woodPanels
f 27 28 29
f 28 27 30

# obj6
v 914.96063232 -374.80316162 39.37007904
v 912.99206543 -401.57479858 167.71653748
v 912.9921875 -401.57479858 39.37007904
v 914.96063232 -374.80316162 167.71653748
v 914.96063232 -374.80316162 129.92126465
usemtl Patch_6_Mat_CR4_woodPanels
f 31 32 33
f 32 31 34

# obj7
v -193.30708313 -349.21258545 -49.21259689
v -216.14170837 -416.14172363 15.74803543
v -216.14175415 -416.14172363 -49.21259689
v -209.42807007 -396.46374512 6.70420027
v -209.42832947 -396.46453857 15.74803543
v -194.27218628 -352.04135132 6.81003475
v -193.30706787 -349.21258545 15.74803543
v -194.27218628 -352.04135132 15.74803543
usemtl Patch_7_Mat_CR4_linoleum
f 36 37 38
f 37 36 39
f 37 39 40
f 39 36 41
f 41 42 43
f 42 41 36

# obj8
v -70.86616516 -343.30709839 7.87401772
v -273.03210449 -254.49868774 7.87401772
v -275.04522705 -273.40441895 7.87401772
v -246.45669556 -231.88975525 7.87401772
v -267.86090088 -198.24906921 7.87401772
v -268.26828003 -206.63421631 7.87401772
v -39.33636856 -275.56149292 7.87410736
v -70.86616516 -364.96060181 7.87401772
v -39.76376343 -364.96066284 7.87401772
usemtl Patch_8_Mat_CR4_parquet
f 44 45 46
f 45 44 47
f 47 48 49
f 48 47 50
f 50 47 44
f 50 44 51
f 50 51 52

# obj9
v 874.80957031 -92.12611389 39.37007141
v 863.53302002 -119.4703064 167.71653748
v 874.02215576 -119.68518066 39.37007141
v 864.32061768 -91.91121674 167.71653748
usemtl Patch_9_Mat_CR4_concrete
f 53 54 55
f 54 53 56

# obj10
v 851.18109131 -0 265.3543396
v 851.18109131 -86.61417389 300.78741455
v 851.18109131 -86.61417389 265.3543396
v 851.18109131 -0 300.78741455
usemtl Patch_10_Mat_CR4_linoleum
f 57 58 59
f 58 57 60

# obj11
v 779.1338501 -86.61417389 300.78741455
v 843.70080566 -70.86614227 300.78741455
v 779.1338501 -70.86614227 300.78741455
v 851.18109131 -86.61417389 300.78741455
v 851.18109131 -0 300.78741455
v 843.70080566 -0 300.78741455
usemtl Patch_11_Mat_CR4_linoleum
f 61 62 63
f 62 61 64
f 62 64 65
f 65 66 62

# obj12
v 691.7322998 -86.61417389 267.71652222
v 707.48028564 -0 267.71655273
v 691.7322998 -0 267.71652222
v 707.48028564 -70.86614227 267.71655273
v 707.48028564 -86.61417389 267.71655273
usemtl Patch_12_Mat_CR4_linoleum
f 67 68 69
f 68 67 70
f 70 67 71

# obj13
v 691.7322998 -0 267.71652222
v 691.7322998 -86.61417389 230.31497192
v 691.7322998 -86.61417389 267.71652222
v 691.7322998 -0 230.31497192
usemtl Patch_13_Mat_CR4_linoleum
f 72 73 74
f 73 72 75

# obj14
v 620.86608887 -0 195.27557373
v 620.86608887 -108.26772308 177.55903625
v 620.86608887 -108.26772308 195.27557373
v 620.86608887 0 177.55903625
usemtl Patch_14_Mat_CR4_seating
f 76 77 78
f 77 76 79

# obj15
v 707.48028564 -70.86614227 222.44093323
v 707.48028564 -0 267.71655273
v 707.48028564 -70.86614227 267.71655273
v 707.48028564 -0 222.44093323
usemtl Patch_15_Mat_CR4_linoleum
f 80 81 82
f 81 80 83

# obj16
v 707.48028564 -70.86614227 222.44093323
v 843.70080566 -0 222.44093323
v 707.48028564 -0 222.44093323
v 843.70080566 -70.86614227 222.44093323
usemtl Patch_16_Mat_CR4_linoleum
f 84 85 86
f 85 84 87

# obj17
v 843.70080566 -0 300.78741455
v 843.70080566 -70.86614227 222.44093323
v 843.70080566 -70.86614227 300.78741455
v 843.70080566 -0 222.44093323
usemtl Patch_17_Mat_CR4_linoleum
f 88 89 90
f 89 88 91

# obj18
v 583.46453857 0 177.55906677
v 583.46453857 -55.51181412 209.05513
v 583.46453857 -55.51181412 177.55906677
v 583.46453857 -0 209.05513
usemtl Patch_18_Mat_CR4_whitePanels
f 92 93 94
f 93 92 95

# obj19
v 844.88195801 -91.66873932 155.90551758
v 850.39373779 -0 167.71655273
v 850.39373779 -91.73221588 167.71655273
v 844.88195801 -0 155.90551758
usemtl Patch_19_Mat_CR4_concrete
f 96 97 98
f 97 96 99

# obj20
v 578.34643555 -0 209.05513
v 578.34643555 -55.11811066 166.92913818
v 578.34643555 -55.11811066 209.05513
v 578.34643555 -0 166.92913818
usemtl Patch_20_Mat_CR4_whitePanels
f 100 101 102
f 101 100 103

# obj21
v 766.6496582 -0 159.97489929
v 587.40155029 -71.83975983 166.92913818
v 587.40155029 -0 166.92913818
v 649.95294189 -71.83975983 164.50234985
v 649.95294189 -119.47755432 164.50234985
v 587.40155029 -591.62841797 166.92913818
v 587.40155029 -119.47755432 166.92913818
v 766.6496582 -619.53381348 159.97489929
usemtl Patch_21_Mat_CR4_concrete
f 104 105 106
f 105 104 107
f 107 104 108
f 108 109 110
f 109 108 111
f 111 108 104

# obj22
v -196.85040283 -0 262.20483398
v -196.85040283 -98.42519379 254.33070374
v -196.85040283 -98.42519379 262.20483398
v -196.85040283 -0 254.33070374
usemtl Patch_22_Mat_CR4_whitePanels
f 112 113 114
f 113 112 115

# obj23
v -196.85040283 -98.42519379 262.20483398
v -140.55119324 -0 262.20483398
v -196.85040283 -0 262.20483398
v -173.22833252 -275.59054565 262.20483398
v -140.55119324 -275.59054565 262.20483398
usemtl Patch_23_Mat_CR4_whitePanels
f 116 117 118
f 117 116 119
f 117 119 120

# obj24
v -85.51318359 -486.86895752 68.89762878
v -86.30049133 -491.92617798 159.44880676
v -86.30049133 -491.92617798 68.89762878
v -85.51318359 -486.86895752 159.44880676
usemtl Patch_24_Mat_CR4_brickwall
f 121 122 123
f 122 121 124

# obj25
v -85.51318359 -486.86895752 41.33858109
v 0.83884043 -505.49203491 41.33858109
v -86.30049133 -491.92617798 41.33858109
v 1.62614489 -500.43484497 41.33858109
usemtl Patch_25_Mat_CR4_brickwall
f 125 126 127
f 126 125 128

# obj26
v -85.51318359 -486.86895752 159.44880676
v 0.83884025 -505.49203491 159.44874573
v -86.30049133 -491.92617798 159.44880676
v 1.62614477 -500.43484497 159.44874573
usemtl Patch_26_Mat_CR4_brickwall
f 129 130 131
f 130 129 132

# obj27
v 1.62614489 -500.43484497 41.33858109
v 0.83884043 -505.49203491 -49.21259689
v 0.83884043 -505.49203491 41.33858109
v 1.62614489 -500.43484497 -49.21259689
usemtl Patch_27_Mat_CR4_brickwall
f 133 134 135
f 134 133 136

# obj28
v 1.62614477 -500.43484497 159.44874573
v 0.83884025 -505.49203491 68.89756775
v 0.83884025 -505.49203491 159.44874573
v 1.62614477 -500.43484497 68.89756775
usemtl Patch_28_Mat_CR4_brickwall
f 137 138 139
f 138 137 140

# obj29
v 1016.53546143 -390.55117798 129.92126465
v 914.96063232 -374.80316162 39.37007904
v 1016.53546143 -390.55117798 39.37007904
v 914.96063232 -374.80316162 129.92126465
usemtl Patch_29_Mat_CR4_woodPanels
f 141 142 143
f 142 141 144

# obj30
v -85.51318359 -486.86895752 -49.21259689
v -86.30049133 -491.92617798 41.33858109
v -86.30049133 -491.92617798 -49.21259689
v -85.51318359 -486.86895752 41.33858109
usemtl Patch_30_Mat_CR4_brickwall
f 145 146 147
f 146 145 148

# obj31
v -86.30049133 -491.92617798 68.89762878
v 0.83884025 -505.49203491 159.44874573
v 0.83884025 -505.49203491 68.89756775
v -86.30049133 -491.92617798 159.44880676
usemtl Patch_31_Mat_CR4_brickwall
f 149 150 151
f 150 149 152

# obj32
v 927.16534424 -0 129.92126465
v 927.16534424 -46.45669174 39.37007904
v 927.16534424 -46.45669174 129.92126465
v 927.16534424 -0 39.37007904
usemtl Patch_32_Mat_CR4_woodPanels
f 153 154 155
f 154 153 156

# obj33
v 912.20471191 -46.45669174 167.71653748
v 927.16534424 -46.45669174 39.37007904
v 912.20471191 -46.45669174 39.37007904
v 927.16534424 -46.45669174 129.92126465
v 927.16534424 -46.45669174 167.71653748
usemtl Patch_33_Mat_CR4_brickwall
f 157 158 159
f 158 157 160
f 160 157 161

# obj34
v 927.16534424 -0 167.71653748
v 927.16534424 -46.45669174 129.92126465
v 927.16534424 -46.45669174 167.71653748
v 927.16534424 -0 129.92126465
usemtl Patch_34_Mat_CR4_woodPanels
f 162 163 164
f 163 162 165

# obj35
v 615.35430908 -204.72439575 195.27555847
v 609.05511475 -314.56692505 177.559021
v 609.05511475 -314.56692505 195.27555847
v 615.35430908 -204.72439575 177.559021
v 615.35430908 -204.72439575 183.46453857
v 615.35430908 -204.72439575 189.37005615
usemtl Patch_35_Mat_CR4_seating
f 166 167 168
f 167 166 169

# obj36
v -71.65354919 -393.30706787 68.89763641
v -76.37795258 -391.73226929 100.58416748
v -76.37795258 -391.73226929 68.89763641
v -71.65354919 -393.30706787 100.57839203
usemtl Patch_36_Mat_CR4_whitePanels
f 172 173 174
f 173 172 175

# obj37
v -196.85040283 -98.42519379 262.20483398
v -173.22833252 -275.59054565 254.33070374
v -173.22833252 -275.59054565 262.20483398
v -196.85040283 -98.42519379 254.33070374
usemtl Patch_37_Mat_CR4_whitePanels
f 176 177 178
f 177 176 179

# obj38
v 583.46453857 -55.51181412 177.55906677
v 580.31494141 -166.53544617 209.05513
v 580.31494141 -166.53544617 177.55906677
v 583.46453857 -55.51181412 209.05513
usemtl Patch_38_Mat_CR4_whitePanels
f 180 181 182
f 181 180 183

# obj39
v 778.73077393 -535.19897461 159.34648132
v 792.64660645 -506.802948 39.37007904
v 788.83886719 -536.55554199 39.37006378
v 782.55523682 -505.4486084 159.14755249
usemtl Patch_39_Mat_CR4_concrete
f 184 185 186
f 185 184 187

# obj40
v 826.51776123 -540.31591797 167.71655273
v 812.25201416 -538.80554199 157.60282898
v 837.01434326 -541.73309326 39.3700676
v 817.71655273 -539.37005615 167.71655273
v 778.73077393 -535.19897461 159.34648132
v 788.83886719 -536.55554199 39.37006378
usemtl Patch_40_Mat_CR4_concrete
f 188 189 190
f 189 188 191
f 190 192 193
f 192 190 189

# obj41
v 491.71121216 -487.28262329 166.92915344
v 546.43719482 -496.38671875 209.05511475
v 546.43719482 -496.38671875 166.92913818
v 491.57925415 -487.26068115 209.05511475
usemtl Patch_41_Mat_CR4_whitePanels
f 194 195 196
f 195 194 197

# obj42
v -70.86616516 -375.19683838 100.49472046
v 43.82355881 -416.18289185 59.84251785
v -70.86616516 -375.19683838 59.84251785
v 43.82355881 -416.18289185 100.36690521
usemtl Patch_42_Mat_CR4_whitePanels
f 198 199 200
f 199 198 201

# obj43
v -71.65354919 -393.30706787 100.57839203
v -70.86616516 -375.19683838 100.49472046
v -76.37795258 -391.73226929 100.58416748
v -67.32285309 -381.49603271 100.51342773
v 43.82355881 -416.18289185 100.36690521
v 42.94706345 -421.62451172 100.3937912
usemtl Patch_43_Mat_CR4_whitePanels
f 202 203 204
f 203 202 205
f 203 205 206
f 206 205 207

# obj44
v 117.55484772 -433.4677124 93.89771271
v 80.25095367 -427.54611206 85.53157806
v 117.55484772 -433.4677124 85.53157806
v 192.16262817 -445.31088257 110.62998199
v 154.85874939 -439.38931274 102.26384735
v 192.16262817 -445.31088257 102.26384735
v 229.46652222 -451.23248291 118.99611664
v 229.46652222 -451.23248291 110.62998199
v 266.77041626 -457.15408325 127.36225128
v 266.77041626 -457.15408325 118.99611664
v 304.0743103 -463.07568359 135.7283783
v 304.0743103 -463.07568359 127.36225128
v 341.37820435 -468.99728394 144.09451294
v 341.37820435 -468.99728394 135.7283783
v 378.68209839 -474.91888428 152.46064758
v 378.68209839 -474.91888428 144.09451294
v 415.98599243 -480.84048462 160.82678223
v 415.98599243 -480.84048462 152.46064758
v 453.28988647 -486.76205444 169.19291687
v 453.28988647 -486.76205444 160.82678223
v 490.59378052 -492.68365479 177.55905151
v 490.59378052 -492.68365479 169.19291687
v 154.85874939 -439.38931274 93.89771271
v 42.94706345 -421.62451172 100.3937912
v 490.59378052 -492.68365479 209.05511475
v 42.94706345 -421.62451172 77.16544342
v 80.25095367 -427.54611206 77.16544342
usemtl Patch_44_Mat_CR4_whitePanels
f 208 209 210
f 211 212 213
f 214 211 215
f 216 214 217
f 218 216 219
f 220 218 221
f 222 220 223
f 224 222 225
f 226 224 227
f 228 226 229
f 212 208 230
f 208 212 231
f 231 212 232
f 232 212 211
f 232 211 214
f 232 214 216
f 232 216 218
f 232 218 220
f 232 220 222
f 232 222 224
f 232 224 226
f 232 226 228
f 209 233 234
f 233 209 231
f 231 209 208

# obj45
v 551.18109131 -502.75592041 177.55905151
v 490.59378052 -492.68365479 209.05511475
v 490.59378052 -492.68365479 177.55905151
v 551.18109131 -502.75592041 209.05513
usemtl Patch_45_Mat_CR4_whitePanels
f 235 236 237
f 236 235 238

# obj46
v 568.89764404 -276.37792969 209.05513
v 559.4487915 -387.00790405 166.92913818
v 559.4487915 -387.00790405 209.05513
v 568.89764404 -276.37792969 166.92913818
usemtl Patch_46_Mat_CR4_whitePanels
f 239 240 241
f 240 239 242

# obj47
v 575.19683838 -165.74801636 209.05513
v 568.89764404 -276.37792969 166.92913818
v 568.89764404 -276.37792969 209.05513
v 575.19683838 -165.74801636 166.92913818
usemtl Patch_47_Mat_CR4_whitePanels
f 243 244 245
f 244 243 246

# obj48
v 578.34643555 -55.11811066 209.05513
v 575.19683838 -165.74801636 166.92913818
v 575.19683838 -165.74801636 209.05513
v 578.34643555 -55.11811066 166.92913818
usemtl Patch_48_Mat_CR4_whitePanels
f 247 248 249
f 248 247 250

# obj49
v 24.48927116 -414.90750122 68.89772797
v -67.32285309 -381.49603271 100.51342773
v -67.32285309 -381.49603271 68.89763641
v 42.94706345 -421.62451172 68.89772797
v 42.94706345 -421.62451172 77.16544342
v 42.94706345 -421.62451172 100.3937912
usemtl Patch_49_Mat_CR4_whitePanels
f 251 252 253
f 252 251 254
f 252 254 255
f 252 255 256

# obj50
v 615.35430908 -204.72439575 189.37005615
v 618.11022949 -153.54330444 183.46455383
v 615.35430908 -204.72439575 183.46453857
v 618.11022949 -153.54330444 189.37005615
usemtl Patch_50_Mat_CR4_linoleum
f 257 258 259
f 258 257 260

# obj51
v -202.26721191 -468.69268799 15.74803543
v -290.00146484 -406.87548828 15.74803543
v -296.41525269 -454.03570557 15.74803543
v -262.59841919 -385.82678223 15.74803543
v -216.14170837 -416.14172363 15.74803543
v -194.46281433 -419.52514648 15.74803543
v -186.11000061 -354.79522705 15.74803543
v -194.27218628 -352.04135132 15.74803543
v -201.104599 -399.27203369 15.74803543
v -274.40948486 -273.62207031 15.74803543
v -283.46456909 -358.66140747 15.74803543
v -193.30706787 -349.21258545 15.74803543
v -70.86616516 -343.30709839 15.74803543
v -209.42832947 -396.46453857 15.74803543
v -146.0630188 -364.96060181 15.74803543
v -70.86616516 -364.96060181 15.74803543
usemtl Patch_51_Mat_CR4_parquet
f 261 262 263
f 262 261 264
f 264 261 265
f 265 261 266
f 267 268 269
f 264 270 271
f 270 264 272
f 270 272 273
f 272 264 268
f 268 264 274
f 274 264 265
f 268 274 269
f 273 272 275
f 273 275 276

# obj52
v -96.45670319 -385.03936768 59.84251785
v -76.37795258 -391.73226929 68.89763641
v -76.37795258 -391.73226929 59.84251785
v -96.45685577 -385.03982544 62.99212265
v -96.45670319 -385.03936768 68.89763641
usemtl Patch_52_Mat_CR4_linoleum
f 277 278 279
f 278 277 280
f 278 280 281

# obj53
v 834.71624756 -301.08538818 156.43431091
v 849.79632568 -119.29371643 167.71655273
v 840.1574707 -301.57476807 167.71655273
v 835.62878418 -283.39349365 156.38684082
v 844.09619141 -119.22780609 155.94639587
usemtl Patch_53_Mat_CR4_concrete
f 282 283 284
f 283 282 285
f 283 285 286

# obj54
v 813.49133301 -91.26425934 157.5383606
v 874.80957031 -92.12611389 39.37007141
v 823.22003174 -91.46303558 39.3700676
v 844.88195801 -91.66873932 155.90551758
v 864.32061768 -91.91121674 167.71653748
v 850.39373779 -91.73221588 167.71655273
usemtl Patch_54_Mat_CR4_concrete
f 287 288 289
f 288 287 290
f 290 291 288
f 291 290 292

# obj55
v 802.92889404 -298.31680298 158.08778381
v 834.71624756 -301.08538818 156.43431091
v 813.02813721 -299.03869629 39.37007904
v 838.80126953 -301.2852478 39.37007904
v 854.07958984 -302.78829956 167.71653748
v 864.57446289 -303.53182983 39.37007523
v 840.1574707 -301.57476807 167.71655273
usemtl Patch_55_Mat_CR4_concrete
f 293 294 295
f 296 297 298
f 297 296 295
f 297 295 294
f 297 294 299

# obj56
v 800.85797119 -327.3392334 158.19549561
v 813.02813721 -299.03869629 39.37007904
v 810.96636963 -328.06176758 39.3700676
v 802.55426025 -303.5670166 158.10726929
v 802.92889404 -298.31680298 158.08778381
usemtl Patch_56_Mat_CR4_concrete
f 300 301 302
f 301 300 303
f 301 303 304

# obj57
v -274.40948486 -273.62207031 15.74803543
v -70.86616516 -343.30709839 7.87401772
v -275.04522705 -273.40441895 7.87401772
v -70.86616516 -343.30709839 15.74803543
usemtl Patch_57_Mat_CR4_parquet
f 305 306 307
f 306 305 308

# obj58
v -267.86090088 -198.24906921 7.87401772
v -39.33636856 -275.56149292 8.989E-05
v -268.5039978 -198.0315094 0
v -39.33636856 -275.56149292 7.87410736
usemtl Patch_58_Mat_CR4_parquet
f 309 310 311
f 310 309 312

# obj59
v -70.86616516 -343.30709839 7.87401772
v -70.86616516 -364.96060181 15.74803543
v -70.86616516 -364.96060181 7.87401772
v -70.86616516 -343.30709839 15.74803543
usemtl Patch_59_Mat_CR4_parquet
f 313 314 315
f 314 313 316

# obj60
v -92.12600708 -436.22045898 100.39369965
v -87.00788879 -437.79525757 68.89763641
v -92.12600708 -436.22045898 68.89763641
v -87.00788879 -437.79525757 100.39369965
usemtl Patch_60_Mat_CR4_whitePanels
f 317 318 319
f 318 317 320

# obj61
v 681.2411499 -506.27575684 29.6191082
v 124.34423065 -82.67212677 -26.75965309
v 97.29410553 -433.07473755 -29.49813461
v 157.7883606 -84.24536133 -23.3738575
v 160.97537231 -44.09076691 -23.05121231
v 777.56103516 -54.1327095 39.3702774
v 777.56231689 -504.48220825 39.37008286
v 777.56109619 -90.87619019 39.37006378
usemtl Patch_61_Mat_CR4_seating
f 321 322 323
f 322 321 324
f 324 321 325
f 325 321 326
f 326 321 327
f 326 327 328

# obj62
v 895.27557373 -553.93701172 167.71653748
v 875.98425293 -551.5748291 39.37007904
v 895.27557373 -553.93701172 39.37007904
v 875.98425293 -551.5748291 167.71653748
usemtl Patch_62_Mat_CR4_woodPanels
f 329 330 331
f 330 329 332

# obj63
v 724.40942383 -154.33070374 247.63780212
v 724.40942383 -154.33070374 236.22045898
v 724.40942383 -154.33070374 241.73228455
v 727.16534424 -108.26772308 247.63780212
v 727.16534424 -108.26772308 230.31494141
v 724.40942383 -154.33070374 230.31494141
usemtl Patch_63_Mat_CR4_seating
f 334 333 336
f 334 337 338
f 337 334 336

# obj64
v 620.86608887 -108.26772308 195.27557373
v 618.11022949 -153.54330444 189.37005615
v 618.11022949 -153.54330444 195.27557373
v 618.11022949 -153.54330444 183.46455383
v 620.86608887 -108.26772308 177.55903625
v 618.11022949 -153.54330444 177.55903625
usemtl Patch_64_Mat_CR4_seating
f 339 340 341
f 342 343 344
f 343 342 340
f 343 340 339

# obj65
v 762.59838867 -108.26772308 265.3543396
v 759.8425293 -154.72441101 259.44882202
v 759.8425293 -154.72441101 265.3543396
v 759.8425293 -154.72441101 253.5433197
v 762.59838867 -108.26772308 247.63780212
v 759.8425293 -154.72441101 247.63780212
usemtl Patch_65_Mat_CR4_seating
f 345 346 347
f 346 345 348
f 348 349 350
f 349 348 345

# obj66
v 707.48028564 -86.61417389 267.71655273
v 779.1338501 -70.86614227 300.78741455
v 707.48028564 -70.86614227 267.71655273
v 779.1338501 -86.61417389 300.78741455
usemtl Patch_66_Mat_CR4_linoleum
f 351 352 353
f 352 351 354

# obj67
v 727.16534424 -86.61417389 247.63780212
v 727.16534424 -108.26772308 230.31494141
v 727.16534424 -108.26772308 247.63780212
v 727.16534424 -86.61417389 230.31494141
usemtl Patch_67_Mat_CR4_seating
f 355 356 357
f 356 355 358

# obj68
v 564.17321777 -388.18896484 177.55906677
v 551.18109131 -502.75592041 209.05513
v 551.18109131 -502.75592041 177.55905151
v 564.17321777 -388.18896484 209.05513
usemtl Patch_68_Mat_CR4_whitePanels
f 359 360 361
f 360 359 362

# obj69
v 762.59838867 -86.61417389 265.3543396
v 762.59838867 -108.26772308 247.63780212
v 762.59838867 -108.26772308 265.3543396
v 762.59838867 -86.61417389 247.63780212
usemtl Patch_69_Mat_CR4_seating
f 363 364 365
f 364 363 366

# obj70
v 762.59838867 -86.61417389 265.3543396
v 727.16534424 -86.61417389 247.63780212
v 762.59838867 -86.61417389 247.63780212
v 851.18109131 -86.61417389 300.78741455
v 851.18109131 -86.61417389 265.3543396
v 707.48028564 -86.61417389 267.71655273
v 691.7322998 -86.61417389 267.71652222
v 779.1338501 -86.61417389 300.78741455
v 691.7322998 -86.61417389 230.31497192
v 727.16534424 -86.61417389 230.31494141
usemtl Patch_70_Mat_CR4_linoleum
f 367 368 369
f 370 367 371
f 367 370 372
f 367 372 373
f 372 370 374
f 368 375 376
f 375 368 373
f 373 368 367

# obj71
v -103.34807587 -484.09243774 100.39369965
v -105.33261871 -473.95373535 100.39369965
v -108.59525299 -483.27554321 100.39369965
v -92.12600708 -436.22045898 100.39369965
v -99.0896759 -472.02697754 100.39369965
v -87.00788879 -437.79525757 100.39369965
usemtl Patch_71_Mat_CR4_whitePanels
f 377 378 379
f 378 377 380
f 380 377 381
f 380 381 382

# obj72
v 580.31494141 -166.53544617 177.55906677
v 573.62207031 -277.55908203 209.05513
v 573.62207031 -277.55908203 177.55906677
v 580.31494141 -166.53544617 209.05513
usemtl Patch_72_Mat_CR4_whitePanels
f 383 384 385
f 384 383 386

# obj73
v 573.62207031 -277.55908203 177.55906677
v 564.17321777 -388.18896484 209.05513
v 564.17321777 -388.18896484 177.55906677
v 573.62207031 -277.55908203 209.05513
usemtl Patch_73_Mat_CR4_whitePanels
f 387 388 389
f 388 387 390

# obj74
v -108.59525299 -483.27554321 100.39369965
v -92.12600708 -436.22045898 59.84251785
v -108.59525299 -483.27554321 59.84251785
v -105.33261871 -473.95373535 100.39369965
v -92.12600708 -436.22045898 100.39369965
v -92.12600708 -436.22045898 68.89763641
usemtl Patch_74_Mat_CR4_whitePanels
f 391 392 393
f 392 391 394
f 392 394 395

# obj75
v -70.86616516 -375.19683838 100.49472046
v -76.37795258 -391.73226929 68.89763641
v -76.37795258 -391.73226929 100.58416748
v -76.37795258 -391.73226929 59.84251785
v -70.86616516 -375.19683838 59.84251785
usemtl Patch_75_Mat_CR4_whitePanels
f 397 398 399
f 398 397 400
f 400 397 401

# obj76
v 909.05511475 -173.22834778 167.71653748
v 901.96850586 -299.60629272 39.37007904
v 901.96850586 -299.60629272 167.71653748
v 909.05511475 -173.22833252 39.37007904
usemtl Patch_76_Mat_CR4_woodPanels
f 402 403 404
f 403 402 405

# obj77
v -87.00788879 -437.79525757 68.89763641
v -103.34807587 -484.09243774 100.39369965
v -103.34807587 -484.09243774 68.89763641
v -99.0896759 -472.02697754 100.39369965
v -87.00788879 -437.79525757 100.39369965
usemtl Patch_77_Mat_CR4_whitePanels
f 406 407 408
f 407 406 409
f 409 406 410

# obj78
v -67.32285309 -381.49603271 68.89763641
v -71.65354919 -393.30706787 100.57839203
v -71.65354919 -393.30706787 68.89763641
v -67.32285309 -381.49603271 100.51342773
usemtl Patch_78_Mat_CR4_whitePanels
f 411 412 413
f 412 411 414

# obj79
v -39.33636856 -275.56149292 8.989E-05
v -39.76376343 -364.96066284 7.87401772
v -39.76376343 -364.96066284 0
v -39.33636856 -275.56149292 7.87410736
usemtl Patch_79_Mat_CR4_parquet
f 415 416 417
f 416 415 418

# obj80
v 912.20471191 -46.45669174 167.71653748
v 909.05511475 -173.22833252 39.37007904
v 909.05511475 -173.22834778 167.71653748
v 912.20471191 -46.45669174 39.37007904
usemtl Patch_80_Mat_CR4_woodPanels
f 419 420 421
f 420 419 422

# obj81
v -265.74801636 -254.72439575 19.68504333
v -275.99157715 -359.53094482 19.61641502
v -276.77166748 -359.44882202 19.68504333
v -264.96792603 -254.80651855 19.61641502
usemtl Patch_81_Mat_CR4_whitePanels
f 423 424 425
f 424 423 426

# obj82
v -256.69293213 -101.18109894 11.81102657
v -261.42123413 -206.34030151 11.74405956
v -262.20471191 -206.29922485 11.81102657
v -255.90943909 -101.22218323 11.74405956
usemtl Patch_82_Mat_CR4_whitePanels
f 427 428 429
f 428 427 430

# obj83
v -254.7321167 -0 11.68690586
v -255.51179504 -52.75591278 11.81102657
v -255.5166626 -0 11.75378609
v -254.72723389 -52.75591278 11.74414635
usemtl Patch_83_Mat_CR4_whitePanels
f 431 432 433
f 432 431 434

# obj84
v 688.97637939 -154.33070374 230.31494141
v 688.97637939 -154.33070374 218.50390625
v 688.97637939 -154.33070374 224.40943909
v 691.7322998 -108.26772308 230.31494141
v 688.97637939 -154.33070374 212.59840393
v 691.7322998 -108.26772308 212.59840393
usemtl Patch_84_Mat_CR4_seating
f 436 435 438
f 436 438 439
f 439 438 440

# obj85
v 656.29925537 -108.26772308 212.59840393
v 653.54333496 -153.54330444 206.69288635
v 653.54333496 -153.54330444 212.59840393
v 653.54333496 -153.54330444 195.27557373
v 656.29925537 -108.26772308 195.27557373
v 653.54333496 -153.54330444 201.18109131
usemtl Patch_85_Mat_CR4_seating
f 441 442 443
f 442 441 444
f 444 441 445

# obj86
v 656.29925537 -0 212.59840393
v 656.29925537 -108.26772308 195.27557373
v 656.29925537 -108.26772308 212.59840393
v 656.29925537 -0 195.27557373
usemtl Patch_86_Mat_CR4_seating
f 447 448 449
f 448 447 450

# obj87
v 691.7322998 -86.61417389 230.31497192
v 691.7322998 -108.26772308 212.59840393
v 691.7322998 -108.26772308 230.31494141
v 691.7322998 -0 212.59840393
v 691.7322998 -0 230.31497192
usemtl Patch_87_Mat_CR4_seating
f 451 452 453
f 452 451 454
f 454 451 455

# obj88
v 650.78735352 -207.48031616 206.69288635
v 653.54333496 -153.54330444 201.18109131
v 650.78735352 -207.48031616 201.18107605
v 653.54333496 -153.54330444 206.69288635
usemtl Patch_88_Mat_CR4_linoleum
f 456 457 458
f 457 456 459

# obj89
v 650.78735352 -207.48031616 212.59840393
v 644.09442139 -317.32284546 195.27555847
v 644.09442139 -317.32284546 212.59840393
v 650.78735352 -207.48031616 201.18107605
v 650.78735352 -207.48031616 206.69288635
v 650.78735352 -207.48031616 195.27555847
usemtl Patch_89_Mat_CR4_seating
f 460 461 462
f 461 460 463
f 465 461 463

# obj90
v 686.22039795 -210.62991333 230.31497192
v 679.52758789 -320.47241211 212.59840393
v 679.52758789 -320.47241211 230.31497192
v 686.22039795 -210.62991333 224.40945435
v 686.22039795 -210.62991333 212.59840393
v 686.22039795 -210.62991333 218.50390625
usemtl Patch_90_Mat_CR4_seating
f 466 467 468
f 467 466 469
f 469 470 467

# obj91
v -268.26828003 -206.63421631 7.87401772
v -217.35827637 -231.3117218 373.36453247
v -246.45669556 -231.88975525 7.87401772
v -236.2739563 -207.49452209 393.78543091
usemtl Patch_91_Mat_CR4_concrete
f 472 473 474
f 473 472 475

# obj92
v -245.26560974 -362.28839111 372.17694092
v -276.77166748 -359.44882202 19.68504333
v -275.99157715 -359.53094482 19.61641502
v -246.04571533 -362.20626831 372.24557495
usemtl Patch_92_Mat_CR4_whitePanels
f 476 477 478
f 477 476 479

# obj93
v -245.26560974 -362.28839111 372.17694092
v -235.03431702 -257.48074341 372.10501099
v -246.04571533 -362.20626831 372.24557495
v -234.25421143 -257.56286621 372.03637695
usemtl Patch_93_Mat_CR4_whitePanels
f 480 481 482
f 481 480 483

# obj94
v -275.99157715 -359.53094482 19.61641502
v -234.25421143 -257.56286621 372.03637695
v -245.26560974 -362.28839111 372.17694092
v -264.96792603 -254.80651855 19.61641502
usemtl Patch_94_Mat_CR4_whitePanels
f 484 485 486
f 485 484 487

# obj95
v -235.03431702 -257.48074341 372.10501099
v -276.77166748 -359.44882202 19.68504333
v -246.04571533 -362.20626831 372.24557495
v -265.74801636 -254.72439575 19.68504333
usemtl Patch_95_Mat_CR4_whitePanels
f 488 489 490
f 489 488 491

# obj96
v -265.74801636 -254.72439575 19.68504333
v -234.25421143 -257.56286621 372.03637695
v -264.96792603 -254.80651855 19.61641502
v -235.03431702 -257.48074341 372.10501099
usemtl Patch_96_Mat_CR4_whitePanels
f 492 493 494
f 493 492 495

# obj97
v -230.70333862 -207.91558838 372.08938599
v -225.97589111 -102.7563324 372.14611816
v -231.48680115 -207.87449646 372.15637207
v -225.19242859 -102.79741669 372.07913208
usemtl Patch_97_Mat_CR4_whitePanels
f 496 497 498
f 497 496 499

# obj98
v -225.97589111 -102.7563324 372.14611816
v -262.20471191 -206.29922485 11.81102657
v -231.48680115 -207.87449646 372.15637207
v -256.69293213 -101.18109894 11.81102657
usemtl Patch_98_Mat_CR4_whitePanels
f 500 501 502
f 501 500 503

# obj99
v -256.69293213 -101.18109894 11.81102657
v -225.19242859 -102.79741669 372.07913208
v -255.90943909 -101.22218323 11.74405956
v -225.97589111 -102.7563324 372.14611816
usemtl Patch_99_Mat_CR4_whitePanels
f 504 505 506
f 505 504 507

# obj100
v -261.42123413 -206.34030151 11.74405956
v -225.19242859 -102.79741669 372.07913208
v -230.70333862 -207.91558838 372.08938599
v -255.90943909 -101.22218323 11.74405956
usemtl Patch_100_Mat_CR4_whitePanels
f 508 509 510
f 509 508 511

# obj101
v -230.70333862 -207.91558838 372.08938599
v -262.20471191 -206.29922485 11.81102657
v -261.42123413 -206.34030151 11.74405956
v -231.48680115 -207.87449646 372.15637207
usemtl Patch_101_Mat_CR4_whitePanels
f 512 513 514
f 513 512 515

# obj102
v -224.77609253 -52.361866 372.36434937
v -255.5166626 -0 11.75378609
v -255.51179504 -52.75591278 11.81102657
v -224.78092957 -0 372.30752563
usemtl Patch_102_Mat_CR4_whitePanels
f 516 517 518
f 517 516 519

# obj103
v -224.77609253 -52.361866 372.36434937
v -223.99636841 -0 372.24066162
v -224.78092957 -0 372.30752563
v -223.99153137 -52.361866 372.29745483
usemtl Patch_103_Mat_CR4_whitePanels
f 520 521 522
f 521 520 523

# obj104
v -254.7321167 -0 11.68690586
v -223.99153137 -52.361866 372.29745483
v -254.72723389 -52.75591278 11.74414635
v -223.99636841 -0 372.24066162
usemtl Patch_104_Mat_CR4_whitePanels
f 524 525 526
f 525 524 527

# obj105
v -223.99153137 -52.361866 372.29745483
v -255.51179504 -52.75591278 11.81102657
v -254.72723389 -52.75591278 11.74414635
v -224.77609253 -52.361866 372.36434937
usemtl Patch_105_Mat_CR4_whitePanels
f 528 529 530
f 529 528 531

# obj106
v -207.52603149 -77.73378754 372.29418945
v -263.77954102 -100.78739929 0
v -238.5827179 -77.16535187 0
v -231.09983826 -101.57485962 394.12503052
usemtl Patch_106_Mat_CR4_concrete
f 532 533 534
f 533 532 535

# obj107
v -140.55119324 -275.59054565 262.20483398
v -1.18110955 -0 368.11026001
v -140.55119324 -0 262.20483398
v -1.18110955 -350.39367676 368.11026001
v -1.18110955 -27.55905533 368.11026001
usemtl Patch_107_Mat_CR4_whitePanels
f 536 537 538
f 537 536 539

# obj108
v -1.18110955 -0 360.23623657
v -140.55119324 -275.59054565 254.33070374
v -140.55119324 -0 254.33070374
v -1.18110955 -350.39367676 360.23623657
v -1.18110955 -27.55905533 360.23623657
usemtl Patch_108_Mat_CR4_whitePanels
f 541 542 543
f 542 541 544

# obj109
v 895.40344238 -238.02807617 354.22467041
v 908.55029297 -163.0450592 265.35430908
v 902.71478271 -238.80490112 265.35430908
v 901.23748779 -162.48178101 354.04428101
usemtl Patch_109_Mat_CR4_woodPanels
f 546 547 548
f 547 546 549

# obj110
v -238.5827179 -77.16535187 0
v -229.51905823 -52.75600815 394.197052
v -207.52603149 -77.73378754 372.29418945
v -262.20471191 -52.36220169 0
usemtl Patch_110_Mat_CR4_concrete
f 550 551 552
f 551 550 553

# obj111
v -262.59841919 -385.82678223 15.74803543
v -252.43554688 -363.24923706 392.3873291
v -233.07046509 -389.98092651 376.39389038
v -283.46456909 -358.66140747 15.74803543
usemtl Patch_111_Mat_CR4_concrete
f 554 555 556
f 555 554 557

# obj112
v -233.07046509 -389.98092651 376.39389038
v -290.00146484 -406.87548828 15.74803543
v -262.59841919 -385.82678223 15.74803543
v -257.42715454 -409.84735107 391.95263672
usemtl Patch_112_Mat_CR4_concrete
f 558 559 560
f 559 558 561

# obj113
v -217.35827637 -231.3117218 373.36453247
v -273.03210449 -254.49868774 7.87401772
v -246.45669556 -231.88975525 7.87401772
v -240.54138184 -252.36155701 393.42349243
usemtl Patch_113_Mat_CR4_concrete
f 562 563 564
f 563 562 565

# obj114
v 515.78851318 -436.8789978 466.53549194
v 509.15682983 -457.93942261 444.6835022
v 510.71032715 -458.10818481 444.4881897
v 514.23504639 -436.7102356 466.73080444
usemtl Patch_114_Mat_CR4_whitePanels
f 566 567 568
f 567 566 569

# obj115
v 515.78851318 -436.8789978 468.11029053
v 514.23504639 -436.7102356 466.73080444
v 515.78851318 -436.8789978 466.53549194
v 514.23504639 -436.7102356 468.30560303
usemtl Patch_115_Mat_CR4_whitePanels
f 570 571 572
f 571 570 573

# obj116
v 524.71875 -314.68783569 444.6835022
v 510.71032715 -458.10818481 444.4881897
v 509.15682983 -457.93942261 444.6835022
v 526.27227783 -314.8565979 444.4881897
usemtl Patch_116_Mat_CR4_whitePanels
f 574 575 576
f 575 574 577

# obj117
v 526.67364502 -336.68112183 466.53549194
v 668.81866455 -486.3727417 447.63781738
v 515.78851318 -436.8789978 466.53549194
v 686.76208496 -321.20285034 447.63781738
usemtl Patch_117_Mat_CR4_whitePanels
f 578 579 580
f 579 578 581

# obj118
v 526.67364502 -336.68112183 466.53549194
v 686.76208496 -321.20285034 449.21261597
v 686.76208496 -321.20285034 447.63781738
v 526.67364502 -336.68112183 468.11029053
usemtl Patch_118_Mat_CR4_whitePanels
f 582 583 584
f 583 582 585

# obj119
v 686.76208496 -321.20285034 447.63781738
v 670.27227783 -486.53063965 447.63781738
v 668.81866455 -486.3727417 447.63781738
v 688.21569824 -321.36074829 447.63781738
usemtl Patch_119_Mat_CR4_whitePanels
f 586 587 588
f 587 586 589

# obj120
v 668.81866455 -486.3727417 449.21261597
v 515.78851318 -436.8789978 466.53549194
v 668.81866455 -486.3727417 447.63781738
v 515.78851318 -436.8789978 468.11029053
usemtl Patch_120_Mat_CR4_whitePanels
f 590 591 592
f 591 590 593

# obj121
v 524.71875 -314.68783569 444.6835022
v 526.67364502 -336.68112183 466.53549194
v 526.27227783 -314.8565979 444.4881897
v 525.12011719 -336.51235962 466.73080444
usemtl Patch_121_Mat_CR4_whitePanels
f 594 595 596
f 595 594 597

# obj122
v 525.12011719 -336.51235962 466.73080444
v 526.67364502 -336.68112183 468.11029053
v 526.67364502 -336.68112183 466.53549194
v 525.12011719 -336.51235962 468.30560303
usemtl Patch_122_Mat_CR4_whitePanels
f 598 599 600
f 599 598 601

# obj123
v 515.78851318 -436.8789978 468.11029053
v 525.12011719 -336.51235962 468.30560303
v 514.23504639 -436.7102356 468.30560303
v 526.67364502 -336.68112183 468.11029053
usemtl Patch_123_Mat_CR4_whitePanels
f 602 603 604
f 603 602 605

# obj124
v 525.12011719 -336.51235962 468.30560303
v 514.23504639 -436.7102356 466.73080444
v 514.23504639 -436.7102356 468.30560303
v 525.12011719 -336.51235962 466.73080444
usemtl Patch_124_Mat_CR4_whitePanels
f 606 607 608
f 607 606 609

# obj125
v 668.81866455 -486.3727417 449.21261597
v 526.67364502 -336.68112183 468.11029053
v 515.78851318 -436.8789978 468.11029053
v 686.76208496 -321.20285034 449.21261597
usemtl Patch_125_Mat_CR4_whitePanels
f 610 611 612
f 611 610 613

# obj126
v 686.76208496 -321.20285034 449.21261597
v 689.96844482 -327.09542847 454.53329468
v 688.21569824 -321.36074829 448.62780762
v 688.51477051 -326.9375 455.11813354
usemtl Patch_126_Mat_CR4_whitePanels
f 614 615 616
f 615 614 617

# obj127
v 673.21600342 -481.30627441 454.53329468
v 688.51477051 -326.9375 455.11813354
v 671.7623291 -481.14837646 455.11813354
v 689.96844482 -327.09542847 454.53329468
usemtl Patch_127_Mat_CR4_whitePanels
f 618 619 620
f 619 618 621

# obj128
v 686.76208496 -321.20285034 449.21261597
v 688.21569824 -321.36074829 447.63781738
v 686.76208496 -321.20285034 447.63781738
v 688.21569824 -321.36074829 448.62780762
usemtl Patch_128_Mat_CR4_whitePanels
f 622 623 624
f 623 622 625

# obj129
v 673.21600342 -481.30627441 454.53329468
v 668.81866455 -486.3727417 449.21261597
v 670.27227783 -486.53063965 448.62780762
v 671.7623291 -481.14837646 455.11813354
usemtl Patch_129_Mat_CR4_whitePanels
f 626 627 628
f 627 626 629

# obj130
v 670.27227783 -486.53063965 448.62780762
v 668.81866455 -486.3727417 447.63781738
v 670.27227783 -486.53063965 447.63781738
v 668.81866455 -486.3727417 449.21261597
usemtl Patch_130_Mat_CR4_whitePanels
f 630 631 632
f 631 630 633

# obj131
v 688.21569824 -321.36074829 447.63781738
v 670.27227783 -486.53063965 448.62780762
v 670.27227783 -486.53063965 447.63781738
v 688.21569824 -321.36074829 448.62780762
usemtl Patch_131_Mat_CR4_whitePanels
f 634 635 636
f 635 634 637

# obj132
v 799.19659424 -500.14028931 433.85827637
v 675.47912598 -454.22692871 483.07089233
v 799.19659424 -500.14028931 432.28347778
v 675.47912598 -454.22692871 484.64569092
usemtl Patch_132_Mat_CR4_whitePanels
f 638 639 640
f 639 638 641

# obj133
v 800.65148926 -500.29837036 433.27664185
v 799.19659424 -500.14028931 432.28347778
v 800.65148926 -500.29837036 431.70184326
v 799.19659424 -500.14028931 433.85827637
usemtl Patch_133_Mat_CR4_whitePanels
f 642 643 644
f 643 642 645

# obj134
v 675.47912598 -454.22692871 484.64569092
v 674.0401001 -454.07061768 483.69122314
v 675.47912598 -454.22692871 483.07089233
v 674.60699463 -454.13217163 485.02166748
usemtl Patch_134_Mat_CR4_whitePanels
f 646 647 648
f 647 646 649

# obj135
v 676.99353027 -328.45797729 458.88812256
v 686.36407471 -354.02905273 483.07089233
v 678.43249512 -328.61431885 458.26776123
v 684.92504883 -353.8727417 483.69122314
usemtl Patch_135_Mat_CR4_whitePanels
f 650 651 652
f 651 650 653

# obj136
v 676.99353027 -328.45797729 458.88812256
v 662.27514648 -477.34558105 458.26776123
v 660.83618164 -477.1892395 458.88812256
v 678.43249512 -328.61431885 458.26776123
usemtl Patch_136_Mat_CR4_whitePanels
f 654 655 656
f 655 654 657

# obj137
v 684.92504883 -353.8727417 483.69122314
v 686.36407471 -354.02905273 484.64569092
v 686.36407471 -354.02905273 483.07089233
v 685.49194336 -353.93432617 485.02166748
usemtl Patch_137_Mat_CR4_whitePanels
f 658 659 660
f 659 658 661

# obj138
v 675.47912598 -454.22692871 483.07089233
v 660.83618164 -477.1892395 458.88812256
v 662.27514648 -477.34558105 458.26776123
v 674.0401001 -454.07061768 483.69122314
usemtl Patch_138_Mat_CR4_whitePanels
f 662 663 664
f 663 662 665

# obj139
v 686.36407471 -354.02905273 483.07089233
v 817.05499268 -335.75320435 433.85827637
v 817.05499268 -335.75320435 432.28347778
v 686.36407471 -354.02905273 484.64569092
usemtl Patch_139_Mat_CR4_whitePanels
f 666 667 668
f 667 666 669

# obj140
v 817.05499268 -335.75320435 432.28347778
v 818.5098877 -335.91125488 433.27664185
v 818.5098877 -335.91125488 431.70184326
v 817.05499268 -335.75320435 433.85827637
usemtl Patch_140_Mat_CR4_whitePanels
f 670 671 672
f 671 670 673

# obj141
v 675.47912598 -454.22692871 484.64569092
v 685.49194336 -353.93432617 485.02166748
v 674.60699463 -454.13217163 485.02166748
v 686.36407471 -354.02905273 484.64569092
usemtl Patch_141_Mat_CR4_whitePanels
f 674 675 676
f 675 674 677

# obj142
v 685.49194336 -353.93432617 485.02166748
v 674.0401001 -454.07061768 483.69122314
v 674.60699463 -454.13217163 485.02166748
v 684.92504883 -353.8727417 483.69122314
usemtl Patch_142_Mat_CR4_whitePanels
f 678 679 680
f 679 678 681

# obj143
v 815.20861816 -479.30682373 463.98535156
v 826.7645874 -359.38098145 464.56698608
v 813.75372314 -479.14877319 464.56698608
v 828.21948242 -359.53903198 463.98535156
usemtl Patch_143_Mat_CR4_whitePanels
f 682 683 684
f 683 682 685

# obj144
v 815.20861816 -479.30682373 463.98535156
v 799.19659424 -500.14028931 433.85827637
v 800.65148926 -500.29837036 433.27664185
v 813.75372314 -479.14877319 464.56698608
usemtl Patch_144_Mat_CR4_whitePanels
f 686 687 688
f 687 686 689

# obj145
v 817.05499268 -335.75320435 433.85827637
v 828.21948242 -359.53903198 463.98535156
v 818.5098877 -335.91125488 433.27664185
v 826.7645874 -359.38098145 464.56698608
usemtl Patch_145_Mat_CR4_whitePanels
f 690 691 692
f 691 690 693

# obj146
v 817.05499268 -335.75320435 432.28347778
v 800.65148926 -500.29837036 431.70184326
v 799.19659424 -500.14028931 432.28347778
v 818.5098877 -335.91125488 431.70184326
usemtl Patch_146_Mat_CR4_whitePanels
f 694 695 696
f 695 694 697

# obj147
v 818.5098877 -335.91125488 431.70184326
v 800.65148926 -500.29837036 433.27664185
v 800.65148926 -500.29837036 431.70184326
v 818.5098877 -335.91125488 433.27664185
usemtl Patch_147_Mat_CR4_whitePanels
f 698 699 700
f 699 698 701

# obj148
v 779.51226807 -271.41925049 500.64624023
v 778.85601807 -311.17590332 448.67599487
v -217.35827637 -231.3117218 373.36453247
usemtl Patch_148_Mat_CR4_concrete
f 702 703 704

# obj149
v 779.51226807 -271.41925049 500.64624023
v -217.35827637 -231.3117218 373.36453247
v -236.2739563 -207.49452209 393.78543091
usemtl Patch_149_Mat_CR4_concrete
f 705 706 707

# obj150
v -231.09983826 -101.57485962 394.12503052
v 779.51226807 -271.41925049 500.64624023
v -236.2739563 -207.49452209 393.78543091
v 784.46807861 -142.59481812 500.91876221
v 781.04486084 -249.92781067 500.76586914
v 783.8236084 -165.12620544 500.8944397
v 835.06481934 -253.57199097 506.44924927
v 840.54943848 -167.43385315 506.85958862
v 879.13336182 -280.29660034 511.13140869
v 833.36706543 -277.58822632 506.31713867
v 841.15551758 -146.23065186 506.88241577
v 889.21746826 -148.51220703 511.93710327
usemtl Patch_150_Mat_CR4_concrete
f 708 709 710
f 709 708 711
f 709 711 712
f 712 711 713
f 713 714 712
f 714 713 715
f 714 716 717
f 716 714 715
f 716 715 718
f 716 718 719

# obj151
v -268.26828003 -206.63421631 7.87401772
v -231.09983826 -101.57485962 394.12503052
v -236.2739563 -207.49452209 393.78543091
v -267.86090088 -198.24906921 7.87401772
v -268.5039978 -198.0315094 0
v -263.77954102 -100.78739929 0
usemtl Patch_151_Mat_CR4_concrete
f 720 721 722
f 721 720 723
f 721 723 724
f 721 724 725

# obj152
v 784.46807861 -142.59481812 500.91876221
v -231.09983826 -101.57485962 394.12503052
v -207.52603149 -77.73378754 372.29418945
usemtl Patch_152_Mat_CR4_concrete
f 726 727 728

# obj153
v 784.46807861 -142.59481812 500.91876221
v 790.0380249 -117.81855011 430.12008667
v 783.8236084 -165.12620544 500.8944397
v 789.07794189 -104.05525208 449.85742188
v 790.82800293 -90.25955963 430.12472534
v 786.63977051 -66.66648102 501.00064087
v 787.32904053 -42.5683136 501.02661133
usemtl Patch_153_Mat_CR4_concrete
f 729 730 731
f 730 729 732
f 730 732 733
f 733 732 734
f 733 734 735

# obj154
v 841.29003906 -118.99307251 434.14224243
v 783.8236084 -165.12620544 500.8944397
v 790.0380249 -117.81855011 430.12008667
v 840.54943848 -167.43385315 506.85958862
usemtl Patch_154_Mat_CR4_concrete
f 736 737 738
f 737 736 739

# obj155
v 841.29003906 -118.99307251 434.14224243
v 841.15551758 -146.23065186 506.88241577
v 840.54943848 -167.43385315 506.85958862
v 841.85253906 -105.44908905 453.96472168
v 842.07745361 -91.43400574 434.12927246
v 843.41326904 -67.24938965 506.96743774
v 844.11090088 -42.84589386 506.99371338
usemtl Patch_155_Mat_CR4_concrete
f 740 741 742
f 741 740 743
f 743 740 744
f 743 744 745
f 745 744 746

# obj156
v 896.87573242 -106.90231323 458.24703979
v 841.15551758 -146.23065186 506.88241577
v 841.85253906 -105.44908905 453.96472168
v 889.21746826 -148.51220703 511.93710327
usemtl Patch_156_Mat_CR4_concrete
f 747 748 749
f 748 747 750

# obj157
v 833.36706543 -277.58822632 506.31713867
v 880.66796875 -319.33795166 456.3727417
v 830.82781982 -315.34237671 452.60494995
v 879.13336182 -280.29660034 511.13140869
usemtl Patch_157_Mat_CR4_concrete
f 751 752 753
f 752 751 754

# obj158
v 781.04486084 -249.92781067 500.76586914
v 831.87890625 -301.12405396 433.68225098
v 780.68389893 -297.21420288 428.98791504
v 835.06481934 -253.57199097 506.44924927
usemtl Patch_158_Mat_CR4_concrete
f 755 756 757
f 756 755 758

# obj159
v 820.14715576 -126.52204132 433.85827637
v 832.62200928 -149.64755249 463.98535156
v 821.60858154 -126.59863281 433.27664185
v 831.16052246 -149.57096863 464.56698608
usemtl Patch_159_Mat_CR4_whitePanels
f 759 760 761
f 760 759 762

# obj160
v 826.3170166 -269.95489502 463.98535156
v 831.16052246 -149.57096863 464.56698608
v 824.85552979 -269.8782959 464.56698608
v 832.62200928 -149.64755249 463.98535156
usemtl Patch_160_Mat_CR4_whitePanels
f 763 764 765
f 764 763 766

# obj161
v 820.14715576 -126.52204132 432.28347778
v 821.60858154 -126.59863281 433.27664185
v 821.60858154 -126.59863281 431.70184326
v 820.14715576 -126.52204132 433.85827637
usemtl Patch_161_Mat_CR4_whitePanels
f 767 768 769
f 768 767 770

# obj162
v 811.49291992 -291.64968872 433.85827637
v 685.40539551 -252.71401978 483.07089233
v 811.49291992 -291.64968872 432.28347778
v 685.40539551 -252.71401978 484.64569092
usemtl Patch_162_Mat_CR4_whitePanels
f 771 772 773
f 772 771 774

# obj163
v 812.9543457 -291.72628784 433.27664185
v 811.49291992 -291.64968872 432.28347778
v 812.9543457 -291.72628784 431.70184326
v 811.49291992 -291.64968872 433.85827637
usemtl Patch_163_Mat_CR4_whitePanels
f 775 776 777
f 776 775 778

# obj164
v 685.40539551 -252.71401978 484.64569092
v 683.9598999 -252.63825989 483.69122314
v 685.40539551 -252.71401978 483.07089233
v 684.52929688 -252.66810608 485.02166748
usemtl Patch_164_Mat_CR4_whitePanels
f 779 780 781
f 780 779 782

# obj165
v 679.89678955 -127.05664062 458.88812256
v 673.51251221 -276.53366089 458.26776123
v 672.0670166 -276.45791626 458.88812256
v 681.34228516 -127.13240051 458.26776123
usemtl Patch_165_Mat_CR4_whitePanels
f 783 784 785
f 784 783 786

# obj166
v 681.34228516 -127.13240051 458.26776123
v 685.40539551 -252.71401978 483.07089233
v 673.51251221 -276.53366089 458.26776123
v 690.68017578 -152.0647583 483.07089233
usemtl Patch_166_Mat_CR4_whitePanels
f 787 788 789
f 788 787 790

# obj167
v 685.40539551 -252.71401978 483.07089233
v 672.0670166 -276.45791626 458.88812256
v 673.51251221 -276.53366089 458.26776123
v 683.9598999 -252.63825989 483.69122314
usemtl Patch_167_Mat_CR4_whitePanels
f 791 792 793
f 792 791 794

# obj168
v 683.9598999 -252.63825989 483.69122314
v 679.89678955 -127.05664062 458.88812256
v 672.0670166 -276.45791626 458.88812256
v 689.23468018 -151.98901367 483.69122314
usemtl Patch_168_Mat_CR4_whitePanels
f 795 796 797
f 796 795 798

# obj169
v 679.89678955 -127.05664062 458.88812256
v 690.68017578 -152.0647583 483.07089233
v 681.34228516 -127.13240051 458.26776123
v 689.23468018 -151.98901367 483.69122314
usemtl Patch_169_Mat_CR4_whitePanels
f 799 800 801
f 800 799 802

# obj170
v 539.66680908 -114.58239746 437.20632935
v 532.49945068 -266.38381958 443.50552368
v 531.30126953 -274.20574951 437.20632935
v 540.04083252 -122.48678589 443.50552368
usemtl Patch_170_Mat_CR4_whitePanels
f 803 804 805
f 804 803 806

# obj171
v 531.30126953 -274.20574951 437.20632935
v 530.93896484 -266.30203247 443.70080566
v 529.74072266 -274.1239624 437.40161133
v 532.49945068 -266.38381958 443.50552368
usemtl Patch_171_Mat_CR4_whitePanels
f 807 808 809
f 808 807 810

# obj172
v 539.66680908 -114.58239746 435.6282959
v 531.30126953 -274.20574951 437.20632935
v 531.30126953 -274.20574951 435.6282959
v 539.66680908 -114.58239746 437.20632935
usemtl Patch_172_Mat_CR4_whitePanels
f 811 812 813
f 812 811 814

# obj173
v 538.48034668 -122.40499878 443.70080566
v 539.66680908 -114.58239746 437.20632935
v 538.10632324 -114.50061035 437.40161133
v 540.04083252 -122.48678589 443.50552368
usemtl Patch_173_Mat_CR4_whitePanels
f 815 816 817
f 816 815 818

# obj174
v 532.49945068 -266.38381958 443.50552368
v 538.48034668 -122.40499878 443.70080566
v 530.93896484 -266.30203247 443.70080566
v 540.04083252 -122.48678589 443.50552368
usemtl Patch_174_Mat_CR4_whitePanels
f 819 820 821
f 820 819 822

# obj175
v 820.14715576 -126.52204132 432.28347778
v 812.9543457 -291.72628784 431.70184326
v 811.49291992 -291.64968872 432.28347778
v 821.60858154 -126.59863281 431.70184326
usemtl Patch_175_Mat_CR4_whitePanels
f 823 824 825
f 824 823 826

# obj176
v 821.60858154 -126.59863281 431.70184326
v 812.9543457 -291.72628784 433.27664185
v 812.9543457 -291.72628784 431.70184326
v 821.60858154 -126.59863281 433.27664185
usemtl Patch_176_Mat_CR4_whitePanels
f 827 828 829
f 828 827 830

# obj177
v 826.3170166 -269.95489502 463.98535156
v 811.49291992 -291.64968872 433.85827637
v 812.9543457 -291.72628784 433.27664185
v 824.85552979 -269.8782959 464.56698608
usemtl Patch_177_Mat_CR4_whitePanels
f 831 832 833
f 832 831 834

# obj178
v 527.09082031 -121.80815125 444.6835022
v 521.11016846 -265.78686523 444.4881897
v 519.54968262 -265.70507812 444.6835022
v 528.65130615 -121.88993835 444.4881897
usemtl Patch_178_Mat_CR4_whitePanels
f 835 836 837
f 836 835 838

# obj179
v 528.65130615 -121.88993835 444.4881897
v 524.99542236 -244.30729675 466.53549194
v 521.11016846 -265.78686523 444.4881897
v 530.27032471 -143.65803528 466.53549194
usemtl Patch_179_Mat_CR4_whitePanels
f 839 840 841
f 840 839 842

# obj180
v 524.99542236 -244.30729675 466.53549194
v 519.54968262 -265.70507812 444.6835022
v 521.11016846 -265.78686523 444.4881897
v 523.43487549 -244.22550964 466.73080444
usemtl Patch_180_Mat_CR4_whitePanels
f 843 844 845
f 844 843 846

# obj181
v 523.43487549 -244.22550964 466.73080444
v 527.09082031 -121.80815125 444.6835022
v 519.54968262 -265.70507812 444.6835022
v 528.70983887 -143.57624817 466.73080444
usemtl Patch_181_Mat_CR4_whitePanels
f 847 848 849
f 848 847 850

# obj182
v 527.09082031 -121.80815125 444.6835022
v 530.27032471 -143.65803528 466.53549194
v 528.65130615 -121.88993835 444.4881897
v 528.70983887 -143.57624817 466.73080444
usemtl Patch_182_Mat_CR4_whitePanels
f 851 852 853
f 852 851 854

# obj183
v 690.68017578 -152.0647583 483.07089233
v 820.14715576 -126.52204132 433.85827637
v 820.14715576 -126.52204132 432.28347778
v 690.68017578 -152.0647583 484.64569092
usemtl Patch_183_Mat_CR4_whitePanels
f 855 856 857
f 856 855 858

# obj184
v 689.23468018 -151.98901367 483.69122314
v 690.68017578 -152.0647583 484.64569092
v 690.68017578 -152.0647583 483.07089233
v 689.80407715 -152.0188446 485.02166748
usemtl Patch_184_Mat_CR4_whitePanels
f 859 860 861
f 860 859 862

# obj185
v 530.93896484 -266.30203247 443.70080566
v 538.10632324 -114.50061035 437.40161133
v 529.74072266 -274.1239624 437.40161133
v 538.48034668 -122.40499878 443.70080566
usemtl Patch_185_Mat_CR4_whitePanels
f 863 864 865
f 864 863 866

# obj186
v 531.30126953 -274.20574951 437.20632935
v 529.74072266 -274.1239624 435.82678223
v 531.30126953 -274.20574951 435.6282959
v 529.74072266 -274.1239624 437.40161133
usemtl Patch_186_Mat_CR4_whitePanels
f 867 868 869
f 868 867 870

# obj187
v 685.40539551 -252.71401978 484.64569092
v 689.80407715 -152.0188446 485.02166748
v 684.52929688 -252.66810608 485.02166748
v 690.68017578 -152.0647583 484.64569092
usemtl Patch_187_Mat_CR4_whitePanels
f 871 872 873
f 872 871 874

# obj188
v 689.80407715 -152.0188446 485.02166748
v 683.9598999 -252.63825989 483.69122314
v 684.52929688 -252.66810608 485.02166748
v 689.23468018 -151.98901367 483.69122314
usemtl Patch_188_Mat_CR4_whitePanels
f 875 876 877
f 876 875 878

# obj189
v 74.62870026 -240.96936035 401.5748291
v 62.95751572 -237.99226379 400.00003052
v 74.62870026 -240.96936035 400.00003052
v 62.95751572 -237.99226379 401.5748291
usemtl Patch_189_Mat_CR4_whitePanels
f 879 880 881
f 880 879 882

# obj190
v 62.95751572 -237.99226379 401.5748291
v 30.40928078 -242.20013428 400.78744507
v 62.95751572 -237.99226379 400.00003052
v 30.40928078 -242.20013428 402.36224365
usemtl Patch_190_Mat_CR4_whitePanels
f 883 884 885
f 884 883 886

# obj191
v 70.12795258 -101.17215729 400.00003052
v 74.62870026 -240.96936035 400.00003052
v 62.95751572 -237.99226379 400.00003052
v 82.04636383 -99.43136597 400.00003052
usemtl Patch_191_Mat_CR4_whitePanels
f 887 888 889
f 888 887 890

# obj192
v 76.59148407 -241.07225037 407.77578735
v 74.62870026 -240.96936035 400.00003052
v 76.10018158 -241.04649353 399.90484619
v 74.62870026 -240.96936035 401.5748291
v 75.02190399 -240.98999023 407.87402344
usemtl Patch_192_Mat_CR4_whitePanels
f 891 892 893
f 892 891 894
f 894 891 895

# obj193
v 74.62870026 -240.96936035 401.5748291
v 70.12795258 -101.17215729 401.5748291
v 62.95751572 -237.99226379 401.5748291
v 82.04636383 -99.43136597 401.5748291
usemtl Patch_193_Mat_CR4_whitePanels
f 896 897 898
f 897 896 899

# obj194
v 538.10632324 -114.50061035 435.82678223
v 531.30126953 -274.20574951 435.6282959
v 529.74072266 -274.1239624 435.82678223
v 539.66680908 -114.58239746 435.6282959
usemtl Patch_194_Mat_CR4_whitePanels
f 900 901 902
f 901 900 903

# obj195
v 538.10632324 -114.50061035 435.82678223
v 539.66680908 -114.58239746 437.20632935
v 539.66680908 -114.58239746 435.6282959
v 538.10632324 -114.50061035 437.40161133
usemtl Patch_195_Mat_CR4_whitePanels
f 904 905 906
f 905 904 907

# obj196
v 50.18780899 -96.43412781 400.49176025
v 70.12795258 -101.17215729 401.5748291
v 70.12795258 -101.17215729 400.00003052
v 38.19785309 -93.5851593 400.78744507
v 38.19785309 -93.5851593 402.36224365
v 50.18780899 -96.43412781 402.06655884
usemtl Patch_196_Mat_CR4_whitePanels
f 908 909 910
f 909 908 911
f 909 911 912
f 909 912 913

# obj197
v 70.12795258 -101.17215729 401.5748291
v 82.04636383 -99.43136597 400.00003052
v 70.12795258 -101.17215729 400.00003052
v 82.04636383 -99.43136597 401.5748291
usemtl Patch_197_Mat_CR4_whitePanels
f 914 915 916
f 915 914 917

# obj198
v 38.19785309 -93.5851593 400.78744507
v 62.95751572 -237.99226379 400.00003052
v 30.40928078 -242.20013428 400.78744507
v 50.18780899 -96.43412781 400.49176025
v 70.12795258 -101.17215729 400.00003052
usemtl Patch_198_Mat_CR4_whitePanels
f 918 919 920
f 919 918 921
f 919 921 922

# obj199
v -6.20982409 -100.52230835 401.39413452
v 38.19785309 -93.5851593 402.36224365
v 38.19785309 -93.5851593 400.78744507
v -77.07588196 -111.59265137 402.36224365
v -6.20982409 -100.52230835 402.96893311
v -77.07588196 -111.59265137 403.93704224
usemtl Patch_199_Mat_CR4_whitePanels
f 923 924 925
f 924 923 926
f 924 926 927
f 927 926 928

# obj200
v 62.95751572 -237.99226379 401.5748291
v 38.19785309 -93.5851593 402.36224365
v 30.40928078 -242.20013428 402.36224365
v 50.18780899 -96.43412781 402.06655884
v 70.12795258 -101.17215729 401.5748291
usemtl Patch_200_Mat_CR4_whitePanels
f 929 930 931
f 930 929 932
f 932 929 933

# obj201
v 376.73519897 -117.08224487 432.05639648
v 371.08731079 -254.77064514 431.88980103
v 369.52346802 -254.68867493 432.05639648
v 378.29901123 -117.16419983 431.88980103
usemtl Patch_201_Mat_CR4_whitePanels
f 934 935 936
f 935 934 937

# obj202
v 378.29901123 -117.16419983 431.88980103
v 374.02157593 -236.39508057 450.39370728
v 371.08731079 -254.77064514 431.88980103
v 379.29632568 -135.74583435 450.39370728
usemtl Patch_202_Mat_CR4_whitePanels
f 938 939 940
f 939 938 941

# obj203
v 374.02157593 -236.39508057 450.39370728
v 369.52346802 -254.68867493 432.05639648
v 371.08731079 -254.77064514 431.88980103
v 372.45776367 -236.31312561 450.56030273
usemtl Patch_203_Mat_CR4_whitePanels
f 942 943 944
f 943 942 945

# obj204
v 372.45776367 -236.31312561 450.56030273
v 376.73519897 -117.08224487 432.05639648
v 369.52346802 -254.68867493 432.05639648
v 377.73251343 -135.66387939 450.56030273
usemtl Patch_204_Mat_CR4_whitePanels
f 946 947 948
f 947 946 949

# obj205
v 376.73519897 -117.08224487 432.05639648
v 379.29632568 -135.74583435 450.39370728
v 378.29901123 -117.16419983 431.88980103
v 377.73251343 -135.66387939 450.56030273
usemtl Patch_205_Mat_CR4_whitePanels
f 950 951 952
f 951 950 953

# obj206
v 76.59148407 -241.07225037 407.77578735
v 82.36953735 -100.78773499 407.87402344
v 75.02190399 -240.98999023 407.87402344
v 83.93912506 -100.86999512 407.77578735
usemtl Patch_206_Mat_CR4_whitePanels
f 954 955 956
f 955 954 957

# obj207
v 82.36953735 -100.78773499 407.87402344
v 74.62870026 -240.96936035 401.5748291
v 75.02190399 -240.98999023 407.87402344
v 82.04636383 -99.43136597 401.5748291
v 82.43954468 -99.4519577 407.87402344
usemtl Patch_207_Mat_CR4_whitePanels
f 958 959 960
f 959 958 961
f 961 958 962

# obj208
v 76.10018158 -241.04649353 399.90484619
v 83.93912506 -100.86999512 407.77578735
v 76.59148407 -241.07225037 407.77578735
v 83.51783752 -99.50849152 399.90484619
v 84.00912476 -99.53421021 407.77578735
usemtl Patch_208_Mat_CR4_whitePanels
f 963 964 965
f 964 963 966
f 964 966 967

# obj209
v 83.93912506 -100.86999512 407.77578735
v 82.43954468 -99.4519577 407.87402344
v 82.36953735 -100.78773499 407.87402344
v 84.00912476 -99.53421021 407.77578735
usemtl Patch_209_Mat_CR4_whitePanels
f 968 969 970
f 969 968 971

# obj210
v 528.70983887 -143.57624817 466.73080444
v 530.27032471 -143.65803528 468.11029053
v 530.27032471 -143.65803528 466.53549194
v 528.70983887 -143.57624817 468.30560303
usemtl Patch_210_Mat_CR4_whitePanels
f 972 973 974
f 973 972 975

# obj211
v 524.99542236 -244.30729675 468.11029053
v 528.70983887 -143.57624817 468.30560303
v 523.43487549 -244.22550964 468.30560303
v 530.27032471 -143.65803528 468.11029053
usemtl Patch_211_Mat_CR4_whitePanels
f 976 977 978
f 977 976 979

# obj212
v 530.27032471 -143.65803528 466.53549194
v 689.24511719 -119.26750946 449.21261597
v 689.24511719 -119.26750946 447.63781738
v 530.27032471 -143.65803528 468.11029053
usemtl Patch_212_Mat_CR4_whitePanels
f 980 981 982
f 981 980 983

# obj213
v 528.70983887 -143.57624817 468.30560303
v 523.43487549 -244.22550964 466.73080444
v 523.43487549 -244.22550964 468.30560303
v 528.70983887 -143.57624817 466.73080444
usemtl Patch_213_Mat_CR4_whitePanels
f 984 985 986
f 985 984 987

# obj214
v 82.04636383 -99.43136597 400.00003052
v 84.00912476 -99.53421021 407.77578735
v 83.51783752 -99.50849152 399.90484619
v 82.04636383 -99.43136597 401.5748291
v 82.43954468 -99.4519577 407.87402344
usemtl Patch_214_Mat_CR4_whitePanels
f 988 989 990
f 989 988 991
f 989 991 992

# obj215
v 82.04636383 -99.43136597 400.00003052
v 76.10018158 -241.04649353 399.90484619
v 74.62870026 -240.96936035 400.00003052
v 83.51783752 -99.50849152 399.90484619
usemtl Patch_215_Mat_CR4_whitePanels
f 993 994 995
f 994 993 996

# obj216
v 377.73251343 -135.66387939 450.56030273
v 379.29632568 -135.74583435 451.96853638
v 379.29632568 -135.74583435 450.39370728
v 377.73251343 -135.66387939 452.13510132
usemtl Patch_216_Mat_CR4_whitePanels
f 997 998 999
f 998 997 1000

# obj217
v 689.24511719 -119.26750946 449.21261597
v 690.70532227 -119.34403229 447.63781738
v 689.24511719 -119.26750946 447.63781738
v 690.70532227 -119.34403229 448.62780762
usemtl Patch_217_Mat_CR4_whitePanels
f 1001 1002 1003
f 1002 1001 1004

# obj218
v 689.24511719 -119.26750946 449.21261597
v 692.77545166 -124.9719162 454.53329468
v 690.70532227 -119.34403229 448.62780762
v 691.31524658 -124.89538574 455.11813354
usemtl Patch_218_Mat_CR4_whitePanels
f 1005 1006 1007
f 1006 1005 1008

# obj219
v 690.70532227 -119.34403229 447.63781738
v 682.0098877 -285.25802612 448.62780762
v 682.0098877 -285.25802612 447.63781738
v 690.70532227 -119.34403229 448.62780762
usemtl Patch_219_Mat_CR4_whitePanels
f 1009 1010 1011
f 1010 1009 1012

# obj220
v 689.24511719 -119.26750946 447.63781738
v 682.0098877 -285.25802612 447.63781738
v 680.54974365 -285.18148804 447.63781738
v 690.70532227 -119.34403229 447.63781738
usemtl Patch_220_Mat_CR4_whitePanels
f 1013 1014 1015
f 1014 1013 1016

# obj221
v 224.3966217 -127.62787628 435.96130371
v 219.12181091 -228.2771759 434.38647461
v 219.12181091 -228.2771759 435.96130371
v 224.3966217 -127.62787628 434.38647461
usemtl Patch_221_Mat_CR4_whitePanels
f 1017 1018 1019
f 1018 1017 1020

# obj222
v 220.68870544 -228.35929871 435.82678223
v 224.3966217 -127.62787628 435.96130371
v 219.12181091 -228.2771759 435.96130371
v 225.96353149 -127.70999146 435.82678223
usemtl Patch_222_Mat_CR4_whitePanels
f 1021 1022 1023
f 1022 1021 1024

# obj223
v 224.3966217 -127.62787628 434.38647461
v 225.96353149 -127.70999146 435.82678223
v 225.96353149 -127.70999146 434.25198364
v 224.3966217 -127.62787628 435.96130371
usemtl Patch_223_Mat_CR4_whitePanels
f 1025 1026 1027
f 1026 1025 1028

# obj224
v 219.12181091 -228.2771759 434.38647461
v 224.02075195 -112.23278809 420.60699463
v 217.13865662 -243.5486145 420.60699463
v 224.3966217 -127.62787628 434.38647461
usemtl Patch_224_Mat_CR4_whitePanels
f 1029 1030 1031
f 1030 1029 1032

# obj225
v 220.68870544 -228.35929871 435.82678223
v 219.12181091 -228.2771759 434.38647461
v 220.68870544 -228.35929871 434.25198364
v 219.12181091 -228.2771759 435.96130371
usemtl Patch_225_Mat_CR4_whitePanels
f 1033 1034 1035
f 1034 1033 1036

# obj226
v 524.99542236 -244.30729675 468.11029053
v 523.43487549 -244.22550964 466.73080444
v 524.99542236 -244.30729675 466.53549194
v 523.43487549 -244.22550964 468.30560303
usemtl Patch_226_Mat_CR4_whitePanels
f 1037 1038 1039
f 1038 1037 1040

# obj227
v 680.54974365 -285.18148804 449.21261597
v 524.99542236 -244.30729675 466.53549194
v 680.54974365 -285.18148804 447.63781738
v 524.99542236 -244.30729675 468.11029053
usemtl Patch_227_Mat_CR4_whitePanels
f 1041 1042 1043
f 1042 1041 1044

# obj228
v 378.92822266 -263.06637573 431.39129639
v 385.3949585 -109.65128326 431.49609375
v 377.35903931 -262.98413086 431.49609375
v 386.96411133 -109.73352051 431.39129639
usemtl Patch_228_Mat_CR4_whitePanels
f 1045 1046 1047
f 1046 1045 1048

# obj229
v 385.3949585 -109.65128326 431.49609375
v 376.96582031 -262.96353149 425.59057617
v 377.35903931 -262.98413086 431.49609375
v 385.00158691 -109.63066864 425.59057617
usemtl Patch_229_Mat_CR4_whitePanels
f 1049 1050 1051
f 1050 1049 1052

# obj230
v 378.53500366 -263.04577637 425.48577881
v 376.96582031 -262.96353149 424.01577759
v 378.43035889 -263.04031372 423.91445923
v 376.96582031 -262.96353149 425.59057617
v 378.92822266 -263.06637573 431.39129639
v 377.35903931 -262.98413086 431.49609375
usemtl Patch_230_Mat_CR4_whitePanels
f 1053 1054 1055
f 1054 1053 1056
f 1056 1053 1057
f 1056 1057 1058

# obj231
v 378.53500366 -263.04577637 425.48577881
v 386.96411133 -109.73352051 431.39129639
v 378.92822266 -263.06637573 431.39129639
v 386.57073975 -109.71290588 425.48577881
usemtl Patch_231_Mat_CR4_whitePanels
f 1059 1060 1061
f 1060 1059 1062

# obj232
v 385.00158691 -109.63066864 424.01577759
v 386.57073975 -109.71290588 425.48577881
v 386.46606445 -109.70742035 423.91445923
v 385.00158691 -109.63066864 425.59057617
v 386.96411133 -109.73352051 431.39129639
v 385.3949585 -109.65128326 431.49609375
usemtl Patch_232_Mat_CR4_whitePanels
f 1063 1064 1065
f 1064 1063 1066
f 1064 1066 1067
f 1067 1066 1068

# obj233
v 376.96582031 -262.96353149 425.59057617
v 225.96353149 -127.70999146 435.82678223
v 220.68870544 -228.35929871 435.82678223
v 385.00158691 -109.63066864 425.59057617
usemtl Patch_233_Mat_CR4_whitePanels
f 1069 1070 1071
f 1070 1069 1072

# obj234
v 224.3966217 -127.62787628 434.38647461
v 225.58764648 -112.31491089 420.47250366
v 224.02075195 -112.23278809 420.60699463
v 225.96353149 -127.70999146 434.25198364
usemtl Patch_234_Mat_CR4_whitePanels
f 1073 1074 1075
f 1074 1073 1076

# obj235
v 225.58764648 -112.31491089 420.47250366
v 220.68870544 -228.35929871 434.25198364
v 218.70556641 -243.63072205 420.47250366
v 225.96353149 -127.70999146 434.25198364
usemtl Patch_235_Mat_CR4_whitePanels
f 1077 1078 1079
f 1078 1077 1080

# obj236
v 224.02075195 -112.23278809 420.60699463
v 218.70556641 -243.63072205 420.47250366
v 217.13865662 -243.5486145 420.60699463
v 225.58764648 -112.31491089 420.47250366
usemtl Patch_236_Mat_CR4_whitePanels
f 1081 1082 1083
f 1082 1081 1084

# obj237
v 218.70556641 -243.63072205 420.47250366
v 219.12181091 -228.2771759 434.38647461
v 217.13865662 -243.5486145 420.60699463
v 220.68870544 -228.35929871 434.25198364
usemtl Patch_237_Mat_CR4_whitePanels
f 1085 1086 1087
f 1086 1085 1088

# obj238
v 225.96353149 -127.70999146 434.25198364
v 385.00158691 -109.63066864 425.59057617
v 385.00158691 -109.63066864 424.01577759
v 225.96353149 -127.70999146 435.82678223
usemtl Patch_238_Mat_CR4_whitePanels
f 1089 1090 1091
f 1090 1089 1092

# obj239
v 376.96582031 -262.96353149 425.59057617
v 220.68870544 -228.35929871 434.25198364
v 376.96582031 -262.96353149 424.01577759
v 220.68870544 -228.35929871 435.82678223
usemtl Patch_239_Mat_CR4_whitePanels
f 1093 1094 1095
f 1094 1093 1096

# obj240
v 379.29632568 -135.74583435 450.39370728
v 529.74072266 -274.1239624 435.82678223
v 374.02157593 -236.39508057 450.39370728
v 538.10632324 -114.50061035 435.82678223
usemtl Patch_240_Mat_CR4_whitePanels
f 1097 1098 1099
f 1098 1097 1100

# obj241
v 530.27032471 -143.65803528 466.53549194
v 680.54974365 -285.18148804 447.63781738
v 524.99542236 -244.30729675 466.53549194
v 689.24511719 -119.26750946 447.63781738
usemtl Patch_241_Mat_CR4_whitePanels
f 1101 1102 1103
f 1102 1101 1104

# obj242
v 680.54974365 -285.18148804 449.21261597
v 530.27032471 -143.65803528 468.11029053
v 524.99542236 -244.30729675 468.11029053
v 689.24511719 -119.26750946 449.21261597
usemtl Patch_242_Mat_CR4_whitePanels
f 1105 1106 1107
f 1106 1105 1108

# obj243
v 529.74072266 -274.1239624 437.40161133
v 379.29632568 -135.74583435 451.96853638
v 374.02157593 -236.39508057 451.96853638
v 538.10632324 -114.50061035 437.40161133
usemtl Patch_243_Mat_CR4_whitePanels
f 1109 1110 1111
f 1110 1109 1112

# obj244
v 225.96353149 -127.70999146 434.25198364
v 376.96582031 -262.96353149 424.01577759
v 220.68870544 -228.35929871 434.25198364
v 385.00158691 -109.63066864 424.01577759
usemtl Patch_244_Mat_CR4_whitePanels
f 1113 1114 1115
f 1114 1113 1116

# obj245
v 682.0098877 -285.25802612 448.62780762
v 680.54974365 -285.18148804 447.63781738
v 682.0098877 -285.25802612 447.63781738
v 680.54974365 -285.18148804 449.21261597
usemtl Patch_245_Mat_CR4_whitePanels
f 1117 1118 1119
f 1118 1117 1120

# obj246
v 374.02157593 -236.39508057 451.96853638
v 372.45776367 -236.31312561 450.56030273
v 374.02157593 -236.39508057 450.39370728
v 372.45776367 -236.31312561 452.13510132
usemtl Patch_246_Mat_CR4_whitePanels
f 1121 1122 1123
f 1122 1121 1124

# obj247
v 379.29632568 -135.74583435 450.39370728
v 538.10632324 -114.50061035 437.40161133
v 538.10632324 -114.50061035 435.82678223
v 379.29632568 -135.74583435 451.96853638
usemtl Patch_247_Mat_CR4_whitePanels
f 1125 1126 1127
f 1126 1125 1128

# obj248
v 385.00158691 -109.63066864 424.01577759
v 378.43035889 -263.04031372 423.91445923
v 376.96582031 -262.96353149 424.01577759
v 386.46606445 -109.70742035 423.91445923
usemtl Patch_248_Mat_CR4_whitePanels
f 1129 1130 1131
f 1130 1129 1132

# obj249
v 378.43035889 -263.04031372 423.91445923
v 386.57073975 -109.71290588 425.48577881
v 378.53500366 -263.04577637 425.48577881
v 386.46606445 -109.70742035 423.91445923
usemtl Patch_249_Mat_CR4_whitePanels
f 1133 1134 1135
f 1134 1133 1136

# obj250
v 233.07661438 -104.82254791 411.4173584
v 226.85827637 -251.94282532 411.33673096
v 225.37046814 -251.86483765 411.4173584
v 234.56440735 -104.90052032 411.33673096
usemtl Patch_250_Mat_CR4_whitePanels
f 1137 1138 1139
f 1138 1137 1140

# obj251
v 226.85827637 -251.94282532 411.33673096
v 235.04034424 -104.92547607 420.38970947
v 227.33410645 -251.96769714 420.38970947
v 234.56440735 -104.90052032 411.33673096
usemtl Patch_251_Mat_CR4_whitePanels
f 1141 1142 1143
f 1142 1141 1144

# obj252
v 227.33410645 -251.96769714 420.38970947
v 225.37046814 -251.86483765 411.4173584
v 226.85827637 -251.94282532 411.33673096
v 225.37046814 -251.86483765 412.99215698
v 225.76364136 -251.88539124 420.47250366
usemtl Patch_252_Mat_CR4_whitePanels
f 1145 1146 1147
f 1146 1145 1148
f 1148 1145 1149

# obj253
v 221.17868042 -106.17019653 412.20477295
v 225.37046814 -251.86483765 411.4173584
v 213.67866516 -249.28085327 412.20477295
v 233.07661438 -104.82254791 411.4173584
usemtl Patch_253_Mat_CR4_whitePanels
f 1150 1151 1152
f 1151 1150 1153

# obj254
v 233.07661438 -104.82254791 411.4173584
v 235.04034424 -104.92547607 420.38970947
v 234.56440735 -104.90052032 411.33673096
v 233.07661438 -104.82254791 412.99215698
v 233.46986389 -104.84317017 420.47250366
usemtl Patch_254_Mat_CR4_whitePanels
f 1154 1155 1156
f 1155 1154 1157
f 1155 1157 1158

# obj255
v 684.65734863 -279.87747192 454.53329468
v 691.31524658 -124.89538574 455.11813354
v 683.19720459 -279.80096436 455.11813354
v 692.77545166 -124.9719162 454.53329468
usemtl Patch_255_Mat_CR4_whitePanels
f 1159 1160 1161
f 1160 1159 1162

# obj256
v 683.19720459 -279.80096436 455.11813354
v 689.24511719 -119.26750946 449.21261597
v 680.54974365 -285.18148804 449.21261597
v 691.31524658 -124.89538574 455.11813354
usemtl Patch_256_Mat_CR4_whitePanels
f 1163 1164 1165
f 1164 1163 1166

# obj257
v 684.65734863 -279.87747192 454.53329468
v 680.54974365 -285.18148804 449.21261597
v 682.0098877 -285.25802612 448.62780762
v 683.19720459 -279.80096436 455.11813354
usemtl Patch_257_Mat_CR4_whitePanels
f 1167 1168 1169
f 1168 1167 1170

# obj258
v 690.70532227 -119.34403229 448.62780762
v 684.65734863 -279.87747192 454.53329468
v 682.0098877 -285.25802612 448.62780762
v 692.77545166 -124.9719162 454.53329468
usemtl Patch_258_Mat_CR4_whitePanels
f 1171 1172 1173
f 1172 1171 1174

# obj259
v 529.74072266 -274.1239624 437.40161133
v 374.02157593 -236.39508057 450.39370728
v 529.74072266 -274.1239624 435.82678223
v 374.02157593 -236.39508057 451.96853638
usemtl Patch_259_Mat_CR4_whitePanels
f 1175 1176 1177
f 1176 1175 1178

# obj260
v 374.02157593 -236.39508057 451.96853638
v 377.73251343 -135.66387939 452.13510132
v 372.45776367 -236.31312561 452.13510132
v 379.29632568 -135.74583435 451.96853638
usemtl Patch_260_Mat_CR4_whitePanels
f 1179 1180 1181
f 1180 1179 1182

# obj261
v 377.73251343 -135.66387939 452.13510132
v 372.45776367 -236.31312561 450.56030273
v 372.45776367 -236.31312561 452.13510132
v 377.73251343 -135.66387939 450.56030273
usemtl Patch_261_Mat_CR4_whitePanels
f 1183 1184 1185
f 1184 1183 1186

# obj262
v 227.33410645 -251.96769714 420.38970947
v 233.46986389 -104.84317017 420.47250366
v 225.76364136 -251.88539124 420.47250366
v 235.04034424 -104.92547607 420.38970947
usemtl Patch_262_Mat_CR4_whitePanels
f 1187 1188 1189
f 1188 1187 1190

# obj263
v 233.46986389 -104.84317017 420.47250366
v 225.37046814 -251.86483765 412.99215698
v 225.76364136 -251.88539124 420.47250366
v 233.07661438 -104.82254791 412.99215698
usemtl Patch_263_Mat_CR4_whitePanels
f 1191 1192 1193
f 1192 1191 1194

# obj264
v -77.07588196 -111.59265137 403.93704224
v -82.35068512 -212.24189758 402.36224365
v -82.35068512 -212.24189758 403.93704224
v -77.07588196 -111.59265137 402.36224365
usemtl Patch_264_Mat_CR4_whitePanels
f 1195 1196 1197
f 1196 1195 1198

# obj265
v -77.07588196 -111.59265137 402.36224365
v 30.40928078 -242.20013428 400.78744507
v -82.35068512 -212.24189758 402.36224365
v -6.20982409 -100.52230835 401.39413452
v 38.19785309 -93.5851593 400.78744507
usemtl Patch_265_Mat_CR4_whitePanels
f 1199 1200 1201
f 1200 1199 1202
f 1200 1202 1203

# obj266
v 30.40928078 -242.20013428 402.36224365
v -82.35068512 -212.24189758 402.36224365
v 30.40928078 -242.20013428 400.78744507
v -82.35068512 -212.24189758 403.93704224
usemtl Patch_266_Mat_CR4_whitePanels
f 1204 1205 1206
f 1205 1204 1207

# obj267
v 30.40928078 -242.20013428 402.36224365
v -77.07588196 -111.59265137 403.93704224
v -82.35068512 -212.24189758 403.93704224
v -6.20982409 -100.52230835 402.96893311
v 38.19785309 -93.5851593 402.36224365
usemtl Patch_267_Mat_CR4_whitePanels
f 1208 1209 1210
f 1209 1208 1211
f 1211 1208 1212

# obj268
v 68.53531647 -220.38525391 420.07876587
v 72.23857117 -119.65361786 420.07876587
v 66.96375275 -220.30288696 420.07876587
v 73.81014252 -119.73597717 420.07876587
usemtl Patch_268_Mat_CR4_whitePanels
f 1213 1214 1215
f 1214 1213 1216

# obj269
v 72.23857117 -119.65361786 420.07876587
v 66.96375275 -220.30288696 418.56225586
v 66.96375275 -220.30288696 420.07876587
v 72.23857117 -119.65361786 418.56225586
usemtl Patch_269_Mat_CR4_whitePanels
f 1217 1218 1219
f 1218 1217 1220

# obj270
v 68.53531647 -220.38525391 420.07876587
v 66.96375275 -220.30288696 418.56225586
v 68.53531647 -220.38525391 418.50396729
v 66.96375275 -220.30288696 420.07876587
usemtl Patch_270_Mat_CR4_whitePanels
f 1221 1222 1223
f 1222 1221 1224

# obj271
v 181.17170715 -252.7024231 414.96066284
v 73.81014252 -119.73597717 420.07876587
v 68.53531647 -220.38525391 420.07876587
v 189.20747375 -99.36952209 414.96066284
usemtl Patch_271_Mat_CR4_whitePanels
f 1225 1226 1227
f 1226 1225 1228

# obj272
v 72.23857117 -119.65361786 418.56225586
v 73.81014252 -119.73597717 420.07876587
v 73.81014252 -119.73597717 418.50396729
v 72.23857117 -119.65361786 420.07876587
usemtl Patch_272_Mat_CR4_whitePanels
f 1229 1230 1231
f 1230 1229 1232

# obj273
v 66.96375275 -220.30288696 418.56225586
v 72.50482941 -107.05183411 407.93231201
v 65.91131592 -232.86349487 407.93231201
v 72.23857117 -119.65361786 418.56225586
usemtl Patch_273_Mat_CR4_whitePanels
f 1233 1234 1235
f 1234 1233 1236

# obj274
v 67.48288727 -232.94586182 407.87402344
v 66.96375275 -220.30288696 418.56225586
v 65.91131592 -232.86349487 407.93231201
v 68.53531647 -220.38525391 418.50396729
usemtl Patch_274_Mat_CR4_whitePanels
f 1237 1238 1239
f 1238 1237 1240

# obj275
v 181.17170715 -252.7024231 414.96066284
v 68.53531647 -220.38525391 418.50396729
v 181.17170715 -252.7024231 413.38586426
v 68.53531647 -220.38525391 420.07876587
usemtl Patch_275_Mat_CR4_whitePanels
f 1241 1242 1243
f 1242 1241 1244

# obj276
v 156.97981262 -105.05738068 414.81521606
v 189.20747375 -99.36952209 414.96066284
v 189.20747375 -99.36952209 413.38586426
v 73.81014252 -119.73597717 418.50396729
v 73.81014252 -119.73597717 420.07876587
usemtl Patch_276_Mat_CR4_whitePanels
f 1245 1246 1247
f 1246 1245 1248
f 1246 1248 1249

# obj277
v 73.81014252 -119.73597717 418.50396729
v 72.50482941 -107.05183411 407.93231201
v 72.23857117 -119.65361786 418.56225586
v 74.07640076 -107.13419342 407.87402344
usemtl Patch_277_Mat_CR4_whitePanels
f 1250 1251 1252
f 1251 1250 1253

# obj278
v 189.20747375 -99.36952209 413.38586426
v 213.67866516 -249.28085327 412.20477295
v 181.17170715 -252.7024231 413.38586426
v 199.6269989 -101.58588409 413.00094604
v 221.17868042 -106.17019653 412.20477295
usemtl Patch_278_Mat_CR4_whitePanels
f 1254 1255 1256
f 1255 1254 1257
f 1255 1257 1258

# obj279
v 213.67866516 -249.28085327 413.77957153
v 181.17170715 -252.7024231 413.38586426
v 213.67866516 -249.28085327 412.20477295
v 181.17170715 -252.7024231 414.96066284
usemtl Patch_279_Mat_CR4_whitePanels
f 1259 1260 1261
f 1260 1259 1262

# obj280
v 73.81014252 -119.73597717 418.50396729
v 181.17170715 -252.7024231 413.38586426
v 68.53531647 -220.38525391 418.50396729
v 156.97981262 -105.05738068 414.81521606
v 189.20747375 -99.36952209 413.38586426
usemtl Patch_280_Mat_CR4_whitePanels
f 1263 1264 1265
f 1264 1263 1266
f 1264 1266 1267

# obj281
v 199.6269989 -101.58588409 413.00094604
v 221.17868042 -106.17019653 413.77957153
v 221.17868042 -106.17019653 412.20477295
v 189.20747375 -99.36952209 413.38586426
v 199.6269989 -101.58588409 414.57574463
v 189.20747375 -99.36952209 414.96066284
usemtl Patch_281_Mat_CR4_whitePanels
f 1268 1269 1270
f 1269 1268 1271
f 1269 1271 1272
f 1272 1271 1273

# obj282
v 74.07640076 -107.13419342 407.87402344
v 68.53531647 -220.38525391 418.50396729
v 67.48288727 -232.94586182 407.87402344
v 73.81014252 -119.73597717 418.50396729
usemtl Patch_282_Mat_CR4_whitePanels
f 1274 1275 1276
f 1275 1274 1277

# obj283
v 72.50482941 -107.05183411 407.93231201
v 67.48288727 -232.94586182 407.87402344
v 65.91131592 -232.86349487 407.93231201
v 74.07640076 -107.13419342 407.87402344
usemtl Patch_283_Mat_CR4_whitePanels
f 1278 1279 1280
f 1279 1278 1281

# obj284
v 213.67866516 -249.28085327 413.77957153
v 189.20747375 -99.36952209 414.96066284
v 181.17170715 -252.7024231 414.96066284
v 199.6269989 -101.58588409 414.57574463
v 221.17868042 -106.17019653 413.77957153
usemtl Patch_284_Mat_CR4_whitePanels
f 1282 1283 1284
f 1283 1282 1285
f 1285 1282 1286

# obj285
v 225.37046814 -251.86483765 412.99215698
v 221.17868042 -106.17019653 413.77957153
v 213.67866516 -249.28085327 413.77957153
v 233.07661438 -104.82254791 412.99215698
usemtl Patch_285_Mat_CR4_whitePanels
f 1287 1288 1289
f 1288 1287 1290

# obj286
v 221.17868042 -106.17019653 412.20477295
v 233.07661438 -104.82254791 412.99215698
v 233.07661438 -104.82254791 411.4173584
v 221.17868042 -106.17019653 413.77957153
usemtl Patch_286_Mat_CR4_whitePanels
f 1291 1292 1293
f 1292 1291 1294

# obj287
v 225.37046814 -251.86483765 412.99215698
v 213.67866516 -249.28085327 412.20477295
v 225.37046814 -251.86483765 411.4173584
v 213.67866516 -249.28085327 413.77957153
usemtl Patch_287_Mat_CR4_whitePanels
f 1295 1296 1297
f 1296 1295 1298

# obj288
v -73.90927887 -230.26663208 388.18899536
v -75.48192596 -230.18421936 386.61419678
v -73.90927887 -230.26663208 386.61419678
v -75.48192596 -230.18421936 388.18899536
usemtl Patch_288_Mat_CR4_whitePanels
f 1299 1300 1301
f 1300 1299 1302

# obj289
v -75.48192596 -230.18421936 388.18899536
v -233.20466614 -208.11988831 386.61419678
v -75.48192596 -230.18421936 386.61419678
v -233.20466614 -208.11988831 388.18899536
usemtl Patch_289_Mat_CR4_whitePanels
f 1303 1304 1305
f 1304 1303 1306

# obj290
v -227.55900574 -100.39373016 386.61419678
v -75.48192596 -230.18421936 386.61419678
v -233.20466614 -208.11988831 386.61419678
v -68.39394379 -94.93677521 386.61419678
v -73.90927887 -230.26663208 386.61419678
v -66.82129669 -95.01918793 386.61419678
usemtl Patch_290_Mat_CR4_whitePanels
f 1307 1308 1309
f 1308 1307 1310
f 1308 1310 1311
f 1311 1310 1312

# obj291
v -66.82129669 -95.01918793 386.61419678
v -73.90927887 -230.26663208 388.18899536
v -73.90927887 -230.26663208 386.61419678
v -73.90927887 -230.26663208 394.48822021
v -66.83696747 -95.31821442 394.48822021
v -66.82129669 -95.01918793 394.48822021
usemtl Patch_291_Mat_CR4_whitePanels
f 1313 1314 1315
f 1314 1313 1316
f 1316 1313 1317
f 1317 1313 1318

# obj292
v -73.90927887 -230.26663208 394.48822021
v -75.48192596 -230.18421936 388.18899536
v -73.90927887 -230.26663208 388.18899536
v -75.48192596 -230.18421936 394.48822021
usemtl Patch_292_Mat_CR4_whitePanels
f 1319 1320 1321
f 1320 1319 1322

# obj293
v -233.20466614 -208.11988831 388.18899536
v -227.55900574 -100.39373016 386.61419678
v -233.20466614 -208.11988831 386.61419678
v -227.55900574 -100.39373016 388.18899536
usemtl Patch_293_Mat_CR4_whitePanels
f 1323 1324 1325
f 1324 1323 1326

# obj294
v -75.48192596 -230.18421936 388.18899536
v -227.55900574 -100.39373016 388.18899536
v -233.20466614 -208.11988831 388.18899536
v -68.39394379 -94.93677521 388.18899536
usemtl Patch_294_Mat_CR4_whitePanels
f 1327 1328 1329
f 1328 1327 1330

# obj295
v -68.39394379 -94.93677521 388.18899536
v -66.82129669 -95.01918793 386.61419678
v -68.39394379 -94.93677521 386.61419678
v -66.82129669 -95.01918793 394.48822021
v -68.39394379 -94.93677521 394.48822021
usemtl Patch_295_Mat_CR4_whitePanels
f 1331 1332 1333
f 1332 1331 1334
f 1334 1331 1335

# obj296
v -68.40961456 -95.23579407 394.48822021
v -75.48192596 -230.18421936 388.18899536
v -75.48192596 -230.18421936 394.48822021
v -68.39394379 -94.93677521 388.18899536
v -68.39394379 -94.93677521 394.48822021
usemtl Patch_296_Mat_CR4_whitePanels
f 1336 1337 1338
f 1337 1336 1339
f 1339 1336 1340

# obj297
v -66.83696747 -95.31821442 394.48822021
v -68.39394379 -94.93677521 394.48822021
v -68.40961456 -95.23579407 394.48822021
v -66.82129669 -95.01918793 394.48822021
usemtl Patch_297_Mat_CR4_whitePanels
f 1341 1342 1343
f 1342 1341 1344

# obj298
v -227.55900574 -100.39373016 388.18899536
v -68.39394379 -94.93677521 386.61419678
v -227.55900574 -100.39373016 386.61419678
v -68.39394379 -94.93677521 388.18899536
usemtl Patch_298_Mat_CR4_whitePanels
f 1345 1346 1347
f 1346 1345 1348

# obj299
v -73.90927887 -230.26663208 394.48822021
v -68.40961456 -95.23579407 394.48822021
v -75.48192596 -230.18421936 394.48822021
v -66.83696747 -95.31821442 394.48822021
usemtl Patch_299_Mat_CR4_whitePanels
f 1349 1350 1351
f 1350 1349 1352

# obj300
v 821.54193115 -82.67709351 433.27664185
v 820.07849121 -82.67709351 432.28347778
v 821.54193115 -82.67709351 431.70184326
v 820.07849121 -82.67709351 433.85827637
usemtl Patch_300_Mat_CR4_whitePanels
f 1353 1354 1355
f 1354 1353 1356

# obj301
v 821.54193115 -0 431.70184326
v 820.07849121 -82.67709351 432.28347778
v 820.07849121 -0 432.28347778
v 821.54193115 -82.67709351 431.70184326
usemtl Patch_301_Mat_CR4_whitePanels
f 1357 1358 1359
f 1358 1357 1360

# obj302
v 821.54193115 -0 431.70184326
v 821.54193115 -82.67709351 433.27664185
v 821.54193115 -82.67709351 431.70184326
v 821.54193115 -0 433.27664185
usemtl Patch_302_Mat_CR4_whitePanels
f 1361 1362 1363
f 1362 1361 1364

# obj303
v 833.74682617 -60.23617935 463.98535156
v 820.07849121 -82.67709351 433.85827637
v 821.54193115 -82.67709351 433.27664185
v 832.28338623 -60.23617935 464.56698608
usemtl Patch_303_Mat_CR4_whitePanels
f 1365 1366 1367
f 1366 1365 1368

# obj304
v 820.07849121 -82.67709351 433.85827637
v 692.1260376 -50.39367676 483.07089233
v 820.07849121 -82.67709351 432.28347778
v 692.1260376 -50.39367676 484.64569092
usemtl Patch_304_Mat_CR4_whitePanels
f 1369 1370 1371
f 1370 1369 1372

# obj305
v 692.80065918 -77.55905914 454.53329468
v 688.97619629 -83.07078552 449.21261597
v 690.43841553 -83.07078552 448.62780762
v 691.33850098 -77.55905914 455.11813354
usemtl Patch_305_Mat_CR4_whitePanels
f 1373 1374 1375
f 1374 1373 1376

# obj306
v 691.33850098 -77.55905914 455.11813354
v 688.97619629 -0 449.21261597
v 688.97619629 -83.07078552 449.21261597
v 691.33850098 -0 455.11813354
usemtl Patch_306_Mat_CR4_whitePanels
f 1377 1378 1379
f 1378 1377 1380

# obj307
v 690.43841553 -83.07078552 448.62780762
v 688.97619629 -83.07078552 447.63781738
v 690.43841553 -83.07078552 447.63781738
v 688.97619629 -83.07078552 449.21261597
usemtl Patch_307_Mat_CR4_whitePanels
f 1381 1382 1383
f 1382 1381 1384

# obj308
v 690.43841553 -0 448.62780762
v 692.80065918 -77.55905914 454.53329468
v 690.43841553 -83.07078552 448.62780762
v 692.80065918 -0 454.53329468
usemtl Patch_308_Mat_CR4_whitePanels
f 1385 1386 1387
f 1386 1385 1388

# obj309
v 691.33850098 -77.55905914 455.11813354
v 692.80065918 -0 454.53329468
v 691.33850098 -0 455.11813354
v 692.80065918 -77.55905914 454.53329468
usemtl Patch_309_Mat_CR4_whitePanels
f 1389 1390 1391
f 1390 1389 1392

# obj310
v 539.35784912 -79.92114258 437.20632935
v 538.58239746 -72.04721069 443.70080566
v 537.79522705 -79.92114258 437.40161133
v 540.14508057 -72.04721069 443.50552368
usemtl Patch_310_Mat_CR4_whitePanels
f 1393 1394 1395
f 1394 1393 1396

# obj311
v 538.58239746 -72.04721069 443.70080566
v 537.79522705 -0 437.40161133
v 537.79522705 -79.92114258 437.40161133
v 538.58239746 -0 443.70080566
usemtl Patch_311_Mat_CR4_whitePanels
f 1397 1398 1399
f 1398 1397 1400

# obj312
v 539.35784912 -79.92114258 437.20632935
v 537.79522705 -79.92114258 435.82678223
v 539.35784912 -79.92114258 435.6282959
v 537.79522705 -79.92114258 437.40161133
usemtl Patch_312_Mat_CR4_whitePanels
f 1401 1402 1403
f 1402 1401 1404

# obj313
v 539.35784912 -0 437.20632935
v 540.14508057 -72.04721069 443.50552368
v 539.35784912 -79.92114258 437.20632935
v 540.14508057 -0 443.50552368
usemtl Patch_313_Mat_CR4_whitePanels
f 1405 1406 1407
f 1406 1405 1408

# obj314
v 538.58239746 -72.04721069 443.70080566
v 540.14508057 -0 443.50552368
v 538.58239746 -0 443.70080566
v 540.14508057 -72.04721069 443.50552368
usemtl Patch_314_Mat_CR4_whitePanels
f 1409 1410 1411
f 1410 1409 1412

# obj315
v 820.07849121 -0 432.28347778
v 692.1260376 -50.39367676 483.07089233
v 692.1260376 -0 483.07089233
v 820.07849121 -82.67709351 432.28347778
usemtl Patch_315_Mat_CR4_whitePanels
f 1413 1414 1415
f 1414 1413 1416

# obj316
v 692.1260376 -50.39367676 484.64569092
v 820.07849121 -0 433.85827637
v 692.1260376 -0 484.64569092
v 820.07849121 -82.67709351 433.85827637
usemtl Patch_316_Mat_CR4_whitePanels
f 1417 1418 1419
f 1418 1417 1420

# obj317
v 692.1260376 -50.39367676 484.64569092
v 690.67852783 -50.39367676 483.69122314
v 692.1260376 -50.39367676 483.07089233
v 691.24871826 -50.39367676 485.02166748
usemtl Patch_317_Mat_CR4_whitePanels
f 1421 1422 1423
f 1422 1421 1424

# obj318
v 531.49591064 -50.3936882 468.11029053
v 529.93322754 -50.3936882 466.73080444
v 531.49591064 -50.3936882 466.53549194
v 529.93322754 -50.3936882 468.30560303
usemtl Patch_318_Mat_CR4_whitePanels
f 1425 1426 1427
f 1426 1425 1428

# obj319
v 529.93322754 -50.3936882 468.30560303
v 531.49591064 -0 468.11029053
v 529.93322754 -0 468.30560303
v 531.49591064 -50.3936882 468.11029053
usemtl Patch_319_Mat_CR4_whitePanels
f 1429 1430 1431
f 1430 1429 1432

# obj320
v 529.93322754 -0 468.30560303
v 529.93322754 -50.3936882 466.73080444
v 529.93322754 -50.3936882 468.30560303
v 529.93322754 -0 466.73080444
usemtl Patch_320_Mat_CR4_whitePanels
f 1433 1434 1435
f 1434 1433 1436

# obj321
v 531.49591064 -50.3936882 466.53549194
v 527.17749023 -72.04716492 444.6835022
v 528.7401123 -72.04716492 444.4881897
v 529.93322754 -50.3936882 466.73080444
usemtl Patch_321_Mat_CR4_whitePanels
f 1437 1438 1439
f 1438 1437 1440

# obj322
v 688.97619629 -83.07078552 449.21261597
v 531.49591064 -50.3936882 466.53549194
v 688.97619629 -83.07078552 447.63781738
v 531.49591064 -50.3936882 468.11029053
usemtl Patch_322_Mat_CR4_whitePanels
f 1441 1442 1443
f 1442 1441 1444

# obj323
v 225.59040833 -65.74801636 420.47250366
v 225.20254517 -50.39373016 434.38647461
v 224.0213623 -65.74801636 420.60699463
v 226.77159119 -50.39373016 434.25198364
usemtl Patch_323_Mat_CR4_whitePanels
f 1445 1446 1447
f 1446 1445 1448

# obj324
v 225.59040833 -0 420.47250366
v 226.77159119 -50.39373016 434.25198364
v 225.59040833 -65.74801636 420.47250366
v 226.77159119 -0 434.25198364
usemtl Patch_324_Mat_CR4_whitePanels
f 1449 1450 1451
f 1450 1449 1452

# obj325
v 226.77159119 -50.39373016 435.82678223
v 225.20254517 -50.39373016 434.38647461
v 226.77159119 -50.39373016 434.25198364
v 225.20254517 -50.39373016 435.96130371
usemtl Patch_325_Mat_CR4_whitePanels
f 1453 1454 1455
f 1454 1453 1456

# obj326
v 225.20254517 -50.39373016 434.38647461
v 224.0213623 -0 420.60699463
v 224.0213623 -65.74801636 420.60699463
v 225.20254517 -0 434.38647461
usemtl Patch_326_Mat_CR4_whitePanels
f 1457 1458 1459
f 1458 1457 1460

# obj327
v 225.59040833 -0 420.47250366
v 224.0213623 -65.74801636 420.60699463
v 224.0213623 -0 420.60699463
v 225.59040833 -65.74801636 420.47250366
usemtl Patch_327_Mat_CR4_whitePanels
f 1461 1462 1463
f 1462 1461 1464

# obj328
v 225.20254517 -50.39373016 435.96130371
v 226.77159119 -0 435.82678223
v 225.20254517 -0 435.96130371
v 226.77159119 -50.39373016 435.82678223
usemtl Patch_328_Mat_CR4_whitePanels
f 1465 1466 1467
f 1466 1465 1468

# obj329
v 225.20254517 -0 435.96130371
v 225.20254517 -50.39373016 434.38647461
v 225.20254517 -50.39373016 435.96130371
v 225.20254517 -0 434.38647461
usemtl Patch_329_Mat_CR4_whitePanels
f 1469 1470 1471
f 1470 1469 1472

# obj330
v 384.64559937 -76.77163696 425.59057617
v 226.77159119 -50.39373016 434.25198364
v 384.64559937 -76.77163696 424.01577759
v 226.77159119 -50.39373016 435.82678223
usemtl Patch_330_Mat_CR4_whitePanels
f 1473 1474 1475
f 1474 1473 1476

# obj331
v 528.7401123 -0 444.4881897
v 531.49591064 -50.3936882 466.53549194
v 528.7401123 -72.04716492 444.4881897
v 531.49591064 -0 466.53549194
usemtl Patch_331_Mat_CR4_whitePanels
f 1477 1478 1479
f 1478 1477 1480

# obj332
v 529.93322754 -50.3936882 466.73080444
v 527.17749023 -0 444.6835022
v 527.17749023 -72.04716492 444.6835022
v 529.93322754 -0 466.73080444
usemtl Patch_332_Mat_CR4_whitePanels
f 1481 1482 1483
f 1482 1481 1484

# obj333
v 528.7401123 -0 444.4881897
v 527.17749023 -72.04716492 444.6835022
v 527.17749023 -0 444.6835022
v 528.7401123 -72.04716492 444.4881897
usemtl Patch_333_Mat_CR4_whitePanels
f 1485 1486 1487
f 1486 1485 1488

# obj334
v 384.64559937 -0 424.01577759
v 226.77159119 -50.39373016 434.25198364
v 226.77159119 -0 434.25198364
v 384.64559937 -76.77163696 424.01577759
usemtl Patch_334_Mat_CR4_whitePanels
f 1489 1490 1491
f 1490 1489 1492

# obj335
v 386.21688843 -76.77163696 425.48577881
v 384.64559937 -76.77163696 424.01577759
v 386.11212158 -76.77164459 423.91445923
v 384.64559937 -76.77163696 425.59057617
v 386.61065674 -76.77161407 431.39129639
v 385.03933716 -76.77161407 431.49609375
usemtl Patch_335_Mat_CR4_whitePanels
f 1493 1494 1495
f 1494 1493 1496
f 1496 1493 1497
f 1496 1497 1498

# obj336
v 226.77159119 -50.39373016 435.82678223
v 384.64559937 -0 425.59057617
v 226.77159119 -0 435.82678223
v 384.64559937 -76.77163696 425.59057617
usemtl Patch_336_Mat_CR4_whitePanels
f 1499 1500 1501
f 1500 1499 1502

# obj337
v 832.28338623 -60.23617935 464.56698608
v 820.07849121 -0 433.85827637
v 820.07849121 -82.67709351 433.85827637
v 832.28338623 -0 464.56698608
usemtl Patch_337_Mat_CR4_whitePanels
f 1503 1504 1505
f 1504 1503 1506

# obj338
v 821.54193115 -0 433.27664185
v 833.74682617 -60.23617935 463.98535156
v 821.54193115 -82.67709351 433.27664185
v 833.74682617 -0 463.98535156
usemtl Patch_338_Mat_CR4_whitePanels
f 1507 1508 1509
f 1508 1507 1510

# obj339
v 832.28338623 -60.23617935 464.56698608
v 833.74682617 -0 463.98535156
v 832.28338623 -0 464.56698608
v 833.74682617 -60.23617935 463.98535156
usemtl Patch_339_Mat_CR4_whitePanels
f 1511 1512 1513
f 1512 1511 1514

# obj340
v 380.31488037 -50.39367294 450.39370728
v 376.78036499 -68.89762115 432.05639648
v 378.34631348 -68.89762115 431.88980103
v 378.74893188 -50.39367294 450.56030273
usemtl Patch_340_Mat_CR4_whitePanels
f 1515 1516 1517
f 1516 1515 1518

# obj341
v 378.34631348 -0 431.88980103
v 380.31488037 -50.39367294 450.39370728
v 378.34631348 -68.89762115 431.88980103
v 380.31488037 -0 450.39370728
usemtl Patch_341_Mat_CR4_whitePanels
f 1519 1520 1521
f 1520 1519 1522

# obj342
v 380.31488037 -50.39367294 451.96853638
v 378.74893188 -50.39367294 450.56030273
v 380.31488037 -50.39367294 450.39370728
v 378.74893188 -50.39367294 452.13510132
usemtl Patch_342_Mat_CR4_whitePanels
f 1523 1524 1525
f 1524 1523 1526

# obj343
v 378.74893188 -50.39367294 450.56030273
v 376.78036499 -0 432.05639648
v 376.78036499 -68.89762115 432.05639648
v 378.74893188 -0 450.56030273
usemtl Patch_343_Mat_CR4_whitePanels
f 1527 1528 1529
f 1528 1527 1530

# obj344
v 378.34631348 -0 431.88980103
v 376.78036499 -68.89762115 432.05639648
v 376.78036499 -0 432.05639648
v 378.34631348 -68.89762115 431.88980103
usemtl Patch_344_Mat_CR4_whitePanels
f 1531 1532 1533
f 1532 1531 1534

# obj345
v 537.79522705 -79.92114258 437.40161133
v 380.31488037 -50.39367294 450.39370728
v 537.79522705 -79.92114258 435.82678223
v 380.31488037 -50.39367294 451.96853638
usemtl Patch_345_Mat_CR4_whitePanels
f 1535 1536 1537
f 1536 1535 1538

# obj346
v 537.79522705 -0 435.82678223
v 380.31488037 -50.39367294 450.39370728
v 380.31488037 -0 450.39370728
v 537.79522705 -79.92114258 435.82678223
usemtl Patch_346_Mat_CR4_whitePanels
f 1539 1540 1541
f 1540 1539 1542

# obj347
v 380.31488037 -50.39367294 451.96853638
v 537.79522705 -0 437.40161133
v 380.31488037 -0 451.96853638
v 537.79522705 -79.92114258 437.40161133
usemtl Patch_347_Mat_CR4_whitePanels
f 1543 1544 1545
f 1544 1543 1546

# obj348
v 690.43841553 -0 447.63781738
v 688.97619629 -83.07078552 447.63781738
v 688.97619629 -0 447.63781738
v 690.43841553 -83.07078552 447.63781738
usemtl Patch_348_Mat_CR4_whitePanels
f 1547 1548 1549
f 1548 1547 1550

# obj349
v 690.43841553 -0 447.63781738
v 690.43841553 -83.07078552 448.62780762
v 690.43841553 -83.07078552 447.63781738
v 690.43841553 -0 448.62780762
usemtl Patch_349_Mat_CR4_whitePanels
f 1551 1552 1553
f 1552 1551 1554

# obj350
v 539.35784912 -0 435.6282959
v 537.79522705 -79.92114258 435.82678223
v 537.79522705 -0 435.82678223
v 539.35784912 -79.92114258 435.6282959
usemtl Patch_350_Mat_CR4_whitePanels
f 1555 1556 1557
f 1556 1555 1558

# obj351
v 539.35784912 -0 435.6282959
v 539.35784912 -79.92114258 437.20632935
v 539.35784912 -79.92114258 435.6282959
v 539.35784912 -0 437.20632935
usemtl Patch_351_Mat_CR4_whitePanels
f 1559 1560 1561
f 1560 1559 1562

# obj352
v 688.97619629 -0 447.63781738
v 531.49591064 -50.3936882 466.53549194
v 531.49591064 -0 466.53549194
v 688.97619629 -83.07078552 447.63781738
usemtl Patch_352_Mat_CR4_whitePanels
f 1563 1564 1565
f 1564 1563 1566

# obj353
v 531.49591064 -50.3936882 468.11029053
v 688.97619629 -0 449.21261597
v 531.49591064 -0 468.11029053
v 688.97619629 -83.07078552 449.21261597
usemtl Patch_353_Mat_CR4_whitePanels
f 1567 1568 1569
f 1568 1567 1570

# obj354
v 691.24871826 -50.39367676 485.02166748
v 692.1260376 -0 484.64569092
v 691.24871826 -0 485.02166748
v 692.1260376 -50.39367676 484.64569092
usemtl Patch_354_Mat_CR4_whitePanels
f 1571 1572 1573
f 1572 1571 1574

# obj355
v 691.24871826 -50.39367676 485.02166748
v 690.67852783 -0 483.69122314
v 690.67852783 -50.39367676 483.69122314
v 691.24871826 -0 485.02166748
usemtl Patch_355_Mat_CR4_whitePanels
f 1575 1576 1577
f 1576 1575 1578

# obj356
v 692.1260376 -50.39367676 483.07089233
v 680.04858398 -74.80311584 458.88812256
v 681.49609375 -74.80311584 458.26776123
v 690.67852783 -50.39367676 483.69122314
usemtl Patch_356_Mat_CR4_whitePanels
f 1579 1580 1581
f 1580 1579 1582

# obj357
v 74.40939331 -50.39369965 420.07876587
v 72.83566284 -50.39369965 418.56225586
v 74.40939331 -50.39369965 418.50396729
v 72.83566284 -50.39369965 420.07876587
usemtl Patch_357_Mat_CR4_whitePanels
f 1583 1584 1585
f 1584 1583 1586

# obj358
v 72.83566284 -0 420.07876587
v 72.83566284 -50.39369965 418.56225586
v 72.83566284 -50.39369965 420.07876587
v 72.83566284 -0 418.56225586
usemtl Patch_358_Mat_CR4_whitePanels
f 1587 1588 1589
f 1588 1587 1590

# obj359
v 74.01576996 -62.99218369 407.87402344
v 72.83566284 -50.39369965 418.56225586
v 72.44204712 -62.99218369 407.93231201
v 74.40939331 -50.39369965 418.50396729
usemtl Patch_359_Mat_CR4_whitePanels
f 1591 1592 1593
f 1592 1591 1594

# obj360
v 188.58276367 -76.77164459 414.96066284
v 74.40939331 -50.39369965 418.50396729
v 188.58276367 -76.77164459 413.38586426
v 74.40939331 -50.39369965 420.07876587
usemtl Patch_360_Mat_CR4_whitePanels
f 1595 1596 1597
f 1596 1595 1598

# obj361
v 72.83566284 -50.39369965 420.07876587
v 74.40939331 -0 420.07876587
v 72.83566284 -0 420.07876587
v 74.40939331 -50.39369965 420.07876587
usemtl Patch_361_Mat_CR4_whitePanels
f 1599 1600 1601
f 1600 1599 1602

# obj362
v 378.74893188 -50.39367294 452.13510132
v 380.31488037 -0 451.96853638
v 378.74893188 -0 452.13510132
v 380.31488037 -50.39367294 451.96853638
usemtl Patch_362_Mat_CR4_whitePanels
f 1603 1604 1605
f 1604 1603 1606

# obj363
v 378.74893188 -0 452.13510132
v 378.74893188 -50.39367294 450.56030273
v 378.74893188 -50.39367294 452.13510132
v 378.74893188 -0 450.56030273
usemtl Patch_363_Mat_CR4_whitePanels
f 1607 1608 1609
f 1608 1607 1610

# obj364
v 74.01576996 -0 407.87402344
v 74.40939331 -50.39369965 418.50396729
v 74.01576996 -62.99218369 407.87402344
v 74.40939331 -0 418.50396729
usemtl Patch_364_Mat_CR4_whitePanels
f 1611 1612 1613
f 1612 1611 1614

# obj365
v 72.83566284 -50.39369965 418.56225586
v 72.44204712 -0 407.93231201
v 72.44204712 -62.99218369 407.93231201
v 72.83566284 -0 418.56225586
usemtl Patch_365_Mat_CR4_whitePanels
f 1615 1616 1617
f 1616 1615 1618

# obj366
v 74.01576996 -0 407.87402344
v 72.44204712 -62.99218369 407.93231201
v 72.44204712 -0 407.93231201
v 74.01576996 -62.99218369 407.87402344
usemtl Patch_366_Mat_CR4_whitePanels
f 1619 1620 1621
f 1620 1619 1622

# obj367
v 232.67710876 -73.62203217 412.99215698
v 220.86610413 -71.65348053 412.20477295
v 232.67710876 -73.62203217 411.4173584
v 220.86610413 -71.65348053 413.77957153
usemtl Patch_367_Mat_CR4_whitePanels
f 1623 1624 1625
f 1624 1623 1626

# obj368
v 234.64344788 -73.62197876 420.38970947
v 232.67710876 -73.62203217 411.4173584
v 234.16696167 -73.62204742 411.33673096
v 232.67710876 -73.62203217 412.99215698
v 233.0708313 -73.62197876 420.47250366
usemtl Patch_368_Mat_CR4_whitePanels
f 1627 1628 1629
f 1628 1627 1630
f 1630 1627 1631

# obj369
v 220.86610413 -71.65348053 413.77957153
v 232.67710876 -0 412.99215698
v 220.86610413 -0 413.77957153
v 232.67710876 -73.62203217 412.99215698
usemtl Patch_369_Mat_CR4_whitePanels
f 1632 1633 1634
f 1633 1632 1635

# obj370
v 220.86610413 -71.65348053 413.77957153
v 188.58276367 -76.77164459 413.38586426
v 220.86610413 -71.65348053 412.20477295
v 188.58276367 -76.77164459 414.96066284
usemtl Patch_370_Mat_CR4_whitePanels
f 1636 1637 1638
f 1637 1636 1639

# obj371
v 232.67710876 -0 411.4173584
v 220.86610413 -71.65348053 412.20477295
v 220.86610413 -0 412.20477295
v 232.67710876 -73.62203217 411.4173584
usemtl Patch_371_Mat_CR4_whitePanels
f 1640 1641 1642
f 1641 1640 1643

# obj372
v 188.58276367 -76.77164459 414.96066284
v 220.86610413 -0 413.77957153
v 188.58276367 -0 414.96066284
v 220.86610413 -71.65348053 413.77957153
usemtl Patch_372_Mat_CR4_whitePanels
f 1644 1645 1646
f 1645 1644 1647

# obj373
v 220.86610413 -0 412.20477295
v 188.58276367 -76.77164459 413.38586426
v 188.58276367 -0 413.38586426
v 220.86610413 -71.65348053 412.20477295
usemtl Patch_373_Mat_CR4_whitePanels
f 1648 1649 1650
f 1649 1648 1651

# obj374
v 74.40939331 -50.39369965 420.07876587
v 188.58276367 -0 414.96066284
v 74.40939331 -0 420.07876587
v 188.58276367 -76.77164459 414.96066284
usemtl Patch_374_Mat_CR4_whitePanels
f 1652 1653 1654
f 1653 1652 1655

# obj375
v 188.58276367 -0 413.38586426
v 74.40939331 -50.39369965 418.50396729
v 74.40939331 -0 418.50396729
v 188.58276367 -76.77164459 413.38586426
usemtl Patch_375_Mat_CR4_whitePanels
f 1656 1657 1658
f 1657 1656 1659

# obj376
v -67.32283783 -67.71652222 388.18899536
v -68.89764404 -67.71652222 386.61419678
v -67.32283783 -67.71652222 386.61419678
v -68.89764404 -67.71652222 388.18899536
usemtl Patch_376_Mat_CR4_whitePanels
f 1660 1661 1662
f 1661 1660 1663

# obj377
v -68.89764404 -67.71652222 388.18899536
v -227.55899048 -53.9370079 386.61419678
v -68.89764404 -67.71652222 386.61419678
v -227.55899048 -53.9370079 388.18899536
usemtl Patch_377_Mat_CR4_whitePanels
f 1664 1665 1666
f 1665 1664 1667

# obj378
v -67.32283783 -0 386.61419678
v -227.55899048 -53.9370079 386.61419678
v -227.55899048 -0 386.61419678
v -68.89764404 -67.71652222 386.61419678
v -67.32283783 -67.71652222 386.61419678
usemtl Patch_378_Mat_CR4_whitePanels
f 1668 1669 1670
f 1669 1668 1671
f 1671 1668 1672

# obj379
v -67.32283783 -0 386.61419678
v -67.32283783 -67.71652222 388.18899536
v -67.32283783 -67.71652222 386.61419678
v -67.32283783 -67.71652222 394.48822021
v -67.32283783 -0 394.48822021
usemtl Patch_379_Mat_CR4_whitePanels
f 1673 1674 1675
f 1674 1673 1676
f 1676 1673 1677

# obj380
v -67.32283783 -67.71652222 394.48822021
v -68.89764404 -67.71652222 388.18899536
v -67.32283783 -67.71652222 388.18899536
v -68.89764404 -67.71652222 394.48822021
usemtl Patch_380_Mat_CR4_whitePanels
f 1678 1679 1680
f 1679 1678 1681

# obj381
v -227.55899048 -53.9370079 388.18899536
v -227.55899048 -0 386.61419678
v -227.55899048 -53.9370079 386.61419678
v -227.55899048 -0 388.18899536
usemtl Patch_381_Mat_CR4_whitePanels
f 1682 1683 1684
f 1683 1682 1685

# obj382
v -227.55899048 -53.9370079 388.18899536
v -68.89764404 -0 388.18899536
v -227.55899048 -0 388.18899536
v -68.89764404 -67.71652222 388.18899536
usemtl Patch_382_Mat_CR4_whitePanels
f 1686 1687 1688
f 1687 1686 1689

# obj383
v -68.89764404 -0 394.48822021
v -68.89764404 -67.71652222 388.18899536
v -68.89764404 -67.71652222 394.48822021
v -68.89764404 -0 388.18899536
usemtl Patch_383_Mat_CR4_whitePanels
f 1690 1691 1692
f 1691 1690 1693

# obj384
v 81.66609955 -70.85691071 401.5748291
v 69.85509491 -68.49471283 400.00003052
v 81.66609955 -70.85691071 400.00003052
v 69.85509491 -68.49471283 401.5748291
usemtl Patch_384_Mat_CR4_whitePanels
f 1694 1695 1696
f 1695 1694 1697

# obj385
v 37.57169342 -74.4002533 402.36224365
v -76.60163116 -50.38448334 402.36224365
v 37.57169342 -74.4002533 400.78744507
v -76.60163116 -50.38448334 403.93704224
usemtl Patch_385_Mat_CR4_whitePanels
f 1698 1699 1700
f 1699 1698 1701

# obj386
v 69.85509491 -68.49471283 401.5748291
v 37.57169342 -74.4002533 400.78744507
v 69.85509491 -68.49471283 400.00003052
v 37.57169342 -74.4002533 402.36224365
usemtl Patch_386_Mat_CR4_whitePanels
f 1702 1703 1704
f 1703 1702 1705

# obj387
v 172.03230286 -426.06826782 414.96066284
v 72.26053619 -287.31607056 420.07876587
v 61.3755455 -387.51394653 420.07876587
v 188.61482239 -273.42303467 414.96066284
usemtl Patch_387_Mat_CR4_whitePanels
f 1706 1707 1708
f 1707 1706 1709

# obj388
v 83.63157654 -70.85692596 407.77578735
v 81.66609955 -70.85691071 400.00003052
v 83.13959503 -70.85691071 399.90484619
v 81.66609955 -70.85691071 401.5748291
v 82.05983734 -70.85692596 407.87402344
usemtl Patch_388_Mat_CR4_whitePanels
f 1710 1711 1712
f 1711 1710 1713
f 1713 1710 1714

# obj389
v 363.93499756 -420.38241577 450.56030273
v 374.86138916 -301.57620239 432.05639648
v 359.97952271 -438.56552124 432.05639648
v 374.81988525 -320.18453979 450.56030273
usemtl Patch_389_Mat_CR4_whitePanels
f 1715 1716 1717
f 1716 1715 1718

# obj390
v 376.41818237 -301.74533081 431.88980103
v 365.49179077 -420.55151367 450.39370728
v 361.53634644 -438.73464966 431.88980103
v 376.37670898 -320.35366821 450.39370728
usemtl Patch_390_Mat_CR4_whitePanels
f 1719 1720 1721
f 1720 1719 1722

# obj391
v 368.40631104 -447.40130615 423.91445923
v 385.09295654 -294.76739502 425.48577881
v 368.51046753 -447.41262817 425.48577881
v 384.98876953 -294.756073 423.91445923
usemtl Patch_391_Mat_CR4_whitePanels
f 1723 1724 1725
f 1724 1723 1726

# obj392
v 383.92245483 -294.64022827 431.49609375
v 366.94836426 -447.24291992 425.59057617
v 367.33981323 -447.28543091 431.49609375
v 383.53085327 -294.59768677 425.59057617
usemtl Patch_392_Mat_CR4_whitePanels
f 1727 1728 1729
f 1728 1727 1730

# obj393
v 368.51046753 -447.41262817 425.48577881
v 366.94836426 -447.24291992 424.01577759
v 368.40631104 -447.40130615 423.91445923
v 366.94836426 -447.24291992 425.59057617
v 368.90194702 -447.45510864 431.39129639
v 367.33981323 -447.28543091 431.49609375
usemtl Patch_393_Mat_CR4_whitePanels
f 1731 1732 1733
f 1732 1731 1734
f 1734 1731 1735
f 1734 1735 1736

# obj394
v 368.51046753 -447.41262817 425.48577881
v 385.48455811 -294.80993652 431.39129639
v 368.90194702 -447.45510864 431.39129639
v 385.09295654 -294.76739502 425.48577881
usemtl Patch_394_Mat_CR4_whitePanels
f 1737 1738 1739
f 1738 1737 1740

# obj395
v 223.73155212 -303.77108765 434.25198364
v 366.94836426 -447.24291992 424.01577759
v 212.84657288 -403.96899414 434.25198364
v 383.53085327 -294.59768677 424.01577759
usemtl Patch_395_Mat_CR4_whitePanels
f 1741 1742 1743
f 1742 1741 1744

# obj396
v 211.28669739 -403.79956055 434.38647461
v 222.65577698 -288.20956421 420.60699463
v 208.4541626 -418.9364624 420.60699463
v 222.17169189 -303.60162354 434.38647461
usemtl Patch_396_Mat_CR4_whitePanels
f 1745 1746 1747
f 1746 1745 1748

# obj397
v 224.21563721 -288.37902832 420.47250366
v 212.84657288 -403.96899414 434.25198364
v 210.01403809 -419.10592651 420.47250366
v 223.73155212 -303.77108765 434.25198364
usemtl Patch_397_Mat_CR4_whitePanels
f 1749 1750 1751
f 1750 1749 1752

# obj398
v 366.94836426 -447.24291992 425.59057617
v 223.73155212 -303.77108765 435.82678223
v 212.84657288 -403.96899414 435.82678223
v 383.53085327 -294.59768677 425.59057617
usemtl Patch_398_Mat_CR4_whitePanels
f 1753 1754 1755
f 1754 1753 1756

# obj399
v 220.15655518 -281.99777222 412.20477295
v 216.20890808 -427.69924927 411.4173584
v 204.67958069 -424.46661377 412.20477295
v 232.11116028 -281.31637573 411.4173584
usemtl Patch_399_Mat_CR4_whitePanels
f 1757 1758 1759
f 1758 1757 1760

# obj400
v 67.67459869 -410.36593628 399.90484619
v 83.3261795 -270.84558105 407.77578735
v 68.16369629 -410.41906738 407.77578735
v 82.98155975 -269.462677 399.90484619
v 83.47064209 -269.51580811 407.77578735
usemtl Patch_400_Mat_CR4_whitePanels
f 1761 1762 1763
f 1762 1761 1764
f 1762 1764 1765

# obj401
v 81.51667786 -269.30355835 400.00003052
v 83.47064209 -269.51580811 407.77578735
v 82.98155975 -269.462677 399.90484619
v 81.51667786 -269.30355835 401.5748291
v 81.90809631 -269.34603882 407.87402344
usemtl Patch_401_Mat_CR4_whitePanels
f 1766 1767 1768
f 1767 1766 1769
f 1767 1769 1770

# obj402
v 217.69004822 -427.86016846 411.33673096
v 234.06608582 -281.52877808 420.38970947
v 218.16375732 -427.91156006 420.38970947
v 233.59228516 -281.47729492 411.33673096
usemtl Patch_402_Mat_CR4_whitePanels
f 1771 1772 1773
f 1772 1771 1774

# obj403
v 232.11116028 -281.31637573 411.4173584
v 234.06608582 -281.52877808 420.38970947
v 233.59228516 -281.47729492 411.33673096
v 232.11116028 -281.31637573 412.99215698
v 232.50265503 -281.35891724 420.47250366
usemtl Patch_403_Mat_CR4_whitePanels
f 1775 1776 1777
f 1776 1775 1778
f 1776 1778 1779

# obj404
v 218.16375732 -427.91156006 420.38970947
v 216.20890808 -427.69924927 411.4173584
v 217.69004822 -427.86016846 411.33673096
v 216.20890808 -427.69924927 412.99215698
v 216.60032654 -427.74169922 420.47250366
usemtl Patch_404_Mat_CR4_whitePanels
f 1780 1781 1782
f 1781 1780 1783
f 1783 1780 1784

# obj405
v 232.50265503 -281.35891724 420.47250366
v 216.20890808 -427.69924927 412.99215698
v 216.60032654 -427.74169922 420.47250366
v 232.11116028 -281.31637573 412.99215698
usemtl Patch_405_Mat_CR4_whitePanels
f 1785 1786 1787
f 1786 1785 1788

# obj406
v 73.22982788 -274.74880981 407.87402344
v 61.3755455 -387.51394653 418.50396729
v 59.62360001 -399.99624634 407.87402344
v 72.26053619 -287.31607056 418.50396729
usemtl Patch_406_Mat_CR4_whitePanels
f 1789 1790 1791
f 1790 1789 1792

# obj407
v 59.81102753 -387.34399414 418.56225586
v 71.66531372 -274.5788269 407.93231201
v 58.05908203 -399.82626343 407.93231201
v 70.6960144 -287.14611816 418.56225586
usemtl Patch_407_Mat_CR4_whitePanels
f 1793 1794 1795
f 1794 1793 1796

# obj408
v 216.20890808 -427.69924927 412.99215698
v 220.15655518 -281.99777222 413.77957153
v 204.67958069 -424.46661377 413.77957153
v 232.11116028 -281.31637573 412.99215698
usemtl Patch_408_Mat_CR4_whitePanels
f 1797 1798 1799
f 1798 1797 1800

# obj409
v 81.76363373 -270.67584229 407.87402344
v 66.2097168 -410.20678711 401.5748291
v 66.60115814 -410.24932861 407.87402344
v 81.51667786 -269.30355835 401.5748291
v 81.90809631 -269.34603882 407.87402344
usemtl Patch_409_Mat_CR4_whitePanels
f 1801 1802 1803
f 1802 1801 1804
f 1804 1801 1805

# obj410
v 68.16369629 -410.41906738 407.77578735
v 66.2097168 -410.20678711 400.00003052
v 67.67459869 -410.36593628 399.90484619
v 66.2097168 -410.20678711 401.5748291
v 66.60115814 -410.24932861 407.87402344
usemtl Patch_410_Mat_CR4_whitePanels
f 1806 1807 1808
f 1807 1806 1809
f 1809 1806 1810

# obj411
v 386.21688843 -0 425.48577881
v 386.61065674 -76.77161407 431.39129639
v 386.21688843 -76.77163696 425.48577881
v 386.61065674 -0 431.39129639
usemtl Patch_411_Mat_CR4_whitePanels
f 1811 1812 1813
f 1812 1811 1814

# obj412
v 385.03933716 -76.77161407 431.49609375
v 384.64559937 -0 425.59057617
v 384.64559937 -76.77163696 425.59057617
v 385.03933716 -0 431.49609375
usemtl Patch_412_Mat_CR4_whitePanels
f 1815 1816 1817
f 1816 1815 1818

# obj413
v 233.0708313 -73.62197876 420.47250366
v 232.67710876 -0 412.99215698
v 232.67710876 -73.62203217 412.99215698
v 233.0708313 -0 420.47250366
usemtl Patch_413_Mat_CR4_whitePanels
f 1819 1820 1821
f 1820 1819 1822

# obj414
v 681.49609375 -0 458.26776123
v 692.1260376 -50.39367676 483.07089233
v 681.49609375 -74.80311584 458.26776123
v 692.1260376 -0 483.07089233
usemtl Patch_414_Mat_CR4_whitePanels
f 1823 1824 1825
f 1824 1823 1826

# obj415
v 386.11212158 -0 423.91445923
v 386.21688843 -76.77163696 425.48577881
v 386.11212158 -76.77164459 423.91445923
v 386.21688843 -0 425.48577881
usemtl Patch_415_Mat_CR4_whitePanels
f 1827 1828 1829
f 1828 1827 1830

# obj416
v 234.16696167 -0 411.33673096
v 234.64344788 -73.62197876 420.38970947
v 234.16696167 -73.62204742 411.33673096
v 234.64344788 -0 420.38970947
usemtl Patch_416_Mat_CR4_whitePanels
f 1831 1832 1833
f 1832 1831 1834

# obj417
v 690.67852783 -50.39367676 483.69122314
v 680.04858398 -0 458.88812256
v 680.04858398 -74.80311584 458.88812256
v 690.67852783 -0 483.69122314
usemtl Patch_417_Mat_CR4_whitePanels
f 1835 1836 1837
f 1836 1835 1838

# obj418
v 83.13959503 -70.85691071 399.90484619
v 83.63157654 -0 407.77578735
v 83.63157654 -70.85692596 407.77578735
v 83.13959503 -0 399.90484619
usemtl Patch_418_Mat_CR4_whitePanels
f 1839 1840 1841
f 1840 1839 1842

# obj419
v 82.05983734 -0 407.87402344
v 81.66609955 -70.85691071 401.5748291
v 82.05983734 -70.85692596 407.87402344
v 81.66609955 -0 401.5748291
usemtl Patch_419_Mat_CR4_whitePanels
f 1843 1844 1845
f 1844 1843 1846

# obj420
v 681.49609375 -0 458.26776123
v 680.04858398 -74.80311584 458.88812256
v 680.04858398 -0 458.88812256
v 681.49609375 -74.80311584 458.26776123
usemtl Patch_420_Mat_CR4_whitePanels
f 1847 1848 1849
f 1848 1847 1850

# obj421
v 385.03933716 -76.77161407 431.49609375
v 386.61065674 -0 431.39129639
v 385.03933716 -0 431.49609375
v 386.61065674 -76.77161407 431.39129639
usemtl Patch_421_Mat_CR4_whitePanels
f 1851 1852 1853
f 1852 1851 1854

# obj422
v 386.11212158 -0 423.91445923
v 384.64559937 -76.77163696 424.01577759
v 384.64559937 -0 424.01577759
v 386.11212158 -76.77164459 423.91445923
usemtl Patch_422_Mat_CR4_whitePanels
f 1855 1856 1857
f 1856 1855 1858

# obj423
v 234.16696167 -0 411.33673096
v 232.67710876 -73.62203217 411.4173584
v 232.67710876 -0 411.4173584
v 234.16696167 -73.62204742 411.33673096
usemtl Patch_423_Mat_CR4_whitePanels
f 1859 1860 1861
f 1860 1859 1862

# obj424
v 233.0708313 -73.62197876 420.47250366
v 234.64344788 -0 420.38970947
v 233.0708313 -0 420.47250366
v 234.64344788 -73.62197876 420.38970947
usemtl Patch_424_Mat_CR4_whitePanels
f 1863 1864 1865
f 1864 1863 1866

# obj425
v -76.60163116 -0 403.93704224
v -76.60163116 -50.38448334 402.36224365
v -76.60163116 -50.38448334 403.93704224
v -76.60163116 -0 402.36224365
usemtl Patch_425_Mat_CR4_whitePanels
f 1867 1868 1869
f 1868 1867 1870

# obj426
v -68.89764404 -67.71652222 394.48822021
v -67.32283783 -0 394.48822021
v -68.89764404 -0 394.48822021
v -67.32283783 -67.71652222 394.48822021
usemtl Patch_426_Mat_CR4_whitePanels
f 1871 1872 1873
f 1872 1871 1874

# obj427
v 83.13959503 -0 399.90484619
v 81.66609955 -70.85691071 400.00003052
v 81.66609955 -0 400.00003052
v 83.13959503 -70.85691071 399.90484619
usemtl Patch_427_Mat_CR4_whitePanels
f 1875 1876 1877
f 1876 1875 1878

# obj428
v 81.66609955 -0 400.00003052
v 69.85509491 -68.49471283 400.00003052
v 69.85509491 -0 400.00003052
v 81.66609955 -70.85691071 400.00003052
usemtl Patch_428_Mat_CR4_whitePanels
f 1879 1880 1881
f 1880 1879 1882

# obj429
v 82.05983734 -70.85692596 407.87402344
v 83.63157654 -0 407.77578735
v 82.05983734 -0 407.87402344
v 83.63157654 -70.85692596 407.77578735
usemtl Patch_429_Mat_CR4_whitePanels
f 1883 1884 1885
f 1884 1883 1886

# obj430
v 69.85509491 -68.49471283 401.5748291
v 81.66609955 -0 401.5748291
v 69.85509491 -0 401.5748291
v 81.66609955 -70.85691071 401.5748291
usemtl Patch_430_Mat_CR4_whitePanels
f 1887 1888 1889
f 1888 1887 1890

# obj431
v 37.57169342 -0 400.78744507
v -76.60163116 -50.38448334 402.36224365
v -76.60163116 -0 402.36224365
v 37.57169342 -74.4002533 400.78744507
usemtl Patch_431_Mat_CR4_whitePanels
f 1891 1892 1893
f 1892 1891 1894

# obj432
v 69.85509491 -0 400.00003052
v 37.57169342 -74.4002533 400.78744507
v 37.57169342 -0 400.78744507
v 69.85509491 -68.49471283 400.00003052
usemtl Patch_432_Mat_CR4_whitePanels
f 1895 1896 1897
f 1896 1895 1898

# obj433
v 37.57169342 -74.4002533 402.36224365
v 69.85509491 -0 401.5748291
v 37.57169342 -0 402.36224365
v 69.85509491 -68.49471283 401.5748291
usemtl Patch_433_Mat_CR4_whitePanels
f 1899 1900 1901
f 1900 1899 1902

# obj434
v -76.60163116 -50.38448334 403.93704224
v 37.57169342 -0 402.36224365
v -76.60163116 -0 403.93704224
v 37.57169342 -74.4002533 402.36224365
usemtl Patch_434_Mat_CR4_whitePanels
f 1903 1904 1905
f 1904 1903 1906

# obj435
v 750.92456055 -556.67816162 498.19198608
v 756.69287109 -531.10235596 427.55905151
v 748.34960938 -576.7689209 497.96011353
v 757.75317383 -517.45928955 447.32000732
v 760.23620605 -503.54330444 427.55905151
v 761.53875732 -473.86254883 499.14770508
v 763.88061523 -455.59014893 499.35858154
usemtl Patch_435_Mat_CR4_concrete
f 1907 1908 1909
f 1908 1907 1910
f 1908 1910 1911
f 1911 1910 1912
f 1911 1912 1913

# obj436
v 536.125 -308.0065918 435.82678223
v 520.41558838 -467.08282471 435.6282959
v 518.86206055 -466.9140625 435.82678223
v 537.67852783 -308.175354 435.6282959
usemtl Patch_436_Mat_CR4_whitePanels
f 1914 1915 1916
f 1915 1914 1917

# obj437
v 537.67852783 -308.175354 435.6282959
v 520.41558838 -467.08282471 437.20632935
v 520.41558838 -467.08282471 435.6282959
v 537.67852783 -308.175354 437.20632935
usemtl Patch_437_Mat_CR4_whitePanels
f 1918 1919 1920
f 1919 1918 1921

# obj438
v 376.37670898 -320.35366821 450.39370728
v 536.125 -308.0065918 437.40161133
v 536.125 -308.0065918 435.82678223
v 376.37670898 -320.35366821 451.96853638
usemtl Patch_438_Mat_CR4_whitePanels
f 1922 1923 1924
f 1923 1922 1925

# obj439
v 518.86206055 -466.9140625 437.40161133
v 365.49179077 -420.55151367 450.39370728
v 518.86206055 -466.9140625 435.82678223
v 365.49179077 -420.55151367 451.96853638
usemtl Patch_439_Mat_CR4_whitePanels
f 1926 1927 1928
f 1927 1926 1929

# obj440
v 383.53085327 -294.59768677 424.01577759
v 368.40631104 -447.40130615 423.91445923
v 366.94836426 -447.24291992 424.01577759
v 384.98876953 -294.756073 423.91445923
usemtl Patch_440_Mat_CR4_whitePanels
f 1930 1931 1932
f 1931 1930 1933

# obj441
v 374.86138916 -301.57620239 432.05639648
v 361.53634644 -438.73464966 431.88980103
v 359.97952271 -438.56552124 432.05639648
v 376.41818237 -301.74533081 431.88980103
usemtl Patch_441_Mat_CR4_whitePanels
f 1934 1935 1936
f 1935 1934 1937

# obj442
v 376.37670898 -320.35366821 450.39370728
v 374.86138916 -301.57620239 432.05639648
v 374.81988525 -320.18453979 450.56030273
v 376.41818237 -301.74533081 431.88980103
usemtl Patch_442_Mat_CR4_whitePanels
f 1938 1939 1940
f 1939 1938 1941

# obj443
v 365.49179077 -420.55151367 450.39370728
v 359.97952271 -438.56552124 432.05639648
v 361.53634644 -438.73464966 431.88980103
v 363.93499756 -420.38241577 450.56030273
usemtl Patch_443_Mat_CR4_whitePanels
f 1942 1943 1944
f 1943 1942 1945

# obj444
v 374.81988525 -320.18453979 452.13510132
v 363.93499756 -420.38241577 450.56030273
v 363.93499756 -420.38241577 452.13510132
v 374.81988525 -320.18453979 450.56030273
usemtl Patch_444_Mat_CR4_whitePanels
f 1946 1947 1948
f 1947 1946 1949

# obj445
v 365.49179077 -420.55151367 451.96853638
v 363.93499756 -420.38241577 450.56030273
v 365.49179077 -420.55151367 450.39370728
v 363.93499756 -420.38241577 452.13510132
usemtl Patch_445_Mat_CR4_whitePanels
f 1950 1951 1952
f 1951 1950 1953

# obj446
v 374.81988525 -320.18453979 450.56030273
v 376.37670898 -320.35366821 451.96853638
v 376.37670898 -320.35366821 450.39370728
v 374.81988525 -320.18453979 452.13510132
usemtl Patch_446_Mat_CR4_whitePanels
f 1954 1955 1956
f 1955 1954 1957

# obj447
v 520.41558838 -467.08282471 437.20632935
v 520.49505615 -459.17120361 443.70080566
v 518.86206055 -466.9140625 437.40161133
v 522.04852295 -459.33996582 443.50552368
usemtl Patch_447_Mat_CR4_whitePanels
f 1958 1959 1960
f 1959 1958 1961

# obj448
v 537.67852783 -308.175354 437.20632935
v 522.04852295 -459.33996582 443.50552368
v 520.41558838 -467.08282471 437.20632935
v 537.61071777 -316.08828735 443.50552368
usemtl Patch_448_Mat_CR4_whitePanels
f 1962 1963 1964
f 1963 1962 1965

# obj449
v 365.49179077 -420.55151367 451.96853638
v 374.81988525 -320.18453979 452.13510132
v 363.93499756 -420.38241577 452.13510132
v 376.37670898 -320.35366821 451.96853638
usemtl Patch_449_Mat_CR4_whitePanels
f 1966 1967 1968
f 1967 1966 1969

# obj450
v 537.61071777 -316.08828735 443.50552368
v 536.125 -308.0065918 437.40161133
v 536.05718994 -315.91952515 443.70080566
v 537.67852783 -308.175354 437.20632935
usemtl Patch_450_Mat_CR4_whitePanels
f 1970 1971 1972
f 1971 1970 1973

# obj451
v 520.49505615 -459.17120361 443.70080566
v 536.125 -308.0065918 437.40161133
v 518.86206055 -466.9140625 437.40161133
v 536.05718994 -315.91952515 443.70080566
usemtl Patch_451_Mat_CR4_whitePanels
f 1974 1975 1976
f 1975 1974 1977

# obj452
v 522.04852295 -459.33996582 443.50552368
v 536.05718994 -315.91952515 443.70080566
v 520.49505615 -459.17120361 443.70080566
v 537.61071777 -316.08828735 443.50552368
usemtl Patch_452_Mat_CR4_whitePanels
f 1978 1979 1980
f 1979 1978 1981

# obj453
v 520.41558838 -467.08282471 437.20632935
v 518.86206055 -466.9140625 435.82678223
v 520.41558838 -467.08282471 435.6282959
v 518.86206055 -466.9140625 437.40161133
usemtl Patch_453_Mat_CR4_whitePanels
f 1982 1983 1984
f 1983 1982 1985

# obj454
v 536.125 -308.0065918 435.82678223
v 537.67852783 -308.175354 437.20632935
v 537.67852783 -308.175354 435.6282959
v 536.125 -308.0065918 437.40161133
usemtl Patch_454_Mat_CR4_whitePanels
f 1986 1987 1988
f 1987 1986 1989

# obj455
v 383.53085327 -294.59768677 424.01577759
v 385.09295654 -294.76739502 425.48577881
v 384.98876953 -294.756073 423.91445923
v 383.53085327 -294.59768677 425.59057617
v 385.48455811 -294.80993652 431.39129639
v 383.92245483 -294.64022827 431.49609375
usemtl Patch_455_Mat_CR4_whitePanels
f 1990 1991 1992
f 1991 1990 1993
f 1991 1993 1994
f 1994 1993 1995

# obj456
v 368.90194702 -447.45510864 431.39129639
v 383.92245483 -294.64022827 431.49609375
v 367.33981323 -447.28543091 431.49609375
v 385.48455811 -294.80993652 431.39129639
usemtl Patch_456_Mat_CR4_whitePanels
f 1996 1997 1998
f 1997 1996 1999

# obj457
v 212.84657288 -403.96899414 435.82678223
v 222.17169189 -303.60162354 435.96130371
v 211.28669739 -403.79956055 435.96130371
v 223.73155212 -303.77108765 435.82678223
usemtl Patch_457_Mat_CR4_whitePanels
f 2000 2001 2002
f 2001 2000 2003

# obj458
v 222.17169189 -303.60162354 435.96130371
v 211.28669739 -403.79956055 434.38647461
v 211.28669739 -403.79956055 435.96130371
v 222.17169189 -303.60162354 434.38647461
usemtl Patch_458_Mat_CR4_whitePanels
f 2004 2005 2006
f 2005 2004 2007

# obj459
v 222.17169189 -303.60162354 434.38647461
v 223.73155212 -303.77108765 435.82678223
v 223.73155212 -303.77108765 434.25198364
v 222.17169189 -303.60162354 435.96130371
usemtl Patch_459_Mat_CR4_whitePanels
f 2008 2009 2010
f 2009 2008 2011

# obj460
v 212.84657288 -403.96899414 435.82678223
v 211.28669739 -403.79956055 434.38647461
v 212.84657288 -403.96899414 434.25198364
v 211.28669739 -403.79956055 435.96130371
usemtl Patch_460_Mat_CR4_whitePanels
f 2012 2013 2014
f 2013 2012 2015

# obj461
v 210.01403809 -419.10592651 420.47250366
v 211.28669739 -403.79956055 434.38647461
v 208.4541626 -418.9364624 420.60699463
v 212.84657288 -403.96899414 434.25198364
usemtl Patch_461_Mat_CR4_whitePanels
f 2016 2017 2018
f 2017 2016 2019

# obj462
v 222.65577698 -288.20956421 420.60699463
v 210.01403809 -419.10592651 420.47250366
v 208.4541626 -418.9364624 420.60699463
v 224.21563721 -288.37902832 420.47250366
usemtl Patch_462_Mat_CR4_whitePanels
f 2020 2021 2022
f 2021 2020 2023

# obj463
v 223.73155212 -303.77108765 434.25198364
v 222.65577698 -288.20956421 420.60699463
v 222.17169189 -303.60162354 434.38647461
v 224.21563721 -288.37902832 420.47250366
usemtl Patch_463_Mat_CR4_whitePanels
f 2024 2025 2026
f 2025 2024 2027

# obj464
v 366.94836426 -447.24291992 425.59057617
v 212.84657288 -403.96899414 434.25198364
v 366.94836426 -447.24291992 424.01577759
v 212.84657288 -403.96899414 435.82678223
usemtl Patch_464_Mat_CR4_whitePanels
f 2028 2029 2030
f 2029 2028 2031

# obj465
v 223.73155212 -303.77108765 434.25198364
v 383.53085327 -294.59768677 425.59057617
v 383.53085327 -294.59768677 424.01577759
v 223.73155212 -303.77108765 435.82678223
usemtl Patch_465_Mat_CR4_whitePanels
f 2032 2033 2034
f 2033 2032 2035

# obj466
v 232.11116028 -281.31637573 411.4173584
v 217.69004822 -427.86016846 411.33673096
v 216.20890808 -427.69924927 411.4173584
v 233.59228516 -281.47729492 411.33673096
usemtl Patch_466_Mat_CR4_whitePanels
f 2036 2037 2038
f 2037 2036 2039

# obj467
v 81.51667786 -269.30355835 400.00003052
v 67.67459869 -410.36593628 399.90484619
v 66.2097168 -410.20678711 400.00003052
v 82.98155975 -269.462677 399.90484619
usemtl Patch_467_Mat_CR4_whitePanels
f 2040 2041 2042
f 2041 2040 2043

# obj468
v 218.16375732 -427.91156006 420.38970947
v 232.50265503 -281.35891724 420.47250366
v 216.60032654 -427.74169922 420.47250366
v 234.06608582 -281.52877808 420.38970947
usemtl Patch_468_Mat_CR4_whitePanels
f 2044 2045 2046
f 2045 2044 2047

# obj469
v 61.3755455 -387.51394653 420.07876587
v 70.6960144 -287.14611816 420.07876587
v 59.81102753 -387.34399414 420.07876587
v 72.26053619 -287.31607056 420.07876587
usemtl Patch_469_Mat_CR4_whitePanels
f 2048 2049 2050
f 2049 2048 2051

# obj470
v 70.6960144 -287.14611816 420.07876587
v 59.81102753 -387.34399414 418.56225586
v 59.81102753 -387.34399414 420.07876587
v 70.6960144 -287.14611816 418.56225586
usemtl Patch_470_Mat_CR4_whitePanels
f 2052 2053 2054
f 2053 2052 2055

# obj471
v 61.3755455 -387.51394653 420.07876587
v 59.81102753 -387.34399414 418.56225586
v 61.3755455 -387.51394653 418.50396729
v 59.81102753 -387.34399414 420.07876587
usemtl Patch_471_Mat_CR4_whitePanels
f 2056 2057 2058
f 2057 2056 2059

# obj472
v 70.6960144 -287.14611816 418.56225586
v 72.26053619 -287.31607056 420.07876587
v 72.26053619 -287.31607056 418.50396729
v 70.6960144 -287.14611816 420.07876587
usemtl Patch_472_Mat_CR4_whitePanels
f 2060 2061 2062
f 2061 2060 2063

# obj473
v 188.61482239 -273.42303467 413.38586426
v 204.67958069 -424.46661377 412.20477295
v 172.03230286 -426.06826782 413.38586426
v 198.89437866 -276.21755981 413.00094604
v 220.15655518 -281.99777222 412.20477295
usemtl Patch_473_Mat_CR4_whitePanels
f 2064 2065 2066
f 2065 2064 2067
f 2065 2067 2068

# obj474
v 72.26053619 -287.31607056 418.50396729
v 172.03230286 -426.06826782 413.38586426
v 61.3755455 -387.51394653 418.50396729
v 156.11990356 -277.30300903 414.81521606
v 188.61482239 -273.42303467 413.38586426
usemtl Patch_474_Mat_CR4_whitePanels
f 2069 2070 2071
f 2070 2069 2072
f 2070 2072 2073

# obj475
v 72.26053619 -287.31607056 418.50396729
v 71.66531372 -274.5788269 407.93231201
v 70.6960144 -287.14611816 418.56225586
v 73.22982788 -274.74880981 407.87402344
usemtl Patch_475_Mat_CR4_whitePanels
f 2074 2075 2076
f 2075 2074 2077

# obj476
v 71.66531372 -274.5788269 407.93231201
v 59.62360001 -399.99624634 407.87402344
v 58.05908203 -399.82626343 407.93231201
v 73.22982788 -274.74880981 407.87402344
usemtl Patch_476_Mat_CR4_whitePanels
f 2078 2079 2080
f 2079 2078 2081

# obj477
v 59.62360001 -399.99624634 407.87402344
v 59.81102753 -387.34399414 418.56225586
v 58.05908203 -399.82626343 407.93231201
v 61.3755455 -387.51394653 418.50396729
usemtl Patch_477_Mat_CR4_whitePanels
f 2082 2083 2084
f 2083 2082 2085

# obj478
v 204.67958069 -424.46661377 413.77957153
v 188.61482239 -273.42303467 414.96066284
v 172.03230286 -426.06826782 414.96066284
v 198.89437866 -276.21755981 414.57574463
v 220.15655518 -281.99777222 413.77957153
usemtl Patch_478_Mat_CR4_whitePanels
f 2086 2087 2088
f 2087 2086 2089
f 2089 2086 2090

# obj479
v 156.11990356 -277.30300903 414.81521606
v 188.61482239 -273.42303467 414.96066284
v 188.61482239 -273.42303467 413.38586426
v 72.26053619 -287.31607056 418.50396729
v 72.26053619 -287.31607056 420.07876587
usemtl Patch_479_Mat_CR4_whitePanels
f 2091 2092 2093
f 2092 2091 2094
f 2092 2094 2095

# obj480
v 198.89437866 -276.21755981 413.00094604
v 220.15655518 -281.99777222 413.77957153
v 220.15655518 -281.99777222 412.20477295
v 188.61482239 -273.42303467 413.38586426
v 198.89437866 -276.21755981 414.57574463
v 188.61482239 -273.42303467 414.96066284
usemtl Patch_480_Mat_CR4_whitePanels
f 2096 2097 2098
f 2097 2096 2099
f 2097 2099 2100
f 2100 2099 2101

# obj481
v 220.15655518 -281.99777222 412.20477295
v 232.11116028 -281.31637573 412.99215698
v 232.11116028 -281.31637573 411.4173584
v 220.15655518 -281.99777222 413.77957153
usemtl Patch_481_Mat_CR4_whitePanels
f 2102 2103 2104
f 2103 2102 2105

# obj482
v 216.20890808 -427.69924927 412.99215698
v 204.67958069 -424.46661377 412.20477295
v 216.20890808 -427.69924927 411.4173584
v 204.67958069 -424.46661377 413.77957153
usemtl Patch_482_Mat_CR4_whitePanels
f 2106 2107 2108
f 2107 2106 2109

# obj483
v 204.67958069 -424.46661377 413.77957153
v 172.03230286 -426.06826782 413.38586426
v 204.67958069 -424.46661377 412.20477295
v 172.03230286 -426.06826782 414.96066284
usemtl Patch_483_Mat_CR4_whitePanels
f 2110 2111 2112
f 2111 2110 2113

# obj484
v 172.03230286 -426.06826782 414.96066284
v 61.3755455 -387.51394653 418.50396729
v 172.03230286 -426.06826782 413.38586426
v 61.3755455 -387.51394653 420.07876587
usemtl Patch_484_Mat_CR4_whitePanels
f 2114 2115 2116
f 2115 2114 2117

# obj485
v -81.39853668 -389.4284668 388.18899536
v -82.96413422 -389.25839233 386.61419678
v -81.39853668 -389.4284668 386.61419678
v -82.96413422 -389.25839233 388.18899536
usemtl Patch_485_Mat_CR4_whitePanels
f 2118 2119 2120
f 2119 2118 2121

# obj486
v -82.96413422 -389.25839233 388.18899536
v -239.20928955 -358.42416382 386.61419678
v -82.96413422 -389.25839233 386.61419678
v -239.20928955 -358.42416382 388.18899536
usemtl Patch_486_Mat_CR4_whitePanels
f 2122 2123 2124
f 2123 2122 2125

# obj487
v -66.77189636 -254.78756714 386.61419678
v -81.39853668 -389.4284668 388.18899536
v -81.39853668 -389.4284668 386.61419678
v -81.39853668 -389.4284668 394.48822021
v -66.80423737 -255.08525085 394.48822021
v -66.77189636 -254.78756714 394.48822021
usemtl Patch_487_Mat_CR4_whitePanels
f 2126 2127 2128
f 2127 2126 2129
f 2129 2126 2130
f 2130 2126 2131

# obj488
v -66.80423737 -255.08525085 394.48822021
v -68.3374939 -254.61749268 394.48822021
v -68.36982727 -254.91516113 394.48822021
v -66.77189636 -254.78756714 394.48822021
usemtl Patch_488_Mat_CR4_whitePanels
f 2132 2133 2134
f 2133 2132 2135

# obj489
v -81.39853668 -389.4284668 394.48822021
v -82.96413422 -389.25839233 388.18899536
v -81.39853668 -389.4284668 388.18899536
v -82.96413422 -389.25839233 394.48822021
usemtl Patch_489_Mat_CR4_whitePanels
f 2136 2137 2138
f 2137 2136 2139

# obj490
v -81.39853668 -389.4284668 394.48822021
v -68.36982727 -254.91516113 394.48822021
v -82.96413422 -389.25839233 394.48822021
v -66.80423737 -255.08525085 394.48822021
usemtl Patch_490_Mat_CR4_whitePanels
f 2140 2141 2142
f 2141 2140 2143

# obj491
v -68.36982727 -254.91516113 394.48822021
v -82.96413422 -389.25839233 388.18899536
v -82.96413422 -389.25839233 394.48822021
v -68.3374939 -254.61749268 388.18899536
v -68.3374939 -254.61749268 394.48822021
usemtl Patch_491_Mat_CR4_whitePanels
f 2144 2145 2146
f 2145 2144 2147
f 2147 2144 2148

# obj492
v -227.55899048 -251.18110657 386.61419678
v -82.96413422 -389.25839233 386.61419678
v -239.20928955 -358.42416382 386.61419678
v -68.3374939 -254.61749268 386.61419678
v -81.39853668 -389.4284668 386.61419678
v -66.77189636 -254.78756714 386.61419678
usemtl Patch_492_Mat_CR4_whitePanels
f 2149 2150 2151
f 2150 2149 2152
f 2150 2152 2153
f 2153 2152 2154

# obj493
v -82.96413422 -389.25839233 388.18899536
v -227.55899048 -251.18110657 388.18899536
v -239.20928955 -358.42416382 388.18899536
v -68.3374939 -254.61749268 388.18899536
usemtl Patch_493_Mat_CR4_whitePanels
f 2155 2156 2157
f 2156 2155 2158

# obj494
v -227.55899048 -251.18110657 388.18899536
v -239.20928955 -358.42416382 386.61419678
v -239.20928955 -358.42416382 388.18899536
v -227.55899048 -251.18110657 386.61419678
usemtl Patch_494_Mat_CR4_whitePanels
f 2159 2160 2161
f 2160 2159 2162

# obj495
v 69.51968384 -270.37631226 400.00003052
v 66.2097168 -410.20678711 400.00003052
v 54.72291565 -406.58282471 400.00003052
v 81.51667786 -269.30355835 400.00003052
usemtl Patch_495_Mat_CR4_whitePanels
f 2163 2164 2165
f 2164 2163 2166

# obj496
v 66.2097168 -410.20678711 401.5748291
v 54.72291565 -406.58282471 400.00003052
v 66.2097168 -410.20678711 400.00003052
v 54.72291565 -406.58282471 401.5748291
usemtl Patch_496_Mat_CR4_whitePanels
f 2167 2168 2169
f 2168 2167 2170

# obj497
v 83.3261795 -270.84558105 407.77578735
v 81.90809631 -269.34603882 407.87402344
v 81.76363373 -270.67584229 407.87402344
v 83.47064209 -269.51580811 407.77578735
usemtl Patch_497_Mat_CR4_whitePanels
f 2171 2172 2173
f 2172 2171 2174

# obj498
v 68.16369629 -410.41906738 407.77578735
v 81.76363373 -270.67584229 407.87402344
v 66.60115814 -410.24932861 407.87402344
v 83.3261795 -270.84558105 407.77578735
usemtl Patch_498_Mat_CR4_whitePanels
f 2175 2176 2177
f 2176 2175 2178

# obj499
v 69.51968384 -270.37631226 401.5748291
v 81.51667786 -269.30355835 400.00003052
v 69.51968384 -270.37631226 400.00003052
v 81.51667786 -269.30355835 401.5748291
usemtl Patch_499_Mat_CR4_whitePanels
f 2179 2180 2181
f 2180 2179 2182

# obj500
v 66.2097168 -410.20678711 401.5748291
v 69.51968384 -270.37631226 401.5748291
v 54.72291565 -406.58282471 401.5748291
v 81.51667786 -269.30355835 401.5748291
usemtl Patch_500_Mat_CR4_whitePanels
f 2183 2184 2185
f 2184 2183 2186

# obj501
v 49.87510681 -264.53259277 400.49176025
v 69.51968384 -270.37631226 401.5748291
v 69.51968384 -270.37631226 400.00003052
v 38.06288147 -261.01876831 400.78744507
v 38.06288147 -261.01876831 402.36224365
v 49.87510681 -264.53259277 402.06655884
usemtl Patch_501_Mat_CR4_whitePanels
f 2187 2188 2189
f 2188 2187 2190
f 2188 2190 2191
f 2188 2191 2192

# obj502
v -78.03632355 -272.56341553 403.93704224
v -88.92129517 -372.7612915 402.36224365
v -88.92129517 -372.7612915 403.93704224
v -78.03632355 -272.56341553 402.36224365
usemtl Patch_502_Mat_CR4_whitePanels
f 2193 2194 2195
f 2194 2193 2196

# obj503
v 21.99054146 -408.96722412 402.36224365
v -88.92129517 -372.7612915 402.36224365
v 21.99054146 -408.96722412 400.78744507
v -88.92129517 -372.7612915 403.93704224
usemtl Patch_503_Mat_CR4_whitePanels
f 2197 2198 2199
f 2198 2197 2200

# obj504
v 54.72291565 -406.58282471 401.5748291
v 21.99054146 -408.96722412 400.78744507
v 54.72291565 -406.58282471 400.00003052
v 21.99054146 -408.96722412 402.36224365
usemtl Patch_504_Mat_CR4_whitePanels
f 2201 2202 2203
f 2202 2201 2204

# obj505
v 38.06288147 -261.01876831 400.78744507
v 54.72291565 -406.58282471 400.00003052
v 21.99054146 -408.96722412 400.78744507
v 49.87510681 -264.53259277 400.49176025
v 69.51968384 -270.37631226 400.00003052
usemtl Patch_505_Mat_CR4_whitePanels
f 2205 2206 2207
f 2206 2205 2208
f 2206 2208 2209

# obj506
v 54.72291565 -406.58282471 401.5748291
v 38.06288147 -261.01876831 402.36224365
v 21.99054146 -408.96722412 402.36224365
v 49.87510681 -264.53259277 402.06655884
v 69.51968384 -270.37631226 401.5748291
usemtl Patch_506_Mat_CR4_whitePanels
f 2210 2211 2212
f 2211 2210 2213
f 2213 2210 2214

# obj507
v 804.48754883 -537.26165771 431.60449219
v 748.34960938 -576.7689209 497.96011353
v 756.69287109 -531.10235596 427.55905151
v 798.31695557 -583.88848877 503.22433472
usemtl Patch_507_Mat_CR4_concrete
f 2215 2216 2217
f 2216 2215 2218

# obj508
v 763.88061523 -455.59014893 499.35858154
v 808.01385498 -509.70031738 431.80703735
v 760.23620605 -503.54330444 427.55905151
v 813.97589111 -461.4894104 504.63391113
usemtl Patch_508_Mat_CR4_concrete
f 2219 2220 2221
f 2220 2219 2222

# obj509
v 790.0380249 -117.81855011 430.12008667
v 804.77246094 -90.58321381 265.3543396
v 803.98205566 -118.14219666 265.3543396
v 790.82800293 -90.25955963 430.12472534
usemtl Patch_509_Mat_CR4_concrete
f 2223 2224 2225
f 2224 2223 2226

# obj510
v 804.48754883 -537.26165771 431.60449219
v 800.95678711 -563.25421143 503.4619751
v 798.31695557 -583.88848877 503.22433472
v 806.1697998 -523.68847656 450.78579712
v 808.01385498 -509.70031738 431.80703735
v 811.70898438 -479.20870972 504.42984009
v 813.97589111 -461.4894104 504.63391113
usemtl Patch_510_Mat_CR4_concrete
f 2227 2228 2229
f 2228 2227 2230
f 2230 2227 2231
f 2230 2231 2232
f 2232 2231 2233

# obj511
v 880.66796875 -319.33795166 456.3727417
v 827.72137451 -357.45401001 505.87780762
v 830.82781982 -315.34237671 452.60494995
v 871.63830566 -362.00665283 510.50131226
usemtl Patch_511_Mat_CR4_concrete
f 2234 2235 2236
f 2235 2234 2237

# obj512
v 858.41210938 -530.40997314 454.52545166
v 800.95678711 -563.25421143 503.4619751
v 806.1697998 -523.68847656 450.78579712
v 847.8951416 -570.49633789 508.40817261
usemtl Patch_512_Mat_CR4_concrete
f 2238 2239 2240
f 2239 2238 2241

# obj513
v 811.70898438 -479.20870972 504.42984009
v 858.41210938 -530.40997314 454.52545166
v 806.1697998 -523.68847656 450.78579712
v 858.78753662 -483.91967773 509.38589478
usemtl Patch_513_Mat_CR4_concrete
f 2242 2243 2244
f 2243 2242 2245

# obj514
v 787.32904053 -42.5683136 501.02661133
v 842.07745361 -91.43400574 434.12927246
v 790.82800293 -90.25955963 430.12472534
v 844.11090088 -42.84589386 506.99371338
usemtl Patch_514_Mat_CR4_concrete
f 2246 2247 2248
f 2247 2246 2249

# obj515
v 843.41326904 -67.24938965 506.96743774
v 896.87573242 -106.90231323 458.24703979
v 841.85253906 -105.44908905 453.96472168
v 894.62530518 -67.59226227 512.34942627
usemtl Patch_515_Mat_CR4_concrete
f 2250 2251 2252
f 2251 2250 2253

# obj516
v 898.23382568 0 512.59832764
v -229.51905823 -52.75600815 394.197052
v -229.52755737 -0 394.09451294
v 787.32904053 -42.5683136 501.02661133
v 786.63977051 -66.66648102 501.00064087
v 844.11090088 -42.84589386 506.99371338
v 894.62530518 -67.59226227 512.34942627
v 898.43286133 0 512.6192627
v 843.41326904 -67.24938965 506.96743774
usemtl Patch_516_Mat_CR4_concrete
f 2254 2255 2256
f 2255 2254 2257
f 2255 2257 2258
f 2257 2254 2259
f 2259 2254 2260
f 2260 2254 2261
f 2260 2262 2259

# obj517
v 750.92456055 -556.67816162 498.19198608
v -233.07046509 -389.98092651 376.39389038
v 757.75317383 -517.45928955 447.32000732
usemtl Patch_517_Mat_CR4_concrete
f 2263 2264 2265

# obj518
v 761.53875732 -473.86254883 499.14770508
v 757.75317383 -517.45928955 447.32000732
v -233.07046509 -389.98092651 376.39389038
usemtl Patch_518_Mat_CR4_concrete
f 2266 2267 2268

# obj519
v 756.69287109 -531.10235596 427.55905151
v 774.08239746 -505.42825317 265.3543396
v 770.5390625 -532.98724365 265.3543396
v 760.23620605 -503.54330444 427.55905151
usemtl Patch_519_Mat_CR4_concrete
f 2269 2270 2271
f 2270 2269 2272

# obj520
v 774.08239746 -505.42825317 265.3543396
v 808.01385498 -509.70031738 431.80703735
v 822.22265625 -511.63464355 265.35430908
v 760.23620605 -503.54330444 427.55905151
usemtl Patch_520_Mat_CR4_concrete
f 2273 2274 2275
f 2274 2273 2276

# obj521
v 761.53875732 -473.86254883 499.14770508
v -233.07046509 -389.98092651 376.39389038
v -252.43554688 -363.24923706 392.3873291
usemtl Patch_521_Mat_CR4_concrete
f 2277 2278 2279

# obj522
v 855.57452393 -119.32462311 265.3543396
v 790.0380249 -117.81855011 430.12008667
v 803.98205566 -118.14219666 265.3543396
v 841.29003906 -118.99307251 434.14224243
usemtl Patch_522_Mat_CR4_concrete
f 2280 2281 2282
f 2281 2280 2283

# obj523
v 856.36083984 -91.76552582 265.3543396
v 841.29003906 -118.99307251 434.14224243
v 855.57452393 -119.32462311 265.3543396
v 842.07745361 -91.43400574 434.12927246
usemtl Patch_523_Mat_CR4_concrete
f 2284 2285 2286
f 2285 2284 2287

# obj524
v 804.77246094 -90.58321381 265.3543396
v 842.07745361 -91.43400574 434.12927246
v 856.36083984 -91.76552582 265.3543396
v 790.82800293 -90.25955963 430.12472534
usemtl Patch_524_Mat_CR4_concrete
f 2288 2289 2290
f 2289 2288 2291

# obj525
v 846.12609863 -302.22854614 265.3543396
v 829.93103027 -328.68460083 433.38571167
v 844.15307617 -329.78713989 265.3543396
v 831.87890625 -301.12405396 433.68225098
usemtl Patch_525_Mat_CR4_concrete
f 2292 2293 2294
f 2293 2292 2295

# obj526
v 794.53375244 -298.28787231 265.3543396
v 831.87890625 -301.12405396 433.68225098
v 846.12609863 -302.22854614 265.3543396
v 780.68389893 -297.21420288 428.98791504
usemtl Patch_526_Mat_CR4_concrete
f 2296 2297 2298
f 2297 2296 2299

# obj527
v 822.22265625 -511.63464355 265.35430908
v 804.48754883 -537.26165771 431.60449219
v 818.67901611 -539.19360352 265.35430908
v 808.01385498 -509.70031738 431.80703735
usemtl Patch_527_Mat_CR4_concrete
f 2300 2301 2302
f 2301 2300 2303

# obj528
v 750.92456055 -556.67816162 498.19198608
v -257.42715454 -409.84735107 391.95263672
v -233.07046509 -389.98092651 376.39389038
usemtl Patch_528_Mat_CR4_concrete
f 2304 2305 2306

# obj529
v 773.90325928 -350.07302856 500.20843506
v -240.54138184 -252.36155701 393.42349243
v -217.35827637 -231.3117218 373.36453247
usemtl Patch_529_Mat_CR4_concrete
f 2307 2308 2309

# obj530
v -283.46456909 -358.66140747 15.74803543
v -240.54138184 -252.36155701 393.42349243
v -252.43554688 -363.24923706 392.3873291
v -274.40948486 -273.62207031 15.74803543
v -275.04522705 -273.40441895 7.87401772
v -273.03210449 -254.49868774 7.87401772
usemtl Patch_530_Mat_CR4_concrete
f 2310 2311 2312
f 2311 2310 2313
f 2311 2313 2314
f 2311 2314 2315

# obj531
v 858.41210938 -530.40997314 454.52545166
v 896.41815186 -320.55111694 265.35430908
v 873.9911499 -531.78839111 265.35430908
v 858.78753662 -483.91967773 509.38589478
v 871.63830566 -362.00665283 510.50131226
v 880.66796875 -319.33795166 456.3727417
usemtl Patch_531_Mat_CR4_woodPanels
f 2316 2317 2318
f 2317 2316 2319
f 2317 2319 2320
f 2317 2320 2321

# obj532
v 838.90985107 -630.78326416 507.58016968
v 873.9911499 -531.78839111 265.35430908
v 858.66143799 -633.85821533 265.35430908
v 847.8951416 -570.49633789 508.40817261
v 858.41210938 -530.40997314 454.52545166
usemtl Patch_532_Mat_CR4_woodPanels
f 2322 2323 2324
f 2323 2322 2325
f 2323 2325 2326

# obj533
v -296.41525269 -454.03570557 15.74803543
v -263.15731812 -451.64471436 391.43106079
v -264.17324829 -459.05514526 391.33856201
v -290.00146484 -406.87548828 15.74803543
v -257.42715454 -409.84735107 391.95263672
usemtl Patch_533_Mat_CR4_concrete
f 2327 2328 2329
f 2328 2327 2330
f 2328 2330 2331

# obj534
v 784.46807861 -142.59481812 500.91876221
v -207.52603149 -77.73378754 372.29418945
v 789.07794189 -104.05525208 449.85742188
usemtl Patch_534_Mat_CR4_concrete
f 2332 2333 2334

# obj535
v 786.63977051 -66.66648102 501.00064087
v -207.52603149 -77.73378754 372.29418945
v -229.51905823 -52.75600815 394.197052
usemtl Patch_535_Mat_CR4_concrete
f 2335 2336 2337

# obj536
v 786.63977051 -66.66648102 501.00064087
v 789.07794189 -104.05525208 449.85742188
v -207.52603149 -77.73378754 372.29418945
usemtl Patch_536_Mat_CR4_concrete
f 2338 2339 2340

# obj537
v 902.23223877 0 466.71322632
v 903.29968262 -41.33858109 425.51550293
v 899.88995361 -41.33858109 466.71322632
v 905.64196777 0 425.51550293
usemtl Patch_537_Mat_CR4_windows
f 2341 2342 2343
f 2342 2341 2344

# obj538
v -78.03632355 -272.56341553 402.36224365
v 21.99054146 -408.96722412 400.78744507
v -88.92129517 -372.7612915 402.36224365
v 38.06288147 -261.01876831 400.78744507
usemtl Patch_538_Mat_CR4_whitePanels
f 2345 2346 2347
f 2346 2345 2348

# obj539
v -78.03632355 -272.56341553 402.36224365
v 38.06288147 -261.01876831 402.36224365
v 38.06288147 -261.01876831 400.78744507
v -78.03632355 -272.56341553 403.93704224
usemtl Patch_539_Mat_CR4_whitePanels
f 2349 2350 2351
f 2350 2349 2352

# obj540
v 21.99054146 -408.96722412 402.36224365
v -78.03632355 -272.56341553 403.93704224
v -88.92129517 -372.7612915 403.93704224
v 38.06288147 -261.01876831 402.36224365
usemtl Patch_540_Mat_CR4_whitePanels
f 2353 2354 2355
f 2354 2353 2356

# obj541
v -68.3374939 -254.61749268 388.18899536
v -66.77189636 -254.78756714 386.61419678
v -68.3374939 -254.61749268 386.61419678
v -66.77189636 -254.78756714 394.48822021
v -68.3374939 -254.61749268 394.48822021
usemtl Patch_541_Mat_CR4_whitePanels
f 2357 2358 2359
f 2358 2357 2360
f 2360 2357 2361

# obj542
v -227.55899048 -251.18110657 388.18899536
v -68.3374939 -254.61749268 386.61419678
v -227.55899048 -251.18110657 386.61419678
v -68.3374939 -254.61749268 388.18899536
usemtl Patch_542_Mat_CR4_whitePanels
f 2362 2363 2364
f 2363 2362 2365

# obj543
v 880.66796875 -319.33795166 456.3727417
v 902.71478271 -238.80490112 265.35430908
v 896.41815186 -320.55111694 265.35430908
v 886.90600586 -273.13375854 424.07272339
v 879.13336182 -280.29660034 511.13140869
v 895.40344238 -238.02807617 354.22467041
v 891.39837646 -214.42459106 424.43167114
v 901.23748779 -162.48178101 354.04428101
v 895.90405273 -155.54269409 424.79162598
v 883.48974609 -273.12420654 465.26989746
v 889.21746826 -148.51220703 511.93710327
v 887.9821167 -214.41503906 465.62884521
v 892.48773193 -155.53314209 465.98883057
v 912.74493408 -108.58839417 265.35430908
v 908.55029297 -163.0450592 265.35430908
v 896.87573242 -106.90231323 458.24703979
usemtl Patch_543_Mat_CR4_woodPanels
f 2366 2367 2368
f 2367 2366 2369
f 2369 2366 2370
f 2367 2369 2371
f 2371 2369 2372
f 2371 2372 2373
f 2373 2372 2374
f 2370 2375 2369
f 2375 2370 2376
f 2375 2376 2377
f 2377 2376 2378
f 2373 2379 2380
f 2379 2373 2374
f 2379 2374 2378
f 2379 2378 2376
f 2379 2376 2381

# obj544
v 898.43286133 0 512.6192627
v 899.88995361 -41.33858109 466.71322632
v 894.62530518 -67.59226227 512.34942627
v 902.23223877 0 466.71322632
v 896.87573242 -106.90231323 458.24703979
v 918.89764404 0 265.3543396
v 912.74493408 -108.58839417 265.35430908
v 903.29968262 -41.33858109 425.51550293
v 905.64196777 0 425.51550293
usemtl Patch_544_Mat_CR4_woodPanels
f 2382 2383 2384
f 2383 2382 2385
f 2386 2387 2388
f 2387 2386 2384
f 2387 2384 2389
f 2389 2384 2383
f 2387 2389 2390

# obj545
v 773.90325928 -350.07302856 500.20843506
v -217.35827637 -231.3117218 373.36453247
v 778.85601807 -311.17590332 448.67599487
usemtl Patch_545_Mat_CR4_concrete
f 2391 2392 2393

# obj546
v 829.93103027 -328.68460083 433.38571167
v 827.72137451 -357.45401001 505.87780762
v 826.41040039 -375.99942017 505.77578735
v 830.82781982 -315.34237671 452.60494995
v 831.87890625 -301.12405396 433.68225098
v 833.36706543 -277.58822632 506.31713867
v 835.06481934 -253.57199097 506.44924927
usemtl Patch_546_Mat_CR4_concrete
f 2394 2395 2396
f 2395 2394 2397
f 2397 2394 2398
f 2397 2398 2399
f 2399 2398 2400

# obj547
v -240.54138184 -252.36155701 393.42349243
v 761.53875732 -473.86254883 499.14770508
v -252.43554688 -363.24923706 392.3873291
v 773.90325928 -350.07302856 500.20843506
v 763.88061523 -455.59014893 499.35858154
v 772.39788818 -371.18249512 500.09091187
v 813.97589111 -461.4894104 504.63391113
v 826.41040039 -375.99942017 505.77578735
v 858.78753662 -483.91967773 509.38589478
v 811.70898438 -479.20870972 504.42984009
v 827.72137451 -357.45401001 505.87780762
v 871.63830566 -362.00665283 510.50131226
usemtl Patch_547_Mat_CR4_concrete
f 2401 2402 2403
f 2402 2401 2404
f 2402 2404 2405
f 2405 2404 2406
f 2406 2407 2405
f 2407 2406 2408
f 2407 2409 2410
f 2409 2407 2408
f 2409 2408 2411
f 2409 2411 2412

# obj548
v 778.71136475 -324.77301025 429.00177002
v 794.53375244 -298.28787231 265.3543396
v 792.56237793 -325.84677124 265.3543396
v 780.68389893 -297.21420288 428.98791504
usemtl Patch_548_Mat_CR4_concrete
f 2413 2414 2415
f 2414 2413 2416

# obj549
v 829.93103027 -328.68460083 433.38571167
v 792.56237793 -325.84677124 265.3543396
v 844.15307617 -329.78713989 265.3543396
v 778.71136475 -324.77301025 429.00177002
usemtl Patch_549_Mat_CR4_concrete
f 2417 2418 2419
f 2418 2417 2420

# obj550
v 30.19053841 -361.03488159 -31.49597168
v 29.89307594 -364.96063232 8.976E-05
v 29.89307404 -364.96063232 -31.49597168
v 30.19053841 -361.03488159 -3.93691945
v 50.90018463 -87.72122955 -29.13376999
v 50.18796539 -97.12068176 -22.83455658
v 50.18796539 -97.12068176 -29.13376999
v 50.54407501 -92.42095947 -25.19684982
v 51.25629425 -83.02149963 -25.19684982
v 50.90018463 -87.72122955 -31.49605751
v 51.25629425 -83.02149963 -31.49605751
v 49.47574615 -106.5201416 -16.53534508
v 49.47574615 -106.5201416 -22.83455658
v 49.83185577 -101.82041168 -18.89763832
v 50.54407501 -92.42095947 -18.89763832
v 48.76352692 -115.91960144 -10.23613262
v 48.76352692 -115.91960144 -16.53534508
v 49.11963654 -111.21987152 -12.59842491
v 49.83185577 -101.82041168 -12.59842491
v 48.10995102 -124.54508209 -3.93691945
v 48.10995102 -124.54508209 -10.23613262
v 48.40741348 -120.61933136 -6.29921246
v 49.11963654 -111.21987152 -6.29921246
v 48.40741348 -120.61933136 -9E-08
usemtl Patch_550_Mat_CR4_linoleum
f 2421 2422 2423
f 2422 2421 2424
f 2425 2426 2427
f 2426 2425 2428
f 2428 2425 2429
f 2429 2425 2430
f 2429 2430 2431
f 2426 2432 2433
f 2432 2426 2434
f 2434 2426 2435
f 2435 2426 2428
f 2432 2436 2437
f 2436 2432 2438
f 2438 2432 2439
f 2439 2432 2434
f 2436 2440 2441
f 2440 2436 2442
f 2442 2436 2443
f 2443 2436 2438
f 2424 2444 2422
f 2444 2424 2440
f 2444 2440 2442

# obj551
v 49.11963654 -111.21987152 -12.59842491
v 12.20472431 -99.21260071 -12.59842491
v 12.20472431 -108.6614151 -12.59842491
v 49.83185577 -101.82041168 -12.59842491
usemtl Patch_551_Mat_CR4_parquet
f 2445 2446 2447
f 2446 2445 2448

# obj552
v 49.83185577 -101.82041168 -18.89763832
v 12.20472431 -89.76377869 -18.89763832
v 12.20472431 -99.21260071 -18.89763832
v 50.54407501 -92.42095947 -18.89763832
usemtl Patch_552_Mat_CR4_parquet
f 2449 2450 2451
f 2450 2449 2452

# obj553
v 50.54407501 -92.42095947 -25.19684982
v 12.20472431 -80.31496429 -25.19684982
v 12.20472431 -89.76377869 -25.19684982
v 51.25629425 -83.02149963 -25.19684982
usemtl Patch_553_Mat_CR4_parquet
f 2453 2454 2455
f 2454 2453 2456

# obj554
v 12.20472431 -118.11023712 0
v 48.40741348 -120.61933136 -6.29921246
v 12.20472431 -118.11023712 -6.29921246
v 48.40741348 -120.61933136 -9E-08
usemtl Patch_554_Mat_CR4_parquet
f 2457 2458 2459
f 2458 2457 2460

# obj555
v 48.40741348 -120.61933136 -6.29921246
v 12.20472431 -108.6614151 -6.29921246
v 12.20472431 -118.11023712 -6.29921246
v 49.11963654 -111.21987152 -6.29921246
usemtl Patch_555_Mat_CR4_parquet
f 2461 2462 2463
f 2462 2461 2464

# obj556
v 12.20472431 -108.6614151 -6.29921246
v 49.11963654 -111.21987152 -12.59842491
v 12.20472431 -108.6614151 -12.59842491
v 49.11963654 -111.21987152 -6.29921246
usemtl Patch_556_Mat_CR4_parquet
f 2465 2466 2467
f 2466 2465 2468

# obj557
v 12.20472431 -99.21260071 -12.59842491
v 49.83185577 -101.82041168 -18.89763832
v 12.20472431 -99.21260071 -18.89763832
v 49.83185577 -101.82041168 -12.59842491
usemtl Patch_557_Mat_CR4_parquet
f 2469 2470 2471
f 2470 2469 2472

# obj558
v 12.20472431 -89.76377869 -18.89763832
v 50.54407501 -92.42095947 -25.19684982
v 12.20472431 -89.76377869 -25.19684982
v 50.54407501 -92.42095947 -18.89763832
usemtl Patch_558_Mat_CR4_parquet
f 2473 2474 2475
f 2474 2473 2476

# obj559
v 12.20472431 -80.31496429 -25.19684982
v 51.25629425 -83.02149963 -31.49605751
v 12.20472431 -80.31496429 -31.49605751
v 51.25629425 -83.02149963 -25.19684982
usemtl Patch_559_Mat_CR4_parquet
f 2477 2478 2479
f 2478 2477 2480

# obj560
v 22.33902931 -360.43994141 -31.49597168
v 40.25844193 -123.95015717 -3.93691945
v 22.33902931 -360.43994141 -3.93691945
v 40.25844193 -123.95015717 -10.23613262
v 40.91201782 -115.32467651 -16.53534508
v 42.3364563 -96.52575684 -29.13376999
v 43.04867554 -87.126297 -31.49605751
v 41.62423706 -105.92521667 -22.83455658
v 43.04867554 -87.126297 -29.13376999
v 42.3364563 -96.52575684 -22.83455658
v 41.62423706 -105.92521667 -16.53534508
v 40.91201782 -115.32467651 -10.23613262
usemtl Patch_560_Mat_CR4_linoleum
f 2481 2482 2483
f 2482 2481 2484
f 2481 2485 2484
f 2485 2481 2486
f 2486 2481 2487
f 2485 2486 2488
f 2486 2487 2489
f 2490 2488 2486
f 2491 2485 2488
f 2492 2484 2485

# obj561
v 50.90018463 -87.72122955 -29.13376999
v 43.04867554 -87.126297 -31.49605751
v 50.90018463 -87.72122955 -31.49605751
v 43.04867554 -87.126297 -29.13376999
usemtl Patch_561_Mat_CR4_linoleum
f 2493 2494 2495
f 2494 2493 2496

# obj562
v 43.04867554 -87.126297 -29.13376999
v 50.18796539 -97.12068176 -29.13376999
v 42.3364563 -96.52575684 -29.13376999
v 50.90018463 -87.72122955 -29.13376999
usemtl Patch_562_Mat_CR4_linoleum
f 2497 2498 2499
f 2498 2497 2500

# obj563
v 50.18796539 -97.12068176 -22.83455658
v 42.3364563 -96.52575684 -29.13376999
v 50.18796539 -97.12068176 -29.13376999
v 42.3364563 -96.52575684 -22.83455658
usemtl Patch_563_Mat_CR4_linoleum
f 2501 2502 2503
f 2502 2501 2504

# obj564
v 42.3364563 -96.52575684 -22.83455658
v 49.47574615 -106.5201416 -22.83455658
v 41.62423706 -105.92521667 -22.83455658
v 50.18796539 -97.12068176 -22.83455658
usemtl Patch_564_Mat_CR4_linoleum
f 2505 2506 2507
f 2506 2505 2508

# obj565
v 49.47574615 -106.5201416 -16.53534508
v 41.62423706 -105.92521667 -22.83455658
v 49.47574615 -106.5201416 -22.83455658
v 41.62423706 -105.92521667 -16.53534508
usemtl Patch_565_Mat_CR4_linoleum
f 2509 2510 2511
f 2510 2509 2512

# obj566
v 41.62423706 -105.92521667 -16.53534508
v 48.76352692 -115.91960144 -16.53534508
v 40.91201782 -115.32467651 -16.53534508
v 49.47574615 -106.5201416 -16.53534508
usemtl Patch_566_Mat_CR4_linoleum
f 2513 2514 2515
f 2514 2513 2516

# obj567
v 48.76352692 -115.91960144 -10.23613262
v 40.91201782 -115.32467651 -16.53534508
v 48.76352692 -115.91960144 -16.53534508
v 40.91201782 -115.32467651 -10.23613262
usemtl Patch_567_Mat_CR4_linoleum
f 2517 2518 2519
f 2518 2517 2520

# obj568
v 40.91201782 -115.32467651 -10.23613262
v 48.10995102 -124.54508209 -10.23613262
v 40.25844193 -123.95015717 -10.23613262
v 48.76352692 -115.91960144 -10.23613262
usemtl Patch_568_Mat_CR4_linoleum
f 2521 2522 2523
f 2522 2521 2524

# obj569
v 48.10995102 -124.54508209 -3.93691945
v 40.25844193 -123.95015717 -10.23613262
v 48.10995102 -124.54508209 -10.23613262
v 40.25844193 -123.95015717 -3.93691945
usemtl Patch_569_Mat_CR4_linoleum
f 2525 2526 2527
f 2526 2525 2528

# obj570
v 40.25844193 -123.95015717 -3.93691945
v 30.19053841 -361.03488159 -3.93691945
v 22.33902931 -360.43994141 -3.93691945
v 48.10995102 -124.54508209 -3.93691945
usemtl Patch_570_Mat_CR4_linoleum
f 2529 2530 2531
f 2530 2529 2532

# obj571
v 22.33902931 -360.43994141 -3.93691945
v 30.19053841 -361.03488159 -31.49597168
v 22.33902931 -360.43994141 -31.49597168
v 30.19053841 -361.03488159 -3.93691945
usemtl Patch_571_Mat_CR4_linoleum
f 2533 2534 2535
f 2534 2533 2536

# obj572
v -186.11000061 -354.79522705 21.65354729
v -201.104599 -399.27203369 15.74803543
v -201.104599 -399.27203369 21.63566589
v -186.11000061 -354.79522705 15.74803543
usemtl Patch_572_Mat_CR4_parquet
f 2537 2538 2539
f 2538 2537 2540

# obj573
v -189.89793396 -403.05255127 21.63566589
v -186.11000061 -354.79522705 21.65354729
v -201.104599 -399.27203369 21.63566589
v -174.90333557 -358.57574463 21.65354729
usemtl Patch_573_Mat_CR4_parquet
f 2541 2542 2543
f 2542 2541 2544

# obj574
v -174.90333557 -358.57574463 27.55905724
v -189.89793396 -403.05255127 21.63566589
v -189.89793396 -403.05255127 27.54117775
v -174.90333557 -358.57574463 21.65354729
usemtl Patch_574_Mat_CR4_parquet
f 2545 2546 2547
f 2546 2545 2548

# obj575
v -178.69126892 -406.83306885 27.54117775
v -174.90333557 -358.57574463 27.55905724
v -189.89793396 -403.05255127 27.54117775
v -163.69667053 -362.35626221 27.55905724
usemtl Patch_575_Mat_CR4_parquet
f 2549 2550 2551
f 2550 2549 2552

# obj576
v -163.69667053 -362.35626221 33.46456909
v -178.69126892 -406.83306885 27.54117775
v -178.69126892 -406.83306885 33.44668961
v -163.69667053 -362.35626221 27.55905724
usemtl Patch_576_Mat_CR4_parquet
f 2553 2554 2555
f 2554 2553 2556

# obj577
v -152.49000549 -366.13677979 39.37007904
v -167.48458862 -410.61355591 33.44668961
v -167.48458862 -410.61355591 39.35219955
v -152.49000549 -366.13677979 33.46456909
usemtl Patch_577_Mat_CR4_parquet
f 2557 2558 2559
f 2558 2557 2560

# obj578
v -167.48458862 -410.61355591 33.44668961
v -163.69667053 -362.35626221 33.46456909
v -178.69126892 -406.83306885 33.44668961
v -152.49000549 -366.13677979 33.46456909
usemtl Patch_578_Mat_CR4_parquet
f 2561 2562 2563
f 2562 2561 2564

# obj579
v -141.28335571 -369.91729736 45.2755928
v -156.27792358 -414.39407349 39.35219955
v -156.27792358 -414.39407349 45.2577095
v -141.28335571 -369.91729736 39.37007904
usemtl Patch_579_Mat_CR4_parquet
f 2565 2566 2567
f 2566 2565 2568

# obj580
v -156.27792358 -414.39407349 39.35219955
v -152.49000549 -366.13677979 39.37007904
v -167.48458862 -410.61355591 39.35219955
v -141.28335571 -369.91729736 39.37007904
usemtl Patch_580_Mat_CR4_parquet
f 2569 2570 2571
f 2570 2569 2572

# obj581
v -130.07669067 -373.69781494 51.18110275
v -145.07125854 -418.17459106 45.2577095
v -145.07125854 -418.17459106 51.16322327
v -130.07669067 -373.69781494 45.2755928
usemtl Patch_581_Mat_CR4_parquet
f 2573 2574 2575
f 2574 2573 2576

# obj582
v -145.07125854 -418.17459106 45.2577095
v -141.28335571 -369.91729736 45.2755928
v -156.27792358 -414.39407349 45.2577095
v -130.07669067 -373.69781494 45.2755928
usemtl Patch_582_Mat_CR4_parquet
f 2577 2578 2579
f 2578 2577 2580

# obj583
v -118.87002563 -377.47833252 57.0866127
v -133.86459351 -421.95507812 51.16322327
v -133.86459351 -421.95507812 57.06873322
v -118.87002563 -377.47833252 51.18110275
usemtl Patch_583_Mat_CR4_parquet
f 2581 2582 2583
f 2582 2581 2584

# obj584
v -133.86459351 -421.95507812 51.16322327
v -130.07669067 -373.69781494 51.18110275
v -145.07125854 -418.17459106 51.16322327
v -118.87002563 -377.47833252 51.18110275
usemtl Patch_584_Mat_CR4_parquet
f 2585 2586 2587
f 2586 2585 2588

# obj585
v -107.6633606 -381.2588501 62.99212265
v -122.65792847 -425.7355957 57.06873322
v -122.65792847 -425.7355957 62.97424316
v -107.6633606 -381.2588501 57.0866127
usemtl Patch_585_Mat_CR4_parquet
f 2589 2590 2591
f 2590 2589 2592

# obj586
v -122.65792847 -425.7355957 57.06873322
v -118.87002563 -377.47833252 57.0866127
v -133.86459351 -421.95507812 57.06873322
v -107.6633606 -381.2588501 57.0866127
usemtl Patch_586_Mat_CR4_parquet
f 2593 2594 2595
f 2594 2593 2596

# obj587
v -111.41749573 -429.52804565 62.97424316
v -107.6633606 -381.2588501 62.99212265
v -122.65792847 -425.7355957 62.97424316
v -96.45685577 -385.03982544 62.99212265
usemtl Patch_587_Mat_CR4_parquet
f 2597 2598 2599
f 2598 2597 2600

# obj588
v -92.12600708 -436.22045898 59.84251785
v -111.41749573 -429.52804565 62.97424316
v -111.41733551 -429.52755737 59.84251785
v -92.12600708 -436.22045898 68.89763641
v -111.41733551 -429.52755737 68.89763641
usemtl Patch_588_Mat_CR4_linoleum
f 2601 2602 2603
f 2602 2601 2604
f 2602 2604 2605

# obj589
v -111.41733551 -429.52755737 68.89763641
v -96.45685577 -385.03982544 62.99212265
v -111.41749573 -429.52804565 62.97424316
v -96.45670319 -385.03936768 68.89763641
usemtl Patch_589_Mat_CR4_parquet
f 2606 2607 2608
f 2607 2606 2609

# obj590
v -194.27218628 -352.04135132 15.74803543
v -183.12562561 -355.80194092 12.85340118
v -194.27218628 -352.04135132 6.81003475
v -186.11000061 -354.79522705 15.74803543
v -183.12562561 -355.80194092 18.33355522
v -186.11000061 -354.79522705 21.65354729
v -171.91896057 -359.58248901 18.33355522
v -174.90333557 -358.57574463 21.65354729
v -171.91896057 -359.58248901 24.23906708
v -174.90333557 -358.57574463 27.55905724
v -160.71231079 -363.36300659 24.23906708
v -163.69667053 -362.35626221 27.55905724
v -160.71231079 -363.36300659 30.14457893
v -163.69667053 -362.35626221 33.46456909
v -149.50564575 -367.14355469 30.14457893
v -152.49000549 -366.13677979 33.46456909
v -149.50564575 -367.14355469 36.05009079
v -152.49000549 -366.13677979 39.37007904
v -138.29898071 -370.92407227 36.05009079
v -141.28335571 -369.91729736 39.37007904
v -138.29898071 -370.92407227 41.95560074
v -141.28335571 -369.91729736 45.2755928
v -127.0923233 -374.70458984 41.95560074
v -130.07669067 -373.69781494 45.2755928
v -127.0923233 -374.70458984 47.8611145
v -130.07669067 -373.69781494 51.18110275
v -115.88565826 -378.4850769 47.8611145
v -118.87002563 -377.47833252 51.18110275
v -115.88565826 -378.4850769 53.76662445
v -118.87002563 -377.47833252 57.0866127
v -104.67899323 -382.26559448 53.76662445
v -107.6633606 -381.2588501 57.0866127
v -104.67899323 -382.26559448 59.84251785
v -107.6633606 -381.2588501 62.99212265
v -96.45670319 -385.03936768 59.84251785
v -96.45685577 -385.03982544 62.99212265
usemtl Patch_590_Mat_CR4_parquet
f 2610 2611 2612
f 2611 2610 2613
f 2611 2613 2614
f 2614 2613 2615
f 2614 2615 2616
f 2616 2615 2617
f 2616 2617 2618
f 2618 2617 2619
f 2618 2619 2620
f 2620 2619 2621
f 2620 2621 2622
f 2622 2621 2623
f 2622 2623 2624
f 2624 2623 2625
f 2624 2625 2626
f 2626 2625 2627
f 2626 2627 2628
f 2628 2627 2629
f 2628 2629 2630
f 2630 2629 2631
f 2630 2631 2632
f 2632 2631 2633
f 2632 2633 2634
f 2634 2633 2635
f 2634 2635 2636
f 2636 2635 2637
f 2636 2637 2638
f 2638 2637 2639
f 2638 2639 2640
f 2640 2639 2641
f 2640 2641 2642
f 2642 2641 2643
f 2642 2643 2644
f 2644 2643 2645

# obj591
v -104.67899323 -382.26559448 59.84251785
v -111.41733551 -429.52755737 59.84251785
v -120.21138763 -426.56088257 59.84251785
v -96.45670319 -385.03936768 59.84251785
usemtl Patch_591_Mat_CR4_parquet
f 2646 2647 2648
f 2647 2646 2649

# obj592
v -120.21138 -426.56088257 53.91912842
v -104.67899323 -382.26559448 59.84251785
v -120.21138763 -426.56088257 59.84251785
v -104.67899323 -382.26559448 53.76662445
usemtl Patch_592_Mat_CR4_parquet
f 2650 2651 2652
f 2651 2650 2653

# obj593
v -115.88565826 -378.4850769 53.76662445
v -120.21138 -426.56088257 53.91912842
v -130.88023376 -422.96185303 53.91912842
v -104.67899323 -382.26559448 53.76662445
usemtl Patch_593_Mat_CR4_parquet
f 2654 2655 2656
f 2655 2654 2657

# obj594
v -130.88018799 -422.96176147 48.01361465
v -115.88565826 -378.4850769 53.76662445
v -130.88023376 -422.96185303 53.91912842
v -115.88565826 -378.4850769 47.8611145
usemtl Patch_594_Mat_CR4_parquet
f 2658 2659 2660
f 2659 2658 2661

# obj595
v -127.0923233 -374.70458984 47.8611145
v -130.88018799 -422.96176147 48.01361465
v -142.0868988 -419.18133545 48.01361465
v -115.88565826 -378.4850769 47.8611145
usemtl Patch_595_Mat_CR4_parquet
f 2662 2663 2664
f 2663 2662 2665

# obj596
v -142.08685303 -419.18121338 42.10810471
v -127.0923233 -374.70458984 47.8611145
v -142.0868988 -419.18133545 48.01361465
v -127.0923233 -374.70458984 41.95560074
usemtl Patch_596_Mat_CR4_parquet
f 2666 2667 2668
f 2667 2666 2669

# obj597
v -138.29898071 -370.92407227 41.95560074
v -142.08685303 -419.18121338 42.10810471
v -153.29356384 -415.40084839 42.10810471
v -127.0923233 -374.70458984 41.95560074
usemtl Patch_597_Mat_CR4_parquet
f 2670 2671 2672
f 2671 2670 2673

# obj598
v -153.29351807 -415.4006958 36.20259476
v -138.29898071 -370.92407227 41.95560074
v -153.29356384 -415.40084839 42.10810471
v -138.29898071 -370.92407227 36.05009079
usemtl Patch_598_Mat_CR4_parquet
f 2674 2675 2676
f 2675 2674 2677

# obj599
v -164.50016785 -411.62017822 30.2970829
v -149.50564575 -367.14355469 36.05009079
v -164.50022888 -411.62033081 36.20259476
v -149.50564575 -367.14355469 30.14457893
usemtl Patch_599_Mat_CR4_parquet
f 2678 2679 2680
f 2679 2678 2681

# obj600
v -149.50564575 -367.14355469 36.05009079
v -153.29351807 -415.4006958 36.20259476
v -164.50022888 -411.62033081 36.20259476
v -138.29898071 -370.92407227 36.05009079
usemtl Patch_600_Mat_CR4_parquet
f 2682 2683 2684
f 2683 2682 2685

# obj601
v -111.41749573 -429.52804565 62.97424316
v -120.21138763 -426.56088257 59.84251785
v -111.41733551 -429.52755737 59.84251785
v -122.65792847 -425.7355957 62.97424316
v -122.65792847 -425.7355957 57.06873322
v -120.21138 -426.56088257 53.91912842
v -130.88018799 -422.96176147 48.01361465
v -133.86459351 -421.95507812 51.16322327
v -142.0868988 -419.18133545 48.01361465
v -130.88023376 -422.96185303 53.91912842
v -133.86459351 -421.95507812 57.06873322
v -142.08685303 -419.18121338 42.10810471
v -145.07125854 -418.17459106 45.2577095
v -153.29356384 -415.40084839 42.10810471
v -145.07125854 -418.17459106 51.16322327
v -153.29351807 -415.4006958 36.20259476
v -156.27792358 -414.39407349 39.35219955
v -164.50022888 -411.62033081 36.20259476
v -156.27792358 -414.39407349 45.2577095
v -164.50016785 -411.62017822 30.2970829
v -167.48458862 -410.61355591 33.44668961
v -175.70689392 -407.83981323 30.2970829
v -167.48458862 -410.61355591 39.35219955
v -175.70683289 -407.83963013 24.39157104
v -178.69126892 -406.83306885 27.54117775
v -186.91355896 -404.05932617 24.39157104
v -178.69126892 -406.83306885 33.44668961
v -186.91348267 -404.05908203 18.4860611
v -189.89793396 -403.05255127 21.63566589
v -198.120224 -400.27880859 18.4860611
v -189.89793396 -403.05255127 27.54117775
v -201.104599 -399.27203369 15.74803543
v -198.12017822 -400.27865601 12.8350153
v -201.104599 -399.27203369 21.63566589
v -209.42832947 -396.46453857 15.74803543
v -209.42807007 -396.46374512 6.70420027
usemtl Patch_601_Mat_CR4_parquet
f 2686 2687 2688
f 2687 2686 2689
f 2687 2690 2691
f 2690 2687 2689
f 2692 2693 2694
f 2693 2692 2695
f 2693 2695 2696
f 2696 2695 2691
f 2696 2691 2690
f 2697 2698 2699
f 2698 2697 2694
f 2698 2694 2700
f 2700 2694 2693
f 2701 2702 2703
f 2702 2701 2699
f 2702 2699 2704
f 2704 2699 2698
f 2705 2706 2707
f 2706 2705 2703
f 2706 2703 2708
f 2708 2703 2702
f 2709 2710 2711
f 2710 2709 2707
f 2710 2707 2712
f 2712 2707 2706
f 2713 2714 2715
f 2714 2713 2711
f 2714 2711 2716
f 2716 2711 2710
f 2715 2717 2718
f 2717 2715 2719
f 2719 2715 2714
f 2718 2720 2721
f 2720 2718 2717

# obj602
v -160.71231079 -363.36300659 30.14457893
v -164.50016785 -411.62017822 30.2970829
v -175.70689392 -407.83981323 30.2970829
v -149.50564575 -367.14355469 30.14457893
usemtl Patch_602_Mat_CR4_parquet
f 2722 2723 2724
f 2723 2722 2725

# obj603
v -175.70683289 -407.83963013 24.39157104
v -160.71231079 -363.36300659 30.14457893
v -175.70689392 -407.83981323 30.2970829
v -160.71231079 -363.36300659 24.23906708
usemtl Patch_603_Mat_CR4_parquet
f 2726 2727 2728
f 2727 2726 2729

# obj604
v -171.91896057 -359.58248901 24.23906708
v -175.70683289 -407.83963013 24.39157104
v -186.91355896 -404.05932617 24.39157104
v -160.71231079 -363.36300659 24.23906708
usemtl Patch_604_Mat_CR4_parquet
f 2730 2731 2732
f 2731 2730 2733

# obj605
v -186.91348267 -404.05908203 18.4860611
v -171.91896057 -359.58248901 24.23906708
v -186.91355896 -404.05932617 24.39157104
v -171.91896057 -359.58248901 18.33355522
usemtl Patch_605_Mat_CR4_parquet
f 2734 2735 2736
f 2735 2734 2737

# obj606
v -183.12562561 -355.80194092 18.33355522
v -186.91348267 -404.05908203 18.4860611
v -198.120224 -400.27880859 18.4860611
v -171.91896057 -359.58248901 18.33355522
usemtl Patch_606_Mat_CR4_parquet
f 2738 2739 2740
f 2739 2738 2741

# obj607
v -194.27218628 -352.04135132 6.81003475
v -198.12017822 -400.27865601 12.8350153
v -209.42807007 -396.46374512 6.70420027
v -183.12562561 -355.80194092 12.85340118
usemtl Patch_607_Mat_CR4_parquet
f 2742 2743 2744
f 2743 2742 2745

# obj608
v -198.12017822 -400.27865601 12.8350153
v -183.12562561 -355.80194092 18.33355522
v -198.120224 -400.27880859 18.4860611
v -183.12562561 -355.80194092 12.85340118
usemtl Patch_608_Mat_CR4_parquet
f 2746 2747 2748
f 2747 2746 2749

# obj609
v -89.38991547 -435.91973877 -42.71653366
v -89.38991547 -435.91973877 -49.21259689
v -101.06468201 -434.09811401 -42.71653366
v -216.14170837 -416.14172363 15.74803543
v -216.14175415 -416.14172363 -49.21259689
v -112.73944855 -432.27648926 -36.22047043
v -124.41421509 -430.4548645 -29.7244091
v -136.08898926 -428.63323975 -23.22834587
v -147.76374817 -426.81161499 -16.73228073
v -159.43852234 -424.98999023 -10.23621845
v -171.11328125 -423.168396 -3.74015474
v -182.78805542 -421.34677124 2.75590849
v -194.46281433 -419.52514648 9.2519722
v -194.46281433 -419.52514648 15.74803543
v -182.78805542 -421.34677124 9.2519722
v -171.11328125 -423.168396 2.75590849
v -159.43852234 -424.98999023 -3.74015474
v -147.76374817 -426.81161499 -10.23621845
v -136.08898926 -428.63323975 -16.73228073
v -124.41421509 -430.4548645 -23.22834587
v -112.73944855 -432.27648926 -29.7244091
v -101.06468201 -434.09811401 -36.22047043
usemtl Patch_609_Mat_CR4_linoleum
f 2750 2751 2752
f 2753 2751 2754
f 2751 2753 2752
f 2752 2753 2755
f 2755 2753 2756
f 2756 2753 2757
f 2757 2753 2758
f 2758 2753 2759
f 2759 2753 2760
f 2760 2753 2761
f 2761 2753 2762
f 2762 2753 2763
f 2764 2761 2762
f 2765 2760 2761
f 2766 2759 2760
f 2767 2758 2759
f 2768 2757 2758
f 2769 2756 2757
f 2770 2755 2756
f 2771 2752 2755

# obj610
v -194.46281433 -419.52514648 9.2519722
v -202.26721191 -468.69268799 15.74803543
v -202.26721191 -468.69268799 9.2519722
v -194.46281433 -419.52514648 15.74803543
usemtl Patch_610_Mat_CR4_parquet
f 2772 2773 2774
f 2773 2772 2775

# obj611
v -190.59181213 -470.51031494 9.2519722
v -194.46281433 -419.52514648 9.2519722
v -202.26721191 -468.69268799 9.2519722
v -182.78805542 -421.34677124 9.2519722
usemtl Patch_611_Mat_CR4_parquet
f 2776 2777 2778
f 2777 2776 2779

# obj612
v -182.78805542 -421.34677124 2.75590849
v -190.59181213 -470.51031494 9.2519722
v -190.59181213 -470.51031494 2.75590849
v -182.78805542 -421.34677124 9.2519722
usemtl Patch_612_Mat_CR4_parquet
f 2780 2781 2782
f 2781 2780 2783

# obj613
v -178.91641235 -472.32794189 2.75590849
v -182.78805542 -421.34677124 2.75590849
v -190.59181213 -470.51031494 2.75590849
v -171.11328125 -423.168396 2.75590849
usemtl Patch_613_Mat_CR4_parquet
f 2784 2785 2786
f 2785 2784 2787

# obj614
v -171.11328125 -423.168396 -3.74015474
v -178.91641235 -472.32794189 2.75590849
v -178.91641235 -472.32794189 -3.74015474
v -171.11328125 -423.168396 2.75590849
usemtl Patch_614_Mat_CR4_parquet
f 2788 2789 2790
f 2789 2788 2791

# obj615
v -167.24101257 -474.14556885 -3.74015474
v -171.11328125 -423.168396 -3.74015474
v -178.91641235 -472.32794189 -3.74015474
v -159.43852234 -424.98999023 -3.74015474
usemtl Patch_615_Mat_CR4_parquet
f 2792 2793 2794
f 2793 2792 2795

# obj616
v -159.43852234 -424.98999023 -10.23621845
v -167.24101257 -474.14556885 -3.74015474
v -167.24101257 -474.14556885 -10.23621845
v -159.43852234 -424.98999023 -3.74015474
usemtl Patch_616_Mat_CR4_parquet
f 2796 2797 2798
f 2797 2796 2799

# obj617
v -155.56559753 -475.9631958 -10.23621845
v -159.43852234 -424.98999023 -10.23621845
v -167.24101257 -474.14556885 -10.23621845
v -147.76374817 -426.81161499 -10.23621845
usemtl Patch_617_Mat_CR4_parquet
f 2800 2801 2802
f 2801 2800 2803

# obj618
v -147.76374817 -426.81161499 -16.73228073
v -155.56559753 -475.9631958 -10.23621845
v -155.56559753 -475.9631958 -16.73228073
v -147.76374817 -426.81161499 -10.23621845
usemtl Patch_618_Mat_CR4_parquet
f 2804 2805 2806
f 2805 2804 2807

# obj619
v -124.41421509 -430.4548645 -29.7244091
v -132.21479797 -479.59844971 -23.22834587
v -132.21479797 -479.59844971 -29.7244091
v -124.41421509 -430.4548645 -23.22834587
usemtl Patch_619_Mat_CR4_parquet
f 2808 2809 2810
f 2809 2808 2811

# obj620
v -120.53939819 -481.41607666 -29.7244091
v -124.41421509 -430.4548645 -29.7244091
v -132.21479797 -479.59844971 -29.7244091
v -112.73944855 -432.27648926 -29.7244091
usemtl Patch_620_Mat_CR4_parquet
f 2812 2813 2814
f 2813 2812 2815

# obj621
v -112.73944855 -432.27648926 -36.22047043
v -120.53939819 -481.41607666 -29.7244091
v -120.53939819 -481.41607666 -36.22047043
v -112.73944855 -432.27648926 -29.7244091
usemtl Patch_621_Mat_CR4_parquet
f 2816 2817 2818
f 2817 2816 2819

# obj622
v -108.86399078 -483.23370361 -36.22047043
v -112.73944855 -432.27648926 -36.22047043
v -120.53939819 -481.41607666 -36.22047043
v -101.06468201 -434.09811401 -36.22047043
usemtl Patch_622_Mat_CR4_parquet
f 2820 2821 2822
f 2821 2820 2823

# obj623
v -101.06468201 -434.09811401 -42.71653366
v -108.86399078 -483.23370361 -36.22047043
v -108.86399078 -483.23370361 -42.71653366
v -101.06468201 -434.09811401 -36.22047043
usemtl Patch_623_Mat_CR4_parquet
f 2824 2825 2826
f 2825 2824 2827

# obj624
v -97.188591 -485.05133057 -42.71653366
v -101.06468201 -434.09811401 -42.71653366
v -108.86399078 -483.23370361 -42.71653366
v -89.38991547 -435.91973877 -42.71653366
usemtl Patch_624_Mat_CR4_parquet
f 2828 2829 2830
f 2829 2828 2831

# obj625
v -89.38991547 -435.91973877 -49.21259689
v -97.188591 -485.05133057 -42.71653366
v -97.188591 -485.05133057 -49.21259689
v -89.38991547 -435.91973877 -42.71653366
usemtl Patch_625_Mat_CR4_parquet
f 2832 2833 2834
f 2833 2832 2835

# obj626
v -143.89019775 -477.78082275 -16.73228073
v -147.76374817 -426.81161499 -16.73228073
v -155.56559753 -475.9631958 -16.73228073
v -136.08898926 -428.63323975 -16.73228073
usemtl Patch_626_Mat_CR4_parquet
f 2836 2837 2838
f 2837 2836 2839

# obj627
v -136.08898926 -428.63323975 -23.22834587
v -143.89019775 -477.78082275 -16.73228073
v -143.89019775 -477.78082275 -23.22834587
v -136.08898926 -428.63323975 -16.73228073
usemtl Patch_627_Mat_CR4_parquet
f 2840 2841 2842
f 2841 2840 2843

# obj628
v -132.21479797 -479.59844971 -23.22834587
v -136.08898926 -428.63323975 -23.22834587
v -143.89019775 -477.78082275 -23.22834587
v -124.41421509 -430.4548645 -23.22834587
usemtl Patch_628_Mat_CR4_parquet
f 2844 2845 2846
f 2845 2844 2847

# obj629
v 24.55283546 -364.96063232 -31.49597168
v 43.77355957 -506.99633789 -37.40155792
v 43.77355957 -506.99633789 -31.49603844
v 24.55283546 -364.96063232 -37.4015007
usemtl Patch_629_Mat_CR4_linoleum
f 2848 2849 2850
f 2849 2848 2851

# obj630
v 29.55260468 -504.78244019 77.16544342
v 36.24983597 -463.20349121 73.03153992
v 29.55260468 -504.78244019 73.03145599
v 36.24983215 -463.20346069 77.16544342
usemtl Patch_630_Mat_CR4_linoleum
f 2852 2853 2854
f 2853 2852 2855

# obj631
v 477.41513062 -574.5057373 177.559021
v 484.00445557 -533.59472656 173.37597656
v 477.41513062 -574.5057373 173.3759613
v 490.59378052 -492.68365479 177.55905151
v 484.00445557 -533.59472656 169.19290161
v 490.59378052 -492.68365479 169.19291687
usemtl Patch_631_Mat_CR4_linoleum
f 2856 2857 2858
f 2857 2856 2859
f 2857 2859 2860
f 2860 2859 2861

# obj632
v 440.0932312 -568.69543457 169.19290161
v 446.69155884 -527.72875977 165.00984192
v 440.0932312 -568.69543457 165.00982666
v 446.68258667 -527.78442383 169.19290161
v 453.28988647 -486.76205444 169.19291687
v 446.69155884 -527.72875977 160.82678223
v 453.28988647 -486.76205444 160.82678223
usemtl Patch_632_Mat_CR4_linoleum
f 2862 2863 2864
f 2863 2862 2865
f 2863 2865 2866
f 2863 2866 2867
f 2867 2866 2868

# obj633
v 421.43231201 -565.79034424 160.82676697
v 409.40127563 -521.72259521 160.82678223
v 402.7713623 -562.88519287 160.82676697
v 428.04641724 -524.72564697 160.82678223
usemtl Patch_633_Mat_CR4_linoleum
f 2869 2870 2871
f 2870 2869 2872

# obj634
v 402.7713623 -562.88519287 160.82676697
v 409.40127563 -521.72259521 156.64370728
v 402.7713623 -562.88519287 156.64369202
v 409.40127563 -521.72259521 160.82678223
usemtl Patch_634_Mat_CR4_linoleum
f 2873 2874 2875
f 2874 2873 2876

# obj635
v 365.44949341 -557.07489014 152.46063232
v 372.0657959 -515.99688721 148.27757263
v 365.44949341 -557.07489014 148.27757263
v 372.11099243 -515.71636963 152.46064758
v 372.0657959 -515.99688721 144.09451294
v 378.68209839 -474.91888428 144.09451294
v 378.68209839 -474.91888428 152.46064758
usemtl Patch_635_Mat_CR4_linoleum
f 2877 2878 2879
f 2878 2877 2880
f 2878 2880 2881
f 2881 2880 2882
f 2882 2880 2883

# obj636
v 346.7885437 -554.16973877 144.09449768
v 334.7755127 -509.99066162 144.09451294
v 328.12762451 -551.26464844 144.09449768
v 353.20425415 -512.95892334 144.09451294
usemtl Patch_636_Mat_CR4_linoleum
f 2884 2885 2886
f 2885 2884 2887

# obj637
v 328.12762451 -551.26464844 144.09449768
v 334.75289917 -510.13095093 139.91143799
v 328.12762451 -551.26464844 139.91143799
v 334.7755127 -509.99066162 144.09451294
v 334.75289917 -510.13095093 135.7283783
v 341.37820435 -468.99728394 135.7283783
v 341.37820435 -468.99728394 144.09451294
usemtl Patch_637_Mat_CR4_linoleum
f 2888 2889 2890
f 2889 2888 2891
f 2889 2891 2892
f 2892 2891 2893
f 2893 2891 2894

# obj638
v 290.8057251 -545.4543457 135.72836304
v 297.44003296 -504.26501465 131.54530334
v 290.8057251 -545.4543457 131.54530334
v 297.43106079 -504.32067871 135.7283783
v 304.0743103 -463.07568359 135.7283783
v 297.44003296 -504.26501465 127.36224365
v 304.0743103 -463.07568359 127.36225128
usemtl Patch_638_Mat_CR4_linoleum
f 2895 2896 2897
f 2896 2895 2898
f 2896 2898 2899
f 2896 2899 2900
f 2900 2899 2901

# obj639
v 253.4838562 -539.644104 127.36223602
v 260.12713623 -498.39907837 123.17917633
v 253.4838562 -539.644104 123.1791687
v 260.14974976 -498.25875854 127.36224365
v 260.12713623 -498.39907837 118.99610901
v 266.77041626 -457.15408325 118.99611664
v 266.77041626 -457.15408325 127.36225128
usemtl Patch_639_Mat_CR4_linoleum
f 2902 2903 2904
f 2903 2902 2905
f 2903 2905 2906
f 2906 2905 2907
f 2907 2905 2908

# obj640
v 216.1619873 -533.83380127 118.99610138
v 222.83686829 -492.39279175 114.81304169
v 216.1619873 -533.83380127 114.81304169
v 222.83686829 -492.39279175 118.99610901
usemtl Patch_640_Mat_CR4_linoleum
f 2909 2910 2911
f 2910 2909 2912

# obj641
v 178.84010315 -528.02355957 110.62997437
v 185.50137329 -486.66720581 106.44690704
v 178.84010315 -528.02355957 106.44690704
v 185.54660034 -486.38647461 110.62997437
v 185.50137329 -486.66720581 102.26383972
v 192.16262817 -445.31088257 102.26384735
v 192.16262817 -445.31088257 110.62998199
usemtl Patch_641_Mat_CR4_linoleum
f 2913 2914 2915
f 2914 2913 2916
f 2914 2916 2917
f 2917 2916 2918
f 2918 2916 2919

# obj642
v 141.51823425 -522.21325684 102.26383972
v 148.18849182 -480.80126953 98.08078003
v 141.51823425 -522.21325684 98.0807724
v 148.21110535 -480.66085815 102.26383972
v 148.18849182 -480.80126953 93.89771271
v 154.85874939 -439.38931274 93.89771271
v 154.85874939 -439.38931274 102.26384735
usemtl Patch_642_Mat_CR4_linoleum
f 2920 2921 2922
f 2921 2920 2923
f 2921 2923 2924
f 2924 2923 2925
f 2925 2923 2926

# obj643
v 104.19635773 -516.4029541 93.89770508
v 110.87560272 -474.93533325 89.71464539
v 104.19635773 -516.4029541 89.71464539
v 110.89822388 -474.79492188 93.89771271
v 110.87560272 -474.93533325 85.53157806
v 117.55484772 -433.4677124 85.53157806
v 117.55484772 -433.4677124 93.89771271
usemtl Patch_643_Mat_CR4_linoleum
f 2927 2928 2929
f 2928 2927 2930
f 2928 2930 2931
f 2931 2930 2932
f 2932 2930 2933

# obj644
v 73.58534241 -468.92895508 85.53157806
v 66.8744812 -510.5927124 81.34851074
v 66.8744812 -510.5927124 85.53157806
v 73.56272125 -469.06939697 81.34851074
v 73.56272125 -469.06939697 77.16544342
v 80.25095367 -427.54611206 77.16544342
v 80.25095367 -427.54611206 85.53157806
usemtl Patch_644_Mat_CR4_linoleum
f 2934 2935 2936
f 2935 2934 2937
f 2937 2934 2938
f 2938 2934 2939
f 2939 2934 2940

# obj645
v 458.75418091 -571.60058594 169.19290161
v 446.68258667 -527.78442383 169.19290161
v 440.0932312 -568.69543457 169.19290161
v 465.12841797 -530.65606689 169.19290161
usemtl Patch_645_Mat_CR4_linoleum
f 2941 2942 2943
f 2942 2941 2944

# obj646
v 559.4487915 -387.00790405 209.05513
v 546.43719482 -496.38671875 166.92913818
v 546.43719482 -496.38671875 209.05511475
v 559.4487915 -387.00790405 166.92913818
usemtl Patch_646_Mat_CR4_whitePanels
f 2945 2946 2947
f 2946 2945 2948

# obj647
v 477.41513062 -574.5057373 173.3759613
v 465.12841797 -530.65606689 173.37597656
v 458.75418091 -571.60058594 173.3759613
v 484.00445557 -533.59472656 173.37597656
usemtl Patch_647_Mat_CR4_linoleum
f 2949 2950 2951
f 2950 2949 2952

# obj648
v 465.12841797 -530.65606689 173.37597656
v 484.00445557 -533.59472656 169.19290161
v 465.12841797 -530.65606689 169.19290161
v 484.00445557 -533.59472656 173.37597656
usemtl Patch_648_Mat_CR4_linoleum
f 2953 2954 2955
f 2954 2953 2956

# obj649
v 465.12841797 -530.65606689 173.37597656
v 458.75418091 -571.60058594 169.19290161
v 458.75418091 -571.60058594 173.3759613
v 465.12841797 -530.65606689 169.19290161
usemtl Patch_649_Mat_CR4_linoleum
f 2957 2958 2959
f 2958 2957 2960

# obj650
v 440.0932312 -568.69543457 165.00982666
v 428.04641724 -524.72564697 165.00984192
v 421.43231201 -565.79034424 165.00982666
v 446.69155884 -527.72875977 165.00984192
usemtl Patch_650_Mat_CR4_linoleum
f 2961 2962 2963
f 2962 2961 2964

# obj651
v 428.04641724 -524.72564697 160.82678223
v 446.69155884 -527.72875977 165.00984192
v 446.69155884 -527.72875977 160.82678223
v 428.04641724 -524.72564697 165.00984192
usemtl Patch_651_Mat_CR4_linoleum
f 2965 2966 2967
f 2966 2965 2968

# obj652
v 428.04641724 -524.72564697 165.00984192
v 421.43231201 -565.79034424 160.82676697
v 421.43231201 -565.79034424 165.00982666
v 428.04641724 -524.72564697 160.82678223
usemtl Patch_652_Mat_CR4_linoleum
f 2969 2970 2971
f 2970 2969 2972

# obj653
v 309.4666748 -548.35949707 135.72836304
v 297.43106079 -504.32067871 135.7283783
v 290.8057251 -545.4543457 135.72836304
v 315.87561035 -507.19213867 135.7283783
usemtl Patch_653_Mat_CR4_linoleum
f 2973 2974 2975
f 2974 2973 2976

# obj654
v 272.14480591 -542.54919434 127.36223602
v 260.14974976 -498.25875854 127.36224365
v 253.4838562 -539.644104 127.36223602
v 278.57785034 -501.22692871 127.36224365
usemtl Patch_654_Mat_CR4_linoleum
f 2977 2978 2979
f 2978 2977 2980

# obj655
v 234.82292175 -536.73895264 118.99610138
v 222.83686829 -492.39279175 118.99610901
v 216.1619873 -533.83380127 118.99610138
v 241.2646637 -495.3609314 118.99610901
usemtl Patch_655_Mat_CR4_linoleum
f 2981 2982 2983
f 2982 2981 2984

# obj656
v 160.1791687 -525.1184082 102.26383972
v 148.21110535 -480.66085815 102.26383972
v 141.51823425 -522.21325684 102.26383972
v 166.63825989 -483.62893677 102.26383972
usemtl Patch_656_Mat_CR4_linoleum
f 2985 2986 2987
f 2986 2985 2988

# obj657
v 85.53541565 -513.49786377 85.53157806
v 73.58534241 -468.92895508 85.53157806
v 66.8744812 -510.5927124 85.53157806
v 92.01185608 -471.89694214 85.53157806
usemtl Patch_657_Mat_CR4_linoleum
f 2989 2990 2991
f 2990 2989 2992

# obj658
v 48.21354294 -507.68756104 77.16544342
v 36.24983215 -463.20346069 77.16544342
v 29.55260468 -504.78244019 77.16544342
v 54.69865417 -466.03094482 77.16544342
usemtl Patch_658_Mat_CR4_linoleum
f 2993 2994 2995
f 2994 2993 2996

# obj659
v 122.85729218 -519.30810547 93.89770508
v 110.89822388 -474.79492188 93.89771271
v 104.19635773 -516.4029541 93.89770508
v 129.32505798 -477.76293945 93.89771271
usemtl Patch_659_Mat_CR4_linoleum
f 2997 2998 2999
f 2998 2997 3000

# obj660
v 365.44949341 -557.07489014 148.27757263
v 353.20425415 -512.95892334 148.27757263
v 346.7885437 -554.1697998 148.27757263
v 372.0657959 -515.99688721 148.27757263
usemtl Patch_660_Mat_CR4_linoleum
f 3001 3002 3003
f 3002 3001 3004

# obj661
v 353.20425415 -512.95892334 144.09451294
v 372.0657959 -515.99688721 148.27757263
v 372.0657959 -515.99688721 144.09451294
v 353.20425415 -512.95892334 148.27757263
usemtl Patch_661_Mat_CR4_linoleum
f 3005 3006 3007
f 3006 3005 3008

# obj662
v 353.20425415 -512.95892334 148.27757263
v 346.7885437 -554.16973877 144.09449768
v 346.7885437 -554.1697998 148.27757263
v 353.20425415 -512.95892334 144.09451294
usemtl Patch_662_Mat_CR4_linoleum
f 3009 3010 3011
f 3010 3009 3012

# obj663
v 328.12762451 -551.26464844 139.91143799
v 315.87561035 -507.19213867 139.91143799
v 309.4666748 -548.35949707 139.91143799
v 334.75289917 -510.13095093 139.91143799
usemtl Patch_663_Mat_CR4_linoleum
f 3013 3014 3015
f 3014 3013 3016

# obj664
v 315.87561035 -507.19213867 139.91143799
v 334.75289917 -510.13095093 135.7283783
v 315.87561035 -507.19213867 135.7283783
v 334.75289917 -510.13095093 139.91143799
usemtl Patch_664_Mat_CR4_linoleum
f 3017 3018 3019
f 3018 3017 3020

# obj665
v 315.87561035 -507.19213867 139.91143799
v 309.4666748 -548.35949707 135.72836304
v 309.4666748 -548.35949707 139.91143799
v 315.87561035 -507.19213867 135.7283783
usemtl Patch_665_Mat_CR4_linoleum
f 3021 3022 3023
f 3022 3021 3024

# obj666
v 290.8057251 -545.4543457 131.54530334
v 278.57785034 -501.22692871 131.54530334
v 272.14480591 -542.54919434 131.54530334
v 297.44003296 -504.26501465 131.54530334
usemtl Patch_666_Mat_CR4_linoleum
f 3025 3026 3027
f 3026 3025 3028

# obj667
v 278.57785034 -501.22692871 127.36224365
v 297.44003296 -504.26501465 131.54530334
v 297.44003296 -504.26501465 127.36224365
v 278.57785034 -501.22692871 131.54530334
usemtl Patch_667_Mat_CR4_linoleum
f 3029 3030 3031
f 3030 3029 3032

# obj668
v 278.57785034 -501.22692871 131.54530334
v 272.14480591 -542.54919434 127.36223602
v 272.14480591 -542.54919434 131.54530334
v 278.57785034 -501.22692871 127.36224365
usemtl Patch_668_Mat_CR4_linoleum
f 3033 3034 3035
f 3034 3033 3036

# obj669
v 253.4838562 -539.644104 123.1791687
v 241.2646637 -495.3609314 123.17917633
v 234.82292175 -536.73895264 123.1791687
v 260.12713623 -498.39907837 123.17917633
usemtl Patch_669_Mat_CR4_linoleum
f 3037 3038 3039
f 3038 3037 3040

# obj670
v 241.2646637 -495.3609314 118.99610901
v 260.12713623 -498.39907837 123.17917633
v 260.12713623 -498.39907837 118.99610901
v 241.2646637 -495.3609314 123.17917633
usemtl Patch_670_Mat_CR4_linoleum
f 3041 3042 3043
f 3042 3041 3044

# obj671
v 241.2646637 -495.3609314 123.17917633
v 234.82292175 -536.73895264 118.99610138
v 234.82292175 -536.73895264 123.1791687
v 241.2646637 -495.3609314 118.99610901
usemtl Patch_671_Mat_CR4_linoleum
f 3045 3046 3047
f 3046 3045 3048

# obj672
v 178.84010315 -528.02355957 106.44690704
v 166.63825989 -483.62893677 106.44690704
v 160.1791687 -525.1184082 106.44690704
v 185.50137329 -486.66720581 106.44690704
usemtl Patch_672_Mat_CR4_linoleum
f 3049 3050 3051
f 3050 3049 3052

# obj673
v 166.63825989 -483.62893677 102.26383972
v 185.50137329 -486.66720581 106.44690704
v 185.50137329 -486.66720581 102.26383972
v 166.63825989 -483.62893677 106.44690704
usemtl Patch_673_Mat_CR4_linoleum
f 3053 3054 3055
f 3054 3053 3056

# obj674
v 166.63825989 -483.62893677 106.44690704
v 160.1791687 -525.1184082 102.26383972
v 160.1791687 -525.1184082 106.44690704
v 166.63825989 -483.62893677 102.26383972
usemtl Patch_674_Mat_CR4_linoleum
f 3057 3058 3059
f 3058 3057 3060

# obj675
v 141.51823425 -522.21325684 98.0807724
v 129.32505798 -477.76293945 98.08078003
v 122.85729218 -519.30810547 98.0807724
v 148.18849182 -480.80126953 98.08078003
usemtl Patch_675_Mat_CR4_linoleum
f 3061 3062 3063
f 3062 3061 3064

# obj676
v 129.32505798 -477.76293945 93.89771271
v 148.18849182 -480.80126953 98.08078003
v 148.18849182 -480.80126953 93.89771271
v 129.32505798 -477.76293945 98.08078003
usemtl Patch_676_Mat_CR4_linoleum
f 3065 3066 3067
f 3066 3065 3068

# obj677
v 129.32505798 -477.76293945 98.08078003
v 122.85729218 -519.30810547 93.89770508
v 122.85729218 -519.30810547 98.0807724
v 129.32505798 -477.76293945 93.89771271
usemtl Patch_677_Mat_CR4_linoleum
f 3069 3070 3071
f 3070 3069 3072

# obj678
v 104.19635773 -516.4029541 89.71464539
v 92.01185608 -471.89694214 89.71464539
v 85.53541565 -513.49786377 89.71464539
v 110.87560272 -474.93533325 89.71464539
usemtl Patch_678_Mat_CR4_linoleum
f 3073 3074 3075
f 3074 3073 3076

# obj679
v 92.01185608 -471.89694214 85.53157806
v 110.87560272 -474.93533325 89.71464539
v 110.87560272 -474.93533325 85.53157806
v 92.01185608 -471.89694214 89.71464539
usemtl Patch_679_Mat_CR4_linoleum
f 3077 3078 3079
f 3078 3077 3080

# obj680
v 92.01185608 -471.89694214 89.71464539
v 85.53541565 -513.49786377 85.53157806
v 85.53541565 -513.49786377 89.71464539
v 92.01185608 -471.89694214 85.53157806
usemtl Patch_680_Mat_CR4_linoleum
f 3081 3082 3083
f 3082 3081 3084

# obj681
v 66.8744812 -510.5927124 81.34851074
v 54.69865417 -466.03094482 81.34851074
v 48.21354294 -507.68756104 81.34851074
v 73.56272125 -469.06939697 81.34851074
usemtl Patch_681_Mat_CR4_linoleum
f 3085 3086 3087
f 3086 3085 3088

# obj682
v 54.69865417 -466.03094482 81.34851074
v 73.56272125 -469.06939697 77.16544342
v 54.69865417 -466.03094482 77.16544342
v 73.56272125 -469.06939697 81.34851074
usemtl Patch_682_Mat_CR4_linoleum
f 3089 3090 3091
f 3090 3089 3092

# obj683
v 54.69865417 -466.03094482 81.34851074
v 48.21354294 -507.68756104 77.16544342
v 48.21354294 -507.68756104 81.34851074
v 54.69865417 -466.03094482 77.16544342
usemtl Patch_683_Mat_CR4_linoleum
f 3093 3094 3095
f 3094 3093 3096

# obj684
v 766.6496582 -0 159.97489929
v 813.49133301 -91.26425934 157.5383606
v 766.6496582 -619.53381348 159.97489929
v 844.88195801 -0 155.90551758
v 778.73077393 -535.19897461 159.34648132
v 782.55523682 -505.4486084 159.14755249
v 800.85797119 -327.3392334 158.19549561
v 802.55426025 -303.5670166 158.10726929
v 802.92889404 -298.31680298 158.08778381
v 812.70037842 -118.82324982 157.57949829
v 844.88195801 -91.66873932 155.90551758
v 834.71624756 -301.08538818 156.43431091
v 835.62878418 -283.39349365 156.38684082
v 844.09619141 -119.22780609 155.94639587
v 815.92382812 -510.57931519 157.41181946
v 832.78344727 -329.22116089 156.53485107
v 804.86071777 -625.48248291 157.98728943
v 812.25201416 -538.80554199 157.60282898
usemtl Patch_684_Mat_CR4_concrete
f 3097 3098 3099
f 3098 3097 3100
f 3099 3098 3101
f 3101 3098 3102
f 3102 3098 3103
f 3103 3098 3104
f 3104 3098 3105
f 3105 3098 3106
f 3098 3100 3107
f 3106 3108 3105
f 3108 3106 3109
f 3109 3106 3110
f 3103 3111 3102
f 3111 3103 3112
f 3101 3113 3099
f 3113 3101 3114

# obj685
v 804.86071777 -625.48248291 157.98728943
v 817.71655273 -539.37005615 167.71655273
v 810.09368896 -626.29718018 167.71655273
v 812.25201416 -538.80554199 157.60282898
usemtl Patch_685_Mat_CR4_concrete
f 3115 3116 3117
f 3116 3115 3118

# obj686
v 665.35437012 -153.80577087 212.59840393
v 656.29925537 -108.26772308 212.59840393
v 653.54333496 -153.54330444 212.59840393
v 691.7322998 -0 212.59840393
v 656.29925537 -0 212.59840393
v 677.16534424 -154.0682373 212.59840393
v 688.97637939 -154.33070374 212.59840393
v 691.7322998 -108.26772308 212.59840393
usemtl Patch_686_Mat_CR4_seating
f 3119 3120 3121
f 3120 3122 3123
f 3122 3120 3119
f 3122 3119 3124
f 3122 3124 3125
f 3122 3125 3126

# obj687
v 714.96063232 -323.22836304 247.63781738
v 696.27026367 -511.66345215 230.26997375
v 696.27026367 -511.66345215 247.7727356
v 714.96063232 -323.22836304 230.31497192
usemtl Patch_687_Mat_CR4_seating
f 3127 3128 3129
f 3128 3127 3130

# obj688
v 679.52758789 -320.47241211 230.31497192
v 661.22747803 -506.41873169 212.68838501
v 661.22747803 -506.41873169 230.27005005
v 661.22839355 -506.40957642 212.6882782
v 679.52758789 -320.47241211 212.59840393
usemtl Patch_688_Mat_CR4_seating
f 3131 3132 3133
f 3132 3131 3134
f 3134 3131 3135

# obj689
v 661.22747803 -506.41873169 230.27005005
v 654.13433838 -553.00946045 224.35319519
v 654.13433838 -553.00946045 230.25869751
v 654.13433838 -553.00946045 218.53204346
v 661.22747803 -506.41873169 212.68838501
v 654.13433838 -553.00946045 212.71089172
usemtl Patch_689_Mat_CR4_seating
f 3136 3137 3138
f 3137 3136 3139
f 3139 3140 3141
f 3140 3139 3136

# obj690
v 626.21057129 -501.00073242 212.68795776
v 619.12298584 -547.55914307 206.72102356
v 619.12298584 -547.55914307 212.71089172
v 619.12298584 -547.55914307 200.94204712
v 626.21057129 -501.00073242 195.18598938
v 619.12298584 -547.55914307 195.16308594
usemtl Patch_690_Mat_CR4_seating
f 3142 3143 3144
f 3145 3146 3147
f 3146 3145 3143
f 3146 3143 3142

# obj691
v 644.09442139 -317.32284546 212.59840393
v 626.21057129 -501.00073242 195.18598938
v 626.21057129 -501.00073242 212.68795776
v 644.09442139 -317.32284546 195.27555847
usemtl Patch_691_Mat_CR4_seating
f 3148 3149 3150
f 3149 3148 3151

# obj692
v 609.05511475 -314.56692505 195.27555847
v 591.19281006 -495.59185791 177.559021
v 591.19281006 -495.59185791 195.18598938
v 609.05511475 -314.56692505 177.559021
usemtl Patch_692_Mat_CR4_seating
f 3152 3153 3154
f 3153 3152 3155

# obj693
v 584.1116333 -542.10876465 183.40829468
v 591.19281006 -495.59185791 177.559021
v 584.1116333 -542.10876465 177.55903625
v 584.1116333 -542.10876465 189.25756836
v 584.1116333 -542.10876465 195.16308594
v 591.19281006 -495.59185791 195.18598938
usemtl Patch_693_Mat_CR4_seating
f 3156 3157 3158
f 3157 3156 3159
f 3157 3159 3160
f 3157 3160 3161

# obj694
v 750 -326.77166748 265.3543396
v 731.49481201 -515.50213623 247.77206421
v 731.49481201 -515.50213623 265.3543396
v 750 -326.77166748 247.63781738
usemtl Patch_694_Mat_CR4_seating
f 3162 3163 3164
f 3163 3162 3165

# obj695
v 724.15710449 -563.91015625 265.3543396
v 724.15710449 -563.91015625 253.71202087
v 724.15710449 -563.91015625 259.53317261
v 724.15710449 -563.91015625 247.8065033
v 731.49481201 -515.50213623 265.3543396
v 731.49481201 -515.50213623 247.77206421
usemtl Patch_695_Mat_CR4_seating
f 3169 3166 3170
f 3169 3170 3171

# obj696
v 705.03753662 -609.9420166 247.8065033
v 700.81622314 -560.27655029 247.8065033
v 693.36712646 -608.12518311 247.8065033
v 712.4866333 -562.09332275 247.8065033
usemtl Patch_696_Mat_CR4_linoleum
f 3172 3173 3174
f 3173 3172 3175

# obj697
v 712.4866333 -562.09332275 253.71202087
v 724.15710449 -563.91015625 247.8065033
v 712.4866333 -562.09332275 247.8065033
v 724.15710449 -563.91015625 253.71202087
usemtl Patch_697_Mat_CR4_linoleum
f 3176 3177 3178
f 3177 3176 3179

# obj698
v 693.36712646 -608.12518311 241.90100098
v 689.14575195 -558.45977783 241.90100098
v 681.69665527 -606.30828857 241.90100098
v 700.81622314 -560.27655029 241.90100098
usemtl Patch_698_Mat_CR4_linoleum
f 3180 3181 3182
f 3181 3180 3183

# obj699
v 700.81622314 -560.27655029 247.8065033
v 689.14575195 -558.45977783 241.90100098
v 700.81622314 -560.27655029 241.90100098
v 689.14575195 -558.45977783 247.8065033
usemtl Patch_699_Mat_CR4_linoleum
f 3184 3185 3186
f 3185 3184 3187

# obj700
v 700.81622314 -560.27655029 247.8065033
v 693.36712646 -608.12518311 241.90100098
v 693.36712646 -608.12518311 247.8065033
v 700.81622314 -560.27655029 241.90100098
usemtl Patch_700_Mat_CR4_linoleum
f 3188 3189 3190
f 3189 3188 3191

# obj701
v 724.15710449 -563.91015625 259.53317261
v 716.70800781 -611.75891113 253.71202087
v 716.70800781 -611.75891113 259.53317261
v 724.15710449 -563.91015625 253.71202087
usemtl Patch_701_Mat_CR4_linoleum
f 3192 3193 3194
f 3193 3192 3195

# obj702
v 736.21661377 -565.78747559 265.3543396
v 724.15710449 -563.91015625 259.53317261
v 736.21661377 -565.78747559 259.53317261
v 724.15710449 -563.91015625 265.3543396
usemtl Patch_702_Mat_CR4_linoleum
f 3196 3197 3198
f 3197 3196 3199

# obj703
v 1016.53546143 -390.55117798 167.71653748
v 914.96063232 -374.80316162 129.92126465
v 1016.53546143 -390.55117798 129.92126465
v 914.96063232 -374.80316162 167.71653748
usemtl Patch_703_Mat_CR4_woodPanels
f 3200 3201 3202
f 3201 3200 3203

# obj704
v 728.76745605 -613.6362915 259.53317261
v 724.15710449 -563.91015625 259.53317261
v 716.70800781 -611.75891113 259.53317261
v 736.21661377 -565.78747559 259.53317261
usemtl Patch_704_Mat_CR4_linoleum
f 3204 3205 3206
f 3205 3204 3207

# obj705
v 736.21661377 -565.78747559 265.3543396
v 728.76745605 -613.6362915 259.53317261
v 728.76745605 -613.6362915 265.35430908
v 736.21661377 -565.78747559 259.53317261
usemtl Patch_705_Mat_CR4_linoleum
f 3208 3209 3210
f 3209 3208 3211

# obj706
v 736.22045898 -154.46194458 247.63780212
v 727.16534424 -108.26772308 247.63780212
v 724.40942383 -154.33070374 247.63780212
v 762.59838867 -86.61417389 247.63780212
v 727.16534424 -86.61417389 247.63780212
v 748.03149414 -154.59317017 247.63780212
v 759.8425293 -154.72441101 247.63780212
v 762.59838867 -108.26772308 247.63780212
usemtl Patch_706_Mat_CR4_seating
f 3212 3213 3214
f 3213 3215 3216
f 3215 3213 3212
f 3215 3212 3217
f 3215 3217 3218
f 3215 3218 3219

# obj707
v 700.78741455 -154.33070374 230.31494141
v 691.7322998 -108.26772308 230.31494141
v 688.97637939 -154.33070374 230.31494141
v 727.16534424 -86.61417389 230.31494141
v 691.7322998 -86.61417389 230.31497192
v 712.59844971 -154.33070374 230.31494141
v 724.40942383 -154.33070374 230.31494141
v 727.16534424 -108.26772308 230.31494141
usemtl Patch_707_Mat_CR4_seating
f 3220 3221 3222
f 3221 3223 3224
f 3223 3221 3220
f 3223 3220 3225
f 3223 3225 3226
f 3223 3226 3227

# obj708
v 644.09442139 -317.32284546 195.27555847
v 615.35430908 -204.72439575 195.27555847
v 609.05511475 -314.56692505 195.27555847
v 627.16534424 -205.64303589 195.27555847
v 638.97631836 -206.56167603 195.27555847
v 650.78735352 -207.48031616 195.27555847
usemtl Patch_708_Mat_CR4_seating
f 3228 3229 3230
f 3229 3228 3231
f 3231 3228 3232
f 3232 3228 3233

# obj709
v 863.53302002 -119.4703064 167.71653748
v 844.09619141 -119.22780609 155.94639587
v 874.02215576 -119.68518066 39.37007141
v 849.79632568 -119.29371643 167.71655273
v 848.22741699 -119.3536377 39.3700676
v 812.70037842 -118.82324982 157.57949829
v 822.43267822 -119.02209473 39.3700676
usemtl Patch_709_Mat_CR4_concrete
f 3234 3235 3236
f 3235 3234 3237
f 3238 3239 3240
f 3239 3238 3236
f 3239 3236 3235

# obj710
v 812.70037842 -118.82324982 157.57949829
v 823.22003174 -91.46303558 39.3700676
v 822.43267822 -119.02209473 39.3700676
v 813.49133301 -91.26425934 157.5383606
usemtl Patch_710_Mat_CR4_concrete
f 3241 3242 3243
f 3242 3241 3244

# obj711
v 852.1114502 -330.34741211 167.71653748
v 832.78344727 -329.22116089 156.53485107
v 862.6048584 -331.10281372 39.37007141
v 838.18902588 -329.52752686 167.71655273
v 836.78564453 -329.58230591 39.3700676
v 800.85797119 -327.3392334 158.19549561
v 810.96636963 -328.06176758 39.3700676
usemtl Patch_711_Mat_CR4_concrete
f 3245 3246 3247
f 3246 3245 3248
f 3249 3250 3251
f 3250 3249 3247
f 3250 3247 3246

# obj712
v 716.70800781 -611.75891113 253.71202087
v 712.4866333 -562.09332275 253.71202087
v 705.03790283 -609.94207764 253.71202087
v 724.15710449 -563.91015625 253.71202087
usemtl Patch_712_Mat_CR4_linoleum
f 3252 3253 3254
f 3253 3252 3255

# obj713
v 770.5390625 -532.98724365 265.3543396
v 771.63726807 -155.34362793 265.3543396
v 768.39031982 -217.19192505 265.3543396
v 774.08239746 -505.42825317 265.3543396
v 858.66143799 -633.85821533 265.35430908
v 736.21661377 -565.78747559 265.3543396
v 728.76745605 -613.6362915 265.35430908
v 750 -326.77166748 265.3543396
v 756.59552002 -216.57270813 265.3543396
v 818.67901611 -539.19360352 265.35430908
v 822.22265625 -511.63464355 265.35430908
v 844.15307617 -329.78713989 265.3543396
v 846.12609863 -302.22854614 265.3543396
v 855.57452393 -119.32462311 265.3543396
v 856.36083984 -91.76552582 265.3543396
v 762.59838867 -86.61417389 265.3543396
v 804.77246094 -90.58321381 265.3543396
v 851.18109131 -86.61417389 265.3543396
v 762.59838867 -108.26772308 265.3543396
v 792.56237793 -325.84677124 265.3543396
v 794.53375244 -298.28787231 265.3543396
v 803.98205566 -118.14219666 265.3543396
v 852.08032227 -0 265.3543396
v 918.89764404 0 265.3543396
v 873.9911499 -531.78839111 265.35430908
v 896.41815186 -320.55111694 265.35430908
v 902.71478271 -238.80490112 265.35430908
v 908.55029297 -163.0450592 265.35430908
v 912.74493408 -108.58839417 265.35430908
v 759.8425293 -154.72441101 265.3543396
v 731.49481201 -515.50213623 265.3543396
v 724.15710449 -563.91015625 265.3543396
usemtl Patch_713_Mat_CR4_linoleum
f 3256 3257 3258
f 3257 3256 3259
f 3260 3261 3262
f 3261 3260 3256
f 3261 3256 3263
f 3263 3256 3264
f 3264 3256 3258
f 3256 3260 3265
f 3265 3260 3266
f 3266 3260 3267
f 3267 3260 3268
f 3268 3260 3269
f 3269 3260 3270
f 3271 3272 3273
f 3272 3271 3274
f 3272 3274 3257
f 3272 3257 3259
f 3272 3259 3275
f 3272 3275 3276
f 3272 3276 3277
f 3273 3272 3270
f 3273 3270 3278
f 3278 3270 3279
f 3279 3270 3260
f 3279 3260 3280
f 3279 3280 3281
f 3279 3281 3282
f 3279 3282 3283
f 3279 3283 3284
f 3268 3277 3276
f 3277 3268 3269
f 3266 3275 3259
f 3275 3266 3267
f 3257 3274 3285
f 3261 3286 3287
f 3286 3261 3263

# obj714
v -92.12600708 -436.22045898 59.84251785
v -111.41733551 -429.52755737 59.84251785
v -96.45670319 -385.03936768 59.84251785
usemtl Patch_714_Mat_CR4_concrete
f 3288 3289 3290

# obj715
v -76.37795258 -391.73226929 59.84251785
v -92.12600708 -436.22045898 59.84251785
v -96.45670319 -385.03936768 59.84251785
usemtl Patch_715_Mat_CR4_concrete
f 3291 3292 3293

# obj716
v -92.12600708 -436.22045898 59.84251785
v 29.55260468 -504.78244019 59.84251785
v -108.59525299 -483.27554321 59.84251785
v -76.37795258 -391.73226929 59.84251785
v -70.86616516 -375.19683838 59.84251785
v 43.82355881 -416.18289185 59.84251785
usemtl Patch_716_Mat_CR4_concrete
f 3294 3295 3296
f 3295 3294 3297
f 3295 3297 3298
f 3295 3298 3299

# obj717
v 524.71875 -314.68783569 444.6835022
v 509.15682983 -457.93942261 444.6835022
v 514.23504639 -436.7102356 466.73080444
usemtl Patch_717_Mat_CR4_whitePanels
f 3300 3301 3302

# obj718
v 524.71875 -314.68783569 444.6835022
v 514.23504639 -436.7102356 466.73080444
v 525.12011719 -336.51235962 466.73080444
usemtl Patch_718_Mat_CR4_whitePanels
f 3303 3304 3305

# obj719
v 526.27227783 -314.8565979 444.4881897
v 515.78851318 -436.8789978 466.53549194
v 510.71032715 -458.10818481 444.4881897
usemtl Patch_719_Mat_CR4_whitePanels
f 3306 3307 3308

# obj720
v 526.27227783 -314.8565979 444.4881897
v 526.67364502 -336.68112183 466.53549194
v 515.78851318 -436.8789978 466.53549194
usemtl Patch_720_Mat_CR4_whitePanels
f 3309 3310 3311

# obj721
v 681.69665527 -606.30828857 241.90100098
v 689.14575195 -558.45977783 236.07984924
v 681.69665527 -606.30828857 236.07984924
v 689.14575195 -558.45977783 241.90100098
usemtl Patch_721_Mat_CR4_linoleum
f 3312 3313 3314
f 3313 3312 3315

# obj722
v 696.27026367 -511.66345215 247.7727356
v 689.14575195 -558.45977783 241.90100098
v 689.14575195 -558.45977783 247.8065033
v 689.14575195 -558.45977783 236.07984924
v 696.27026367 -511.66345215 230.26997375
v 689.14575195 -558.45977783 230.25869751
usemtl Patch_722_Mat_CR4_seating
f 3316 3317 3318
f 3319 3320 3321
f 3320 3319 3317
f 3320 3317 3316

# obj723
v 681.69665527 -606.30828857 236.07984924
v 677.47528076 -556.64300537 236.07984924
v 670.02624512 -604.49145508 236.07984924
v 689.14575195 -558.45977783 236.07984924
usemtl Patch_723_Mat_CR4_linoleum
f 3322 3323 3324
f 3323 3322 3325

# obj724
v 670.02624512 -604.49145508 230.25869751
v 665.80480957 -554.82623291 230.25869751
v 658.35577393 -602.67462158 230.25869751
v 677.47528076 -556.64300537 230.25869751
usemtl Patch_724_Mat_CR4_linoleum
f 3326 3327 3328
f 3327 3326 3329

# obj725
v 677.47528076 -556.64300537 236.07984924
v 670.02624512 -604.49145508 230.25869751
v 670.02624512 -604.49145508 236.07984924
v 677.47528076 -556.64300537 230.25869751
usemtl Patch_725_Mat_CR4_linoleum
f 3330 3331 3332
f 3331 3330 3333

# obj726
v 677.47528076 -556.64300537 230.25869751
v 689.14575195 -558.45977783 236.07984924
v 689.14575195 -558.45977783 230.25869751
v 677.47528076 -556.64300537 236.07984924
usemtl Patch_726_Mat_CR4_linoleum
f 3334 3335 3336
f 3335 3334 3337

# obj727
v 665.80480957 -554.82623291 224.35319519
v 654.13433838 -553.00946045 230.25869751
v 654.13433838 -553.00946045 224.35319519
v 665.80480957 -554.82623291 230.25869751
usemtl Patch_727_Mat_CR4_linoleum
f 3338 3339 3340
f 3339 3338 3341

# obj728
v 665.80480957 -554.82623291 230.25869751
v 658.35577393 -602.67462158 224.35319519
v 658.35577393 -602.67462158 230.25869751
v 665.80480957 -554.82623291 224.35319519
usemtl Patch_728_Mat_CR4_linoleum
f 3342 3343 3344
f 3343 3342 3345

# obj729
v 658.35577393 -602.67462158 224.35319519
v 654.13433838 -553.00946045 224.35319519
v 646.68530273 -600.85772705 224.35319519
v 665.80480957 -554.82623291 224.35319519
usemtl Patch_729_Mat_CR4_linoleum
f 3346 3347 3348
f 3347 3346 3349

# obj730
v 630.79345703 -549.37591553 212.71089172
v 619.12298584 -547.55914307 206.72102356
v 630.79345703 -549.37591553 206.72102356
v 619.12298584 -547.55914307 212.71089172
usemtl Patch_730_Mat_CR4_linoleum
f 3350 3351 3352
f 3351 3350 3353

# obj731
v 646.68530273 -600.85772705 218.53204346
v 642.46392822 -551.19268799 218.53204346
v 635.01519775 -599.04095459 218.53204346
v 654.13433838 -553.00946045 218.53204346
usemtl Patch_731_Mat_CR4_linoleum
f 3354 3355 3356
f 3355 3354 3357

# obj732
v 654.13433838 -553.00946045 224.35319519
v 646.68530273 -600.85772705 218.53204346
v 646.68530273 -600.85772705 224.35319519
v 654.13433838 -553.00946045 218.53204346
usemtl Patch_732_Mat_CR4_linoleum
f 3358 3359 3360
f 3359 3358 3361

# obj733
v 623.34442139 -597.22399902 206.72102356
v 619.12298584 -547.55914307 206.72102356
v 611.67401123 -595.40716553 206.72102356
v 630.79345703 -549.37591553 206.72102356
usemtl Patch_733_Mat_CR4_linoleum
f 3362 3363 3364
f 3363 3362 3365

# obj734
v 635.01519775 -599.04095459 212.71089172
v 630.79345703 -549.37591553 212.71089172
v 623.34442139 -597.22399902 212.71089172
v 642.46392822 -551.19268799 212.71089172
usemtl Patch_734_Mat_CR4_linoleum
f 3366 3367 3368
f 3367 3366 3369

# obj735
v 630.79345703 -549.37591553 212.71089172
v 623.34442139 -597.22399902 206.72102356
v 623.34442139 -597.22399902 212.71089172
v 630.79345703 -549.37591553 206.72102356
usemtl Patch_735_Mat_CR4_linoleum
f 3370 3371 3372
f 3371 3370 3373

# obj736
v 642.46392822 -551.19268799 218.53204346
v 635.01519775 -599.04095459 212.71089172
v 635.01519775 -599.04095459 218.53204346
v 642.46392822 -551.19268799 212.71089172
usemtl Patch_736_Mat_CR4_linoleum
f 3374 3375 3376
f 3375 3374 3377

# obj737
v 642.46392822 -551.19268799 212.71089172
v 654.13433838 -553.00946045 218.53204346
v 654.13433838 -553.00946045 212.71089172
v 642.46392822 -551.19268799 218.53204346
usemtl Patch_737_Mat_CR4_linoleum
f 3378 3379 3380
f 3379 3378 3381

# obj738
v -263.15731812 -451.64471436 391.43106079
v -264.16946411 -459.0557251 391.33761597
v -264.17324829 -459.05514526 391.33856201
usemtl Patch_738_Mat_CR4_concrete
f 3382 3383 3384

# obj739
v 619.12298584 -547.55914307 206.72102356
v 611.67401123 -595.40716553 200.94204712
v 611.67401123 -595.40716553 206.72102356
v 619.12298584 -547.55914307 200.94204712
usemtl Patch_739_Mat_CR4_linoleum
f 3385 3386 3387
f 3386 3385 3388

# obj740
v 611.67401123 -595.40716553 200.94204712
v 607.45251465 -545.74237061 200.98422241
v 600.00354004 -593.59033203 200.98422241
v 619.12298584 -547.55914307 200.94204712
usemtl Patch_740_Mat_CR4_linoleum
f 3389 3390 3391
f 3390 3389 3392

# obj741
v 607.45251465 -545.74237061 200.98422241
v 599.98297119 -593.58709717 195.16308594
v 600.00354004 -593.59033203 200.98422241
v 607.43200684 -545.73913574 195.16308594
usemtl Patch_741_Mat_CR4_linoleum
f 3393 3394 3395
f 3394 3393 3396

# obj742
v 678.43249512 -328.61431885 458.26776123
v 675.47912598 -454.22692871 483.07089233
v 662.27514648 -477.34558105 458.26776123
v 686.36407471 -354.02905273 483.07089233
usemtl Patch_742_Mat_CR4_whitePanels
f 3397 3398 3399
f 3398 3397 3400

# obj743
v 895.27557373 -553.93701172 39.37007904
v 912.99206543 -401.57479858 167.71653748
v 895.27557373 -553.93701172 167.71653748
v 912.9921875 -401.57479858 39.37007904
usemtl Patch_743_Mat_CR4_woodPanels
f 3401 3402 3403
f 3402 3401 3404

# obj744
v 782.55523682 -505.4486084 159.14755249
v 815.92382812 -510.57931519 157.41181946
v 792.64660645 -506.802948 39.37007904
v 816.60211182 -510.48849487 39.37007523
v 830.05932617 -512.77105713 167.71655273
v 840.55767822 -514.17407227 39.3700676
v 820.85845947 -511.35552979 167.71655273
usemtl Patch_744_Mat_CR4_concrete
f 3405 3406 3407
f 3408 3409 3410
f 3409 3408 3407
f 3409 3407 3406
f 3409 3406 3411

# obj745
v 490.59378052 -492.68365479 209.05511475
v 43.82355881 -416.18289185 100.36690521
v 42.94706345 -421.62451172 100.3937912
v 491.57925415 -487.26068115 209.05511475
usemtl Patch_745_Mat_CR4_whitePanels
f 3412 3413 3414
f 3413 3412 3415

# obj746
v 815.92382812 -510.57931519 157.41181946
v 838.18902588 -329.52752686 167.71655273
v 820.85845947 -511.35552979 167.71655273
v 832.78344727 -329.22116089 156.53485107
usemtl Patch_746_Mat_CR4_concrete
f 3416 3417 3418
f 3417 3416 3419

# obj747
v 975.63641357 -652.06890869 167.71653748
v 1016.53546143 -390.55117798 39.37007904
v 975.63647461 -652.06890869 39.37007904
v 1016.53546143 -390.55117798 167.71653748
v 1016.53546143 -390.55117798 129.92126465
usemtl Patch_747_Mat_CR4_brickwall
f 3420 3421 3422
f 3421 3420 3423

# obj748
v 43.82355881 -416.18289185 59.84251785
v 477.65667725 -574.54333496 166.92915344
v 29.55260468 -504.78244019 59.84251785
v 491.71121216 -487.28262329 166.92915344
usemtl Patch_748_Mat_CR4_concrete
f 3425 3426 3427
f 3426 3425 3428

# obj749
v 43.82355881 -416.18289185 100.36690521
v 491.71121216 -487.28262329 166.92915344
v 43.82355881 -416.18289185 59.84251785
v 491.57925415 -487.26068115 209.05511475
usemtl Patch_749_Mat_CR4_whitePanels
f 3429 3430 3431
f 3430 3429 3432

# obj750
v 696.27026367 -511.66345215 230.26997375
v 679.52758789 -320.47241211 230.31497192
v 661.22747803 -506.41873169 230.27005005
v 714.96063232 -323.22836304 230.31497192
usemtl Patch_750_Mat_CR4_seating
f 3433 3434 3435
f 3434 3433 3436

# obj751
v 890.55114746 -425.59057617 167.71653748
v 875.98425293 -551.5748291 39.37007904
v 875.98425293 -551.5748291 167.71653748
v 890.5512085 -425.59057617 39.37007904
usemtl Patch_751_Mat_CR4_woodPanels
f 3437 3438 3439
f 3438 3437 3440

# obj752
v 840.55767822 -514.17407227 39.3700676
v 826.51776123 -540.31591797 167.71655273
v 837.01434326 -541.73309326 39.3700676
v 830.05932617 -512.77105713 167.71655273
usemtl Patch_752_Mat_CR4_concrete
f 3441 3442 3443
f 3442 3441 3444

# obj753
v 688.21569824 -321.36074829 448.62780762
v 673.21600342 -481.30627441 454.53329468
v 670.27227783 -486.53063965 448.62780762
v 689.96844482 -327.09542847 454.53329468
usemtl Patch_753_Mat_CR4_whitePanels
f 3445 3446 3447
f 3446 3445 3448

# obj754
v 671.7623291 -481.14837646 455.11813354
v 686.76208496 -321.20285034 449.21261597
v 668.81866455 -486.3727417 449.21261597
v 688.51477051 -326.9375 455.11813354
usemtl Patch_754_Mat_CR4_whitePanels
f 3449 3450 3451
f 3450 3449 3452

# obj755
v 376.37670898 -320.35366821 450.39370728
v 518.86206055 -466.9140625 435.82678223
v 365.49179077 -420.55151367 450.39370728
v 536.125 -308.0065918 435.82678223
usemtl Patch_755_Mat_CR4_whitePanels
f 3453 3454 3455
f 3454 3453 3456

# obj756
v 674.0401001 -454.07061768 483.69122314
v 676.99353027 -328.45797729 458.88812256
v 660.83618164 -477.1892395 458.88812256
v 684.92504883 -353.8727417 483.69122314
usemtl Patch_756_Mat_CR4_whitePanels
f 3457 3458 3459
f 3458 3457 3460

# obj757
v 626.21057129 -501.00073242 195.18598938
v 609.05511475 -314.56692505 195.27555847
v 591.19281006 -495.59185791 195.18598938
v 644.09442139 -317.32284546 195.27555847
usemtl Patch_757_Mat_CR4_seating
f 3461 3462 3463
f 3462 3461 3464

# obj758
v 661.22839355 -506.40957642 212.6882782
v 644.09442139 -317.32284546 212.59840393
v 626.21057129 -501.00073242 212.68795776
v 679.52758789 -320.47241211 212.59840393
usemtl Patch_758_Mat_CR4_seating
f 3465 3466 3467
f 3466 3465 3468

# obj759
v 731.49481201 -515.50213623 247.77206421
v 714.96063232 -323.22836304 247.63781738
v 696.27026367 -511.66345215 247.7727356
v 750 -326.77166748 247.63781738
usemtl Patch_759_Mat_CR4_seating
f 3469 3470 3471
f 3470 3469 3472

# obj760
v 518.86206055 -466.9140625 437.40161133
v 376.37670898 -320.35366821 451.96853638
v 365.49179077 -420.55151367 451.96853638
v 536.125 -308.0065918 437.40161133
usemtl Patch_760_Mat_CR4_whitePanels
f 3473 3474 3475
f 3474 3473 3476

# obj761
v 595.77178955 -543.9239502 195.16308594
v 591.19281006 -495.59185791 195.18598938
v 584.1116333 -542.10876465 195.16308594
v 626.21057129 -501.00073242 195.18598938
v 607.43200684 -545.73913574 195.16308594
v 619.12298584 -547.55914307 195.16308594
usemtl Patch_761_Mat_CR4_seating
f 3477 3478 3479
f 3478 3477 3480
f 3480 3477 3481
f 3480 3481 3482

# obj762
v 712.4866333 -562.09332275 253.71202087
v 705.03753662 -609.9420166 247.8065033
v 705.03790283 -609.94207764 253.71202087
v 712.4866333 -562.09332275 247.8065033
usemtl Patch_762_Mat_CR4_linoleum
f 3483 3484 3485
f 3484 3483 3486

# obj763
v 630.79345703 -549.37591553 212.71089172
v 626.21057129 -501.00073242 212.68795776
v 619.12298584 -547.55914307 212.71089172
v 661.22839355 -506.40957642 212.6882782
v 642.46392822 -551.19268799 212.71089172
v 654.13433838 -553.00946045 212.71089172
v 661.22747803 -506.41873169 212.68838501
usemtl Patch_763_Mat_CR4_seating
f 3487 3488 3489
f 3488 3487 3490
f 3490 3487 3491
f 3490 3491 3492
f 3490 3492 3493

# obj764
v 665.80480957 -554.82623291 230.25869751
v 661.22747803 -506.41873169 230.27005005
v 654.13433838 -553.00946045 230.25869751
v 696.27026367 -511.66345215 230.26997375
v 677.47528076 -556.64300537 230.25869751
v 689.14575195 -558.45977783 230.25869751
usemtl Patch_764_Mat_CR4_seating
f 3494 3495 3496
f 3495 3494 3497
f 3497 3494 3498
f 3497 3498 3499

# obj765
v 700.81622314 -560.27655029 247.8065033
v 696.27026367 -511.66345215 247.7727356
v 689.14575195 -558.45977783 247.8065033
v 731.49481201 -515.50213623 247.77206421
v 712.4866333 -562.09332275 247.8065033
v 724.15710449 -563.91015625 247.8065033
usemtl Patch_765_Mat_CR4_seating
f 3500 3501 3502
f 3501 3500 3503
f 3503 3500 3504
f 3503 3504 3505

# obj766
v 607.45251465 -545.74237061 200.98422241
v 619.12298584 -547.55914307 195.16308594
v 607.43200684 -545.73913574 195.16308594
v 619.12298584 -547.55914307 200.94204712
usemtl Patch_766_Mat_CR4_linoleum
f 3506 3507 3508
f 3507 3506 3509

# obj767
v 599.98297119 -593.58709717 195.16308594
v 595.77178955 -543.9239502 195.16308594
v 588.32318115 -591.77191162 195.16308594
v 607.43200684 -545.73913574 195.16308594
usemtl Patch_767_Mat_CR4_linoleum
f 3510 3511 3512
f 3511 3510 3513

# obj768
v 595.77178955 -543.9239502 195.16308594
v 588.32318115 -591.77191162 189.25756836
v 588.32318115 -591.77191162 195.16308594
v 595.77178955 -543.9239502 189.25756836
usemtl Patch_768_Mat_CR4_linoleum
f 3514 3515 3516
f 3515 3514 3517

# obj769
v 595.77178955 -543.9239502 195.16308594
v 584.1116333 -542.10876465 189.25756836
v 595.77178955 -543.9239502 189.25756836
v 584.1116333 -542.10876465 195.16308594
usemtl Patch_769_Mat_CR4_linoleum
f 3518 3519 3520
f 3519 3518 3521

# obj770
v 576.65270996 -589.95507812 189.25756836
v 584.1116333 -542.10876465 183.40829468
v 576.65270996 -589.95507812 183.40829468
v 584.1116333 -542.10876465 189.25756836
usemtl Patch_770_Mat_CR4_linoleum
f 3522 3523 3524
f 3523 3522 3525

# obj771
v 588.32318115 -591.77191162 189.25756836
v 584.1116333 -542.10876465 189.25756836
v 576.66265869 -589.956604 189.25756836
v 595.77178955 -543.9239502 189.25756836
usemtl Patch_771_Mat_CR4_linoleum
f 3526 3527 3528
f 3527 3526 3529

# obj772
v 576.65270996 -589.95507812 183.40829468
v 564.98223877 -588.13818359 183.35205078
v 576.65270996 -589.95507812 183.35205078
v 564.98223877 -588.13818359 183.40829468
usemtl Patch_772_Mat_CR4_linoleum
f 3530 3531 3532
f 3531 3530 3533

# obj773
v 576.65234375 -589.9574585 183.40829468
v 572.44152832 -540.28948975 183.35205078
v 564.98223877 -588.13818359 183.35205078
v 576.65270996 -589.95507812 183.40829468
v 584.1116333 -542.10876465 183.40829468
usemtl Patch_773_Mat_CR4_linoleum
f 3534 3535 3536
f 3535 3534 3537
f 3535 3537 3538

# obj774
v 572.44152832 -540.28948975 183.35205078
v 564.98223877 -588.13818359 177.55903625
v 564.98223877 -588.13818359 183.35205078
v 572.44152832 -540.28948975 177.55903625
usemtl Patch_774_Mat_CR4_linoleum
f 3539 3540 3541
f 3540 3539 3542

# obj775
v 572.44152832 -540.28948975 177.55903625
v 584.1116333 -542.10876465 183.40829468
v 584.1116333 -542.10876465 177.55903625
v 572.44152832 -540.28948975 183.35205078
usemtl Patch_775_Mat_CR4_linoleum
f 3543 3544 3545
f 3544 3543 3546

# obj776
v 679.52758789 -320.47241211 212.59840393
v 650.78735352 -207.48031616 212.59840393
v 644.09442139 -317.32284546 212.59840393
v 662.59838867 -208.53018188 212.59840393
v 674.40942383 -209.58004761 212.59840393
v 686.22039795 -210.62991333 212.59840393
usemtl Patch_776_Mat_CR4_seating
f 3547 3548 3549
f 3548 3547 3550
f 3550 3547 3551
f 3551 3547 3552

# obj777
v 712.59844971 -154.33070374 236.22045898
v 724.40942383 -154.33070374 230.31494141
v 712.59844971 -154.33070374 230.31494141
v 724.40942383 -154.33070374 236.22045898
usemtl Patch_777_Mat_CR4_linoleum
f 3553 3554 3555
f 3554 3553 3556

# obj778
v 700.78741455 -154.33070374 230.31494141
v 688.97637939 -154.33070374 224.40943909
v 700.78741455 -154.33070374 224.40943909
v 688.97637939 -154.33070374 230.31494141
usemtl Patch_778_Mat_CR4_linoleum
f 3557 3558 3559
f 3558 3557 3560

# obj779
v 674.40942383 -209.58004761 212.59840393
v 665.35437012 -153.80577087 212.59840393
v 662.59838867 -208.53018188 212.59840393
v 677.16534424 -154.0682373 212.59840393
usemtl Patch_779_Mat_CR4_linoleum
f 3561 3562 3563
f 3562 3561 3564

# obj780
v 686.22039795 -210.62991333 218.50390625
v 677.16534424 -154.0682373 218.50390625
v 674.40942383 -209.58004761 218.50390625
v 688.97637939 -154.33070374 218.50390625
usemtl Patch_780_Mat_CR4_linoleum
f 3565 3566 3567
f 3566 3565 3568

# obj781
v 677.16534424 -154.0682373 218.50390625
v 688.97637939 -154.33070374 212.59840393
v 677.16534424 -154.0682373 212.59840393
v 688.97637939 -154.33070374 218.50390625
usemtl Patch_781_Mat_CR4_linoleum
f 3569 3570 3571
f 3570 3569 3572

# obj782
v 677.16534424 -154.0682373 218.50390625
v 674.40942383 -209.58004761 212.59840393
v 674.40942383 -209.58004761 218.50390625
v 677.16534424 -154.0682373 212.59840393
usemtl Patch_782_Mat_CR4_linoleum
f 3573 3574 3575
f 3574 3573 3576

# obj783
v 686.22039795 -210.62991333 218.50390625
v 674.40942383 -209.58004761 212.59840393
v 686.22039795 -210.62991333 212.59840393
v 674.40942383 -209.58004761 218.50390625
usemtl Patch_783_Mat_CR4_linoleum
f 3577 3578 3579
f 3578 3577 3580

# obj784
v 662.59838867 -208.53018188 206.69288635
v 653.54333496 -153.54330444 206.69288635
v 650.78735352 -207.48031616 206.69288635
v 665.35437012 -153.80577087 206.69288635
usemtl Patch_784_Mat_CR4_linoleum
f 3581 3582 3583
f 3582 3581 3584

# obj785
v 650.78735352 -207.48031616 212.59840393
v 662.59838867 -208.53018188 206.69288635
v 650.78735352 -207.48031616 206.69288635
v 662.59838867 -208.53018188 212.59840393
usemtl Patch_785_Mat_CR4_linoleum
f 3585 3586 3587
f 3586 3585 3588

# obj786
v 665.35437012 -153.80577087 212.59840393
v 662.59838867 -208.53018188 206.69288635
v 662.59838867 -208.53018188 212.59840393
v 665.35437012 -153.80577087 206.69288635
usemtl Patch_786_Mat_CR4_linoleum
f 3589 3590 3591
f 3590 3589 3592

# obj787
v 665.35437012 -153.80577087 212.59840393
v 653.54333496 -153.54330444 206.69288635
v 665.35437012 -153.80577087 206.69288635
v 653.54333496 -153.54330444 212.59840393
usemtl Patch_787_Mat_CR4_linoleum
f 3593 3594 3595
f 3594 3593 3596

# obj788
v 736.22045898 -154.46194458 247.63780212
v 724.40942383 -154.33070374 241.73228455
v 736.22045898 -154.46194458 241.73228455
v 724.40942383 -154.33070374 247.63780212
usemtl Patch_788_Mat_CR4_linoleum
f 3597 3598 3599
f 3598 3597 3600

# obj789
v 748.03149414 -154.59317017 253.5433197
v 759.8425293 -154.72441101 247.63780212
v 748.03149414 -154.59317017 247.63780212
v 759.8425293 -154.72441101 253.5433197
usemtl Patch_789_Mat_CR4_linoleum
f 3601 3602 3603
f 3602 3601 3604

# obj790
v 638.97631836 -206.56167603 195.27555847
v 629.92126465 -153.54330444 195.27557373
v 627.16534424 -205.64303589 195.27555847
v 641.7322998 -153.54330444 195.27557373
usemtl Patch_790_Mat_CR4_linoleum
f 3605 3606 3607
f 3606 3605 3608

# obj791
v 650.78735352 -207.48031616 201.18107605
v 641.7322998 -153.54330444 201.18109131
v 638.97631836 -206.56167603 201.18107605
v 653.54333496 -153.54330444 201.18109131
usemtl Patch_791_Mat_CR4_linoleum
f 3609 3610 3611
f 3610 3609 3612

# obj792
v 641.7322998 -153.54330444 195.27557373
v 653.54333496 -153.54330444 201.18109131
v 653.54333496 -153.54330444 195.27557373
v 641.7322998 -153.54330444 201.18109131
usemtl Patch_792_Mat_CR4_linoleum
f 3613 3614 3615
f 3614 3613 3616

# obj793
v 641.7322998 -153.54330444 201.18109131
v 638.97631836 -206.56167603 195.27555847
v 638.97631836 -206.56167603 201.18107605
v 641.7322998 -153.54330444 195.27557373
usemtl Patch_793_Mat_CR4_linoleum
f 3617 3618 3619
f 3618 3617 3620

# obj794
v 650.78735352 -207.48031616 201.18107605
v 638.97631836 -206.56167603 195.27555847
v 650.78735352 -207.48031616 195.27555847
v 638.97631836 -206.56167603 201.18107605
usemtl Patch_794_Mat_CR4_linoleum
f 3621 3622 3623
f 3622 3621 3624

# obj795
v 627.16534424 -205.64303589 189.37005615
v 618.11022949 -153.54330444 189.37005615
v 615.35430908 -204.72439575 189.37005615
v 629.92126465 -153.54330444 189.37005615
usemtl Patch_795_Mat_CR4_linoleum
f 3625 3626 3627
f 3626 3625 3628

# obj796
v 615.35430908 -204.72439575 195.27555847
v 627.16534424 -205.64303589 189.37005615
v 615.35430908 -204.72439575 189.37005615
v 627.16534424 -205.64303589 195.27555847
usemtl Patch_796_Mat_CR4_linoleum
f 3629 3630 3631
f 3630 3629 3632

# obj797
v 629.92126465 -153.54330444 195.27557373
v 627.16534424 -205.64303589 189.37005615
v 627.16534424 -205.64303589 195.27555847
v 629.92126465 -153.54330444 189.37005615
usemtl Patch_797_Mat_CR4_linoleum
f 3633 3634 3635
f 3634 3633 3636

# obj798
v 629.92126465 -153.54330444 195.27557373
v 618.11022949 -153.54330444 189.37005615
v 629.92126465 -153.54330444 189.37005615
v 618.11022949 -153.54330444 195.27557373
usemtl Patch_798_Mat_CR4_linoleum
f 3637 3638 3639
f 3638 3637 3640

# obj799
v 745.01422119 -215.59472656 247.63781738
v 736.22045898 -154.46194458 247.63780212
v 733.33764648 -214.60870361 247.63781738
v 748.03149414 -154.59317017 247.63780212
usemtl Patch_799_Mat_CR4_linoleum
f 3641 3642 3643
f 3642 3641 3644

# obj800
v 709.84747314 -212.62509155 230.31497192
v 700.78741455 -154.33070374 230.31494141
v 698.03399658 -211.62750244 230.31497192
v 712.59844971 -154.33070374 230.31494141
usemtl Patch_800_Mat_CR4_linoleum
f 3645 3646 3647
f 3646 3645 3648

# obj801
v 716.70800781 -611.75891113 259.53317261
v 716.70800781 -611.75891113 253.71202087
v 705.03790283 -609.94207764 253.71202087
usemtl Patch_801_Mat_CR4_brickwall
f 3649 3650 3651

# obj802
v -108.86399078 -483.23370361 -36.22047043
v -97.188591 -485.05133057 -42.71653366
v -108.86399078 -483.23370361 -42.71653366
v -120.53939819 -481.41607666 -29.7244091
v -120.53939819 -481.41607666 -36.22047043
v -132.21479797 -479.59844971 -23.22834587
v -132.21479797 -479.59844971 -29.7244091
v -143.89019775 -477.78082275 -16.73228073
v -143.89019775 -477.78082275 -23.22834587
v -155.56559753 -475.9631958 -10.23621845
v -155.56559753 -475.9631958 -16.73228073
v -167.24101257 -474.14556885 -3.74015474
v -167.24101257 -474.14556885 -10.23621845
v -178.91641235 -472.32794189 2.75590849
v -178.91641235 -472.32794189 -3.74015474
v -190.59181213 -470.51031494 9.2519722
v -190.59181213 -470.51031494 2.75590849
v -202.26721191 -468.69268799 15.74803543
v -202.26721191 -468.69268799 9.2519722
v 1.62614489 -500.43484497 41.33858109
v 18.7874012 -503.10650635 -49.21259689
v 1.62614489 -500.43484497 -49.21259689
v 18.7874012 -503.10650635 -43.30707932
v 31.28047943 -505.05142212 -43.30707932
v 31.28047943 -505.05142212 -37.40155792
v 43.77355957 -506.99633789 -37.40155792
v 43.77355957 -506.99633789 -31.49603844
v 777.56268311 -621.23272705 39.37008286
v -264.17324829 -459.05514526 391.33856201
v -296.41525269 -454.03570557 15.74803543
v -108.59525299 -483.27554321 59.84251785
v -85.51318359 -486.86895752 41.33858109
v -108.59525299 -483.27554321 100.39369965
v -103.34807587 -484.09243774 100.39369965
v -85.51318359 -486.86895752 159.44880676
v 402.7713623 -562.88519287 160.82676697
v 421.43231201 -565.79034424 160.82676697
v 421.43231201 -565.79034424 165.00982666
v 440.0932312 -568.69543457 165.00982666
v 440.0932312 -568.69543457 169.19290161
v 458.75418091 -571.60058594 169.19290161
v 458.75418091 -571.60058594 173.3759613
v 477.41513062 -574.5057373 173.3759613
v 477.41513062 -574.5057373 177.559021
v 564.98223877 -588.13818359 177.55903625
v -264.16946411 -459.0557251 391.33761597
v 564.98223877 -588.13818359 183.35205078
v 564.98223877 -588.13818359 183.40829468
v 576.65270996 -589.95507812 183.40829468
v 576.65270996 -589.95507812 189.25756836
v 588.32318115 -591.77191162 189.25756836
v 588.32318115 -591.77191162 195.16308594
v 600.00354004 -593.59033203 200.98422241
v 611.67401123 -595.40716553 206.72102356
v 623.34442139 -597.22399902 212.71089172
v 635.01519775 -599.04095459 212.71089172
v 635.01519775 -599.04095459 218.53204346
v 646.68530273 -600.85772705 224.35319519
v 658.35577393 -602.67462158 230.25869751
v 670.02624512 -604.49145508 236.07984924
v 681.69665527 -606.30828857 241.90100098
v 693.36712646 -608.12518311 247.8065033
v 705.03790283 -609.94207764 253.71202087
v 716.70800781 -611.75891113 259.53317261
v 728.76745605 -613.6362915 265.35430908
v 838.90985107 -630.78326416 507.58016968
v 858.66143799 -633.85821533 265.35430908
v 728.76745605 -613.6362915 259.53317261
v 705.03753662 -609.9420166 247.8065033
v 693.36712646 -608.12518311 241.90100098
v 681.69665527 -606.30828857 236.07984924
v 670.02624512 -604.49145508 230.25869751
v 658.35577393 -602.67462158 224.35319519
v 646.68530273 -600.85772705 218.53204346
v 623.34442139 -597.22399902 206.72102356
v 611.67401123 -595.40716553 200.94204712
v 599.98297119 -593.58709717 195.16308594
v 576.66265869 -589.956604 189.25756836
v 1.62614477 -500.43484497 68.89756775
v 10.49087715 -501.81491089 73.03146362
v 10.4908762 -501.81491089 68.89756012
v 1.62614477 -500.43484497 159.44874573
v 29.55260468 -504.78244019 77.16544342
v 48.21354294 -507.68756104 77.16544342
v 48.21354294 -507.68756104 81.34851074
v 66.8744812 -510.5927124 81.34851074
v 66.8744812 -510.5927124 85.53157806
v 85.53541565 -513.49786377 85.53157806
v 85.53541565 -513.49786377 89.71464539
v 104.19635773 -516.4029541 89.71464539
v 104.19635773 -516.4029541 93.89770508
v 122.85729218 -519.30810547 93.89770508
v 122.85729218 -519.30810547 98.0807724
v 141.51823425 -522.21325684 98.0807724
v 141.51823425 -522.21325684 102.26383972
v 160.1791687 -525.1184082 102.26383972
v 160.1791687 -525.1184082 106.44690704
v 178.84010315 -528.02355957 106.44690704
v 178.84010315 -528.02355957 110.62997437
v 197.50105286 -530.9286499 110.62997437
v 197.50105286 -530.9286499 114.81304169
v 216.1619873 -533.83380127 114.81304169
v 216.1619873 -533.83380127 118.99610138
v 234.82292175 -536.73895264 118.99610138
v 234.82292175 -536.73895264 123.1791687
v 253.4838562 -539.644104 123.1791687
v 253.4838562 -539.644104 127.36223602
v 272.14480591 -542.54919434 127.36223602
v 272.14480591 -542.54919434 131.54530334
v 290.8057251 -545.4543457 131.54530334
v 290.8057251 -545.4543457 135.72836304
v 309.4666748 -548.35949707 135.72836304
v 309.4666748 -548.35949707 139.91143799
v 328.12762451 -551.26464844 139.91143799
v 328.12762451 -551.26464844 144.09449768
v 346.7885437 -554.16973877 144.09449768
v 346.7885437 -554.1697998 148.27757263
v 365.44949341 -557.07489014 148.27757263
v 365.44949341 -557.07489014 152.46063232
v 384.11044312 -559.9800415 152.46063232
v 384.11044312 -559.9800415 156.64369202
v 402.7713623 -562.88519287 156.64369202
v -103.34807587 -484.09243774 68.89763641
v -85.51318359 -486.86895752 68.89762878
v 29.55260468 -504.78244019 73.03145599
v 477.65667725 -574.54333496 166.92915344
v 804.86071777 -625.48248291 157.98728943
v 29.55260468 -504.78244019 59.84251785
v 766.6496582 -619.53381348 159.97489929
v 587.40155029 -591.62841797 166.92913818
v 975.63641357 -652.06890869 167.71653748
v 975.63647461 -652.06890869 39.37007904
v 810.09368896 -626.29718018 167.71655273
v -85.51318359 -486.86895752 -49.21259689
v -97.188591 -485.05133057 -49.21259689
v 77.55903625 -512.25610352 -31.49606133
usemtl Patch_802_Mat_CR4_brickwall
f 3652 3653 3654
f 3655 3652 3656
f 3657 3655 3658
f 3659 3657 3660
f 3661 3659 3662
f 3663 3661 3664
f 3665 3663 3666
f 3667 3665 3668
f 3669 3667 3670
f 3671 3672 3673
f 3672 3671 3674
f 3674 3671 3675
f 3675 3671 3676
f 3676 3671 3677
f 3677 3671 3678
f 3678 3671 3679
f 3680 3669 3681
f 3669 3680 3682
f 3669 3682 3683
f 3683 3682 3671
f 3682 3680 3684
f 3684 3680 3685
f 3685 3680 3686
f 3686 3680 3687
f 3687 3680 3688
f 3688 3680 3689
f 3689 3680 3690
f 3690 3680 3691
f 3691 3680 3692
f 3692 3680 3693
f 3693 3680 3694
f 3694 3680 3695
f 3695 3680 3696
f 3696 3680 3697
f 3696 3697 3698
f 3698 3697 3699
f 3699 3697 3700
f 3700 3697 3701
f 3701 3697 3702
f 3702 3697 3703
f 3703 3697 3704
f 3704 3697 3705
f 3705 3697 3706
f 3706 3697 3707
f 3707 3697 3708
f 3708 3697 3709
f 3709 3697 3710
f 3710 3697 3711
f 3711 3697 3712
f 3712 3697 3713
f 3713 3697 3714
f 3714 3697 3715
f 3715 3697 3716
f 3716 3717 3718
f 3717 3716 3697
f 3716 3719 3715
f 3714 3720 3713
f 3713 3721 3712
f 3712 3722 3711
f 3711 3723 3710
f 3710 3724 3709
f 3709 3725 3708
f 3706 3726 3705
f 3705 3727 3704
f 3704 3728 3703
f 3702 3729 3701
f 3730 3731 3732
f 3731 3730 3733
f 3731 3733 3734
f 3734 3733 3735
f 3735 3733 3736
f 3736 3733 3737
f 3737 3733 3738
f 3738 3733 3739
f 3739 3733 3740
f 3740 3733 3741
f 3741 3733 3742
f 3742 3733 3743
f 3743 3733 3744
f 3744 3733 3745
f 3745 3733 3746
f 3746 3733 3747
f 3747 3733 3748
f 3748 3733 3749
f 3749 3733 3750
f 3750 3733 3751
f 3751 3733 3752
f 3752 3733 3753
f 3753 3733 3754
f 3754 3733 3755
f 3755 3733 3756
f 3756 3733 3757
f 3757 3733 3758
f 3758 3733 3759
f 3759 3733 3760
f 3760 3733 3761
f 3761 3733 3762
f 3762 3733 3763
f 3763 3733 3764
f 3764 3733 3765
f 3765 3733 3766
f 3766 3733 3767
f 3767 3733 3768
f 3768 3733 3769
f 3769 3733 3770
f 3770 3733 3771
f 3771 3733 3772
f 3772 3733 3773
f 3773 3733 3687
f 3687 3733 3686
f 3774 3686 3775
f 3686 3774 3685
f 3734 3776 3731
f 3777 3778 3779
f 3778 3777 3780
f 3780 3777 3781
f 3679 3782 3783
f 3782 3679 3671
f 3782 3671 3779
f 3779 3671 3682
f 3782 3779 3778
f 3782 3778 3784
f 3653 3785 3786
f 3785 3653 3683
f 3683 3653 3652
f 3683 3652 3655
f 3683 3655 3657
f 3683 3657 3659
f 3683 3659 3661
f 3683 3661 3663
f 3683 3663 3665
f 3683 3665 3667
f 3683 3667 3669
f 3679 3787 3678

# obj803
v 804.48754883 -537.26165771 431.60449219
v 770.5390625 -532.98724365 265.3543396
v 818.67901611 -539.19360352 265.35430908
v 756.69287109 -531.10235596 427.55905151
usemtl Patch_803_Mat_CR4_concrete
f 3788 3789 3790
f 3789 3788 3791

# obj804
v 818.5098877 -335.91125488 433.27664185
v 815.20861816 -479.30682373 463.98535156
v 800.65148926 -500.29837036 433.27664185
v 828.21948242 -359.53903198 463.98535156
usemtl Patch_804_Mat_CR4_whitePanels
f 3792 3793 3794
f 3793 3792 3795

# obj805
v 799.19659424 -500.14028931 433.85827637
v 686.36407471 -354.02905273 484.64569092
v 675.47912598 -454.22692871 484.64569092
v 817.05499268 -335.75320435 433.85827637
usemtl Patch_805_Mat_CR4_whitePanels
f 3796 3797 3798
f 3797 3796 3799

# obj806
v 829.93103027 -328.68460083 433.38571167
v 772.39788818 -371.18249512 500.09091187
v 778.71136475 -324.77301025 429.00177002
v 826.41040039 -375.99942017 505.77578735
usemtl Patch_806_Mat_CR4_concrete
f 3800 3801 3802
f 3801 3800 3803

# obj807
v 773.90325928 -350.07302856 500.20843506
v 778.71136475 -324.77301025 429.00177002
v 772.39788818 -371.18249512 500.09091187
v 778.85601807 -311.17590332 448.67599487
v 780.68389893 -297.21420288 428.98791504
v 779.51226807 -271.41925049 500.64624023
v 781.04486084 -249.92781067 500.76586914
usemtl Patch_807_Mat_CR4_concrete
f 3804 3805 3806
f 3805 3804 3807
f 3805 3807 3808
f 3808 3807 3809
f 3808 3809 3810

# obj808
v 811.49291992 -291.64968872 433.85827637
v 690.68017578 -152.0647583 484.64569092
v 685.40539551 -252.71401978 484.64569092
v 820.14715576 -126.52204132 433.85827637
usemtl Patch_808_Mat_CR4_whitePanels
f 3811 3812 3813
f 3812 3811 3814

# obj809
v 690.68017578 -152.0647583 483.07089233
v 811.49291992 -291.64968872 432.28347778
v 685.40539551 -252.71401978 483.07089233
v 820.14715576 -126.52204132 432.28347778
usemtl Patch_809_Mat_CR4_whitePanels
f 3815 3816 3817
f 3816 3815 3818

# obj810
v 821.60858154 -126.59863281 433.27664185
v 826.3170166 -269.95489502 463.98535156
v 812.9543457 -291.72628784 433.27664185
v 832.62200928 -149.64755249 463.98535156
usemtl Patch_810_Mat_CR4_whitePanels
f 3819 3820 3821
f 3820 3819 3822

# obj811
v 824.85552979 -269.8782959 464.56698608
v 820.14715576 -126.52204132 433.85827637
v 811.49291992 -291.64968872 433.85827637
v 831.16052246 -149.57096863 464.56698608
usemtl Patch_811_Mat_CR4_whitePanels
f 3823 3824 3825
f 3824 3823 3826

# obj812
v 707.48028564 -70.86614227 267.71655273
v 843.70080566 -70.86614227 222.44093323
v 707.48028564 -70.86614227 222.44093323
v 843.70080566 -70.86614227 300.78741455
v 779.1338501 -70.86614227 300.78741455
usemtl Patch_812_Mat_CR4_linoleum
f 3827 3828 3829
f 3828 3827 3830
f 3830 3827 3831

# obj813
v 686.36407471 -354.02905273 483.07089233
v 799.19659424 -500.14028931 432.28347778
v 675.47912598 -454.22692871 483.07089233
v 817.05499268 -335.75320435 432.28347778
usemtl Patch_813_Mat_CR4_whitePanels
f 3832 3833 3834
f 3833 3832 3835

# obj814
v 750.92456055 -556.67816162 498.19198608
v 748.34960938 -576.7689209 497.96011353
v -257.42715454 -409.84735107 391.95263672
v -263.15731812 -451.64471436 391.43106079
v 838.90985107 -630.78326416 507.58016968
v -264.16946411 -459.0557251 391.33761597
v 798.31695557 -583.88848877 503.22433472
v 800.95678711 -563.25421143 503.4619751
v 847.8951416 -570.49633789 508.40817261
usemtl Patch_814_Mat_CR4_concrete
f 3836 3837 3838
f 3839 3840 3841
f 3840 3839 3838
f 3840 3838 3837
f 3840 3837 3842
f 3840 3842 3843
f 3840 3843 3844

# obj815
v 813.75372314 -479.14877319 464.56698608
v 817.05499268 -335.75320435 433.85827637
v 799.19659424 -500.14028931 433.85827637
v 826.7645874 -359.38098145 464.56698608
usemtl Patch_815_Mat_CR4_whitePanels
f 3845 3846 3847
f 3846 3845 3848

# obj816
v 584.1116333 -542.10876465 189.25756836
v 576.65270996 -589.95507812 189.25756836
v 576.66265869 -589.956604 189.25756836
usemtl Patch_816_Mat_CR4_linoleum
f 3849 3850 3851

# obj817
v 721.54003906 -213.61245728 236.22047424
v 709.84747314 -212.62509155 230.31497192
v 721.53997803 -213.61245728 230.31495667
v 709.84747314 -212.62509155 236.22047424
usemtl Patch_817_Mat_CR4_linoleum
f 3852 3853 3854
f 3853 3852 3855

# obj818
v 733.33764648 -214.60870361 241.91288757
v 736.22045898 -154.46194458 241.73228455
v 733.33764648 -214.60870361 241.73231506
v 733.33764648 -214.60870361 247.63781738
v 736.22045898 -154.46194458 247.63780212
usemtl Patch_818_Mat_CR4_linoleum
f 3856 3857 3858
f 3857 3856 3859
f 3857 3859 3860

# obj819
v 714.96063232 -323.22836304 230.31497192
v 686.22039795 -210.62991333 230.31497192
v 679.52758789 -320.47241211 230.31497192
v 698.03399658 -211.62750244 230.31497192
v 709.84747314 -212.62509155 230.31497192
v 721.53997803 -213.61245728 230.31495667
usemtl Patch_819_Mat_CR4_seating
f 3861 3862 3863
f 3862 3861 3864
f 3864 3861 3865
f 3865 3861 3866

# obj820
v 649.03717041 -71.83975983 140.89805603
v 649.95294189 -119.47755432 164.50234985
v 649.03717041 -119.47755432 140.89805603
v 649.95294189 -71.83975983 164.50234985
usemtl Patch_820_Mat_CR4_whitePanels
f 3867 3868 3869
f 3868 3867 3870

# obj821
v 649.03717041 -71.83975983 140.89805603
v 586.48577881 -119.47755432 143.32484436
v 586.48577881 -71.83975983 143.32484436
v 649.03717041 -119.47755432 140.89805603
usemtl Patch_821_Mat_CR4_whitePanels
f 3871 3872 3873
f 3872 3871 3874

# obj822
v 698.03399658 -211.62750244 224.40945435
v 688.97637939 -154.33070374 224.40943909
v 686.22039795 -210.62991333 224.40945435
v 700.78741455 -154.33070374 224.40943909
usemtl Patch_822_Mat_CR4_linoleum
f 3875 3876 3877
f 3876 3875 3878

# obj823
v 883.48974609 -273.12420654 465.26989746
v 891.39837646 -214.42459106 424.43167114
v 886.90600586 -273.13375854 424.07272339
v 887.9821167 -214.41503906 465.62884521
usemtl Patch_823_Mat_CR4_windows
f 3879 3880 3881
f 3880 3879 3882

# obj824
v 771.63726807 -155.34362793 265.3543396
v 759.8425293 -154.72441101 259.44882202
v 771.63726807 -155.34362793 259.44882202
v 759.8425293 -154.72441101 265.3543396
usemtl Patch_824_Mat_CR4_linoleum
f 3883 3884 3885
f 3884 3883 3886

# obj825
v 768.39031982 -217.19192505 259.44885254
v 759.8425293 -154.72441101 259.44882202
v 756.59552002 -216.57270813 259.44885254
v 771.63726807 -155.34362793 259.44882202
usemtl Patch_825_Mat_CR4_linoleum
f 3887 3888 3889
f 3888 3887 3890

# obj826
v 698.03399658 -211.62750244 230.31497192
v 700.78741455 -154.33070374 224.40943909
v 698.03399658 -211.62750244 224.40945435
v 700.78741455 -154.33070374 230.31494141
usemtl Patch_826_Mat_CR4_linoleum
f 3891 3892 3893
f 3892 3891 3894

# obj827
v 756.59552002 -216.57270813 247.63781738
v 745.01422119 -215.59472656 253.54333496
v 745.01422119 -215.59472656 247.63781738
v 756.59552002 -216.57270813 253.54333496
usemtl Patch_827_Mat_CR4_linoleum
f 3895 3896 3897
f 3896 3895 3898

# obj828
v 750 -326.77166748 247.63781738
v 721.53997803 -213.61245728 247.63781738
v 714.96063232 -323.22836304 247.63781738
v 733.33764648 -214.60870361 247.63781738
v 745.01422119 -215.59472656 247.63781738
v 756.59552002 -216.57270813 247.63781738
usemtl Patch_828_Mat_CR4_seating
f 3899 3900 3901
f 3900 3899 3902
f 3902 3899 3903
f 3903 3899 3904

# obj829
v 688.97637939 -154.33070374 224.40943909
v 686.22039795 -210.62991333 218.50390625
v 686.22039795 -210.62991333 224.40945435
v 688.97637939 -154.33070374 218.50390625
usemtl Patch_829_Mat_CR4_linoleum
f 3905 3906 3907
f 3906 3905 3908

# obj830
v 709.84747314 -212.62509155 236.22047424
v 712.59844971 -154.33070374 230.31494141
v 709.84747314 -212.62509155 230.31497192
v 712.59844971 -154.33070374 236.22045898
usemtl Patch_830_Mat_CR4_linoleum
f 3909 3910 3911
f 3910 3909 3912

# obj831
v 721.53997803 -213.61245728 247.63781738
v 714.96063232 -323.22836304 230.31497192
v 714.96063232 -323.22836304 247.63781738
v 721.54003906 -213.61245728 241.73231506
v 721.53997803 -213.61245728 230.31495667
v 721.54003906 -213.61245728 236.22047424
usemtl Patch_831_Mat_CR4_seating
f 3913 3914 3915
f 3914 3913 3916
f 3916 3917 3914
f 3917 3916 3918

# obj832
v 756.59552002 -216.57270813 265.3543396
v 750 -326.77166748 247.63781738
v 750 -326.77166748 265.3543396
v 756.59552002 -216.57270813 247.63781738
v 756.59552002 -216.57270813 259.44885254
v 756.59552002 -216.57270813 253.54333496
usemtl Patch_832_Mat_CR4_seating
f 3919 3920 3921
f 3920 3919 3922

# obj833
v 759.8425293 -154.72441101 259.44882202
v 756.59552002 -216.57270813 253.54333496
v 756.59552002 -216.57270813 259.44885254
v 759.8425293 -154.72441101 253.5433197
usemtl Patch_833_Mat_CR4_linoleum
f 3925 3926 3927
f 3926 3925 3928

# obj834
v 733.33764648 -214.60870361 241.91288757
v 733.33764648 -214.60870361 241.73231506
v 732.60406494 -214.54675293 241.73231506
usemtl Patch_834_Mat_CR4_seating
f 3929 3930 3931

# obj835
v 721.53997803 -213.61245728 247.63781738
v 732.60406494 -214.54675293 241.73231506
v 721.54003906 -213.61245728 241.73231506
v 733.33764648 -214.60870361 241.91288757
v 733.33764648 -214.60870361 247.63781738
usemtl Patch_835_Mat_CR4_linoleum
f 3932 3933 3934
f 3933 3932 3935
f 3935 3932 3936

# obj836
v 771.63726807 -155.34362793 265.3543396
v 768.39031982 -217.19192505 259.44885254
v 768.39031982 -217.19192505 265.3543396
v 771.63726807 -155.34362793 259.44882202
usemtl Patch_836_Mat_CR4_linoleum
f 3937 3938 3939
f 3938 3937 3940

# obj837
v 686.22039795 -210.62991333 230.31497192
v 698.03399658 -211.62750244 224.40945435
v 686.22039795 -210.62991333 224.40945435
v 698.03399658 -211.62750244 230.31497192
usemtl Patch_837_Mat_CR4_linoleum
f 3941 3942 3943
f 3942 3941 3944

# obj838
v 732.60406494 -214.54675293 241.73231506
v 724.40942383 -154.33070374 241.73228455
v 721.54003906 -213.61245728 241.73231506
v 736.22045898 -154.46194458 241.73228455
v 733.33764648 -214.60870361 241.73231506
usemtl Patch_838_Mat_CR4_linoleum
f 3945 3946 3947
f 3946 3945 3948
f 3948 3945 3949

# obj839
v 745.01422119 -215.59472656 253.54333496
v 748.03149414 -154.59317017 247.63780212
v 745.01422119 -215.59472656 247.63781738
v 748.03149414 -154.59317017 253.5433197
usemtl Patch_839_Mat_CR4_linoleum
f 3950 3951 3952
f 3951 3950 3953

# obj840
v 724.40942383 -154.33070374 241.73228455
v 721.54003906 -213.61245728 236.22047424
v 721.54003906 -213.61245728 241.73231506
v 724.40942383 -154.33070374 236.22045898
usemtl Patch_840_Mat_CR4_linoleum
f 3954 3955 3956
f 3955 3954 3957

# obj841
v 721.54003906 -213.61245728 236.22047424
v 712.59844971 -154.33070374 236.22045898
v 709.84747314 -212.62509155 236.22047424
v 724.40942383 -154.33070374 236.22045898
usemtl Patch_841_Mat_CR4_linoleum
f 3958 3959 3960
f 3959 3958 3961

# obj842
v 649.95294189 -119.47755432 164.50234985
v 586.48577881 -119.47755432 143.32484436
v 649.03717041 -119.47755432 140.89805603
v 587.40155029 -119.47755432 166.92913818
usemtl Patch_842_Mat_CR4_whitePanels
f 3962 3963 3964
f 3963 3962 3965

# obj843
v 756.59552002 -216.57270813 253.54333496
v 748.03149414 -154.59317017 253.5433197
v 745.01422119 -215.59472656 253.54333496
v 759.8425293 -154.72441101 253.5433197
usemtl Patch_843_Mat_CR4_linoleum
f 3966 3967 3968
f 3967 3966 3969

# obj844
v 615.35430908 -204.72439575 183.46453857
v 606.31628418 -152.9082489 183.46455383
v 603.56036377 -204.08934021 183.46453857
v 618.11022949 -153.54330444 183.46455383
usemtl Patch_844_Mat_CR4_linoleum
f 3970 3971 3972
f 3971 3970 3973

# obj845
v 887.9821167 -214.41503906 465.62884521
v 895.90405273 -155.54269409 424.79162598
v 891.39837646 -214.42459106 424.43167114
v 892.48773193 -155.53314209 465.98883057
usemtl Patch_845_Mat_CR4_windows
f 3974 3975 3976
f 3975 3974 3977

# obj846
v 587.40155029 -71.83975983 166.92913818
v 586.48577881 -119.47755432 143.32484436
v 587.40155029 -119.47755432 166.92913818
v 586.48577881 -71.83975983 143.32484436
usemtl Patch_846_Mat_CR4_whitePanels
f 3978 3979 3980
f 3979 3978 3981

# obj847
v 603.56036377 -204.08934021 183.46453857
v 606.31628418 -152.9082489 177.55903625
v 603.56036377 -204.08934021 177.559021
v 606.31628418 -152.9082489 183.46455383
usemtl Patch_847_Mat_CR4_linoleum
f 3982 3983 3984
f 3983 3982 3985

# obj848
v 615.35430908 -204.72439575 177.559021
v 603.56036377 -204.08934021 183.46453857
v 603.56036377 -204.08934021 177.559021
v 615.35430908 -204.72439575 183.46453857
usemtl Patch_848_Mat_CR4_linoleum
f 3986 3987 3988
f 3987 3986 3989

# obj849
v 586.48577881 -71.83975983 143.32484436
v 649.95294189 -71.83975983 164.50234985
v 649.03717041 -71.83975983 140.89805603
v 587.40155029 -71.83975983 166.92913818
usemtl Patch_849_Mat_CR4_whitePanels
f 3990 3991 3992
f 3991 3990 3993

# obj850
v 756.59552002 -216.57270813 259.44885254
v 768.39031982 -217.19192505 265.3543396
v 768.39031982 -217.19192505 259.44885254
v 756.59552002 -216.57270813 265.3543396
usemtl Patch_850_Mat_CR4_linoleum
f 3994 3995 3996
f 3995 3994 3997

# obj851
v 606.31628418 -152.9082489 183.46455383
v 618.11022949 -153.54330444 177.55903625
v 606.31628418 -152.9082489 177.55903625
v 618.11022949 -153.54330444 183.46455383
usemtl Patch_851_Mat_CR4_linoleum
f 3998 3999 4000
f 3999 3998 4001

# obj852
v 564.98223877 -588.13818359 177.55903625
v 490.59378052 -492.68365479 177.55905151
v 477.41513062 -574.5057373 177.559021
v 551.18109131 -502.75592041 177.55905151
v 564.17321777 -388.18896484 177.55906677
v 573.62207031 -277.55908203 177.55906677
v 572.44152832 -540.28948975 177.55903625
v 584.1116333 -542.10876465 177.55903625
v 580.31494141 -166.53544617 177.55906677
v 583.46453857 -55.51181412 177.55906677
v 609.05511475 -314.56692505 177.559021
v 603.56036377 -204.08934021 177.559021
v 591.19281006 -495.59185791 177.559021
v 615.35430908 -204.72439575 177.559021
v 620.86608887 0 177.55903625
v 583.46453857 0 177.55906677
v 606.31628418 -152.9082489 177.55903625
v 618.11022949 -153.54330444 177.55903625
v 620.86608887 -108.26772308 177.55903625
usemtl Patch_852_Mat_CR4_linoleum
f 4002 4003 4004
f 4003 4002 4005
f 4005 4002 4006
f 4006 4002 4007
f 4007 4002 4008
f 4007 4008 4009
f 4007 4009 4010
f 4010 4009 4011
f 4012 4013 4014
f 4013 4012 4015
f 4011 4016 4017
f 4016 4011 4018
f 4018 4011 4009
f 4018 4009 4013
f 4013 4009 4014
f 4016 4018 4019
f 4016 4019 4020

# obj853
v 851.18109131 -86.61417389 265.3543396
v 851.21453857 -0 265.3543396
v 851.18109131 -0 265.3543396
v 852.08032227 -0 265.3543396
usemtl Patch_853_Mat_CR4_linoleum
f 4021 4022 4023
f 4022 4021 4024

# obj854
v 852.08032227 -0 265.3543396
v 851.21453857 -0 265.3543396
v 851.18109131 -86.61417389 265.3543396
usemtl Patch_854_Mat_CR4_linoleum
f 4025 4026 4027

# obj855
v 629.92126465 -153.54330444 195.27557373
v 620.86608887 -108.26772308 195.27557373
v 618.11022949 -153.54330444 195.27557373
v 656.29925537 -0 195.27557373
v 620.86608887 -0 195.27557373
v 641.7322998 -153.54330444 195.27557373
v 653.54333496 -153.54330444 195.27557373
v 656.29925537 -108.26772308 195.27557373
usemtl Patch_855_Mat_CR4_seating
f 4028 4029 4030
f 4029 4031 4032
f 4031 4029 4028
f 4031 4028 4033
f 4031 4033 4034
f 4031 4034 4035

# obj856
v 587.40155029 -0 166.92913818
v 578.34643555 -55.11811066 166.92913818
v 578.34643555 -0 166.92913818
v 587.40155029 -591.62841797 166.92913818
v 587.40155029 -71.83975983 166.92913818
v 587.40155029 -119.47755432 166.92913818
usemtl Patch_856_Mat_CR4_concrete
f 4036 4037 4038
f 4037 4036 4039

# obj857
v 587.40155029 -591.62841797 166.92913818
v 477.65667725 -574.54333496 166.92915344
v 491.71121216 -487.28262329 166.92915344
usemtl Patch_857_Mat_CR4_concrete
f 4042 4043 4044

# obj858
v 587.40155029 -591.62841797 166.92913818
v 491.71121216 -487.28262329 166.92915344
v 546.43719482 -496.38671875 166.92913818
usemtl Patch_858_Mat_CR4_concrete
f 4045 4046 4047

# obj859
v 587.40155029 -591.62841797 166.92913818
v 546.43719482 -496.38671875 166.92913818
v 559.4487915 -387.00790405 166.92913818
usemtl Patch_859_Mat_CR4_concrete
f 4048 4049 4050

# obj860
v 587.40155029 -591.62841797 166.92913818
v 559.4487915 -387.00790405 166.92913818
v 568.89764404 -276.37792969 166.92913818
usemtl Patch_860_Mat_CR4_concrete
f 4051 4052 4053

# obj861
v 587.40155029 -591.62841797 166.92913818
v 568.89764404 -276.37792969 166.92913818
v 575.19683838 -165.74801636 166.92913818
usemtl Patch_861_Mat_CR4_concrete
f 4054 4055 4056

# obj862
v 587.40155029 -591.62841797 166.92913818
v 575.19683838 -165.74801636 166.92913818
v 578.34643555 -55.11811066 166.92913818
usemtl Patch_862_Mat_CR4_concrete
f 4057 4058 4059

# obj863
v 838.18902588 -329.52752686 167.71655273
v 830.05932617 -512.77105713 167.71655273
v 820.85845947 -511.35552979 167.71655273
v 849.79632568 -119.29371643 167.71655273
v 854.07958984 -302.78829956 167.71653748
v 840.1574707 -301.57476807 167.71655273
v 863.53302002 -119.4703064 167.71653748
v 927.16534424 -0 167.71653748
v 850.39373779 -91.73221588 167.71655273
v 850.39373779 -0 167.71655273
v 864.32061768 -91.91121674 167.71653748
v 912.20471191 -46.45669174 167.71653748
v 875.98425293 -551.5748291 167.71653748
v 890.55114746 -425.59057617 167.71653748
v 901.96850586 -299.60629272 167.71653748
v 909.05511475 -173.22834778 167.71653748
v 927.16534424 -46.45669174 167.71653748
v 817.71655273 -539.37005615 167.71655273
v 975.63641357 -652.06890869 167.71653748
v 810.09368896 -626.29718018 167.71655273
v 826.51776123 -540.31591797 167.71655273
v 852.1114502 -330.34741211 167.71653748
v 895.27557373 -553.93701172 167.71653748
v 912.99206543 -401.57479858 167.71653748
v 914.96063232 -374.80316162 167.71653748
v 1016.53546143 -390.55117798 167.71653748
usemtl Patch_863_Mat_CR4_concrete
f 4060 4061 4062
f 4063 4064 4065
f 4064 4063 4066
f 4067 4068 4069
f 4068 4067 4070
f 4070 4067 4071
f 4070 4071 4072
f 4072 4071 4073
f 4073 4071 4074
f 4074 4071 4075
f 4071 4067 4076
f 4077 4078 4079
f 4078 4077 4080
f 4078 4080 4061
f 4078 4061 4072
f 4072 4061 4060
f 4072 4060 4081
f 4072 4081 4064
f 4072 4064 4066
f 4072 4066 4070
f 4078 4072 4082
f 4078 4082 4083
f 4078 4083 4084
f 4078 4084 4085

# obj864
v 551.18109131 -502.75592041 209.05513
v 491.57925415 -487.26068115 209.05511475
v 490.59378052 -492.68365479 209.05511475
v 546.43719482 -496.38671875 209.05511475
usemtl Patch_864_Mat_CR4_whitePanels
f 4086 4087 4088
f 4087 4086 4089

# obj865
v 559.4487915 -387.00790405 209.05513
v 546.43719482 -496.38671875 209.05511475
v 551.18109131 -502.75592041 209.05513
usemtl Patch_865_Mat_CR4_whitePanels
f 4090 4091 4092

# obj866
v 564.17321777 -388.18896484 209.05513
v 559.4487915 -387.00790405 209.05513
v 551.18109131 -502.75592041 209.05513
usemtl Patch_866_Mat_CR4_whitePanels
f 4093 4094 4095

# obj867
v 568.89764404 -276.37792969 209.05513
v 559.4487915 -387.00790405 209.05513
v 564.17321777 -388.18896484 209.05513
usemtl Patch_867_Mat_CR4_whitePanels
f 4096 4097 4098

# obj868
v 573.62207031 -277.55908203 209.05513
v 568.89764404 -276.37792969 209.05513
v 564.17321777 -388.18896484 209.05513
usemtl Patch_868_Mat_CR4_whitePanels
f 4099 4100 4101

# obj869
v 575.19683838 -165.74801636 209.05513
v 568.89764404 -276.37792969 209.05513
v 573.62207031 -277.55908203 209.05513
usemtl Patch_869_Mat_CR4_whitePanels
f 4102 4103 4104

# obj870
v 580.31494141 -166.53544617 209.05513
v 575.19683838 -165.74801636 209.05513
v 573.62207031 -277.55908203 209.05513
usemtl Patch_870_Mat_CR4_whitePanels
f 4105 4106 4107

# obj871
v 580.31494141 -166.53544617 209.05513
v 578.34643555 -55.11811066 209.05513
v 575.19683838 -165.74801636 209.05513
usemtl Patch_871_Mat_CR4_whitePanels
f 4108 4109 4110

# obj872
v 578.34643555 -55.11811066 209.05513
v 583.46453857 -0 209.05513
v 578.34643555 -0 209.05513
v 580.31494141 -166.53544617 209.05513
v 583.46453857 -55.51181412 209.05513
usemtl Patch_872_Mat_CR4_whitePanels
f 4111 4112 4113
f 4112 4111 4114
f 4112 4114 4115

# obj873
v -39.33636856 -275.56149292 8.989E-05
v -263.77954102 -100.78739929 0
v -268.5039978 -198.0315094 0
v -238.5827179 -77.16535187 0
v 29.89307594 -364.96063232 8.976E-05
v -39.76376343 -364.96066284 0
v 12.20472431 -118.11023712 0
v 12.20472431 0 0
v 48.40741348 -120.61933136 -9E-08
v -262.20471191 -52.36220169 0
v -262.20471191 -0 0
usemtl Patch_873_Mat_CR4_parquet
f 4116 4117 4118
f 4117 4116 4119
f 4120 4116 4121
f 4116 4120 4122
f 4116 4122 4123
f 4122 4120 4124
f 4125 4123 4126
f 4123 4125 4119
f 4123 4119 4116

# obj874
v -86.30049133 -491.92617798 41.33858109
v 0.83884043 -505.49203491 -49.21259689
v -86.30049133 -491.92617798 -49.21259689
v 0.83884043 -505.49203491 41.33858109
usemtl Patch_874_Mat_CR4_brickwall
f 4127 4128 4129
f 4128 4127 4130

# obj875
v -85.51318359 -486.86895752 -49.21259689
v -89.38991547 -435.91973877 -49.21259689
v -97.188591 -485.05133057 -49.21259689
v 0.83884043 -505.49203491 -49.21259689
v -86.30049133 -491.92617798 -49.21259689
v 0.09306635 -364.96063232 -49.21255493
v 1.62614489 -500.43484497 -49.21259689
v 18.7874012 -503.10650635 -49.21259689
v -193.30708313 -349.21258545 -49.21259689
v -216.14175415 -416.14172363 -49.21259689
v -146.06300354 -364.96066284 -49.21259689
usemtl Patch_875_Mat_CR4_linoleum
f 4131 4132 4133
f 4134 4131 4135
f 4131 4134 4136
f 4136 4134 4137
f 4136 4137 4138
f 4132 4139 4140
f 4139 4132 4141
f 4141 4132 4136
f 4136 4132 4131

# obj876
v 12.32295132 -364.96063232 -37.4015007
v 31.28047943 -505.05142212 -43.30707932
v 31.28047943 -505.05142212 -37.40155792
v 12.32295132 -364.96063232 -43.30702591
usemtl Patch_876_Mat_CR4_linoleum
f 4142 4143 4144
f 4143 4142 4145

# obj877
v 31.28047943 -505.05142212 -37.40155792
v 24.55283546 -364.96063232 -37.4015007
v 12.32295132 -364.96063232 -37.4015007
v 43.77355957 -506.99633789 -37.40155792
usemtl Patch_877_Mat_CR4_linoleum
f 4146 4147 4148
f 4147 4146 4149

# obj878
v 18.7874012 -503.10650635 -43.30707932
v 12.32295132 -364.96063232 -43.30702591
v 0.09306635 -364.96063232 -43.30702591
v 31.28047943 -505.05142212 -43.30707932
usemtl Patch_878_Mat_CR4_linoleum
f 4150 4151 4152
f 4151 4150 4153

# obj879
v 0.09306635 -364.96063232 -43.30702591
v 18.7874012 -503.10650635 -49.21259689
v 18.7874012 -503.10650635 -43.30707932
v 0.09306635 -364.96063232 -49.21255493
usemtl Patch_879_Mat_CR4_linoleum
f 4154 4155 4156
f 4155 4154 4157

# obj880
v 816.60211182 -510.48849487 39.37007523
v 810.96636963 -328.06176758 39.3700676
v 792.64660645 -506.802948 39.37007904
v 836.78564453 -329.58230591 39.3700676
v 838.80126953 -301.2852478 39.37007904
v 822.43267822 -119.02209473 39.3700676
v 813.02813721 -299.03869629 39.37007904
v 848.22741699 -119.3536377 39.3700676
v 777.56231689 -504.48220825 39.37008286
v 823.22003174 -91.46303558 39.3700676
v 777.56109619 -90.87619019 39.37006378
usemtl Patch_880_Mat_CR4_seating
f 4158 4159 4160
f 4159 4158 4161
f 4162 4163 4164
f 4163 4162 4165
f 4166 4167 4168
f 4167 4166 4160
f 4167 4160 4159
f 4167 4159 4164
f 4167 4164 4163

# obj881
v 42.94706345 421.62451172 77.16544342
v 54.69865417 466.03094482 77.16544342
v 36.27246094 463.06298828 77.16544342
v 80.25095367 427.54611206 77.16544342
v 73.56272125 469.06939697 77.16544342
usemtl Patch_881_Mat_CR4_seating
f 4169 4170 4171
f 4170 4169 4172
f 4170 4172 4173

# obj882
v 117.55484772 433.4677124 93.89771271
v 129.32505798 477.76293945 93.89771271
v 110.89822388 474.79492188 93.89771271
v 154.85874939 439.38931274 93.89771271
v 148.18849182 480.80126953 93.89771271
usemtl Patch_882_Mat_CR4_seating
f 4174 4175 4176
f 4175 4174 4177
f 4175 4177 4178

# obj883
v 353.20425415 512.95892334 148.27757263
v 365.44949341 557.07489014 148.27757263
v 346.7885437 554.1697998 148.27757263
v 372.0657959 515.99688721 148.27757263
usemtl Patch_883_Mat_CR4_linoleum
f 4179 4180 4181
f 4180 4179 4182

# obj884
v 372.0657959 515.99688721 148.27757263
v 353.20425415 512.95892334 144.09451294
v 372.0657959 515.99688721 144.09451294
v 353.20425415 512.95892334 148.27757263
usemtl Patch_884_Mat_CR4_linoleum
f 4183 4184 4185
f 4184 4183 4186

# obj885
v 353.20425415 512.95892334 148.27757263
v 346.7885437 554.16973877 144.09449768
v 353.20425415 512.95892334 144.09451294
v 346.7885437 554.1697998 148.27757263
usemtl Patch_885_Mat_CR4_linoleum
f 4187 4188 4189
f 4188 4187 4190

# obj886
v 315.87561035 507.19213867 139.91143799
v 328.12762451 551.26464844 139.91143799
v 309.4666748 548.35949707 139.91143799
v 334.75289917 510.13095093 139.91143799
usemtl Patch_886_Mat_CR4_linoleum
f 4191 4192 4193
f 4192 4191 4194

# obj887
v 334.75289917 510.13095093 135.7283783
v 315.87561035 507.19213867 139.91143799
v 315.87561035 507.19213867 135.7283783
v 334.75289917 510.13095093 139.91143799
usemtl Patch_887_Mat_CR4_linoleum
f 4195 4196 4197
f 4196 4195 4198

# obj888
v 315.87561035 507.19213867 139.91143799
v 309.4666748 548.35949707 135.72836304
v 315.87561035 507.19213867 135.7283783
v 309.4666748 548.35949707 139.91143799
usemtl Patch_888_Mat_CR4_linoleum
f 4199 4200 4201
f 4200 4199 4202

# obj889
v 278.57785034 501.22692871 131.54530334
v 290.8057251 545.4543457 131.54530334
v 272.14480591 542.54919434 131.54530334
v 297.44003296 504.26501465 131.54530334
usemtl Patch_889_Mat_CR4_linoleum
f 4203 4204 4205
f 4204 4203 4206

# obj890
v 297.44003296 504.26501465 131.54530334
v 278.57785034 501.22692871 127.36224365
v 297.44003296 504.26501465 127.36224365
v 278.57785034 501.22692871 131.54530334
usemtl Patch_890_Mat_CR4_linoleum
f 4207 4208 4209
f 4208 4207 4210

# obj891
v 278.57785034 501.22692871 131.54530334
v 272.14480591 542.54919434 127.36223602
v 278.57785034 501.22692871 127.36224365
v 272.14480591 542.54919434 131.54530334
usemtl Patch_891_Mat_CR4_linoleum
f 4211 4212 4213
f 4212 4211 4214

# obj892
v 241.2646637 495.3609314 123.17917633
v 253.4838562 539.644104 123.1791687
v 234.82292175 536.73895264 123.1791687
v 260.12713623 498.39907837 123.17917633
usemtl Patch_892_Mat_CR4_linoleum
f 4215 4216 4217
f 4216 4215 4218

# obj893
v 260.12713623 498.39907837 123.17917633
v 241.2646637 495.3609314 118.99610901
v 260.12713623 498.39907837 118.99610901
v 241.2646637 495.3609314 123.17917633
usemtl Patch_893_Mat_CR4_linoleum
f 4219 4220 4221
f 4220 4219 4222

# obj894
v 241.2646637 495.3609314 123.17917633
v 234.82292175 536.73895264 118.99610138
v 241.2646637 495.3609314 118.99610901
v 234.82292175 536.73895264 123.1791687
usemtl Patch_894_Mat_CR4_linoleum
f 4223 4224 4225
f 4224 4223 4226

# obj895
v 166.63825989 483.62893677 106.44690704
v 178.84010315 528.02355957 106.44690704
v 160.1791687 525.1184082 106.44690704
v 185.50137329 486.66720581 106.44690704
usemtl Patch_895_Mat_CR4_linoleum
f 4227 4228 4229
f 4228 4227 4230

# obj896
v 185.50137329 486.66720581 106.44690704
v 166.63825989 483.62893677 102.26383972
v 185.50137329 486.66720581 102.26383972
v 166.63825989 483.62893677 106.44690704
usemtl Patch_896_Mat_CR4_linoleum
f 4231 4232 4233
f 4232 4231 4234

# obj897
v 166.63825989 483.62893677 106.44690704
v 160.1791687 525.1184082 102.26383972
v 166.63825989 483.62893677 102.26383972
v 160.1791687 525.1184082 106.44690704
usemtl Patch_897_Mat_CR4_linoleum
f 4235 4236 4237
f 4236 4235 4238

# obj898
v 129.32505798 477.76293945 98.08078003
v 141.51823425 522.21325684 98.0807724
v 122.85729218 519.30810547 98.0807724
v 148.18849182 480.80126953 98.08078003
usemtl Patch_898_Mat_CR4_linoleum
f 4239 4240 4241
f 4240 4239 4242

# obj899
v 148.18849182 480.80126953 98.08078003
v 129.32505798 477.76293945 93.89771271
v 148.18849182 480.80126953 93.89771271
v 129.32505798 477.76293945 98.08078003
usemtl Patch_899_Mat_CR4_linoleum
f 4243 4244 4245
f 4244 4243 4246

# obj900
v 129.32505798 477.76293945 98.08078003
v 122.85729218 519.30810547 93.89770508
v 129.32505798 477.76293945 93.89771271
v 122.85729218 519.30810547 98.0807724
usemtl Patch_900_Mat_CR4_linoleum
f 4247 4248 4249
f 4248 4247 4250

# obj901
v 92.01185608 471.89694214 89.71464539
v 104.19635773 516.4029541 89.71464539
v 85.53541565 513.49786377 89.71464539
v 110.87560272 474.93533325 89.71464539
usemtl Patch_901_Mat_CR4_linoleum
f 4251 4252 4253
f 4252 4251 4254

# obj902
v 110.87560272 474.93533325 89.71464539
v 92.01185608 471.89694214 85.53157806
v 110.87560272 474.93533325 85.53157806
v 92.01185608 471.89694214 89.71464539
usemtl Patch_902_Mat_CR4_linoleum
f 4255 4256 4257
f 4256 4255 4258

# obj903
v 92.01185608 471.89694214 89.71464539
v 85.53541565 513.49786377 85.53157806
v 92.01185608 471.89694214 85.53157806
v 85.53541565 513.49786377 89.71464539
usemtl Patch_903_Mat_CR4_linoleum
f 4259 4260 4261
f 4260 4259 4262

# obj904
v 54.69865417 466.03094482 81.34851074
v 66.8744812 510.5927124 81.34851074
v 48.21354294 507.68756104 81.34851074
v 73.56272125 469.06939697 81.34851074
usemtl Patch_904_Mat_CR4_linoleum
f 4263 4264 4265
f 4264 4263 4266

# obj905
v 73.56272125 469.06939697 81.34851074
v 54.69865417 466.03094482 77.16544342
v 73.56272125 469.06939697 77.16544342
v 54.69865417 466.03094482 81.34851074
usemtl Patch_905_Mat_CR4_linoleum
f 4267 4268 4269
f 4268 4267 4270

# obj906
v 48.21354294 507.68756104 81.34851074
v 54.69865417 466.03094482 77.16544342
v 54.69865417 466.03094482 81.34851074
v 48.21354294 507.68756104 77.16544342
usemtl Patch_906_Mat_CR4_linoleum
f 4271 4272 4273
f 4272 4271 4274

# obj907
v 804.86071777 625.48248291 157.98728943
v 778.73077393 535.19897461 159.34648132
v 766.6496582 619.53381348 159.97489929
v 812.25201416 538.80554199 157.60282898
v 815.92382812 510.57931519 157.41181946
v 800.85797119 327.3392334 158.19549561
v 782.55523682 505.4486084 159.14755249
v 832.78344727 329.22116089 156.53485107
v 834.71624756 301.08538818 156.43431091
v 812.70037842 118.82324982 157.57949829
v 802.92889404 298.31680298 158.08778381
v 835.62878418 283.39349365 156.38684082
v 844.09619141 119.22780609 155.94639587
v 766.6496582 -0 159.97489929
v 813.49133301 91.26425934 157.5383606
v 844.88195801 -0 155.90551758
v 802.55426025 303.5670166 158.10726929
v 844.88195801 91.66873932 155.90551758
usemtl Patch_907_Mat_CR4_concrete
f 4275 4276 4277
f 4276 4275 4278
f 4279 4280 4281
f 4280 4279 4282
f 4283 4284 4285
f 4284 4283 4286
f 4284 4286 4287
f 4288 4289 4290
f 4289 4288 4277
f 4289 4277 4276
f 4289 4276 4281
f 4289 4281 4280
f 4289 4280 4291
f 4289 4291 4285
f 4289 4285 4284
f 4290 4289 4292

# obj908
v 804.86071777 625.48248291 157.98728943
v 817.71655273 539.37005615 167.71655273
v 812.25201416 538.80554199 157.60282898
v 810.09368896 626.29718018 167.71655273
usemtl Patch_908_Mat_CR4_concrete
f 4293 4294 4295
f 4294 4293 4296

# obj909
v 691.7322998 -0 212.59840393
v 656.29925537 108.26772308 212.59840393
v 656.29925537 -0 212.59840393
v 665.35437012 153.80577087 212.59840393
v 677.16534424 154.0682373 212.59840393
v 688.97637939 154.33070374 212.59840393
v 691.7322998 108.26772308 212.59840393
v 653.54333496 153.54330444 212.59840393
usemtl Patch_909_Mat_CR4_seating
f 4297 4298 4299
f 4298 4297 4300
f 4300 4297 4301
f 4301 4297 4302
f 4302 4297 4303
f 4300 4304 4298

# obj910
v 696.27026367 511.66345215 247.7727356
v 714.96063232 323.22836304 230.31497192
v 714.96063232 323.22836304 247.63781738
v 696.27026367 511.66345215 230.26997375
usemtl Patch_910_Mat_CR4_seating
f 4305 4306 4307
f 4306 4305 4308

# obj911
v 661.22747803 506.41873169 230.27005005
v 679.52758789 320.47241211 212.59840393
v 679.52758789 320.47241211 230.31497192
v 661.22839355 506.40957642 212.6882782
v 661.22747803 506.41873169 212.68838501
usemtl Patch_911_Mat_CR4_seating
f 4309 4310 4311
f 4310 4309 4312
f 4312 4309 4313

# obj912
v 654.13433838 553.00946045 230.25869751
v 661.22747803 506.41873169 212.68838501
v 661.22747803 506.41873169 230.27005005
v 654.13433838 553.00946045 224.35319519
v 654.13433838 553.00946045 218.53204346
v 654.13433838 553.00946045 212.71089172
usemtl Patch_912_Mat_CR4_seating
f 4314 4315 4316
f 4315 4314 4317
f 4315 4317 4318
f 4319 4315 4318

# obj913
v 619.12298584 547.55914307 212.71089172
v 626.21057129 501.00073242 195.18598938
v 626.21057129 501.00073242 212.68795776
v 619.12298584 547.55914307 206.72102356
v 619.12298584 547.55914307 200.94204712
v 619.12298584 547.55914307 195.16308594
usemtl Patch_913_Mat_CR4_seating
f 4320 4321 4322
f 4321 4320 4323
f 4321 4324 4325
f 4324 4321 4323

# obj914
v 626.21057129 501.00073242 212.68795776
v 644.09442139 317.32284546 195.27555847
v 644.09442139 317.32284546 212.59840393
v 626.21057129 501.00073242 195.18598938
usemtl Patch_914_Mat_CR4_seating
f 4326 4327 4328
f 4327 4326 4329

# obj915
v 591.19281006 495.59185791 195.18598938
v 609.05511475 314.56692505 177.559021
v 609.05511475 314.56692505 195.27555847
v 591.19281006 495.59185791 177.559021
usemtl Patch_915_Mat_CR4_seating
f 4330 4331 4332
f 4331 4330 4333

# obj916
v 584.1116333 542.10876465 195.16308594
v 591.19281006 495.59185791 177.559021
v 591.19281006 495.59185791 195.18598938
v 584.1116333 542.10876465 183.40829468
v 584.1116333 542.10876465 177.55903625
v 584.1116333 542.10876465 189.25756836
usemtl Patch_916_Mat_CR4_seating
f 4334 4335 4336
f 4335 4334 4337
f 4335 4337 4338

# obj917
v 731.49481201 515.50213623 265.3543396
v 750 326.77166748 247.63781738
v 750 326.77166748 265.3543396
v 731.49481201 515.50213623 247.77206421
usemtl Patch_917_Mat_CR4_seating
f 4340 4341 4342
f 4341 4340 4343

# obj918
v 724.15710449 563.91015625 265.3543396
v 731.49481201 515.50213623 247.77206421
v 731.49481201 515.50213623 265.3543396
v 724.15710449 563.91015625 247.8065033
v 724.15710449 563.91015625 253.71202087
v 724.15710449 563.91015625 259.53317261
usemtl Patch_918_Mat_CR4_seating
f 4344 4345 4346
f 4345 4344 4347

# obj919
v 700.81622314 560.27655029 247.8065033
v 705.03753662 609.9420166 247.8065033
v 693.36712646 608.12518311 247.8065033
v 712.4866333 562.09332275 247.8065033
usemtl Patch_919_Mat_CR4_linoleum
f 4350 4351 4352
f 4351 4350 4353

# obj920
v 724.15710449 563.91015625 253.71202087
v 712.4866333 562.09332275 247.8065033
v 724.15710449 563.91015625 247.8065033
v 712.4866333 562.09332275 253.71202087
usemtl Patch_920_Mat_CR4_linoleum
f 4354 4355 4356
f 4355 4354 4357

# obj921
v 689.14575195 558.45977783 241.90100098
v 693.36712646 608.12518311 241.90100098
v 681.69665527 606.30828857 241.90100098
v 700.81622314 560.27655029 241.90100098
usemtl Patch_921_Mat_CR4_linoleum
f 4358 4359 4360
f 4359 4358 4361

# obj922
v 689.14575195 558.45977783 247.8065033
v 700.81622314 560.27655029 241.90100098
v 689.14575195 558.45977783 241.90100098
v 700.81622314 560.27655029 247.8065033
usemtl Patch_922_Mat_CR4_linoleum
f 4362 4363 4364
f 4363 4362 4365

# obj923
v 700.81622314 560.27655029 247.8065033
v 693.36712646 608.12518311 241.90100098
v 700.81622314 560.27655029 241.90100098
v 693.36712646 608.12518311 247.8065033
usemtl Patch_923_Mat_CR4_linoleum
f 4366 4367 4368
f 4367 4366 4369

# obj924
v 724.15710449 563.91015625 259.53317261
v 716.70800781 611.75891113 253.71202087
v 724.15710449 563.91015625 253.71202087
v 716.70800781 611.75891113 259.53317261
usemtl Patch_924_Mat_CR4_linoleum
f 4370 4371 4372
f 4371 4370 4373

# obj925
v 724.15710449 563.91015625 265.3543396
v 736.21661377 565.78747559 259.53317261
v 724.15710449 563.91015625 259.53317261
v 736.21661377 565.78747559 265.3543396
usemtl Patch_925_Mat_CR4_linoleum
f 4374 4375 4376
f 4375 4374 4377

# obj926
v 914.96063232 374.80316162 167.71653748
v 1016.53546143 390.55117798 129.92126465
v 914.96063232 374.80316162 129.92126465
v 1016.53546143 390.55117798 167.71653748
usemtl Patch_926_Mat_CR4_woodPanels
f 4378 4379 4380
f 4379 4378 4381

# obj927
v 724.15710449 563.91015625 259.53317261
v 728.76745605 613.6362915 259.53317261
v 716.70800781 611.75891113 259.53317261
v 736.21661377 565.78747559 259.53317261
usemtl Patch_927_Mat_CR4_linoleum
f 4382 4383 4384
f 4383 4382 4385

# obj928
v 728.76745605 613.6362915 265.35430908
v 736.21661377 565.78747559 259.53317261
v 736.21661377 565.78747559 265.3543396
v 728.76745605 613.6362915 259.53317261
usemtl Patch_928_Mat_CR4_linoleum
f 4386 4387 4388
f 4387 4386 4389

# obj929
v 762.59838867 86.61417389 247.63780212
v 727.16534424 108.26772308 247.63780212
v 727.16534424 86.61417389 247.63780212
v 736.22045898 154.46194458 247.63780212
v 748.03149414 154.59317017 247.63780212
v 759.8425293 154.72441101 247.63780212
v 762.59838867 108.26772308 247.63780212
v 724.40942383 154.33070374 247.63780212
usemtl Patch_929_Mat_CR4_seating
f 4390 4391 4392
f 4391 4390 4393
f 4393 4390 4394
f 4394 4390 4395
f 4395 4390 4396
f 4393 4397 4391

# obj930
v 727.16534424 86.61417389 230.31494141
v 691.7322998 108.26772308 230.31494141
v 691.7322998 86.61417389 230.31497192
v 700.78741455 154.33070374 230.31494141
v 712.59844971 154.33070374 230.31494141
v 724.40942383 154.33070374 230.31494141
v 727.16534424 108.26772308 230.31494141
v 688.97637939 154.33070374 230.31494141
usemtl Patch_930_Mat_CR4_seating
f 4398 4399 4400
f 4399 4398 4401
f 4401 4398 4402
f 4402 4398 4403
f 4403 4398 4404
f 4401 4405 4399

# obj931
v 615.35430908 204.72439575 195.27555847
v 644.09442139 317.32284546 195.27555847
v 609.05511475 314.56692505 195.27555847
v 627.16534424 205.64303589 195.27555847
v 638.97631836 206.56167603 195.27555847
v 650.78735352 207.48031616 195.27555847
usemtl Patch_931_Mat_CR4_seating
f 4406 4407 4408
f 4407 4406 4409
f 4407 4409 4410
f 4407 4410 4411

# obj932
v 812.70037842 118.82324982 157.57949829
v 848.22741699 119.3536377 39.3700676
v 822.43267822 119.02209473 39.3700676
v 874.02215576 119.68518066 39.37007141
v 844.09619141 119.22780609 155.94639587
v 863.53302002 119.4703064 167.71653748
v 849.79632568 119.29371643 167.71655273
usemtl Patch_932_Mat_CR4_concrete
f 4412 4413 4414
f 4413 4412 4415
f 4415 4412 4416
f 4416 4417 4415
f 4417 4416 4418

# obj933
v 812.70037842 118.82324982 157.57949829
v 823.22003174 91.46303558 39.3700676
v 813.49133301 91.26425934 157.5383606
v 822.43267822 119.02209473 39.3700676
usemtl Patch_933_Mat_CR4_concrete
f 4419 4420 4421
f 4420 4419 4422

# obj934
v 800.85797119 327.3392334 158.19549561
v 836.78564453 329.58230591 39.3700676
v 810.96636963 328.06176758 39.3700676
v 862.6048584 331.10281372 39.37007141
v 832.78344727 329.22116089 156.53485107
v 852.1114502 330.34741211 167.71653748
v 838.18902588 329.52752686 167.71655273
usemtl Patch_934_Mat_CR4_concrete
f 4423 4424 4425
f 4424 4423 4426
f 4426 4423 4427
f 4427 4428 4426
f 4428 4427 4429

# obj935
v 712.4866333 562.09332275 253.71202087
v 716.70800781 611.75891113 253.71202087
v 705.03790283 609.94207764 253.71202087
v 724.15710449 563.91015625 253.71202087
usemtl Patch_935_Mat_CR4_linoleum
f 4430 4431 4432
f 4431 4430 4433

# obj936
v 792.56237793 325.84677124 265.3543396
v 822.22265625 511.63464355 265.35430908
v 774.08239746 505.42825317 265.3543396
v 844.15307617 329.78713989 265.3543396
v 803.98205566 118.14219666 265.3543396
v 846.12609863 302.22854614 265.3543396
v 794.53375244 298.28787231 265.3543396
v 855.57452393 119.32462311 265.3543396
v 762.59838867 86.61417389 265.3543396
v 804.77246094 90.58321381 265.3543396
v 762.59838867 108.26772308 265.3543396
v 851.18109131 86.61417389 265.3543396
v 771.63726807 155.34362793 265.3543396
v 856.36083984 91.76552582 265.3543396
v 852.08032227 -0 265.3543396
v 918.89764404 -0 265.3543396
v 858.66143799 633.85821533 265.35430908
v 873.9911499 531.78839111 265.35430908
v 896.41815186 320.55111694 265.35430908
v 902.71478271 238.80490112 265.35430908
v 908.55029297 163.0450592 265.35430908
v 912.74493408 108.58839417 265.35430908
v 736.21661377 565.78747559 265.3543396
v 728.76745605 613.6362915 265.35430908
v 770.5390625 532.98724365 265.3543396
v 750 326.77166748 265.3543396
v 756.59552002 216.57270813 265.3543396
v 768.39031982 217.19192505 265.3543396
v 818.67901611 539.19360352 265.35430908
v 731.49481201 515.50213623 265.3543396
v 724.15710449 563.91015625 265.3543396
v 759.8425293 154.72441101 265.3543396
usemtl Patch_936_Mat_CR4_linoleum
f 4434 4435 4436
f 4435 4434 4437
f 4438 4439 4440
f 4439 4438 4441
f 4442 4443 4444
f 4443 4442 4445
f 4444 4443 4446
f 4446 4443 4436
f 4436 4443 4434
f 4434 4443 4440
f 4440 4443 4438
f 4443 4445 4447
f 4447 4445 4448
f 4447 4448 4449
f 4447 4449 4450
f 4450 4449 4451
f 4451 4449 4452
f 4452 4449 4453
f 4453 4449 4454
f 4454 4449 4455
f 4456 4450 4457
f 4450 4456 4458
f 4458 4456 4459
f 4458 4459 4460
f 4458 4460 4461
f 4450 4458 4462
f 4450 4462 4435
f 4450 4435 4437
f 4450 4437 4439
f 4450 4439 4441
f 4450 4441 4447
f 4463 4456 4464
f 4456 4463 4459
f 4446 4458 4461
f 4458 4446 4436
f 4446 4465 4444

# obj937
v -193.30708313 349.21258545 -49.21259689
v -89.38991547 435.91973877 -49.21259689
v -216.14175415 416.14172363 -49.21259689
v -146.06300354 364.96066284 -49.21259689
v 0.09306635 364.96063232 -49.21255493
v -85.51318359 486.86895752 -49.21259689
v 0.83884043 505.49203491 -49.21259689
v -86.30049133 491.92617798 -49.21259689
v 1.62614489 500.43484497 -49.21259689
v 18.7874012 503.10650635 -49.21259689
v -97.188591 485.05133057 -49.21259689
usemtl Patch_937_Mat_CR4_linoleum
f 4466 4467 4468
f 4467 4466 4469
f 4467 4469 4470
f 4467 4470 4471
f 4471 4472 4473
f 4472 4471 4470
f 4472 4470 4474
f 4474 4470 4475
f 4471 4476 4467

# obj938
v -92.12600708 436.22045898 59.84251785
v -96.45670319 385.03936768 59.84251785
v -111.41733551 429.52755737 59.84251785
usemtl Patch_938_Mat_CR4_concrete
f 4477 4478 4479

# obj939
v -76.37795258 391.73226929 59.84251785
v -96.45670319 385.03936768 59.84251785
v -92.12600708 436.22045898 59.84251785
usemtl Patch_939_Mat_CR4_concrete
f 4480 4481 4482

# obj940
v 29.55260468 504.78244019 59.84251785
v -92.12600708 436.22045898 59.84251785
v -108.59525299 483.27554321 59.84251785
v -76.37795258 391.73226929 59.84251785
v -70.86616516 375.19683838 59.84251785
v 43.82355881 416.18289185 59.84251785
usemtl Patch_940_Mat_CR4_concrete
f 4483 4484 4485
f 4484 4483 4486
f 4486 4483 4487
f 4487 4483 4488

# obj941
v 509.15682983 457.93942261 444.6835022
v 524.71875 314.68783569 444.6835022
v 514.23504639 436.7102356 466.73080444
usemtl Patch_941_Mat_CR4_whitePanels
f 4489 4490 4491

# obj942
v 514.23504639 436.7102356 466.73080444
v 524.71875 314.68783569 444.6835022
v 525.12011719 336.51235962 466.73080444
usemtl Patch_942_Mat_CR4_whitePanels
f 4492 4493 4494

# obj943
v 510.71032715 458.10818481 444.4881897
v 515.78851318 436.8789978 466.53549194
v 526.27227783 314.8565979 444.4881897
usemtl Patch_943_Mat_CR4_whitePanels
f 4495 4496 4497

# obj944
v 515.78851318 436.8789978 466.53549194
v 526.67364502 336.68112183 466.53549194
v 526.27227783 314.8565979 444.4881897
usemtl Patch_944_Mat_CR4_whitePanels
f 4498 4499 4500

# obj945
v 24.86544037 415.04440308 68.89772034
v 36.24983215 463.20346069 68.89763641
v 17.59265709 460.19839478 68.89763641
v 42.94706345 421.62451172 68.89772797
usemtl Patch_945_Mat_CR4_seating
f 4501 4502 4503
f 4502 4501 4504

# obj946
v 681.69665527 606.30828857 241.90100098
v 689.14575195 558.45977783 236.07984924
v 689.14575195 558.45977783 241.90100098
v 681.69665527 606.30828857 236.07984924
usemtl Patch_946_Mat_CR4_linoleum
f 4505 4506 4507
f 4506 4505 4508

# obj947
v 689.14575195 558.45977783 247.8065033
v 696.27026367 511.66345215 230.26997375
v 696.27026367 511.66345215 247.7727356
v 689.14575195 558.45977783 241.90100098
v 689.14575195 558.45977783 236.07984924
v 689.14575195 558.45977783 230.25869751
usemtl Patch_947_Mat_CR4_seating
f 4509 4510 4511
f 4510 4509 4512
f 4510 4513 4514
f 4513 4510 4512

# obj948
v 677.47528076 556.64300537 236.07984924
v 681.69665527 606.30828857 236.07984924
v 670.02624512 604.49145508 236.07984924
v 689.14575195 558.45977783 236.07984924
usemtl Patch_948_Mat_CR4_linoleum
f 4515 4516 4517
f 4516 4515 4518

# obj949
v 665.80480957 554.82623291 230.25869751
v 670.02624512 604.49145508 230.25869751
v 658.35577393 602.67462158 230.25869751
v 677.47528076 556.64300537 230.25869751
usemtl Patch_949_Mat_CR4_linoleum
f 4519 4520 4521
f 4520 4519 4522

# obj950
v 677.47528076 556.64300537 236.07984924
v 670.02624512 604.49145508 230.25869751
v 677.47528076 556.64300537 230.25869751
v 670.02624512 604.49145508 236.07984924
usemtl Patch_950_Mat_CR4_linoleum
f 4523 4524 4525
f 4524 4523 4526

# obj951
v 689.14575195 558.45977783 236.07984924
v 677.47528076 556.64300537 230.25869751
v 689.14575195 558.45977783 230.25869751
v 677.47528076 556.64300537 236.07984924
usemtl Patch_951_Mat_CR4_linoleum
f 4527 4528 4529
f 4528 4527 4530

# obj952
v 654.13433838 553.00946045 230.25869751
v 665.80480957 554.82623291 224.35319519
v 654.13433838 553.00946045 224.35319519
v 665.80480957 554.82623291 230.25869751
usemtl Patch_952_Mat_CR4_linoleum
f 4531 4532 4533
f 4532 4531 4534

# obj953
v 665.80480957 554.82623291 230.25869751
v 658.35577393 602.67462158 224.35319519
v 665.80480957 554.82623291 224.35319519
v 658.35577393 602.67462158 230.25869751
usemtl Patch_953_Mat_CR4_linoleum
f 4535 4536 4537
f 4536 4535 4538

# obj954
v 654.13433838 553.00946045 224.35319519
v 658.35577393 602.67462158 224.35319519
v 646.68530273 600.85772705 224.35319519
v 665.80480957 554.82623291 224.35319519
usemtl Patch_954_Mat_CR4_linoleum
f 4539 4540 4541
f 4540 4539 4542

# obj955
v 619.12298584 547.55914307 212.71089172
v 630.79345703 549.37591553 206.72102356
v 619.12298584 547.55914307 206.72102356
v 630.79345703 549.37591553 212.71089172
usemtl Patch_955_Mat_CR4_linoleum
f 4543 4544 4545
f 4544 4543 4546

# obj956
v 642.46392822 551.19268799 218.53204346
v 646.68530273 600.85772705 218.53204346
v 635.01519775 599.04095459 218.53204346
v 654.13433838 553.00946045 218.53204346
usemtl Patch_956_Mat_CR4_linoleum
f 4547 4548 4549
f 4548 4547 4550

# obj957
v 654.13433838 553.00946045 224.35319519
v 646.68530273 600.85772705 218.53204346
v 654.13433838 553.00946045 218.53204346
v 646.68530273 600.85772705 224.35319519
usemtl Patch_957_Mat_CR4_linoleum
f 4551 4552 4553
f 4552 4551 4554

# obj958
v 619.12298584 547.55914307 206.72102356
v 623.34442139 597.22399902 206.72102356
v 611.67401123 595.40716553 206.72102356
v 630.79345703 549.37591553 206.72102356
usemtl Patch_958_Mat_CR4_linoleum
f 4555 4556 4557
f 4556 4555 4558

# obj959
v 630.79345703 549.37591553 212.71089172
v 635.01519775 599.04095459 212.71089172
v 623.34442139 597.22399902 212.71089172
v 642.46392822 551.19268799 212.71089172
usemtl Patch_959_Mat_CR4_linoleum
f 4559 4560 4561
f 4560 4559 4562

# obj960
v 630.79345703 549.37591553 212.71089172
v 623.34442139 597.22399902 206.72102356
v 630.79345703 549.37591553 206.72102356
v 623.34442139 597.22399902 212.71089172
usemtl Patch_960_Mat_CR4_linoleum
f 4563 4564 4565
f 4564 4563 4566

# obj961
v 642.46392822 551.19268799 218.53204346
v 635.01519775 599.04095459 212.71089172
v 642.46392822 551.19268799 212.71089172
v 635.01519775 599.04095459 218.53204346
usemtl Patch_961_Mat_CR4_linoleum
f 4567 4568 4569
f 4568 4567 4570

# obj962
v 654.13433838 553.00946045 218.53204346
v 642.46392822 551.19268799 212.71089172
v 654.13433838 553.00946045 212.71089172
v 642.46392822 551.19268799 218.53204346
usemtl Patch_962_Mat_CR4_linoleum
f 4571 4572 4573
f 4572 4571 4574

# obj963
v -263.15731812 451.64471436 391.43106079
v -264.17324829 459.05514526 391.33856201
v -264.16946411 459.0557251 391.33761597
usemtl Patch_963_Mat_CR4_concrete
f 4575 4576 4577

# obj964
v 611.67401123 595.40716553 206.72102356
v 619.12298584 547.55914307 200.94204712
v 619.12298584 547.55914307 206.72102356
v 611.67401123 595.40716553 200.94204712
usemtl Patch_964_Mat_CR4_linoleum
f 4578 4579 4580
f 4579 4578 4581

# obj965
v 607.45251465 545.74237061 200.98422241
v 611.67401123 595.40716553 200.94204712
v 600.00354004 593.59033203 200.98422241
v 619.12298584 547.55914307 200.94204712
usemtl Patch_965_Mat_CR4_linoleum
f 4582 4583 4584
f 4583 4582 4585

# obj966
v 607.45251465 545.74237061 200.98422241
v 599.98297119 593.58709717 195.16308594
v 607.43200684 545.73913574 195.16308594
v 600.00354004 593.59033203 200.98422241
usemtl Patch_966_Mat_CR4_linoleum
f 4586 4587 4588
f 4587 4586 4589

# obj967
v 662.27514648 477.34558105 458.26776123
v 686.36407471 354.02905273 483.07089233
v 678.43249512 328.61431885 458.26776123
v 675.47912598 454.22692871 483.07089233
usemtl Patch_967_Mat_CR4_whitePanels
f 4590 4591 4592
f 4591 4590 4593

# obj968
v 895.27557373 553.93701172 39.37007904
v 912.99206543 401.57479858 167.71653748
v 912.9921875 401.57479858 39.37007904
v 895.27557373 553.93701172 167.71653748
usemtl Patch_968_Mat_CR4_woodPanels
f 4594 4595 4596
f 4595 4594 4597

# obj969
v 782.55523682 505.4486084 159.14755249
v 792.64660645 506.802948 39.37007904
v 815.92382812 510.57931519 157.41181946
v 830.05932617 512.77105713 167.71655273
v 816.60211182 510.48849487 39.37007523
v 840.55767822 514.17407227 39.3700676
v 820.85845947 511.35552979 167.71655273
usemtl Patch_969_Mat_CR4_concrete
f 4598 4599 4600
f 4601 4602 4603
f 4602 4601 4599
f 4599 4601 4600
f 4600 4601 4604

# obj970
v 43.82355881 416.18289185 100.36690521
v 490.59378052 492.68365479 209.05511475
v 42.94706345 421.62451172 100.3937912
v 491.57925415 487.26068115 209.05511475
usemtl Patch_970_Mat_CR4_whitePanels
f 4605 4606 4607
f 4606 4605 4608

# obj971
v 815.92382812 510.57931519 157.41181946
v 838.18902588 329.52752686 167.71655273
v 832.78344727 329.22116089 156.53485107
v 820.85845947 511.35552979 167.71655273
usemtl Patch_971_Mat_CR4_concrete
f 4609 4610 4611
f 4610 4609 4612

# obj972
v 975.63641357 652.06890869 167.71653748
v 1016.53546143 390.55117798 129.92126465
v 1016.53546143 390.55117798 167.71653748
v 1016.53546143 390.55117798 39.37007904
v 975.63647461 652.06890869 39.37007904
usemtl Patch_972_Mat_CR4_brickwall
f 4613 4614 4615
f 4614 4613 4616
f 4616 4613 4617

# obj973
v 477.65667725 574.54333496 166.92915344
v 43.82355881 416.18289185 59.84251785
v 29.55260468 504.78244019 59.84251785
v 491.71121216 487.28262329 166.92915344
usemtl Patch_973_Mat_CR4_concrete
f 4618 4619 4620
f 4619 4618 4621

# obj974
v 491.71121216 487.28262329 166.92915344
v 43.82355881 416.18289185 100.36690521
v 43.82355881 416.18289185 59.84251785
v 491.57925415 487.26068115 209.05511475
usemtl Patch_974_Mat_CR4_whitePanels
f 4622 4623 4624
f 4623 4622 4625

# obj975
v 679.52758789 320.47241211 230.31497192
v 696.27026367 511.66345215 230.26997375
v 661.22747803 506.41873169 230.27005005
v 714.96063232 323.22836304 230.31497192
usemtl Patch_975_Mat_CR4_seating
f 4626 4627 4628
f 4627 4626 4629

# obj976
v 875.98425293 551.5748291 167.71653748
v 890.5512085 425.59057617 39.37007904
v 890.55114746 425.59057617 167.71653748
v 875.98425293 551.5748291 39.37007904
usemtl Patch_976_Mat_CR4_woodPanels
f 4630 4631 4632
f 4631 4630 4633

# obj977
v 840.55767822 514.17407227 39.3700676
v 826.51776123 540.31591797 167.71655273
v 830.05932617 512.77105713 167.71655273
v 837.01434326 541.73309326 39.3700676
usemtl Patch_977_Mat_CR4_concrete
f 4634 4635 4636
f 4635 4634 4637

# obj978
v 670.27227783 486.53063965 448.62780762
v 689.96844482 327.09542847 454.53329468
v 688.21569824 321.36074829 448.62780762
v 673.21600342 481.30627441 454.53329468
usemtl Patch_978_Mat_CR4_whitePanels
f 4638 4639 4640
f 4639 4638 4641

# obj979
v 688.51477051 326.9375 455.11813354
v 668.81866455 486.3727417 449.21261597
v 686.76208496 321.20285034 449.21261597
v 671.7623291 481.14837646 455.11813354
usemtl Patch_979_Mat_CR4_whitePanels
f 4642 4643 4644
f 4643 4642 4645

# obj980
v 518.86206055 466.9140625 435.82678223
v 376.37670898 320.35366821 450.39370728
v 365.49179077 420.55151367 450.39370728
v 536.125 308.0065918 435.82678223
usemtl Patch_980_Mat_CR4_whitePanels
f 4646 4647 4648
f 4647 4646 4649

# obj981
v 684.92504883 353.8727417 483.69122314
v 660.83618164 477.1892395 458.88812256
v 676.99353027 328.45797729 458.88812256
v 674.0401001 454.07061768 483.69122314
usemtl Patch_981_Mat_CR4_whitePanels
f 4650 4651 4652
f 4651 4650 4653

# obj982
v 609.05511475 314.56692505 195.27555847
v 626.21057129 501.00073242 195.18598938
v 591.19281006 495.59185791 195.18598938
v 644.09442139 317.32284546 195.27555847
usemtl Patch_982_Mat_CR4_seating
f 4654 4655 4656
f 4655 4654 4657

# obj983
v 644.09442139 317.32284546 212.59840393
v 661.22839355 506.40957642 212.6882782
v 626.21057129 501.00073242 212.68795776
v 679.52758789 320.47241211 212.59840393
usemtl Patch_983_Mat_CR4_seating
f 4658 4659 4660
f 4659 4658 4661

# obj984
v 714.96063232 323.22836304 247.63781738
v 731.49481201 515.50213623 247.77206421
v 696.27026367 511.66345215 247.7727356
v 750 326.77166748 247.63781738
usemtl Patch_984_Mat_CR4_seating
f 4662 4663 4664
f 4663 4662 4665

# obj985
v 376.37670898 320.35366821 451.96853638
v 518.86206055 466.9140625 437.40161133
v 365.49179077 420.55151367 451.96853638
v 536.125 308.0065918 437.40161133
usemtl Patch_985_Mat_CR4_whitePanels
f 4666 4667 4668
f 4667 4666 4669

# obj986
v 591.19281006 495.59185791 195.18598938
v 595.77178955 543.9239502 195.16308594
v 584.1116333 542.10876465 195.16308594
v 626.21057129 501.00073242 195.18598938
v 607.43200684 545.73913574 195.16308594
v 619.12298584 547.55914307 195.16308594
usemtl Patch_986_Mat_CR4_seating
f 4670 4671 4672
f 4671 4670 4673
f 4671 4673 4674
f 4674 4673 4675

# obj987
v 712.4866333 562.09332275 253.71202087
v 705.03753662 609.9420166 247.8065033
v 712.4866333 562.09332275 247.8065033
v 705.03790283 609.94207764 253.71202087
usemtl Patch_987_Mat_CR4_linoleum
f 4676 4677 4678
f 4677 4676 4679

# obj988
v 626.21057129 501.00073242 212.68795776
v 630.79345703 549.37591553 212.71089172
v 619.12298584 547.55914307 212.71089172
v 661.22839355 506.40957642 212.6882782
v 642.46392822 551.19268799 212.71089172
v 654.13433838 553.00946045 212.71089172
v 661.22747803 506.41873169 212.68838501
usemtl Patch_988_Mat_CR4_seating
f 4680 4681 4682
f 4681 4680 4683
f 4681 4683 4684
f 4684 4683 4685
f 4685 4683 4686

# obj989
v 661.22747803 506.41873169 230.27005005
v 665.80480957 554.82623291 230.25869751
v 654.13433838 553.00946045 230.25869751
v 696.27026367 511.66345215 230.26997375
v 677.47528076 556.64300537 230.25869751
v 689.14575195 558.45977783 230.25869751
usemtl Patch_989_Mat_CR4_seating
f 4687 4688 4689
f 4688 4687 4690
f 4688 4690 4691
f 4691 4690 4692

# obj990
v 696.27026367 511.66345215 247.7727356
v 700.81622314 560.27655029 247.8065033
v 689.14575195 558.45977783 247.8065033
v 731.49481201 515.50213623 247.77206421
v 712.4866333 562.09332275 247.8065033
v 724.15710449 563.91015625 247.8065033
usemtl Patch_990_Mat_CR4_seating
f 4693 4694 4695
f 4694 4693 4696
f 4694 4696 4697
f 4697 4696 4698

# obj991
v 619.12298584 547.55914307 195.16308594
v 607.45251465 545.74237061 200.98422241
v 607.43200684 545.73913574 195.16308594
v 619.12298584 547.55914307 200.94204712
usemtl Patch_991_Mat_CR4_linoleum
f 4699 4700 4701
f 4700 4699 4702

# obj992
v 595.77178955 543.9239502 195.16308594
v 599.98297119 593.58709717 195.16308594
v 588.32318115 591.77191162 195.16308594
v 607.43200684 545.73913574 195.16308594
usemtl Patch_992_Mat_CR4_linoleum
f 4703 4704 4705
f 4704 4703 4706

# obj993
v 588.32318115 591.77191162 195.16308594
v 595.77178955 543.9239502 189.25756836
v 595.77178955 543.9239502 195.16308594
v 588.32318115 591.77191162 189.25756836
usemtl Patch_993_Mat_CR4_linoleum
f 4707 4708 4709
f 4708 4707 4710

# obj994
v 584.1116333 542.10876465 195.16308594
v 595.77178955 543.9239502 189.25756836
v 584.1116333 542.10876465 189.25756836
v 595.77178955 543.9239502 195.16308594
usemtl Patch_994_Mat_CR4_linoleum
f 4711 4712 4713
f 4712 4711 4714

# obj995
v 576.65270996 589.95507812 189.25756836
v 584.1116333 542.10876465 183.40829468
v 584.1116333 542.10876465 189.25756836
v 576.65270996 589.95507812 183.40829468
usemtl Patch_995_Mat_CR4_linoleum
f 4715 4716 4717
f 4716 4715 4718

# obj996
v 584.1116333 542.10876465 189.25756836
v 588.32318115 591.77191162 189.25756836
v 576.66265869 589.956604 189.25756836
v 595.77178955 543.9239502 189.25756836
usemtl Patch_996_Mat_CR4_linoleum
f 4719 4720 4721
f 4720 4719 4722

# obj997
v 564.98223877 588.13818359 183.40829468
v 576.65270996 589.95507812 183.35205078
v 564.98223877 588.13818359 183.35205078
v 576.65270996 589.95507812 183.40829468
usemtl Patch_997_Mat_CR4_linoleum
f 4723 4724 4725
f 4724 4723 4726

# obj998
v 572.44152832 540.28948975 183.35205078
v 576.65234375 589.9574585 183.40829468
v 564.98223877 588.13818359 183.35205078
v 584.1116333 542.10876465 183.40829468
v 576.65270996 589.95507812 183.40829468
usemtl Patch_998_Mat_CR4_linoleum
f 4727 4728 4729
f 4728 4727 4730
f 4728 4730 4731

# obj999
v 564.98223877 588.13818359 183.35205078
v 572.44152832 540.28948975 177.55903625
v 572.44152832 540.28948975 183.35205078
v 564.98223877 588.13818359 177.55903625
usemtl Patch_999_Mat_CR4_linoleum
f 4732 4733 4734
f 4733 4732 4735

# obj1000
v 584.1116333 542.10876465 183.40829468
v 572.44152832 540.28948975 177.55903625
v 584.1116333 542.10876465 177.55903625
v 572.44152832 540.28948975 183.35205078
usemtl Patch_1000_Mat_CR4_linoleum
f 4736 4737 4738
f 4737 4736 4739

# obj1001
v 650.78735352 207.48031616 212.59840393
v 679.52758789 320.47241211 212.59840393
v 644.09442139 317.32284546 212.59840393
v 662.59838867 208.53018188 212.59840393
v 674.40942383 209.58004761 212.59840393
v 686.22039795 210.62991333 212.59840393
usemtl Patch_1001_Mat_CR4_seating
f 4740 4741 4742
f 4741 4740 4743
f 4741 4743 4744
f 4741 4744 4745

# obj1002
v 724.40942383 154.33070374 236.22045898
v 712.59844971 154.33070374 230.31494141
v 724.40942383 154.33070374 230.31494141
v 712.59844971 154.33070374 236.22045898
usemtl Patch_1002_Mat_CR4_linoleum
f 4746 4747 4748
f 4747 4746 4749

# obj1003
v 688.97637939 154.33070374 230.31494141
v 700.78741455 154.33070374 224.40943909
v 688.97637939 154.33070374 224.40943909
v 700.78741455 154.33070374 230.31494141
usemtl Patch_1003_Mat_CR4_linoleum
f 4750 4751 4752
f 4751 4750 4753

# obj1004
v 665.35437012 153.80577087 212.59840393
v 674.40942383 209.58004761 212.59840393
v 662.59838867 208.53018188 212.59840393
v 677.16534424 154.0682373 212.59840393
usemtl Patch_1004_Mat_CR4_linoleum
f 4754 4755 4756
f 4755 4754 4757

# obj1005
v 677.16534424 154.0682373 218.50390625
v 686.22039795 210.62991333 218.50390625
v 674.40942383 209.58004761 218.50390625
v 688.97637939 154.33070374 218.50390625
usemtl Patch_1005_Mat_CR4_linoleum
f 4758 4759 4760
f 4759 4758 4761

# obj1006
v 688.97637939 154.33070374 218.50390625
v 677.16534424 154.0682373 212.59840393
v 688.97637939 154.33070374 212.59840393
v 677.16534424 154.0682373 218.50390625
usemtl Patch_1006_Mat_CR4_linoleum
f 4762 4763 4764
f 4763 4762 4765

# obj1007
v 674.40942383 209.58004761 218.50390625
v 677.16534424 154.0682373 212.59840393
v 677.16534424 154.0682373 218.50390625
v 674.40942383 209.58004761 212.59840393
usemtl Patch_1007_Mat_CR4_linoleum
f 4766 4767 4768
f 4767 4766 4769

# obj1008
v 674.40942383 209.58004761 218.50390625
v 686.22039795 210.62991333 212.59840393
v 674.40942383 209.58004761 212.59840393
v 686.22039795 210.62991333 218.50390625
usemtl Patch_1008_Mat_CR4_linoleum
f 4770 4771 4772
f 4771 4770 4773

# obj1009
v 653.54333496 153.54330444 206.69288635
v 662.59838867 208.53018188 206.69288635
v 650.78735352 207.48031616 206.69288635
v 665.35437012 153.80577087 206.69288635
usemtl Patch_1009_Mat_CR4_linoleum
f 4774 4775 4776
f 4775 4774 4777

# obj1010
v 662.59838867 208.53018188 212.59840393
v 650.78735352 207.48031616 206.69288635
v 662.59838867 208.53018188 206.69288635
v 650.78735352 207.48031616 212.59840393
usemtl Patch_1010_Mat_CR4_linoleum
f 4778 4779 4780
f 4779 4778 4781

# obj1011
v 662.59838867 208.53018188 212.59840393
v 665.35437012 153.80577087 206.69288635
v 665.35437012 153.80577087 212.59840393
v 662.59838867 208.53018188 206.69288635
usemtl Patch_1011_Mat_CR4_linoleum
f 4782 4783 4784
f 4783 4782 4785

# obj1012
v 653.54333496 153.54330444 212.59840393
v 665.35437012 153.80577087 206.69288635
v 653.54333496 153.54330444 206.69288635
v 665.35437012 153.80577087 212.59840393
usemtl Patch_1012_Mat_CR4_linoleum
f 4786 4787 4788
f 4787 4786 4789

# obj1013
v 724.40942383 154.33070374 247.63780212
v 736.22045898 154.46194458 241.73228455
v 724.40942383 154.33070374 241.73228455
v 736.22045898 154.46194458 247.63780212
usemtl Patch_1013_Mat_CR4_linoleum
f 4790 4791 4792
f 4791 4790 4793

# obj1014
v 759.8425293 154.72441101 253.5433197
v 748.03149414 154.59317017 247.63780212
v 759.8425293 154.72441101 247.63780212
v 748.03149414 154.59317017 253.5433197
usemtl Patch_1014_Mat_CR4_linoleum
f 4794 4795 4796
f 4795 4794 4797

# obj1015
v 629.92126465 153.54330444 195.27557373
v 638.97631836 206.56167603 195.27555847
v 627.16534424 205.64303589 195.27555847
v 641.7322998 153.54330444 195.27557373
usemtl Patch_1015_Mat_CR4_linoleum
f 4798 4799 4800
f 4799 4798 4801

# obj1016
v 641.7322998 153.54330444 201.18109131
v 650.78735352 207.48031616 201.18107605
v 638.97631836 206.56167603 201.18107605
v 653.54333496 153.54330444 201.18109131
usemtl Patch_1016_Mat_CR4_linoleum
f 4802 4803 4804
f 4803 4802 4805

# obj1017
v 653.54333496 153.54330444 201.18109131
v 641.7322998 153.54330444 195.27557373
v 653.54333496 153.54330444 195.27557373
v 641.7322998 153.54330444 201.18109131
usemtl Patch_1017_Mat_CR4_linoleum
f 4806 4807 4808
f 4807 4806 4809

# obj1018
v 641.7322998 153.54330444 201.18109131
v 638.97631836 206.56167603 195.27555847
v 641.7322998 153.54330444 195.27557373
v 638.97631836 206.56167603 201.18107605
usemtl Patch_1018_Mat_CR4_linoleum
f 4810 4811 4812
f 4811 4810 4813

# obj1019
v 638.97631836 206.56167603 201.18107605
v 650.78735352 207.48031616 195.27555847
v 638.97631836 206.56167603 195.27555847
v 650.78735352 207.48031616 201.18107605
usemtl Patch_1019_Mat_CR4_linoleum
f 4814 4815 4816
f 4815 4814 4817

# obj1020
v 618.11022949 153.54330444 189.37005615
v 627.16534424 205.64303589 189.37005615
v 615.35430908 204.72439575 189.37005615
v 629.92126465 153.54330444 189.37005615
usemtl Patch_1020_Mat_CR4_linoleum
f 4818 4819 4820
f 4819 4818 4821

# obj1021
v 627.16534424 205.64303589 195.27555847
v 615.35430908 204.72439575 189.37005615
v 627.16534424 205.64303589 189.37005615
v 615.35430908 204.72439575 195.27555847
usemtl Patch_1021_Mat_CR4_linoleum
f 4822 4823 4824
f 4823 4822 4825

# obj1022
v 629.92126465 153.54330444 195.27557373
v 627.16534424 205.64303589 189.37005615
v 629.92126465 153.54330444 189.37005615
v 627.16534424 205.64303589 195.27555847
usemtl Patch_1022_Mat_CR4_linoleum
f 4826 4827 4828
f 4827 4826 4829

# obj1023
v 618.11022949 153.54330444 195.27557373
v 629.92126465 153.54330444 189.37005615
v 618.11022949 153.54330444 189.37005615
v 629.92126465 153.54330444 195.27557373
usemtl Patch_1023_Mat_CR4_linoleum
f 4830 4831 4832
f 4831 4830 4833

# obj1024
v 736.22045898 154.46194458 247.63780212
v 745.01422119 215.59472656 247.63781738
v 733.33764648 214.60870361 247.63781738
v 748.03149414 154.59317017 247.63780212
usemtl Patch_1024_Mat_CR4_linoleum
f 4834 4835 4836
f 4835 4834 4837

# obj1025
v 700.78741455 154.33070374 230.31494141
v 709.84747314 212.62509155 230.31497192
v 698.03399658 211.62750244 230.31497192
v 712.59844971 154.33070374 230.31494141
usemtl Patch_1025_Mat_CR4_linoleum
f 4838 4839 4840
f 4839 4838 4841

# obj1026
v 716.70800781 611.75891113 259.53317261
v 705.03790283 609.94207764 253.71202087
v 716.70800781 611.75891113 253.71202087
usemtl Patch_1026_Mat_CR4_brickwall
f 4842 4843 4844

# obj1027
v 31.28047943 505.05142212 -37.40155792
v 18.7874012 503.10650635 -43.30707932
v 31.28047943 505.05142212 -43.30707932
v 43.77355957 506.99633789 -31.49603844
v 43.77355957 506.99633789 -37.40155792
v 777.56268311 621.23272705 39.37008286
v 77.55903625 512.25610352 -31.49606133
v 29.55260468 504.78244019 77.16544342
v 10.8798914 501.87545776 73.03146362
v 29.55260468 504.78244019 73.03145599
v 48.21354294 507.68756104 81.34851074
v 48.21354294 507.68756104 77.16544342
v 66.8744812 510.5927124 85.53157806
v 66.8744812 510.5927124 81.34851074
v 85.53541565 513.49786377 89.71464539
v 85.53541565 513.49786377 85.53157806
v 104.19635773 516.4029541 93.89770508
v 104.19635773 516.4029541 89.71464539
v 122.85729218 519.30810547 98.0807724
v 122.85729218 519.30810547 93.89770508
v 141.51823425 522.21325684 102.26383972
v 141.51823425 522.21325684 98.0807724
v -85.51318359 486.86895752 159.44880676
v -103.34807587 484.09243774 68.89763641
v -85.51318359 486.86895752 68.89762878
v -103.34807587 484.09243774 100.39369965
v -108.59525299 483.27554321 100.39369965
v 160.1791687 525.1184082 106.44690704
v 160.1791687 525.1184082 102.26383972
v 178.84010315 528.02355957 110.62997437
v 178.84010315 528.02355957 106.44690704
v 197.50105286 530.9286499 114.81304169
v 197.50105286 530.9286499 110.62997437
v 216.1619873 533.83380127 118.99610138
v 216.1619873 533.83380127 114.81304169
v 234.82292175 536.73895264 123.1791687
v 234.82292175 536.73895264 118.99610138
v 253.4838562 539.644104 127.36223602
v 253.4838562 539.644104 123.1791687
v 272.14480591 542.54919434 131.54530334
v 272.14480591 542.54919434 127.36223602
v 290.8057251 545.4543457 135.72836304
v 290.8057251 545.4543457 131.54530334
v 309.4666748 548.35949707 139.91143799
v 309.4666748 548.35949707 135.72836304
v 328.12762451 551.26464844 144.09449768
v 328.12762451 551.26464844 139.91143799
v 346.7885437 554.1697998 148.27757263
v 346.7885437 554.16973877 144.09449768
v 365.44949341 557.07489014 152.46063232
v 365.44949341 557.07489014 148.27757263
v 384.11044312 559.9800415 156.64369202
v 384.11044312 559.9800415 152.46063232
v 402.7713623 562.88519287 160.82676697
v 402.7713623 562.88519287 156.64369202
v 1.62614477 500.43484497 159.44874573
v 421.43231201 565.79034424 165.00982666
v 421.43231201 565.79034424 160.82676697
v 440.0932312 568.69543457 169.19290161
v 440.0932312 568.69543457 165.00982666
v 458.75418091 571.60058594 173.3759613
v 458.75418091 571.60058594 169.19290161
v 477.41513062 574.5057373 177.559021
v 477.41513062 574.5057373 173.3759613
v 576.65270996 589.95507812 189.25756836
v 564.98223877 588.13818359 183.40829468
v 576.65270996 589.95507812 183.40829468
v 588.32318115 591.77191162 189.25756836
v 576.66265869 589.956604 189.25756836
v 588.32318115 591.77191162 195.16308594
v 600.00354004 593.59033203 200.98422241
v 599.98297119 593.58709717 195.16308594
v 611.67401123 595.40716553 206.72102356
v 611.67401123 595.40716553 200.94204712
v 623.34442139 597.22399902 212.71089172
v 623.34442139 597.22399902 206.72102356
v 646.68530273 600.85772705 224.35319519
v 635.01519775 599.04095459 218.53204346
v 646.68530273 600.85772705 218.53204346
v 658.35577393 602.67462158 230.25869751
v 658.35577393 602.67462158 224.35319519
v 670.02624512 604.49145508 236.07984924
v 670.02624512 604.49145508 230.25869751
v 681.69665527 606.30828857 241.90100098
v 681.69665527 606.30828857 236.07984924
v 693.36712646 608.12518311 247.8065033
v 693.36712646 608.12518311 241.90100098
v 705.03790283 609.94207764 253.71202087
v 705.03753662 609.9420166 247.8065033
v 728.76745605 613.6362915 265.35430908
v 716.70800781 611.75891113 259.53317261
v 728.76745605 613.6362915 259.53317261
v -85.51318359 486.86895752 41.33858109
v -97.188591 485.05133057 -49.21259689
v -85.51318359 486.86895752 -49.21259689
v -97.188591 485.05133057 -42.71653366
v -108.86399078 483.23370361 -42.71653366
v -108.86399078 483.23370361 -36.22047043
v -120.53939819 481.41607666 -36.22047043
v -120.53939819 481.41607666 -29.7244091
v -132.21479797 479.59844971 -29.7244091
v -132.21479797 479.59844971 -23.22834587
v -143.89019775 477.78082275 -23.22834587
v -143.89019775 477.78082275 -16.73228073
v -155.56559753 475.9631958 -16.73228073
v -155.56559753 475.9631958 -10.23621845
v -167.24101257 474.14556885 -10.23621845
v -167.24101257 474.14556885 -3.74015474
v -178.91641235 472.32794189 -3.74015474
v -178.91641235 472.32794189 2.75590849
v -190.59181213 470.51031494 2.75590849
v -190.59181213 470.51031494 9.2519722
v -202.26721191 468.69268799 9.2519722
v -202.26721191 468.69268799 15.74803543
v -296.41525269 454.03570557 15.74803543
v -108.59525299 483.27554321 59.84251785
v -264.17324829 459.05514526 391.33856201
v 1.62614489 500.43484497 41.33858109
v 29.55260468 504.78244019 59.84251785
v 564.98223877 588.13818359 177.55903625
v -264.16946411 459.0557251 391.33761597
v 564.98223877 588.13818359 183.35205078
v 635.01519775 599.04095459 212.71089172
v 838.90985107 630.78326416 507.58016968
v 858.66143799 633.85821533 265.35430908
v 1.62614477 500.43484497 68.89756775
v 10.87989044 501.87545776 68.89756012
v 18.7874012 503.10650635 -49.21259689
v 1.62614489 500.43484497 -49.21259689
v 975.63641357 652.06890869 167.71653748
v 975.63647461 652.06890869 39.37007904
v 804.86071777 625.48248291 157.98728943
v 810.09368896 626.29718018 167.71655273
v 477.65667725 574.54333496 166.92915344
v 766.6496582 619.53381348 159.97489929
v 587.40155029 591.62841797 166.92913818
usemtl Patch_1027_Mat_CR4_brickwall
f 4845 4846 4847
f 4848 4845 4849
f 4850 4848 4851
f 4852 4853 4854
f 4855 4852 4856
f 4857 4855 4858
f 4859 4857 4860
f 4861 4859 4862
f 4863 4861 4864
f 4865 4863 4866
f 4867 4868 4869
f 4868 4867 4870
f 4870 4867 4871
f 4872 4865 4873
f 4874 4872 4875
f 4876 4874 4877
f 4878 4876 4879
f 4880 4878 4881
f 4882 4880 4883
f 4884 4882 4885
f 4886 4884 4887
f 4888 4886 4889
f 4890 4888 4891
f 4892 4890 4893
f 4894 4892 4895
f 4896 4894 4897
f 4898 4896 4899
f 4896 4898 4900
f 4900 4898 4867
f 4901 4898 4902
f 4903 4901 4904
f 4905 4903 4906
f 4907 4905 4908
f 4909 4910 4911
f 4912 4909 4913
f 4909 4912 4914
f 4915 4914 4916
f 4917 4915 4918
f 4919 4917 4920
f 4921 4922 4923
f 4924 4921 4925
f 4926 4924 4927
f 4928 4926 4929
f 4930 4928 4931
f 4932 4930 4933
f 4934 4935 4936
f 4937 4938 4939
f 4938 4937 4940
f 4940 4937 4941
f 4941 4937 4942
f 4942 4937 4943
f 4943 4937 4944
f 4944 4937 4945
f 4945 4937 4946
f 4946 4937 4947
f 4947 4937 4948
f 4948 4937 4949
f 4949 4937 4950
f 4950 4937 4951
f 4951 4937 4952
f 4952 4937 4953
f 4953 4937 4954
f 4954 4937 4955
f 4955 4937 4956
f 4956 4937 4957
f 4957 4937 4958
f 4958 4937 4959
f 4959 4937 4960
f 4959 4960 4961
f 4960 4937 4962
f 4960 4962 4963
f 4961 4960 4871
f 4961 4871 4867
f 4961 4867 4898
f 4961 4898 4901
f 4961 4901 4903
f 4961 4903 4905
f 4961 4905 4907
f 4961 4907 4964
f 4961 4964 4965
f 4965 4964 4966
f 4965 4966 4910
f 4965 4910 4909
f 4965 4909 4914
f 4965 4914 4915
f 4965 4915 4917
f 4965 4917 4919
f 4965 4919 4967
f 4965 4967 4922
f 4965 4922 4921
f 4965 4921 4924
f 4965 4924 4926
f 4965 4926 4928
f 4965 4928 4930
f 4965 4930 4932
f 4965 4932 4935
f 4965 4935 4934
f 4968 4934 4969
f 4934 4968 4965
f 4853 4970 4971
f 4970 4853 4900
f 4900 4853 4852
f 4900 4852 4855
f 4900 4855 4857
f 4900 4857 4859
f 4900 4859 4861
f 4900 4861 4863
f 4900 4863 4865
f 4900 4865 4872
f 4900 4872 4874
f 4900 4874 4876
f 4900 4876 4878
f 4900 4878 4880
f 4900 4880 4882
f 4900 4882 4884
f 4900 4884 4886
f 4900 4886 4888
f 4900 4888 4890
f 4900 4890 4892
f 4900 4892 4894
f 4900 4894 4896
f 4972 4962 4973
f 4962 4972 4846
f 4962 4846 4845
f 4962 4845 4848
f 4962 4848 4850
f 4974 4850 4975
f 4850 4974 4962
f 4962 4974 4963
f 4963 4974 4976
f 4976 4974 4977
f 4976 4978 4963
f 4978 4976 4979
f 4978 4979 4980

# obj1028
v 770.5390625 532.98724365 265.3543396
v 804.48754883 537.26165771 431.60449219
v 818.67901611 539.19360352 265.35430908
v 756.69287109 531.10235596 427.55905151
usemtl Patch_1028_Mat_CR4_concrete
f 4981 4982 4983
f 4982 4981 4984

# obj1029
v 800.65148926 500.29837036 433.27664185
v 828.21948242 359.53903198 463.98535156
v 818.5098877 335.91125488 433.27664185
v 815.20861816 479.30682373 463.98535156
usemtl Patch_1029_Mat_CR4_whitePanels
f 4985 4986 4987
f 4986 4985 4988

# obj1030
v 686.36407471 354.02905273 484.64569092
v 799.19659424 500.14028931 433.85827637
v 675.47912598 454.22692871 484.64569092
v 817.05499268 335.75320435 433.85827637
usemtl Patch_1030_Mat_CR4_whitePanels
f 4989 4990 4991
f 4990 4989 4992

# obj1031
v 772.39788818 371.18249512 500.09091187
v 829.93103027 328.68460083 433.38571167
v 778.71136475 324.77301025 429.00177002
v 826.41040039 375.99942017 505.77578735
usemtl Patch_1031_Mat_CR4_concrete
f 4993 4994 4995
f 4994 4993 4996

# obj1032
v 779.51226807 271.41925049 500.64624023
v 780.68389893 297.21420288 428.98791504
v 781.04486084 249.92781067 500.76586914
v 778.85601807 311.17590332 448.67599487
v 778.71136475 324.77301025 429.00177002
v 773.90325928 350.07302856 500.20843506
v 772.39788818 371.18249512 500.09091187
usemtl Patch_1032_Mat_CR4_concrete
f 4997 4998 4999
f 4998 4997 5000
f 4998 5000 5001
f 5001 5000 5002
f 5001 5002 5003

# obj1033
v 690.68017578 152.0647583 484.64569092
v 811.49291992 291.64968872 433.85827637
v 685.40539551 252.71401978 484.64569092
v 820.14715576 126.52204132 433.85827637
usemtl Patch_1033_Mat_CR4_whitePanels
f 5004 5005 5006
f 5005 5004 5007

# obj1034
v 811.49291992 291.64968872 432.28347778
v 690.68017578 152.0647583 483.07089233
v 685.40539551 252.71401978 483.07089233
v 820.14715576 126.52204132 432.28347778
usemtl Patch_1034_Mat_CR4_whitePanels
f 5008 5009 5010
f 5009 5008 5011

# obj1035
v 812.9543457 291.72628784 433.27664185
v 832.62200928 149.64755249 463.98535156
v 821.60858154 126.59863281 433.27664185
v 826.3170166 269.95489502 463.98535156
usemtl Patch_1035_Mat_CR4_whitePanels
f 5012 5013 5014
f 5013 5012 5015

# obj1036
v 831.16052246 149.57096863 464.56698608
v 811.49291992 291.64968872 433.85827637
v 820.14715576 126.52204132 433.85827637
v 824.85552979 269.8782959 464.56698608
usemtl Patch_1036_Mat_CR4_whitePanels
f 5016 5017 5018
f 5017 5016 5019

# obj1037
v 843.70080566 70.86614227 300.78741455
v 707.48028564 70.86614227 222.44093323
v 843.70080566 70.86614227 222.44093323
v 707.48028564 70.86614227 267.71655273
v 779.1338501 70.86614227 300.78741455
usemtl Patch_1037_Mat_CR4_linoleum
f 5020 5021 5022
f 5021 5020 5023
f 5023 5020 5024

# obj1038
v 799.19659424 500.14028931 432.28347778
v 686.36407471 354.02905273 483.07089233
v 675.47912598 454.22692871 483.07089233
v 817.05499268 335.75320435 432.28347778
usemtl Patch_1038_Mat_CR4_whitePanels
f 5025 5026 5027
f 5026 5025 5028

# obj1039
v 838.90985107 630.78326416 507.58016968
v -263.15731812 451.64471436 391.43106079
v -264.16946411 459.0557251 391.33761597
v -257.42715454 409.84735107 391.95263672
v 748.34960938 576.7689209 497.96011353
v 798.31695557 583.88848877 503.22433472
v 800.95678711 563.25421143 503.4619751
v 847.8951416 570.49633789 508.40817261
v 750.92456055 556.67816162 498.19198608
usemtl Patch_1039_Mat_CR4_concrete
f 5029 5030 5031
f 5030 5029 5032
f 5032 5029 5033
f 5033 5029 5034
f 5034 5029 5035
f 5035 5029 5036
f 5037 5032 5033

# obj1040
v 826.7645874 359.38098145 464.56698608
v 799.19659424 500.14028931 433.85827637
v 817.05499268 335.75320435 433.85827637
v 813.75372314 479.14877319 464.56698608
usemtl Patch_1040_Mat_CR4_whitePanels
f 5038 5039 5040
f 5039 5038 5041

# obj1041
v 584.1116333 542.10876465 189.25756836
v 576.66265869 589.956604 189.25756836
v 576.65270996 589.95507812 189.25756836
usemtl Patch_1041_Mat_CR4_linoleum
f 5042 5043 5044

# obj1042
v 709.84747314 212.62509155 230.31497192
v 721.54003906 213.61245728 236.22047424
v 721.53997803 213.61245728 230.31495667
v 709.84747314 212.62509155 236.22047424
usemtl Patch_1042_Mat_CR4_linoleum
f 5045 5046 5047
f 5046 5045 5048

# obj1043
v 12.20472431 -0 -0
v -262.20471191 52.36220169 0
v -262.20471191 -0 -0
v -238.5827179 77.16535187 0
v -39.33636856 275.56149292 8.989E-05
v 29.89307594 364.96063232 8.976E-05
v -39.76376343 364.96066284 0
v 12.20472431 118.11023712 0
v 48.40741348 120.61933136 -9E-08
v -263.77954102 100.78739929 0
v -268.5039978 198.0315094 0
usemtl Patch_1043_Mat_CR4_parquet
f 5049 5050 5051
f 5050 5049 5052
f 5052 5049 5053
f 5053 5054 5055
f 5054 5053 5056
f 5056 5053 5049
f 5054 5056 5057
f 5058 5053 5059
f 5053 5058 5052

# obj1044
v 733.33764648 214.60870361 247.63781738
v 736.22045898 154.46194458 241.73228455
v 736.22045898 154.46194458 247.63780212
v 733.33764648 214.60870361 241.91288757
v 733.33764648 214.60870361 241.73231506
usemtl Patch_1044_Mat_CR4_linoleum
f 5060 5061 5062
f 5061 5060 5063
f 5061 5063 5064

# obj1045
v 832.28338623 60.23617935 464.56698608
v 820.07849121 -0 433.85827637
v 832.28338623 -0 464.56698608
v 820.07849121 82.67709351 433.85827637
usemtl Patch_1045_Mat_CR4_whitePanels
f 5065 5066 5067
f 5066 5065 5068

# obj1046
v 376.78036499 68.89762115 432.05639648
v 378.34631348 -0 431.88980103
v 376.78036499 -0 432.05639648
v 378.34631348 68.89762115 431.88980103
usemtl Patch_1046_Mat_CR4_whitePanels
f 5069 5070 5071
f 5070 5069 5072

# obj1047
v 74.40939331 50.39369965 418.50396729
v 188.58276367 76.77164459 414.96066284
v 188.58276367 76.77164459 413.38586426
v 74.40939331 50.39369965 420.07876587
usemtl Patch_1047_Mat_CR4_whitePanels
f 5073 5074 5075
f 5074 5073 5076

# obj1048
v 688.97619629 -0 449.21261597
v 531.49591064 50.3936882 468.11029053
v 531.49591064 -0 468.11029053
v 688.97619629 83.07078552 449.21261597
usemtl Patch_1048_Mat_CR4_whitePanels
f 5077 5078 5079
f 5078 5077 5080

# obj1049
v 72.83566284 50.39369965 418.56225586
v 74.01576996 62.99218369 407.87402344
v 72.44204712 62.99218369 407.93231201
v 74.40939331 50.39369965 418.50396729
usemtl Patch_1049_Mat_CR4_whitePanels
f 5081 5082 5083
f 5082 5081 5084

# obj1050
v 531.49591064 50.3936882 466.53549194
v 688.97619629 -0 447.63781738
v 531.49591064 -0 466.53549194
v 688.97619629 83.07078552 447.63781738
usemtl Patch_1050_Mat_CR4_whitePanels
f 5085 5086 5087
f 5086 5085 5088

# obj1051
v 691.24871826 50.39367676 485.02166748
v 690.67852783 -0 483.69122314
v 691.24871826 -0 485.02166748
v 690.67852783 50.39367676 483.69122314
usemtl Patch_1051_Mat_CR4_whitePanels
f 5089 5090 5091
f 5090 5089 5092

# obj1052
v 72.83566284 50.39369965 420.07876587
v 72.83566284 -0 418.56225586
v 72.83566284 -0 420.07876587
v 72.83566284 50.39369965 418.56225586
usemtl Patch_1052_Mat_CR4_whitePanels
f 5093 5094 5095
f 5094 5093 5096

# obj1053
v 692.1260376 -0 484.64569092
v 691.24871826 50.39367676 485.02166748
v 691.24871826 -0 485.02166748
v 692.1260376 50.39367676 484.64569092
usemtl Patch_1053_Mat_CR4_whitePanels
f 5097 5098 5099
f 5098 5097 5100

# obj1054
v 72.83566284 50.39369965 418.56225586
v 74.40939331 50.39369965 420.07876587
v 74.40939331 50.39369965 418.50396729
v 72.83566284 50.39369965 420.07876587
usemtl Patch_1054_Mat_CR4_whitePanels
f 5101 5102 5103
f 5102 5101 5104

# obj1055
v 539.35784912 79.92114258 435.6282959
v 539.35784912 -0 437.20632935
v 539.35784912 -0 435.6282959
v 539.35784912 79.92114258 437.20632935
usemtl Patch_1055_Mat_CR4_whitePanels
f 5105 5106 5107
f 5106 5105 5108

# obj1056
v 680.04858398 74.80311584 458.88812256
v 692.1260376 50.39367676 483.07089233
v 681.49609375 74.80311584 458.26776123
v 690.67852783 50.39367676 483.69122314
usemtl Patch_1056_Mat_CR4_whitePanels
f 5109 5110 5111
f 5110 5109 5112

# obj1057
v -96.45685577 385.03982544 62.99212265
v -104.67899323 382.26559448 59.84251785
v -96.45670319 385.03936768 59.84251785
v -104.67899323 382.26559448 53.76662445
v -107.6633606 381.2588501 57.0866127
v -115.88565826 378.4850769 53.76662445
v -107.6633606 381.2588501 62.99212265
v -118.87002563 377.47833252 51.18110275
v -115.88565826 378.4850769 47.8611145
v -118.87002563 377.47833252 57.0866127
v -127.0923233 374.70458984 47.8611145
v -130.07669067 373.69781494 45.2755928
v -127.0923233 374.70458984 41.95560074
v -130.07669067 373.69781494 51.18110275
v -138.29898071 370.92407227 41.95560074
v -141.28335571 369.91729736 39.37007904
v -138.29898071 370.92407227 36.05009079
v -141.28335571 369.91729736 45.2755928
v -149.50564575 367.14355469 36.05009079
v -152.49000549 366.13677979 33.46456909
v -149.50564575 367.14355469 30.14457893
v -152.49000549 366.13677979 39.37007904
v -160.71231079 363.36300659 30.14457893
v -163.69667053 362.35626221 27.55905724
v -160.71231079 363.36300659 24.23906708
v -163.69667053 362.35626221 33.46456909
v -171.91896057 359.58248901 24.23906708
v -174.90333557 358.57574463 21.65354729
v -171.91896057 359.58248901 18.33355522
v -174.90333557 358.57574463 27.55905724
v -183.12562561 355.80194092 18.33355522
v -186.11000061 354.79522705 15.74803543
v -183.12562561 355.80194092 12.85340118
v -186.11000061 354.79522705 21.65354729
v -194.27218628 352.04135132 15.74803543
v -194.27218628 352.04135132 6.81003475
usemtl Patch_1057_Mat_CR4_parquet
f 5113 5114 5115
f 5116 5117 5118
f 5117 5116 5114
f 5117 5114 5119
f 5119 5114 5113
f 5118 5120 5121
f 5120 5118 5122
f 5122 5118 5117
f 5123 5124 5125
f 5124 5123 5126
f 5126 5123 5121
f 5126 5121 5120
f 5127 5128 5129
f 5128 5127 5130
f 5130 5127 5125
f 5130 5125 5124
f 5131 5132 5133
f 5132 5131 5134
f 5134 5131 5129
f 5134 5129 5128
f 5135 5136 5137
f 5136 5135 5138
f 5138 5135 5133
f 5138 5133 5132
f 5139 5140 5141
f 5140 5139 5142
f 5142 5139 5137
f 5142 5137 5136
f 5143 5144 5145
f 5144 5143 5146
f 5146 5143 5141
f 5146 5141 5140
f 5145 5147 5148
f 5147 5145 5144

# obj1058
v -111.41733551 429.52755737 59.84251785
v -104.67899323 382.26559448 59.84251785
v -120.21138763 426.56088257 59.84251785
v -96.45670319 385.03936768 59.84251785
usemtl Patch_1058_Mat_CR4_parquet
f 5149 5150 5151
f 5150 5149 5152

# obj1059
v -120.21138 426.56088257 53.91912842
v -104.67899323 382.26559448 59.84251785
v -104.67899323 382.26559448 53.76662445
v -120.21138763 426.56088257 59.84251785
usemtl Patch_1059_Mat_CR4_parquet
f 5153 5154 5155
f 5154 5153 5156

# obj1060
v -120.21138 426.56088257 53.91912842
v -115.88565826 378.4850769 53.76662445
v -130.88023376 422.96185303 53.91912842
v -104.67899323 382.26559448 53.76662445
usemtl Patch_1060_Mat_CR4_parquet
f 5157 5158 5159
f 5158 5157 5160

# obj1061
v -130.88018799 422.96176147 48.01361465
v -115.88565826 378.4850769 53.76662445
v -115.88565826 378.4850769 47.8611145
v -130.88023376 422.96185303 53.91912842
usemtl Patch_1061_Mat_CR4_parquet
f 5161 5162 5163
f 5162 5161 5164

# obj1062
v -130.88018799 422.96176147 48.01361465
v -127.0923233 374.70458984 47.8611145
v -142.0868988 419.18133545 48.01361465
v -115.88565826 378.4850769 47.8611145
usemtl Patch_1062_Mat_CR4_parquet
f 5165 5166 5167
f 5166 5165 5168

# obj1063
v -142.08685303 419.18121338 42.10810471
v -127.0923233 374.70458984 47.8611145
v -127.0923233 374.70458984 41.95560074
v -142.0868988 419.18133545 48.01361465
usemtl Patch_1063_Mat_CR4_parquet
f 5169 5170 5171
f 5170 5169 5172

# obj1064
v -142.08685303 419.18121338 42.10810471
v -138.29898071 370.92407227 41.95560074
v -153.29356384 415.40084839 42.10810471
v -127.0923233 374.70458984 41.95560074
usemtl Patch_1064_Mat_CR4_parquet
f 5173 5174 5175
f 5174 5173 5176

# obj1065
v -153.29351807 415.4006958 36.20259476
v -138.29898071 370.92407227 41.95560074
v -138.29898071 370.92407227 36.05009079
v -153.29356384 415.40084839 42.10810471
usemtl Patch_1065_Mat_CR4_parquet
f 5177 5178 5179
f 5178 5177 5180

# obj1066
v -164.50016785 411.62017822 30.2970829
v -149.50564575 367.14355469 36.05009079
v -149.50564575 367.14355469 30.14457893
v -164.50022888 411.62033081 36.20259476
usemtl Patch_1066_Mat_CR4_parquet
f 5181 5182 5183
f 5182 5181 5184

# obj1067
v -153.29351807 415.4006958 36.20259476
v -149.50564575 367.14355469 36.05009079
v -164.50022888 411.62033081 36.20259476
v -138.29898071 370.92407227 36.05009079
usemtl Patch_1067_Mat_CR4_parquet
f 5185 5186 5187
f 5186 5185 5188

# obj1068
v -209.42832947 396.46453857 15.74803543
v -198.12017822 400.27865601 12.8350153
v -209.42807007 396.46374512 6.70420027
v -201.104599 399.27203369 15.74803543
v -198.120224 400.27880859 18.4860611
v -201.104599 399.27203369 21.63566589
v -186.91348267 404.05908203 18.4860611
v -189.89793396 403.05255127 21.63566589
v -186.91355896 404.05932617 24.39157104
v -189.89793396 403.05255127 27.54117775
v -175.70683289 407.83963013 24.39157104
v -178.69126892 406.83306885 27.54117775
v -175.70689392 407.83981323 30.2970829
v -178.69126892 406.83306885 33.44668961
v -164.50016785 411.62017822 30.2970829
v -167.48458862 410.61355591 33.44668961
v -164.50022888 411.62033081 36.20259476
v -167.48458862 410.61355591 39.35219955
v -153.29351807 415.4006958 36.20259476
v -156.27792358 414.39407349 39.35219955
v -153.29356384 415.40084839 42.10810471
v -156.27792358 414.39407349 45.2577095
v -142.08685303 419.18121338 42.10810471
v -145.07125854 418.17459106 45.2577095
v -142.0868988 419.18133545 48.01361465
v -145.07125854 418.17459106 51.16322327
v -130.88018799 422.96176147 48.01361465
v -133.86459351 421.95507812 51.16322327
v -130.88023376 422.96185303 53.91912842
v -133.86459351 421.95507812 57.06873322
v -120.21138 426.56088257 53.91912842
v -122.65792847 425.7355957 57.06873322
v -120.21138763 426.56088257 59.84251785
v -122.65792847 425.7355957 62.97424316
v -111.41749573 429.52804565 62.97424316
v -111.41733551 429.52755737 59.84251785
usemtl Patch_1068_Mat_CR4_parquet
f 5189 5190 5191
f 5190 5189 5192
f 5190 5192 5193
f 5193 5192 5194
f 5193 5194 5195
f 5195 5194 5196
f 5195 5196 5197
f 5197 5196 5198
f 5197 5198 5199
f 5199 5198 5200
f 5199 5200 5201
f 5201 5200 5202
f 5201 5202 5203
f 5203 5202 5204
f 5203 5204 5205
f 5205 5204 5206
f 5205 5206 5207
f 5207 5206 5208
f 5207 5208 5209
f 5209 5208 5210
f 5209 5210 5211
f 5211 5210 5212
f 5211 5212 5213
f 5213 5212 5214
f 5213 5214 5215
f 5215 5214 5216
f 5215 5216 5217
f 5217 5216 5218
f 5217 5218 5219
f 5219 5218 5220
f 5219 5220 5221
f 5221 5220 5222
f 5221 5223 5224
f 5223 5221 5222

# obj1069
v -164.50016785 411.62017822 30.2970829
v -160.71231079 363.36300659 30.14457893
v -175.70689392 407.83981323 30.2970829
v -149.50564575 367.14355469 30.14457893
usemtl Patch_1069_Mat_CR4_parquet
f 5225 5226 5227
f 5226 5225 5228

# obj1070
v -175.70683289 407.83963013 24.39157104
v -160.71231079 363.36300659 30.14457893
v -160.71231079 363.36300659 24.23906708
v -175.70689392 407.83981323 30.2970829
usemtl Patch_1070_Mat_CR4_parquet
f 5229 5230 5231
f 5230 5229 5232

# obj1071
v -175.70683289 407.83963013 24.39157104
v -171.91896057 359.58248901 24.23906708
v -186.91355896 404.05932617 24.39157104
v -160.71231079 363.36300659 24.23906708
usemtl Patch_1071_Mat_CR4_parquet
f 5233 5234 5235
f 5234 5233 5236

# obj1072
v -186.91348267 404.05908203 18.4860611
v -171.91896057 359.58248901 24.23906708
v -171.91896057 359.58248901 18.33355522
v -186.91355896 404.05932617 24.39157104
usemtl Patch_1072_Mat_CR4_parquet
f 5237 5238 5239
f 5238 5237 5240

# obj1073
v -186.91348267 404.05908203 18.4860611
v -183.12562561 355.80194092 18.33355522
v -198.120224 400.27880859 18.4860611
v -171.91896057 359.58248901 18.33355522
usemtl Patch_1073_Mat_CR4_parquet
f 5241 5242 5243
f 5242 5241 5244

# obj1074
v -198.12017822 400.27865601 12.8350153
v -194.27218628 352.04135132 6.81003475
v -209.42807007 396.46374512 6.70420027
v -183.12562561 355.80194092 12.85340118
usemtl Patch_1074_Mat_CR4_parquet
f 5245 5246 5247
f 5246 5245 5248

# obj1075
v -183.12562561 355.80194092 12.85340118
v -198.120224 400.27880859 18.4860611
v -183.12562561 355.80194092 18.33355522
v -198.12017822 400.27865601 12.8350153
usemtl Patch_1075_Mat_CR4_parquet
f 5249 5250 5251
f 5250 5249 5252

# obj1076
v -89.38991547 435.91973877 -42.71653366
v -216.14175415 416.14172363 -49.21259689
v -89.38991547 435.91973877 -49.21259689
v -101.06468201 434.09811401 -42.71653366
v -216.14170837 416.14172363 15.74803543
v -112.73944855 432.27648926 -36.22047043
v -101.06468201 434.09811401 -36.22047043
v -124.41421509 430.4548645 -29.7244091
v -112.73944855 432.27648926 -29.7244091
v -136.08898926 428.63323975 -23.22834587
v -124.41421509 430.4548645 -23.22834587
v -147.76374817 426.81161499 -16.73228073
v -136.08898926 428.63323975 -16.73228073
v -159.43852234 424.98999023 -10.23621845
v -147.76374817 426.81161499 -10.23621845
v -171.11328125 423.168396 -3.74015474
v -159.43852234 424.98999023 -3.74015474
v -182.78805542 421.34677124 2.75590849
v -171.11328125 423.168396 2.75590849
v -194.46281433 419.52514648 9.2519722
v -182.78805542 421.34677124 9.2519722
v -194.46281433 419.52514648 15.74803543
usemtl Patch_1076_Mat_CR4_linoleum
f 5253 5254 5255
f 5254 5253 5256
f 5254 5256 5257
f 5257 5256 5258
f 5258 5256 5259
f 5257 5258 5260
f 5260 5258 5261
f 5257 5260 5262
f 5262 5260 5263
f 5257 5262 5264
f 5264 5262 5265
f 5257 5264 5266
f 5266 5264 5267
f 5257 5266 5268
f 5268 5266 5269
f 5257 5268 5270
f 5270 5268 5271
f 5257 5270 5272
f 5272 5270 5273
f 5257 5272 5274

# obj1077
v -202.26721191 468.69268799 9.2519722
v -194.46281433 419.52514648 15.74803543
v -194.46281433 419.52514648 9.2519722
v -202.26721191 468.69268799 15.74803543
usemtl Patch_1077_Mat_CR4_parquet
f 5275 5276 5277
f 5276 5275 5278

# obj1078
v -194.46281433 419.52514648 9.2519722
v -190.59181213 470.51031494 9.2519722
v -202.26721191 468.69268799 9.2519722
v -182.78805542 421.34677124 9.2519722
usemtl Patch_1078_Mat_CR4_parquet
f 5279 5280 5281
f 5280 5279 5282

# obj1079
v -190.59181213 470.51031494 2.75590849
v -182.78805542 421.34677124 9.2519722
v -182.78805542 421.34677124 2.75590849
v -190.59181213 470.51031494 9.2519722
usemtl Patch_1079_Mat_CR4_parquet
f 5283 5284 5285
f 5284 5283 5286

# obj1080
v -182.78805542 421.34677124 2.75590849
v -178.91641235 472.32794189 2.75590849
v -190.59181213 470.51031494 2.75590849
v -171.11328125 423.168396 2.75590849
usemtl Patch_1080_Mat_CR4_parquet
f 5287 5288 5289
f 5288 5287 5290

# obj1081
v -178.91641235 472.32794189 -3.74015474
v -171.11328125 423.168396 2.75590849
v -171.11328125 423.168396 -3.74015474
v -178.91641235 472.32794189 2.75590849
usemtl Patch_1081_Mat_CR4_parquet
f 5291 5292 5293
f 5292 5291 5294

# obj1082
v -171.11328125 423.168396 -3.74015474
v -167.24101257 474.14556885 -3.74015474
v -178.91641235 472.32794189 -3.74015474
v -159.43852234 424.98999023 -3.74015474
usemtl Patch_1082_Mat_CR4_parquet
f 5295 5296 5297
f 5296 5295 5298

# obj1083
v -167.24101257 474.14556885 -10.23621845
v -159.43852234 424.98999023 -3.74015474
v -159.43852234 424.98999023 -10.23621845
v -167.24101257 474.14556885 -3.74015474
usemtl Patch_1083_Mat_CR4_parquet
f 5299 5300 5301
f 5300 5299 5302

# obj1084
v -159.43852234 424.98999023 -10.23621845
v -155.56559753 475.9631958 -10.23621845
v -167.24101257 474.14556885 -10.23621845
v -147.76374817 426.81161499 -10.23621845
usemtl Patch_1084_Mat_CR4_parquet
f 5303 5304 5305
f 5304 5303 5306

# obj1085
v -155.56559753 475.9631958 -16.73228073
v -147.76374817 426.81161499 -10.23621845
v -147.76374817 426.81161499 -16.73228073
v -155.56559753 475.9631958 -10.23621845
usemtl Patch_1085_Mat_CR4_parquet
f 5307 5308 5309
f 5308 5307 5310

# obj1086
v -132.21479797 479.59844971 -29.7244091
v -124.41421509 430.4548645 -23.22834587
v -124.41421509 430.4548645 -29.7244091
v -132.21479797 479.59844971 -23.22834587
usemtl Patch_1086_Mat_CR4_parquet
f 5311 5312 5313
f 5312 5311 5314

# obj1087
v -124.41421509 430.4548645 -29.7244091
v -120.53939819 481.41607666 -29.7244091
v -132.21479797 479.59844971 -29.7244091
v -112.73944855 432.27648926 -29.7244091
usemtl Patch_1087_Mat_CR4_parquet
f 5315 5316 5317
f 5316 5315 5318

# obj1088
v -120.53939819 481.41607666 -36.22047043
v -112.73944855 432.27648926 -29.7244091
v -112.73944855 432.27648926 -36.22047043
v -120.53939819 481.41607666 -29.7244091
usemtl Patch_1088_Mat_CR4_parquet
f 5319 5320 5321
f 5320 5319 5322

# obj1089
v -112.73944855 432.27648926 -36.22047043
v -108.86399078 483.23370361 -36.22047043
v -120.53939819 481.41607666 -36.22047043
v -101.06468201 434.09811401 -36.22047043
usemtl Patch_1089_Mat_CR4_parquet
f 5323 5324 5325
f 5324 5323 5326

# obj1090
v -108.86399078 483.23370361 -42.71653366
v -101.06468201 434.09811401 -36.22047043
v -101.06468201 434.09811401 -42.71653366
v -108.86399078 483.23370361 -36.22047043
usemtl Patch_1090_Mat_CR4_parquet
f 5327 5328 5329
f 5328 5327 5330

# obj1091
v -101.06468201 434.09811401 -42.71653366
v -97.188591 485.05133057 -42.71653366
v -108.86399078 483.23370361 -42.71653366
v -89.38991547 435.91973877 -42.71653366
usemtl Patch_1091_Mat_CR4_parquet
f 5331 5332 5333
f 5332 5331 5334

# obj1092
v -97.188591 485.05133057 -49.21259689
v -89.38991547 435.91973877 -42.71653366
v -89.38991547 435.91973877 -49.21259689
v -97.188591 485.05133057 -42.71653366
usemtl Patch_1092_Mat_CR4_parquet
f 5335 5336 5337
f 5336 5335 5338

# obj1093
v -147.76374817 426.81161499 -16.73228073
v -143.89019775 477.78082275 -16.73228073
v -155.56559753 475.9631958 -16.73228073
v -136.08898926 428.63323975 -16.73228073
usemtl Patch_1093_Mat_CR4_parquet
f 5339 5340 5341
f 5340 5339 5342

# obj1094
v -143.89019775 477.78082275 -23.22834587
v -136.08898926 428.63323975 -16.73228073
v -136.08898926 428.63323975 -23.22834587
v -143.89019775 477.78082275 -16.73228073
usemtl Patch_1094_Mat_CR4_parquet
f 5343 5344 5345
f 5344 5343 5346

# obj1095
v -136.08898926 428.63323975 -23.22834587
v -132.21479797 479.59844971 -23.22834587
v -143.89019775 477.78082275 -23.22834587
v -124.41421509 430.4548645 -23.22834587
usemtl Patch_1095_Mat_CR4_parquet
f 5347 5348 5349
f 5348 5347 5350

# obj1096
v 31.28047943 505.05142212 -37.40155792
v 12.32295132 364.96063232 -43.30702591
v 12.32295132 364.96063232 -37.4015007
v 31.28047943 505.05142212 -43.30707932
usemtl Patch_1096_Mat_CR4_linoleum
f 5351 5352 5353
f 5352 5351 5354

# obj1097
v 43.77355957 506.99633789 -31.49603844
v 24.55283546 364.96063232 -37.4015007
v 24.55283546 364.96063232 -31.49597168
v 43.77355957 506.99633789 -37.40155792
usemtl Patch_1097_Mat_CR4_linoleum
f 5355 5356 5357
f 5356 5355 5358

# obj1098
v 24.55283546 364.96063232 -37.4015007
v 31.28047943 505.05142212 -37.40155792
v 12.32295132 364.96063232 -37.4015007
v 43.77355957 506.99633789 -37.40155792
usemtl Patch_1098_Mat_CR4_linoleum
f 5359 5360 5361
f 5360 5359 5362

# obj1099
v 12.32295132 364.96063232 -43.30702591
v 18.7874012 503.10650635 -43.30707932
v 0.09306635 364.96063232 -43.30702591
v 31.28047943 505.05142212 -43.30707932
usemtl Patch_1099_Mat_CR4_linoleum
f 5363 5364 5365
f 5364 5363 5366

# obj1100
v 18.7874012 503.10650635 -43.30707932
v 0.09306635 364.96063232 -49.21255493
v 0.09306635 364.96063232 -43.30702591
v 18.7874012 503.10650635 -49.21259689
usemtl Patch_1100_Mat_CR4_linoleum
f 5367 5368 5369
f 5368 5367 5370

# obj1101
v 36.27246094 463.06298828 77.16544342
v 42.94706345 421.62451172 68.89772797
v 42.94706345 421.62451172 77.16544342
v 36.24983215 463.20346069 68.89763641
usemtl Patch_1101_Mat_CR4_linoleum
f 5371 5372 5373
f 5372 5371 5374

# obj1102
v 477.41513062 574.5057373 177.559021
v 490.59378052 492.68365479 169.19291687
v 490.59378052 492.68365479 177.55905151
v 484.00445557 533.59472656 173.37597656
v 484.00445557 533.59472656 169.19290161
v 477.41513062 574.5057373 173.3759613
usemtl Patch_1102_Mat_CR4_linoleum
f 5375 5376 5377
f 5376 5375 5378
f 5376 5378 5379
f 5378 5375 5380

# obj1103
v 446.68258667 527.78442383 169.19290161
v 453.28988647 486.76205444 160.82678223
v 453.28988647 486.76205444 169.19291687
v 446.69155884 527.72875977 165.00984192
v 446.69155884 527.72875977 160.82678223
usemtl Patch_1103_Mat_CR4_linoleum
f 5381 5382 5383
f 5382 5381 5384
f 5382 5384 5385

# obj1104
v 415.98599243 480.84048462 160.82678223
v 428.04641724 524.72564697 160.82678223
v 409.40127563 521.72259521 160.82678223
v 453.28988647 486.76205444 160.82678223
v 446.69155884 527.72875977 160.82678223
usemtl Patch_1104_Mat_CR4_seating
f 5386 5387 5388
f 5387 5386 5389
f 5387 5389 5390

# obj1105
v 409.40127563 521.72259521 160.82678223
v 415.98599243 480.84048462 152.46064758
v 415.98599243 480.84048462 160.82678223
v 409.41842651 521.6161499 156.64370728
v 409.41842651 521.6161499 152.46064758
v 402.7713623 562.88519287 156.64369202
v 402.7713623 562.88519287 160.82676697
usemtl Patch_1105_Mat_CR4_linoleum
f 5391 5392 5393
f 5392 5391 5394
f 5392 5394 5395
f 5394 5391 5396
f 5396 5391 5397

# obj1106
v 372.0657959 515.99688721 152.46064758
v 378.68209839 474.91888428 144.09451294
v 378.68209839 474.91888428 152.46064758
v 372.0657959 515.99688721 144.09451294
v 372.0657959 515.99688721 148.27757263
v 365.44949341 557.07489014 152.46063232
v 365.44949341 557.07489014 148.27757263
usemtl Patch_1106_Mat_CR4_linoleum
f 5398 5399 5400
f 5399 5398 5401
f 5402 5398 5403
f 5402 5403 5404

# obj1107
v 341.37820435 468.99728394 144.09451294
v 353.20425415 512.95892334 144.09451294
v 334.7755127 509.99066162 144.09451294
v 378.68209839 474.91888428 144.09451294
v 372.0657959 515.99688721 144.09451294
usemtl Patch_1107_Mat_CR4_seating
f 5405 5406 5407
f 5406 5405 5408
f 5406 5408 5409

# obj1108
v 334.7755127 509.99066162 144.09451294
v 341.37820435 468.99728394 135.7283783
v 341.37820435 468.99728394 144.09451294
v 334.75289917 510.13095093 135.7283783
v 334.75289917 510.13095093 139.91143799
v 328.12762451 551.26464844 144.09449768
v 328.12762451 551.26464844 139.91143799
usemtl Patch_1108_Mat_CR4_linoleum
f 5410 5411 5412
f 5411 5410 5413
f 5413 5410 5414
f 5414 5410 5415
f 5414 5415 5416

# obj1109
v 297.44665527 504.22384644 135.7283783
v 304.0743103 463.07568359 127.36225128
v 304.0743103 463.07568359 135.7283783
v 297.44003296 504.26501465 127.36224365
v 297.44003296 504.26501465 131.54530334
v 290.8057251 545.4543457 135.72836304
v 290.8057251 545.4543457 131.54530334
usemtl Patch_1109_Mat_CR4_linoleum
f 5417 5418 5419
f 5418 5417 5420
f 5420 5417 5421
f 5421 5417 5422
f 5421 5422 5423

# obj1110
v 260.14974976 498.25875854 127.36224365
v 266.77041626 457.15408325 118.99611664
v 266.77041626 457.15408325 127.36225128
v 260.12713623 498.39907837 118.99610901
v 260.12713623 498.39907837 123.17917633
v 253.4838562 539.644104 127.36223602
v 253.4838562 539.644104 123.1791687
usemtl Patch_1110_Mat_CR4_linoleum
f 5424 5425 5426
f 5425 5424 5427
f 5427 5424 5428
f 5428 5424 5429
f 5428 5429 5430

# obj1111
v 222.83686829 492.39279175 118.99610901
v 229.46652222 451.23248291 110.62998199
v 229.46652222 451.23248291 118.99611664
v 222.84776306 492.32510376 110.62997437
v 222.84231567 492.35894775 114.81304169
v 222.84231567 492.35894775 110.62997437
v 216.1619873 533.83380127 114.81304169
v 216.1619873 533.83380127 118.99610138
usemtl Patch_1111_Mat_CR4_linoleum
f 5431 5432 5433
f 5432 5431 5434
f 5434 5431 5435
f 5434 5435 5436
f 5435 5431 5437
f 5437 5431 5438

# obj1112
v 185.55204773 486.35263062 110.62997437
v 192.16262817 445.31088257 102.26384735
v 192.16262817 445.31088257 110.62998199
v 185.50137329 486.66720581 102.26383972
v 185.50137329 486.66720581 106.44690704
v 178.84010315 528.02355957 110.62997437
v 178.84010315 528.02355957 106.44690704
usemtl Patch_1112_Mat_CR4_linoleum
f 5439 5440 5441
f 5440 5439 5442
f 5442 5439 5443
f 5443 5439 5444
f 5443 5444 5445

# obj1113
v 148.21110535 480.66085815 102.26383972
v 154.85874939 439.38931274 93.89771271
v 154.85874939 439.38931274 102.26384735
v 148.18849182 480.80126953 93.89771271
v 148.18849182 480.80126953 98.08078003
v 141.51823425 522.21325684 102.26383972
v 141.51823425 522.21325684 98.0807724
usemtl Patch_1113_Mat_CR4_linoleum
f 5446 5447 5448
f 5447 5446 5449
f 5449 5446 5450
f 5450 5446 5451
f 5450 5451 5452

# obj1114
v 110.89822388 474.79492188 93.89771271
v 117.55484772 433.4677124 85.53157806
v 117.55484772 433.4677124 93.89771271
v 110.87560272 474.93533325 85.53157806
v 110.87560272 474.93533325 89.71464539
v 104.19635773 516.4029541 93.89770508
v 104.19635773 516.4029541 89.71464539
usemtl Patch_1114_Mat_CR4_linoleum
f 5453 5454 5455
f 5454 5453 5456
f 5456 5453 5457
f 5457 5453 5458
f 5457 5458 5459

# obj1115
v 66.8744812 510.5927124 85.53157806
v 73.56272125 469.06939697 81.34851074
v 73.58534241 468.92895508 85.53157806
v 66.8744812 510.5927124 81.34851074
v 80.25095367 427.54611206 77.16544342
v 80.25095367 427.54611206 85.53157806
v 73.56272125 469.06939697 77.16544342
usemtl Patch_1115_Mat_CR4_linoleum
f 5460 5461 5462
f 5461 5460 5463
f 5462 5464 5465
f 5464 5462 5466
f 5466 5462 5461

# obj1116
v 453.28988647 486.76205444 169.19291687
v 465.12841797 530.65606689 169.19290161
v 446.68258667 527.78442383 169.19290161
v 490.59378052 492.68365479 169.19291687
v 484.00445557 533.59472656 169.19290161
usemtl Patch_1116_Mat_CR4_seating
f 5467 5468 5469
f 5468 5467 5470
f 5468 5470 5471

# obj1117
v 546.43719482 496.38671875 209.05511475
v 559.4487915 387.00790405 166.92913818
v 559.4487915 387.00790405 209.05513
v 546.43719482 496.38671875 166.92913818
usemtl Patch_1117_Mat_CR4_whitePanels
f 5472 5473 5474
f 5473 5472 5475

# obj1118
v 465.12841797 530.65606689 173.37597656
v 477.41513062 574.5057373 173.3759613
v 458.75418091 571.60058594 173.3759613
v 484.00445557 533.59472656 173.37597656
usemtl Patch_1118_Mat_CR4_linoleum
f 5476 5477 5478
f 5477 5476 5479

# obj1119
v 484.00445557 533.59472656 173.37597656
v 465.12841797 530.65606689 169.19290161
v 484.00445557 533.59472656 169.19290161
v 465.12841797 530.65606689 173.37597656
usemtl Patch_1119_Mat_CR4_linoleum
f 5480 5481 5482
f 5481 5480 5483

# obj1120
v 465.12841797 530.65606689 173.37597656
v 458.75418091 571.60058594 169.19290161
v 465.12841797 530.65606689 169.19290161
v 458.75418091 571.60058594 173.3759613
usemtl Patch_1120_Mat_CR4_linoleum
f 5484 5485 5486
f 5485 5484 5487

# obj1121
v 428.04641724 524.72564697 165.00984192
v 440.0932312 568.69543457 165.00982666
v 421.43231201 565.79034424 165.00982666
v 446.69155884 527.72875977 165.00984192
usemtl Patch_1121_Mat_CR4_linoleum
f 5488 5489 5490
f 5489 5488 5491

# obj1122
v 446.69155884 527.72875977 165.00984192
v 428.04641724 524.72564697 160.82678223
v 446.69155884 527.72875977 160.82678223
v 428.04641724 524.72564697 165.00984192
usemtl Patch_1122_Mat_CR4_linoleum
f 5492 5493 5494
f 5493 5492 5495

# obj1123
v 428.04641724 524.72564697 165.00984192
v 421.43231201 565.79034424 160.82676697
v 428.04641724 524.72564697 160.82678223
v 421.43231201 565.79034424 165.00982666
usemtl Patch_1123_Mat_CR4_linoleum
f 5496 5497 5498
f 5497 5496 5499

# obj1124
v 304.0743103 463.07568359 135.7283783
v 315.87561035 507.19213867 135.7283783
v 297.44665527 504.22384644 135.7283783
v 341.37820435 468.99728394 135.7283783
v 334.75289917 510.13095093 135.7283783
usemtl Patch_1124_Mat_CR4_seating
f 5500 5501 5502
f 5501 5500 5503
f 5501 5503 5504

# obj1125
v 266.77041626 457.15408325 127.36225128
v 278.57785034 501.22692871 127.36224365
v 260.14974976 498.25875854 127.36224365
v 304.0743103 463.07568359 127.36225128
v 297.44003296 504.26501465 127.36224365
usemtl Patch_1125_Mat_CR4_seating
f 5505 5506 5507
f 5506 5505 5508
f 5506 5508 5509

# obj1126
v 229.46652222 451.23248291 118.99611664
v 241.2646637 495.3609314 118.99610901
v 222.83686829 492.39279175 118.99610901
v 266.77041626 457.15408325 118.99611664
v 260.12713623 498.39907837 118.99610901
usemtl Patch_1126_Mat_CR4_seating
f 5510 5511 5512
f 5511 5510 5513
f 5511 5513 5514

# obj1127
v 154.85874939 439.38931274 102.26384735
v 166.63825989 483.62893677 102.26383972
v 148.21110535 480.66085815 102.26383972
v 192.16262817 445.31088257 102.26384735
v 185.50137329 486.66720581 102.26383972
usemtl Patch_1127_Mat_CR4_seating
f 5515 5516 5517
f 5516 5515 5518
f 5516 5518 5519

# obj1128
v 80.25095367 427.54611206 85.53157806
v 92.01185608 471.89694214 85.53157806
v 73.58534241 468.92895508 85.53157806
v 117.55484772 433.4677124 85.53157806
v 110.87560272 474.93533325 85.53157806
usemtl Patch_1128_Mat_CR4_seating
f 5520 5521 5522
f 5521 5520 5523
f 5521 5523 5524

# obj1129
v 380.31488037 50.39367294 450.39370728
v 537.79522705 79.92114258 437.40161133
v 537.79522705 79.92114258 435.82678223
v 380.31488037 50.39367294 451.96853638
usemtl Patch_1129_Mat_CR4_whitePanels
f 5525 5526 5527
f 5526 5525 5528

# obj1130
v 821.54193115 82.67709351 433.27664185
v 833.74682617 -0 463.98535156
v 821.54193115 -0 433.27664185
v 833.74682617 60.23617935 463.98535156
usemtl Patch_1130_Mat_CR4_whitePanels
f 5529 5530 5531
f 5530 5529 5532

# obj1131
v 833.74682617 -0 463.98535156
v 832.28338623 60.23617935 464.56698608
v 832.28338623 -0 464.56698608
v 833.74682617 60.23617935 463.98535156
usemtl Patch_1131_Mat_CR4_whitePanels
f 5533 5534 5535
f 5534 5533 5536

# obj1132
v 378.74893188 50.39367294 450.56030273
v 380.31488037 50.39367294 451.96853638
v 380.31488037 50.39367294 450.39370728
v 378.74893188 50.39367294 452.13510132
usemtl Patch_1132_Mat_CR4_whitePanels
f 5537 5538 5539
f 5538 5537 5540

# obj1133
v 378.74893188 50.39367294 450.56030273
v 376.78036499 -0 432.05639648
v 378.74893188 -0 450.56030273
v 376.78036499 68.89762115 432.05639648
usemtl Patch_1133_Mat_CR4_whitePanels
f 5541 5542 5543
f 5542 5541 5544

# obj1134
v 376.78036499 68.89762115 432.05639648
v 380.31488037 50.39367294 450.39370728
v 378.34631348 68.89762115 431.88980103
v 378.74893188 50.39367294 450.56030273
usemtl Patch_1134_Mat_CR4_whitePanels
f 5545 5546 5547
f 5546 5545 5548

# obj1135
v 378.34631348 68.89762115 431.88980103
v 380.31488037 -0 450.39370728
v 378.34631348 -0 431.88980103
v 380.31488037 50.39367294 450.39370728
usemtl Patch_1135_Mat_CR4_whitePanels
f 5549 5550 5551
f 5550 5549 5552

# obj1136
v 537.79522705 -0 437.40161133
v 380.31488037 50.39367294 451.96853638
v 380.31488037 -0 451.96853638
v 537.79522705 79.92114258 437.40161133
usemtl Patch_1136_Mat_CR4_whitePanels
f 5553 5554 5555
f 5554 5553 5556

# obj1137
v 537.79522705 79.92114258 435.82678223
v 539.35784912 -0 435.6282959
v 537.79522705 -0 435.82678223
v 539.35784912 79.92114258 435.6282959
usemtl Patch_1137_Mat_CR4_whitePanels
f 5557 5558 5559
f 5558 5557 5560

# obj1138
v 690.43841553 83.07078552 447.63781738
v 690.43841553 -0 448.62780762
v 690.43841553 -0 447.63781738
v 690.43841553 83.07078552 448.62780762
usemtl Patch_1138_Mat_CR4_whitePanels
f 5561 5562 5563
f 5562 5561 5564

# obj1139
v 688.97619629 83.07078552 447.63781738
v 690.43841553 -0 447.63781738
v 688.97619629 -0 447.63781738
v 690.43841553 83.07078552 447.63781738
usemtl Patch_1139_Mat_CR4_whitePanels
f 5565 5566 5567
f 5566 5565 5568

# obj1140
v 380.31488037 50.39367294 450.39370728
v 537.79522705 -0 435.82678223
v 380.31488037 -0 450.39370728
v 537.79522705 79.92114258 435.82678223
usemtl Patch_1140_Mat_CR4_whitePanels
f 5569 5570 5571
f 5570 5569 5572

# obj1141
v 181.17170715 252.7024231 413.38586426
v 213.67866516 249.28085327 413.77957153
v 213.67866516 249.28085327 412.20477295
v 181.17170715 252.7024231 414.96066284
usemtl Patch_1141_Mat_CR4_whitePanels
f 5573 5574 5575
f 5574 5573 5576

# obj1142
v 691.33850098 77.55905914 455.11813354
v 688.97619629 -0 449.21261597
v 691.33850098 -0 455.11813354
v 688.97619629 83.07078552 449.21261597
usemtl Patch_1142_Mat_CR4_whitePanels
f 5577 5578 5579
f 5578 5577 5580

# obj1143
v 820.07849121 82.67709351 433.85827637
v 833.74682617 60.23617935 463.98535156
v 821.54193115 82.67709351 433.27664185
v 832.28338623 60.23617935 464.56698608
usemtl Patch_1143_Mat_CR4_whitePanels
f 5581 5582 5583
f 5582 5581 5584

# obj1144
v 66.96375275 220.30288696 418.56225586
v 68.53531647 220.38525391 420.07876587
v 68.53531647 220.38525391 418.50396729
v 66.96375275 220.30288696 420.07876587
usemtl Patch_1144_Mat_CR4_whitePanels
f 5585 5586 5587
f 5586 5585 5588

# obj1145
v -227.55900574 100.39373016 388.18899536
v -75.48192596 230.18421936 388.18899536
v -233.20466614 208.11988831 388.18899536
v -68.39394379 94.93677521 388.18899536
usemtl Patch_1145_Mat_CR4_whitePanels
f 5589 5590 5591
f 5590 5589 5592

# obj1146
v 213.67866516 249.28085327 412.20477295
v 225.37046814 251.86483765 412.99215698
v 225.37046814 251.86483765 411.4173584
v 213.67866516 249.28085327 413.77957153
usemtl Patch_1146_Mat_CR4_whitePanels
f 5593 5594 5595
f 5594 5593 5596

# obj1147
v 189.20747375 99.36952209 414.96066284
v 156.97981262 105.05738068 414.81521606
v 189.20747375 99.36952209 413.38586426
v 73.81014252 119.73597717 418.50396729
v 73.81014252 119.73597717 420.07876587
usemtl Patch_1147_Mat_CR4_whitePanels
f 5597 5598 5599
f 5598 5597 5600
f 5600 5597 5601

# obj1148
v 72.23857117 119.65361786 418.56225586
v 65.91131592 232.86349487 407.93231201
v 72.50482941 107.05183411 407.93231201
v 66.96375275 220.30288696 418.56225586
usemtl Patch_1148_Mat_CR4_whitePanels
f 5602 5603 5604
f 5603 5602 5605

# obj1149
v 72.23857117 119.65361786 420.07876587
v 68.53531647 220.38525391 420.07876587
v 66.96375275 220.30288696 420.07876587
v 73.81014252 119.73597717 420.07876587
usemtl Patch_1149_Mat_CR4_whitePanels
f 5606 5607 5608
f 5607 5606 5609

# obj1150
v 67.48288727 232.94586182 407.87402344
v 73.81014252 119.73597717 418.50396729
v 74.07640076 107.13419342 407.87402344
v 68.53531647 220.38525391 418.50396729
usemtl Patch_1150_Mat_CR4_whitePanels
f 5610 5611 5612
f 5611 5610 5613

# obj1151
v -77.07588196 111.59265137 403.93704224
v 30.40928078 242.20013428 402.36224365
v -82.35068512 212.24189758 403.93704224
v -6.20982409 100.52230835 402.96893311
v 38.19785309 93.5851593 402.36224365
usemtl Patch_1151_Mat_CR4_whitePanels
f 5614 5615 5616
f 5615 5614 5617
f 5615 5617 5618

# obj1152
v 189.20747375 99.36952209 414.96066284
v 213.67866516 249.28085327 413.77957153
v 181.17170715 252.7024231 414.96066284
v 199.6269989 101.58588409 414.57574463
v 221.17868042 106.17019653 413.77957153
usemtl Patch_1152_Mat_CR4_whitePanels
f 5619 5620 5621
f 5620 5619 5622
f 5620 5622 5623

# obj1153
v 181.17170715 252.7024231 413.38586426
v 73.81014252 119.73597717 418.50396729
v 68.53531647 220.38525391 418.50396729
v 156.97981262 105.05738068 414.81521606
v 189.20747375 99.36952209 413.38586426
usemtl Patch_1153_Mat_CR4_whitePanels
f 5624 5625 5626
f 5625 5624 5627
f 5627 5624 5628

# obj1154
v 821.54193115 82.67709351 431.70184326
v 821.54193115 -0 433.27664185
v 821.54193115 -0 431.70184326
v 821.54193115 82.67709351 433.27664185
usemtl Patch_1154_Mat_CR4_whitePanels
f 5629 5630 5631
f 5630 5629 5632

# obj1155
v -233.20466614 208.11988831 388.18899536
v -75.48192596 230.18421936 386.61419678
v -233.20466614 208.11988831 386.61419678
v -75.48192596 230.18421936 388.18899536
usemtl Patch_1155_Mat_CR4_whitePanels
f 5633 5634 5635
f 5634 5633 5636

# obj1156
v 213.67866516 249.28085327 412.20477295
v 189.20747375 99.36952209 413.38586426
v 181.17170715 252.7024231 413.38586426
v 199.6269989 101.58588409 413.00094604
v 221.17868042 106.17019653 412.20477295
usemtl Patch_1156_Mat_CR4_whitePanels
f 5637 5638 5639
f 5638 5637 5640
f 5640 5637 5641

# obj1157
v 688.97619629 83.07078552 449.21261597
v 690.43841553 83.07078552 447.63781738
v 688.97619629 83.07078552 447.63781738
v 690.43841553 83.07078552 448.62780762
usemtl Patch_1157_Mat_CR4_whitePanels
f 5642 5643 5644
f 5643 5642 5645

# obj1158
v 233.07661438 104.82254791 412.99215698
v 221.17868042 106.17019653 412.20477295
v 233.07661438 104.82254791 411.4173584
v 221.17868042 106.17019653 413.77957153
usemtl Patch_1158_Mat_CR4_whitePanels
f 5646 5647 5648
f 5647 5646 5649

# obj1159
v -75.48192596 230.18421936 394.48822021
v -73.90927887 230.26663208 388.18899536
v -75.48192596 230.18421936 388.18899536
v -73.90927887 230.26663208 394.48822021
usemtl Patch_1159_Mat_CR4_whitePanels
f 5650 5651 5652
f 5651 5650 5653

# obj1160
v -73.90927887 230.26663208 386.61419678
v -66.82129669 95.01918793 394.48822021
v -66.82129669 95.01918793 386.61419678
v -66.83696747 95.31821442 394.48822021
v -73.90927887 230.26663208 388.18899536
v -73.90927887 230.26663208 394.48822021
usemtl Patch_1160_Mat_CR4_whitePanels
f 5654 5655 5656
f 5655 5654 5657
f 5657 5654 5658
f 5659 5657 5658

# obj1161
v -75.48192596 230.18421936 388.18899536
v -73.90927887 230.26663208 386.61419678
v -75.48192596 230.18421936 386.61419678
v -73.90927887 230.26663208 388.18899536
usemtl Patch_1161_Mat_CR4_whitePanels
f 5660 5661 5662
f 5661 5660 5663

# obj1162
v 221.17868042 106.17019653 413.77957153
v 225.37046814 251.86483765 412.99215698
v 213.67866516 249.28085327 413.77957153
v 233.07661438 104.82254791 412.99215698
usemtl Patch_1162_Mat_CR4_whitePanels
f 5664 5665 5666
f 5665 5664 5667

# obj1163
v 68.53531647 220.38525391 418.50396729
v 181.17170715 252.7024231 414.96066284
v 181.17170715 252.7024231 413.38586426
v 68.53531647 220.38525391 420.07876587
usemtl Patch_1163_Mat_CR4_whitePanels
f 5668 5669 5670
f 5669 5668 5671

# obj1164
v 692.1260376 50.39367676 483.07089233
v 820.07849121 82.67709351 433.85827637
v 820.07849121 82.67709351 432.28347778
v 692.1260376 50.39367676 484.64569092
usemtl Patch_1164_Mat_CR4_whitePanels
f 5672 5673 5674
f 5673 5672 5675

# obj1165
v 820.07849121 82.67709351 432.28347778
v 821.54193115 -0 431.70184326
v 820.07849121 -0 432.28347778
v 821.54193115 82.67709351 431.70184326
usemtl Patch_1165_Mat_CR4_whitePanels
f 5676 5677 5678
f 5677 5676 5679

# obj1166
v 72.50482941 107.05183411 407.93231201
v 73.81014252 119.73597717 418.50396729
v 72.23857117 119.65361786 418.56225586
v 74.07640076 107.13419342 407.87402344
usemtl Patch_1166_Mat_CR4_whitePanels
f 5680 5681 5682
f 5681 5680 5683

# obj1167
v 73.81014252 119.73597717 420.07876587
v 72.23857117 119.65361786 418.56225586
v 73.81014252 119.73597717 418.50396729
v 72.23857117 119.65361786 420.07876587
usemtl Patch_1167_Mat_CR4_whitePanels
f 5684 5685 5686
f 5685 5684 5687

# obj1168
v -66.82129669 95.01918793 394.48822021
v -68.39394379 94.93677521 386.61419678
v -66.82129669 95.01918793 386.61419678
v -68.39394379 94.93677521 388.18899536
v -68.39394379 94.93677521 394.48822021
usemtl Patch_1168_Mat_CR4_whitePanels
f 5688 5689 5690
f 5689 5688 5691
f 5691 5688 5692

# obj1169
v -68.39394379 94.93677521 388.18899536
v -227.55900574 100.39373016 386.61419678
v -68.39394379 94.93677521 386.61419678
v -227.55900574 100.39373016 388.18899536
usemtl Patch_1169_Mat_CR4_whitePanels
f 5693 5694 5695
f 5694 5693 5696

# obj1170
v 688.97619629 83.07078552 449.21261597
v 692.80065918 77.55905914 454.53329468
v 690.43841553 83.07078552 448.62780762
v 691.33850098 77.55905914 455.11813354
usemtl Patch_1170_Mat_CR4_whitePanels
f 5697 5698 5699
f 5698 5697 5700

# obj1171
v -233.20466614 208.11988831 388.18899536
v -227.55900574 100.39373016 386.61419678
v -227.55900574 100.39373016 388.18899536
v -233.20466614 208.11988831 386.61419678
usemtl Patch_1171_Mat_CR4_whitePanels
f 5701 5702 5703
f 5702 5701 5704

# obj1172
v 820.07849121 82.67709351 432.28347778
v 821.54193115 82.67709351 433.27664185
v 821.54193115 82.67709351 431.70184326
v 820.07849121 82.67709351 433.85827637
usemtl Patch_1172_Mat_CR4_whitePanels
f 5705 5706 5707
f 5706 5705 5708

# obj1173
v -68.40961456 95.23579407 394.48822021
v -68.39394379 94.93677521 388.18899536
v -68.39394379 94.93677521 394.48822021
v -75.48192596 230.18421936 388.18899536
v -75.48192596 230.18421936 394.48822021
usemtl Patch_1173_Mat_CR4_whitePanels
f 5709 5710 5711
f 5710 5709 5712
f 5712 5709 5713

# obj1174
v 66.96375275 220.30288696 418.56225586
v 67.48288727 232.94586182 407.87402344
v 65.91131592 232.86349487 407.93231201
v 68.53531647 220.38525391 418.50396729
usemtl Patch_1174_Mat_CR4_whitePanels
f 5714 5715 5716
f 5715 5714 5717

# obj1175
v 67.48288727 232.94586182 407.87402344
v 72.50482941 107.05183411 407.93231201
v 65.91131592 232.86349487 407.93231201
v 74.07640076 107.13419342 407.87402344
usemtl Patch_1175_Mat_CR4_whitePanels
f 5718 5719 5720
f 5719 5718 5721

# obj1176
v -68.40961456 95.23579407 394.48822021
v -73.90927887 230.26663208 394.48822021
v -75.48192596 230.18421936 394.48822021
v -66.83696747 95.31821442 394.48822021
usemtl Patch_1176_Mat_CR4_whitePanels
f 5722 5723 5724
f 5723 5722 5725

# obj1177
v -68.39394379 94.93677521 394.48822021
v -66.83696747 95.31821442 394.48822021
v -68.40961456 95.23579407 394.48822021
v -66.82129669 95.01918793 394.48822021
usemtl Patch_1177_Mat_CR4_whitePanels
f 5726 5727 5728
f 5727 5726 5729

# obj1178
v -82.35068512 212.24189758 403.93704224
v -77.07588196 111.59265137 402.36224365
v -77.07588196 111.59265137 403.93704224
v -82.35068512 212.24189758 402.36224365
usemtl Patch_1178_Mat_CR4_whitePanels
f 5730 5731 5732
f 5731 5730 5733

# obj1179
v 30.40928078 242.20013428 400.78744507
v -77.07588196 111.59265137 402.36224365
v -82.35068512 212.24189758 402.36224365
v -6.20982409 100.52230835 401.39413452
v 38.19785309 93.5851593 400.78744507
usemtl Patch_1179_Mat_CR4_whitePanels
f 5734 5735 5736
f 5735 5734 5737
f 5737 5734 5738

# obj1180
v -82.35068512 212.24189758 402.36224365
v 30.40928078 242.20013428 402.36224365
v 30.40928078 242.20013428 400.78744507
v -82.35068512 212.24189758 403.93704224
usemtl Patch_1180_Mat_CR4_whitePanels
f 5739 5740 5741
f 5740 5739 5742

# obj1181
v 72.23857117 119.65361786 420.07876587
v 66.96375275 220.30288696 418.56225586
v 72.23857117 119.65361786 418.56225586
v 66.96375275 220.30288696 420.07876587
usemtl Patch_1181_Mat_CR4_whitePanels
f 5743 5744 5745
f 5744 5743 5746

# obj1182
v 73.81014252 119.73597717 420.07876587
v 181.17170715 252.7024231 414.96066284
v 68.53531647 220.38525391 420.07876587
v 189.20747375 99.36952209 414.96066284
usemtl Patch_1182_Mat_CR4_whitePanels
f 5747 5748 5749
f 5748 5747 5750

# obj1183
v 221.17868042 106.17019653 413.77957153
v 199.6269989 101.58588409 413.00094604
v 221.17868042 106.17019653 412.20477295
v 189.20747375 99.36952209 413.38586426
v 199.6269989 101.58588409 414.57574463
v 189.20747375 99.36952209 414.96066284
usemtl Patch_1183_Mat_CR4_whitePanels
f 5751 5752 5753
f 5752 5751 5754
f 5754 5751 5755
f 5754 5755 5756

# obj1184
v -75.48192596 230.18421936 386.61419678
v -227.55900574 100.39373016 386.61419678
v -233.20466614 208.11988831 386.61419678
v -68.39394379 94.93677521 386.61419678
v -73.90927887 230.26663208 386.61419678
v -66.82129669 95.01918793 386.61419678
usemtl Patch_1184_Mat_CR4_whitePanels
f 5757 5758 5759
f 5758 5757 5760
f 5760 5757 5761
f 5760 5761 5762

# obj1185
v 673.51251221 276.53366089 458.26776123
v 679.89678955 127.05664062 458.88812256
v 672.0670166 276.45791626 458.88812256
v 681.34228516 127.13240051 458.26776123
usemtl Patch_1185_Mat_CR4_whitePanels
f 5763 5764 5765
f 5764 5763 5766

# obj1186
v 811.49291992 291.64968872 432.28347778
v 812.9543457 291.72628784 433.27664185
v 812.9543457 291.72628784 431.70184326
v 811.49291992 291.64968872 433.85827637
usemtl Patch_1186_Mat_CR4_whitePanels
f 5767 5768 5769
f 5768 5767 5770

# obj1187
v 683.9598999 252.63825989 483.69122314
v 685.40539551 252.71401978 484.64569092
v 685.40539551 252.71401978 483.07089233
v 684.52929688 252.66810608 485.02166748
usemtl Patch_1187_Mat_CR4_whitePanels
f 5771 5772 5773
f 5772 5771 5774

# obj1188
v 685.40539551 252.71401978 483.07089233
v 811.49291992 291.64968872 433.85827637
v 811.49291992 291.64968872 432.28347778
v 685.40539551 252.71401978 484.64569092
usemtl Patch_1188_Mat_CR4_whitePanels
f 5775 5776 5777
f 5776 5775 5778

# obj1189
v 821.60858154 126.59863281 433.27664185
v 820.14715576 126.52204132 432.28347778
v 821.60858154 126.59863281 431.70184326
v 820.14715576 126.52204132 433.85827637
usemtl Patch_1189_Mat_CR4_whitePanels
f 5779 5780 5781
f 5780 5779 5782

# obj1190
v 831.16052246 149.57096863 464.56698608
v 826.3170166 269.95489502 463.98535156
v 824.85552979 269.8782959 464.56698608
v 832.62200928 149.64755249 463.98535156
usemtl Patch_1190_Mat_CR4_whitePanels
f 5783 5784 5785
f 5784 5783 5786

# obj1191
v 832.62200928 149.64755249 463.98535156
v 820.14715576 126.52204132 433.85827637
v 821.60858154 126.59863281 433.27664185
v 831.16052246 149.57096863 464.56698608
usemtl Patch_1191_Mat_CR4_whitePanels
f 5787 5788 5789
f 5788 5787 5790

# obj1192
v 831.87890625 301.12405396 433.68225098
v 781.04486084 249.92781067 500.76586914
v 780.68389893 297.21420288 428.98791504
v 835.06481934 253.57199097 506.44924927
usemtl Patch_1192_Mat_CR4_concrete
f 5791 5792 5793
f 5792 5791 5794

# obj1193
v 880.66796875 319.33795166 456.3727417
v 833.36706543 277.58822632 506.31713867
v 830.82781982 315.34237671 452.60494995
v 879.13336182 280.29660034 511.13140869
usemtl Patch_1193_Mat_CR4_concrete
f 5795 5796 5797
f 5796 5795 5798

# obj1194
v 841.15551758 146.23065186 506.88241577
v 896.87573242 106.90231323 458.24703979
v 841.85253906 105.44908905 453.96472168
v 889.21746826 148.51220703 511.93710327
usemtl Patch_1194_Mat_CR4_concrete
f 5799 5800 5801
f 5800 5799 5802

# obj1195
v 842.07745361 91.43400574 434.12927246
v 843.41326904 67.24938965 506.96743774
v 844.11090088 42.84589386 506.99371338
v 841.85253906 105.44908905 453.96472168
v 841.29003906 118.99307251 434.14224243
v 841.15551758 146.23065186 506.88241577
v 840.54943848 167.43385315 506.85958862
usemtl Patch_1195_Mat_CR4_concrete
f 5803 5804 5805
f 5804 5803 5806
f 5806 5803 5807
f 5806 5807 5808
f 5808 5807 5809

# obj1196
v 783.8236084 165.12620544 500.8944397
v 841.29003906 118.99307251 434.14224243
v 790.0380249 117.81855011 430.12008667
v 840.54943848 167.43385315 506.85958862
usemtl Patch_1196_Mat_CR4_concrete
f 5810 5811 5812
f 5811 5810 5813

# obj1197
v 784.46807861 142.59481812 500.91876221
v -207.52603149 77.73378754 372.29418945
v -231.09983826 101.57485962 394.12503052
usemtl Patch_1197_Mat_CR4_concrete
f 5814 5815 5816

# obj1198
v 786.63977051 66.66648102 501.00064087
v 790.82800293 90.25955963 430.12472534
v 787.32904053 42.5683136 501.02661133
v 789.07794189 104.05525208 449.85742188
v 790.0380249 117.81855011 430.12008667
v 784.46807861 142.59481812 500.91876221
v 783.8236084 165.12620544 500.8944397
usemtl Patch_1198_Mat_CR4_concrete
f 5817 5818 5819
f 5818 5817 5820
f 5818 5820 5821
f 5821 5820 5822
f 5821 5822 5823

# obj1199
v -268.5039978 198.0315094 0
v -231.09983826 101.57485962 394.12503052
v -263.77954102 100.78739929 0
v -236.2739563 207.49452209 393.78543091
v -267.86090088 198.24906921 7.87401772
v -268.26828003 206.63421631 7.87401772
usemtl Patch_1199_Mat_CR4_concrete
f 5824 5825 5826
f 5825 5824 5827
f 5827 5824 5828
f 5827 5828 5829

# obj1200
v 879.13336182 280.29660034 511.13140869
v 835.06481934 253.57199097 506.44924927
v 833.36706543 277.58822632 506.31713867
v 840.54943848 167.43385315 506.85958862
v 841.15551758 146.23065186 506.88241577
v 889.21746826 148.51220703 511.93710327
v 783.8236084 165.12620544 500.8944397
v 781.04486084 249.92781067 500.76586914
v 779.51226807 271.41925049 500.64624023
v -231.09983826 101.57485962 394.12503052
v -236.2739563 207.49452209 393.78543091
v 784.46807861 142.59481812 500.91876221
usemtl Patch_1200_Mat_CR4_concrete
f 5830 5831 5832
f 5831 5830 5833
f 5833 5830 5834
f 5834 5830 5835
f 5831 5836 5837
f 5836 5831 5833
f 5838 5839 5840
f 5839 5838 5841
f 5841 5838 5837
f 5841 5837 5836

# obj1201
v 779.51226807 271.41925049 500.64624023
v -236.2739563 207.49452209 393.78543091
v -217.35827637 231.3117218 373.36453247
usemtl Patch_1201_Mat_CR4_concrete
f 5842 5843 5844

# obj1202
v 800.65148926 500.29837036 431.70184326
v 818.5098877 335.91125488 433.27664185
v 818.5098877 335.91125488 431.70184326
v 800.65148926 500.29837036 433.27664185
usemtl Patch_1202_Mat_CR4_whitePanels
f 5845 5846 5847
f 5846 5845 5848

# obj1203
v 779.51226807 271.41925049 500.64624023
v -217.35827637 231.3117218 373.36453247
v 778.85601807 311.17590332 448.67599487
usemtl Patch_1203_Mat_CR4_concrete
f 5849 5850 5851

# obj1204
v 800.65148926 500.29837036 431.70184326
v 817.05499268 335.75320435 432.28347778
v 799.19659424 500.14028931 432.28347778
v 818.5098877 335.91125488 431.70184326
usemtl Patch_1204_Mat_CR4_whitePanels
f 5852 5853 5854
f 5853 5852 5855

# obj1205
v 828.21948242 359.53903198 463.98535156
v 817.05499268 335.75320435 433.85827637
v 818.5098877 335.91125488 433.27664185
v 826.7645874 359.38098145 464.56698608
usemtl Patch_1205_Mat_CR4_whitePanels
f 5856 5857 5858
f 5857 5856 5859

# obj1206
v 799.19659424 500.14028931 433.85827637
v 815.20861816 479.30682373 463.98535156
v 800.65148926 500.29837036 433.27664185
v 813.75372314 479.14877319 464.56698608
usemtl Patch_1206_Mat_CR4_whitePanels
f 5860 5861 5862
f 5861 5860 5863

# obj1207
v 826.7645874 359.38098145 464.56698608
v 815.20861816 479.30682373 463.98535156
v 813.75372314 479.14877319 464.56698608
v 828.21948242 359.53903198 463.98535156
usemtl Patch_1207_Mat_CR4_whitePanels
f 5864 5865 5866
f 5865 5864 5867

# obj1208
v 685.49194336 353.93432617 485.02166748
v 674.0401001 454.07061768 483.69122314
v 684.92504883 353.8727417 483.69122314
v 674.60699463 454.13217163 485.02166748
usemtl Patch_1208_Mat_CR4_whitePanels
f 5868 5869 5870
f 5869 5868 5871

# obj1209
v 685.49194336 353.93432617 485.02166748
v 675.47912598 454.22692871 484.64569092
v 674.60699463 454.13217163 485.02166748
v 686.36407471 354.02905273 484.64569092
usemtl Patch_1209_Mat_CR4_whitePanels
f 5872 5873 5874
f 5873 5872 5875

# obj1210
v 818.5098877 335.91125488 433.27664185
v 817.05499268 335.75320435 432.28347778
v 818.5098877 335.91125488 431.70184326
v 817.05499268 335.75320435 433.85827637
usemtl Patch_1210_Mat_CR4_whitePanels
f 5876 5877 5878
f 5877 5876 5879

# obj1211
v 817.05499268 335.75320435 433.85827637
v 686.36407471 354.02905273 483.07089233
v 817.05499268 335.75320435 432.28347778
v 686.36407471 354.02905273 484.64569092
usemtl Patch_1211_Mat_CR4_whitePanels
f 5880 5881 5882
f 5881 5880 5883

# obj1212
v 660.83618164 477.1892395 458.88812256
v 675.47912598 454.22692871 483.07089233
v 662.27514648 477.34558105 458.26776123
v 674.0401001 454.07061768 483.69122314
usemtl Patch_1212_Mat_CR4_whitePanels
f 5884 5885 5886
f 5885 5884 5887

# obj1213
v 686.36407471 354.02905273 484.64569092
v 684.92504883 353.8727417 483.69122314
v 686.36407471 354.02905273 483.07089233
v 685.49194336 353.93432617 485.02166748
usemtl Patch_1213_Mat_CR4_whitePanels
f 5888 5889 5890
f 5889 5888 5891

# obj1214
v 662.27514648 477.34558105 458.26776123
v 676.99353027 328.45797729 458.88812256
v 660.83618164 477.1892395 458.88812256
v 678.43249512 328.61431885 458.26776123
usemtl Patch_1214_Mat_CR4_whitePanels
f 5892 5893 5894
f 5893 5892 5895

# obj1215
v 686.36407471 354.02905273 483.07089233
v 676.99353027 328.45797729 458.88812256
v 678.43249512 328.61431885 458.26776123
v 684.92504883 353.8727417 483.69122314
usemtl Patch_1215_Mat_CR4_whitePanels
f 5896 5897 5898
f 5897 5896 5899

# obj1216
v 674.0401001 454.07061768 483.69122314
v 675.47912598 454.22692871 484.64569092
v 675.47912598 454.22692871 483.07089233
v 674.60699463 454.13217163 485.02166748
usemtl Patch_1216_Mat_CR4_whitePanels
f 5900 5901 5902
f 5901 5900 5903

# obj1217
v 799.19659424 500.14028931 432.28347778
v 800.65148926 500.29837036 433.27664185
v 800.65148926 500.29837036 431.70184326
v 799.19659424 500.14028931 433.85827637
usemtl Patch_1217_Mat_CR4_whitePanels
f 5904 5905 5906
f 5905 5904 5907

# obj1218
v 675.47912598 454.22692871 483.07089233
v 799.19659424 500.14028931 433.85827637
v 799.19659424 500.14028931 432.28347778
v 675.47912598 454.22692871 484.64569092
usemtl Patch_1218_Mat_CR4_whitePanels
f 5908 5909 5910
f 5909 5908 5911

# obj1219
v 670.27227783 486.53063965 447.63781738
v 688.21569824 321.36074829 448.62780762
v 688.21569824 321.36074829 447.63781738
v 670.27227783 486.53063965 448.62780762
usemtl Patch_1219_Mat_CR4_whitePanels
f 5912 5913 5914
f 5913 5912 5915

# obj1220
v 668.81866455 486.3727417 449.21261597
v 670.27227783 486.53063965 447.63781738
v 668.81866455 486.3727417 447.63781738
v 670.27227783 486.53063965 448.62780762
usemtl Patch_1220_Mat_CR4_whitePanels
f 5916 5917 5918
f 5917 5916 5919

# obj1221
v 668.81866455 486.3727417 449.21261597
v 673.21600342 481.30627441 454.53329468
v 670.27227783 486.53063965 448.62780762
v 671.7623291 481.14837646 455.11813354
usemtl Patch_1221_Mat_CR4_whitePanels
f 5920 5921 5922
f 5921 5920 5923

# obj1222
v 688.21569824 321.36074829 448.62780762
v 686.76208496 321.20285034 447.63781738
v 688.21569824 321.36074829 447.63781738
v 686.76208496 321.20285034 449.21261597
usemtl Patch_1222_Mat_CR4_whitePanels
f 5924 5925 5926
f 5925 5924 5927

# obj1223
v 688.51477051 326.9375 455.11813354
v 673.21600342 481.30627441 454.53329468
v 671.7623291 481.14837646 455.11813354
v 689.96844482 327.09542847 454.53329468
usemtl Patch_1223_Mat_CR4_whitePanels
f 5928 5929 5930
f 5929 5928 5931

# obj1224
v 689.96844482 327.09542847 454.53329468
v 686.76208496 321.20285034 449.21261597
v 688.21569824 321.36074829 448.62780762
v 688.51477051 326.9375 455.11813354
usemtl Patch_1224_Mat_CR4_whitePanels
f 5932 5933 5934
f 5933 5932 5935

# obj1225
v 526.67364502 336.68112183 468.11029053
v 668.81866455 486.3727417 449.21261597
v 515.78851318 436.8789978 468.11029053
v 686.76208496 321.20285034 449.21261597
usemtl Patch_1225_Mat_CR4_whitePanels
f 5936 5937 5938
f 5937 5936 5939

# obj1226
v 514.23504639 436.7102356 468.30560303
v 525.12011719 336.51235962 466.73080444
v 525.12011719 336.51235962 468.30560303
v 514.23504639 436.7102356 466.73080444
usemtl Patch_1226_Mat_CR4_whitePanels
f 5940 5941 5942
f 5941 5940 5943

# obj1227
v 525.12011719 336.51235962 468.30560303
v 515.78851318 436.8789978 468.11029053
v 514.23504639 436.7102356 468.30560303
v 526.67364502 336.68112183 468.11029053
usemtl Patch_1227_Mat_CR4_whitePanels
f 5944 5945 5946
f 5945 5944 5947

# obj1228
v 526.67364502 336.68112183 468.11029053
v 525.12011719 336.51235962 466.73080444
v 526.67364502 336.68112183 466.53549194
v 525.12011719 336.51235962 468.30560303
usemtl Patch_1228_Mat_CR4_whitePanels
f 5948 5949 5950
f 5949 5948 5951

# obj1229
v 526.67364502 336.68112183 466.53549194
v 524.71875 314.68783569 444.6835022
v 526.27227783 314.8565979 444.4881897
v 525.12011719 336.51235962 466.73080444
usemtl Patch_1229_Mat_CR4_whitePanels
f 5952 5953 5954
f 5953 5952 5955

# obj1230
v 515.78851318 436.8789978 466.53549194
v 668.81866455 486.3727417 449.21261597
v 668.81866455 486.3727417 447.63781738
v 515.78851318 436.8789978 468.11029053
usemtl Patch_1230_Mat_CR4_whitePanels
f 5956 5957 5958
f 5957 5956 5959

# obj1231
v 670.27227783 486.53063965 447.63781738
v 686.76208496 321.20285034 447.63781738
v 668.81866455 486.3727417 447.63781738
v 688.21569824 321.36074829 447.63781738
usemtl Patch_1231_Mat_CR4_whitePanels
f 5960 5961 5962
f 5961 5960 5963

# obj1232
v 686.76208496 321.20285034 449.21261597
v 526.67364502 336.68112183 466.53549194
v 686.76208496 321.20285034 447.63781738
v 526.67364502 336.68112183 468.11029053
usemtl Patch_1232_Mat_CR4_whitePanels
f 5964 5965 5966
f 5965 5964 5967

# obj1233
v 668.81866455 486.3727417 447.63781738
v 526.67364502 336.68112183 466.53549194
v 515.78851318 436.8789978 466.53549194
v 686.76208496 321.20285034 447.63781738
usemtl Patch_1233_Mat_CR4_whitePanels
f 5968 5969 5970
f 5969 5968 5971

# obj1234
v 510.71032715 458.10818481 444.4881897
v 524.71875 314.68783569 444.6835022
v 509.15682983 457.93942261 444.6835022
v 526.27227783 314.8565979 444.4881897
usemtl Patch_1234_Mat_CR4_whitePanels
f 5972 5973 5974
f 5973 5972 5975

# obj1235
v 514.23504639 436.7102356 466.73080444
v 515.78851318 436.8789978 468.11029053
v 515.78851318 436.8789978 466.53549194
v 514.23504639 436.7102356 468.30560303
usemtl Patch_1235_Mat_CR4_whitePanels
f 5976 5977 5978
f 5977 5976 5979

# obj1236
v 509.15682983 457.93942261 444.6835022
v 515.78851318 436.8789978 466.53549194
v 510.71032715 458.10818481 444.4881897
v 514.23504639 436.7102356 466.73080444
usemtl Patch_1236_Mat_CR4_whitePanels
f 5980 5981 5982
f 5981 5980 5983

# obj1237
v -240.54138184 252.36155701 393.42349243
v -246.45669556 231.88975525 7.87401772
v -273.03210449 254.49868774 7.87401772
v -217.35827637 231.3117218 373.36453247
usemtl Patch_1237_Mat_CR4_concrete
f 5984 5985 5986
f 5985 5984 5987

# obj1238
v -257.42715454 409.84735107 391.95263672
v -262.59841919 385.82678223 15.74803543
v -290.00146484 406.87548828 15.74803543
v -233.07046509 389.98092651 376.39389038
usemtl Patch_1238_Mat_CR4_concrete
f 5988 5989 5990
f 5989 5988 5991

# obj1239
v -262.59841919 385.82678223 15.74803543
v -252.43554688 363.24923706 392.3873291
v -283.46456909 358.66140747 15.74803543
v -233.07046509 389.98092651 376.39389038
usemtl Patch_1239_Mat_CR4_concrete
f 5992 5993 5994
f 5993 5992 5995

# obj1240
v -238.5827179 77.16535187 0
v -229.51905823 52.75600815 394.197052
v -262.20471191 52.36220169 0
v -207.52603149 77.73378754 372.29418945
usemtl Patch_1240_Mat_CR4_concrete
f 5996 5997 5998
f 5997 5996 5999

# obj1241
v -140.55119324 275.59054565 262.20483398
v -1.18110955 350.39367676 360.23623657
v -140.55119324 275.59054565 254.33070374
v -1.18110955 350.39367676 368.11026001
usemtl Patch_1241_Mat_CR4_whitePanels
f 6000 6001 6002
f 6001 6000 6003

# obj1242
v 895.40344238 238.02807617 354.22467041
v 908.55029297 163.0450592 265.35430908
v 901.23748779 162.48178101 354.04428101
v 902.71478271 238.80490112 265.35430908
usemtl Patch_1242_Mat_CR4_woodPanels
f 6004 6005 6006
f 6005 6004 6007

# obj1243
v -231.09983826 101.57485962 394.12503052
v -238.5827179 77.16535187 0
v -263.77954102 100.78739929 0
v -207.52603149 77.73378754 372.29418945
usemtl Patch_1243_Mat_CR4_concrete
f 6008 6009 6010
f 6009 6008 6011

# obj1244
v -1.18110955 -0 368.11026001
v -140.55119324 275.59054565 262.20483398
v -140.55119324 -0 262.20483398
v -1.18110955 350.39367676 368.11026001
v -1.18110955 27.55905533 368.11026001
usemtl Patch_1244_Mat_CR4_whitePanels
f 6012 6013 6014
f 6013 6012 6015

# obj1245
v -255.51179504 52.75591278 11.81102657
v -223.99153137 52.361866 372.29745483
v -254.72723389 52.75591278 11.74414635
v -224.77609253 52.361866 372.36434937
usemtl Patch_1245_Mat_CR4_whitePanels
f 6017 6018 6019
f 6018 6017 6020

# obj1246
v -254.7321167 -0 11.68690586
v -223.99153137 52.361866 372.29745483
v -223.99636841 -0 372.24066162
v -254.72723389 52.75591278 11.74414635
usemtl Patch_1246_Mat_CR4_whitePanels
f 6021 6022 6023
f 6022 6021 6024

# obj1247
v -223.99636841 -0 372.24066162
v -224.77609253 52.361866 372.36434937
v -224.78092957 -0 372.30752563
v -223.99153137 52.361866 372.29745483
usemtl Patch_1247_Mat_CR4_whitePanels
f 6025 6026 6027
f 6026 6025 6028

# obj1248
v -224.77609253 52.361866 372.36434937
v -255.5166626 -0 11.75378609
v -224.78092957 -0 372.30752563
v -255.51179504 52.75591278 11.81102657
usemtl Patch_1248_Mat_CR4_whitePanels
f 6029 6030 6031
f 6030 6029 6032

# obj1249
v -262.20471191 206.29922485 11.81102657
v -230.70333862 207.91558838 372.08938599
v -261.42123413 206.34030151 11.74405956
v -231.48680115 207.87449646 372.15637207
usemtl Patch_1249_Mat_CR4_whitePanels
f 6033 6034 6035
f 6034 6033 6036

# obj1250
v -261.42123413 206.34030151 11.74405956
v -225.19242859 102.79741669 372.07913208
v -255.90943909 101.22218323 11.74405956
v -230.70333862 207.91558838 372.08938599
usemtl Patch_1250_Mat_CR4_whitePanels
f 6037 6038 6039
f 6038 6037 6040

# obj1251
v -225.19242859 102.79741669 372.07913208
v -256.69293213 101.18109894 11.81102657
v -255.90943909 101.22218323 11.74405956
v -225.97589111 102.7563324 372.14611816
usemtl Patch_1251_Mat_CR4_whitePanels
f 6041 6042 6043
f 6042 6041 6044

# obj1252
v -225.97589111 102.7563324 372.14611816
v -262.20471191 206.29922485 11.81102657
v -256.69293213 101.18109894 11.81102657
v -231.48680115 207.87449646 372.15637207
usemtl Patch_1252_Mat_CR4_whitePanels
f 6045 6046 6047
f 6046 6045 6048

# obj1253
v -225.97589111 102.7563324 372.14611816
v -230.70333862 207.91558838 372.08938599
v -231.48680115 207.87449646 372.15637207
v -225.19242859 102.79741669 372.07913208
usemtl Patch_1253_Mat_CR4_whitePanels
f 6049 6050 6051
f 6050 6049 6052

# obj1254
v -234.25421143 257.56286621 372.03637695
v -265.74801636 254.72439575 19.68504333
v -264.96792603 254.80651855 19.61641502
v -235.03431702 257.48074341 372.10501099
usemtl Patch_1254_Mat_CR4_whitePanels
f 6053 6054 6055
f 6054 6053 6056

# obj1255
v -275.99157715 359.53094482 19.61641502
v -234.25421143 257.56286621 372.03637695
v -264.96792603 254.80651855 19.61641502
v -245.26560974 362.28839111 372.17694092
usemtl Patch_1255_Mat_CR4_whitePanels
f 6057 6058 6059
f 6058 6057 6060

# obj1256
v -235.03431702 257.48074341 372.10501099
v -276.77166748 359.44882202 19.68504333
v -265.74801636 254.72439575 19.68504333
v -246.04571533 362.20626831 372.24557495
usemtl Patch_1256_Mat_CR4_whitePanels
f 6061 6062 6063
f 6062 6061 6064

# obj1257
v -235.03431702 257.48074341 372.10501099
v -245.26560974 362.28839111 372.17694092
v -246.04571533 362.20626831 372.24557495
v -234.25421143 257.56286621 372.03637695
usemtl Patch_1257_Mat_CR4_whitePanels
f 6065 6066 6067
f 6066 6065 6068

# obj1258
v -276.77166748 359.44882202 19.68504333
v -245.26560974 362.28839111 372.17694092
v -275.99157715 359.53094482 19.61641502
v -246.04571533 362.20626831 372.24557495
usemtl Patch_1258_Mat_CR4_whitePanels
f 6069 6070 6071
f 6070 6069 6072

# obj1259
v -246.45669556 231.88975525 7.87401772
v -236.2739563 207.49452209 393.78543091
v -268.26828003 206.63421631 7.87401772
v -217.35827637 231.3117218 373.36453247
usemtl Patch_1259_Mat_CR4_concrete
f 6073 6074 6075
f 6074 6073 6076

# obj1260
v 679.52758789 320.47241211 230.31497192
v 686.22039795 210.62991333 224.40945435
v 686.22039795 210.62991333 230.31497192
v 686.22039795 210.62991333 212.59840393
v 686.22039795 210.62991333 218.50390625
v 679.52758789 320.47241211 212.59840393
usemtl Patch_1260_Mat_CR4_seating
f 6077 6078 6079
f 6080 6078 6082
f 6082 6078 6077

# obj1261
v 644.09442139 317.32284546 212.59840393
v 650.78735352 207.48031616 206.69288635
v 650.78735352 207.48031616 212.59840393
v 650.78735352 207.48031616 201.18107605
v 644.09442139 317.32284546 195.27555847
v 650.78735352 207.48031616 195.27555847
usemtl Patch_1261_Mat_CR4_seating
f 6083 6084 6085
f 6084 6083 6086
f 6086 6087 6088
f 6087 6086 6083

# obj1262
v 650.78735352 207.48031616 206.69288635
v 653.54333496 153.54330444 201.18109131
v 653.54333496 153.54330444 206.69288635
v 650.78735352 207.48031616 201.18107605
usemtl Patch_1262_Mat_CR4_linoleum
f 6089 6090 6091
f 6090 6089 6092

# obj1263
v 656.29925537 108.26772308 212.59840393
v 656.29925537 -0 195.27557373
v 656.29925537 -0 212.59840393
v 656.29925537 108.26772308 195.27557373
usemtl Patch_1263_Mat_CR4_seating
f 6093 6094 6095
f 6094 6093 6096

# obj1264
v 691.7322998 86.61417389 230.31497192
v 691.7322998 -0 212.59840393
v 691.7322998 -0 230.31497192
v 691.7322998 108.26772308 212.59840393
v 691.7322998 108.26772308 230.31494141
usemtl Patch_1264_Mat_CR4_seating
f 6097 6098 6099
f 6098 6097 6100
f 6100 6097 6101

# obj1265
v 653.54333496 153.54330444 212.59840393
v 656.29925537 108.26772308 195.27557373
v 656.29925537 108.26772308 212.59840393
v 653.54333496 153.54330444 195.27557373
v 653.54333496 153.54330444 206.69288635
v 653.54333496 153.54330444 201.18109131
usemtl Patch_1265_Mat_CR4_seating
f 6102 6103 6104
f 6103 6102 6105

# obj1266
v 688.97637939 154.33070374 224.40943909
v 688.97637939 154.33070374 218.50390625
v 688.97637939 154.33070374 230.31494141
v 691.7322998 108.26772308 212.59840393
v 691.7322998 108.26772308 230.31494141
v 688.97637939 154.33070374 212.59840393
usemtl Patch_1266_Mat_CR4_seating
f 6110 6111 6112
f 6111 6110 6113

# obj1267
v -275.99157715 359.53094482 19.61641502
v -265.74801636 254.72439575 19.68504333
v -276.77166748 359.44882202 19.68504333
v -264.96792603 254.80651855 19.61641502
usemtl Patch_1267_Mat_CR4_whitePanels
f 6114 6115 6116
f 6115 6114 6117

# obj1268
v -261.42123413 206.34030151 11.74405956
v -256.69293213 101.18109894 11.81102657
v -262.20471191 206.29922485 11.81102657
v -255.90943909 101.22218323 11.74405956
usemtl Patch_1268_Mat_CR4_whitePanels
f 6118 6119 6120
f 6119 6118 6121

# obj1269
v -255.51179504 52.75591278 11.81102657
v -254.7321167 -0 11.68690586
v -255.5166626 -0 11.75378609
v -254.72723389 52.75591278 11.74414635
usemtl Patch_1269_Mat_CR4_whitePanels
f 6122 6123 6124
f 6123 6122 6125

# obj1270
v 909.05511475 173.22834778 167.71653748
v 912.20471191 46.45669174 39.37007904
v 912.20471191 46.45669174 167.71653748
v 909.05511475 173.22833252 39.37007904
usemtl Patch_1270_Mat_CR4_woodPanels
f 6126 6127 6128
f 6127 6126 6129

# obj1271
v -71.65354919 393.30706787 68.89763641
v -67.32285309 381.49603271 100.51342773
v -67.32285309 381.49603271 68.89763641
v -71.65354919 393.30706787 100.57839203
usemtl Patch_1271_Mat_CR4_whitePanels
f 6130 6131 6132
f 6131 6130 6133

# obj1272
v -39.76376343 364.96066284 0
v -39.33636856 275.56149292 7.87410736
v -39.33636856 275.56149292 8.989E-05
v -39.76376343 364.96066284 7.87401772
usemtl Patch_1272_Mat_CR4_parquet
f 6134 6135 6136
f 6135 6134 6137

# obj1273
v -103.34807587 484.09243774 68.89763641
v -87.00788879 437.79525757 100.39369965
v -87.00788879 437.79525757 68.89763641
v -99.0896759 472.02697754 100.39369965
v -103.34807587 484.09243774 100.39369965
usemtl Patch_1273_Mat_CR4_whitePanels
f 6138 6139 6140
f 6139 6138 6141
f 6141 6138 6142

# obj1274
v 909.05511475 173.22834778 167.71653748
v 901.96850586 299.60629272 39.37007904
v 909.05511475 173.22833252 39.37007904
v 901.96850586 299.60629272 167.71653748
usemtl Patch_1274_Mat_CR4_woodPanels
f 6143 6144 6145
f 6144 6143 6146

# obj1275
v -76.37795258 391.73226929 100.58416748
v -70.86616516 375.19683838 59.84251785
v -70.86616516 375.19683838 100.49472046
v -76.37795258 391.73226929 59.84251785
v -76.37795258 391.73226929 68.89763641
usemtl Patch_1275_Mat_CR4_whitePanels
f 6147 6148 6149
f 6148 6147 6150

# obj1276
v -105.33261871 473.95373535 100.39369965
v -92.12600708 436.22045898 68.89763641
v -92.12600708 436.22045898 100.39369965
v -92.12600708 436.22045898 59.84251785
v -108.59525299 483.27554321 59.84251785
v -108.59525299 483.27554321 100.39369965
usemtl Patch_1276_Mat_CR4_whitePanels
f 6152 6153 6154
f 6153 6152 6155
f 6155 6152 6156
f 6156 6152 6157

# obj1277
v 564.17321777 388.18896484 177.55906677
v 573.62207031 277.55908203 209.05513
v 573.62207031 277.55908203 177.55906677
v 564.17321777 388.18896484 209.05513
usemtl Patch_1277_Mat_CR4_whitePanels
f 6158 6159 6160
f 6159 6158 6161

# obj1278
v 573.62207031 277.55908203 177.55906677
v 580.31494141 166.53544617 209.05513
v 580.31494141 166.53544617 177.55906677
v 573.62207031 277.55908203 209.05513
usemtl Patch_1278_Mat_CR4_whitePanels
f 6162 6163 6164
f 6163 6162 6165

# obj1279
v -105.33261871 473.95373535 100.39369965
v -103.34807587 484.09243774 100.39369965
v -108.59525299 483.27554321 100.39369965
v -92.12600708 436.22045898 100.39369965
v -99.0896759 472.02697754 100.39369965
v -87.00788879 437.79525757 100.39369965
usemtl Patch_1279_Mat_CR4_whitePanels
f 6166 6167 6168
f 6167 6166 6169
f 6167 6169 6170
f 6170 6169 6171

# obj1280
v 691.7322998 86.61417389 230.31497192
v 727.16534424 86.61417389 247.63780212
v 727.16534424 86.61417389 230.31494141
v 691.7322998 86.61417389 267.71652222
v 762.59838867 86.61417389 247.63780212
v 762.59838867 86.61417389 265.3543396
v 851.18109131 86.61417389 265.3543396
v 707.48028564 86.61417389 267.71655273
v 851.18109131 86.61417389 300.78741455
v 779.1338501 86.61417389 300.78741455
usemtl Patch_1280_Mat_CR4_linoleum
f 6172 6173 6174
f 6173 6172 6175
f 6173 6175 6176
f 6176 6175 6177
f 6177 6175 6178
f 6178 6175 6179
f 6178 6179 6180
f 6180 6179 6181

# obj1281
v 762.59838867 108.26772308 265.3543396
v 762.59838867 86.61417389 247.63780212
v 762.59838867 86.61417389 265.3543396
v 762.59838867 108.26772308 247.63780212
usemtl Patch_1281_Mat_CR4_seating
f 6182 6183 6184
f 6183 6182 6185

# obj1282
v 727.16534424 108.26772308 247.63780212
v 727.16534424 86.61417389 230.31494141
v 727.16534424 86.61417389 247.63780212
v 727.16534424 108.26772308 230.31494141
usemtl Patch_1282_Mat_CR4_seating
f 6186 6187 6188
f 6187 6186 6189

# obj1283
v 551.18109131 502.75592041 177.55905151
v 564.17321777 388.18896484 209.05513
v 564.17321777 388.18896484 177.55906677
v 551.18109131 502.75592041 209.05513
usemtl Patch_1283_Mat_CR4_whitePanels
f 6190 6191 6192
f 6191 6190 6193

# obj1284
v 779.1338501 70.86614227 300.78741455
v 707.48028564 86.61417389 267.71655273
v 707.48028564 70.86614227 267.71655273
v 779.1338501 86.61417389 300.78741455
usemtl Patch_1284_Mat_CR4_linoleum
f 6194 6195 6196
f 6195 6194 6197

# obj1285
v 759.8425293 154.72441101 265.3543396
v 762.59838867 108.26772308 247.63780212
v 762.59838867 108.26772308 265.3543396
v 759.8425293 154.72441101 253.5433197
v 759.8425293 154.72441101 259.44882202
v 759.8425293 154.72441101 247.63780212
usemtl Patch_1285_Mat_CR4_seating
f 6198 6199 6200
f 6199 6198 6201
f 6203 6199 6201

# obj1286
v 618.11022949 153.54330444 195.27557373
v 620.86608887 108.26772308 177.55903625
v 620.86608887 108.26772308 195.27557373
v 618.11022949 153.54330444 189.37005615
v 618.11022949 153.54330444 177.55903625
v 618.11022949 153.54330444 183.46455383
usemtl Patch_1286_Mat_CR4_seating
f 6204 6205 6206
f 6205 6204 6207
f 6207 6208 6205

# obj1287
v 724.40942383 154.33070374 247.63780212
v 727.16534424 108.26772308 230.31494141
v 727.16534424 108.26772308 247.63780212
v 724.40942383 154.33070374 236.22045898
v 724.40942383 154.33070374 241.73228455
v 724.40942383 154.33070374 230.31494141
usemtl Patch_1287_Mat_CR4_seating
f 6210 6211 6212
f 6211 6210 6213
f 6215 6211 6213

# obj1288
v 875.98425293 551.5748291 167.71653748
v 895.27557373 553.93701172 39.37007904
v 875.98425293 551.5748291 39.37007904
v 895.27557373 553.93701172 167.71653748
usemtl Patch_1288_Mat_CR4_woodPanels
f 6216 6217 6218
f 6217 6216 6219

# obj1289
v 124.34423065 82.67212677 -26.75965309
v 681.2411499 506.27575684 29.6191082
v 97.29410553 433.07473755 -29.49813461
v 157.7883606 84.24536133 -23.3738575
v 160.97537231 44.09076691 -23.05121231
v 777.56103516 54.1327095 39.37017441
v 777.56231689 504.48220825 39.37008286
v 777.56115723 90.87619019 39.37006378
usemtl Patch_1289_Mat_CR4_seating
f 6220 6221 6222
f 6221 6220 6223
f 6221 6223 6224
f 6221 6224 6225
f 6221 6225 6226
f 6226 6225 6227

# obj1290
v -87.00788879 437.79525757 100.39369965
v -92.12600708 436.22045898 68.89763641
v -87.00788879 437.79525757 68.89763641
v -92.12600708 436.22045898 100.39369965
usemtl Patch_1290_Mat_CR4_whitePanels
f 6228 6229 6230
f 6229 6228 6231

# obj1291
v -70.86616516 364.96060181 7.87401772
v -70.86616516 343.30709839 15.74803543
v -70.86616516 343.30709839 7.87401772
v -70.86616516 364.96060181 15.74803543
usemtl Patch_1291_Mat_CR4_parquet
f 6232 6233 6234
f 6233 6232 6235

# obj1292
v -39.33636856 275.56149292 8.989E-05
v -267.86090088 198.24906921 7.87401772
v -268.5039978 198.0315094 0
v -39.33636856 275.56149292 7.87410736
usemtl Patch_1292_Mat_CR4_parquet
f 6236 6237 6238
f 6237 6236 6239

# obj1293
v -70.86616516 343.30709839 15.74803543
v -275.04522705 273.40441895 7.87401772
v -70.86616516 343.30709839 7.87401772
v -274.40948486 273.62207031 15.74803543
usemtl Patch_1293_Mat_CR4_parquet
f 6240 6241 6242
f 6241 6240 6243

# obj1294
v 378.43035889 263.04031372 423.91445923
v 386.57073975 109.71290588 425.48577881
v 386.46606445 109.70742035 423.91445923
v 378.53500366 263.04577637 425.48577881
usemtl Patch_1294_Mat_CR4_whitePanels
f 6244 6245 6246
f 6245 6244 6247

# obj1295
v 521.11016846 265.78686523 444.4881897
v 530.27032471 143.65803528 466.53549194
v 528.65130615 121.88993835 444.4881897
v 524.99542236 244.30729675 466.53549194
usemtl Patch_1295_Mat_CR4_whitePanels
f 6248 6249 6250
f 6249 6248 6251

# obj1296
v 690.68017578 152.0647583 483.07089233
v 679.89678955 127.05664062 458.88812256
v 681.34228516 127.13240051 458.26776123
v 689.23468018 151.98901367 483.69122314
usemtl Patch_1296_Mat_CR4_whitePanels
f 6252 6253 6254
f 6253 6252 6255

# obj1297
v 689.23468018 151.98901367 483.69122314
v 672.0670166 276.45791626 458.88812256
v 679.89678955 127.05664062 458.88812256
v 683.9598999 252.63825989 483.69122314
usemtl Patch_1297_Mat_CR4_whitePanels
f 6256 6257 6258
f 6257 6256 6259

# obj1298
v 672.0670166 276.45791626 458.88812256
v 685.40539551 252.71401978 483.07089233
v 673.51251221 276.53366089 458.26776123
v 683.9598999 252.63825989 483.69122314
usemtl Patch_1298_Mat_CR4_whitePanels
f 6260 6261 6262
f 6261 6260 6263

# obj1299
v 673.51251221 276.53366089 458.26776123
v 690.68017578 152.0647583 483.07089233
v 681.34228516 127.13240051 458.26776123
v 685.40539551 252.71401978 483.07089233
usemtl Patch_1299_Mat_CR4_whitePanels
f 6264 6265 6266
f 6265 6264 6267

# obj1300
v 854.07958984 302.78829956 167.71653748
v 838.80126953 301.2852478 39.37007904
v 864.57446289 303.53182983 39.37007523
v 813.02813721 299.03869629 39.37007904
v 834.71624756 301.08538818 156.43431091
v 840.1574707 301.57476807 167.71655273
v 802.92889404 298.31680298 158.08778381
usemtl Patch_1300_Mat_CR4_concrete
f 6268 6269 6270
f 6269 6268 6271
f 6271 6268 6272
f 6272 6268 6273
f 6274 6271 6272

# obj1301
v 680.54974365 285.18148804 449.21261597
v 682.0098877 285.25802612 447.63781738
v 680.54974365 285.18148804 447.63781738
v 682.0098877 285.25802612 448.62780762
usemtl Patch_1301_Mat_CR4_whitePanels
f 6275 6276 6277
f 6276 6275 6278

# obj1302
v -274.40948486 273.62207031 15.74803543
v -262.59841919 385.82678223 15.74803543
v -283.46456909 358.66140747 15.74803543
v -193.30706787 349.21258545 15.74803543
v -70.86616516 343.30709839 15.74803543
v -194.27218628 352.04135132 15.74803543
v -209.42832947 396.46453857 15.74803543
v -216.14170837 416.14172363 15.74803543
v -201.104599 399.27203369 15.74803543
v -146.0630188 364.96060181 15.74803543
v -70.86616516 364.96060181 15.74803543
v -186.11000061 354.79522705 15.74803543
v -290.00146484 406.87548828 15.74803543
v -202.26721191 468.69268799 15.74803543
v -296.41525269 454.03570557 15.74803543
v -194.46281433 419.52514648 15.74803543
usemtl Patch_1302_Mat_CR4_parquet
f 6279 6280 6281
f 6280 6279 6282
f 6282 6279 6283
f 6280 6282 6284
f 6280 6284 6285
f 6280 6285 6286
f 6285 6284 6287
f 6282 6283 6288
f 6288 6283 6289
f 6290 6287 6284
f 6291 6292 6293
f 6292 6291 6280
f 6292 6280 6286
f 6292 6286 6294

# obj1303
v 538.10632324 114.50061035 437.40161133
v 379.29632568 135.74583435 450.39370728
v 538.10632324 114.50061035 435.82678223
v 379.29632568 135.74583435 451.96853638
usemtl Patch_1303_Mat_CR4_whitePanels
f 6295 6296 6297
f 6296 6295 6298

# obj1304
v 691.31524658 124.89538574 455.11813354
v 680.54974365 285.18148804 449.21261597
v 689.24511719 119.26750946 449.21261597
v 683.19720459 279.80096436 455.11813354
usemtl Patch_1304_Mat_CR4_whitePanels
f 6299 6300 6301
f 6300 6299 6302

# obj1305
v 235.04034424 104.92547607 420.38970947
v 233.07661438 104.82254791 411.4173584
v 234.56440735 104.90052032 411.33673096
v 233.07661438 104.82254791 412.99215698
v 233.46986389 104.84317017 420.47250366
usemtl Patch_1305_Mat_CR4_whitePanels
f 6303 6304 6305
f 6304 6303 6306
f 6306 6303 6307

# obj1306
v 233.46986389 104.84317017 420.47250366
v 225.37046814 251.86483765 412.99215698
v 233.07661438 104.82254791 412.99215698
v 225.76364136 251.88539124 420.47250366
usemtl Patch_1306_Mat_CR4_whitePanels
f 6308 6309 6310
f 6309 6308 6311

# obj1307
v 812.9543457 291.72628784 431.70184326
v 820.14715576 126.52204132 432.28347778
v 811.49291992 291.64968872 432.28347778
v 821.60858154 126.59863281 431.70184326
usemtl Patch_1307_Mat_CR4_whitePanels
f 6312 6313 6314
f 6313 6312 6315

# obj1308
v 374.02157593 236.39508057 450.39370728
v 529.74072266 274.1239624 437.40161133
v 529.74072266 274.1239624 435.82678223
v 374.02157593 236.39508057 451.96853638
usemtl Patch_1308_Mat_CR4_whitePanels
f 6316 6317 6318
f 6317 6316 6319

# obj1309
v 802.55426025 303.5670166 158.10726929
v 813.02813721 299.03869629 39.37007904
v 802.92889404 298.31680298 158.08778381
v 810.96636963 328.06176758 39.3700676
v 800.85797119 327.3392334 158.19549561
usemtl Patch_1309_Mat_CR4_concrete
f 6320 6321 6322
f 6321 6320 6323
f 6323 6320 6324

# obj1310
v 531.30126953 274.20574951 435.6282959
v 539.66680908 114.58239746 437.20632935
v 539.66680908 114.58239746 435.6282959
v 531.30126953 274.20574951 437.20632935
usemtl Patch_1310_Mat_CR4_whitePanels
f 6325 6326 6327
f 6326 6325 6328

# obj1311
v 225.37046814 251.86483765 411.4173584
v 227.33410645 251.96769714 420.38970947
v 226.85827637 251.94282532 411.33673096
v 225.37046814 251.86483765 412.99215698
v 225.76364136 251.88539124 420.47250366
usemtl Patch_1311_Mat_CR4_whitePanels
f 6329 6330 6331
f 6330 6329 6332
f 6330 6332 6333

# obj1312
v 864.32061768 91.91121674 167.71653748
v 844.88195801 91.66873932 155.90551758
v 874.80957031 92.12611389 39.37007141
v 850.39373779 91.73221588 167.71655273
v 813.49133301 91.26425934 157.5383606
v 823.22003174 91.46303558 39.3700676
usemtl Patch_1312_Mat_CR4_concrete
f 6334 6335 6336
f 6335 6334 6337
f 6336 6338 6339
f 6338 6336 6335

# obj1313
v 372.45776367 236.31312561 452.13510132
v 377.73251343 135.66387939 450.56030273
v 377.73251343 135.66387939 452.13510132
v 372.45776367 236.31312561 450.56030273
usemtl Patch_1313_Mat_CR4_whitePanels
f 6340 6341 6342
f 6341 6340 6343

# obj1314
v 835.62878418 283.39349365 156.38684082
v 849.79632568 119.29371643 167.71655273
v 844.09619141 119.22780609 155.94639587
v 840.1574707 301.57476807 167.71655273
v 834.71624756 301.08538818 156.43431091
usemtl Patch_1314_Mat_CR4_concrete
f 6344 6345 6346
f 6345 6344 6347
f 6347 6344 6348

# obj1315
v 376.96582031 262.96353149 424.01577759
v 225.96353149 127.70999146 434.25198364
v 220.68870544 228.35929871 434.25198364
v 385.00158691 109.63066864 424.01577759
usemtl Patch_1315_Mat_CR4_whitePanels
f 6349 6350 6351
f 6350 6349 6352

# obj1316
v 219.12181091 228.2771759 434.38647461
v 218.70556641 243.63072205 420.47250366
v 217.13865662 243.5486145 420.60699463
v 220.68870544 228.35929871 434.25198364
usemtl Patch_1316_Mat_CR4_whitePanels
f 6353 6354 6355
f 6354 6353 6356

# obj1317
v 680.54974365 285.18148804 449.21261597
v 684.65734863 279.87747192 454.53329468
v 682.0098877 285.25802612 448.62780762
v 683.19720459 279.80096436 455.11813354
usemtl Patch_1317_Mat_CR4_whitePanels
f 6357 6358 6359
f 6358 6357 6360

# obj1318
v 811.49291992 291.64968872 433.85827637
v 826.3170166 269.95489502 463.98535156
v 812.9543457 291.72628784 433.27664185
v 824.85552979 269.8782959 464.56698608
usemtl Patch_1318_Mat_CR4_whitePanels
f 6361 6362 6363
f 6362 6361 6364

# obj1319
v 521.11016846 265.78686523 444.4881897
v 527.09082031 121.80815125 444.6835022
v 519.54968262 265.70507812 444.6835022
v 528.65130615 121.88993835 444.4881897
usemtl Patch_1319_Mat_CR4_whitePanels
f 6365 6366 6367
f 6366 6365 6368

# obj1320
v 812.9543457 291.72628784 431.70184326
v 821.60858154 126.59863281 433.27664185
v 821.60858154 126.59863281 431.70184326
v 812.9543457 291.72628784 433.27664185
usemtl Patch_1320_Mat_CR4_whitePanels
f 6369 6370 6371
f 6370 6369 6372

# obj1321
v 691.31524658 124.89538574 455.11813354
v 684.65734863 279.87747192 454.53329468
v 683.19720459 279.80096436 455.11813354
v 692.77545166 124.9719162 454.53329468
usemtl Patch_1321_Mat_CR4_whitePanels
f 6373 6374 6375
f 6374 6373 6376

# obj1322
v -76.37795258 391.73226929 68.89763641
v -96.45670319 385.03936768 59.84251785
v -76.37795258 391.73226929 59.84251785
v -96.45685577 385.03982544 62.99212265
v -96.45670319 385.03936768 68.89763641
usemtl Patch_1322_Mat_CR4_linoleum
f 6377 6378 6379
f 6378 6377 6380
f 6380 6377 6381

# obj1323
v 379.29632568 135.74583435 451.96853638
v 529.74072266 274.1239624 437.40161133
v 374.02157593 236.39508057 451.96853638
v 538.10632324 114.50061035 437.40161133
usemtl Patch_1323_Mat_CR4_whitePanels
f 6382 6383 6384
f 6383 6382 6385

# obj1324
v 538.48034668 122.40499878 443.70080566
v 532.49945068 266.38381958 443.50552368
v 530.93896484 266.30203247 443.70080566
v 540.04083252 122.48678589 443.50552368
usemtl Patch_1324_Mat_CR4_whitePanels
f 6386 6387 6388
f 6387 6386 6389

# obj1325
v 539.66680908 114.58239746 437.20632935
v 538.48034668 122.40499878 443.70080566
v 538.10632324 114.50061035 437.40161133
v 540.04083252 122.48678589 443.50552368
usemtl Patch_1325_Mat_CR4_whitePanels
f 6390 6391 6392
f 6391 6390 6393

# obj1326
v 385.00158691 109.63066864 425.59057617
v 225.96353149 127.70999146 434.25198364
v 385.00158691 109.63066864 424.01577759
v 225.96353149 127.70999146 435.82678223
usemtl Patch_1326_Mat_CR4_whitePanels
f 6394 6395 6396
f 6395 6394 6397

# obj1327
v 530.93896484 266.30203247 443.70080566
v 531.30126953 274.20574951 437.20632935
v 529.74072266 274.1239624 437.40161133
v 532.49945068 266.38381958 443.50552368
usemtl Patch_1327_Mat_CR4_whitePanels
f 6398 6399 6400
f 6399 6398 6401

# obj1328
v 531.30126953 274.20574951 437.20632935
v 540.04083252 122.48678589 443.50552368
v 539.66680908 114.58239746 437.20632935
v 532.49945068 266.38381958 443.50552368
usemtl Patch_1328_Mat_CR4_whitePanels
f 6402 6403 6404
f 6403 6402 6405

# obj1329
v 519.54968262 265.70507812 444.6835022
v 524.99542236 244.30729675 466.53549194
v 521.11016846 265.78686523 444.4881897
v 523.43487549 244.22550964 466.73080444
usemtl Patch_1329_Mat_CR4_whitePanels
f 6406 6407 6408
f 6407 6406 6409

# obj1330
v 528.70983887 143.57624817 466.73080444
v 519.54968262 265.70507812 444.6835022
v 527.09082031 121.80815125 444.6835022
v 523.43487549 244.22550964 466.73080444
usemtl Patch_1330_Mat_CR4_whitePanels
f 6410 6411 6412
f 6411 6410 6413

# obj1331
v 530.27032471 143.65803528 466.53549194
v 527.09082031 121.80815125 444.6835022
v 528.65130615 121.88993835 444.4881897
v 528.70983887 143.57624817 466.73080444
usemtl Patch_1331_Mat_CR4_whitePanels
f 6414 6415 6416
f 6415 6414 6417

# obj1332
v 820.14715576 126.52204132 433.85827637
v 690.68017578 152.0647583 483.07089233
v 820.14715576 126.52204132 432.28347778
v 690.68017578 152.0647583 484.64569092
usemtl Patch_1332_Mat_CR4_whitePanels
f 6418 6419 6420
f 6419 6418 6421

# obj1333
v 690.68017578 152.0647583 484.64569092
v 689.23468018 151.98901367 483.69122314
v 690.68017578 152.0647583 483.07089233
v 689.80407715 152.0188446 485.02166748
usemtl Patch_1333_Mat_CR4_whitePanels
f 6422 6423 6424
f 6423 6422 6425

# obj1334
v 538.48034668 122.40499878 443.70080566
v 529.74072266 274.1239624 437.40161133
v 538.10632324 114.50061035 437.40161133
v 530.93896484 266.30203247 443.70080566
usemtl Patch_1334_Mat_CR4_whitePanels
f 6426 6427 6428
f 6427 6426 6429

# obj1335
v 529.74072266 274.1239624 435.82678223
v 531.30126953 274.20574951 437.20632935
v 531.30126953 274.20574951 435.6282959
v 529.74072266 274.1239624 437.40161133
usemtl Patch_1335_Mat_CR4_whitePanels
f 6430 6431 6432
f 6431 6430 6433

# obj1336
v 689.80407715 152.0188446 485.02166748
v 685.40539551 252.71401978 484.64569092
v 684.52929688 252.66810608 485.02166748
v 690.68017578 152.0647583 484.64569092
usemtl Patch_1336_Mat_CR4_whitePanels
f 6434 6435 6436
f 6435 6434 6437

# obj1337
v 689.80407715 152.0188446 485.02166748
v 683.9598999 252.63825989 483.69122314
v 689.23468018 151.98901367 483.69122314
v 684.52929688 252.66810608 485.02166748
usemtl Patch_1337_Mat_CR4_whitePanels
f 6438 6439 6440
f 6439 6438 6441

# obj1338
v 62.95751572 237.99226379 401.5748291
v 74.62870026 240.96936035 400.00003052
v 62.95751572 237.99226379 400.00003052
v 74.62870026 240.96936035 401.5748291
usemtl Patch_1338_Mat_CR4_whitePanels
f 6442 6443 6444
f 6443 6442 6445

# obj1339
v 30.40928078 242.20013428 400.78744507
v 62.95751572 237.99226379 401.5748291
v 62.95751572 237.99226379 400.00003052
v 30.40928078 242.20013428 402.36224365
usemtl Patch_1339_Mat_CR4_whitePanels
f 6446 6447 6448
f 6447 6446 6449

# obj1340
v 74.62870026 240.96936035 400.00003052
v 70.12795258 101.17215729 400.00003052
v 62.95751572 237.99226379 400.00003052
v 82.04636383 99.43136597 400.00003052
usemtl Patch_1340_Mat_CR4_whitePanels
f 6450 6451 6452
f 6451 6450 6453

# obj1341
v 74.62870026 240.96936035 400.00003052
v 76.59148407 241.07225037 407.77578735
v 76.10018158 241.04649353 399.90484619
v 74.62870026 240.96936035 401.5748291
v 75.02190399 240.98999023 407.87402344
usemtl Patch_1341_Mat_CR4_whitePanels
f 6454 6455 6456
f 6455 6454 6457
f 6455 6457 6458

# obj1342
v 70.12795258 101.17215729 401.5748291
v 74.62870026 240.96936035 401.5748291
v 62.95751572 237.99226379 401.5748291
v 82.04636383 99.43136597 401.5748291
usemtl Patch_1342_Mat_CR4_whitePanels
f 6459 6460 6461
f 6460 6459 6462

# obj1343
v 531.30126953 274.20574951 435.6282959
v 538.10632324 114.50061035 435.82678223
v 529.74072266 274.1239624 435.82678223
v 539.66680908 114.58239746 435.6282959
usemtl Patch_1343_Mat_CR4_whitePanels
f 6463 6464 6465
f 6464 6463 6466

# obj1344
v 539.66680908 114.58239746 437.20632935
v 538.10632324 114.50061035 435.82678223
v 539.66680908 114.58239746 435.6282959
v 538.10632324 114.50061035 437.40161133
usemtl Patch_1344_Mat_CR4_whitePanels
f 6467 6468 6469
f 6468 6467 6470

# obj1345
v 70.12795258 101.17215729 401.5748291
v 50.18780899 96.43412781 400.49176025
v 70.12795258 101.17215729 400.00003052
v 38.19785309 93.5851593 400.78744507
v 38.19785309 93.5851593 402.36224365
v 50.18780899 96.43412781 402.06655884
usemtl Patch_1345_Mat_CR4_whitePanels
f 6471 6472 6473
f 6472 6471 6474
f 6474 6471 6475
f 6475 6471 6476

# obj1346
v 82.04636383 99.43136597 401.5748291
v 70.12795258 101.17215729 400.00003052
v 82.04636383 99.43136597 400.00003052
v 70.12795258 101.17215729 401.5748291
usemtl Patch_1346_Mat_CR4_whitePanels
f 6477 6478 6479
f 6478 6477 6480

# obj1347
v 62.95751572 237.99226379 400.00003052
v 38.19785309 93.5851593 400.78744507
v 30.40928078 242.20013428 400.78744507
v 50.18780899 96.43412781 400.49176025
v 70.12795258 101.17215729 400.00003052
usemtl Patch_1347_Mat_CR4_whitePanels
f 6481 6482 6483
f 6482 6481 6484
f 6484 6481 6485

# obj1348
v 38.19785309 93.5851593 402.36224365
v -6.20982409 100.52230835 401.39413452
v 38.19785309 93.5851593 400.78744507
v -77.07588196 111.59265137 402.36224365
v -6.20982409 100.52230835 402.96893311
v -77.07588196 111.59265137 403.93704224
usemtl Patch_1348_Mat_CR4_whitePanels
f 6486 6487 6488
f 6487 6486 6489
f 6489 6486 6490
f 6489 6490 6491

# obj1349
v 38.19785309 93.5851593 402.36224365
v 62.95751572 237.99226379 401.5748291
v 30.40928078 242.20013428 402.36224365
v 50.18780899 96.43412781 402.06655884
v 70.12795258 101.17215729 401.5748291
usemtl Patch_1349_Mat_CR4_whitePanels
f 6492 6493 6494
f 6493 6492 6495
f 6493 6495 6496

# obj1350
v 371.08731079 254.77064514 431.88980103
v 376.73519897 117.08224487 432.05639648
v 369.52346802 254.68867493 432.05639648
v 378.29901123 117.16419983 431.88980103
usemtl Patch_1350_Mat_CR4_whitePanels
f 6497 6498 6499
f 6498 6497 6500

# obj1351
v 371.08731079 254.77064514 431.88980103
v 379.29632568 135.74583435 450.39370728
v 378.29901123 117.16419983 431.88980103
v 374.02157593 236.39508057 450.39370728
usemtl Patch_1351_Mat_CR4_whitePanels
f 6501 6502 6503
f 6502 6501 6504

# obj1352
v 369.52346802 254.68867493 432.05639648
v 374.02157593 236.39508057 450.39370728
v 371.08731079 254.77064514 431.88980103
v 372.45776367 236.31312561 450.56030273
usemtl Patch_1352_Mat_CR4_whitePanels
f 6505 6506 6507
f 6506 6505 6508

# obj1353
v 377.73251343 135.66387939 450.56030273
v 369.52346802 254.68867493 432.05639648
v 376.73519897 117.08224487 432.05639648
v 372.45776367 236.31312561 450.56030273
usemtl Patch_1353_Mat_CR4_whitePanels
f 6509 6510 6511
f 6510 6509 6512

# obj1354
v 379.29632568 135.74583435 450.39370728
v 376.73519897 117.08224487 432.05639648
v 378.29901123 117.16419983 431.88980103
v 377.73251343 135.66387939 450.56030273
usemtl Patch_1354_Mat_CR4_whitePanels
f 6513 6514 6515
f 6514 6513 6516

# obj1355
v 82.36953735 100.78773499 407.87402344
v 76.59148407 241.07225037 407.77578735
v 75.02190399 240.98999023 407.87402344
v 83.93912506 100.86999512 407.77578735
usemtl Patch_1355_Mat_CR4_whitePanels
f 6517 6518 6519
f 6518 6517 6520

# obj1356
v 82.43954468 99.4519577 407.87402344
v 74.62870026 240.96936035 401.5748291
v 82.04636383 99.43136597 401.5748291
v 82.36953735 100.78773499 407.87402344
v 75.02190399 240.98999023 407.87402344
usemtl Patch_1356_Mat_CR4_whitePanels
f 6521 6522 6523
f 6522 6521 6524
f 6522 6524 6525

# obj1357
v 76.10018158 241.04649353 399.90484619
v 84.00912476 99.53421021 407.77578735
v 83.51783752 99.50849152 399.90484619
v 83.93912506 100.86999512 407.77578735
v 76.59148407 241.07225037 407.77578735
usemtl Patch_1357_Mat_CR4_whitePanels
f 6526 6527 6528
f 6527 6526 6529
f 6529 6526 6530

# obj1358
v 82.43954468 99.4519577 407.87402344
v 83.93912506 100.86999512 407.77578735
v 82.36953735 100.78773499 407.87402344
v 84.00912476 99.53421021 407.77578735
usemtl Patch_1358_Mat_CR4_whitePanels
f 6531 6532 6533
f 6532 6531 6534

# obj1359
v 530.27032471 143.65803528 468.11029053
v 528.70983887 143.57624817 466.73080444
v 530.27032471 143.65803528 466.53549194
v 528.70983887 143.57624817 468.30560303
usemtl Patch_1359_Mat_CR4_whitePanels
f 6535 6536 6537
f 6536 6535 6538

# obj1360
v 528.70983887 143.57624817 468.30560303
v 524.99542236 244.30729675 468.11029053
v 523.43487549 244.22550964 468.30560303
v 530.27032471 143.65803528 468.11029053
usemtl Patch_1360_Mat_CR4_whitePanels
f 6539 6540 6541
f 6540 6539 6542

# obj1361
v 689.24511719 119.26750946 449.21261597
v 530.27032471 143.65803528 466.53549194
v 689.24511719 119.26750946 447.63781738
v 530.27032471 143.65803528 468.11029053
usemtl Patch_1361_Mat_CR4_whitePanels
f 6543 6544 6545
f 6544 6543 6546

# obj1362
v 523.43487549 244.22550964 468.30560303
v 528.70983887 143.57624817 466.73080444
v 528.70983887 143.57624817 468.30560303
v 523.43487549 244.22550964 466.73080444
usemtl Patch_1362_Mat_CR4_whitePanels
f 6547 6548 6549
f 6548 6547 6550

# obj1363
v 84.00912476 99.53421021 407.77578735
v 82.04636383 99.43136597 400.00003052
v 83.51783752 99.50849152 399.90484619
v 82.04636383 99.43136597 401.5748291
v 82.43954468 99.4519577 407.87402344
usemtl Patch_1363_Mat_CR4_whitePanels
f 6551 6552 6553
f 6552 6551 6554
f 6554 6551 6555

# obj1364
v 76.10018158 241.04649353 399.90484619
v 82.04636383 99.43136597 400.00003052
v 74.62870026 240.96936035 400.00003052
v 83.51783752 99.50849152 399.90484619
usemtl Patch_1364_Mat_CR4_whitePanels
f 6556 6557 6558
f 6557 6556 6559

# obj1365
v 379.29632568 135.74583435 451.96853638
v 377.73251343 135.66387939 450.56030273
v 379.29632568 135.74583435 450.39370728
v 377.73251343 135.66387939 452.13510132
usemtl Patch_1365_Mat_CR4_whitePanels
f 6560 6561 6562
f 6561 6560 6563

# obj1366
v 690.70532227 119.34403229 448.62780762
v 689.24511719 119.26750946 447.63781738
v 690.70532227 119.34403229 447.63781738
v 689.24511719 119.26750946 449.21261597
usemtl Patch_1366_Mat_CR4_whitePanels
f 6564 6565 6566
f 6565 6564 6567

# obj1367
v 692.77545166 124.9719162 454.53329468
v 689.24511719 119.26750946 449.21261597
v 690.70532227 119.34403229 448.62780762
v 691.31524658 124.89538574 455.11813354
usemtl Patch_1367_Mat_CR4_whitePanels
f 6568 6569 6570
f 6569 6568 6571

# obj1368
v 682.0098877 285.25802612 447.63781738
v 690.70532227 119.34403229 448.62780762
v 690.70532227 119.34403229 447.63781738
v 682.0098877 285.25802612 448.62780762
usemtl Patch_1368_Mat_CR4_whitePanels
f 6572 6573 6574
f 6573 6572 6575

# obj1369
v 682.0098877 285.25802612 447.63781738
v 689.24511719 119.26750946 447.63781738
v 680.54974365 285.18148804 447.63781738
v 690.70532227 119.34403229 447.63781738
usemtl Patch_1369_Mat_CR4_whitePanels
f 6576 6577 6578
f 6577 6576 6579

# obj1370
v 219.12181091 228.2771759 435.96130371
v 224.3966217 127.62787628 434.38647461
v 224.3966217 127.62787628 435.96130371
v 219.12181091 228.2771759 434.38647461
usemtl Patch_1370_Mat_CR4_whitePanels
f 6580 6581 6582
f 6581 6580 6583

# obj1371
v 224.3966217 127.62787628 435.96130371
v 220.68870544 228.35929871 435.82678223
v 219.12181091 228.2771759 435.96130371
v 225.96353149 127.70999146 435.82678223
usemtl Patch_1371_Mat_CR4_whitePanels
f 6584 6585 6586
f 6585 6584 6587

# obj1372
v 225.96353149 127.70999146 435.82678223
v 224.3966217 127.62787628 434.38647461
v 225.96353149 127.70999146 434.25198364
v 224.3966217 127.62787628 435.96130371
usemtl Patch_1372_Mat_CR4_whitePanels
f 6588 6589 6590
f 6589 6588 6591

# obj1373
v 224.3966217 127.62787628 434.38647461
v 217.13865662 243.5486145 420.60699463
v 224.02075195 112.23278809 420.60699463
v 219.12181091 228.2771759 434.38647461
usemtl Patch_1373_Mat_CR4_whitePanels
f 6592 6593 6594
f 6593 6592 6595

# obj1374
v 219.12181091 228.2771759 434.38647461
v 220.68870544 228.35929871 435.82678223
v 220.68870544 228.35929871 434.25198364
v 219.12181091 228.2771759 435.96130371
usemtl Patch_1374_Mat_CR4_whitePanels
f 6596 6597 6598
f 6597 6596 6599

# obj1375
v 523.43487549 244.22550964 466.73080444
v 524.99542236 244.30729675 468.11029053
v 524.99542236 244.30729675 466.53549194
v 523.43487549 244.22550964 468.30560303
usemtl Patch_1375_Mat_CR4_whitePanels
f 6600 6601 6602
f 6601 6600 6603

# obj1376
v 524.99542236 244.30729675 466.53549194
v 680.54974365 285.18148804 449.21261597
v 680.54974365 285.18148804 447.63781738
v 524.99542236 244.30729675 468.11029053
usemtl Patch_1376_Mat_CR4_whitePanels
f 6604 6605 6606
f 6605 6604 6607

# obj1377
v 385.3949585 109.65128326 431.49609375
v 378.92822266 263.06637573 431.39129639
v 377.35903931 262.98413086 431.49609375
v 386.96411133 109.73352051 431.39129639
usemtl Patch_1377_Mat_CR4_whitePanels
f 6608 6609 6610
f 6609 6608 6611

# obj1378
v 385.3949585 109.65128326 431.49609375
v 376.96582031 262.96353149 425.59057617
v 385.00158691 109.63066864 425.59057617
v 377.35903931 262.98413086 431.49609375
usemtl Patch_1378_Mat_CR4_whitePanels
f 6612 6613 6614
f 6613 6612 6615

# obj1379
v 376.96582031 262.96353149 424.01577759
v 378.53500366 263.04577637 425.48577881
v 378.43035889 263.04031372 423.91445923
v 376.96582031 262.96353149 425.59057617
v 378.92822266 263.06637573 431.39129639
v 377.35903931 262.98413086 431.49609375
usemtl Patch_1379_Mat_CR4_whitePanels
f 6616 6617 6618
f 6617 6616 6619
f 6617 6619 6620
f 6620 6619 6621

# obj1380
v 378.53500366 263.04577637 425.48577881
v 386.96411133 109.73352051 431.39129639
v 386.57073975 109.71290588 425.48577881
v 378.92822266 263.06637573 431.39129639
usemtl Patch_1380_Mat_CR4_whitePanels
f 6622 6623 6624
f 6623 6622 6625

# obj1381
v 386.57073975 109.71290588 425.48577881
v 385.00158691 109.63066864 424.01577759
v 386.46606445 109.70742035 423.91445923
v 385.00158691 109.63066864 425.59057617
v 386.96411133 109.73352051 431.39129639
v 385.3949585 109.65128326 431.49609375
usemtl Patch_1381_Mat_CR4_whitePanels
f 6626 6627 6628
f 6627 6626 6629
f 6629 6626 6630
f 6629 6630 6631

# obj1382
v 225.96353149 127.70999146 435.82678223
v 376.96582031 262.96353149 425.59057617
v 220.68870544 228.35929871 435.82678223
v 385.00158691 109.63066864 425.59057617
usemtl Patch_1382_Mat_CR4_whitePanels
f 6632 6633 6634
f 6633 6632 6635

# obj1383
v 225.58764648 112.31491089 420.47250366
v 224.3966217 127.62787628 434.38647461
v 224.02075195 112.23278809 420.60699463
v 225.96353149 127.70999146 434.25198364
usemtl Patch_1383_Mat_CR4_whitePanels
f 6636 6637 6638
f 6637 6636 6639

# obj1384
v 218.70556641 243.63072205 420.47250366
v 225.96353149 127.70999146 434.25198364
v 225.58764648 112.31491089 420.47250366
v 220.68870544 228.35929871 434.25198364
usemtl Patch_1384_Mat_CR4_whitePanels
f 6640 6641 6642
f 6641 6640 6643

# obj1385
v 218.70556641 243.63072205 420.47250366
v 224.02075195 112.23278809 420.60699463
v 217.13865662 243.5486145 420.60699463
v 225.58764648 112.31491089 420.47250366
usemtl Patch_1385_Mat_CR4_whitePanels
f 6644 6645 6646
f 6645 6644 6647

# obj1386
v 529.74072266 274.1239624 435.82678223
v 379.29632568 135.74583435 450.39370728
v 374.02157593 236.39508057 450.39370728
v 538.10632324 114.50061035 435.82678223
usemtl Patch_1386_Mat_CR4_whitePanels
f 6648 6649 6650
f 6649 6648 6651

# obj1387
v 530.27032471 143.65803528 468.11029053
v 680.54974365 285.18148804 449.21261597
v 524.99542236 244.30729675 468.11029053
v 689.24511719 119.26750946 449.21261597
usemtl Patch_1387_Mat_CR4_whitePanels
f 6652 6653 6654
f 6653 6652 6655

# obj1388
v 226.85827637 251.94282532 411.33673096
v 235.04034424 104.92547607 420.38970947
v 234.56440735 104.90052032 411.33673096
v 227.33410645 251.96769714 420.38970947
usemtl Patch_1388_Mat_CR4_whitePanels
f 6656 6657 6658
f 6657 6656 6659

# obj1389
v 220.68870544 228.35929871 434.25198364
v 376.96582031 262.96353149 425.59057617
v 376.96582031 262.96353149 424.01577759
v 220.68870544 228.35929871 435.82678223
usemtl Patch_1389_Mat_CR4_whitePanels
f 6660 6661 6662
f 6661 6660 6663

# obj1390
v 378.43035889 263.04031372 423.91445923
v 385.00158691 109.63066864 424.01577759
v 376.96582031 262.96353149 424.01577759
v 386.46606445 109.70742035 423.91445923
usemtl Patch_1390_Mat_CR4_whitePanels
f 6664 6665 6666
f 6665 6664 6667

# obj1391
v 225.37046814 251.86483765 411.4173584
v 221.17868042 106.17019653 412.20477295
v 213.67866516 249.28085327 412.20477295
v 233.07661438 104.82254791 411.4173584
usemtl Patch_1391_Mat_CR4_whitePanels
f 6668 6669 6670
f 6669 6668 6671

# obj1392
v 377.73251343 135.66387939 452.13510132
v 374.02157593 236.39508057 451.96853638
v 372.45776367 236.31312561 452.13510132
v 379.29632568 135.74583435 451.96853638
usemtl Patch_1392_Mat_CR4_whitePanels
f 6672 6673 6674
f 6673 6672 6675

# obj1393
v 680.54974365 285.18148804 447.63781738
v 530.27032471 143.65803528 466.53549194
v 524.99542236 244.30729675 466.53549194
v 689.24511719 119.26750946 447.63781738
usemtl Patch_1393_Mat_CR4_whitePanels
f 6676 6677 6678
f 6677 6676 6679

# obj1394
v 226.85827637 251.94282532 411.33673096
v 233.07661438 104.82254791 411.4173584
v 225.37046814 251.86483765 411.4173584
v 234.56440735 104.90052032 411.33673096
usemtl Patch_1394_Mat_CR4_whitePanels
f 6680 6681 6682
f 6681 6680 6683

# obj1395
v 233.46986389 104.84317017 420.47250366
v 227.33410645 251.96769714 420.38970947
v 225.76364136 251.88539124 420.47250366
v 235.04034424 104.92547607 420.38970947
usemtl Patch_1395_Mat_CR4_whitePanels
f 6684 6685 6686
f 6685 6684 6687

# obj1396
v 372.45776367 236.31312561 450.56030273
v 374.02157593 236.39508057 451.96853638
v 374.02157593 236.39508057 450.39370728
v 372.45776367 236.31312561 452.13510132
usemtl Patch_1396_Mat_CR4_whitePanels
f 6688 6689 6690
f 6689 6688 6691

# obj1397
v 682.0098877 285.25802612 448.62780762
v 692.77545166 124.9719162 454.53329468
v 690.70532227 119.34403229 448.62780762
v 684.65734863 279.87747192 454.53329468
usemtl Patch_1397_Mat_CR4_whitePanels
f 6692 6693 6694
f 6693 6692 6695

# obj1398
v 686.22039795 210.62991333 230.31497192
v 714.96063232 323.22836304 230.31497192
v 679.52758789 320.47241211 230.31497192
v 698.03399658 211.62750244 230.31497192
v 709.84747314 212.62509155 230.31497192
v 721.53997803 213.61245728 230.31495667
usemtl Patch_1398_Mat_CR4_seating
f 6696 6697 6698
f 6697 6696 6699
f 6697 6699 6700
f 6697 6700 6701

# obj1399
v 649.03717041 119.47755432 140.89805603
v 649.95294189 71.83975983 164.50234985
v 649.03717041 71.83975983 140.89805603
v 649.95294189 119.47755432 164.50234985
usemtl Patch_1399_Mat_CR4_whitePanels
f 6702 6703 6704
f 6703 6702 6705

# obj1400
v 586.48577881 119.47755432 143.32484436
v 649.03717041 71.83975983 140.89805603
v 586.48577881 71.83975983 143.32484436
v 649.03717041 119.47755432 140.89805603
usemtl Patch_1400_Mat_CR4_whitePanels
f 6706 6707 6708
f 6707 6706 6709

# obj1401
v 688.97637939 154.33070374 224.40943909
v 698.03399658 211.62750244 224.40945435
v 686.22039795 210.62991333 224.40945435
v 700.78741455 154.33070374 224.40943909
usemtl Patch_1401_Mat_CR4_linoleum
f 6710 6711 6712
f 6711 6710 6713

# obj1402
v 883.48974609 273.12420654 465.26989746
v 891.39837646 214.42459106 424.43167114
v 887.9821167 214.41503906 465.62884521
v 886.90600586 273.13375854 424.07272339
usemtl Patch_1402_Mat_CR4_windows
f 6714 6715 6716
f 6715 6714 6717

# obj1403
v 759.8425293 154.72441101 259.44882202
v 771.63726807 155.34362793 265.3543396
v 771.63726807 155.34362793 259.44882202
v 759.8425293 154.72441101 265.3543396
usemtl Patch_1403_Mat_CR4_linoleum
f 6718 6719 6720
f 6719 6718 6721

# obj1404
v 759.8425293 154.72441101 259.44882202
v 768.39031982 217.19192505 259.44885254
v 756.59552002 216.57270813 259.44885254
v 771.63726807 155.34362793 259.44882202
usemtl Patch_1404_Mat_CR4_linoleum
f 6722 6723 6724
f 6723 6722 6725

# obj1405
v 698.03399658 211.62750244 230.31497192
v 700.78741455 154.33070374 224.40943909
v 700.78741455 154.33070374 230.31494141
v 698.03399658 211.62750244 224.40945435
usemtl Patch_1405_Mat_CR4_linoleum
f 6726 6727 6728
f 6727 6726 6729

# obj1406
v 745.01422119 215.59472656 253.54333496
v 756.59552002 216.57270813 247.63781738
v 745.01422119 215.59472656 247.63781738
v 756.59552002 216.57270813 253.54333496
usemtl Patch_1406_Mat_CR4_linoleum
f 6730 6731 6732
f 6731 6730 6733

# obj1407
v 721.53997803 213.61245728 247.63781738
v 750 326.77166748 247.63781738
v 714.96063232 323.22836304 247.63781738
v 733.33764648 214.60870361 247.63781738
v 745.01422119 215.59472656 247.63781738
v 756.59552002 216.57270813 247.63781738
usemtl Patch_1407_Mat_CR4_seating
f 6734 6735 6736
f 6735 6734 6737
f 6735 6737 6738
f 6735 6738 6739

# obj1408
v 688.97637939 154.33070374 224.40943909
v 686.22039795 210.62991333 218.50390625
v 688.97637939 154.33070374 218.50390625
v 686.22039795 210.62991333 224.40945435
usemtl Patch_1408_Mat_CR4_linoleum
f 6740 6741 6742
f 6741 6740 6743

# obj1409
v 709.84747314 212.62509155 236.22047424
v 712.59844971 154.33070374 230.31494141
v 712.59844971 154.33070374 236.22045898
v 709.84747314 212.62509155 230.31497192
usemtl Patch_1409_Mat_CR4_linoleum
f 6744 6745 6746
f 6745 6744 6747

# obj1410
v 714.96063232 323.22836304 247.63781738
v 721.54003906 213.61245728 241.73231506
v 721.53997803 213.61245728 247.63781738
v 721.53997803 213.61245728 230.31495667
v 721.54003906 213.61245728 236.22047424
v 714.96063232 323.22836304 230.31497192
usemtl Patch_1410_Mat_CR4_seating
f 6748 6749 6750
f 6749 6751 6752
f 6751 6749 6753
f 6753 6749 6748

# obj1411
v 756.59552002 216.57270813 259.44885254
v 756.59552002 216.57270813 247.63781738
v 756.59552002 216.57270813 253.54333496
v 756.59552002 216.57270813 265.3543396
v 750 326.77166748 265.3543396
v 750 326.77166748 247.63781738
usemtl Patch_1411_Mat_CR4_seating
f 6755 6757 6758
f 6755 6758 6759

# obj1412
v 759.8425293 154.72441101 259.44882202
v 756.59552002 216.57270813 253.54333496
v 759.8425293 154.72441101 253.5433197
v 756.59552002 216.57270813 259.44885254
usemtl Patch_1412_Mat_CR4_linoleum
f 6760 6761 6762
f 6761 6760 6763

# obj1413
v 733.33764648 214.60870361 241.91288757
v 732.60406494 214.54675293 241.73231506
v 733.33764648 214.60870361 241.73231506
usemtl Patch_1413_Mat_CR4_seating
f 6764 6765 6766

# obj1414
v 732.60406494 214.54675293 241.73231506
v 721.53997803 213.61245728 247.63781738
v 721.54003906 213.61245728 241.73231506
v 733.33764648 214.60870361 241.91288757
v 733.33764648 214.60870361 247.63781738
usemtl Patch_1414_Mat_CR4_linoleum
f 6767 6768 6769
f 6768 6767 6770
f 6768 6770 6771

# obj1415
v 771.63726807 155.34362793 265.3543396
v 768.39031982 217.19192505 259.44885254
v 771.63726807 155.34362793 259.44882202
v 768.39031982 217.19192505 265.3543396
usemtl Patch_1415_Mat_CR4_linoleum
f 6772 6773 6774
f 6773 6772 6775

# obj1416
v 698.03399658 211.62750244 224.40945435
v 686.22039795 210.62991333 230.31497192
v 686.22039795 210.62991333 224.40945435
v 698.03399658 211.62750244 230.31497192
usemtl Patch_1416_Mat_CR4_linoleum
f 6776 6777 6778
f 6777 6776 6779

# obj1417
v 724.40942383 154.33070374 241.73228455
v 732.60406494 214.54675293 241.73231506
v 721.54003906 213.61245728 241.73231506
v 736.22045898 154.46194458 241.73228455
v 733.33764648 214.60870361 241.73231506
usemtl Patch_1417_Mat_CR4_linoleum
f 6780 6781 6782
f 6781 6780 6783
f 6781 6783 6784

# obj1418
v 745.01422119 215.59472656 253.54333496
v 748.03149414 154.59317017 247.63780212
v 748.03149414 154.59317017 253.5433197
v 745.01422119 215.59472656 247.63781738
usemtl Patch_1418_Mat_CR4_linoleum
f 6785 6786 6787
f 6786 6785 6788

# obj1419
v 724.40942383 154.33070374 241.73228455
v 721.54003906 213.61245728 236.22047424
v 724.40942383 154.33070374 236.22045898
v 721.54003906 213.61245728 241.73231506
usemtl Patch_1419_Mat_CR4_linoleum
f 6789 6790 6791
f 6790 6789 6792

# obj1420
v 712.59844971 154.33070374 236.22045898
v 721.54003906 213.61245728 236.22047424
v 709.84747314 212.62509155 236.22047424
v 724.40942383 154.33070374 236.22045898
usemtl Patch_1420_Mat_CR4_linoleum
f 6793 6794 6795
f 6794 6793 6796

# obj1421
v 586.48577881 119.47755432 143.32484436
v 649.95294189 119.47755432 164.50234985
v 649.03717041 119.47755432 140.89805603
v 587.40155029 119.47755432 166.92913818
usemtl Patch_1421_Mat_CR4_whitePanels
f 6797 6798 6799
f 6798 6797 6800

# obj1422
v 748.03149414 154.59317017 253.5433197
v 756.59552002 216.57270813 253.54333496
v 745.01422119 215.59472656 253.54333496
v 759.8425293 154.72441101 253.5433197
usemtl Patch_1422_Mat_CR4_linoleum
f 6801 6802 6803
f 6802 6801 6804

# obj1423
v 606.31628418 152.9082489 183.46455383
v 615.35430908 204.72439575 183.46453857
v 603.56036377 204.08934021 183.46453857
v 618.11022949 153.54330444 183.46455383
usemtl Patch_1423_Mat_CR4_linoleum
f 6805 6806 6807
f 6806 6805 6808

# obj1424
v 887.9821167 214.41503906 465.62884521
v 895.90405273 155.54269409 424.79162598
v 892.48773193 155.53314209 465.98883057
v 891.39837646 214.42459106 424.43167114
usemtl Patch_1424_Mat_CR4_windows
f 6809 6810 6811
f 6810 6809 6812

# obj1425
v 587.40155029 119.47755432 166.92913818
v 586.48577881 71.83975983 143.32484436
v 587.40155029 71.83975983 166.92913818
v 586.48577881 119.47755432 143.32484436
usemtl Patch_1425_Mat_CR4_whitePanels
f 6813 6814 6815
f 6814 6813 6816

# obj1426
v 603.56036377 204.08934021 183.46453857
v 606.31628418 152.9082489 177.55903625
v 606.31628418 152.9082489 183.46455383
v 603.56036377 204.08934021 177.559021
usemtl Patch_1426_Mat_CR4_linoleum
f 6817 6818 6819
f 6818 6817 6820

# obj1427
v 603.56036377 204.08934021 183.46453857
v 615.35430908 204.72439575 177.559021
v 603.56036377 204.08934021 177.559021
v 615.35430908 204.72439575 183.46453857
usemtl Patch_1427_Mat_CR4_linoleum
f 6821 6822 6823
f 6822 6821 6824

# obj1428
v 649.95294189 71.83975983 164.50234985
v 586.48577881 71.83975983 143.32484436
v 649.03717041 71.83975983 140.89805603
v 587.40155029 71.83975983 166.92913818
usemtl Patch_1428_Mat_CR4_whitePanels
f 6825 6826 6827
f 6826 6825 6828

# obj1429
v 768.39031982 217.19192505 265.3543396
v 756.59552002 216.57270813 259.44885254
v 768.39031982 217.19192505 259.44885254
v 756.59552002 216.57270813 265.3543396
usemtl Patch_1429_Mat_CR4_linoleum
f 6829 6830 6831
f 6830 6829 6832

# obj1430
v 618.11022949 153.54330444 177.55903625
v 606.31628418 152.9082489 183.46455383
v 606.31628418 152.9082489 177.55903625
v 618.11022949 153.54330444 183.46455383
usemtl Patch_1430_Mat_CR4_linoleum
f 6833 6834 6835
f 6834 6833 6836

# obj1431
v 587.40155029 591.62841797 166.92913818
v 568.89764404 276.37792969 166.92913818
v 559.4487915 387.00790405 166.92913818
usemtl Patch_1431_Mat_CR4_concrete
f 6837 6838 6839

# obj1432
v 587.40155029 591.62841797 166.92913818
v 559.4487915 387.00790405 166.92913818
v 546.43719482 496.38671875 166.92913818
usemtl Patch_1432_Mat_CR4_concrete
f 6840 6841 6842

# obj1433
v 587.40155029 591.62841797 166.92913818
v 546.43719482 496.38671875 166.92913818
v 491.71121216 487.28262329 166.92915344
usemtl Patch_1433_Mat_CR4_concrete
f 6843 6844 6845

# obj1434
v 587.40155029 591.62841797 166.92913818
v 491.71121216 487.28262329 166.92915344
v 477.65667725 574.54333496 166.92915344
usemtl Patch_1434_Mat_CR4_concrete
f 6846 6847 6848

# obj1435
v 578.34643555 55.11811066 166.92913818
v 587.40155029 -0 166.92913818
v 578.34643555 -0 166.92913818
v 587.40155029 71.83975983 166.92913818
v 587.40155029 591.62841797 166.92913818
v 587.40155029 119.47755432 166.92913818
usemtl Patch_1435_Mat_CR4_concrete
f 6849 6850 6851
f 6850 6849 6852
f 6852 6849 6853

# obj1436
v 656.29925537 -0 195.27557373
v 620.86608887 108.26772308 195.27557373
v 620.86608887 -0 195.27557373
v 629.92126465 153.54330444 195.27557373
v 641.7322998 153.54330444 195.27557373
v 653.54333496 153.54330444 195.27557373
v 656.29925537 108.26772308 195.27557373
usemtl Patch_1436_Mat_CR4_seating
f 6855 6856 6857
f 6856 6855 6858
f 6858 6855 6859
f 6859 6855 6860
f 6860 6855 6861

# obj1437
v 629.92126465 153.54330444 195.27557373
v 618.11022949 153.54330444 195.27557373
v 620.86608887 108.26772308 195.27557373
usemtl Patch_1437_Mat_CR4_seating
f 6862 6863 6864

# obj1438
v 852.08032227 -0 265.3543396
v 851.18109131 86.61417389 265.3543396
v 851.21453857 -0 265.3543396
usemtl Patch_1438_Mat_CR4_linoleum
f 6865 6866 6867

# obj1439
v 851.21453857 -0 265.3543396
v 851.18109131 86.61417389 265.3543396
v 851.18109131 -0 265.3543396
v 852.08032227 -0 265.3543396
usemtl Patch_1439_Mat_CR4_linoleum
f 6868 6869 6870
f 6869 6868 6871

# obj1440
v 490.59378052 492.68365479 177.55905151
v 564.98223877 588.13818359 177.55903625
v 477.41513062 574.5057373 177.559021
v 551.18109131 502.75592041 177.55905151
v 564.17321777 388.18896484 177.55906677
v 573.62207031 277.55908203 177.55906677
v 572.44152832 540.28948975 177.55903625
v 584.1116333 542.10876465 177.55903625
v 580.31494141 166.53544617 177.55906677
v 583.46453857 55.51181412 177.55906677
v 620.86608887 -0 177.55903625
v 583.46453857 -0 177.55906677
v 606.31628418 152.9082489 177.55903625
v 603.56036377 204.08934021 177.559021
v 591.19281006 495.59185791 177.559021
v 618.11022949 153.54330444 177.55903625
v 620.86608887 108.26772308 177.55903625
v 609.05511475 314.56692505 177.559021
v 615.35430908 204.72439575 177.559021
usemtl Patch_1440_Mat_CR4_linoleum
f 6872 6873 6874
f 6873 6872 6875
f 6873 6875 6876
f 6873 6876 6877
f 6873 6877 6878
f 6878 6877 6879
f 6879 6877 6880
f 6879 6880 6881
f 6882 6881 6883
f 6881 6882 6884
f 6881 6884 6879
f 6879 6884 6885
f 6879 6885 6886
f 6884 6882 6887
f 6887 6882 6888
f 6885 6889 6886
f 6889 6885 6890

# obj1441
v 551.18109131 502.75592041 209.05513
v 490.59378052 492.68365479 209.05511475
v 491.57925415 487.26068115 209.05511475
usemtl Patch_1441_Mat_CR4_whitePanels
f 6891 6892 6893

# obj1442
v 551.18109131 502.75592041 209.05513
v 491.57925415 487.26068115 209.05511475
v 546.43719482 496.38671875 209.05511475
usemtl Patch_1442_Mat_CR4_whitePanels
f 6894 6895 6896

# obj1443
v 559.4487915 387.00790405 209.05513
v 551.18109131 502.75592041 209.05513
v 546.43719482 496.38671875 209.05511475
usemtl Patch_1443_Mat_CR4_whitePanels
f 6897 6898 6899

# obj1444
v 564.17321777 388.18896484 209.05513
v 551.18109131 502.75592041 209.05513
v 559.4487915 387.00790405 209.05513
usemtl Patch_1444_Mat_CR4_whitePanels
f 6900 6901 6902

# obj1445
v 568.89764404 276.37792969 209.05513
v 564.17321777 388.18896484 209.05513
v 559.4487915 387.00790405 209.05513
usemtl Patch_1445_Mat_CR4_whitePanels
f 6903 6904 6905

# obj1446
v 573.62207031 277.55908203 209.05513
v 564.17321777 388.18896484 209.05513
v 568.89764404 276.37792969 209.05513
usemtl Patch_1446_Mat_CR4_whitePanels
f 6906 6907 6908

# obj1447
v 575.19683838 165.74801636 209.05513
v 573.62207031 277.55908203 209.05513
v 568.89764404 276.37792969 209.05513
usemtl Patch_1447_Mat_CR4_whitePanels
f 6909 6910 6911

# obj1448
v 580.31494141 166.53544617 209.05513
v 573.62207031 277.55908203 209.05513
v 575.19683838 165.74801636 209.05513
usemtl Patch_1448_Mat_CR4_whitePanels
f 6912 6913 6914

# obj1449
v 580.31494141 166.53544617 209.05513
v 575.19683838 165.74801636 209.05513
v 578.34643555 55.11811066 209.05513
usemtl Patch_1449_Mat_CR4_whitePanels
f 6915 6916 6917

# obj1450
v 583.46453857 -0 209.05513
v 578.34643555 55.11811066 209.05513
v 578.34643555 -0 209.05513
v 580.31494141 166.53544617 209.05513
v 583.46453857 55.51181412 209.05513
usemtl Patch_1450_Mat_CR4_whitePanels
f 6918 6919 6920
f 6919 6918 6921
f 6921 6918 6922

# obj1451
v 43.04867554 87.126297 -31.49605751
v 30.19053841 361.03488159 -31.49597168
v 22.33902931 360.43994141 -31.49597168
v 77.55903625 -0 -31.49606133
v 12.20472431 80.31496429 -31.49605751
v 12.2047224 -0 -31.49605942
v 51.25629425 83.02149963 -31.49605751
v 29.89307404 364.96063232 -31.49597168
v 43.77355957 506.99633789 -31.49603844
v 24.55283546 364.96063232 -31.49597168
v 50.90018463 87.72122955 -31.49605751
v 77.55903625 512.25610352 -31.49606133
usemtl Patch_1451_Mat_CR4_linoleum
f 6923 6924 6925
f 6926 6927 6928
f 6927 6926 6929
f 6930 6931 6932
f 6931 6930 6924
f 6931 6924 6923
f 6931 6923 6933
f 6931 6933 6934
f 6934 6933 6929
f 6934 6929 6926

# obj1452
v 12.2047224 -0 -31.49605942
v 12.20472431 118.11023712 0
v 12.20472431 -0 -0
v 12.20472431 80.31496429 -25.19684982
v 12.20472431 80.31496429 -31.49605751
v 12.20472431 89.76377869 -18.89763832
v 12.20472431 89.76377869 -25.19684982
v 12.20472431 99.21260071 -12.59842491
v 12.20472431 99.21260071 -18.89763832
v 12.20472431 108.6614151 -6.29921246
v 12.20472431 108.6614151 -12.59842491
v 12.20472431 118.11023712 -6.29921246
usemtl Patch_1452_Mat_CR4_parquet
f 6935 6936 6937
f 6936 6935 6938
f 6938 6935 6939
f 6936 6938 6940
f 6940 6938 6941
f 6936 6940 6942
f 6942 6940 6943
f 6936 6942 6944
f 6944 6942 6945
f 6936 6944 6946

# obj1453
v -146.0630188 364.96060181 15.74803543
v 0.09306635 364.96063232 -49.21255493
v -146.06300354 364.96066284 -49.21259689
v 0.09306635 364.96063232 -43.30702591
v 12.32295132 364.96063232 -43.30702591
v 12.32295132 364.96063232 -37.4015007
v 24.55283546 364.96063232 -37.4015007
v 24.55283546 364.96063232 -31.49597168
v -39.76376343 364.96066284 0
v -70.86616516 364.96060181 7.87401772
v -70.86616516 364.96060181 15.74803543
v -39.76376343 364.96066284 7.87401772
v 29.89307594 364.96063232 8.976E-05
v 29.89307404 364.96063232 -31.49597168
usemtl Patch_1453_Mat_CR4_linoleum
f 6947 6948 6949
f 6948 6947 6950
f 6950 6947 6951
f 6951 6947 6952
f 6952 6947 6953
f 6953 6947 6954
f 6954 6947 6955
f 6955 6947 6956
f 6956 6947 6957
f 6958 6955 6956
f 6954 6959 6960
f 6959 6954 6955

# obj1454
v 864.57446289 303.53182983 39.37007523
v 852.1114502 330.34741211 167.71653748
v 854.07958984 302.78829956 167.71653748
v 862.6048584 331.10281372 39.37007141
usemtl Patch_1454_Mat_CR4_concrete
f 6961 6962 6963
f 6962 6961 6964

# obj1455
v -193.30706787 349.21258545 15.74803543
v -146.06300354 364.96066284 -49.21259689
v -193.30708313 349.21258545 -49.21259689
v -146.0630188 364.96060181 15.74803543
usemtl Patch_1455_Mat_CR4_linoleum
f 6965 6966 6967
f 6966 6965 6968

# obj1456
v 901.96850586 299.60629272 167.71653748
v 890.5512085 425.59057617 39.37007904
v 901.96850586 299.60629272 39.37007904
v 890.55114746 425.59057617 167.71653748
usemtl Patch_1456_Mat_CR4_woodPanels
f 6969 6970 6971
f 6970 6969 6972

# obj1457
v 912.9921875 401.57479858 39.37007904
v 914.96063232 374.80316162 129.92126465
v 914.96063232 374.80316162 39.37007904
v 914.96063232 374.80316162 167.71653748
v 912.99206543 401.57479858 167.71653748
usemtl Patch_1457_Mat_CR4_woodPanels
f 6973 6974 6975
f 6974 6973 6976
f 6976 6973 6977

# obj1458
v -193.30708313 349.21258545 -49.21259689
v -194.27218628 352.04135132 6.81003475
v -193.30706787 349.21258545 15.74803543
v -216.14175415 416.14172363 -49.21259689
v -209.42807007 396.46374512 6.70420027
v -209.42832947 396.46453857 15.74803543
v -216.14170837 416.14172363 15.74803543
v -194.27218628 352.04135132 15.74803543
usemtl Patch_1458_Mat_CR4_linoleum
f 6978 6979 6980
f 6979 6978 6981
f 6979 6981 6982
f 6982 6981 6983
f 6983 6981 6984
f 6985 6980 6979

# obj1459
v -267.86090088 198.24906921 7.87401772
v -246.45669556 231.88975525 7.87401772
v -268.26828003 206.63421631 7.87401772
v -39.33636856 275.56149292 7.87410736
v -70.86616516 343.30709839 7.87401772
v -70.86616516 364.96060181 7.87401772
v -39.76376343 364.96066284 7.87401772
v -273.03210449 254.49868774 7.87401772
v -275.04522705 273.40441895 7.87401772
usemtl Patch_1459_Mat_CR4_parquet
f 6986 6987 6988
f 6987 6986 6989
f 6987 6989 6990
f 6990 6989 6991
f 6991 6989 6992
f 6993 6990 6994
f 6990 6993 6987

# obj1460
v 874.80957031 92.12611389 39.37007141
v 863.53302002 119.4703064 167.71653748
v 864.32061768 91.91121674 167.71653748
v 874.02215576 119.68518066 39.37007141
usemtl Patch_1460_Mat_CR4_concrete
f 6995 6996 6997
f 6996 6995 6998

# obj1461
v -196.85040283 98.42519379 254.33070374
v -140.55119324 -0 254.33070374
v -196.85040283 -0 254.33070374
v -173.22833252 275.59054565 254.33070374
v -140.55119324 275.59054565 254.33070374
usemtl Patch_1461_Mat_CR4_whitePanels
f 6999 7000 7001
f 7000 6999 7002
f 7000 7002 7003

# obj1462
v 851.18109131 -0 265.3543396
v 851.18109131 86.61417389 300.78741455
v 851.18109131 -0 300.78741455
v 851.18109131 86.61417389 265.3543396
usemtl Patch_1462_Mat_CR4_linoleum
f 7004 7005 7006
f 7005 7004 7007

# obj1463
v 851.18109131 -0 300.78741455
v 843.70080566 70.86614227 300.78741455
v 843.70080566 -0 300.78741455
v 779.1338501 86.61417389 300.78741455
v 779.1338501 70.86614227 300.78741455
v 851.18109131 86.61417389 300.78741455
usemtl Patch_1463_Mat_CR4_linoleum
f 7008 7009 7010
f 7009 7011 7012
f 7011 7009 7013
f 7013 7009 7008

# obj1464
v 707.48028564 -0 267.71655273
v 691.7322998 86.61417389 267.71652222
v 691.7322998 -0 267.71652222
v 707.48028564 70.86614227 267.71655273
v 707.48028564 86.61417389 267.71655273
usemtl Patch_1464_Mat_CR4_linoleum
f 7014 7015 7016
f 7015 7014 7017
f 7015 7017 7018

# obj1465
v 691.7322998 86.61417389 267.71652222
v 691.7322998 -0 230.31497192
v 691.7322998 -0 267.71652222
v 691.7322998 86.61417389 230.31497192
usemtl Patch_1465_Mat_CR4_linoleum
f 7019 7020 7021
f 7020 7019 7022

# obj1466
v 620.86608887 -0 195.27557373
v 620.86608887 108.26772308 177.55903625
v 620.86608887 -0 177.55903625
v 620.86608887 108.26772308 195.27557373
usemtl Patch_1466_Mat_CR4_seating
f 7023 7024 7025
f 7024 7023 7026

# obj1467
v 707.48028564 70.86614227 222.44093323
v 707.48028564 -0 267.71655273
v 707.48028564 -0 222.44093323
v 707.48028564 70.86614227 267.71655273
usemtl Patch_1467_Mat_CR4_linoleum
f 7027 7028 7029
f 7028 7027 7030

# obj1468
v 843.70080566 -0 222.44093323
v 707.48028564 70.86614227 222.44093323
v 707.48028564 -0 222.44093323
v 843.70080566 70.86614227 222.44093323
usemtl Patch_1468_Mat_CR4_linoleum
f 7031 7032 7033
f 7032 7031 7034

# obj1469
v 843.70080566 70.86614227 300.78741455
v 843.70080566 -0 222.44093323
v 843.70080566 -0 300.78741455
v 843.70080566 70.86614227 222.44093323
usemtl Patch_1469_Mat_CR4_linoleum
f 7035 7036 7037
f 7036 7035 7038

# obj1470
v 583.46453857 55.51181412 177.55906677
v 583.46453857 -0 209.05513
v 583.46453857 -0 177.55906677
v 583.46453857 55.51181412 209.05513
usemtl Patch_1470_Mat_CR4_whitePanels
f 7039 7040 7041
f 7040 7039 7042

# obj1471
v 844.88195801 91.66873932 155.90551758
v 850.39373779 -0 167.71655273
v 844.88195801 -0 155.90551758
v 850.39373779 91.73221588 167.71655273
usemtl Patch_1471_Mat_CR4_concrete
f 7043 7044 7045
f 7044 7043 7046

# obj1472
v 578.34643555 55.11811066 209.05513
v 578.34643555 -0 166.92913818
v 578.34643555 -0 209.05513
v 578.34643555 55.11811066 166.92913818
usemtl Patch_1472_Mat_CR4_whitePanels
f 7047 7048 7049
f 7048 7047 7050

# obj1473
v 587.40155029 591.62841797 166.92913818
v 649.95294189 119.47755432 164.50234985
v 587.40155029 119.47755432 166.92913818
v 766.6496582 619.53381348 159.97489929
v 766.6496582 -0 159.97489929
v 587.40155029 71.83975983 166.92913818
v 587.40155029 -0 166.92913818
v 649.95294189 71.83975983 164.50234985
usemtl Patch_1473_Mat_CR4_concrete
f 7051 7052 7053
f 7052 7051 7054
f 7052 7054 7055
f 7056 7055 7057
f 7055 7056 7058
f 7055 7058 7052

# obj1474
v 927.16534424 46.45669174 129.92126465
v 927.16534424 -0 39.37007904
v 927.16534424 -0 129.92126465
v 927.16534424 46.45669174 39.37007904
usemtl Patch_1474_Mat_CR4_woodPanels
f 7059 7060 7061
f 7060 7059 7062

# obj1475
v -86.30049133 491.92617798 -49.21259689
v -85.51318359 486.86895752 41.33858109
v -85.51318359 486.86895752 -49.21259689
v -86.30049133 491.92617798 41.33858109
usemtl Patch_1475_Mat_CR4_brickwall
f 7063 7064 7065
f 7064 7063 7066

# obj1476
v 0.83884025 505.49203491 159.44874573
v -86.30049133 491.92617798 68.89762878
v 0.83884025 505.49203491 68.89756775
v -86.30049133 491.92617798 159.44880676
usemtl Patch_1476_Mat_CR4_brickwall
f 7067 7068 7069
f 7068 7067 7070

# obj1477
v 927.16534424 46.45669174 39.37007904
v 912.20471191 46.45669174 167.71653748
v 912.20471191 46.45669174 39.37007904
v 927.16534424 46.45669174 129.92126465
v 927.16534424 46.45669174 167.71653748
usemtl Patch_1477_Mat_CR4_brickwall
f 7071 7072 7073
f 7072 7071 7074
f 7072 7074 7075

# obj1478
v 914.96063232 374.80316162 129.92126465
v 1016.53546143 390.55117798 39.37007904
v 914.96063232 374.80316162 39.37007904
v 1016.53546143 390.55117798 129.92126465
usemtl Patch_1478_Mat_CR4_woodPanels
f 7076 7077 7078
f 7077 7076 7079

# obj1479
v 778.73077393 535.19897461 159.34648132
v 837.01434326 541.73309326 39.3700676
v 788.83886719 536.55554199 39.37006378
v 812.25201416 538.80554199 157.60282898
v 826.51776123 540.31591797 167.71655273
v 817.71655273 539.37005615 167.71655273
usemtl Patch_1479_Mat_CR4_concrete
f 7080 7081 7082
f 7081 7080 7083
f 7083 7084 7081
f 7084 7083 7085

# obj1480
v -173.22833252 275.59054565 262.20483398
v -140.55119324 275.59054565 254.33070374
v -173.22833252 275.59054565 254.33070374
v -140.55119324 275.59054565 262.20483398
usemtl Patch_1480_Mat_CR4_whitePanels
f 7086 7087 7088
f 7087 7086 7089

# obj1481
v 42.94706345 421.62451172 100.3937912
v 80.25095367 427.54611206 77.16544342
v 42.94706345 421.62451172 77.16544342
v 80.25095367 427.54611206 85.53157806
v 117.55484772 433.4677124 85.53157806
v 117.55484772 433.4677124 93.89771271
v 154.85874939 439.38931274 93.89771271
v 154.85874939 439.38931274 102.26384735
v 490.59378052 492.68365479 209.05511475
v 192.16262817 445.31088257 110.62998199
v 192.16262817 445.31088257 102.26384735
v 229.46652222 451.23248291 118.99611664
v 229.46652222 451.23248291 110.62998199
v 266.77041626 457.15408325 127.36225128
v 266.77041626 457.15408325 118.99611664
v 304.0743103 463.07568359 135.7283783
v 304.0743103 463.07568359 127.36225128
v 341.37820435 468.99728394 144.09451294
v 341.37820435 468.99728394 135.7283783
v 378.68209839 474.91888428 152.46064758
v 378.68209839 474.91888428 144.09451294
v 415.98599243 480.84048462 160.82678223
v 415.98599243 480.84048462 152.46064758
v 453.28988647 486.76205444 169.19291687
v 453.28988647 486.76205444 160.82678223
v 490.59378052 492.68365479 169.19291687
v 490.59378052 492.68365479 177.55905151
usemtl Patch_1481_Mat_CR4_whitePanels
f 7090 7091 7092
f 7091 7090 7093
f 7093 7090 7094
f 7094 7090 7095
f 7095 7090 7096
f 7096 7090 7097
f 7097 7090 7098
f 7097 7098 7099
f 7097 7099 7100
f 7099 7098 7101
f 7099 7101 7102
f 7101 7098 7103
f 7101 7103 7104
f 7103 7098 7105
f 7103 7105 7106
f 7105 7098 7107
f 7105 7107 7108
f 7107 7098 7109
f 7107 7109 7110
f 7109 7098 7111
f 7109 7111 7112
f 7111 7098 7113
f 7111 7113 7114
f 7113 7098 7115

# obj1482
v 0.83884043 505.49203491 -49.21259689
v -86.30049133 491.92617798 41.33858109
v -86.30049133 491.92617798 -49.21259689
v 0.83884043 505.49203491 41.33858109
usemtl Patch_1482_Mat_CR4_brickwall
f 7117 7118 7119
f 7118 7117 7120

# obj1483
v 490.59378052 492.68365479 209.05511475
v 551.18109131 502.75592041 177.55905151
v 490.59378052 492.68365479 177.55905151
v 551.18109131 502.75592041 209.05513
usemtl Patch_1483_Mat_CR4_whitePanels
f 7121 7122 7123
f 7122 7121 7124

# obj1484
v -86.30049133 491.92617798 68.89762878
v -85.51318359 486.86895752 159.44880676
v -85.51318359 486.86895752 68.89762878
v -86.30049133 491.92617798 159.44880676
usemtl Patch_1484_Mat_CR4_brickwall
f 7125 7126 7127
f 7126 7125 7128

# obj1485
v 615.35430908 204.72439575 189.37005615
v 618.11022949 153.54330444 183.46455383
v 618.11022949 153.54330444 189.37005615
v 615.35430908 204.72439575 183.46453857
usemtl Patch_1485_Mat_CR4_linoleum
f 7129 7130 7131
f 7130 7129 7132

# obj1486
v 0.83884025 505.49203491 159.44874573
v 1.62614477 500.43484497 68.89756775
v 1.62614477 500.43484497 159.44874573
v 0.83884025 505.49203491 68.89756775
usemtl Patch_1486_Mat_CR4_brickwall
f 7133 7134 7135
f 7134 7133 7136

# obj1487
v -76.37795258 391.73226929 100.58416748
v -71.65354919 393.30706787 68.89763641
v -76.37795258 391.73226929 68.89763641
v -71.65354919 393.30706787 100.57839203
usemtl Patch_1487_Mat_CR4_whitePanels
f 7137 7138 7139
f 7138 7137 7140

# obj1488
v 43.82355881 416.18289185 59.84251785
v -70.86616516 375.19683838 100.49472046
v -70.86616516 375.19683838 59.84251785
v 43.82355881 416.18289185 100.36690521
usemtl Patch_1488_Mat_CR4_whitePanels
f 7141 7142 7143
f 7142 7141 7144

# obj1489
v 546.43719482 496.38671875 209.05511475
v 491.71121216 487.28262329 166.92915344
v 546.43719482 496.38671875 166.92913818
v 491.57925415 487.26068115 209.05511475
usemtl Patch_1489_Mat_CR4_whitePanels
f 7145 7146 7147
f 7146 7145 7148

# obj1490
v -173.22833252 275.59054565 262.20483398
v -196.85040283 98.42519379 254.33070374
v -196.85040283 98.42519379 262.20483398
v -173.22833252 275.59054565 254.33070374
usemtl Patch_1490_Mat_CR4_whitePanels
f 7149 7150 7151
f 7150 7149 7152

# obj1491
v 0.83884043 505.49203491 41.33858109
v 1.62614489 500.43484497 -49.21259689
v 1.62614489 500.43484497 41.33858109
v 0.83884043 505.49203491 -49.21259689
usemtl Patch_1491_Mat_CR4_brickwall
f 7153 7154 7155
f 7154 7153 7156

# obj1492
v 975.63641357 652.06890869 167.71653748
v 817.71655273 539.37005615 167.71655273
v 810.09368896 626.29718018 167.71655273
v 826.51776123 540.31591797 167.71655273
v 830.05932617 512.77105713 167.71655273
v 875.98425293 551.5748291 167.71653748
v 838.18902588 329.52752686 167.71655273
v 852.1114502 330.34741211 167.71653748
v 854.07958984 302.78829956 167.71653748
v 863.53302002 119.4703064 167.71653748
v 864.32061768 91.91121674 167.71653748
v 895.27557373 553.93701172 167.71653748
v 912.99206543 401.57479858 167.71653748
v 914.96063232 374.80316162 167.71653748
v 1016.53546143 390.55117798 167.71653748
v 850.39373779 91.73221588 167.71655273
v 927.16534424 -0 167.71653748
v 850.39373779 -0 167.71655273
v 912.20471191 46.45669174 167.71653748
v 890.55114746 425.59057617 167.71653748
v 901.96850586 299.60629272 167.71653748
v 909.05511475 173.22834778 167.71653748
v 927.16534424 46.45669174 167.71653748
v 849.79632568 119.29371643 167.71655273
v 840.1574707 301.57476807 167.71655273
v 820.85845947 511.35552979 167.71655273
usemtl Patch_1492_Mat_CR4_concrete
f 7157 7158 7159
f 7158 7157 7160
f 7160 7157 7161
f 7161 7157 7162
f 7161 7162 7163
f 7163 7162 7164
f 7164 7162 7165
f 7165 7162 7166
f 7166 7162 7167
f 7162 7157 7168
f 7168 7157 7169
f 7169 7157 7170
f 7170 7157 7171
f 7172 7173 7174
f 7173 7172 7167
f 7173 7167 7175
f 7175 7167 7162
f 7175 7162 7176
f 7175 7176 7177
f 7175 7177 7178
f 7173 7175 7179
f 7165 7180 7181
f 7180 7165 7166
f 7163 7182 7161

# obj1493
v 568.89764404 276.37792969 209.05513
v 575.19683838 165.74801636 166.92913818
v 575.19683838 165.74801636 209.05513
v 568.89764404 276.37792969 166.92913818
usemtl Patch_1493_Mat_CR4_whitePanels
f 7183 7184 7185
f 7184 7183 7186

# obj1494
v 580.31494141 166.53544617 177.55906677
v 583.46453857 55.51181412 209.05513
v 583.46453857 55.51181412 177.55906677
v 580.31494141 166.53544617 209.05513
usemtl Patch_1494_Mat_CR4_whitePanels
f 7187 7188 7189
f 7188 7187 7190

# obj1495
v 0.83884043 505.49203491 41.33858109
v -85.51318359 486.86895752 41.33858109
v -86.30049133 491.92617798 41.33858109
v 1.62614489 500.43484497 41.33858109
usemtl Patch_1495_Mat_CR4_brickwall
f 7191 7192 7193
f 7192 7191 7194

# obj1496
v 927.16534424 46.45669174 167.71653748
v 927.16534424 -0 129.92126465
v 927.16534424 -0 167.71653748
v 927.16534424 46.45669174 129.92126465
usemtl Patch_1496_Mat_CR4_woodPanels
f 7195 7196 7197
f 7196 7195 7198

# obj1497
v 615.35430908 204.72439575 195.27555847
v 615.35430908 204.72439575 183.46453857
v 615.35430908 204.72439575 189.37005615
v 615.35430908 204.72439575 177.559021
v 609.05511475 314.56692505 195.27555847
v 609.05511475 314.56692505 177.559021
usemtl Patch_1497_Mat_CR4_seating
f 7202 7199 7203
f 7202 7203 7204

# obj1498
v -70.86616516 375.19683838 100.49472046
v -71.65354919 393.30706787 100.57839203
v -76.37795258 391.73226929 100.58416748
v -67.32285309 381.49603271 100.51342773
v 43.82355881 416.18289185 100.36690521
v 42.94706345 421.62451172 100.3937912
usemtl Patch_1498_Mat_CR4_whitePanels
f 7205 7206 7207
f 7206 7205 7208
f 7208 7205 7209
f 7208 7209 7210

# obj1499
v 0.83884025 505.49203491 159.44874573
v -85.51318359 486.86895752 159.44880676
v -86.30049133 491.92617798 159.44880676
v 1.62614477 500.43484497 159.44874573
usemtl Patch_1499_Mat_CR4_brickwall
f 7211 7212 7213
f 7212 7211 7214

# obj1500
v 559.4487915 387.00790405 209.05513
v 568.89764404 276.37792969 166.92913818
v 568.89764404 276.37792969 209.05513
v 559.4487915 387.00790405 166.92913818
usemtl Patch_1500_Mat_CR4_whitePanels
f 7215 7216 7217
f 7216 7215 7218

# obj1501
v -196.85040283 98.42519379 262.20483398
v -196.85040283 -0 254.33070374
v -196.85040283 -0 262.20483398
v -196.85040283 98.42519379 254.33070374
usemtl Patch_1501_Mat_CR4_whitePanels
f 7219 7220 7221
f 7220 7219 7222

# obj1502
v -140.55119324 -0 262.20483398
v -196.85040283 98.42519379 262.20483398
v -196.85040283 -0 262.20483398
v -173.22833252 275.59054565 262.20483398
v -140.55119324 275.59054565 262.20483398
usemtl Patch_1502_Mat_CR4_whitePanels
f 7223 7224 7225
f 7224 7223 7226
f 7226 7223 7227

# obj1503
v 778.73077393 535.19897461 159.34648132
v 792.64660645 506.802948 39.37007904
v 782.55523682 505.4486084 159.14755249
v 788.83886719 536.55554199 39.37006378
usemtl Patch_1503_Mat_CR4_concrete
f 7228 7229 7230
f 7229 7228 7231

# obj1504
v 587.40155029 591.62841797 166.92913818
v 578.34643555 55.11811066 166.92913818
v 575.19683838 165.74801636 166.92913818
usemtl Patch_1504_Mat_CR4_concrete
f 7232 7233 7234

# obj1505
v 587.40155029 591.62841797 166.92913818
v 575.19683838 165.74801636 166.92913818
v 568.89764404 276.37792969 166.92913818
usemtl Patch_1505_Mat_CR4_concrete
f 7235 7236 7237

# obj1506
v -67.32285309 381.49603271 100.51342773
v 24.86544037 415.04440308 68.89772034
v -67.32285309 381.49603271 68.89763641
v 42.94706345 421.62451172 68.89772797
v 42.94706345 421.62451172 77.16544342
v 42.94706345 421.62451172 100.3937912
usemtl Patch_1506_Mat_CR4_whitePanels
f 7238 7239 7240
f 7239 7238 7241
f 7241 7238 7242
f 7242 7238 7243

# obj1507
v 575.19683838 165.74801636 209.05513
v 578.34643555 55.11811066 166.92913818
v 578.34643555 55.11811066 209.05513
v 575.19683838 165.74801636 166.92913818
usemtl Patch_1507_Mat_CR4_whitePanels
f 7244 7245 7246
f 7245 7244 7247

# obj1508
v 529.93322754 50.3936882 468.30560303
v 529.93322754 -0 466.73080444
v 529.93322754 -0 468.30560303
v 529.93322754 50.3936882 466.73080444
usemtl Patch_1508_Mat_CR4_whitePanels
f 7248 7249 7250
f 7249 7248 7251

# obj1509
v 529.93322754 50.3936882 466.73080444
v 527.17749023 -0 444.6835022
v 529.93322754 -0 466.73080444
v 527.17749023 72.04716492 444.6835022
usemtl Patch_1509_Mat_CR4_whitePanels
f 7252 7253 7254
f 7253 7252 7255

# obj1510
v 226.77159119 50.39373016 434.25198364
v 384.64559937 76.77163696 425.59057617
v 384.64559937 76.77163696 424.01577759
v 226.77159119 50.39373016 435.82678223
usemtl Patch_1510_Mat_CR4_whitePanels
f 7256 7257 7258
f 7257 7256 7259

# obj1511
v 224.0213623 65.74801636 420.60699463
v 225.59040833 -0 420.47250366
v 224.0213623 -0 420.60699463
v 225.59040833 65.74801636 420.47250366
usemtl Patch_1511_Mat_CR4_whitePanels
f 7260 7261 7262
f 7261 7260 7263

# obj1512
v 820.07849121 -0 433.85827637
v 692.1260376 50.39367676 484.64569092
v 692.1260376 -0 484.64569092
v 820.07849121 82.67709351 433.85827637
usemtl Patch_1512_Mat_CR4_whitePanels
f 7264 7265 7266
f 7265 7264 7267

# obj1513
v 226.77159119 -0 435.82678223
v 225.20254517 50.39373016 435.96130371
v 225.20254517 -0 435.96130371
v 226.77159119 50.39373016 435.82678223
usemtl Patch_1513_Mat_CR4_whitePanels
f 7268 7269 7270
f 7269 7268 7271

# obj1514
v 531.49591064 -0 468.11029053
v 529.93322754 50.3936882 468.30560303
v 529.93322754 -0 468.30560303
v 531.49591064 50.3936882 468.11029053
usemtl Patch_1514_Mat_CR4_whitePanels
f 7272 7273 7274
f 7273 7272 7275

# obj1515
v 692.1260376 50.39367676 483.07089233
v 820.07849121 -0 432.28347778
v 692.1260376 -0 483.07089233
v 820.07849121 82.67709351 432.28347778
usemtl Patch_1515_Mat_CR4_whitePanels
f 7276 7277 7278
f 7277 7276 7279

# obj1516
v 528.7401123 72.04716492 444.4881897
v 531.49591064 -0 466.53549194
v 528.7401123 -0 444.4881897
v 531.49591064 50.3936882 466.53549194
usemtl Patch_1516_Mat_CR4_whitePanels
f 7280 7281 7282
f 7281 7280 7283

# obj1517
v 690.67852783 50.39367676 483.69122314
v 692.1260376 50.39367676 484.64569092
v 692.1260376 50.39367676 483.07089233
v 691.24871826 50.39367676 485.02166748
usemtl Patch_1517_Mat_CR4_whitePanels
f 7284 7285 7286
f 7285 7284 7287

# obj1518
v 384.64559937 76.77163696 424.01577759
v 386.21688843 76.77163696 425.48577881
v 386.11212158 76.77164459 423.91445923
v 384.64559937 76.77163696 425.59057617
v 386.61065674 76.77161407 431.39129639
v 385.03933716 76.77161407 431.49609375
usemtl Patch_1518_Mat_CR4_whitePanels
f 7288 7289 7290
f 7289 7288 7291
f 7289 7291 7292
f 7292 7291 7293

# obj1519
v 527.17749023 72.04716492 444.6835022
v 528.7401123 -0 444.4881897
v 527.17749023 -0 444.6835022
v 528.7401123 72.04716492 444.4881897
usemtl Patch_1519_Mat_CR4_whitePanels
f 7294 7295 7296
f 7295 7294 7297

# obj1520
v 225.20254517 50.39373016 435.96130371
v 225.20254517 -0 434.38647461
v 225.20254517 -0 435.96130371
v 225.20254517 50.39373016 434.38647461
usemtl Patch_1520_Mat_CR4_whitePanels
f 7298 7299 7300
f 7299 7298 7301

# obj1521
v 531.49591064 50.3936882 466.53549194
v 688.97619629 83.07078552 449.21261597
v 688.97619629 83.07078552 447.63781738
v 531.49591064 50.3936882 468.11029053
usemtl Patch_1521_Mat_CR4_whitePanels
f 7302 7303 7304
f 7303 7302 7305

# obj1522
v 225.59040833 65.74801636 420.47250366
v 226.77159119 -0 434.25198364
v 225.59040833 -0 420.47250366
v 226.77159119 50.39373016 434.25198364
usemtl Patch_1522_Mat_CR4_whitePanels
f 7306 7307 7308
f 7307 7306 7309

# obj1523
v 540.14508057 -0 443.50552368
v 538.58239746 72.04721069 443.70080566
v 538.58239746 -0 443.70080566
v 540.14508057 72.04721069 443.50552368
usemtl Patch_1523_Mat_CR4_whitePanels
f 7310 7311 7312
f 7311 7310 7313

# obj1524
v 539.35784912 79.92114258 437.20632935
v 540.14508057 -0 443.50552368
v 539.35784912 -0 437.20632935
v 540.14508057 72.04721069 443.50552368
usemtl Patch_1524_Mat_CR4_whitePanels
f 7314 7315 7316
f 7315 7314 7317

# obj1525
v 225.20254517 50.39373016 434.38647461
v 225.59040833 65.74801636 420.47250366
v 224.0213623 65.74801636 420.60699463
v 226.77159119 50.39373016 434.25198364
usemtl Patch_1525_Mat_CR4_whitePanels
f 7318 7319 7320
f 7319 7318 7321

# obj1526
v 226.77159119 50.39373016 434.25198364
v 384.64559937 -0 424.01577759
v 226.77159119 -0 434.25198364
v 384.64559937 76.77163696 424.01577759
usemtl Patch_1526_Mat_CR4_whitePanels
f 7322 7323 7324
f 7323 7322 7325

# obj1527
v 537.79522705 79.92114258 435.82678223
v 539.35784912 79.92114258 437.20632935
v 539.35784912 79.92114258 435.6282959
v 537.79522705 79.92114258 437.40161133
usemtl Patch_1527_Mat_CR4_whitePanels
f 7326 7327 7328
f 7327 7326 7329

# obj1528
v 225.20254517 50.39373016 434.38647461
v 226.77159119 50.39373016 435.82678223
v 226.77159119 50.39373016 434.25198364
v 225.20254517 50.39373016 435.96130371
usemtl Patch_1528_Mat_CR4_whitePanels
f 7330 7331 7332
f 7331 7330 7333

# obj1529
v 690.43841553 83.07078552 448.62780762
v 692.80065918 -0 454.53329468
v 690.43841553 -0 448.62780762
v 692.80065918 77.55905914 454.53329468
usemtl Patch_1529_Mat_CR4_whitePanels
f 7334 7335 7336
f 7335 7334 7337

# obj1530
v 384.64559937 -0 425.59057617
v 226.77159119 50.39373016 435.82678223
v 226.77159119 -0 435.82678223
v 384.64559937 76.77163696 425.59057617
usemtl Patch_1530_Mat_CR4_whitePanels
f 7338 7339 7340
f 7339 7338 7341

# obj1531
v 527.17749023 72.04716492 444.6835022
v 531.49591064 50.3936882 466.53549194
v 528.7401123 72.04716492 444.4881897
v 529.93322754 50.3936882 466.73080444
usemtl Patch_1531_Mat_CR4_whitePanels
f 7342 7343 7344
f 7343 7342 7345

# obj1532
v 225.20254517 50.39373016 434.38647461
v 224.0213623 -0 420.60699463
v 225.20254517 -0 434.38647461
v 224.0213623 65.74801636 420.60699463
usemtl Patch_1532_Mat_CR4_whitePanels
f 7346 7347 7348
f 7347 7346 7349

# obj1533
v 538.58239746 72.04721069 443.70080566
v 537.79522705 -0 437.40161133
v 538.58239746 -0 443.70080566
v 537.79522705 79.92114258 437.40161133
usemtl Patch_1533_Mat_CR4_whitePanels
f 7350 7351 7352
f 7351 7350 7353

# obj1534
v 538.58239746 72.04721069 443.70080566
v 539.35784912 79.92114258 437.20632935
v 537.79522705 79.92114258 437.40161133
v 540.14508057 72.04721069 443.50552368
usemtl Patch_1534_Mat_CR4_whitePanels
f 7354 7355 7356
f 7355 7354 7357

# obj1535
v 692.80065918 -0 454.53329468
v 691.33850098 77.55905914 455.11813354
v 691.33850098 -0 455.11813354
v 692.80065918 77.55905914 454.53329468
usemtl Patch_1535_Mat_CR4_whitePanels
f 7358 7359 7360
f 7359 7358 7361

# obj1536
v 529.93322754 50.3936882 466.73080444
v 531.49591064 50.3936882 468.11029053
v 531.49591064 50.3936882 466.53549194
v 529.93322754 50.3936882 468.30560303
usemtl Patch_1536_Mat_CR4_whitePanels
f 7362 7363 7364
f 7363 7362 7365

# obj1537
v 74.40939331 -0 420.07876587
v 72.83566284 50.39369965 420.07876587
v 72.83566284 -0 420.07876587
v 74.40939331 50.39369965 420.07876587
usemtl Patch_1537_Mat_CR4_whitePanels
f 7366 7367 7368
f 7367 7366 7369

# obj1538
v 380.31488037 -0 451.96853638
v 378.74893188 50.39367294 452.13510132
v 378.74893188 -0 452.13510132
v 380.31488037 50.39367294 451.96853638
usemtl Patch_1538_Mat_CR4_whitePanels
f 7370 7371 7372
f 7371 7370 7373

# obj1539
v 378.74893188 50.39367294 452.13510132
v 378.74893188 -0 450.56030273
v 378.74893188 -0 452.13510132
v 378.74893188 50.39367294 450.56030273
usemtl Patch_1539_Mat_CR4_whitePanels
f 7374 7375 7376
f 7375 7374 7377

# obj1540
v 74.01576996 62.99218369 407.87402344
v 74.40939331 -0 418.50396729
v 74.01576996 -0 407.87402344
v 74.40939331 50.39369965 418.50396729
usemtl Patch_1540_Mat_CR4_whitePanels
f 7378 7379 7380
f 7379 7378 7381

# obj1541
v 72.83566284 50.39369965 418.56225586
v 72.44204712 -0 407.93231201
v 72.83566284 -0 418.56225586
v 72.44204712 62.99218369 407.93231201
usemtl Patch_1541_Mat_CR4_whitePanels
f 7382 7383 7384
f 7383 7382 7385

# obj1542
v 72.44204712 62.99218369 407.93231201
v 74.01576996 -0 407.87402344
v 72.44204712 -0 407.93231201
v 74.01576996 62.99218369 407.87402344
usemtl Patch_1542_Mat_CR4_whitePanels
f 7386 7387 7388
f 7387 7386 7389

# obj1543
v 220.86610413 71.65348053 412.20477295
v 232.67710876 73.62203217 412.99215698
v 232.67710876 73.62203217 411.4173584
v 220.86610413 71.65348053 413.77957153
usemtl Patch_1543_Mat_CR4_whitePanels
f 7390 7391 7392
f 7391 7390 7393

# obj1544
v 232.67710876 73.62203217 411.4173584
v 234.64344788 73.62197876 420.38970947
v 234.16696167 73.62204742 411.33673096
v 232.67710876 73.62203217 412.99215698
v 233.0708313 73.62197876 420.47250366
usemtl Patch_1544_Mat_CR4_whitePanels
f 7394 7395 7396
f 7395 7394 7397
f 7395 7397 7398

# obj1545
v 232.67710876 -0 412.99215698
v 220.86610413 71.65348053 413.77957153
v 220.86610413 -0 413.77957153
v 232.67710876 73.62203217 412.99215698
usemtl Patch_1545_Mat_CR4_whitePanels
f 7399 7400 7401
f 7400 7399 7402

# obj1546
v 188.58276367 76.77164459 413.38586426
v 220.86610413 71.65348053 413.77957153
v 220.86610413 71.65348053 412.20477295
v 188.58276367 76.77164459 414.96066284
usemtl Patch_1546_Mat_CR4_whitePanels
f 7403 7404 7405
f 7404 7403 7406

# obj1547
v 220.86610413 71.65348053 412.20477295
v 232.67710876 -0 411.4173584
v 220.86610413 -0 412.20477295
v 232.67710876 73.62203217 411.4173584
usemtl Patch_1547_Mat_CR4_whitePanels
f 7407 7408 7409
f 7408 7407 7410

# obj1548
v 220.86610413 -0 413.77957153
v 188.58276367 76.77164459 414.96066284
v 188.58276367 -0 414.96066284
v 220.86610413 71.65348053 413.77957153
usemtl Patch_1548_Mat_CR4_whitePanels
f 7411 7412 7413
f 7412 7411 7414

# obj1549
v 188.58276367 76.77164459 413.38586426
v 220.86610413 -0 412.20477295
v 188.58276367 -0 413.38586426
v 220.86610413 71.65348053 412.20477295
usemtl Patch_1549_Mat_CR4_whitePanels
f 7415 7416 7417
f 7416 7415 7418

# obj1550
v 188.58276367 -0 414.96066284
v 74.40939331 50.39369965 420.07876587
v 74.40939331 -0 420.07876587
v 188.58276367 76.77164459 414.96066284
usemtl Patch_1550_Mat_CR4_whitePanels
f 7419 7420 7421
f 7420 7419 7422

# obj1551
v 74.40939331 50.39369965 418.50396729
v 188.58276367 -0 413.38586426
v 74.40939331 -0 418.50396729
v 188.58276367 76.77164459 413.38586426
usemtl Patch_1551_Mat_CR4_whitePanels
f 7423 7424 7425
f 7424 7423 7426

# obj1552
v -68.89764404 67.71652222 388.18899536
v -67.32283783 67.71652222 386.61419678
v -68.89764404 67.71652222 386.61419678
v -67.32283783 67.71652222 388.18899536
usemtl Patch_1552_Mat_CR4_whitePanels
f 7427 7428 7429
f 7428 7427 7430

# obj1553
v -227.55899048 53.9370079 388.18899536
v -68.89764404 67.71652222 386.61419678
v -227.55899048 53.9370079 386.61419678
v -68.89764404 67.71652222 388.18899536
usemtl Patch_1553_Mat_CR4_whitePanels
f 7431 7432 7433
f 7432 7431 7434

# obj1554
v -227.55899048 53.9370079 386.61419678
v -67.32283783 -0 386.61419678
v -227.55899048 -0 386.61419678
v -68.89764404 67.71652222 386.61419678
v -67.32283783 67.71652222 386.61419678
usemtl Patch_1554_Mat_CR4_whitePanels
f 7435 7436 7437
f 7436 7435 7438
f 7436 7438 7439

# obj1555
v -67.32283783 67.71652222 386.61419678
v -67.32283783 -0 394.48822021
v -67.32283783 -0 386.61419678
v -67.32283783 67.71652222 388.18899536
v -67.32283783 67.71652222 394.48822021
usemtl Patch_1555_Mat_CR4_whitePanels
f 7440 7441 7442
f 7441 7440 7443
f 7444 7441 7443

# obj1556
v -68.89764404 67.71652222 394.48822021
v -67.32283783 67.71652222 388.18899536
v -68.89764404 67.71652222 388.18899536
v -67.32283783 67.71652222 394.48822021
usemtl Patch_1556_Mat_CR4_whitePanels
f 7445 7446 7447
f 7446 7445 7448

# obj1557
v -227.55899048 53.9370079 388.18899536
v -227.55899048 -0 386.61419678
v -227.55899048 -0 388.18899536
v -227.55899048 53.9370079 386.61419678
usemtl Patch_1557_Mat_CR4_whitePanels
f 7449 7450 7451
f 7450 7449 7452

# obj1558
v -68.89764404 -0 388.18899536
v -227.55899048 53.9370079 388.18899536
v -227.55899048 -0 388.18899536
v -68.89764404 67.71652222 388.18899536
usemtl Patch_1558_Mat_CR4_whitePanels
f 7453 7454 7455
f 7454 7453 7456

# obj1559
v -68.89764404 67.71652222 394.48822021
v -68.89764404 -0 388.18899536
v -68.89764404 -0 394.48822021
v -68.89764404 67.71652222 388.18899536
usemtl Patch_1559_Mat_CR4_whitePanels
f 7457 7458 7459
f 7458 7457 7460

# obj1560
v 69.85509491 68.49471283 401.5748291
v 81.66609955 70.85691071 400.00003052
v 69.85509491 68.49471283 400.00003052
v 81.66609955 70.85691071 401.5748291
usemtl Patch_1560_Mat_CR4_whitePanels
f 7461 7462 7463
f 7462 7461 7464

# obj1561
v -76.60163116 50.38448334 402.36224365
v 37.57169342 74.4002533 402.36224365
v 37.57169342 74.4002533 400.78744507
v -76.60163116 50.38448334 403.93704224
usemtl Patch_1561_Mat_CR4_whitePanels
f 7465 7466 7467
f 7466 7465 7468

# obj1562
v 37.57169342 74.4002533 400.78744507
v 69.85509491 68.49471283 401.5748291
v 69.85509491 68.49471283 400.00003052
v 37.57169342 74.4002533 402.36224365
usemtl Patch_1562_Mat_CR4_whitePanels
f 7469 7470 7471
f 7470 7469 7472

# obj1563
v 72.26053619 287.31607056 420.07876587
v 172.03230286 426.06826782 414.96066284
v 61.3755455 387.51394653 420.07876587
v 188.61482239 273.42303467 414.96066284
usemtl Patch_1563_Mat_CR4_whitePanels
f 7473 7474 7475
f 7474 7473 7476

# obj1564
v 81.66609955 70.85691071 400.00003052
v 83.63157654 70.85692596 407.77578735
v 83.13959503 70.85691071 399.90484619
v 81.66609955 70.85691071 401.5748291
v 82.05983734 70.85692596 407.87402344
usemtl Patch_1564_Mat_CR4_whitePanels
f 7477 7478 7479
f 7478 7477 7480
f 7478 7480 7481

# obj1565
v 374.81988525 320.18453979 450.56030273
v 359.97952271 438.56552124 432.05639648
v 374.86138916 301.57620239 432.05639648
v 363.93499756 420.38241577 450.56030273
usemtl Patch_1565_Mat_CR4_whitePanels
f 7482 7483 7484
f 7483 7482 7485

# obj1566
v 361.53634644 438.73464966 431.88980103
v 376.37670898 320.35366821 450.39370728
v 376.41818237 301.74533081 431.88980103
v 365.49179077 420.55151367 450.39370728
usemtl Patch_1566_Mat_CR4_whitePanels
f 7486 7487 7488
f 7487 7486 7489

# obj1567
v 368.40631104 447.40130615 423.91445923
v 385.09295654 294.76739502 425.48577881
v 384.98876953 294.756073 423.91445923
v 368.51046753 447.41262817 425.48577881
usemtl Patch_1567_Mat_CR4_whitePanels
f 7490 7491 7492
f 7491 7490 7493

# obj1568
v 383.92245483 294.64022827 431.49609375
v 366.94836426 447.24291992 425.59057617
v 383.53085327 294.59768677 425.59057617
v 367.33981323 447.28543091 431.49609375
usemtl Patch_1568_Mat_CR4_whitePanels
f 7494 7495 7496
f 7495 7494 7497

# obj1569
v 366.94836426 447.24291992 424.01577759
v 368.51046753 447.41262817 425.48577881
v 368.40631104 447.40130615 423.91445923
v 366.94836426 447.24291992 425.59057617
v 368.90194702 447.45510864 431.39129639
v 367.33981323 447.28543091 431.49609375
usemtl Patch_1569_Mat_CR4_whitePanels
f 7498 7499 7500
f 7499 7498 7501
f 7499 7501 7502
f 7502 7501 7503

# obj1570
v 368.51046753 447.41262817 425.48577881
v 385.48455811 294.80993652 431.39129639
v 385.09295654 294.76739502 425.48577881
v 368.90194702 447.45510864 431.39129639
usemtl Patch_1570_Mat_CR4_whitePanels
f 7504 7505 7506
f 7505 7504 7507

# obj1571
v 366.94836426 447.24291992 424.01577759
v 223.73155212 303.77108765 434.25198364
v 212.84657288 403.96899414 434.25198364
v 383.53085327 294.59768677 424.01577759
usemtl Patch_1571_Mat_CR4_whitePanels
f 7508 7509 7510
f 7509 7508 7511

# obj1572
v 222.17169189 303.60162354 434.38647461
v 208.4541626 418.9364624 420.60699463
v 222.65577698 288.20956421 420.60699463
v 211.28669739 403.79956055 434.38647461
usemtl Patch_1572_Mat_CR4_whitePanels
f 7512 7513 7514
f 7513 7512 7515

# obj1573
v 210.01403809 419.10592651 420.47250366
v 223.73155212 303.77108765 434.25198364
v 224.21563721 288.37902832 420.47250366
v 212.84657288 403.96899414 434.25198364
usemtl Patch_1573_Mat_CR4_whitePanels
f 7516 7517 7518
f 7517 7516 7519

# obj1574
v 223.73155212 303.77108765 435.82678223
v 366.94836426 447.24291992 425.59057617
v 212.84657288 403.96899414 435.82678223
v 383.53085327 294.59768677 425.59057617
usemtl Patch_1574_Mat_CR4_whitePanels
f 7520 7521 7522
f 7521 7520 7523

# obj1575
v 216.20890808 427.69924927 411.4173584
v 220.15655518 281.99777222 412.20477295
v 204.67958069 424.46661377 412.20477295
v 232.11116028 281.31637573 411.4173584
usemtl Patch_1575_Mat_CR4_whitePanels
f 7524 7525 7526
f 7525 7524 7527

# obj1576
v 67.67459869 410.36593628 399.90484619
v 83.47064209 269.51580811 407.77578735
v 82.98155975 269.462677 399.90484619
v 83.3261795 270.84558105 407.77578735
v 68.16369629 410.41906738 407.77578735
usemtl Patch_1576_Mat_CR4_whitePanels
f 7528 7529 7530
f 7529 7528 7531
f 7531 7528 7532

# obj1577
v 83.47064209 269.51580811 407.77578735
v 81.51667786 269.30355835 400.00003052
v 82.98155975 269.462677 399.90484619
v 81.51667786 269.30355835 401.5748291
v 81.90809631 269.34603882 407.87402344
usemtl Patch_1577_Mat_CR4_whitePanels
f 7533 7534 7535
f 7534 7533 7536
f 7536 7533 7537

# obj1578
v 217.69004822 427.86016846 411.33673096
v 234.06608582 281.52877808 420.38970947
v 233.59228516 281.47729492 411.33673096
v 218.16375732 427.91156006 420.38970947
usemtl Patch_1578_Mat_CR4_whitePanels
f 7538 7539 7540
f 7539 7538 7541

# obj1579
v 234.06608582 281.52877808 420.38970947
v 232.11116028 281.31637573 411.4173584
v 233.59228516 281.47729492 411.33673096
v 232.11116028 281.31637573 412.99215698
v 232.50265503 281.35891724 420.47250366
usemtl Patch_1579_Mat_CR4_whitePanels
f 7542 7543 7544
f 7543 7542 7545
f 7545 7542 7546

# obj1580
v 216.20890808 427.69924927 411.4173584
v 218.16375732 427.91156006 420.38970947
v 217.69004822 427.86016846 411.33673096
v 216.20890808 427.69924927 412.99215698
v 216.60032654 427.74169922 420.47250366
usemtl Patch_1580_Mat_CR4_whitePanels
f 7547 7548 7549
f 7548 7547 7550
f 7548 7550 7551

# obj1581
v 232.50265503 281.35891724 420.47250366
v 216.20890808 427.69924927 412.99215698
v 232.11116028 281.31637573 412.99215698
v 216.60032654 427.74169922 420.47250366
usemtl Patch_1581_Mat_CR4_whitePanels
f 7552 7553 7554
f 7553 7552 7555

# obj1582
v 59.62360001 399.99624634 407.87402344
v 72.26053619 287.31607056 418.50396729
v 73.22982788 274.74880981 407.87402344
v 61.3755455 387.51394653 418.50396729
usemtl Patch_1582_Mat_CR4_whitePanels
f 7556 7557 7558
f 7557 7556 7559

# obj1583
v 70.6960144 287.14611816 418.56225586
v 58.05908203 399.82626343 407.93231201
v 71.66531372 274.5788269 407.93231201
v 59.81102753 387.34399414 418.56225586
usemtl Patch_1583_Mat_CR4_whitePanels
f 7560 7561 7562
f 7561 7560 7563

# obj1584
v 220.15655518 281.99777222 413.77957153
v 216.20890808 427.69924927 412.99215698
v 204.67958069 424.46661377 413.77957153
v 232.11116028 281.31637573 412.99215698
usemtl Patch_1584_Mat_CR4_whitePanels
f 7564 7565 7566
f 7565 7564 7567

# obj1585
v 81.90809631 269.34603882 407.87402344
v 66.2097168 410.20678711 401.5748291
v 81.51667786 269.30355835 401.5748291
v 81.76363373 270.67584229 407.87402344
v 66.60115814 410.24932861 407.87402344
usemtl Patch_1585_Mat_CR4_whitePanels
f 7568 7569 7570
f 7569 7568 7571
f 7569 7571 7572

# obj1586
v 66.2097168 410.20678711 400.00003052
v 68.16369629 410.41906738 407.77578735
v 67.67459869 410.36593628 399.90484619
v 66.2097168 410.20678711 401.5748291
v 66.60115814 410.24932861 407.87402344
usemtl Patch_1586_Mat_CR4_whitePanels
f 7573 7574 7575
f 7574 7573 7576
f 7574 7576 7577

# obj1587
v 386.21688843 76.77163696 425.48577881
v 386.61065674 -0 431.39129639
v 386.21688843 -0 425.48577881
v 386.61065674 76.77161407 431.39129639
usemtl Patch_1587_Mat_CR4_whitePanels
f 7578 7579 7580
f 7579 7578 7581

# obj1588
v 385.03933716 76.77161407 431.49609375
v 384.64559937 -0 425.59057617
v 385.03933716 -0 431.49609375
v 384.64559937 76.77163696 425.59057617
usemtl Patch_1588_Mat_CR4_whitePanels
f 7582 7583 7584
f 7583 7582 7585

# obj1589
v 233.0708313 73.62197876 420.47250366
v 232.67710876 -0 412.99215698
v 233.0708313 -0 420.47250366
v 232.67710876 73.62203217 412.99215698
usemtl Patch_1589_Mat_CR4_whitePanels
f 7586 7587 7588
f 7587 7586 7589

# obj1590
v 681.49609375 74.80311584 458.26776123
v 692.1260376 -0 483.07089233
v 681.49609375 -0 458.26776123
v 692.1260376 50.39367676 483.07089233
usemtl Patch_1590_Mat_CR4_whitePanels
f 7590 7591 7592
f 7591 7590 7593

# obj1591
v 386.11212158 76.77164459 423.91445923
v 386.21688843 -0 425.48577881
v 386.11212158 -0 423.91445923
v 386.21688843 76.77163696 425.48577881
usemtl Patch_1591_Mat_CR4_whitePanels
f 7594 7595 7596
f 7595 7594 7597

# obj1592
v 234.16696167 73.62204742 411.33673096
v 234.64344788 -0 420.38970947
v 234.16696167 -0 411.33673096
v 234.64344788 73.62197876 420.38970947
usemtl Patch_1592_Mat_CR4_whitePanels
f 7598 7599 7600
f 7599 7598 7601

# obj1593
v 690.67852783 50.39367676 483.69122314
v 680.04858398 -0 458.88812256
v 690.67852783 -0 483.69122314
v 680.04858398 74.80311584 458.88812256
usemtl Patch_1593_Mat_CR4_whitePanels
f 7602 7603 7604
f 7603 7602 7605

# obj1594
v 83.13959503 70.85691071 399.90484619
v 83.63157654 -0 407.77578735
v 83.13959503 -0 399.90484619
v 83.63157654 70.85692596 407.77578735
usemtl Patch_1594_Mat_CR4_whitePanels
f 7606 7607 7608
f 7607 7606 7609

# obj1595
v 82.05983734 70.85692596 407.87402344
v 81.66609955 -0 401.5748291
v 82.05983734 -0 407.87402344
v 81.66609955 70.85691071 401.5748291
usemtl Patch_1595_Mat_CR4_whitePanels
f 7610 7611 7612
f 7611 7610 7613

# obj1596
v 680.04858398 74.80311584 458.88812256
v 681.49609375 -0 458.26776123
v 680.04858398 -0 458.88812256
v 681.49609375 74.80311584 458.26776123
usemtl Patch_1596_Mat_CR4_whitePanels
f 7614 7615 7616
f 7615 7614 7617

# obj1597
v 386.61065674 -0 431.39129639
v 385.03933716 76.77161407 431.49609375
v 385.03933716 -0 431.49609375
v 386.61065674 76.77161407 431.39129639
usemtl Patch_1597_Mat_CR4_whitePanels
f 7618 7619 7620
f 7619 7618 7621

# obj1598
v 384.64559937 76.77163696 424.01577759
v 386.11212158 -0 423.91445923
v 384.64559937 -0 424.01577759
v 386.11212158 76.77164459 423.91445923
usemtl Patch_1598_Mat_CR4_whitePanels
f 7622 7623 7624
f 7623 7622 7625

# obj1599
v 232.67710876 73.62203217 411.4173584
v 234.16696167 -0 411.33673096
v 232.67710876 -0 411.4173584
v 234.16696167 73.62204742 411.33673096
usemtl Patch_1599_Mat_CR4_whitePanels
f 7626 7627 7628
f 7627 7626 7629

# obj1600
v 234.64344788 -0 420.38970947
v 233.0708313 73.62197876 420.47250366
v 233.0708313 -0 420.47250366
v 234.64344788 73.62197876 420.38970947
usemtl Patch_1600_Mat_CR4_whitePanels
f 7630 7631 7632
f 7631 7630 7633

# obj1601
v -76.60163116 50.38448334 403.93704224
v -76.60163116 -0 402.36224365
v -76.60163116 -0 403.93704224
v -76.60163116 50.38448334 402.36224365
usemtl Patch_1601_Mat_CR4_whitePanels
f 7634 7635 7636
f 7635 7634 7637

# obj1602
v -67.32283783 -0 394.48822021
v -68.89764404 67.71652222 394.48822021
v -68.89764404 -0 394.48822021
v -67.32283783 67.71652222 394.48822021
usemtl Patch_1602_Mat_CR4_whitePanels
f 7638 7639 7640
f 7639 7638 7641

# obj1603
v 81.66609955 70.85691071 400.00003052
v 83.13959503 -0 399.90484619
v 81.66609955 -0 400.00003052
v 83.13959503 70.85691071 399.90484619
usemtl Patch_1603_Mat_CR4_whitePanels
f 7642 7643 7644
f 7643 7642 7645

# obj1604
v 69.85509491 68.49471283 400.00003052
v 81.66609955 -0 400.00003052
v 69.85509491 -0 400.00003052
v 81.66609955 70.85691071 400.00003052
usemtl Patch_1604_Mat_CR4_whitePanels
f 7646 7647 7648
f 7647 7646 7649

# obj1605
v 83.63157654 -0 407.77578735
v 82.05983734 70.85692596 407.87402344
v 82.05983734 -0 407.87402344
v 83.63157654 70.85692596 407.77578735
usemtl Patch_1605_Mat_CR4_whitePanels
f 7650 7651 7652
f 7651 7650 7653

# obj1606
v 81.66609955 -0 401.5748291
v 69.85509491 68.49471283 401.5748291
v 69.85509491 -0 401.5748291
v 81.66609955 70.85691071 401.5748291
usemtl Patch_1606_Mat_CR4_whitePanels
f 7654 7655 7656
f 7655 7654 7657

# obj1607
v -76.60163116 50.38448334 402.36224365
v 37.57169342 -0 400.78744507
v -76.60163116 -0 402.36224365
v 37.57169342 74.4002533 400.78744507
usemtl Patch_1607_Mat_CR4_whitePanels
f 7658 7659 7660
f 7659 7658 7661

# obj1608
v 37.57169342 74.4002533 400.78744507
v 69.85509491 -0 400.00003052
v 37.57169342 -0 400.78744507
v 69.85509491 68.49471283 400.00003052
usemtl Patch_1608_Mat_CR4_whitePanels
f 7662 7663 7664
f 7663 7662 7665

# obj1609
v 69.85509491 -0 401.5748291
v 37.57169342 74.4002533 402.36224365
v 37.57169342 -0 402.36224365
v 69.85509491 68.49471283 401.5748291
usemtl Patch_1609_Mat_CR4_whitePanels
f 7666 7667 7668
f 7667 7666 7669

# obj1610
v 37.57169342 -0 402.36224365
v -76.60163116 50.38448334 403.93704224
v -76.60163116 -0 403.93704224
v 37.57169342 74.4002533 402.36224365
usemtl Patch_1610_Mat_CR4_whitePanels
f 7670 7671 7672
f 7671 7670 7673

# obj1611
v 761.53875732 473.86254883 499.14770508
v 760.23620605 503.54330444 427.55905151
v 763.88061523 455.59014893 499.35858154
v 757.75317383 517.45928955 447.32000732
v 756.69287109 531.10235596 427.55905151
v 750.92456055 556.67816162 498.19198608
v 748.34960938 576.7689209 497.96011353
usemtl Patch_1611_Mat_CR4_concrete
f 7674 7675 7676
f 7675 7674 7677
f 7675 7677 7678
f 7678 7677 7679
f 7678 7679 7680

# obj1612
v 520.41558838 467.08282471 435.6282959
v 536.125 308.0065918 435.82678223
v 518.86206055 466.9140625 435.82678223
v 537.67852783 308.175354 435.6282959
usemtl Patch_1612_Mat_CR4_whitePanels
f 7681 7682 7683
f 7682 7681 7684

# obj1613
v 520.41558838 467.08282471 435.6282959
v 537.67852783 308.175354 437.20632935
v 537.67852783 308.175354 435.6282959
v 520.41558838 467.08282471 437.20632935
usemtl Patch_1613_Mat_CR4_whitePanels
f 7685 7686 7687
f 7686 7685 7688

# obj1614
v 536.125 308.0065918 437.40161133
v 376.37670898 320.35366821 450.39370728
v 536.125 308.0065918 435.82678223
v 376.37670898 320.35366821 451.96853638
usemtl Patch_1614_Mat_CR4_whitePanels
f 7689 7690 7691
f 7690 7689 7692

# obj1615
v 365.49179077 420.55151367 450.39370728
v 518.86206055 466.9140625 437.40161133
v 518.86206055 466.9140625 435.82678223
v 365.49179077 420.55151367 451.96853638
usemtl Patch_1615_Mat_CR4_whitePanels
f 7693 7694 7695
f 7694 7693 7696

# obj1616
v 368.40631104 447.40130615 423.91445923
v 383.53085327 294.59768677 424.01577759
v 366.94836426 447.24291992 424.01577759
v 384.98876953 294.756073 423.91445923
usemtl Patch_1616_Mat_CR4_whitePanels
f 7697 7698 7699
f 7698 7697 7700

# obj1617
v 361.53634644 438.73464966 431.88980103
v 374.86138916 301.57620239 432.05639648
v 359.97952271 438.56552124 432.05639648
v 376.41818237 301.74533081 431.88980103
usemtl Patch_1617_Mat_CR4_whitePanels
f 7701 7702 7703
f 7702 7701 7704

# obj1618
v 374.86138916 301.57620239 432.05639648
v 376.37670898 320.35366821 450.39370728
v 374.81988525 320.18453979 450.56030273
v 376.41818237 301.74533081 431.88980103
usemtl Patch_1618_Mat_CR4_whitePanels
f 7705 7706 7707
f 7706 7705 7708

# obj1619
v 359.97952271 438.56552124 432.05639648
v 365.49179077 420.55151367 450.39370728
v 361.53634644 438.73464966 431.88980103
v 363.93499756 420.38241577 450.56030273
usemtl Patch_1619_Mat_CR4_whitePanels
f 7709 7710 7711
f 7710 7709 7712

# obj1620
v 363.93499756 420.38241577 452.13510132
v 374.81988525 320.18453979 450.56030273
v 374.81988525 320.18453979 452.13510132
v 363.93499756 420.38241577 450.56030273
usemtl Patch_1620_Mat_CR4_whitePanels
f 7713 7714 7715
f 7714 7713 7716

# obj1621
v 363.93499756 420.38241577 450.56030273
v 365.49179077 420.55151367 451.96853638
v 365.49179077 420.55151367 450.39370728
v 363.93499756 420.38241577 452.13510132
usemtl Patch_1621_Mat_CR4_whitePanels
f 7717 7718 7719
f 7718 7717 7720

# obj1622
v 376.37670898 320.35366821 451.96853638
v 374.81988525 320.18453979 450.56030273
v 376.37670898 320.35366821 450.39370728
v 374.81988525 320.18453979 452.13510132
usemtl Patch_1622_Mat_CR4_whitePanels
f 7721 7722 7723
f 7722 7721 7724

# obj1623
v 520.49505615 459.17120361 443.70080566
v 520.41558838 467.08282471 437.20632935
v 518.86206055 466.9140625 437.40161133
v 522.04852295 459.33996582 443.50552368
usemtl Patch_1623_Mat_CR4_whitePanels
f 7725 7726 7727
f 7726 7725 7728

# obj1624
v 520.41558838 467.08282471 437.20632935
v 537.61071777 316.08828735 443.50552368
v 537.67852783 308.175354 437.20632935
v 522.04852295 459.33996582 443.50552368
usemtl Patch_1624_Mat_CR4_whitePanels
f 7729 7730 7731
f 7730 7729 7732

# obj1625
v 374.81988525 320.18453979 452.13510132
v 365.49179077 420.55151367 451.96853638
v 363.93499756 420.38241577 452.13510132
v 376.37670898 320.35366821 451.96853638
usemtl Patch_1625_Mat_CR4_whitePanels
f 7733 7734 7735
f 7734 7733 7736

# obj1626
v 536.125 308.0065918 437.40161133
v 537.61071777 316.08828735 443.50552368
v 536.05718994 315.91952515 443.70080566
v 537.67852783 308.175354 437.20632935
usemtl Patch_1626_Mat_CR4_whitePanels
f 7737 7738 7739
f 7738 7737 7740

# obj1627
v 536.05718994 315.91952515 443.70080566
v 518.86206055 466.9140625 437.40161133
v 536.125 308.0065918 437.40161133
v 520.49505615 459.17120361 443.70080566
usemtl Patch_1627_Mat_CR4_whitePanels
f 7741 7742 7743
f 7742 7741 7744

# obj1628
v 536.05718994 315.91952515 443.70080566
v 522.04852295 459.33996582 443.50552368
v 520.49505615 459.17120361 443.70080566
v 537.61071777 316.08828735 443.50552368
usemtl Patch_1628_Mat_CR4_whitePanels
f 7745 7746 7747
f 7746 7745 7748

# obj1629
v 518.86206055 466.9140625 435.82678223
v 520.41558838 467.08282471 437.20632935
v 520.41558838 467.08282471 435.6282959
v 518.86206055 466.9140625 437.40161133
usemtl Patch_1629_Mat_CR4_whitePanels
f 7749 7750 7751
f 7750 7749 7752

# obj1630
v 537.67852783 308.175354 437.20632935
v 536.125 308.0065918 435.82678223
v 537.67852783 308.175354 435.6282959
v 536.125 308.0065918 437.40161133
usemtl Patch_1630_Mat_CR4_whitePanels
f 7753 7754 7755
f 7754 7753 7756

# obj1631
v 385.09295654 294.76739502 425.48577881
v 383.53085327 294.59768677 424.01577759
v 384.98876953 294.756073 423.91445923
v 383.53085327 294.59768677 425.59057617
v 385.48455811 294.80993652 431.39129639
v 383.92245483 294.64022827 431.49609375
usemtl Patch_1631_Mat_CR4_whitePanels
f 7757 7758 7759
f 7758 7757 7760
f 7760 7757 7761
f 7760 7761 7762

# obj1632
v 383.92245483 294.64022827 431.49609375
v 368.90194702 447.45510864 431.39129639
v 367.33981323 447.28543091 431.49609375
v 385.48455811 294.80993652 431.39129639
usemtl Patch_1632_Mat_CR4_whitePanels
f 7763 7764 7765
f 7764 7763 7766

# obj1633
v 222.17169189 303.60162354 435.96130371
v 212.84657288 403.96899414 435.82678223
v 211.28669739 403.79956055 435.96130371
v 223.73155212 303.77108765 435.82678223
usemtl Patch_1633_Mat_CR4_whitePanels
f 7767 7768 7769
f 7768 7767 7770

# obj1634
v 211.28669739 403.79956055 435.96130371
v 222.17169189 303.60162354 434.38647461
v 222.17169189 303.60162354 435.96130371
v 211.28669739 403.79956055 434.38647461
usemtl Patch_1634_Mat_CR4_whitePanels
f 7771 7772 7773
f 7772 7771 7774

# obj1635
v 223.73155212 303.77108765 435.82678223
v 222.17169189 303.60162354 434.38647461
v 223.73155212 303.77108765 434.25198364
v 222.17169189 303.60162354 435.96130371
usemtl Patch_1635_Mat_CR4_whitePanels
f 7775 7776 7777
f 7776 7775 7778

# obj1636
v 211.28669739 403.79956055 434.38647461
v 212.84657288 403.96899414 435.82678223
v 212.84657288 403.96899414 434.25198364
v 211.28669739 403.79956055 435.96130371
usemtl Patch_1636_Mat_CR4_whitePanels
f 7779 7780 7781
f 7780 7779 7782

# obj1637
v 211.28669739 403.79956055 434.38647461
v 210.01403809 419.10592651 420.47250366
v 208.4541626 418.9364624 420.60699463
v 212.84657288 403.96899414 434.25198364
usemtl Patch_1637_Mat_CR4_whitePanels
f 7783 7784 7785
f 7784 7783 7786

# obj1638
v 210.01403809 419.10592651 420.47250366
v 222.65577698 288.20956421 420.60699463
v 208.4541626 418.9364624 420.60699463
v 224.21563721 288.37902832 420.47250366
usemtl Patch_1638_Mat_CR4_whitePanels
f 7787 7788 7789
f 7788 7787 7790

# obj1639
v 222.65577698 288.20956421 420.60699463
v 223.73155212 303.77108765 434.25198364
v 222.17169189 303.60162354 434.38647461
v 224.21563721 288.37902832 420.47250366
usemtl Patch_1639_Mat_CR4_whitePanels
f 7791 7792 7793
f 7792 7791 7794

# obj1640
v 212.84657288 403.96899414 434.25198364
v 366.94836426 447.24291992 425.59057617
v 366.94836426 447.24291992 424.01577759
v 212.84657288 403.96899414 435.82678223
usemtl Patch_1640_Mat_CR4_whitePanels
f 7795 7796 7797
f 7796 7795 7798

# obj1641
v 383.53085327 294.59768677 425.59057617
v 223.73155212 303.77108765 434.25198364
v 383.53085327 294.59768677 424.01577759
v 223.73155212 303.77108765 435.82678223
usemtl Patch_1641_Mat_CR4_whitePanels
f 7799 7800 7801
f 7800 7799 7802

# obj1642
v 217.69004822 427.86016846 411.33673096
v 232.11116028 281.31637573 411.4173584
v 216.20890808 427.69924927 411.4173584
v 233.59228516 281.47729492 411.33673096
usemtl Patch_1642_Mat_CR4_whitePanels
f 7803 7804 7805
f 7804 7803 7806

# obj1643
v 67.67459869 410.36593628 399.90484619
v 81.51667786 269.30355835 400.00003052
v 66.2097168 410.20678711 400.00003052
v 82.98155975 269.462677 399.90484619
usemtl Patch_1643_Mat_CR4_whitePanels
f 7807 7808 7809
f 7808 7807 7810

# obj1644
v 232.50265503 281.35891724 420.47250366
v 218.16375732 427.91156006 420.38970947
v 216.60032654 427.74169922 420.47250366
v 234.06608582 281.52877808 420.38970947
usemtl Patch_1644_Mat_CR4_whitePanels
f 7811 7812 7813
f 7812 7811 7814

# obj1645
v 70.6960144 287.14611816 420.07876587
v 61.3755455 387.51394653 420.07876587
v 59.81102753 387.34399414 420.07876587
v 72.26053619 287.31607056 420.07876587
usemtl Patch_1645_Mat_CR4_whitePanels
f 7815 7816 7817
f 7816 7815 7818

# obj1646
v 59.81102753 387.34399414 420.07876587
v 70.6960144 287.14611816 418.56225586
v 70.6960144 287.14611816 420.07876587
v 59.81102753 387.34399414 418.56225586
usemtl Patch_1646_Mat_CR4_whitePanels
f 7819 7820 7821
f 7820 7819 7822

# obj1647
v 59.81102753 387.34399414 418.56225586
v 61.3755455 387.51394653 420.07876587
v 61.3755455 387.51394653 418.50396729
v 59.81102753 387.34399414 420.07876587
usemtl Patch_1647_Mat_CR4_whitePanels
f 7823 7824 7825
f 7824 7823 7826

# obj1648
v 72.26053619 287.31607056 420.07876587
v 70.6960144 287.14611816 418.56225586
v 72.26053619 287.31607056 418.50396729
v 70.6960144 287.14611816 420.07876587
usemtl Patch_1648_Mat_CR4_whitePanels
f 7827 7828 7829
f 7828 7827 7830

# obj1649
v 204.67958069 424.46661377 412.20477295
v 188.61482239 273.42303467 413.38586426
v 172.03230286 426.06826782 413.38586426
v 198.89437866 276.21755981 413.00094604
v 220.15655518 281.99777222 412.20477295
usemtl Patch_1649_Mat_CR4_whitePanels
f 7831 7832 7833
f 7832 7831 7834
f 7834 7831 7835

# obj1650
v 172.03230286 426.06826782 413.38586426
v 72.26053619 287.31607056 418.50396729
v 61.3755455 387.51394653 418.50396729
v 156.11990356 277.30300903 414.81521606
v 188.61482239 273.42303467 413.38586426
usemtl Patch_1650_Mat_CR4_whitePanels
f 7836 7837 7838
f 7837 7836 7839
f 7839 7836 7840

# obj1651
v 71.66531372 274.5788269 407.93231201
v 72.26053619 287.31607056 418.50396729
v 70.6960144 287.14611816 418.56225586
v 73.22982788 274.74880981 407.87402344
usemtl Patch_1651_Mat_CR4_whitePanels
f 7841 7842 7843
f 7842 7841 7844

# obj1652
v 59.62360001 399.99624634 407.87402344
v 71.66531372 274.5788269 407.93231201
v 58.05908203 399.82626343 407.93231201
v 73.22982788 274.74880981 407.87402344
usemtl Patch_1652_Mat_CR4_whitePanels
f 7845 7846 7847
f 7846 7845 7848

# obj1653
v 59.81102753 387.34399414 418.56225586
v 59.62360001 399.99624634 407.87402344
v 58.05908203 399.82626343 407.93231201
v 61.3755455 387.51394653 418.50396729
usemtl Patch_1653_Mat_CR4_whitePanels
f 7849 7850 7851
f 7850 7849 7852

# obj1654
v 188.61482239 273.42303467 414.96066284
v 204.67958069 424.46661377 413.77957153
v 172.03230286 426.06826782 414.96066284
v 198.89437866 276.21755981 414.57574463
v 220.15655518 281.99777222 413.77957153
usemtl Patch_1654_Mat_CR4_whitePanels
f 7853 7854 7855
f 7854 7853 7856
f 7854 7856 7857

# obj1655
v 188.61482239 273.42303467 414.96066284
v 156.11990356 277.30300903 414.81521606
v 188.61482239 273.42303467 413.38586426
v 72.26053619 287.31607056 418.50396729
v 72.26053619 287.31607056 420.07876587
usemtl Patch_1655_Mat_CR4_whitePanels
f 7858 7859 7860
f 7859 7858 7861
f 7861 7858 7862

# obj1656
v 220.15655518 281.99777222 413.77957153
v 198.89437866 276.21755981 413.00094604
v 220.15655518 281.99777222 412.20477295
v 188.61482239 273.42303467 413.38586426
v 198.89437866 276.21755981 414.57574463
v 188.61482239 273.42303467 414.96066284
usemtl Patch_1656_Mat_CR4_whitePanels
f 7863 7864 7865
f 7864 7863 7866
f 7866 7863 7867
f 7866 7867 7868

# obj1657
v 232.11116028 281.31637573 412.99215698
v 220.15655518 281.99777222 412.20477295
v 232.11116028 281.31637573 411.4173584
v 220.15655518 281.99777222 413.77957153
usemtl Patch_1657_Mat_CR4_whitePanels
f 7869 7870 7871
f 7870 7869 7872

# obj1658
v 204.67958069 424.46661377 412.20477295
v 216.20890808 427.69924927 412.99215698
v 216.20890808 427.69924927 411.4173584
v 204.67958069 424.46661377 413.77957153
usemtl Patch_1658_Mat_CR4_whitePanels
f 7873 7874 7875
f 7874 7873 7876

# obj1659
v 172.03230286 426.06826782 413.38586426
v 204.67958069 424.46661377 413.77957153
v 204.67958069 424.46661377 412.20477295
v 172.03230286 426.06826782 414.96066284
usemtl Patch_1659_Mat_CR4_whitePanels
f 7877 7878 7879
f 7878 7877 7880

# obj1660
v 61.3755455 387.51394653 418.50396729
v 172.03230286 426.06826782 414.96066284
v 172.03230286 426.06826782 413.38586426
v 61.3755455 387.51394653 420.07876587
usemtl Patch_1660_Mat_CR4_whitePanels
f 7881 7882 7883
f 7882 7881 7884

# obj1661
v -82.96413422 389.25839233 388.18899536
v -81.39853668 389.4284668 386.61419678
v -82.96413422 389.25839233 386.61419678
v -81.39853668 389.4284668 388.18899536
usemtl Patch_1661_Mat_CR4_whitePanels
f 7885 7886 7887
f 7886 7885 7888

# obj1662
v -239.20928955 358.42416382 388.18899536
v -82.96413422 389.25839233 386.61419678
v -239.20928955 358.42416382 386.61419678
v -82.96413422 389.25839233 388.18899536
usemtl Patch_1662_Mat_CR4_whitePanels
f 7889 7890 7891
f 7890 7889 7892

# obj1663
v -81.39853668 389.4284668 386.61419678
v -66.77189636 254.78756714 394.48822021
v -66.77189636 254.78756714 386.61419678
v -66.80423737 255.08525085 394.48822021
v -81.39853668 389.4284668 394.48822021
v -81.39853668 389.4284668 388.18899536
usemtl Patch_1663_Mat_CR4_whitePanels
f 7893 7894 7895
f 7894 7893 7896
f 7896 7893 7897

# obj1664
v -68.3374939 254.61749268 394.48822021
v -66.80423737 255.08525085 394.48822021
v -68.36982727 254.91516113 394.48822021
v -66.77189636 254.78756714 394.48822021
usemtl Patch_1664_Mat_CR4_whitePanels
f 7899 7900 7901
f 7900 7899 7902

# obj1665
v -82.96413422 389.25839233 394.48822021
v -81.39853668 389.4284668 388.18899536
v -82.96413422 389.25839233 388.18899536
v -81.39853668 389.4284668 394.48822021
usemtl Patch_1665_Mat_CR4_whitePanels
f 7903 7904 7905
f 7904 7903 7906

# obj1666
v -68.36982727 254.91516113 394.48822021
v -81.39853668 389.4284668 394.48822021
v -82.96413422 389.25839233 394.48822021
v -66.80423737 255.08525085 394.48822021
usemtl Patch_1666_Mat_CR4_whitePanels
f 7907 7908 7909
f 7908 7907 7910

# obj1667
v -68.36982727 254.91516113 394.48822021
v -68.3374939 254.61749268 388.18899536
v -68.3374939 254.61749268 394.48822021
v -82.96413422 389.25839233 388.18899536
v -82.96413422 389.25839233 394.48822021
usemtl Patch_1667_Mat_CR4_whitePanels
f 7911 7912 7913
f 7912 7911 7914
f 7914 7911 7915

# obj1668
v -82.96413422 389.25839233 386.61419678
v -227.55899048 251.18110657 386.61419678
v -239.20928955 358.42416382 386.61419678
v -68.3374939 254.61749268 386.61419678
v -81.39853668 389.4284668 386.61419678
v -66.77189636 254.78756714 386.61419678
usemtl Patch_1668_Mat_CR4_whitePanels
f 7916 7917 7918
f 7917 7916 7919
f 7919 7916 7920
f 7919 7920 7921

# obj1669
v -227.55899048 251.18110657 388.18899536
v -82.96413422 389.25839233 388.18899536
v -239.20928955 358.42416382 388.18899536
v -68.3374939 254.61749268 388.18899536
usemtl Patch_1669_Mat_CR4_whitePanels
f 7922 7923 7924
f 7923 7922 7925

# obj1670
v -239.20928955 358.42416382 388.18899536
v -227.55899048 251.18110657 386.61419678
v -227.55899048 251.18110657 388.18899536
v -239.20928955 358.42416382 386.61419678
usemtl Patch_1670_Mat_CR4_whitePanels
f 7926 7927 7928
f 7927 7926 7929

# obj1671
v 66.2097168 410.20678711 400.00003052
v 69.51968384 270.37631226 400.00003052
v 54.72291565 406.58282471 400.00003052
v 81.51667786 269.30355835 400.00003052
usemtl Patch_1671_Mat_CR4_whitePanels
f 7930 7931 7932
f 7931 7930 7933

# obj1672
v 54.72291565 406.58282471 401.5748291
v 66.2097168 410.20678711 400.00003052
v 54.72291565 406.58282471 400.00003052
v 66.2097168 410.20678711 401.5748291
usemtl Patch_1672_Mat_CR4_whitePanels
f 7934 7935 7936
f 7935 7934 7937

# obj1673
v 81.90809631 269.34603882 407.87402344
v 83.3261795 270.84558105 407.77578735
v 81.76363373 270.67584229 407.87402344
v 83.47064209 269.51580811 407.77578735
usemtl Patch_1673_Mat_CR4_whitePanels
f 7938 7939 7940
f 7939 7938 7941

# obj1674
v 81.76363373 270.67584229 407.87402344
v 68.16369629 410.41906738 407.77578735
v 66.60115814 410.24932861 407.87402344
v 83.3261795 270.84558105 407.77578735
usemtl Patch_1674_Mat_CR4_whitePanels
f 7942 7943 7944
f 7943 7942 7945

# obj1675
v 81.51667786 269.30355835 401.5748291
v 69.51968384 270.37631226 400.00003052
v 81.51667786 269.30355835 400.00003052
v 69.51968384 270.37631226 401.5748291
usemtl Patch_1675_Mat_CR4_whitePanels
f 7946 7947 7948
f 7947 7946 7949

# obj1676
v 69.51968384 270.37631226 401.5748291
v 66.2097168 410.20678711 401.5748291
v 54.72291565 406.58282471 401.5748291
v 81.51667786 269.30355835 401.5748291
usemtl Patch_1676_Mat_CR4_whitePanels
f 7950 7951 7952
f 7951 7950 7953

# obj1677
v 69.51968384 270.37631226 401.5748291
v 49.87510681 264.53259277 400.49176025
v 69.51968384 270.37631226 400.00003052
v 38.06288147 261.01876831 400.78744507
v 38.06288147 261.01876831 402.36224365
v 49.87510681 264.53259277 402.06655884
usemtl Patch_1677_Mat_CR4_whitePanels
f 7954 7955 7956
f 7955 7954 7957
f 7957 7954 7958
f 7958 7954 7959

# obj1678
v -88.92129517 372.7612915 403.93704224
v -78.03632355 272.56341553 402.36224365
v -78.03632355 272.56341553 403.93704224
v -88.92129517 372.7612915 402.36224365
usemtl Patch_1678_Mat_CR4_whitePanels
f 7960 7961 7962
f 7961 7960 7963

# obj1679
v -88.92129517 372.7612915 402.36224365
v 21.99054146 408.96722412 402.36224365
v 21.99054146 408.96722412 400.78744507
v -88.92129517 372.7612915 403.93704224
usemtl Patch_1679_Mat_CR4_whitePanels
f 7964 7965 7966
f 7965 7964 7967

# obj1680
v 21.99054146 408.96722412 400.78744507
v 54.72291565 406.58282471 401.5748291
v 54.72291565 406.58282471 400.00003052
v 21.99054146 408.96722412 402.36224365
usemtl Patch_1680_Mat_CR4_whitePanels
f 7968 7969 7970
f 7969 7968 7971

# obj1681
v 54.72291565 406.58282471 400.00003052
v 38.06288147 261.01876831 400.78744507
v 21.99054146 408.96722412 400.78744507
v 49.87510681 264.53259277 400.49176025
v 69.51968384 270.37631226 400.00003052
usemtl Patch_1681_Mat_CR4_whitePanels
f 7972 7973 7974
f 7973 7972 7975
f 7975 7972 7976

# obj1682
v 38.06288147 261.01876831 402.36224365
v 54.72291565 406.58282471 401.5748291
v 21.99054146 408.96722412 402.36224365
v 49.87510681 264.53259277 402.06655884
v 69.51968384 270.37631226 401.5748291
usemtl Patch_1682_Mat_CR4_whitePanels
f 7977 7978 7979
f 7978 7977 7980
f 7978 7980 7981

# obj1683
v 748.34960938 576.7689209 497.96011353
v 804.48754883 537.26165771 431.60449219
v 756.69287109 531.10235596 427.55905151
v 798.31695557 583.88848877 503.22433472
usemtl Patch_1683_Mat_CR4_concrete
f 7982 7983 7984
f 7983 7982 7985

# obj1684
v 808.01385498 509.70031738 431.80703735
v 763.88061523 455.59014893 499.35858154
v 760.23620605 503.54330444 427.55905151
v 813.97589111 461.4894104 504.63391113
usemtl Patch_1684_Mat_CR4_concrete
f 7986 7987 7988
f 7987 7986 7989

# obj1685
v 790.0380249 117.81855011 430.12008667
v 804.77246094 90.58321381 265.3543396
v 790.82800293 90.25955963 430.12472534
v 803.98205566 118.14219666 265.3543396
usemtl Patch_1685_Mat_CR4_concrete
f 7990 7991 7992
f 7991 7990 7993

# obj1686
v 808.01385498 509.70031738 431.80703735
v 811.70898438 479.20870972 504.42984009
v 813.97589111 461.4894104 504.63391113
v 806.1697998 523.68847656 450.78579712
v 804.48754883 537.26165771 431.60449219
v 800.95678711 563.25421143 503.4619751
v 798.31695557 583.88848877 503.22433472
usemtl Patch_1686_Mat_CR4_concrete
f 7994 7995 7996
f 7995 7994 7997
f 7997 7994 7998
f 7997 7998 7999
f 7999 7998 8000

# obj1687
v 827.72137451 357.45401001 505.87780762
v 880.66796875 319.33795166 456.3727417
v 830.82781982 315.34237671 452.60494995
v 871.63830566 362.00665283 510.50131226
usemtl Patch_1687_Mat_CR4_concrete
f 8001 8002 8003
f 8002 8001 8004

# obj1688
v 800.95678711 563.25421143 503.4619751
v 858.41210938 530.40997314 454.52545166
v 806.1697998 523.68847656 450.78579712
v 847.8951416 570.49633789 508.40817261
usemtl Patch_1688_Mat_CR4_concrete
f 8005 8006 8007
f 8006 8005 8008

# obj1689
v 858.41210938 530.40997314 454.52545166
v 811.70898438 479.20870972 504.42984009
v 806.1697998 523.68847656 450.78579712
v 858.78753662 483.91967773 509.38589478
usemtl Patch_1689_Mat_CR4_concrete
f 8009 8010 8011
f 8010 8009 8012

# obj1690
v 842.07745361 91.43400574 434.12927246
v 787.32904053 42.5683136 501.02661133
v 790.82800293 90.25955963 430.12472534
v 844.11090088 42.84589386 506.99371338
usemtl Patch_1690_Mat_CR4_concrete
f 8013 8014 8015
f 8014 8013 8016

# obj1691
v 896.87573242 106.90231323 458.24703979
v 843.41326904 67.24938965 506.96743774
v 841.85253906 105.44908905 453.96472168
v 894.62530518 67.59226227 512.34942627
usemtl Patch_1691_Mat_CR4_concrete
f 8017 8018 8019
f 8018 8017 8020

# obj1692
v 894.62530518 67.59226227 512.34942627
v 844.11090088 42.84589386 506.99371338
v 843.41326904 67.24938965 506.96743774
v -229.51905823 52.75600815 394.197052
v 898.23382568 -0 512.59832764
v -229.52755737 -0 394.09451294
v 787.32904053 42.5683136 501.02661133
v 786.63977051 66.66648102 501.00064087
v 898.43286133 -0 512.6192627
usemtl Patch_1692_Mat_CR4_concrete
f 8021 8022 8023
f 8024 8025 8026
f 8025 8024 8027
f 8027 8024 8028
f 8025 8027 8022
f 8025 8022 8021
f 8025 8021 8029

# obj1693
v -262.20471191 -0 -0
v -229.51905823 52.75600815 394.197052
v -229.52755737 -0 394.09451294
v -262.20471191 52.36220169 0
usemtl Patch_1693_Mat_CR4_concrete
f 8030 8031 8032
f 8031 8030 8033

# obj1694
v 750.92456055 556.67816162 498.19198608
v 757.75317383 517.45928955 447.32000732
v -233.07046509 389.98092651 376.39389038
usemtl Patch_1694_Mat_CR4_concrete
f 8034 8035 8036

# obj1695
v 761.53875732 473.86254883 499.14770508
v -233.07046509 389.98092651 376.39389038
v 757.75317383 517.45928955 447.32000732
usemtl Patch_1695_Mat_CR4_concrete
f 8037 8038 8039

# obj1696
v 756.69287109 531.10235596 427.55905151
v 774.08239746 505.42825317 265.3543396
v 760.23620605 503.54330444 427.55905151
v 770.5390625 532.98724365 265.3543396
usemtl Patch_1696_Mat_CR4_concrete
f 8040 8041 8042
f 8041 8040 8043

# obj1697
v 808.01385498 509.70031738 431.80703735
v 774.08239746 505.42825317 265.3543396
v 822.22265625 511.63464355 265.35430908
v 760.23620605 503.54330444 427.55905151
usemtl Patch_1697_Mat_CR4_concrete
f 8044 8045 8046
f 8045 8044 8047

# obj1698
v 761.53875732 473.86254883 499.14770508
v -252.43554688 363.24923706 392.3873291
v -233.07046509 389.98092651 376.39389038
usemtl Patch_1698_Mat_CR4_concrete
f 8048 8049 8050

# obj1699
v 790.0380249 117.81855011 430.12008667
v 855.57452393 119.32462311 265.3543396
v 803.98205566 118.14219666 265.3543396
v 841.29003906 118.99307251 434.14224243
usemtl Patch_1699_Mat_CR4_concrete
f 8051 8052 8053
f 8052 8051 8054

# obj1700
v 856.36083984 91.76552582 265.3543396
v 841.29003906 118.99307251 434.14224243
v 842.07745361 91.43400574 434.12927246
v 855.57452393 119.32462311 265.3543396
usemtl Patch_1700_Mat_CR4_concrete
f 8055 8056 8057
f 8056 8055 8058

# obj1701
v 842.07745361 91.43400574 434.12927246
v 804.77246094 90.58321381 265.3543396
v 856.36083984 91.76552582 265.3543396
v 790.82800293 90.25955963 430.12472534
usemtl Patch_1701_Mat_CR4_concrete
f 8059 8060 8061
f 8060 8059 8062

# obj1702
v 846.12609863 302.22854614 265.3543396
v 829.93103027 328.68460083 433.38571167
v 831.87890625 301.12405396 433.68225098
v 844.15307617 329.78713989 265.3543396
usemtl Patch_1702_Mat_CR4_concrete
f 8063 8064 8065
f 8064 8063 8066

# obj1703
v 831.87890625 301.12405396 433.68225098
v 794.53375244 298.28787231 265.3543396
v 846.12609863 302.22854614 265.3543396
v 780.68389893 297.21420288 428.98791504
usemtl Patch_1703_Mat_CR4_concrete
f 8067 8068 8069
f 8068 8067 8070

# obj1704
v 822.22265625 511.63464355 265.35430908
v 804.48754883 537.26165771 431.60449219
v 808.01385498 509.70031738 431.80703735
v 818.67901611 539.19360352 265.35430908
usemtl Patch_1704_Mat_CR4_concrete
f 8071 8072 8073
f 8072 8071 8074

# obj1705
v 750.92456055 556.67816162 498.19198608
v -233.07046509 389.98092651 376.39389038
v -257.42715454 409.84735107 391.95263672
usemtl Patch_1705_Mat_CR4_concrete
f 8075 8076 8077

# obj1706
v 773.90325928 350.07302856 500.20843506
v -217.35827637 231.3117218 373.36453247
v -240.54138184 252.36155701 393.42349243
usemtl Patch_1706_Mat_CR4_concrete
f 8078 8079 8080

# obj1707
v -273.03210449 254.49868774 7.87401772
v -252.43554688 363.24923706 392.3873291
v -240.54138184 252.36155701 393.42349243
v -274.40948486 273.62207031 15.74803543
v -275.04522705 273.40441895 7.87401772
v -283.46456909 358.66140747 15.74803543
usemtl Patch_1707_Mat_CR4_concrete
f 8081 8082 8083
f 8082 8081 8084
f 8084 8081 8085
f 8082 8084 8086

# obj1708
v 871.63830566 362.00665283 510.50131226
v 896.41815186 320.55111694 265.35430908
v 880.66796875 319.33795166 456.3727417
v 873.9911499 531.78839111 265.35430908
v 858.78753662 483.91967773 509.38589478
v 858.41210938 530.40997314 454.52545166
usemtl Patch_1708_Mat_CR4_woodPanels
f 8087 8088 8089
f 8088 8087 8090
f 8090 8087 8091
f 8090 8091 8092

# obj1709
v 847.8951416 570.49633789 508.40817261
v 873.9911499 531.78839111 265.35430908
v 858.41210938 530.40997314 454.52545166
v 858.66143799 633.85821533 265.35430908
v 838.90985107 630.78326416 507.58016968
usemtl Patch_1709_Mat_CR4_woodPanels
f 8093 8094 8095
f 8094 8093 8096
f 8096 8093 8097

# obj1710
v -296.41525269 454.03570557 15.74803543
v -257.42715454 409.84735107 391.95263672
v -290.00146484 406.87548828 15.74803543
v -263.15731812 451.64471436 391.43106079
v -264.17324829 459.05514526 391.33856201
usemtl Patch_1710_Mat_CR4_concrete
f 8098 8099 8100
f 8099 8098 8101
f 8101 8098 8102

# obj1711
v 784.46807861 142.59481812 500.91876221
v 789.07794189 104.05525208 449.85742188
v -207.52603149 77.73378754 372.29418945
usemtl Patch_1711_Mat_CR4_concrete
f 8103 8104 8105

# obj1712
v 786.63977051 66.66648102 501.00064087
v -229.51905823 52.75600815 394.197052
v -207.52603149 77.73378754 372.29418945
usemtl Patch_1712_Mat_CR4_concrete
f 8106 8107 8108

# obj1713
v 786.63977051 66.66648102 501.00064087
v -207.52603149 77.73378754 372.29418945
v 789.07794189 104.05525208 449.85742188
usemtl Patch_1713_Mat_CR4_concrete
f 8109 8110 8111

# obj1714
v 902.23223877 -0 466.71322632
v 903.29968262 41.33858109 425.51550293
v 905.64196777 -0 425.51550293
v 899.88995361 41.33858109 466.71322632
usemtl Patch_1714_Mat_CR4_windows
f 8112 8113 8114
f 8113 8112 8115

# obj1715
v 21.99054146 408.96722412 400.78744507
v -78.03632355 272.56341553 402.36224365
v -88.92129517 372.7612915 402.36224365
v 38.06288147 261.01876831 400.78744507
usemtl Patch_1715_Mat_CR4_whitePanels
f 8116 8117 8118
f 8117 8116 8119

# obj1716
v 38.06288147 261.01876831 402.36224365
v -78.03632355 272.56341553 402.36224365
v 38.06288147 261.01876831 400.78744507
v -78.03632355 272.56341553 403.93704224
usemtl Patch_1716_Mat_CR4_whitePanels
f 8120 8121 8122
f 8121 8120 8123

# obj1717
v -78.03632355 272.56341553 403.93704224
v 21.99054146 408.96722412 402.36224365
v -88.92129517 372.7612915 403.93704224
v 38.06288147 261.01876831 402.36224365
usemtl Patch_1717_Mat_CR4_whitePanels
f 8124 8125 8126
f 8125 8124 8127

# obj1718
v -66.77189636 254.78756714 394.48822021
v -68.3374939 254.61749268 386.61419678
v -66.77189636 254.78756714 386.61419678
v -68.3374939 254.61749268 388.18899536
v -68.3374939 254.61749268 394.48822021
usemtl Patch_1718_Mat_CR4_whitePanels
f 8128 8129 8130
f 8129 8128 8131
f 8131 8128 8132

# obj1719
v -68.3374939 254.61749268 388.18899536
v -227.55899048 251.18110657 386.61419678
v -68.3374939 254.61749268 386.61419678
v -227.55899048 251.18110657 388.18899536
usemtl Patch_1719_Mat_CR4_whitePanels
f 8133 8134 8135
f 8134 8133 8136

# obj1720
v 879.13336182 280.29660034 511.13140869
v 892.48773193 155.53314209 465.98883057
v 889.21746826 148.51220703 511.93710327
v 887.9821167 214.41503906 465.62884521
v 883.48974609 273.12420654 465.26989746
v 886.90600586 273.13375854 424.07272339
v 891.39837646 214.42459106 424.43167114
v 901.23748779 162.48178101 354.04428101
v 895.90405273 155.54269409 424.79162598
v 895.40344238 238.02807617 354.22467041
v 902.71478271 238.80490112 265.35430908
v 896.41815186 320.55111694 265.35430908
v 880.66796875 319.33795166 456.3727417
v 912.74493408 108.58839417 265.35430908
v 896.87573242 106.90231323 458.24703979
v 908.55029297 163.0450592 265.35430908
usemtl Patch_1720_Mat_CR4_woodPanels
f 8137 8138 8139
f 8138 8137 8140
f 8140 8137 8141
f 8141 8137 8142
f 8143 8144 8145
f 8144 8143 8146
f 8146 8143 8142
f 8146 8142 8147
f 8147 8142 8148
f 8148 8142 8137
f 8148 8137 8149
f 8139 8150 8151
f 8150 8139 8152
f 8152 8139 8145
f 8145 8139 8138
f 8152 8145 8144

# obj1721
v 898.43286133 -0 512.6192627
v 899.88995361 41.33858109 466.71322632
v 902.23223877 -0 466.71322632
v 894.62530518 67.59226227 512.34942627
v 905.64196777 -0 425.51550293
v 912.74493408 108.58839417 265.35430908
v 918.89764404 -0 265.3543396
v 903.29968262 41.33858109 425.51550293
v 896.87573242 106.90231323 458.24703979
usemtl Patch_1721_Mat_CR4_woodPanels
f 8153 8154 8155
f 8154 8153 8156
f 8157 8158 8159
f 8158 8157 8160
f 8158 8160 8154
f 8158 8154 8156
f 8158 8156 8161

# obj1722
v 773.90325928 350.07302856 500.20843506
v 778.85601807 311.17590332 448.67599487
v -217.35827637 231.3117218 373.36453247
usemtl Patch_1722_Mat_CR4_concrete
f 8162 8163 8164

# obj1723
v 831.87890625 301.12405396 433.68225098
v 833.36706543 277.58822632 506.31713867
v 835.06481934 253.57199097 506.44924927
v 830.82781982 315.34237671 452.60494995
v 829.93103027 328.68460083 433.38571167
v 827.72137451 357.45401001 505.87780762
v 826.41040039 375.99942017 505.77578735
usemtl Patch_1723_Mat_CR4_concrete
f 8165 8166 8167
f 8166 8165 8168
f 8168 8165 8169
f 8168 8169 8170
f 8170 8169 8171

# obj1724
v 858.78753662 483.91967773 509.38589478
v 813.97589111 461.4894104 504.63391113
v 811.70898438 479.20870972 504.42984009
v 826.41040039 375.99942017 505.77578735
v 827.72137451 357.45401001 505.87780762
v 871.63830566 362.00665283 510.50131226
v 772.39788818 371.18249512 500.09091187
v 763.88061523 455.59014893 499.35858154
v 761.53875732 473.86254883 499.14770508
v -240.54138184 252.36155701 393.42349243
v -252.43554688 363.24923706 392.3873291
v 773.90325928 350.07302856 500.20843506
usemtl Patch_1724_Mat_CR4_concrete
f 8172 8173 8174
f 8173 8172 8175
f 8175 8172 8176
f 8176 8172 8177
f 8173 8178 8179
f 8178 8173 8175
f 8180 8181 8182
f 8181 8180 8183
f 8183 8180 8179
f 8183 8179 8178

# obj1725
v 778.71136475 324.77301025 429.00177002
v 794.53375244 298.28787231 265.3543396
v 780.68389893 297.21420288 428.98791504
v 792.56237793 325.84677124 265.3543396
usemtl Patch_1725_Mat_CR4_concrete
f 8184 8185 8186
f 8185 8184 8187

# obj1726
v 792.56237793 325.84677124 265.3543396
v 829.93103027 328.68460083 433.38571167
v 844.15307617 329.78713989 265.3543396
v 778.71136475 324.77301025 429.00177002
usemtl Patch_1726_Mat_CR4_concrete
f 8188 8189 8190
f 8189 8188 8191

# obj1727
v 29.89307404 364.96063232 -31.49597168
v 30.19053841 361.03488159 -3.93691945
v 30.19053841 361.03488159 -31.49597168
v 29.89307594 364.96063232 8.976E-05
v 50.90018463 87.72122955 -31.49605751
v 51.25629425 83.02149963 -25.19684982
v 51.25629425 83.02149963 -31.49605751
v 50.90018463 87.72122955 -29.13376999
v 50.54407501 92.42095947 -25.19684982
v 50.18796539 97.12068176 -29.13376999
v 50.54407501 92.42095947 -18.89763832
v 50.18796539 97.12068176 -22.83455658
v 49.83185577 101.82041168 -18.89763832
v 49.47574615 106.5201416 -22.83455658
v 49.83185577 101.82041168 -12.59842491
v 49.47574615 106.5201416 -16.53534508
v 49.11963654 111.21987152 -12.59842491
v 48.76352692 115.91960144 -16.53534508
v 49.11963654 111.21987152 -6.29921246
v 48.76352692 115.91960144 -10.23613262
v 48.40741348 120.61933136 -6.29921246
v 48.10995102 124.54508209 -10.23613262
v 48.40741348 120.61933136 -9E-08
v 48.10995102 124.54508209 -3.93691945
usemtl Patch_1727_Mat_CR4_linoleum
f 8192 8193 8194
f 8193 8192 8195
f 8196 8197 8198
f 8197 8196 8199
f 8197 8199 8200
f 8200 8199 8201
f 8200 8201 8202
f 8202 8201 8203
f 8202 8203 8204
f 8204 8203 8205
f 8204 8205 8206
f 8206 8205 8207
f 8206 8207 8208
f 8208 8207 8209
f 8208 8209 8210
f 8210 8209 8211
f 8210 8211 8212
f 8212 8211 8213
f 8212 8213 8214
f 8214 8213 8215
f 8214 8215 8195
f 8195 8215 8193

# obj1728
v 49.83185577 101.82041168 -12.59842491
v 12.20472431 108.6614151 -12.59842491
v 12.20472431 99.21260071 -12.59842491
v 49.11963654 111.21987152 -12.59842491
usemtl Patch_1728_Mat_CR4_parquet
f 8216 8217 8218
f 8217 8216 8219

# obj1729
v 50.54407501 92.42095947 -18.89763832
v 12.20472431 99.21260071 -18.89763832
v 12.20472431 89.76377869 -18.89763832
v 49.83185577 101.82041168 -18.89763832
usemtl Patch_1729_Mat_CR4_parquet
f 8220 8221 8222
f 8221 8220 8223

# obj1730
v 51.25629425 83.02149963 -25.19684982
v 12.20472431 89.76377869 -25.19684982
v 12.20472431 80.31496429 -25.19684982
v 50.54407501 92.42095947 -25.19684982
usemtl Patch_1730_Mat_CR4_parquet
f 8224 8225 8226
f 8225 8224 8227

# obj1731
v 48.40741348 120.61933136 -9E-08
v 12.20472431 118.11023712 -6.29921246
v 48.40741348 120.61933136 -6.29921246
v 12.20472431 118.11023712 0
usemtl Patch_1731_Mat_CR4_parquet
f 8228 8229 8230
f 8229 8228 8231

# obj1732
v 49.11963654 111.21987152 -6.29921246
v 12.20472431 118.11023712 -6.29921246
v 12.20472431 108.6614151 -6.29921246
v 48.40741348 120.61933136 -6.29921246
usemtl Patch_1732_Mat_CR4_parquet
f 8232 8233 8234
f 8233 8232 8235

# obj1733
v 49.11963654 111.21987152 -6.29921246
v 12.20472431 108.6614151 -12.59842491
v 49.11963654 111.21987152 -12.59842491
v 12.20472431 108.6614151 -6.29921246
usemtl Patch_1733_Mat_CR4_parquet
f 8236 8237 8238
f 8237 8236 8239

# obj1734
v 49.83185577 101.82041168 -12.59842491
v 12.20472431 99.21260071 -18.89763832
v 49.83185577 101.82041168 -18.89763832
v 12.20472431 99.21260071 -12.59842491
usemtl Patch_1734_Mat_CR4_parquet
f 8240 8241 8242
f 8241 8240 8243

# obj1735
v 50.54407501 92.42095947 -18.89763832
v 12.20472431 89.76377869 -25.19684982
v 50.54407501 92.42095947 -25.19684982
v 12.20472431 89.76377869 -18.89763832
usemtl Patch_1735_Mat_CR4_parquet
f 8244 8245 8246
f 8245 8244 8247

# obj1736
v 51.25629425 83.02149963 -25.19684982
v 12.20472431 80.31496429 -31.49605751
v 51.25629425 83.02149963 -31.49605751
v 12.20472431 80.31496429 -25.19684982
usemtl Patch_1736_Mat_CR4_parquet
f 8248 8249 8250
f 8249 8248 8251

# obj1737
v 22.33902931 360.43994141 -31.49597168
v 43.04867554 87.126297 -29.13376999
v 43.04867554 87.126297 -31.49605751
v 42.3364563 96.52575684 -29.13376999
v 42.3364563 96.52575684 -22.83455658
v 41.62423706 105.92521667 -22.83455658
v 41.62423706 105.92521667 -16.53534508
v 40.91201782 115.32467651 -16.53534508
v 40.91201782 115.32467651 -10.23613262
v 40.25844193 123.95015717 -10.23613262
v 40.25844193 123.95015717 -3.93691945
v 22.33902931 360.43994141 -3.93691945
usemtl Patch_1737_Mat_CR4_linoleum
f 8252 8253 8254
f 8253 8252 8255
f 8255 8252 8256
f 8256 8252 8257
f 8257 8252 8258
f 8258 8252 8259
f 8259 8252 8260
f 8260 8252 8261
f 8261 8252 8262
f 8262 8252 8263

# obj1738
v 43.04867554 87.126297 -29.13376999
v 50.90018463 87.72122955 -31.49605751
v 43.04867554 87.126297 -31.49605751
v 50.90018463 87.72122955 -29.13376999
usemtl Patch_1738_Mat_CR4_linoleum
f 8264 8265 8266
f 8265 8264 8267

# obj1739
v 50.18796539 97.12068176 -29.13376999
v 43.04867554 87.126297 -29.13376999
v 42.3364563 96.52575684 -29.13376999
v 50.90018463 87.72122955 -29.13376999
usemtl Patch_1739_Mat_CR4_linoleum
f 8268 8269 8270
f 8269 8268 8271

# obj1740
v 42.3364563 96.52575684 -22.83455658
v 50.18796539 97.12068176 -29.13376999
v 42.3364563 96.52575684 -29.13376999
v 50.18796539 97.12068176 -22.83455658
usemtl Patch_1740_Mat_CR4_linoleum
f 8272 8273 8274
f 8273 8272 8275

# obj1741
v 49.47574615 106.5201416 -22.83455658
v 42.3364563 96.52575684 -22.83455658
v 41.62423706 105.92521667 -22.83455658
v 50.18796539 97.12068176 -22.83455658
usemtl Patch_1741_Mat_CR4_linoleum
f 8276 8277 8278
f 8277 8276 8279

# obj1742
v 41.62423706 105.92521667 -16.53534508
v 49.47574615 106.5201416 -22.83455658
v 41.62423706 105.92521667 -22.83455658
v 49.47574615 106.5201416 -16.53534508
usemtl Patch_1742_Mat_CR4_linoleum
f 8280 8281 8282
f 8281 8280 8283

# obj1743
v 48.76352692 115.91960144 -16.53534508
v 41.62423706 105.92521667 -16.53534508
v 40.91201782 115.32467651 -16.53534508
v 49.47574615 106.5201416 -16.53534508
usemtl Patch_1743_Mat_CR4_linoleum
f 8284 8285 8286
f 8285 8284 8287

# obj1744
v 40.91201782 115.32467651 -10.23613262
v 48.76352692 115.91960144 -16.53534508
v 40.91201782 115.32467651 -16.53534508
v 48.76352692 115.91960144 -10.23613262
usemtl Patch_1744_Mat_CR4_linoleum
f 8288 8289 8290
f 8289 8288 8291

# obj1745
v 48.10995102 124.54508209 -10.23613262
v 40.91201782 115.32467651 -10.23613262
v 40.25844193 123.95015717 -10.23613262
v 48.76352692 115.91960144 -10.23613262
usemtl Patch_1745_Mat_CR4_linoleum
f 8292 8293 8294
f 8293 8292 8295

# obj1746
v 40.25844193 123.95015717 -3.93691945
v 48.10995102 124.54508209 -10.23613262
v 40.25844193 123.95015717 -10.23613262
v 48.10995102 124.54508209 -3.93691945
usemtl Patch_1746_Mat_CR4_linoleum
f 8296 8297 8298
f 8297 8296 8299

# obj1747
v 30.19053841 361.03488159 -3.93691945
v 40.25844193 123.95015717 -3.93691945
v 22.33902931 360.43994141 -3.93691945
v 48.10995102 124.54508209 -3.93691945
usemtl Patch_1747_Mat_CR4_linoleum
f 8300 8301 8302
f 8301 8300 8303

# obj1748
v 30.19053841 361.03488159 -3.93691945
v 22.33902931 360.43994141 -31.49597168
v 30.19053841 361.03488159 -31.49597168
v 22.33902931 360.43994141 -3.93691945
usemtl Patch_1748_Mat_CR4_linoleum
f 8304 8305 8306
f 8305 8304 8307

# obj1749
v -201.104599 399.27203369 21.63566589
v -186.11000061 354.79522705 15.74803543
v -186.11000061 354.79522705 21.65354729
v -201.104599 399.27203369 15.74803543
usemtl Patch_1749_Mat_CR4_parquet
f 8308 8309 8310
f 8309 8308 8311

# obj1750
v -186.11000061 354.79522705 21.65354729
v -189.89793396 403.05255127 21.63566589
v -201.104599 399.27203369 21.63566589
v -174.90333557 358.57574463 21.65354729
usemtl Patch_1750_Mat_CR4_parquet
f 8312 8313 8314
f 8313 8312 8315

# obj1751
v -189.89793396 403.05255127 27.54117775
v -174.90333557 358.57574463 21.65354729
v -174.90333557 358.57574463 27.55905724
v -189.89793396 403.05255127 21.63566589
usemtl Patch_1751_Mat_CR4_parquet
f 8316 8317 8318
f 8317 8316 8319

# obj1752
v -174.90333557 358.57574463 27.55905724
v -178.69126892 406.83306885 27.54117775
v -189.89793396 403.05255127 27.54117775
v -163.69667053 362.35626221 27.55905724
usemtl Patch_1752_Mat_CR4_parquet
f 8320 8321 8322
f 8321 8320 8323

# obj1753
v -178.69126892 406.83306885 33.44668961
v -163.69667053 362.35626221 27.55905724
v -163.69667053 362.35626221 33.46456909
v -178.69126892 406.83306885 27.54117775
usemtl Patch_1753_Mat_CR4_parquet
f 8324 8325 8326
f 8325 8324 8327

# obj1754
v -167.48458862 410.61355591 39.35219955
v -152.49000549 366.13677979 33.46456909
v -152.49000549 366.13677979 39.37007904
v -167.48458862 410.61355591 33.44668961
usemtl Patch_1754_Mat_CR4_parquet
f 8328 8329 8330
f 8329 8328 8331

# obj1755
v -163.69667053 362.35626221 33.46456909
v -167.48458862 410.61355591 33.44668961
v -178.69126892 406.83306885 33.44668961
v -152.49000549 366.13677979 33.46456909
usemtl Patch_1755_Mat_CR4_parquet
f 8332 8333 8334
f 8333 8332 8335

# obj1756
v -156.27792358 414.39407349 45.2577095
v -141.28335571 369.91729736 39.37007904
v -141.28335571 369.91729736 45.2755928
v -156.27792358 414.39407349 39.35219955
usemtl Patch_1756_Mat_CR4_parquet
f 8336 8337 8338
f 8337 8336 8339

# obj1757
v -152.49000549 366.13677979 39.37007904
v -156.27792358 414.39407349 39.35219955
v -167.48458862 410.61355591 39.35219955
v -141.28335571 369.91729736 39.37007904
usemtl Patch_1757_Mat_CR4_parquet
f 8340 8341 8342
f 8341 8340 8343

# obj1758
v -145.07125854 418.17459106 51.16322327
v -130.07669067 373.69781494 45.2755928
v -130.07669067 373.69781494 51.18110275
v -145.07125854 418.17459106 45.2577095
usemtl Patch_1758_Mat_CR4_parquet
f 8344 8345 8346
f 8345 8344 8347

# obj1759
v -141.28335571 369.91729736 45.2755928
v -145.07125854 418.17459106 45.2577095
v -156.27792358 414.39407349 45.2577095
v -130.07669067 373.69781494 45.2755928
usemtl Patch_1759_Mat_CR4_parquet
f 8348 8349 8350
f 8349 8348 8351

# obj1760
v -133.86459351 421.95507812 57.06873322
v -118.87002563 377.47833252 51.18110275
v -118.87002563 377.47833252 57.0866127
v -133.86459351 421.95507812 51.16322327
usemtl Patch_1760_Mat_CR4_parquet
f 8352 8353 8354
f 8353 8352 8355

# obj1761
v -130.07669067 373.69781494 51.18110275
v -133.86459351 421.95507812 51.16322327
v -145.07125854 418.17459106 51.16322327
v -118.87002563 377.47833252 51.18110275
usemtl Patch_1761_Mat_CR4_parquet
f 8356 8357 8358
f 8357 8356 8359

# obj1762
v -122.65792847 425.7355957 62.97424316
v -107.6633606 381.2588501 57.0866127
v -107.6633606 381.2588501 62.99212265
v -122.65792847 425.7355957 57.06873322
usemtl Patch_1762_Mat_CR4_parquet
f 8360 8361 8362
f 8361 8360 8363

# obj1763
v -118.87002563 377.47833252 57.0866127
v -122.65792847 425.7355957 57.06873322
v -133.86459351 421.95507812 57.06873322
v -107.6633606 381.2588501 57.0866127
usemtl Patch_1763_Mat_CR4_parquet
f 8364 8365 8366
f 8365 8364 8367

# obj1764
v -107.6633606 381.2588501 62.99212265
v -111.41749573 429.52804565 62.97424316
v -122.65792847 425.7355957 62.97424316
v -96.45685577 385.03982544 62.99212265
usemtl Patch_1764_Mat_CR4_parquet
f 8368 8369 8370
f 8369 8368 8371

# obj1765
v -111.41749573 429.52804565 62.97424316
v -92.12600708 436.22045898 59.84251785
v -111.41733551 429.52755737 59.84251785
v -92.12600708 436.22045898 68.89763641
v -111.41733551 429.52755737 68.89763641
usemtl Patch_1765_Mat_CR4_linoleum
f 8372 8373 8374
f 8373 8372 8375
f 8375 8372 8376

# obj1766
v -111.41733551 429.52755737 68.89763641
v -96.45685577 385.03982544 62.99212265
v -96.45670319 385.03936768 68.89763641
v -111.41749573 429.52804565 62.97424316
usemtl Patch_1766_Mat_CR4_parquet
f 8377 8378 8379
f 8378 8377 8380

# obj1767
v -1.18110955 -27.55905533 368.11026001
v -1.18110955 27.55905533 368.11026001
v -1.18110955 -0 368.11026001
v 10.62991428 -33.60013962 368.11026001
v 10.62991428 33.60684967 368.11026001
v 22.44093704 11.81102371 368.11026001
v 22.44093704 -11.81102371 368.11026001
usemtl Patch_1767_Mat_CR4_whitePanels
f 8382 8381 8384
f 8382 8384 8385
f 8385 8384 8386
f 8386 8384 8387

# obj1768
v -140.55119324 -0 254.33070374
v -196.85040283 -98.42519379 254.33070374
v -196.85040283 -0 254.33070374
v -173.22833252 -275.59054565 254.33070374
v -140.55119324 -275.59054565 254.33070374
usemtl Patch_1768_Mat_CR4_whitePanels
f 8388 8389 8390
f 8389 8388 8391
f 8391 8388 8392

# obj1769
v -140.55119324 -275.59054565 262.20483398
v -173.22833252 -275.59054565 254.33070374
v -140.55119324 -275.59054565 254.33070374
v -173.22833252 -275.59054565 262.20483398
usemtl Patch_1769_Mat_CR4_whitePanels
f 8393 8394 8395
f 8394 8393 8396

# obj1770
v -1.18110955 -0 360.23623657
v -1.18110955 -27.55905533 368.11026001
v -1.18110955 -27.55905533 360.23623657
v -1.18110955 -0 368.11026001
usemtl Patch_1770_Mat_CR4_whitePanels
f 8397 8398 8399
f 8398 8397 8400

# obj1771
v -1.18110955 -350.39367676 360.23623657
v -140.55119324 -275.59054565 262.20483398
v -140.55119324 -275.59054565 254.33070374
v -1.18110955 -350.39367676 368.11026001
usemtl Patch_1771_Mat_CR4_whitePanels
f 8401 8402 8403
f 8402 8401 8404

# obj1772
v -140.55119324 275.59054565 254.33070374
v -1.18110955 -0 360.23623657
v -140.55119324 -0 254.33070374
v -1.18110955 350.39367676 360.23623657
v -1.18110955 27.55905533 360.23623657
usemtl Patch_1772_Mat_CR4_whitePanels
f 8405 8406 8407
f 8406 8405 8408

# obj1773
v -1.18110955 350.39367676 360.23623657
v -1.18110955 27.55905533 368.11026001
v -1.18110955 27.55905533 360.23623657
v -1.18110955 350.39367676 368.11026001
usemtl Patch_1773_Mat_CR4_whitePanels
f 8410 8411 8412
f 8411 8410 8413

# obj1774
v -1.18110955 27.55905533 328.74017334
v -1.18110955 -27.55905533 328.74017334
v -1.18110955 -0 328.74017334
v 10.62991428 -33.60013962 328.74017334
v 10.62991428 33.60684967 328.74017334
v 22.44093704 11.81102371 328.74017334
v 22.44093704 -11.81102371 328.74017334
usemtl Patch_1774_Mat_CR4_whitePanels
f 8415 8414 8417
f 8417 8414 8418
f 8417 8418 8419
f 8417 8419 8420

# obj1775
v 22.44093704 11.81102371 328.74017334
v 22.44093704 -11.81102371 368.11026001
v 22.44093704 -11.81102371 328.74017334
v 22.44093704 11.81102371 368.11026001
usemtl Patch_1775_Mat_CR4_whitePanels
f 8421 8422 8423
f 8422 8421 8424

# obj1776
v 10.62991428 33.60684967 328.74017334
v 22.44093704 11.81102371 368.11026001
v 22.44093704 11.81102371 328.74017334
v 10.62991428 33.60684967 368.11026001
usemtl Patch_1776_Mat_CR4_whitePanels
f 8425 8426 8427
f 8426 8425 8428

# obj1777
v -1.18110955 27.55905533 360.23623657
v 10.62991428 33.60684967 328.74017334
v -1.18110955 27.55905533 328.74017334
v 10.62991428 33.60684967 368.11026001
v -1.18110955 27.55905533 368.11026001
usemtl Patch_1777_Mat_CR4_whitePanels
f 8429 8430 8431
f 8430 8429 8432
f 8432 8429 8433

# obj1778
v -1.18110955 -0 360.23623657
v -1.18110955 -27.55905533 328.74017334
v -1.18110955 -27.55905533 360.23623657
v -1.18110955 -0 328.74017334
usemtl Patch_1778_Mat_CR4_whitePanels
f 8434 8435 8436
f 8435 8434 8437

# obj1779
v 10.62991428 -33.60013962 368.11026001
v -1.18110955 -27.55905533 328.74017334
v 10.62991428 -33.60013962 328.74017334
v -1.18110955 -27.55905533 360.23623657
v -1.18110955 -27.55905533 368.11026001
usemtl Patch_1779_Mat_CR4_whitePanels
f 8438 8439 8440
f 8439 8438 8441
f 8441 8438 8442

# obj1780
v 22.44093704 -11.81102371 328.74017334
v 10.62991428 -33.60013962 368.11026001
v 10.62991428 -33.60013962 328.74017334
v 22.44093704 -11.81102371 368.11026001
usemtl Patch_1780_Mat_CR4_whitePanels
f 8443 8444 8445
f 8444 8443 8446

# obj1781
v -1.18110955 27.55905533 360.23623657
v -1.18110955 -0 328.74017334
v -1.18110955 -0 360.23623657
v -1.18110955 27.55905533 328.74017334
usemtl Patch_1781_Mat_CR4_whitePanels
f 8447 8448 8449
f 8448 8447 8450

# obj1782
v -1.18110955 -27.55905533 360.23623657
v -1.18110955 -350.39367676 368.11026001
v -1.18110955 -350.39367676 360.23623657
v -1.18110955 -27.55905533 368.11026001
usemtl Patch_1782_Mat_CR4_whitePanels
f 8451 8452 8453
f 8452 8451 8454

# obj1783
v -1.18110955 27.55905533 360.23623657
v -1.18110955 -0 368.11026001
v -1.18110955 -0 360.23623657
v -1.18110955 27.55905533 368.11026001
usemtl Patch_1783_Mat_CR4_whitePanels
f 8455 8456 8457
f 8456 8455 8458

# obj1784
v 792.64660645 506.802948 39.37007904
v 777.56268311 621.23272705 39.37008286
v 777.56231689 504.48220825 39.37008286
v 788.83886719 536.55554199 39.37006378
v 836.78564453 329.58230591 39.3700676
v 840.55767822 514.17407227 39.3700676
v 816.60211182 510.48849487 39.37007523
v 862.6048584 331.10281372 39.37007141
v 848.22741699 119.3536377 39.3700676
v 864.57446289 303.53182983 39.37007523
v 838.80126953 301.2852478 39.37007904
v 874.02215576 119.68518066 39.37007141
v 927.16534424 -0 39.37007904
v 777.56103516 54.1327095 39.37017441
v 777.56085205 -0 39.37008286
v 777.56115723 90.87619019 39.37006378
v 823.22003174 91.46303558 39.3700676
v 874.80957031 92.12611389 39.37007141
v 912.20471191 46.45669174 39.37007904
v 875.98425293 551.5748291 39.37007904
v 890.5512085 425.59057617 39.37007904
v 901.96850586 299.60629272 39.37007904
v 909.05511475 173.22833252 39.37007904
v 927.16534424 46.45669174 39.37007904
v 975.63647461 652.06890869 39.37007904
v 837.01434326 541.73309326 39.3700676
v 895.27557373 553.93701172 39.37007904
v 912.9921875 401.57479858 39.37007904
v 914.96063232 374.80316162 39.37007904
v 1016.53546143 390.55117798 39.37007904
usemtl Patch_1784_Mat_CR4_linoleum
f 8459 8460 8461
f 8460 8459 8462
f 8463 8464 8465
f 8464 8463 8466
f 8467 8468 8469
f 8468 8467 8470
f 8471 8472 8473
f 8472 8471 8474
f 8474 8471 8475
f 8475 8471 8476
f 8476 8471 8477
f 8476 8477 8478
f 8478 8477 8479
f 8479 8477 8480
f 8480 8477 8481
f 8477 8471 8482
f 8462 8483 8460
f 8483 8462 8484
f 8483 8484 8478
f 8478 8484 8464
f 8478 8464 8466
f 8478 8466 8468
f 8478 8468 8470
f 8478 8470 8476
f 8483 8478 8485
f 8483 8485 8486
f 8483 8486 8487
f 8483 8487 8488

# obj1785
v 975.63647461 -652.06890869 39.37007904
v 788.83886719 -536.55554199 39.37006378
v 777.56268311 -621.23272705 39.37008286
v 837.01434326 -541.73309326 39.3700676
v 875.98425293 -551.5748291 39.37007904
v 840.55767822 -514.17407227 39.3700676
v 862.6048584 -331.10281372 39.37007141
v 864.57446289 -303.53182983 39.37007523
v 874.02215576 -119.68518066 39.37007141
v 874.80957031 -92.12611389 39.37007141
v 895.27557373 -553.93701172 39.37007904
v 912.9921875 -401.57479858 39.37007904
v 914.96063232 -374.80316162 39.37007904
v 1016.53546143 -390.55117798 39.37007904
v 777.56103516 -54.1327095 39.3702774
v 927.16534424 -0 39.37007904
v 777.56085205 0 39.37008286
v 777.56109619 -90.87619019 39.37006378
v 823.22003174 -91.46303558 39.3700676
v 912.20471191 -46.45669174 39.37007904
v 890.5512085 -425.59057617 39.37007904
v 901.96850586 -299.60629272 39.37007904
v 909.05511475 -173.22833252 39.37007904
v 927.16534424 -46.45669174 39.37007904
v 848.22741699 -119.3536377 39.3700676
v 838.80126953 -301.2852478 39.37007904
v 836.78564453 -329.58230591 39.3700676
v 816.60211182 -510.48849487 39.37007523
v 792.64660645 -506.802948 39.37007904
v 777.56231689 -504.48220825 39.37008286
usemtl Patch_1785_Mat_CR4_linoleum
f 8489 8490 8491
f 8490 8489 8492
f 8492 8489 8493
f 8492 8493 8494
f 8494 8493 8495
f 8495 8493 8496
f 8496 8493 8497
f 8497 8493 8498
f 8493 8489 8499
f 8499 8489 8500
f 8500 8489 8501
f 8501 8489 8502
f 8503 8504 8505
f 8504 8503 8506
f 8504 8506 8507
f 8504 8507 8498
f 8504 8498 8508
f 8508 8498 8493
f 8508 8493 8509
f 8508 8509 8510
f 8508 8510 8511
f 8504 8508 8512
f 8496 8513 8514
f 8513 8496 8497
f 8494 8515 8516
f 8515 8494 8495
f 8491 8517 8518
f 8517 8491 8490

# obj1786
v 823.22003174 91.46303558 39.3700676
v 777.56231689 504.48220825 39.37008286
v 777.56115723 90.87619019 39.37006378
v 792.64660645 506.802948 39.37007904
v 810.96636963 328.06176758 39.3700676
v 813.02813721 299.03869629 39.37007904
v 822.43267822 119.02209473 39.3700676
v 838.80126953 301.2852478 39.37007904
v 848.22741699 119.3536377 39.3700676
v 816.60211182 510.48849487 39.37007523
v 836.78564453 329.58230591 39.3700676
usemtl Patch_1786_Mat_CR4_seating
f 8519 8520 8521
f 8520 8519 8522
f 8522 8519 8523
f 8523 8519 8524
f 8524 8519 8525
f 8525 8526 8524
f 8526 8525 8527
f 8523 8528 8522
f 8528 8523 8529

# obj1787
v 77.55903625 -0 -31.49606133
v 124.34423065 82.67212677 -26.75965309
v 77.55903625 512.25610352 -31.49606133
v 160.97537231 44.09076691 -23.05121231
v 388.6701355 -0 -0
v 97.29410553 433.07473755 -29.49813461
v 157.7883606 84.24536133 -23.3738575
v 777.56103516 54.1327095 39.37017441
v 777.56085205 -0 39.37008286
v 777.56268311 621.23272705 39.37008286
v 681.2411499 506.27575684 29.6191082
v 777.56231689 504.48220825 39.37008286
usemtl Patch_1787_Mat_CR4_linoleum
f 8530 8531 8532
f 8531 8530 8533
f 8533 8530 8534
f 8532 8531 8535
f 8531 8533 8536
f 8533 8534 8537
f 8537 8534 8538
f 8535 8539 8532
f 8539 8535 8540
f 8539 8540 8541

# obj1788
v 446.68258667 527.78442383 169.19290161
v 458.75418091 571.60058594 169.19290161
v 440.0932312 568.69543457 169.19290161
v 465.12841797 530.65606689 169.19290161
usemtl Patch_1788_Mat_CR4_linoleum
f 8542 8543 8544
f 8543 8542 8545

# obj1789
v 446.68258667 527.78442383 169.19290161
v 440.0932312 568.69543457 165.00982666
v 446.69155884 527.72875977 165.00984192
v 440.0932312 568.69543457 169.19290161
usemtl Patch_1789_Mat_CR4_linoleum
f 8546 8547 8548
f 8547 8546 8549

# obj1790
v 409.40127563 521.72259521 160.82678223
v 421.43231201 565.79034424 160.82676697
v 402.7713623 562.88519287 160.82676697
v 428.04641724 524.72564697 160.82678223
usemtl Patch_1790_Mat_CR4_linoleum
f 8550 8551 8552
f 8551 8550 8553

# obj1791
v 409.41842651 521.6161499 156.64370728
v 390.57223511 518.58068848 152.46064758
v 409.41842651 521.6161499 152.46064758
v 390.57223511 518.58068848 156.64370728
usemtl Patch_1791_Mat_CR4_linoleum
f 8554 8555 8556
f 8555 8554 8557

# obj1792
v 390.57223511 518.58068848 156.64370728
v 402.7713623 562.88519287 156.64369202
v 384.11044312 559.9800415 156.64369202
v 409.41842651 521.6161499 156.64370728
usemtl Patch_1792_Mat_CR4_linoleum
f 8558 8559 8560
f 8559 8558 8561

# obj1793
v 378.68209839 474.91888428 152.46064758
v 390.57223511 518.58068848 152.46064758
v 372.0657959 515.99688721 152.46064758
v 415.98599243 480.84048462 152.46064758
v 409.41842651 521.6161499 152.46064758
usemtl Patch_1793_Mat_CR4_seating
f 8562 8563 8564
f 8563 8562 8565
f 8563 8565 8566

# obj1794
v 390.57223511 518.58068848 156.64370728
v 384.11044312 559.9800415 152.46063232
v 390.57223511 518.58068848 152.46064758
v 384.11044312 559.9800415 156.64369202
usemtl Patch_1794_Mat_CR4_linoleum
f 8567 8568 8569
f 8568 8567 8570

# obj1795
v 372.0657959 515.99688721 152.46064758
v 384.11044312 559.9800415 152.46063232
v 365.44949341 557.07489014 152.46063232
v 390.57223511 518.58068848 152.46064758
usemtl Patch_1795_Mat_CR4_linoleum
f 8571 8572 8573
f 8572 8571 8574

# obj1796
v 334.7755127 509.99066162 144.09451294
v 346.7885437 554.16973877 144.09449768
v 328.12762451 551.26464844 144.09449768
v 353.20425415 512.95892334 144.09451294
usemtl Patch_1796_Mat_CR4_linoleum
f 8575 8576 8577
f 8576 8575 8578

# obj1797
v 297.44665527 504.22384644 135.7283783
v 309.4666748 548.35949707 135.72836304
v 290.8057251 545.4543457 135.72836304
v 315.87561035 507.19213867 135.7283783
usemtl Patch_1797_Mat_CR4_linoleum
f 8579 8580 8581
f 8580 8579 8582

# obj1798
v 260.14974976 498.25875854 127.36224365
v 272.14480591 542.54919434 127.36223602
v 253.4838562 539.644104 127.36223602
v 278.57785034 501.22692871 127.36224365
usemtl Patch_1798_Mat_CR4_linoleum
f 8583 8584 8585
f 8584 8583 8586

# obj1799
v 222.83686829 492.39279175 118.99610901
v 234.82292175 536.73895264 118.99610138
v 216.1619873 533.83380127 118.99610138
v 241.2646637 495.3609314 118.99610901
usemtl Patch_1799_Mat_CR4_linoleum
f 8587 8588 8589
f 8588 8587 8590

# obj1800
v 222.84231567 492.35894775 114.81304169
v 203.99438477 489.32312012 110.62997437
v 222.84231567 492.35894775 110.62997437
v 203.99438477 489.32312012 114.81304169
usemtl Patch_1800_Mat_CR4_linoleum
f 8591 8592 8593
f 8592 8591 8594

# obj1801
v 203.99438477 489.32312012 114.81304169
v 216.1619873 533.83380127 114.81304169
v 197.50105286 530.9286499 114.81304169
v 222.84231567 492.35894775 114.81304169
usemtl Patch_1801_Mat_CR4_linoleum
f 8595 8596 8597
f 8596 8595 8598

# obj1802
v 203.99438477 489.32312012 114.81304169
v 197.50105286 530.9286499 110.62997437
v 203.99438477 489.32312012 110.62997437
v 197.50105286 530.9286499 114.81304169
usemtl Patch_1802_Mat_CR4_linoleum
f 8599 8600 8601
f 8600 8599 8602

# obj1803
v 192.16262817 445.31088257 110.62998199
v 203.99438477 489.32312012 110.62997437
v 185.55204773 486.35263062 110.62997437
v 229.46652222 451.23248291 110.62998199
v 222.84231567 492.35894775 110.62997437
v 222.84776306 492.32510376 110.62997437
usemtl Patch_1803_Mat_CR4_seating
f 8603 8604 8605
f 8604 8603 8606
f 8604 8606 8607
f 8607 8606 8608

# obj1804
v 185.55204773 486.35263062 110.62997437
v 197.50105286 530.9286499 110.62997437
v 178.84010315 528.02355957 110.62997437
v 203.99438477 489.32312012 110.62997437
usemtl Patch_1804_Mat_CR4_linoleum
f 8609 8610 8611
f 8610 8609 8612

# obj1805
v 148.21110535 480.66085815 102.26383972
v 160.1791687 525.1184082 102.26383972
v 141.51823425 522.21325684 102.26383972
v 166.63825989 483.62893677 102.26383972
usemtl Patch_1805_Mat_CR4_linoleum
f 8613 8614 8615
f 8614 8613 8616

# obj1806
v 110.89822388 474.79492188 93.89771271
v 122.85729218 519.30810547 93.89770508
v 104.19635773 516.4029541 93.89770508
v 129.32505798 477.76293945 93.89771271
usemtl Patch_1806_Mat_CR4_linoleum
f 8617 8618 8619
f 8618 8617 8620

# obj1807
v 73.58534241 468.92895508 85.53157806
v 85.53541565 513.49786377 85.53157806
v 66.8744812 510.5927124 85.53157806
v 92.01185608 471.89694214 85.53157806
usemtl Patch_1807_Mat_CR4_linoleum
f 8621 8622 8623
f 8622 8621 8624

# obj1808
v 36.27246094 463.06298828 77.16544342
v 48.21354294 507.68756104 77.16544342
v 29.55260468 504.78244019 77.16544342
v 54.69865417 466.03094482 77.16544342
usemtl Patch_1808_Mat_CR4_linoleum
f 8625 8626 8627
f 8626 8625 8628

# obj1809
v 36.27246094 463.06298828 77.16544342
v 36.24983597 463.20349121 73.03154755
v 36.24983215 463.20346069 68.89763641
v 29.55260468 504.78244019 77.16544342
v 29.55260468 504.78244019 73.03145599
usemtl Patch_1809_Mat_CR4_linoleum
f 8629 8630 8631
f 8630 8629 8632
f 8630 8632 8633

# obj1810
v 17.59265709 460.19842529 73.03154755
v 29.55260468 504.78244019 73.03145599
v 10.8798914 501.87545776 73.03146362
v 36.24983597 463.20349121 73.03154755
usemtl Patch_1810_Mat_CR4_linoleum
f 8634 8635 8636
f 8635 8634 8637

# obj1811
v 17.59265709 460.19842529 73.03154755
v 10.87989044 501.87545776 68.89756012
v 17.59265709 460.19839478 68.89763641
v 10.8798914 501.87545776 73.03146362
usemtl Patch_1811_Mat_CR4_linoleum
f 8638 8639 8640
f 8639 8638 8641

# obj1812
v 36.24983597 463.20349121 73.03154755
v 17.59265709 460.19839478 68.89763641
v 36.24983215 463.20346069 68.89763641
v 17.59265709 460.19842529 73.03154755
usemtl Patch_1812_Mat_CR4_linoleum
f 8642 8643 8644
f 8643 8642 8645

# obj1813
v -96.45670319 385.03936768 68.89763641
v -92.12600708 436.22045898 68.89763641
v -111.41733551 429.52755737 68.89763641
v -76.37795258 391.73226929 68.89763641
v -87.00788879 437.79525757 68.89763641
v -85.51318359 486.86895752 68.89762878
v 0.83884025 505.49203491 68.89756775
v -86.30049133 491.92617798 68.89762878
v -71.65354919 393.30706787 68.89763641
v -67.32285309 381.49603271 68.89763641
v 1.62614477 500.43484497 68.89756775
v 24.86544037 415.04440308 68.89772034
v 17.59265709 460.19839478 68.89763641
v 10.87989044 501.87545776 68.89756012
v -103.34807587 484.09243774 68.89763641
usemtl Patch_1813_Mat_CR4_linoleum
f 8646 8647 8648
f 8647 8646 8649
f 8647 8649 8650
f 8650 8649 8651
f 8651 8652 8653
f 8652 8651 8649
f 8652 8649 8654
f 8652 8654 8655
f 8652 8655 8656
f 8656 8655 8657
f 8656 8657 8658
f 8656 8658 8659
f 8651 8660 8650

# obj1814
v 465.12841797 -530.65606689 169.19290161
v 453.28988647 -486.76205444 169.19291687
v 446.68258667 -527.78442383 169.19290161
v 490.59378052 -492.68365479 169.19291687
v 484.00445557 -533.59472656 169.19290161
usemtl Patch_1814_Mat_CR4_seating
f 8661 8662 8663
f 8662 8661 8664
f 8664 8661 8665

# obj1815
v 428.04641724 -524.72564697 160.82678223
v 415.98599243 -480.84048462 160.82678223
v 409.40127563 -521.72259521 160.82678223
v 453.28988647 -486.76205444 160.82678223
v 446.69155884 -527.72875977 160.82678223
usemtl Patch_1815_Mat_CR4_seating
f 8666 8667 8668
f 8667 8666 8669
f 8669 8666 8670

# obj1816
v 409.40127563 -521.72259521 160.82678223
v 409.40127563 -521.72259521 152.46064758
v 409.40127563 -521.72259521 156.64370728
v 415.98599243 -480.84048462 160.82678223
v 415.98599243 -480.84048462 152.46064758
usemtl Patch_1816_Mat_CR4_linoleum
f 8672 8671 8674
f 8672 8674 8675

# obj1817
v 390.55508423 -518.68707275 152.46064758
v 409.40127563 -521.72259521 156.64370728
v 409.40127563 -521.72259521 152.46064758
v 390.55508423 -518.68713379 156.64370728
usemtl Patch_1817_Mat_CR4_linoleum
f 8676 8677 8678
f 8677 8676 8679

# obj1818
v 402.7713623 -562.88519287 156.64369202
v 390.55508423 -518.68713379 156.64370728
v 384.11044312 -559.9800415 156.64369202
v 409.40127563 -521.72259521 156.64370728
usemtl Patch_1818_Mat_CR4_linoleum
f 8680 8681 8682
f 8681 8680 8683

# obj1819
v 384.11044312 -559.9800415 152.46063232
v 372.11099243 -515.71636963 152.46064758
v 365.44949341 -557.07489014 152.46063232
v 390.55508423 -518.68707275 152.46064758
usemtl Patch_1819_Mat_CR4_linoleum
f 8684 8685 8686
f 8685 8684 8687

# obj1820
v 390.55508423 -518.68713379 156.64370728
v 384.11044312 -559.9800415 152.46063232
v 384.11044312 -559.9800415 156.64369202
v 390.55508423 -518.68707275 152.46064758
usemtl Patch_1820_Mat_CR4_linoleum
f 8688 8689 8690
f 8689 8688 8691

# obj1821
v 390.55508423 -518.68707275 152.46064758
v 378.68209839 -474.91888428 152.46064758
v 372.11099243 -515.71636963 152.46064758
v 415.98599243 -480.84048462 152.46064758
v 409.40127563 -521.72259521 152.46064758
usemtl Patch_1821_Mat_CR4_seating
f 8692 8693 8694
f 8693 8692 8695
f 8695 8692 8696

# obj1822
v 353.20425415 -512.95892334 144.09451294
v 341.37820435 -468.99728394 144.09451294
v 334.7755127 -509.99066162 144.09451294
v 378.68209839 -474.91888428 144.09451294
v 372.0657959 -515.99688721 144.09451294
usemtl Patch_1822_Mat_CR4_seating
f 8697 8698 8699
f 8698 8697 8700
f 8700 8697 8701

# obj1823
v 315.87561035 -507.19213867 135.7283783
v 304.0743103 -463.07568359 135.7283783
v 297.43106079 -504.32067871 135.7283783
v 341.37820435 -468.99728394 135.7283783
v 334.75289917 -510.13095093 135.7283783
usemtl Patch_1823_Mat_CR4_seating
f 8702 8703 8704
f 8703 8702 8705
f 8705 8702 8706

# obj1824
v 278.57785034 -501.22692871 127.36224365
v 266.77041626 -457.15408325 127.36225128
v 260.14974976 -498.25875854 127.36224365
v 304.0743103 -463.07568359 127.36225128
v 297.44003296 -504.26501465 127.36224365
usemtl Patch_1824_Mat_CR4_seating
f 8707 8708 8709
f 8708 8707 8710
f 8710 8707 8711

# obj1825
v 241.2646637 -495.3609314 118.99610901
v 229.46652222 -451.23248291 118.99611664
v 222.83686829 -492.39279175 118.99610901
v 266.77041626 -457.15408325 118.99611664
v 260.12713623 -498.39907837 118.99610901
usemtl Patch_1825_Mat_CR4_seating
f 8712 8713 8714
f 8713 8712 8715
f 8715 8712 8716

# obj1826
v 222.83686829 -492.39279175 118.99610901
v 222.83686829 -492.39279175 110.62997437
v 222.83686829 -492.39279175 114.81304169
v 229.46652222 -451.23248291 118.99611664
v 229.46652222 -451.23248291 110.62998199
usemtl Patch_1826_Mat_CR4_linoleum
f 8718 8717 8720
f 8718 8720 8721

# obj1827
v 203.98893738 -489.35696411 110.62997437
v 222.83686829 -492.39279175 114.81304169
v 222.83686829 -492.39279175 110.62997437
v 203.98893738 -489.35696411 114.81304169
usemtl Patch_1827_Mat_CR4_linoleum
f 8722 8723 8724
f 8723 8722 8725

# obj1828
v 216.1619873 -533.83380127 114.81304169
v 203.98893738 -489.35696411 114.81304169
v 197.50105286 -530.9286499 114.81304169
v 222.83686829 -492.39279175 114.81304169
usemtl Patch_1828_Mat_CR4_linoleum
f 8726 8727 8728
f 8727 8726 8729

# obj1829
v 197.50105286 -530.9286499 110.62997437
v 185.54660034 -486.38647461 110.62997437
v 178.84010315 -528.02355957 110.62997437
v 203.98893738 -489.35696411 110.62997437
usemtl Patch_1829_Mat_CR4_linoleum
f 8730 8731 8732
f 8731 8730 8733

# obj1830
v 203.98893738 -489.35696411 114.81304169
v 197.50105286 -530.9286499 110.62997437
v 197.50105286 -530.9286499 114.81304169
v 203.98893738 -489.35696411 110.62997437
usemtl Patch_1830_Mat_CR4_linoleum
f 8734 8735 8736
f 8735 8734 8737

# obj1831
v 203.98893738 -489.35696411 110.62997437
v 192.16262817 -445.31088257 110.62998199
v 185.54660034 -486.38647461 110.62997437
v 229.46652222 -451.23248291 110.62998199
v 222.83686829 -492.39279175 110.62997437
usemtl Patch_1831_Mat_CR4_seating
f 8738 8739 8740
f 8739 8738 8741
f 8741 8738 8742

# obj1832
v 166.63825989 -483.62893677 102.26383972
v 154.85874939 -439.38931274 102.26384735
v 148.21110535 -480.66085815 102.26383972
v 192.16262817 -445.31088257 102.26384735
v 185.50137329 -486.66720581 102.26383972
usemtl Patch_1832_Mat_CR4_seating
f 8743 8744 8745
f 8744 8743 8746
f 8746 8743 8747

# obj1833
v 129.32505798 -477.76293945 93.89771271
v 117.55484772 -433.4677124 93.89771271
v 110.89822388 -474.79492188 93.89771271
v 154.85874939 -439.38931274 93.89771271
v 148.18849182 -480.80126953 93.89771271
usemtl Patch_1833_Mat_CR4_seating
f 8748 8749 8750
f 8749 8748 8751
f 8751 8748 8752

# obj1834
v 92.01185608 -471.89694214 85.53157806
v 80.25095367 -427.54611206 85.53157806
v 73.58534241 -468.92895508 85.53157806
v 117.55484772 -433.4677124 85.53157806
v 110.87560272 -474.93533325 85.53157806
usemtl Patch_1834_Mat_CR4_seating
f 8753 8754 8755
f 8754 8753 8756
f 8756 8753 8757

# obj1835
v 54.69865417 -466.03094482 77.16544342
v 42.94706345 -421.62451172 77.16544342
v 36.24983215 -463.20346069 77.16544342
v 80.25095367 -427.54611206 77.16544342
v 73.56272125 -469.06939697 77.16544342
usemtl Patch_1835_Mat_CR4_seating
f 8758 8759 8760
f 8759 8758 8761
f 8761 8758 8762

# obj1836
v 36.24983215 -463.20346069 77.16544342
v 36.24983215 -463.20346069 68.89763641
v 36.24983597 -463.20349121 73.03153992
v 42.94706345 -421.62451172 77.16544342
v 42.94706345 -421.62451172 68.89772797
usemtl Patch_1836_Mat_CR4_linoleum
f 8763 8764 8765
f 8764 8763 8766
f 8764 8766 8767

# obj1837
v -85.51318359 -486.86895752 68.89762878
v -87.00788879 -437.79525757 68.89763641
v -103.34807587 -484.09243774 68.89763641
v 0.83884025 -505.49203491 68.89756775
v -86.30049133 -491.92617798 68.89762878
v -76.37795258 -391.73226929 68.89763641
v -71.65354919 -393.30706787 68.89763641
v -67.32285309 -381.49603271 68.89763641
v 1.62614477 -500.43484497 68.89756775
v 24.48927116 -414.90750122 68.89772797
v 17.20424271 -460.13574219 68.89764404
v 10.4908762 -501.81491089 68.89756012
v -92.12600708 -436.22045898 68.89763641
v -96.45670319 -385.03936768 68.89763641
v -111.41733551 -429.52755737 68.89763641
usemtl Patch_1837_Mat_CR4_linoleum
f 8768 8769 8770
f 8771 8768 8772
f 8768 8771 8773
f 8773 8771 8774
f 8774 8771 8775
f 8775 8771 8776
f 8775 8776 8777
f 8777 8776 8778
f 8778 8776 8779
f 8780 8781 8782
f 8781 8780 8773
f 8773 8780 8769
f 8773 8769 8768

# obj1838
v 29.55260468 -504.78244019 73.03145599
v 17.20424461 -460.13577271 73.03154755
v 10.49087715 -501.81491089 73.03146362
v 36.24983597 -463.20349121 73.03153992
usemtl Patch_1838_Mat_CR4_linoleum
f 8783 8784 8785
f 8784 8783 8786

# obj1839
v 17.20424271 -460.13574219 68.89764404
v 36.24983597 -463.20349121 73.03153992
v 36.24983215 -463.20346069 68.89763641
v 17.20424461 -460.13577271 73.03154755
usemtl Patch_1839_Mat_CR4_linoleum
f 8787 8788 8789
f 8788 8787 8790

# obj1840
v 17.20424461 -460.13577271 73.03154755
v 10.4908762 -501.81491089 68.89756012
v 10.49087715 -501.81491089 73.03146362
v 17.20424271 -460.13574219 68.89764404
usemtl Patch_1840_Mat_CR4_linoleum
f 8791 8792 8793
f 8792 8791 8794

# obj1841
v 36.24983215 -463.20346069 68.89763641
v 24.48927116 -414.90750122 68.89772797
v 17.20424271 -460.13574219 68.89764404
v 42.94706345 -421.62451172 68.89772797
usemtl Patch_1841_Mat_CR4_seating
f 8795 8796 8797
f 8796 8795 8798

# obj1842
v 777.56268311 -621.23272705 39.37008286
v 97.29410553 -433.07473755 -29.49813461
v 77.55903625 -512.25610352 -31.49606133
v 681.2411499 -506.27575684 29.6191082
v 777.56231689 -504.48220825 39.37008286
v 77.55903625 -0 -31.49606133
v 160.97537231 -44.09076691 -23.05121231
v 388.6701355 0 0
v 124.34423065 -82.67212677 -26.75965309
v 157.7883606 -84.24536133 -23.3738575
v 777.56103516 -54.1327095 39.3702774
v 777.56085205 0 39.37008286
usemtl Patch_1842_Mat_CR4_linoleum
f 8799 8800 8801
f 8800 8799 8802
f 8802 8799 8803
f 8804 8805 8806
f 8805 8804 8807
f 8807 8804 8801
f 8807 8801 8800
f 8805 8807 8808
f 8806 8805 8809
f 8806 8809 8810

# obj1843
v 43.77355957 -506.99633789 -31.49603844
v 29.89307404 -364.96063232 -31.49597168
v 24.55283546 -364.96063232 -31.49597168
v 30.19053841 -361.03488159 -31.49597168
v 43.04867554 -87.126297 -31.49605751
v 50.90018463 -87.72122955 -31.49605751
v 77.55903625 -512.25610352 -31.49606133
v 51.25629425 -83.02149963 -31.49605751
v 77.55903625 -0 -31.49606133
v 12.20472431 -80.31496429 -31.49605751
v 12.2047224 -0 -31.49605942
v 22.33902931 -360.43994141 -31.49597168
usemtl Patch_1843_Mat_CR4_linoleum
f 8811 8812 8813
f 8812 8811 8814
f 8814 8811 8815
f 8815 8811 8816
f 8816 8811 8817
f 8816 8817 8818
f 8818 8817 8819
f 8820 8819 8821
f 8819 8820 8818
f 8815 8822 8814

# obj1844
v 12.20472431 -99.21260071 -12.59842491
v 12.20472431 -108.6614151 -6.29921246
v 12.20472431 -108.6614151 -12.59842491
v 12.20472431 -89.76377869 -18.89763832
v 12.20472431 -99.21260071 -18.89763832
v 12.20472431 -80.31496429 -25.19684982
v 12.20472431 -89.76377869 -25.19684982
v 12.2047224 -0 -31.49605942
v 12.20472431 -80.31496429 -31.49605751
v 12.20472431 -118.11023712 0
v 12.20472431 -118.11023712 -6.29921246
v 12.20472431 0 0
usemtl Patch_1844_Mat_CR4_parquet
f 8823 8824 8825
f 8826 8823 8827
f 8828 8826 8829
f 8830 8828 8831
f 8824 8832 8833
f 8832 8824 8834
f 8834 8824 8823
f 8834 8823 8826
f 8834 8826 8828
f 8834 8828 8830
