mtllib mesh.mtl

# obj1
v -87.08661652 175.84645081 182.6771698
v -87.08661652 173.87796021 230
v -87.08661652 173.87796021 182.6771698
v -87.08661652 225.45275879 156.88977051
v -87.08661652 175.84645081 156.88977051
v -87.08661652 -180.21653748 156.88977051
v -87.08661652 -227.89370728 265.55117798
v -87.08661652 -227.89370728 156.88977051
v -87.08661652 -180.21653748 182.6771698
v -87.08661652 -178.24803162 230
v -87.08661652 225.45275879 265.55117798
v -87.08661652 -178.24803162 182.6771698
usemtl Patch_1_Mat_mat0
f 1 2 3
usemtl Patch_2_Mat_mat0
f 4 1 5
usemtl Patch_3_Mat_mat0
f 6 7 8
usemtl Patch_4_Mat_mat0
f 7 6 9
usemtl Patch_5_Mat_mat0
f 7 9 10
usemtl Patch_6_Mat_mat0
f 7 10 11
usemtl Patch_7_Mat_mat0
f 10 9 12
usemtl Patch_8_Mat_mat0
f 11 10 2
usemtl Patch_9_Mat_mat0
f 11 2 1
usemtl Patch_10_Mat_mat0
f 11 1 4

# obj2
v -123.07086945 182.42126465 40.15748215
v -145.86613464 132.26377869 216.33857727
v -145.86613464 132.26377869 40.15748215
v -123.07086945 182.42126465 216.33857727
usemtl Patch_11_Mat_mat1
f 13 14 15
usemtl Patch_12_Mat_mat1
f 14 13 16

# obj3
v -161.41732788 176.35826111 40.15748215
v -182.00787354 125.21653748 216.33857727
v -182.00787354 125.21653748 40.15748215
v -161.41732788 176.35826111 216.33857727
usemtl Patch_13_Mat_mat1
f 17 18 19
usemtl Patch_14_Mat_mat1
f 18 17 20

# obj4
v -212.1192627 166.51603699 40.15748215
v -235.35432434 117.46063232 216.33857727
v -235.35432434 117.46063232 40.15748215
v -212.1192627 166.51603699 216.33857727
usemtl Patch_15_Mat_mat1
f 21 22 23
usemtl Patch_16_Mat_mat1
f 22 21 24

# obj5
v -257.99212646 160.21653748 40.15748215
v -276.18109131 108.36614227 216.33857727
v -276.18109131 108.36614227 40.15748215
v -257.99212646 160.21653748 216.33857727
usemtl Patch_17_Mat_mat1
f 25 26 27
usemtl Patch_18_Mat_mat1
f 26 25 28

# obj6
v -147.48031616 -136.43701172 40.15748215
v -123.54330444 -186.47637939 216.33857727
v -123.54330444 -186.47637939 40.15748215
v -147.48031616 -136.43701172 216.33857727
usemtl Patch_19_Mat_mat1
f 29 30 31
usemtl Patch_20_Mat_mat1
f 30 29 32

# obj7
v -183.14961243 -128.75984192 40.15748215
v -160.98425293 -179.15354919 216.33857727
v -160.98425293 -179.15354919 40.15748215
v -183.14961243 -128.75984192 216.33857727
usemtl Patch_21_Mat_mat1
f 33 34 35
usemtl Patch_22_Mat_mat1
f 34 33 36

# obj8
v -238.22834778 -122.61811066 40.15748215
v -209.37007141 -169.54724121 216.33857727
v -209.37007141 -169.54724121 40.15748215
v -238.22834778 -122.61811066 216.33857727
usemtl Patch_23_Mat_mat1
f 37 38 39
usemtl Patch_24_Mat_mat1
f 38 37 40

# obj9
v -283.26773071 -114.27165222 40.15748215
v -254.68504333 -161.16142273 216.33857727
v -254.68504333 -161.16142273 40.15748215
v -283.26773071 -114.27165222 216.33857727
usemtl Patch_25_Mat_mat1
f 41 42 43
usemtl Patch_26_Mat_mat1
f 42 41 44

# obj10
v -322.91339111 135.05905151 40.15748215
v -322.91339111 -139.35038757 216.33857727
v -322.91339111 -139.35038757 40.15748215
v -322.91339111 135.05905151 216.33857727
usemtl Patch_27_Mat_mat1
f 45 46 47
usemtl Patch_28_Mat_mat1
f 46 45 48

# obj11
v -205 119.46850586 222.95275879
v -150.74803162 -130.88583374 250.39370728
v -205 -122.93306732 222.95275879
v -150.74803162 128.20866394 250.39370728
usemtl Patch_29_Mat_mat1
f 49 50 51
usemtl Patch_30_Mat_mat1
f 50 49 52

# obj12
v -269.01574707 109.07480621 218.30708313
v -230.90551758 -121.1614151 246.65354919
v -269.01574707 -113.56299591 218.30708313
v -230.90551758 117.30314636 246.65354919
usemtl Patch_31_Mat_mat1
f 53 54 55
usemtl Patch_32_Mat_mat1
f 54 53 56

# obj13
v 633.38580322 171.39764404 98.97637939
v 633.38580322 118.87795258 -0
v 633.38580322 118.87795258 98.97637939
v 633.38580322 171.39764404 -0
usemtl Patch_33_Mat_mat2
f 57 58 59
usemtl Patch_34_Mat_mat2
f 58 57 60

# obj14
v 633.38580322 171.39764404 98.97637939
v 621.5748291 171.39764404 -0
v 633.38580322 171.39764404 -0
v 621.5748291 171.39764404 98.97637939
usemtl Patch_35_Mat_mat2
f 61 62 63
usemtl Patch_36_Mat_mat2
f 62 61 64

# obj15
v 621.5748291 118.87795258 98.97637939
v 633.38580322 118.87795258 -0
v 621.5748291 118.87795258 -0
v 633.38580322 118.87795258 98.97637939
usemtl Patch_37_Mat_mat2
f 65 66 67
usemtl Patch_38_Mat_mat2
f 66 65 68

# obj16
v 633.38580322 -120.61023712 98.97637939
v 633.38580322 -173.28739929 -0
v 633.38580322 -173.28739929 98.97637939
v 633.38580322 -120.61023712 -0
usemtl Patch_39_Mat_mat2
f 69 70 71
usemtl Patch_40_Mat_mat2
f 70 69 72

# obj17
v 633.38580322 -120.61023712 98.97637939
v 621.5748291 -120.61023712 -0
v 633.38580322 -120.61023712 -0
v 621.5748291 -120.61023712 98.97637939
usemtl Patch_41_Mat_mat2
f 73 74 75
usemtl Patch_42_Mat_mat2
f 74 73 76

# obj18
v 621.5748291 -173.28739929 98.97637939
v 633.38580322 -173.28739929 -0
v 621.5748291 -173.28739929 -0
v 633.38580322 -173.28739929 98.97637939
usemtl Patch_43_Mat_mat2
f 77 78 79
usemtl Patch_44_Mat_mat2
f 78 77 80

# obj19
v 296.45669556 256.71258545 100
v 244.25196838 256.71258545 -0
v 296.45669556 256.71258545 -0
v 244.25196838 256.71258545 100
usemtl Patch_45_Mat_mat3
f 81 82 83
usemtl Patch_46_Mat_mat3
f 82 81 84

# obj20
v 37.00787354 -258.60235596 -0
v 37.00787354 -246.79133606 17.71653557
v 37.00787354 -258.60235596 124.64566803
v 37.00787354 -221.9881897 -0
v 37.00787354 -221.9881897 17.71653557
v 37.00787354 -246.79133606 124.64566803
usemtl Patch_47_Mat_mat0
f 85 86 87
usemtl Patch_48_Mat_mat0
f 86 85 88
usemtl Patch_49_Mat_mat0
f 86 88 89
usemtl Patch_50_Mat_mat0
f 90 87 86

# obj21
v 89.37007904 -246.79133606 124.64566803
v 89.37007904 -258.60235596 -0
v 89.37007904 -258.60235596 124.64566803
v 89.37007904 -246.79133606 17.71653557
v 89.37007904 -221.9881897 -0
v 89.37007904 -221.9881897 17.71653557
usemtl Patch_51_Mat_mat3
f 91 92 93
usemtl Patch_52_Mat_mat3
f 92 91 94
usemtl Patch_53_Mat_mat3
f 92 94 95
usemtl Patch_54_Mat_mat3
f 95 94 96

# obj22
v 244.92126465 -258.60235596 -0
v 244.92126465 -246.79133606 124.64566803
v 244.92126465 -258.60235596 124.64566803
v 244.92126465 -246.79133606 17.71653557
v 244.92126465 -221.9881897 -0
v 244.92126465 -221.9881897 17.71653557
usemtl Patch_55_Mat_mat3
f 97 98 99
usemtl Patch_56_Mat_mat3
f 98 97 100
usemtl Patch_57_Mat_mat3
f 100 97 101
usemtl Patch_58_Mat_mat3
f 100 101 102

# obj23
v 297.28347778 -246.79133606 124.64566803
v 297.28347778 -258.60235596 -0
v 297.28347778 -258.60235596 124.64566803
v 297.28347778 -246.79133606 17.71653557
v 297.28347778 -221.9881897 -0
v 297.28347778 -221.9881897 17.71653557
usemtl Patch_59_Mat_mat0
f 103 104 105
usemtl Patch_60_Mat_mat0
f 104 103 106
usemtl Patch_61_Mat_mat0
f 104 106 107
usemtl Patch_62_Mat_mat0
f 107 106 108

# obj24
v 453.26773071 -258.60235596 -0
v 453.26773071 -246.79133606 17.71653557
v 453.26773071 -258.60235596 124.64566803
v 453.26773071 -221.9881897 -0
v 453.26773071 -221.9881897 17.71653557
v 453.26773071 -246.79133606 124.64566803
usemtl Patch_63_Mat_mat3
f 109 110 111
usemtl Patch_64_Mat_mat3
f 110 109 112
usemtl Patch_65_Mat_mat3
f 110 112 113
usemtl Patch_66_Mat_mat3
f 114 111 110

# obj25
v 505.62991333 -246.79133606 124.64566803
v 505.62991333 -258.60235596 -0
v 505.62991333 -258.60235596 124.64566803
v 505.62991333 -246.79133606 17.71653557
v 505.62991333 -221.9881897 -0
v 505.62991333 -221.9881897 17.71653557
usemtl Patch_67_Mat_mat0
f 115 116 117
usemtl Patch_68_Mat_mat0
f 116 115 118
usemtl Patch_69_Mat_mat0
f 116 118 119
usemtl Patch_70_Mat_mat0
f 119 118 120

# obj26
v 244.25196838 256.71258545 -0
v 244.25196838 220.09841919 17.71653557
v 244.25196838 220.09841919 -0
v 244.25196838 244.90158081 17.71653557
v 244.25196838 244.90158081 100
v 244.25196838 256.71258545 100
usemtl Patch_71_Mat_mat3
f 121 122 123
usemtl Patch_72_Mat_mat3
f 122 121 124
usemtl Patch_73_Mat_mat3
f 124 121 125
usemtl Patch_74_Mat_mat3
f 125 121 126

# obj27
v -31.65354347 220.09841919 17.71653557
v -87.48031616 220.09841919 -0
v -31.65354347 220.09841919 -0
v -87.48031616 220.09841919 78.54330444
v -31.65354347 220.09841919 20.07874107
v -31.65354347 220.09841919 78.54330444
usemtl Patch_75_Mat_mat0
f 127 128 129
usemtl Patch_76_Mat_mat0
f 128 127 130
usemtl Patch_77_Mat_mat0
f 130 127 131
usemtl Patch_78_Mat_mat0
f 130 131 132

# obj28
v 621.5748291 220.09841919 -0
v 572.91339111 220.09841919 17.71653557
v 296.45669556 220.09841919 -0
v 621.5748291 220.09841919 140.5118103
v 572.91339111 220.09841919 20.07874107
v 572.91339111 220.09841919 140.5118103
v 296.45669556 220.09841919 17.71653557
v 517.28344727 220.09841919 17.71653557
v 511.37796021 220.09841919 17.71653557
v 447.48031616 220.09841919 17.71653557
v 441.57479858 220.09841919 17.71653557
v 377.55905151 220.09841919 17.71653557
v 371.65353394 220.09841919 17.71653557
v 307.59841919 220.09841919 17.71653557
usemtl Patch_79_Mat_mat0
f 133 134 135
usemtl Patch_80_Mat_mat0
f 134 133 136
usemtl Patch_81_Mat_mat0
f 134 136 137
usemtl Patch_82_Mat_mat0
f 137 136 138
usemtl Patch_83_Mat_mat0
f 134 139 135

# obj29
v 296.45669556 256.71258545 100
v 296.45669556 244.90158081 17.71653557
v 296.45669556 244.90158081 100
v 296.45669556 220.09841919 -0
v 296.45669556 220.09841919 17.71653557
v 296.45669556 256.71258545 -0
usemtl Patch_84_Mat_mat3
f 147 148 149
usemtl Patch_85_Mat_mat3
f 148 150 151
usemtl Patch_86_Mat_mat3
f 150 148 152
usemtl Patch_87_Mat_mat3
f 152 148 147

# obj30
v 438.30709839 -258.60235596 -0
v 438.30709839 -309.07479858 57.48031616
v 438.30709839 -309.07479858 -0
v 438.30709839 -258.60235596 57.48031616
usemtl Patch_88_Mat_mat3
f 153 154 155
usemtl Patch_89_Mat_mat3
f 154 153 156

# obj31
v 527.28344727 -258.60235596 135.82676697
v 519.01574707 -258.60235596 57.48031616
v 527.28344727 -258.60235596 57.48031616
v 505.62991333 -258.60235596 124.64566803
v 453.26773071 -258.60235596 124.64566803
v 438.30709839 -258.60235596 -0
v 453.26773071 -258.60235596 -0
v 438.30709839 -258.60235596 57.48031616
v 426.49606323 -258.60235596 57.48031616
v 426.49606323 -258.60235596 135.82676697
v 505.62991333 -258.60235596 -0
v 519.01574707 -258.60235596 -0
usemtl Patch_90_Mat_mat3
f 157 158 159
usemtl Patch_91_Mat_mat3
f 158 157 160
usemtl Patch_92_Mat_mat3
f 160 157 161
usemtl Patch_93_Mat_mat3
f 161 162 163
usemtl Patch_94_Mat_mat3
f 162 161 164
usemtl Patch_95_Mat_mat3
f 164 161 165
usemtl Patch_96_Mat_mat3
f 165 161 166
usemtl Patch_97_Mat_mat3
f 166 161 157
usemtl Patch_98_Mat_mat3
f 158 167 168
usemtl Patch_99_Mat_mat3
f 167 158 160

# obj32
v 519.01574707 -258.60235596 57.48031616
v 519.01574707 -309.07479858 -0
v 519.01574707 -309.07479858 57.48031616
v 519.01574707 -258.60235596 -0
usemtl Patch_100_Mat_mat3
f 169 170 171
usemtl Patch_101_Mat_mat3
f 170 169 172

# obj33
v 318.93701172 -258.60235596 135.82676697
v 310.66928101 -258.60235596 57.48031616
v 318.93701172 -258.60235596 57.48031616
v 297.28347778 -258.60235596 124.64566803
v 244.92126465 -258.60235596 124.64566803
v 229.96063232 -258.60235596 -0
v 244.92126465 -258.60235596 -0
v 229.96063232 -258.60235596 57.48031616
v 218.14961243 -258.60235596 57.48031616
v 218.14961243 -258.60235596 135.82676697
v 297.28347778 -258.60235596 -0
v 310.66928101 -258.60235596 -0
usemtl Patch_102_Mat_mat3
f 173 174 175
usemtl Patch_103_Mat_mat3
f 174 173 176
usemtl Patch_104_Mat_mat3
f 176 173 177
usemtl Patch_105_Mat_mat3
f 177 178 179
usemtl Patch_106_Mat_mat3
f 178 177 180
usemtl Patch_107_Mat_mat3
f 180 177 181
usemtl Patch_108_Mat_mat3
f 181 177 182
usemtl Patch_109_Mat_mat3
f 182 177 173
usemtl Patch_110_Mat_mat3
f 174 183 184
usemtl Patch_111_Mat_mat3
f 183 174 176

# obj34
v 310.66928101 -258.60235596 57.48031616
v 310.66928101 -309.07479858 -0
v 310.66928101 -309.07479858 57.48031616
v 310.66928101 -258.60235596 -0
usemtl Patch_112_Mat_mat3
f 185 186 187
usemtl Patch_113_Mat_mat3
f 186 185 188

# obj35
v 229.96063232 -258.60235596 -0
v 229.96063232 -309.07479858 57.48031616
v 229.96063232 -309.07479858 -0
v 229.96063232 -258.60235596 57.48031616
usemtl Patch_114_Mat_mat3
f 189 190 191
usemtl Patch_115_Mat_mat3
f 190 189 192

# obj36
v 111.02362061 -258.60235596 135.82676697
v 102.75590515 -258.60235596 57.48031616
v 111.02362061 -258.60235596 57.48031616
v 89.37007904 -258.60235596 124.64566803
v 37.00787354 -258.60235596 124.64566803
v 22.04724503 -258.60235596 -0
v 37.00787354 -258.60235596 -0
v 22.04724503 -258.60235596 57.48031616
v 10.23622036 -258.60235596 57.48031616
v 10.23622036 -258.60235596 135.82676697
v 89.37007904 -258.60235596 -0
v 102.75590515 -258.60235596 -0
usemtl Patch_116_Mat_mat3
f 193 194 195
usemtl Patch_117_Mat_mat3
f 194 193 196
usemtl Patch_118_Mat_mat3
f 196 193 197
usemtl Patch_119_Mat_mat3
f 197 198 199
usemtl Patch_120_Mat_mat3
f 198 197 200
usemtl Patch_121_Mat_mat3
f 200 197 201
usemtl Patch_122_Mat_mat3
f 201 197 202
usemtl Patch_123_Mat_mat3
f 202 197 193
usemtl Patch_124_Mat_mat3
f 194 203 204
usemtl Patch_125_Mat_mat3
f 203 194 196

# obj37
v 102.75590515 -258.60235596 57.48031616
v 102.75590515 -309.07479858 -0
v 102.75590515 -309.07479858 57.48031616
v 102.75590515 -258.60235596 -0
usemtl Patch_126_Mat_mat3
f 205 206 207
usemtl Patch_127_Mat_mat3
f 206 205 208

# obj38
v 22.04724503 -258.60235596 -0
v 22.04724503 -309.07479858 57.48031616
v 22.04724503 -309.07479858 -0
v 22.04724503 -258.60235596 57.48031616
usemtl Patch_128_Mat_mat3
f 209 210 211
usemtl Patch_129_Mat_mat3
f 210 209 212

# obj39
v 575.19683838 225.45275879 289.8425293
v 517.67718506 225.45275879 265.55117798
v 575.19683838 225.45275879 265.55117798
v 511.77166748 225.45275879 265.55117798
v 447.87402344 225.45275879 265.55117798
v 441.96850586 225.45275879 265.55117798
v 377.95275879 225.45275879 265.55117798
v 372.04724121 225.45275879 265.55117798
v 307.99212646 225.45275879 265.55117798
v 302.08660889 225.45275879 265.55117798
v 237.87400818 225.45275879 265.55117798
v 231.96850586 225.45275879 265.55117798
v 167.6771698 225.45275879 265.55117798
v 161.77165222 225.45275879 265.55117798
v 98.1496048 225.45275879 265.55117798
v 92.24409485 225.45275879 265.55117798
v 28.89763832 225.45275879 265.55117798
v 22.99212646 225.45275879 265.55117798
v -37.24409485 225.45275879 289.8425293
v -37.24409485 225.45275879 265.55117798
v 493.70077515 225.45275879 289.8425293
v 449.21258545 225.45275879 289.8425293
v 424.40945435 225.45275879 289.8425293
v 379.92126465 225.45275879 289.8425293
v 355.11810303 225.45275879 289.8425293
v 310.62991333 225.45275879 289.8425293
v 285.82678223 225.45275879 289.8425293
v 241.33857727 225.45275879 289.8425293
v 216.53543091 225.45275879 289.8425293
v 172.04724121 225.45275879 289.8425293
v 147.24409485 225.45275879 289.8425293
v 102.75590515 225.45275879 289.8425293
v 77.95275879 225.45275879 289.8425293
v 33.46456528 225.45275879 289.8425293
usemtl Patch_130_Mat_mat2
f 213 214 215
usemtl Patch_131_Mat_mat2
f 214 213 216
usemtl Patch_132_Mat_mat2
f 216 213 217
usemtl Patch_133_Mat_mat2
f 217 213 218
usemtl Patch_134_Mat_mat2
f 218 213 219
usemtl Patch_135_Mat_mat2
f 219 213 220
usemtl Patch_136_Mat_mat2
f 220 213 221
usemtl Patch_137_Mat_mat2
f 221 213 222
usemtl Patch_138_Mat_mat2
f 222 213 223
usemtl Patch_139_Mat_mat2
f 223 213 224
usemtl Patch_140_Mat_mat2
f 224 213 225
usemtl Patch_141_Mat_mat2
f 225 213 226
usemtl Patch_142_Mat_mat2
f 226 213 227
usemtl Patch_143_Mat_mat2
f 227 213 228
usemtl Patch_144_Mat_mat2
f 228 213 229
usemtl Patch_145_Mat_mat2
f 229 213 230
usemtl Patch_146_Mat_mat2
f 230 231 232
usemtl Patch_147_Mat_mat2
f 231 230 213

# obj40
v 575.19683838 -169.62599182 289.8425293
v 575.19683838 -227.89370728 265.55117798
v 575.19683838 -227.89370728 289.8425293
v 575.19683838 225.45275879 265.55117798
v 575.19683838 -125.13779449 289.8425293
v 575.19683838 -80.6496048 289.8425293
v 575.19683838 -36.16141891 289.8425293
v 575.19683838 35.09842682 289.8425293
v 575.19683838 79.58661652 289.8425293
v 575.19683838 124.07480621 289.8425293
v 575.19683838 168.56298828 289.8425293
v 575.19683838 225.45275879 289.8425293
usemtl Patch_148_Mat_mat2
f 247 248 249
usemtl Patch_149_Mat_mat2
f 248 247 250
usemtl Patch_150_Mat_mat2
f 250 247 251
usemtl Patch_151_Mat_mat2
f 250 251 252
usemtl Patch_152_Mat_mat2
f 250 252 253
usemtl Patch_153_Mat_mat2
f 250 253 254
usemtl Patch_154_Mat_mat2
f 250 254 255
usemtl Patch_155_Mat_mat2
f 250 255 256
usemtl Patch_156_Mat_mat2
f 250 256 257
usemtl Patch_157_Mat_mat2
f 250 257 258

# obj41
v 567.32281494 -220.01968384 300.19683838
v 575.19683838 -169.62599182 289.8425293
v 575.19683838 -227.89370728 289.8425293
v 567.32281494 -169.62599182 300.19683838
usemtl Patch_158_Mat_mat2
f 259 260 261
usemtl Patch_159_Mat_mat2
f 260 259 262

# obj42
v -37.24409485 225.45275879 265.55117798
v -37.24409485 -227.89370728 289.8425293
v -37.24409485 -227.89370728 265.55117798
v -37.24409485 225.45275879 289.8425293
usemtl Patch_160_Mat_mat2
f 263 264 265
usemtl Patch_161_Mat_mat2
f 264 263 266

# obj43
v -29.37007904 -220.01968384 300.19683838
v -15.19685078 -227.89370728 289.8425293
v -37.24409485 -227.89370728 289.8425293
v -15.19685078 -220.01968384 300.19683838
usemtl Patch_162_Mat_mat2
f 267 268 269
usemtl Patch_163_Mat_mat2
f 268 267 270

# obj44
v -37.24409485 225.45275879 289.8425293
v -29.37007904 -220.01968384 300.19683838
v -37.24409485 -227.89370728 289.8425293
v -29.37007904 217.57873535 300.19683838
usemtl Patch_164_Mat_mat2
f 271 272 273
usemtl Patch_165_Mat_mat2
f 272 271 274

# obj45
v -29.37007904 217.57873535 300.19683838
v -15.19685078 -220.01968384 300.19683838
v -29.37007904 -220.01968384 300.19683838
v 33.46456528 217.57873535 300.19683838
v 7.63779545 -220.01968384 300.19683838
v 32.04724503 -220.01968384 300.19683838
v 76.53543091 -220.01968384 300.19683838
v 77.95275879 217.57873535 300.19683838
v 101.3385849 -220.01968384 300.19683838
v 102.75590515 217.57873535 300.19683838
v 145.82676697 -220.01968384 300.19683838
v 147.24409485 217.57873535 300.19683838
v 170.62992859 -220.01968384 300.19683838
v 172.04724121 217.57873535 300.19683838
v 215.11810303 -220.01968384 300.19683838
v 216.53543091 217.57873535 300.19683838
v 239.92126465 -220.01968384 300.19683838
v 241.33857727 217.57873535 300.19683838
v 284.40945435 -220.01968384 300.19683838
v 285.82678223 217.57873535 300.19683838
v 309.21258545 -220.01968384 300.19683838
v 310.62991333 217.57873535 300.19683838
v 353.70077515 -220.01968384 300.19683838
v 355.11810303 217.57873535 300.19683838
v 378.50393677 -220.01968384 300.19683838
v 379.92126465 217.57873535 300.19683838
v 422.99212646 -220.01968384 300.19683838
v 424.40945435 217.57873535 300.19683838
v 447.79528809 -220.01968384 300.19683838
v 449.21258545 217.57873535 300.19683838
v 492.28347778 -220.01968384 300.19683838
v 493.70077515 217.57873535 300.19683838
v 567.32281494 -220.01968384 300.19683838
v 567.32281494 -169.62599182 300.19683838
v 567.32281494 217.57873535 300.19683838
v 567.32281494 -36.16141891 300.19683838
v 567.32281494 -125.13779449 300.19683838
v 567.32281494 -80.6496048 300.19683838
v 567.32281494 35.09842682 300.19683838
v 567.32281494 124.07480621 300.19683838
v 567.32281494 79.58661652 300.19683838
v 567.32281494 168.56298828 300.19683838
usemtl Patch_166_Mat_mat4
f 275 276 277
usemtl Patch_167_Mat_mat4
f 276 275 278
usemtl Patch_168_Mat_mat4
f 276 278 279
usemtl Patch_169_Mat_mat4
f 279 278 280
usemtl Patch_170_Mat_mat4
f 280 278 281
usemtl Patch_171_Mat_mat4
f 281 278 282
usemtl Patch_172_Mat_mat4
f 281 282 283
usemtl Patch_173_Mat_mat4
f 283 282 284
usemtl Patch_174_Mat_mat4
f 283 284 285
usemtl Patch_175_Mat_mat4
f 285 284 286
usemtl Patch_176_Mat_mat4
f 285 286 287
usemtl Patch_177_Mat_mat4
f 287 286 288
usemtl Patch_178_Mat_mat4
f 287 288 289
usemtl Patch_179_Mat_mat4
f 289 288 290
usemtl Patch_180_Mat_mat4
f 289 290 291
usemtl Patch_181_Mat_mat4
f 291 290 292
usemtl Patch_182_Mat_mat4
f 291 292 293
usemtl Patch_183_Mat_mat4
f 293 292 294
usemtl Patch_184_Mat_mat4
f 293 294 295
usemtl Patch_185_Mat_mat4
f 295 294 296
usemtl Patch_186_Mat_mat4
f 295 296 297
usemtl Patch_187_Mat_mat4
f 297 296 298
usemtl Patch_188_Mat_mat4
f 297 298 299
usemtl Patch_189_Mat_mat4
f 299 298 300
usemtl Patch_190_Mat_mat4
f 299 300 301
usemtl Patch_191_Mat_mat4
f 301 300 302
usemtl Patch_192_Mat_mat4
f 301 302 303
usemtl Patch_193_Mat_mat4
f 303 302 304
usemtl Patch_194_Mat_mat4
f 303 304 305
usemtl Patch_195_Mat_mat4
f 305 304 306
usemtl Patch_196_Mat_mat4
f 305 306 307
usemtl Patch_197_Mat_mat4
f 307 306 308
usemtl Patch_198_Mat_mat4
f 308 306 309

# obj46
v -37.24409485 260.21652222 265.55117798
v 22.99212646 225.45275879 265.55117798
v -37.24409485 225.45275879 265.55117798
v 22.99212646 231.35826111 265.55117798
v 575.19683838 260.21652222 265.55117798
v 28.89763832 231.35826111 265.55117798
v 92.24409485 231.35826111 265.55117798
v 92.24409485 225.45275879 265.55117798
v 98.1496048 231.35826111 265.55117798
v 161.77165222 231.35826111 265.55117798
v 161.77165222 225.45275879 265.55117798
v 167.6771698 231.35826111 265.55117798
v 231.96850586 231.35826111 265.55117798
v 231.96850586 225.45275879 265.55117798
v 237.87400818 231.35826111 265.55117798
v 302.08660889 231.35826111 265.55117798
v 302.08660889 225.45275879 265.55117798
v 307.99212646 231.35826111 265.55117798
v 372.04724121 231.35826111 265.55117798
v 372.04724121 225.45275879 265.55117798
v 377.95275879 231.35826111 265.55117798
v 441.96850586 231.35826111 265.55117798
v 441.96850586 225.45275879 265.55117798
v 447.87402344 231.35826111 265.55117798
v 511.77166748 231.35826111 265.55117798
v 511.77166748 225.45275879 265.55117798
v 517.67718506 231.35826111 265.55117798
v 575.19683838 225.45275879 265.55117798
v 517.67718506 225.45275879 265.55117798
v 447.87402344 225.45275879 265.55117798
v 377.95275879 225.45275879 265.55117798
v 307.99212646 225.45275879 265.55117798
v 237.87400818 225.45275879 265.55117798
v 167.6771698 225.45275879 265.55117798
v 98.1496048 225.45275879 265.55117798
v 28.89763832 225.45275879 265.55117798
usemtl Patch_199_Mat_mat2
f 317 318 319
usemtl Patch_200_Mat_mat2
f 318 317 320
usemtl Patch_201_Mat_mat2
f 320 317 321
usemtl Patch_202_Mat_mat2
f 320 321 322
usemtl Patch_203_Mat_mat2
f 322 321 323
usemtl Patch_204_Mat_mat2
f 322 323 324
usemtl Patch_205_Mat_mat2
f 323 321 325
usemtl Patch_206_Mat_mat2
f 325 321 326
usemtl Patch_207_Mat_mat2
f 325 326 327
usemtl Patch_208_Mat_mat2
f 326 321 328
usemtl Patch_209_Mat_mat2
f 328 321 329
usemtl Patch_210_Mat_mat2
f 328 329 330
usemtl Patch_211_Mat_mat2
f 329 321 331
usemtl Patch_212_Mat_mat2
f 331 321 332
usemtl Patch_213_Mat_mat2
f 331 332 333
usemtl Patch_214_Mat_mat2
f 332 321 334
usemtl Patch_215_Mat_mat2
f 334 321 335
usemtl Patch_216_Mat_mat2
f 334 335 336
usemtl Patch_217_Mat_mat2
f 335 321 337
usemtl Patch_218_Mat_mat2
f 337 321 338
usemtl Patch_219_Mat_mat2
f 337 338 339
usemtl Patch_220_Mat_mat2
f 338 321 340
usemtl Patch_221_Mat_mat2
f 340 321 341
usemtl Patch_222_Mat_mat2
f 340 341 342
usemtl Patch_223_Mat_mat2
f 341 321 343
usemtl Patch_224_Mat_mat2
f 343 321 344
usemtl Patch_225_Mat_mat2
f 344 345 343
usemtl Patch_226_Mat_mat2
f 342 346 340
usemtl Patch_227_Mat_mat2
f 339 347 337
usemtl Patch_228_Mat_mat2
f 336 348 334
usemtl Patch_229_Mat_mat2
f 333 349 331
usemtl Patch_230_Mat_mat2
f 330 350 328
usemtl Patch_231_Mat_mat2
f 327 351 325
usemtl Patch_232_Mat_mat2
f 324 352 322

# obj47
v -87.08661652 225.45275879 265.55117798
v -37.24409485 -227.89370728 265.55117798
v -87.08661652 -227.89370728 265.55117798
v -37.24409485 225.45275879 265.55117798
usemtl Patch_233_Mat_mat2
f 353 354 355
usemtl Patch_234_Mat_mat2
f 354 353 356

# obj48
v 24.68503952 -227.89370728 265.55117798
v 24.68503952 -233.79920959 265.55117798
v -37.24409485 -227.89370728 265.55117798
v 94.60630035 -227.89370728 265.55117798
v 94.60630035 -233.79920959 265.55117798
v 30.59055138 -227.89370728 265.55117798
v 164.01574707 -227.89370728 265.55117798
v 164.01574707 -233.79920959 265.55117798
v 100.5118103 -227.89370728 265.55117798
v 233.89764404 -227.89370728 265.55117798
v 233.89764404 -233.79920959 265.55117798
v 169.92126465 -227.89370728 265.55117798
v 304.05511475 -227.89370728 265.55117798
v 304.05511475 -233.79920959 265.55117798
v 239.80314636 -227.89370728 265.55117798
v 374.25198364 -227.89370728 265.55117798
v 374.25198364 -233.79920959 265.55117798
v 309.96063232 -227.89370728 265.55117798
v 443.97637939 -227.89370728 265.55117798
v 443.97637939 -233.79920959 265.55117798
v 380.1574707 -227.89370728 265.55117798
v 513.46453857 -227.89370728 265.55117798
v 513.46453857 -233.79920959 265.55117798
v 449.88189697 -227.89370728 265.55117798
v -37.24409485 -272.38189697 265.55117798
v 575.19683838 -272.38189697 265.55117798
v 30.59055138 -233.79920959 265.55117798
v 100.5118103 -233.79920959 265.55117798
v 169.92126465 -233.79920959 265.55117798
v 239.80314636 -233.79920959 265.55117798
v 309.96063232 -233.79920959 265.55117798
v 380.1574707 -233.79920959 265.55117798
v 449.88189697 -233.79920959 265.55117798
v 519.37005615 -233.79920959 265.55117798
v 519.37005615 -227.89370728 265.55117798
v 575.19683838 -227.89370728 265.55117798
usemtl Patch_235_Mat_mat2
f 357 358 359
usemtl Patch_236_Mat_mat2
f 360 361 362
usemtl Patch_237_Mat_mat2
f 363 364 365
usemtl Patch_238_Mat_mat2
f 366 367 368
usemtl Patch_239_Mat_mat2
f 369 370 371
usemtl Patch_240_Mat_mat2
f 372 373 374
usemtl Patch_241_Mat_mat2
f 375 376 377
usemtl Patch_242_Mat_mat2
f 378 379 380
usemtl Patch_243_Mat_mat2
f 381 358 382
usemtl Patch_244_Mat_mat2
f 358 381 359
usemtl Patch_245_Mat_mat2
f 382 358 383
usemtl Patch_246_Mat_mat2
f 382 383 361
usemtl Patch_247_Mat_mat2
f 361 383 362
usemtl Patch_248_Mat_mat2
f 382 361 384
usemtl Patch_249_Mat_mat2
f 382 384 365
usemtl Patch_250_Mat_mat2
f 382 365 364
usemtl Patch_251_Mat_mat2
f 382 364 385
usemtl Patch_252_Mat_mat2
f 382 385 368
usemtl Patch_253_Mat_mat2
f 382 368 367
usemtl Patch_254_Mat_mat2
f 382 367 386
usemtl Patch_255_Mat_mat2
f 382 386 371
usemtl Patch_256_Mat_mat2
f 382 371 370
usemtl Patch_257_Mat_mat2
f 382 370 387
usemtl Patch_258_Mat_mat2
f 382 387 374
usemtl Patch_259_Mat_mat2
f 382 374 373
usemtl Patch_260_Mat_mat2
f 382 373 388
usemtl Patch_261_Mat_mat2
f 382 388 377
usemtl Patch_262_Mat_mat2
f 382 377 376
usemtl Patch_263_Mat_mat2
f 382 376 389
usemtl Patch_264_Mat_mat2
f 382 389 380
usemtl Patch_265_Mat_mat2
f 382 380 379
usemtl Patch_266_Mat_mat2
f 382 379 390
usemtl Patch_267_Mat_mat2
f 382 390 391
usemtl Patch_268_Mat_mat2
f 382 391 392

# obj49
v -37.24409485 225.45275879 265.55117798
v -87.08661652 225.45275879 156.88977051
v -37.24409485 225.45275879 156.88977051
v -87.08661652 225.45275879 265.55117798
usemtl Patch_269_Mat_mat0
f 393 394 395
usemtl Patch_270_Mat_mat0
f 394 393 396

# obj50
v -37.24409485 231.35826111 156.88977051
v -37.24409485 225.45275879 265.55117798
v -37.24409485 225.45275879 156.88977051
v -37.24409485 231.35826111 163.1889801
v -37.24409485 260.21652222 265.55117798
v -37.24409485 260.21652222 163.1889801
usemtl Patch_271_Mat_mat0
f 397 398 399
usemtl Patch_272_Mat_mat0
f 398 397 400
usemtl Patch_273_Mat_mat0
f 398 400 401
usemtl Patch_274_Mat_mat0
f 401 400 402

# obj51
v 575.19683838 260.21652222 265.55117798
v -37.24409485 260.21652222 163.1889801
v 575.19683838 260.21652222 163.1889801
v -37.24409485 260.21652222 265.55117798
usemtl Patch_275_Mat_mat0
f 403 404 405
usemtl Patch_276_Mat_mat0
f 404 403 406

# obj52
v 575.19683838 260.21652222 265.55117798
v 575.19683838 225.45275879 156.88977051
v 575.19683838 225.45275879 265.55117798
v 575.19683838 231.35826111 163.1889801
v 575.19683838 260.21652222 163.1889801
v 575.19683838 231.35826111 156.88977051
usemtl Patch_277_Mat_mat0
f 407 408 409
usemtl Patch_278_Mat_mat0
f 408 407 410
usemtl Patch_279_Mat_mat0
f 410 407 411
usemtl Patch_280_Mat_mat0
f 412 408 410

# obj53
v -27.32283401 191.43701172 140.5118103
v -27.32283401 173.87796021 182.6771698
v -27.32283401 173.87796021 140.5118103
v -27.32283401 191.43701172 182.6771698
usemtl Patch_281_Mat_mat2
f 413 414 415
usemtl Patch_282_Mat_mat2
f 414 413 416

# obj54
v 729.64569092 -195.21653748 169.4881897
v 729.64569092 -134.38977051 213.66142273
v 729.64569092 193.40551758 169.4881897
v 729.64569092 -134.38977051 253.81889343
v 729.64569092 -94.23228455 213.66142273
v 729.64569092 -57.46062851 213.66142273
v 729.64569092 -57.46062851 253.81889343
v 729.64569092 -17.30315018 213.66142273
v 729.64569092 19.46850395 213.66142273
v 729.64569092 19.46850395 253.81889343
v 729.64569092 59.62598419 213.66142273
v 729.64569092 96.39763641 213.66142273
v 729.64569092 96.39763641 253.81889343
v 729.64569092 136.55511475 213.66142273
v 729.64569092 -245.49212646 265.55117798
v 729.64569092 -245.49212646 156.88977051
v 729.64569092 260.21652222 265.55117798
v 729.64569092 -207.02755737 163.1889801
v 729.64569092 -94.23228455 253.81889343
v 729.64569092 -17.30315018 253.81889343
v 729.64569092 59.62598419 253.81889343
v 729.64569092 136.55511475 253.81889343
v 729.64569092 227.5 240.47244263
v 729.64569092 193.40551758 163.1889801
v 729.64569092 205.21653748 163.1889801
v 729.64569092 205.21653748 156.88977051
v 729.64569092 260.21652222 240.47244263
v 729.64569092 227.5 156.88977051
v 729.64569092 -195.21653748 163.1889801
v 729.64569092 -207.02755737 156.88977051
usemtl Patch_283_Mat_mat0
f 417 418 419
usemtl Patch_284_Mat_mat0
f 418 417 420
usemtl Patch_285_Mat_mat0
f 419 418 421
usemtl Patch_286_Mat_mat0
f 419 421 422
usemtl Patch_287_Mat_mat0
f 422 421 423
usemtl Patch_288_Mat_mat0
f 419 422 424
usemtl Patch_289_Mat_mat0
f 419 424 425
usemtl Patch_290_Mat_mat0
f 425 424 426
usemtl Patch_291_Mat_mat0
f 419 425 427
usemtl Patch_292_Mat_mat0
f 419 427 428
usemtl Patch_293_Mat_mat0
f 428 427 429
usemtl Patch_294_Mat_mat0
f 419 428 430
usemtl Patch_295_Mat_mat0
f 431 420 432
usemtl Patch_296_Mat_mat0
f 420 431 433
usemtl Patch_297_Mat_mat0
f 432 420 434
usemtl Patch_298_Mat_mat0
f 434 420 417
usemtl Patch_299_Mat_mat0
f 420 433 435
usemtl Patch_300_Mat_mat0
f 435 433 423
usemtl Patch_301_Mat_mat0
f 435 423 421
usemtl Patch_302_Mat_mat0
f 423 433 436
usemtl Patch_303_Mat_mat0
f 436 433 426
usemtl Patch_304_Mat_mat0
f 436 426 424
usemtl Patch_305_Mat_mat0
f 426 433 437
usemtl Patch_306_Mat_mat0
f 437 433 429
usemtl Patch_307_Mat_mat0
f 437 429 427
usemtl Patch_308_Mat_mat0
f 429 433 438
usemtl Patch_309_Mat_mat0
f 438 433 430
usemtl Patch_310_Mat_mat0
f 430 433 439
usemtl Patch_311_Mat_mat0
f 430 439 419
usemtl Patch_312_Mat_mat0
f 419 439 440
usemtl Patch_313_Mat_mat0
f 440 439 441
usemtl Patch_314_Mat_mat0
f 441 439 442
usemtl Patch_315_Mat_mat0
f 439 433 443
usemtl Patch_316_Mat_mat0
f 444 442 439
usemtl Patch_317_Mat_mat0
f 445 434 417
usemtl Patch_318_Mat_mat0
f 446 432 434

# obj55
v 615.39367676 -227.89370728 163.1889801
v 615.39367676 -245.49212646 265.55117798
v 615.39367676 -245.49212646 163.1889801
v 615.39367676 -227.89370728 265.55117798
usemtl Patch_319_Mat_mat0
f 447 448 449
usemtl Patch_320_Mat_mat0
f 448 447 450

# obj56
v 575.19683838 -227.89370728 265.55117798
v 575.19683838 -272.38189697 163.1889801
v 575.19683838 -272.38189697 265.55117798
v 575.19683838 -233.79920959 163.1889801
v 575.19683838 -233.79920959 156.88977051
v 575.19683838 -227.89370728 156.88977051
usemtl Patch_321_Mat_mat0
f 451 452 453
usemtl Patch_322_Mat_mat0
f 452 451 454
usemtl Patch_323_Mat_mat0
f 454 451 455
usemtl Patch_324_Mat_mat0
f 455 451 456

# obj57
v -37.24409485 -272.38189697 265.55117798
v 575.19683838 -272.38189697 163.1889801
v -37.24409485 -272.38189697 163.1889801
v 575.19683838 -272.38189697 265.55117798
usemtl Patch_325_Mat_mat0
f 457 458 459
usemtl Patch_326_Mat_mat0
f 458 457 460

# obj58
v -87.08661652 -227.89370728 265.55117798
v -37.24409485 -227.89370728 156.88977051
v -87.08661652 -227.89370728 156.88977051
v -37.24409485 -227.89370728 265.55117798
usemtl Patch_327_Mat_mat0
f 461 462 463
usemtl Patch_328_Mat_mat0
f 462 461 464

# obj59
v -37.24409485 -227.89370728 156.88977051
v -37.24409485 -233.79920959 163.1889801
v -37.24409485 -233.79920959 156.88977051
v -37.24409485 -272.38189697 265.55117798
v -37.24409485 -272.38189697 163.1889801
v -37.24409485 -227.89370728 265.55117798
usemtl Patch_329_Mat_mat0
f 465 466 467
usemtl Patch_330_Mat_mat0
f 466 468 469
usemtl Patch_331_Mat_mat0
f 468 466 470
usemtl Patch_332_Mat_mat0
f 470 466 465

# obj60
v 729.64569092 260.21652222 265.55117798
v 677.24407959 260.21652222 240.47244263
v 729.64569092 260.21652222 240.47244263
v 615.39367676 260.21652222 156.88977051
v 677.24407959 260.21652222 156.88977051
v 615.39367676 260.21652222 265.55117798
usemtl Patch_333_Mat_mat0
f 471 472 473
usemtl Patch_334_Mat_mat0
f 472 474 475
usemtl Patch_335_Mat_mat0
f 474 472 476
usemtl Patch_336_Mat_mat0
f 476 472 471

# obj61
v 729.64569092 136.55511475 253.81889343
v 729.64569092 96.39763641 213.66142273
v 729.64569092 96.39763641 253.81889343
v 729.64569092 136.55511475 213.66142273
usemtl Patch_337_Mat_mat5
f 477 478 479
usemtl Patch_338_Mat_mat5
f 478 477 480

# obj62
v 729.64569092 59.62598419 253.81889343
v 729.64569092 19.46850395 213.66142273
v 729.64569092 19.46850395 253.81889343
v 729.64569092 59.62598419 213.66142273
usemtl Patch_339_Mat_mat5
f 481 482 483
usemtl Patch_340_Mat_mat5
f 482 481 484

# obj63
v 729.64569092 -17.30315018 253.81889343
v 729.64569092 -57.46062851 213.66142273
v 729.64569092 -57.46062851 253.81889343
v 729.64569092 -17.30315018 213.66142273
usemtl Patch_341_Mat_mat5
f 485 486 487
usemtl Patch_342_Mat_mat5
f 486 485 488

# obj64
v 729.64569092 -94.23228455 253.81889343
v 729.64569092 -134.38977051 213.66142273
v 729.64569092 -134.38977051 253.81889343
v 729.64569092 -94.23228455 213.66142273
usemtl Patch_343_Mat_mat5
f 489 490 491
usemtl Patch_344_Mat_mat5
f 490 489 492

# obj65
v 741.45666504 272.02755737 240.47244263
v 741.45666504 227.5 156.88977051
v 741.45666504 227.5 240.47244263
v 741.45666504 272.02755737 156.88977051
usemtl Patch_345_Mat_mat0
f 493 494 495
usemtl Patch_346_Mat_mat0
f 494 493 496

# obj66
v 729.64569092 227.5 240.47244263
v 741.45666504 227.5 156.88977051
v 729.64569092 227.5 156.88977051
v 741.45666504 227.5 240.47244263
usemtl Patch_347_Mat_mat3
f 497 498 499
usemtl Patch_348_Mat_mat3
f 498 497 500

# obj67
v 677.24407959 272.02755737 240.47244263
v 729.64569092 260.21652222 240.47244263
v 677.24407959 260.21652222 240.47244263
v 741.45666504 272.02755737 240.47244263
v 741.45666504 227.5 240.47244263
v 729.64569092 227.5 240.47244263
usemtl Patch_349_Mat_mat0
f 501 502 503
usemtl Patch_350_Mat_mat0
f 502 501 504
usemtl Patch_351_Mat_mat0
f 502 504 505
usemtl Patch_352_Mat_mat0
f 505 506 502

# obj68
v 741.45666504 272.02755737 240.47244263
v 677.24407959 272.02755737 156.88977051
v 741.45666504 272.02755737 156.88977051
v 677.24407959 272.02755737 240.47244263
usemtl Patch_353_Mat_mat0
f 507 508 509
usemtl Patch_354_Mat_mat0
f 508 507 510

# obj69
v 677.24407959 272.02755737 156.88977051
v 677.24407959 260.21652222 240.47244263
v 677.24407959 260.21652222 156.88977051
v 677.24407959 272.02755737 240.47244263
usemtl Patch_355_Mat_mat3
f 511 512 513
usemtl Patch_356_Mat_mat3
f 512 511 514

# obj70
v 519.37005615 -227.89370728 156.88977051
v 519.37005615 -233.79920959 163.1889801
v 519.37005615 -233.79920959 156.88977051
v 519.37005615 -233.79920959 265.55117798
v 519.37005615 -227.89370728 265.55117798
usemtl Patch_357_Mat_mat2
f 515 516 517
usemtl Patch_358_Mat_mat2
f 516 515 518
usemtl Patch_359_Mat_mat2
f 518 515 519

# obj71
v 513.46453857 -227.89370728 196.25984192
v 519.37005615 -227.89370728 156.88977051
v 513.46453857 -227.89370728 156.88977051
v 519.37005615 -227.89370728 265.55117798
v 513.46453857 -227.89370728 265.55117798
usemtl Patch_360_Mat_mat2
f 520 521 522
usemtl Patch_361_Mat_mat2
f 521 520 523
usemtl Patch_362_Mat_mat2
f 523 520 524

# obj72
v 513.46453857 -227.89370728 265.55117798
v 513.46453857 -233.79920959 196.25984192
v 513.46453857 -233.79920959 265.55117798
v 513.46453857 -227.89370728 196.25984192
usemtl Patch_363_Mat_mat2
f 525 526 527
usemtl Patch_364_Mat_mat2
f 526 525 528

# obj73
v 519.37005615 -233.79920959 265.55117798
v 513.46453857 -233.79920959 163.1889801
v 519.37005615 -233.79920959 163.1889801
v 513.46453857 -233.79920959 196.25984192
v 513.46453857 -233.79920959 265.55117798
usemtl Patch_365_Mat_mat2
f 529 530 531
usemtl Patch_366_Mat_mat2
f 530 529 532
usemtl Patch_367_Mat_mat2
f 532 529 533

# obj74
v 449.88189697 -227.89370728 196.25984192
v 449.88189697 -233.79920959 265.55117798
v 449.88189697 -233.79920959 196.25984192
v 449.88189697 -227.89370728 265.55117798
usemtl Patch_368_Mat_mat2
f 534 535 536
usemtl Patch_369_Mat_mat2
f 535 534 537

# obj75
v 443.97637939 -227.89370728 196.25984192
v 449.88189697 -227.89370728 156.88977051
v 443.97637939 -227.89370728 156.88977051
v 449.88189697 -227.89370728 196.25984192
v 443.97637939 -227.89370728 265.55117798
v 449.88189697 -227.89370728 265.55117798
usemtl Patch_370_Mat_mat2
f 538 539 540
usemtl Patch_371_Mat_mat2
f 539 538 541
usemtl Patch_372_Mat_mat2
f 541 538 542
usemtl Patch_373_Mat_mat2
f 541 542 543

# obj76
v 443.97637939 -227.89370728 265.55117798
v 443.97637939 -233.79920959 196.25984192
v 443.97637939 -233.79920959 265.55117798
v 443.97637939 -227.89370728 196.25984192
usemtl Patch_374_Mat_mat2
f 544 545 546
usemtl Patch_375_Mat_mat2
f 545 544 547

# obj77
v 449.88189697 -233.79920959 196.25984192
v 443.97637939 -233.79920959 163.1889801
v 449.88189697 -233.79920959 163.1889801
v 443.97637939 -233.79920959 196.25984192
v 449.88189697 -233.79920959 265.55117798
v 443.97637939 -233.79920959 265.55117798
usemtl Patch_376_Mat_mat2
f 548 549 550
usemtl Patch_377_Mat_mat2
f 549 548 551
usemtl Patch_378_Mat_mat2
f 551 548 552
usemtl Patch_379_Mat_mat2
f 551 552 553

# obj78
v 374.25198364 -227.89370728 196.25984192
v 380.1574707 -227.89370728 156.88977051
v 374.25198364 -227.89370728 156.88977051
v 380.1574707 -227.89370728 196.25984192
v 374.25198364 -227.89370728 265.55117798
v 380.1574707 -227.89370728 265.55117798
usemtl Patch_380_Mat_mat2
f 554 555 556
usemtl Patch_381_Mat_mat2
f 555 554 557
usemtl Patch_382_Mat_mat2
f 557 554 558
usemtl Patch_383_Mat_mat2
f 557 558 559

# obj79
v 374.25198364 -227.89370728 265.55117798
v 374.25198364 -233.79920959 196.25984192
v 374.25198364 -233.79920959 265.55117798
v 374.25198364 -227.89370728 196.25984192
usemtl Patch_384_Mat_mat2
f 560 561 562
usemtl Patch_385_Mat_mat2
f 561 560 563

# obj80
v 380.1574707 -233.79920959 196.25984192
v 374.25198364 -233.79920959 163.1889801
v 380.1574707 -233.79920959 163.1889801
v 374.25198364 -233.79920959 196.25984192
v 380.1574707 -233.79920959 265.55117798
v 374.25198364 -233.79920959 265.55117798
usemtl Patch_386_Mat_mat2
f 564 565 566
usemtl Patch_387_Mat_mat2
f 565 564 567
usemtl Patch_388_Mat_mat2
f 567 564 568
usemtl Patch_389_Mat_mat2
f 567 568 569

# obj81
v 239.80314636 -227.89370728 156.88977051
v 239.80314636 -233.79920959 163.1889801
v 239.80314636 -233.79920959 156.88977051
v 239.80314636 -233.79920959 265.55117798
v 239.80314636 -227.89370728 265.55117798
usemtl Patch_390_Mat_mat2
f 570 571 572
usemtl Patch_391_Mat_mat2
f 571 570 573
usemtl Patch_392_Mat_mat2
f 573 570 574

# obj82
v 233.89764404 -227.89370728 196.25984192
v 239.80314636 -227.89370728 156.88977051
v 233.89764404 -227.89370728 156.88977051
v 239.80314636 -227.89370728 265.55117798
v 233.89764404 -227.89370728 265.55117798
usemtl Patch_393_Mat_mat2
f 575 576 577
usemtl Patch_394_Mat_mat2
f 576 575 578
usemtl Patch_395_Mat_mat2
f 578 575 579

# obj83
v 233.89764404 -227.89370728 265.55117798
v 233.89764404 -233.79920959 196.25984192
v 233.89764404 -233.79920959 265.55117798
v 233.89764404 -227.89370728 196.25984192
usemtl Patch_396_Mat_mat2
f 580 581 582
usemtl Patch_397_Mat_mat2
f 581 580 583

# obj84
v 239.80314636 -233.79920959 265.55117798
v 233.89764404 -233.79920959 163.1889801
v 239.80314636 -233.79920959 163.1889801
v 233.89764404 -233.79920959 196.25984192
v 233.89764404 -233.79920959 265.55117798
usemtl Patch_398_Mat_mat2
f 584 585 586
usemtl Patch_399_Mat_mat2
f 585 584 587
usemtl Patch_400_Mat_mat2
f 587 584 588

# obj85
v 304.05511475 -227.89370728 265.55117798
v 309.96063232 -227.89370728 156.88977051
v 304.05511475 -227.89370728 156.88977051
v 309.96063232 -227.89370728 196.25984192
v 309.96063232 -227.89370728 265.55117798
usemtl Patch_401_Mat_mat2
f 589 590 591
usemtl Patch_402_Mat_mat2
f 590 589 592
usemtl Patch_403_Mat_mat2
f 592 589 593

# obj86
v 304.05511475 -227.89370728 265.55117798
v 304.05511475 -233.79920959 163.1889801
v 304.05511475 -233.79920959 265.55117798
v 304.05511475 -233.79920959 156.88977051
v 304.05511475 -227.89370728 156.88977051
usemtl Patch_404_Mat_mat2
f 594 595 596
usemtl Patch_405_Mat_mat2
f 595 594 597
usemtl Patch_406_Mat_mat2
f 597 594 598

# obj87
v 309.96063232 -233.79920959 196.25984192
v 304.05511475 -233.79920959 163.1889801
v 309.96063232 -233.79920959 163.1889801
v 304.05511475 -233.79920959 265.55117798
v 309.96063232 -233.79920959 265.55117798
usemtl Patch_407_Mat_mat2
f 599 600 601
usemtl Patch_408_Mat_mat2
f 600 599 602
usemtl Patch_409_Mat_mat2
f 602 599 603

# obj88
v 164.01574707 -227.89370728 196.25984192
v 169.92126465 -227.89370728 156.88977051
v 164.01574707 -227.89370728 156.88977051
v 169.92126465 -227.89370728 196.25984192
v 164.01574707 -227.89370728 265.55117798
v 169.92126465 -227.89370728 265.55117798
usemtl Patch_410_Mat_mat2
f 604 605 606
usemtl Patch_411_Mat_mat2
f 605 604 607
usemtl Patch_412_Mat_mat2
f 607 604 608
usemtl Patch_413_Mat_mat2
f 607 608 609

# obj89
v 169.92126465 -233.79920959 196.25984192
v 164.01574707 -233.79920959 163.1889801
v 169.92126465 -233.79920959 163.1889801
v 164.01574707 -233.79920959 196.25984192
v 169.92126465 -233.79920959 265.55117798
v 164.01574707 -233.79920959 265.55117798
usemtl Patch_414_Mat_mat2
f 610 611 612
usemtl Patch_415_Mat_mat2
f 611 610 613
usemtl Patch_416_Mat_mat2
f 613 610 614
usemtl Patch_417_Mat_mat2
f 613 614 615

# obj90
v 100.5118103 -227.89370728 196.25984192
v 100.5118103 -233.79920959 265.55117798
v 100.5118103 -233.79920959 196.25984192
v 100.5118103 -227.89370728 265.55117798
usemtl Patch_418_Mat_mat2
f 616 617 618
usemtl Patch_419_Mat_mat2
f 617 616 619

# obj91
v 94.60630035 -227.89370728 196.25984192
v 100.5118103 -227.89370728 156.88977051
v 94.60630035 -227.89370728 156.88977051
v 100.5118103 -227.89370728 196.25984192
v 94.60630035 -227.89370728 265.55117798
v 100.5118103 -227.89370728 265.55117798
usemtl Patch_420_Mat_mat2
f 620 621 622
usemtl Patch_421_Mat_mat2
f 621 620 623
usemtl Patch_422_Mat_mat2
f 623 620 624
usemtl Patch_423_Mat_mat2
f 623 624 625

# obj92
v 100.5118103 -233.79920959 265.55117798
v 94.60630035 -233.79920959 196.25984192
v 100.5118103 -233.79920959 196.25984192
v 94.60630035 -233.79920959 265.55117798
v 30.59055138 -233.79920959 163.1889801
v 100.5118103 -233.79920959 163.1889801
v 30.59055138 -233.79920959 196.25984192
usemtl Patch_424_Mat_mat2
f 626 627 628
usemtl Patch_425_Mat_mat2
f 627 626 629
usemtl Patch_426_Mat_mat2
f 628 630 631
usemtl Patch_427_Mat_mat2
f 630 628 632

# obj93
v 30.59055138 -227.89370728 196.25984192
v 30.59055138 -233.79920959 265.55117798
v 30.59055138 -233.79920959 196.25984192
v 30.59055138 -227.89370728 265.55117798
usemtl Patch_428_Mat_mat2
f 633 634 635
usemtl Patch_429_Mat_mat2
f 634 633 636

# obj94
v 30.59055138 -233.79920959 196.25984192
v 24.68503952 -233.79920959 163.1889801
v 30.59055138 -233.79920959 163.1889801
v 24.68503952 -233.79920959 265.55117798
v 30.59055138 -233.79920959 265.55117798
usemtl Patch_430_Mat_mat2
f 637 638 639
usemtl Patch_431_Mat_mat2
f 638 637 640
usemtl Patch_432_Mat_mat2
f 640 637 641

# obj95
v 24.68503952 -227.89370728 265.55117798
v 24.68503952 -233.79920959 163.1889801
v 24.68503952 -233.79920959 265.55117798
v 24.68503952 -233.79920959 156.88977051
v 24.68503952 -227.89370728 156.88977051
usemtl Patch_433_Mat_mat2
f 642 643 644
usemtl Patch_434_Mat_mat2
f 643 642 645
usemtl Patch_435_Mat_mat2
f 645 642 646

# obj96
v 517.67718506 225.45275879 265.55117798
v 511.77166748 225.45275879 156.88977051
v 517.67718506 225.45275879 156.88977051
v 511.77166748 225.45275879 196.25984192
v 511.77166748 225.45275879 265.55117798
usemtl Patch_436_Mat_mat2
f 647 648 649
usemtl Patch_437_Mat_mat2
f 648 647 650
usemtl Patch_438_Mat_mat2
f 650 647 651

# obj97
v 517.67718506 231.35826111 156.88977051
v 517.67718506 225.45275879 265.55117798
v 517.67718506 225.45275879 156.88977051
v 517.67718506 231.35826111 265.55117798
v 517.67718506 231.35826111 163.1889801
usemtl Patch_439_Mat_mat2
f 652 653 654
usemtl Patch_440_Mat_mat2
f 653 652 655

# obj98
v 511.77166748 231.35826111 163.1889801
v 517.67718506 231.35826111 163.1889801
v 517.64788818 231.35826111 163.1889801
v 511.77166748 231.35826111 196.25984192
v 517.67718506 231.35826111 265.55117798
v 511.77166748 231.35826111 265.55117798
usemtl Patch_441_Mat_mat2
f 658 657 660
usemtl Patch_442_Mat_mat2
f 658 660 661
usemtl Patch_443_Mat_mat2
f 661 660 662

# obj99
v 447.87402344 225.45275879 196.25984192
v 441.96850586 225.45275879 156.88977051
v 447.87402344 225.45275879 156.88977051
v 441.96850586 225.45275879 196.25984192
v 447.87402344 225.45275879 265.55117798
v 441.96850586 225.45275879 265.55117798
usemtl Patch_444_Mat_mat2
f 663 664 665
usemtl Patch_445_Mat_mat2
f 664 663 666
usemtl Patch_446_Mat_mat2
f 666 663 667
usemtl Patch_447_Mat_mat2
f 666 667 668

# obj100
v 447.87402344 231.35826111 196.25984192
v 447.87402344 225.45275879 265.55117798
v 447.87402344 225.45275879 196.25984192
v 447.87402344 231.35826111 265.55117798
usemtl Patch_448_Mat_mat2
f 669 670 671
usemtl Patch_449_Mat_mat2
f 670 669 672

# obj101
v 441.96850586 231.35826111 196.25984192
v 447.87402344 231.35826111 163.1889801
v 441.96850586 231.35826111 163.1889801
v 447.87402344 231.35826111 196.25984192
v 441.96850586 231.35826111 265.55117798
v 447.87402344 231.35826111 265.55117798
usemtl Patch_450_Mat_mat2
f 673 674 675
usemtl Patch_451_Mat_mat2
f 674 673 676
usemtl Patch_452_Mat_mat2
f 676 673 677
usemtl Patch_453_Mat_mat2
f 676 677 678

# obj102
v 377.95275879 225.45275879 196.25984192
v 372.04724121 225.45275879 156.88977051
v 377.95275879 225.45275879 156.88977051
v 372.04724121 225.45275879 196.25984192
v 377.95275879 225.45275879 265.55117798
v 372.04724121 225.45275879 265.55117798
usemtl Patch_454_Mat_mat2
f 679 680 681
usemtl Patch_455_Mat_mat2
f 680 679 682
usemtl Patch_456_Mat_mat2
f 682 679 683
usemtl Patch_457_Mat_mat2
f 682 683 684

# obj103
v 377.95275879 231.35826111 196.25984192
v 377.95275879 225.45275879 265.55117798
v 377.95275879 225.45275879 196.25984192
v 377.95275879 231.35826111 265.55117798
usemtl Patch_458_Mat_mat2
f 685 686 687
usemtl Patch_459_Mat_mat2
f 686 685 688

# obj104
v 372.04724121 231.35826111 196.25984192
v 377.95275879 231.35826111 163.1889801
v 372.04724121 231.35826111 163.1889801
v 377.95275879 231.35826111 196.25984192
v 372.04724121 231.35826111 265.55117798
v 377.95275879 231.35826111 265.55117798
usemtl Patch_460_Mat_mat2
f 689 690 691
usemtl Patch_461_Mat_mat2
f 690 689 692
usemtl Patch_462_Mat_mat2
f 692 689 693
usemtl Patch_463_Mat_mat2
f 692 693 694

# obj105
v 302.08660889 231.35826111 265.55117798
v 302.08660889 225.45275879 156.88977051
v 302.08660889 225.45275879 265.55117798
v 302.08660889 231.35826111 156.88977051
v 302.08660889 231.35826111 163.1889801
usemtl Patch_464_Mat_mat2
f 695 696 697
usemtl Patch_465_Mat_mat2
f 696 695 698

# obj106
v 307.99212646 225.45275879 196.25984192
v 302.08660889 225.45275879 156.88977051
v 307.99212646 225.45275879 156.88977051
v 302.08660889 225.45275879 265.55117798
v 307.99212646 225.45275879 265.55117798
usemtl Patch_466_Mat_mat2
f 700 701 702
usemtl Patch_467_Mat_mat2
f 701 700 703
usemtl Patch_468_Mat_mat2
f 703 700 704

# obj107
v 307.99212646 231.35826111 196.25984192
v 307.99212646 225.45275879 265.55117798
v 307.99212646 225.45275879 196.25984192
v 307.99212646 231.35826111 265.55117798
usemtl Patch_469_Mat_mat2
f 705 706 707
usemtl Patch_470_Mat_mat2
f 706 705 708

# obj108
v 302.08660889 231.35826111 265.55117798
v 307.99212646 231.35826111 163.1889801
v 302.08660889 231.35826111 163.1889801
v 307.99212646 231.35826111 196.25984192
v 307.99212646 231.35826111 265.55117798
usemtl Patch_471_Mat_mat2
f 709 710 711
usemtl Patch_472_Mat_mat2
f 710 709 712
usemtl Patch_473_Mat_mat2
f 712 709 713

# obj109
v 237.87400818 225.45275879 265.55117798
v 231.96850586 225.45275879 156.88977051
v 237.87400818 225.45275879 156.88977051
v 231.96850586 225.45275879 196.25984192
v 231.96850586 225.45275879 265.55117798
usemtl Patch_474_Mat_mat2
f 714 715 716
usemtl Patch_475_Mat_mat2
f 715 714 717
usemtl Patch_476_Mat_mat2
f 717 714 718

# obj110
v 237.87400818 231.35826111 156.88977051
v 237.87400818 225.45275879 265.55117798
v 237.87400818 225.45275879 156.88977051
v 237.87400818 231.35826111 265.55117798
v 237.87400818 231.35826111 163.1889801
usemtl Patch_477_Mat_mat2
f 719 720 721
usemtl Patch_478_Mat_mat2
f 720 719 722

# obj111
v 231.96850586 231.35826111 196.25984192
v 237.87400818 231.35826111 163.1889801
v 231.96850586 231.35826111 163.1889801
v 237.87400818 231.35826111 265.55117798
v 231.96850586 231.35826111 265.55117798
usemtl Patch_479_Mat_mat2
f 724 725 726
usemtl Patch_480_Mat_mat2
f 725 724 727
usemtl Patch_481_Mat_mat2
f 727 724 728

# obj112
v 167.6771698 225.45275879 196.25984192
v 161.77165222 225.45275879 156.88977051
v 167.6771698 225.45275879 156.88977051
v 161.77165222 225.45275879 196.25984192
v 167.6771698 225.45275879 265.55117798
v 161.77165222 225.45275879 265.55117798
usemtl Patch_482_Mat_mat2
f 729 730 731
usemtl Patch_483_Mat_mat2
f 730 729 732
usemtl Patch_484_Mat_mat2
f 732 729 733
usemtl Patch_485_Mat_mat2
f 732 733 734

# obj113
v 167.6771698 231.35826111 196.25984192
v 167.6771698 225.45275879 265.55117798
v 167.6771698 225.45275879 196.25984192
v 167.6771698 231.35826111 265.55117798
usemtl Patch_486_Mat_mat2
f 735 736 737
usemtl Patch_487_Mat_mat2
f 736 735 738

# obj114
v 161.77165222 231.35826111 196.25984192
v 167.6771698 231.35826111 163.1889801
v 161.77165222 231.35826111 163.1889801
v 167.6771698 231.35826111 196.25984192
v 161.77165222 231.35826111 265.55117798
v 167.6771698 231.35826111 265.55117798
usemtl Patch_488_Mat_mat2
f 739 740 741
usemtl Patch_489_Mat_mat2
f 740 739 742
usemtl Patch_490_Mat_mat2
f 742 739 743
usemtl Patch_491_Mat_mat2
f 742 743 744

# obj115
v 98.1496048 225.45275879 196.25984192
v 92.24409485 225.45275879 156.88977051
v 98.1496048 225.45275879 156.88977051
v 92.24409485 225.45275879 196.25984192
v 98.1496048 225.45275879 265.55117798
v 92.24409485 225.45275879 265.55117798
usemtl Patch_492_Mat_mat2
f 745 746 747
usemtl Patch_493_Mat_mat2
f 746 745 748
usemtl Patch_494_Mat_mat2
f 748 745 749
usemtl Patch_495_Mat_mat2
f 748 749 750

# obj116
v 98.1496048 231.35826111 196.25984192
v 98.1496048 225.45275879 265.55117798
v 98.1496048 225.45275879 196.25984192
v 98.1496048 231.35826111 265.55117798
usemtl Patch_496_Mat_mat2
f 751 752 753
usemtl Patch_497_Mat_mat2
f 752 751 754

# obj117
v 92.24409485 231.35826111 196.25984192
v 98.1496048 231.35826111 163.1889801
v 92.24409485 231.35826111 163.1889801
v 98.1496048 231.35826111 196.25984192
v 92.24409485 231.35826111 265.55117798
v 98.1496048 231.35826111 265.55117798
usemtl Patch_498_Mat_mat2
f 755 756 757
usemtl Patch_499_Mat_mat2
f 756 755 758
usemtl Patch_500_Mat_mat2
f 758 755 759
usemtl Patch_501_Mat_mat2
f 758 759 760

# obj118
v 22.99212646 231.35826111 265.55117798
v 22.99212646 225.45275879 156.88977051
v 22.99212646 225.45275879 265.55117798
v 22.99212646 231.35826111 156.88977051
v 22.99212646 231.35826111 163.1889801
usemtl Patch_502_Mat_mat2
f 761 762 763
usemtl Patch_503_Mat_mat2
f 762 761 764

# obj119
v 28.89763832 225.45275879 196.25984192
v 22.99212646 225.45275879 156.88977051
v 28.89763832 225.45275879 156.88977051
v 22.99212646 225.45275879 265.55117798
v 28.89763832 225.45275879 265.55117798
usemtl Patch_504_Mat_mat2
f 766 767 768
usemtl Patch_505_Mat_mat2
f 767 766 769
usemtl Patch_506_Mat_mat2
f 769 766 770

# obj120
v 28.89763832 231.35826111 196.25984192
v 28.89763832 225.45275879 265.55117798
v 28.89763832 225.45275879 196.25984192
v 28.89763832 231.35826111 265.55117798
usemtl Patch_507_Mat_mat2
f 771 772 773
usemtl Patch_508_Mat_mat2
f 772 771 774

# obj121
v 22.99212646 231.35826111 265.55117798
v 28.89763832 231.35826111 163.1889801
v 22.99212646 231.35826111 163.1889801
v 28.89763832 231.35826111 196.25984192
v 28.89763832 231.35826111 265.55117798
usemtl Patch_509_Mat_mat2
f 775 776 777
usemtl Patch_510_Mat_mat2
f 776 775 778
usemtl Patch_511_Mat_mat2
f 778 775 779

# obj122
v 22.99212646 231.35826111 20.07874107
v 28.89763832 231.35826111 17.71653557
v 22.99212646 231.35826111 17.71653557
v 28.89763832 231.35826111 20.07874107
v 22.99212646 231.35826111 140.5118103
v 28.89763832 231.35826111 140.5118103
usemtl Patch_512_Mat_mat2
f 780 781 782
usemtl Patch_513_Mat_mat2
f 781 780 783
usemtl Patch_514_Mat_mat2
f 783 780 784
usemtl Patch_515_Mat_mat2
f 783 784 785

# obj123
v 28.89763832 231.35826111 20.07874107
v 28.89763832 225.45275879 140.5118103
v 28.89763832 225.45275879 20.07874107
v 28.89763832 231.35826111 140.5118103
usemtl Patch_516_Mat_mat2
f 786 787 788
usemtl Patch_517_Mat_mat2
f 787 786 789

# obj124
v 28.89763832 225.45275879 20.07874107
v 22.99212646 225.45275879 17.71653557
v 28.89763832 225.45275879 17.71653557
v 22.99212646 225.45275879 20.07874107
v 28.89763832 225.45275879 140.5118103
v 22.99212646 225.45275879 140.5118103
usemtl Patch_518_Mat_mat2
f 790 791 792
usemtl Patch_519_Mat_mat2
f 791 790 793
usemtl Patch_520_Mat_mat2
f 793 790 794
usemtl Patch_521_Mat_mat2
f 793 794 795

# obj125
v 22.99212646 231.35826111 140.5118103
v 22.99212646 225.45275879 20.07874107
v 22.99212646 225.45275879 140.5118103
v 22.99212646 231.35826111 20.07874107
usemtl Patch_522_Mat_mat2
f 796 797 798
usemtl Patch_523_Mat_mat2
f 797 796 799

# obj126
v 92.24409485 231.35826111 20.07874107
v 98.1496048 231.35826111 17.71653557
v 92.24409485 231.35826111 17.71653557
v 98.1496048 231.35826111 20.07874107
v 92.24409485 231.35826111 140.5118103
v 98.1496048 231.35826111 140.5118103
usemtl Patch_524_Mat_mat2
f 800 801 802
usemtl Patch_525_Mat_mat2
f 801 800 803
usemtl Patch_526_Mat_mat2
f 803 800 804
usemtl Patch_527_Mat_mat2
f 803 804 805

# obj127
v 98.1496048 231.35826111 20.07874107
v 98.1496048 225.45275879 140.5118103
v 98.1496048 225.45275879 20.07874107
v 98.1496048 231.35826111 140.5118103
usemtl Patch_528_Mat_mat2
f 806 807 808
usemtl Patch_529_Mat_mat2
f 807 806 809

# obj128
v 98.1496048 225.45275879 20.07874107
v 92.24409485 225.45275879 17.71653557
v 98.1496048 225.45275879 17.71653557
v 92.24409485 225.45275879 20.07874107
v 98.1496048 225.45275879 140.5118103
v 92.24409485 225.45275879 140.5118103
usemtl Patch_530_Mat_mat2
f 810 811 812
usemtl Patch_531_Mat_mat2
f 811 810 813
usemtl Patch_532_Mat_mat2
f 813 810 814
usemtl Patch_533_Mat_mat2
f 813 814 815

# obj129
v 92.24409485 231.35826111 140.5118103
v 92.24409485 225.45275879 20.07874107
v 92.24409485 225.45275879 140.5118103
v 92.24409485 231.35826111 20.07874107
usemtl Patch_534_Mat_mat2
f 816 817 818
usemtl Patch_535_Mat_mat2
f 817 816 819

# obj130
v 161.77165222 231.35826111 20.07874107
v 167.6771698 231.35826111 17.71653557
v 161.77165222 231.35826111 17.71653557
v 167.6771698 231.35826111 20.07874107
v 161.77165222 231.35826111 140.5118103
v 167.6771698 231.35826111 140.5118103
usemtl Patch_536_Mat_mat2
f 820 821 822
usemtl Patch_537_Mat_mat2
f 821 820 823
usemtl Patch_538_Mat_mat2
f 823 820 824
usemtl Patch_539_Mat_mat2
f 823 824 825

# obj131
v 167.6771698 231.35826111 20.07874107
v 167.6771698 225.45275879 140.5118103
v 167.6771698 225.45275879 20.07874107
v 167.6771698 231.35826111 140.5118103
usemtl Patch_540_Mat_mat2
f 826 827 828
usemtl Patch_541_Mat_mat2
f 827 826 829

# obj132
v 167.6771698 225.45275879 20.07874107
v 161.77165222 225.45275879 17.71653557
v 167.6771698 225.45275879 17.71653557
v 161.77165222 225.45275879 20.07874107
v 167.6771698 225.45275879 140.5118103
v 161.77165222 225.45275879 140.5118103
usemtl Patch_542_Mat_mat2
f 830 831 832
usemtl Patch_543_Mat_mat2
f 831 830 833
usemtl Patch_544_Mat_mat2
f 833 830 834
usemtl Patch_545_Mat_mat2
f 833 834 835

# obj133
v 161.77165222 231.35826111 140.5118103
v 161.77165222 225.45275879 20.07874107
v 161.77165222 225.45275879 140.5118103
v 161.77165222 231.35826111 20.07874107
usemtl Patch_546_Mat_mat2
f 836 837 838
usemtl Patch_547_Mat_mat2
f 837 836 839

# obj134
v 231.96850586 231.35826111 20.07874107
v 237.87400818 231.35826111 17.71653557
v 231.96850586 231.35826111 17.71653557
v 237.87400818 231.35826111 140.5118103
v 231.96850586 231.35826111 140.5118103
usemtl Patch_548_Mat_mat2
f 840 841 842
usemtl Patch_549_Mat_mat2
f 841 840 843
usemtl Patch_550_Mat_mat2
f 843 840 844

# obj135
v 237.87400818 231.35826111 17.71653557
v 237.87400818 225.45275879 140.5118103
v 237.87400818 225.45275879 17.71653557
v 237.87400818 231.35826111 140.5118103
usemtl Patch_551_Mat_mat2
f 845 846 847
usemtl Patch_552_Mat_mat2
f 846 845 848

# obj136
v 237.87400818 225.45275879 140.5118103
v 231.96850586 225.45275879 17.71653557
v 237.87400818 225.45275879 17.71653557
v 231.96850586 225.45275879 20.07874107
v 231.96850586 225.45275879 140.5118103
usemtl Patch_553_Mat_mat2
f 849 850 851
usemtl Patch_554_Mat_mat2
f 850 849 852
usemtl Patch_555_Mat_mat2
f 852 849 853

# obj137
v 231.96850586 231.35826111 140.5118103
v 231.96850586 225.45275879 20.07874107
v 231.96850586 225.45275879 140.5118103
v 231.96850586 231.35826111 20.07874107
usemtl Patch_556_Mat_mat2
f 854 855 856
usemtl Patch_557_Mat_mat2
f 855 854 857

# obj138
v 302.08660889 231.35826111 140.5118103
v 307.99212646 231.35826111 17.71653557
v 302.08660889 231.35826111 17.71653557
v 307.99212646 231.35826111 20.07874107
v 307.99212646 231.35826111 140.5118103
usemtl Patch_558_Mat_mat2
f 858 859 860
usemtl Patch_559_Mat_mat2
f 859 858 861
usemtl Patch_560_Mat_mat2
f 861 858 862

# obj139
v 307.99212646 231.35826111 20.07874107
v 307.99212646 225.45275879 140.5118103
v 307.99212646 225.45275879 20.07874107
v 307.99212646 231.35826111 140.5118103
usemtl Patch_561_Mat_mat2
f 863 864 865
usemtl Patch_562_Mat_mat2
f 864 863 866

# obj140
v 307.99212646 225.45275879 20.07874107
v 302.08660889 225.45275879 17.71653557
v 307.99212646 225.45275879 17.71653557
v 302.08660889 225.45275879 140.5118103
v 307.99212646 225.45275879 140.5118103
usemtl Patch_563_Mat_mat2
f 867 868 869
usemtl Patch_564_Mat_mat2
f 868 867 870
usemtl Patch_565_Mat_mat2
f 870 867 871

# obj141
v 302.08660889 231.35826111 140.5118103
v 302.08660889 225.45275879 17.71653557
v 302.08660889 225.45275879 140.5118103
v 302.08660889 231.35826111 17.71653557
usemtl Patch_566_Mat_mat2
f 872 873 874
usemtl Patch_567_Mat_mat2
f 873 872 875

# obj142
v 372.04724121 231.35826111 20.07874107
v 377.95275879 231.35826111 17.71653557
v 372.04724121 231.35826111 17.71653557
v 377.95275879 231.35826111 20.07874107
v 372.04724121 231.35826111 140.5118103
v 377.95275879 231.35826111 140.5118103
usemtl Patch_568_Mat_mat2
f 876 877 878
usemtl Patch_569_Mat_mat2
f 877 876 879
usemtl Patch_570_Mat_mat2
f 879 876 880
usemtl Patch_571_Mat_mat2
f 879 880 881

# obj143
v 377.95275879 231.35826111 20.07874107
v 377.95275879 225.45275879 140.5118103
v 377.95275879 225.45275879 20.07874107
v 377.95275879 231.35826111 140.5118103
usemtl Patch_572_Mat_mat2
f 882 883 884
usemtl Patch_573_Mat_mat2
f 883 882 885

# obj144
v 377.95275879 225.45275879 20.07874107
v 372.04724121 225.45275879 17.71653557
v 377.95275879 225.45275879 17.71653557
v 372.04724121 225.45275879 20.07874107
v 377.95275879 225.45275879 140.5118103
v 372.04724121 225.45275879 140.5118103
usemtl Patch_574_Mat_mat2
f 886 887 888
usemtl Patch_575_Mat_mat2
f 887 886 889
usemtl Patch_576_Mat_mat2
f 889 886 890
usemtl Patch_577_Mat_mat2
f 889 890 891

# obj145
v 372.04724121 231.35826111 140.5118103
v 372.04724121 225.45275879 20.07874107
v 372.04724121 225.45275879 140.5118103
v 372.04724121 231.35826111 20.07874107
usemtl Patch_578_Mat_mat2
f 892 893 894
usemtl Patch_579_Mat_mat2
f 893 892 895

# obj146
v 441.96850586 231.35826111 20.07874107
v 447.87402344 231.35826111 17.71653557
v 441.96850586 231.35826111 17.71653557
v 447.87402344 231.35826111 20.07874107
v 441.96850586 231.35826111 140.5118103
v 447.87402344 231.35826111 140.5118103
usemtl Patch_580_Mat_mat2
f 896 897 898
usemtl Patch_581_Mat_mat2
f 897 896 899
usemtl Patch_582_Mat_mat2
f 899 896 900
usemtl Patch_583_Mat_mat2
f 899 900 901

# obj147
v 447.87402344 231.35826111 20.07874107
v 447.87402344 225.45275879 140.5118103
v 447.87402344 225.45275879 20.07874107
v 447.87402344 231.35826111 140.5118103
usemtl Patch_584_Mat_mat2
f 902 903 904
usemtl Patch_585_Mat_mat2
f 903 902 905

# obj148
v 447.87402344 225.45275879 20.07874107
v 441.96850586 225.45275879 17.71653557
v 447.87402344 225.45275879 17.71653557
v 441.96850586 225.45275879 20.07874107
v 447.87402344 225.45275879 140.5118103
v 441.96850586 225.45275879 140.5118103
usemtl Patch_586_Mat_mat2
f 906 907 908
usemtl Patch_587_Mat_mat2
f 907 906 909
usemtl Patch_588_Mat_mat2
f 909 906 910
usemtl Patch_589_Mat_mat2
f 909 910 911

# obj149
v 441.96850586 231.35826111 140.5118103
v 441.96850586 225.45275879 20.07874107
v 441.96850586 225.45275879 140.5118103
v 441.96850586 231.35826111 20.07874107
usemtl Patch_590_Mat_mat2
f 912 913 914
usemtl Patch_591_Mat_mat2
f 913 912 915

# obj150
v 511.77166748 231.35826111 20.07874107
v 517.67718506 231.35826111 17.71653557
v 511.77166748 231.35826111 17.71653557
v 517.67718506 231.35826111 20.07874107
v 511.77166748 231.35826111 140.5118103
v 517.67718506 231.35826111 140.5118103
usemtl Patch_592_Mat_mat2
f 916 917 918
usemtl Patch_593_Mat_mat2
f 917 916 919
usemtl Patch_594_Mat_mat2
f 919 916 920
usemtl Patch_595_Mat_mat2
f 919 920 921

# obj151
v 517.67718506 231.35826111 20.07874107
v 517.67718506 225.45275879 140.5118103
v 517.67718506 225.45275879 20.07874107
v 517.67718506 231.35826111 140.5118103
usemtl Patch_596_Mat_mat2
f 922 923 924
usemtl Patch_597_Mat_mat2
f 923 922 925

# obj152
v 517.67718506 225.45275879 20.07874107
v 511.77166748 225.45275879 17.71653557
v 517.67718506 225.45275879 17.71653557
v 511.77166748 225.45275879 20.07874107
v 517.67718506 225.45275879 140.5118103
v 511.77166748 225.45275879 140.5118103
usemtl Patch_598_Mat_mat2
f 926 927 928
usemtl Patch_599_Mat_mat2
f 927 926 929
usemtl Patch_600_Mat_mat2
f 929 926 930
usemtl Patch_601_Mat_mat2
f 929 930 931

# obj153
v 511.77166748 231.35826111 140.5118103
v 511.77166748 225.45275879 20.07874107
v 511.77166748 225.45275879 140.5118103
v 511.77166748 231.35826111 20.07874107
usemtl Patch_602_Mat_mat2
f 932 933 934
usemtl Patch_603_Mat_mat2
f 933 932 935

# obj154
v 519.37005615 -227.89370728 20.07874107
v 519.37005615 -233.79920959 140.5118103
v 519.37005615 -233.79920959 20.07874107
v 519.37005615 -227.89370728 140.5118103
usemtl Patch_604_Mat_mat2
f 936 937 938
usemtl Patch_605_Mat_mat2
f 937 936 939

# obj155
v 513.46453857 -227.89370728 140.5118103
v 519.37005615 -227.89370728 17.71653557
v 513.46453857 -227.89370728 17.71653557
v 519.37005615 -227.89370728 20.07874107
v 519.37005615 -227.89370728 140.5118103
usemtl Patch_606_Mat_mat2
f 940 941 942
usemtl Patch_607_Mat_mat2
f 941 940 943
usemtl Patch_608_Mat_mat2
f 943 940 944

# obj156
v 513.46453857 -227.89370728 140.5118103
v 513.46453857 -233.79920959 17.71653557
v 513.46453857 -233.79920959 140.5118103
v 513.46453857 -227.89370728 17.71653557
usemtl Patch_609_Mat_mat2
f 945 946 947
usemtl Patch_610_Mat_mat2
f 946 945 948

# obj157
v 519.37005615 -233.79920959 20.07874107
v 513.46453857 -233.79920959 17.71653557
v 519.37005615 -233.79920959 17.71653557
v 513.46453857 -233.79920959 140.5118103
v 519.37005615 -233.79920959 140.5118103
usemtl Patch_611_Mat_mat2
f 949 950 951
usemtl Patch_612_Mat_mat2
f 950 949 952
usemtl Patch_613_Mat_mat2
f 952 949 953

# obj158
v 449.88189697 -227.89370728 17.71653557
v 449.88189697 -233.79920959 140.5118103
v 449.88189697 -233.79920959 17.71653557
v 449.88189697 -227.89370728 140.5118103
usemtl Patch_614_Mat_mat2
f 954 955 956
usemtl Patch_615_Mat_mat2
f 955 954 957

# obj159
v 443.97637939 -227.89370728 20.07874107
v 449.88189697 -227.89370728 17.71653557
v 443.97637939 -227.89370728 17.71653557
v 449.88189697 -227.89370728 140.5118103
v 443.97637939 -227.89370728 140.5118103
usemtl Patch_616_Mat_mat2
f 958 959 960
usemtl Patch_617_Mat_mat2
f 959 958 961
usemtl Patch_618_Mat_mat2
f 961 958 962

# obj160
v 443.97637939 -227.89370728 140.5118103
v 443.97637939 -233.79920959 20.07874107
v 443.97637939 -233.79920959 140.5118103
v 443.97637939 -227.89370728 20.07874107
usemtl Patch_619_Mat_mat2
f 963 964 965
usemtl Patch_620_Mat_mat2
f 964 963 966

# obj161
v 449.88189697 -233.79920959 140.5118103
v 443.97637939 -233.79920959 17.71653557
v 449.88189697 -233.79920959 17.71653557
v 443.97637939 -233.79920959 20.07874107
v 443.97637939 -233.79920959 140.5118103
usemtl Patch_621_Mat_mat2
f 967 968 969
usemtl Patch_622_Mat_mat2
f 968 967 970
usemtl Patch_623_Mat_mat2
f 970 967 971

# obj162
v 380.1574707 -227.89370728 20.07874107
v 380.1574707 -233.79920959 140.5118103
v 380.1574707 -233.79920959 20.07874107
v 380.1574707 -227.89370728 140.5118103
usemtl Patch_624_Mat_mat2
f 972 973 974
usemtl Patch_625_Mat_mat2
f 973 972 975

# obj163
v 374.25198364 -227.89370728 20.07874107
v 380.1574707 -227.89370728 17.71653557
v 374.25198364 -227.89370728 17.71653557
v 380.1574707 -227.89370728 20.07874107
v 374.25198364 -227.89370728 140.5118103
v 380.1574707 -227.89370728 140.5118103
usemtl Patch_626_Mat_mat2
f 976 977 978
usemtl Patch_627_Mat_mat2
f 977 976 979
usemtl Patch_628_Mat_mat2
f 979 976 980
usemtl Patch_629_Mat_mat2
f 979 980 981

# obj164
v 374.25198364 -227.89370728 140.5118103
v 374.25198364 -233.79920959 20.07874107
v 374.25198364 -233.79920959 140.5118103
v 374.25198364 -227.89370728 20.07874107
usemtl Patch_630_Mat_mat2
f 982 983 984
usemtl Patch_631_Mat_mat2
f 983 982 985

# obj165
v 380.1574707 -233.79920959 20.07874107
v 374.25198364 -233.79920959 17.71653557
v 380.1574707 -233.79920959 17.71653557
v 374.25198364 -233.79920959 20.07874107
v 380.1574707 -233.79920959 140.5118103
v 374.25198364 -233.79920959 140.5118103
usemtl Patch_632_Mat_mat2
f 986 987 988
usemtl Patch_633_Mat_mat2
f 987 986 989
usemtl Patch_634_Mat_mat2
f 989 986 990
usemtl Patch_635_Mat_mat2
f 989 990 991

# obj166
v 309.96063232 -227.89370728 20.07874107
v 309.96063232 -233.79920959 140.5118103
v 309.96063232 -233.79920959 20.07874107
v 309.96063232 -227.89370728 140.5118103
usemtl Patch_636_Mat_mat2
f 992 993 994
usemtl Patch_637_Mat_mat2
f 993 992 995

# obj167
v 304.05511475 -227.89370728 140.5118103
v 309.96063232 -227.89370728 17.71653557
v 304.05511475 -227.89370728 17.71653557
v 309.96063232 -227.89370728 20.07874107
v 309.96063232 -227.89370728 140.5118103
usemtl Patch_638_Mat_mat2
f 996 997 998
usemtl Patch_639_Mat_mat2
f 997 996 999
usemtl Patch_640_Mat_mat2
f 999 996 1000

# obj168
v 304.05511475 -227.89370728 140.5118103
v 304.05511475 -233.79920959 17.71653557
v 304.05511475 -233.79920959 140.5118103
v 304.05511475 -227.89370728 17.71653557
usemtl Patch_641_Mat_mat2
f 1001 1002 1003
usemtl Patch_642_Mat_mat2
f 1002 1001 1004

# obj169
v 309.96063232 -233.79920959 20.07874107
v 304.05511475 -233.79920959 17.71653557
v 309.96063232 -233.79920959 17.71653557
v 304.05511475 -233.79920959 140.5118103
v 309.96063232 -233.79920959 140.5118103
usemtl Patch_643_Mat_mat2
f 1005 1006 1007
usemtl Patch_644_Mat_mat2
f 1006 1005 1008
usemtl Patch_645_Mat_mat2
f 1008 1005 1009

# obj170
v 239.80314636 -227.89370728 17.71653557
v 239.80314636 -233.79920959 140.5118103
v 239.80314636 -233.79920959 17.71653557
v 239.80314636 -227.89370728 140.5118103
usemtl Patch_646_Mat_mat2
f 1010 1011 1012
usemtl Patch_647_Mat_mat2
f 1011 1010 1013

# obj171
v 233.89764404 -227.89370728 20.07874107
v 239.80314636 -227.89370728 17.71653557
v 233.89764404 -227.89370728 17.71653557
v 239.80314636 -227.89370728 140.5118103
v 233.89764404 -227.89370728 140.5118103
usemtl Patch_648_Mat_mat2
f 1014 1015 1016
usemtl Patch_649_Mat_mat2
f 1015 1014 1017
usemtl Patch_650_Mat_mat2
f 1017 1014 1018

# obj172
v 233.89764404 -227.89370728 140.5118103
v 233.89764404 -233.79920959 20.07874107
v 233.89764404 -233.79920959 140.5118103
v 233.89764404 -227.89370728 20.07874107
usemtl Patch_651_Mat_mat2
f 1019 1020 1021
usemtl Patch_652_Mat_mat2
f 1020 1019 1022

# obj173
v 239.80314636 -233.79920959 140.5118103
v 233.89764404 -233.79920959 17.71653557
v 239.80314636 -233.79920959 17.71653557
v 233.89764404 -233.79920959 20.07874107
v 233.89764404 -233.79920959 140.5118103
usemtl Patch_653_Mat_mat2
f 1023 1024 1025
usemtl Patch_654_Mat_mat2
f 1024 1023 1026
usemtl Patch_655_Mat_mat2
f 1026 1023 1027

# obj174
v 169.92126465 -227.89370728 20.07874107
v 169.92126465 -233.79920959 140.5118103
v 169.92126465 -233.79920959 20.07874107
v 169.92126465 -227.89370728 140.5118103
usemtl Patch_656_Mat_mat2
f 1028 1029 1030
usemtl Patch_657_Mat_mat2
f 1029 1028 1031

# obj175
v 164.01574707 -227.89370728 20.07874107
v 169.92126465 -227.89370728 17.71653557
v 164.01574707 -227.89370728 17.71653557
v 169.92126465 -227.89370728 20.07874107
v 164.01574707 -227.89370728 140.5118103
v 169.92126465 -227.89370728 140.5118103
usemtl Patch_658_Mat_mat2
f 1032 1033 1034
usemtl Patch_659_Mat_mat2
f 1033 1032 1035
usemtl Patch_660_Mat_mat2
f 1035 1032 1036
usemtl Patch_661_Mat_mat2
f 1035 1036 1037

# obj176
v 164.01574707 -227.89370728 140.5118103
v 164.01574707 -233.79920959 20.07874107
v 164.01574707 -233.79920959 140.5118103
v 164.01574707 -227.89370728 20.07874107
usemtl Patch_662_Mat_mat2
f 1038 1039 1040
usemtl Patch_663_Mat_mat2
f 1039 1038 1041

# obj177
v 169.92126465 -233.79920959 20.07874107
v 164.01574707 -233.79920959 17.71653557
v 169.92126465 -233.79920959 17.71653557
v 164.01574707 -233.79920959 20.07874107
v 169.92126465 -233.79920959 140.5118103
v 164.01574707 -233.79920959 140.5118103
usemtl Patch_664_Mat_mat2
f 1042 1043 1044
usemtl Patch_665_Mat_mat2
f 1043 1042 1045
usemtl Patch_666_Mat_mat2
f 1045 1042 1046
usemtl Patch_667_Mat_mat2
f 1045 1046 1047

# obj178
v 100.5118103 -227.89370728 20.07874107
v 100.5118103 -233.79920959 140.5118103
v 100.5118103 -233.79920959 20.07874107
v 100.5118103 -227.89370728 140.5118103
usemtl Patch_668_Mat_mat2
f 1048 1049 1050
usemtl Patch_669_Mat_mat2
f 1049 1048 1051

# obj179
v 94.60630035 -227.89370728 140.5118103
v 100.5118103 -227.89370728 17.71653557
v 94.60630035 -227.89370728 17.71653557
v 100.5118103 -227.89370728 20.07874107
v 100.5118103 -227.89370728 140.5118103
usemtl Patch_670_Mat_mat2
f 1052 1053 1054
usemtl Patch_671_Mat_mat2
f 1053 1052 1055
usemtl Patch_672_Mat_mat2
f 1055 1052 1056

# obj180
v 94.60630035 -227.89370728 140.5118103
v 94.60630035 -233.79920959 17.71653557
v 94.60630035 -233.79920959 140.5118103
v 94.60630035 -227.89370728 17.71653557
usemtl Patch_673_Mat_mat2
f 1057 1058 1059
usemtl Patch_674_Mat_mat2
f 1058 1057 1060

# obj181
v 100.5118103 -233.79920959 20.07874107
v 94.60630035 -233.79920959 17.71653557
v 100.5118103 -233.79920959 17.71653557
v 94.60630035 -233.79920959 140.5118103
v 100.5118103 -233.79920959 140.5118103
usemtl Patch_675_Mat_mat2
f 1061 1062 1063
usemtl Patch_676_Mat_mat2
f 1062 1061 1064
usemtl Patch_677_Mat_mat2
f 1064 1061 1065

# obj182
v 30.59055138 -227.89370728 17.71653557
v 30.59055138 -233.79920959 140.5118103
v 30.59055138 -233.79920959 17.71653557
v 30.59055138 -227.89370728 140.5118103
usemtl Patch_678_Mat_mat2
f 1066 1067 1068
usemtl Patch_679_Mat_mat2
f 1067 1066 1069

# obj183
v 24.68503952 -227.89370728 20.07874107
v 30.59055138 -227.89370728 17.71653557
v 24.68503952 -227.89370728 17.71653557
v 30.59055138 -227.89370728 140.5118103
v 24.68503952 -227.89370728 140.5118103
usemtl Patch_680_Mat_mat2
f 1070 1071 1072
usemtl Patch_681_Mat_mat2
f 1071 1070 1073
usemtl Patch_682_Mat_mat2
f 1073 1070 1074

# obj184
v 24.68503952 -227.89370728 140.5118103
v 24.68503952 -233.79920959 20.07874107
v 24.68503952 -233.79920959 140.5118103
v 24.68503952 -227.89370728 20.07874107
usemtl Patch_683_Mat_mat2
f 1075 1076 1077
usemtl Patch_684_Mat_mat2
f 1076 1075 1078

# obj185
v 30.59055138 -233.79920959 140.5118103
v 24.68503952 -233.79920959 17.71653557
v 30.59055138 -233.79920959 17.71653557
v 24.68503952 -233.79920959 20.07874107
v 24.68503952 -233.79920959 140.5118103
usemtl Patch_685_Mat_mat2
f 1079 1080 1081
usemtl Patch_686_Mat_mat2
f 1080 1079 1082
usemtl Patch_687_Mat_mat2
f 1082 1079 1083

# obj186
v 169.92126465 -227.89370728 196.25984192
v 169.92126465 -233.79920959 265.55117798
v 169.92126465 -233.79920959 196.25984192
v 169.92126465 -227.89370728 265.55117798
usemtl Patch_688_Mat_mat2
f 1084 1085 1086
usemtl Patch_689_Mat_mat2
f 1085 1084 1087

# obj187
v 169.92126465 -227.89370728 196.25984192
v 233.89764404 -227.89370728 156.88977051
v 169.92126465 -227.89370728 156.88977051
v 233.89764404 -227.89370728 196.25984192
usemtl Patch_690_Mat_mat0
f 1088 1089 1090
usemtl Patch_691_Mat_mat0
f 1089 1088 1091

# obj188
v 233.89764404 -233.79920959 196.25984192
v 169.92126465 -227.89370728 196.25984192
v 169.92126465 -233.79920959 196.25984192
v 233.89764404 -227.89370728 196.25984192
usemtl Patch_692_Mat_mat3
f 1092 1093 1094
usemtl Patch_693_Mat_mat3
f 1093 1092 1095

# obj189
v 233.89764404 -233.79920959 163.1889801
v 169.92126465 -233.79920959 196.25984192
v 169.92126465 -233.79920959 163.1889801
v 233.89764404 -233.79920959 196.25984192
usemtl Patch_694_Mat_mat0
f 1096 1097 1098
usemtl Patch_695_Mat_mat0
f 1097 1096 1099

# obj190
v 164.01574707 -233.79920959 196.25984192
v 100.5118103 -233.79920959 163.1889801
v 164.01574707 -233.79920959 163.1889801
v 100.5118103 -233.79920959 196.25984192
usemtl Patch_696_Mat_mat0
f 1100 1101 1102
usemtl Patch_697_Mat_mat0
f 1101 1100 1103

# obj191
v 164.01574707 -227.89370728 265.55117798
v 164.01574707 -233.79920959 196.25984192
v 164.01574707 -233.79920959 265.55117798
v 164.01574707 -227.89370728 196.25984192
usemtl Patch_698_Mat_mat2
f 1104 1105 1106
usemtl Patch_699_Mat_mat2
f 1105 1104 1107

# obj192
v 94.60630035 -227.89370728 265.55117798
v 94.60630035 -233.79920959 196.25984192
v 94.60630035 -233.79920959 265.55117798
v 94.60630035 -227.89370728 196.25984192
usemtl Patch_700_Mat_mat2
f 1108 1109 1110
usemtl Patch_701_Mat_mat2
f 1109 1108 1111

# obj193
v 94.60630035 -233.79920959 196.25984192
v 30.59055138 -227.89370728 196.25984192
v 30.59055138 -233.79920959 196.25984192
v 94.60630035 -227.89370728 196.25984192
usemtl Patch_702_Mat_mat3
f 1112 1113 1114
usemtl Patch_703_Mat_mat3
f 1113 1112 1115

# obj194
v 164.01574707 -233.79920959 196.25984192
v 100.5118103 -227.89370728 196.25984192
v 100.5118103 -233.79920959 196.25984192
v 164.01574707 -227.89370728 196.25984192
usemtl Patch_704_Mat_mat3
f 1116 1117 1118
usemtl Patch_705_Mat_mat3
f 1117 1116 1119

# obj195
v 309.96063232 -227.89370728 156.88977051
v 374.25198364 -227.89370728 196.25984192
v 374.25198364 -227.89370728 156.88977051
v 309.96063232 -227.89370728 196.25984192
usemtl Patch_706_Mat_mat0
f 1120 1121 1122
usemtl Patch_707_Mat_mat0
f 1121 1120 1123

# obj196
v 380.1574707 -227.89370728 196.25984192
v 443.97637939 -227.89370728 156.88977051
v 380.1574707 -227.89370728 156.88977051
v 443.97637939 -227.89370728 196.25984192
usemtl Patch_708_Mat_mat0
f 1124 1125 1126
usemtl Patch_709_Mat_mat0
f 1125 1124 1127

# obj197
v 449.88189697 -227.89370728 196.25984192
v 513.46453857 -227.89370728 156.88977051
v 449.88189697 -227.89370728 156.88977051
v 513.46453857 -227.89370728 196.25984192
usemtl Patch_710_Mat_mat0
f 1128 1129 1130
usemtl Patch_711_Mat_mat0
f 1129 1128 1131

# obj198
v 309.96063232 -227.89370728 196.25984192
v 309.96063232 -233.79920959 265.55117798
v 309.96063232 -233.79920959 196.25984192
v 309.96063232 -227.89370728 265.55117798
usemtl Patch_712_Mat_mat2
f 1132 1133 1134
usemtl Patch_713_Mat_mat2
f 1133 1132 1135

# obj199
v 380.1574707 -227.89370728 196.25984192
v 380.1574707 -233.79920959 265.55117798
v 380.1574707 -233.79920959 196.25984192
v 380.1574707 -227.89370728 265.55117798
usemtl Patch_714_Mat_mat2
f 1136 1137 1138
usemtl Patch_715_Mat_mat2
f 1137 1136 1139

# obj200
v 374.25198364 -233.79920959 196.25984192
v 309.96063232 -233.79920959 163.1889801
v 374.25198364 -233.79920959 163.1889801
v 309.96063232 -233.79920959 196.25984192
usemtl Patch_716_Mat_mat0
f 1140 1141 1142
usemtl Patch_717_Mat_mat0
f 1141 1140 1143

# obj201
v 443.97637939 -233.79920959 163.1889801
v 380.1574707 -233.79920959 196.25984192
v 380.1574707 -233.79920959 163.1889801
v 443.97637939 -233.79920959 196.25984192
usemtl Patch_718_Mat_mat0
f 1144 1145 1146
usemtl Patch_719_Mat_mat0
f 1145 1144 1147

# obj202
v 513.46453857 -233.79920959 196.25984192
v 449.88189697 -233.79920959 163.1889801
v 513.46453857 -233.79920959 163.1889801
v 449.88189697 -233.79920959 196.25984192
usemtl Patch_720_Mat_mat0
f 1148 1149 1150
usemtl Patch_721_Mat_mat0
f 1149 1148 1151

# obj203
v 374.25198364 -233.79920959 196.25984192
v 309.96063232 -227.89370728 196.25984192
v 309.96063232 -233.79920959 196.25984192
v 374.25198364 -227.89370728 196.25984192
usemtl Patch_722_Mat_mat3
f 1152 1153 1154
usemtl Patch_723_Mat_mat3
f 1153 1152 1155

# obj204
v 443.97637939 -233.79920959 196.25984192
v 380.1574707 -227.89370728 196.25984192
v 380.1574707 -233.79920959 196.25984192
v 443.97637939 -227.89370728 196.25984192
usemtl Patch_724_Mat_mat3
f 1156 1157 1158
usemtl Patch_725_Mat_mat3
f 1157 1156 1159

# obj205
v 513.46453857 -233.79920959 196.25984192
v 449.88189697 -227.89370728 196.25984192
v 449.88189697 -233.79920959 196.25984192
v 513.46453857 -227.89370728 196.25984192
usemtl Patch_726_Mat_mat3
f 1160 1161 1162
usemtl Patch_727_Mat_mat3
f 1161 1160 1163

# obj206
v 92.24409485 225.45275879 196.25984192
v 28.89763832 225.45275879 156.88977051
v 92.24409485 225.45275879 156.88977051
v 28.89763832 225.45275879 196.25984192
usemtl Patch_728_Mat_mat0
f 1164 1165 1166
usemtl Patch_729_Mat_mat0
f 1165 1164 1167

# obj207
v 231.96850586 225.45275879 196.25984192
v 167.6771698 225.45275879 156.88977051
v 231.96850586 225.45275879 156.88977051
v 167.6771698 225.45275879 196.25984192
usemtl Patch_730_Mat_mat0
f 1168 1169 1170
usemtl Patch_731_Mat_mat0
f 1169 1168 1171

# obj208
v 161.77165222 225.45275879 196.25984192
v 98.1496048 225.45275879 156.88977051
v 161.77165222 225.45275879 156.88977051
v 98.1496048 225.45275879 196.25984192
usemtl Patch_732_Mat_mat0
f 1172 1173 1174
usemtl Patch_733_Mat_mat0
f 1173 1172 1175

# obj209
v 231.96850586 231.35826111 265.55117798
v 231.96850586 225.45275879 196.25984192
v 231.96850586 225.45275879 265.55117798
v 231.96850586 231.35826111 196.25984192
usemtl Patch_734_Mat_mat2
f 1176 1177 1178
usemtl Patch_735_Mat_mat2
f 1177 1176 1179

# obj210
v 161.77165222 231.35826111 265.55117798
v 161.77165222 225.45275879 196.25984192
v 161.77165222 225.45275879 265.55117798
v 161.77165222 231.35826111 196.25984192
usemtl Patch_736_Mat_mat2
f 1180 1181 1182
usemtl Patch_737_Mat_mat2
f 1181 1180 1183

# obj211
v 92.24409485 231.35826111 265.55117798
v 92.24409485 225.45275879 196.25984192
v 92.24409485 225.45275879 265.55117798
v 92.24409485 231.35826111 196.25984192
usemtl Patch_738_Mat_mat2
f 1184 1185 1186
usemtl Patch_739_Mat_mat2
f 1185 1184 1187

# obj212
v 372.04724121 225.45275879 196.25984192
v 307.99212646 225.45275879 156.88977051
v 372.04724121 225.45275879 156.88977051
v 307.99212646 225.45275879 196.25984192
usemtl Patch_740_Mat_mat0
f 1188 1189 1190
usemtl Patch_741_Mat_mat0
f 1189 1188 1191

# obj213
v 441.96850586 225.45275879 196.25984192
v 377.95275879 225.45275879 156.88977051
v 441.96850586 225.45275879 156.88977051
v 377.95275879 225.45275879 196.25984192
usemtl Patch_742_Mat_mat0
f 1192 1193 1194
usemtl Patch_743_Mat_mat0
f 1193 1192 1195

# obj214
v 511.77166748 225.45275879 196.25984192
v 447.87402344 225.45275879 156.88977051
v 511.77166748 225.45275879 156.88977051
v 447.87402344 225.45275879 196.25984192
usemtl Patch_744_Mat_mat0
f 1196 1197 1198
usemtl Patch_745_Mat_mat0
f 1197 1196 1199

# obj215
v 511.77166748 231.35826111 265.55117798
v 511.77166748 225.45275879 196.25984192
v 511.77166748 225.45275879 265.55117798
v 511.77166748 231.35826111 196.25984192
usemtl Patch_746_Mat_mat2
f 1200 1201 1202
usemtl Patch_747_Mat_mat2
f 1201 1200 1203

# obj216
v 441.96850586 231.35826111 265.55117798
v 441.96850586 225.45275879 196.25984192
v 441.96850586 225.45275879 265.55117798
v 441.96850586 231.35826111 196.25984192
usemtl Patch_748_Mat_mat2
f 1204 1205 1206
usemtl Patch_749_Mat_mat2
f 1205 1204 1207

# obj217
v 372.04724121 231.35826111 265.55117798
v 372.04724121 225.45275879 196.25984192
v 372.04724121 225.45275879 265.55117798
v 372.04724121 231.35826111 196.25984192
usemtl Patch_750_Mat_mat2
f 1208 1209 1210
usemtl Patch_751_Mat_mat2
f 1209 1208 1211

# obj218
v 98.1496048 231.35826111 196.25984192
v 161.77165222 231.35826111 163.1889801
v 98.1496048 231.35826111 163.1889801
v 161.77165222 231.35826111 196.25984192
usemtl Patch_752_Mat_mat0
f 1212 1213 1214
usemtl Patch_753_Mat_mat0
f 1213 1212 1215

# obj219
v 161.77165222 225.45275879 196.25984192
v 98.1496048 231.35826111 196.25984192
v 98.1496048 225.45275879 196.25984192
v 161.77165222 231.35826111 196.25984192
usemtl Patch_754_Mat_mat3
f 1216 1217 1218
usemtl Patch_755_Mat_mat3
f 1217 1216 1219

# obj220
v 167.6771698 231.35826111 196.25984192
v 231.96850586 231.35826111 163.1889801
v 167.6771698 231.35826111 163.1889801
v 231.96850586 231.35826111 196.25984192
usemtl Patch_756_Mat_mat0
f 1220 1221 1222
usemtl Patch_757_Mat_mat0
f 1221 1220 1223

# obj221
v 231.96850586 225.45275879 196.25984192
v 167.6771698 231.35826111 196.25984192
v 167.6771698 225.45275879 196.25984192
v 231.96850586 231.35826111 196.25984192
usemtl Patch_758_Mat_mat3
f 1224 1225 1226
usemtl Patch_759_Mat_mat3
f 1225 1224 1227

# obj222
v 28.89763832 231.35826111 196.25984192
v 92.24409485 231.35826111 163.1889801
v 28.89763832 231.35826111 163.1889801
v 92.24409485 231.35826111 196.25984192
usemtl Patch_760_Mat_mat0
f 1228 1229 1230
usemtl Patch_761_Mat_mat0
f 1229 1228 1231

# obj223
v 92.24409485 225.45275879 196.25984192
v 28.89763832 231.35826111 196.25984192
v 28.89763832 225.45275879 196.25984192
v 92.24409485 231.35826111 196.25984192
usemtl Patch_762_Mat_mat3
f 1232 1233 1234
usemtl Patch_763_Mat_mat3
f 1233 1232 1235

# obj224
v 307.99212646 231.35826111 196.25984192
v 372.04724121 231.35826111 163.1889801
v 307.99212646 231.35826111 163.1889801
v 372.04724121 231.35826111 196.25984192
usemtl Patch_764_Mat_mat0
f 1236 1237 1238
usemtl Patch_765_Mat_mat0
f 1237 1236 1239

# obj225
v 372.04724121 225.45275879 196.25984192
v 307.99212646 231.35826111 196.25984192
v 307.99212646 225.45275879 196.25984192
v 372.04724121 231.35826111 196.25984192
usemtl Patch_766_Mat_mat3
f 1240 1241 1242
usemtl Patch_767_Mat_mat3
f 1241 1240 1243

# obj226
v 447.87402344 231.35826111 196.25984192
v 511.77166748 231.35826111 163.1889801
v 447.87402344 231.35826111 163.1889801
v 511.77166748 231.35826111 196.25984192
usemtl Patch_768_Mat_mat0
f 1244 1245 1246
usemtl Patch_769_Mat_mat0
f 1245 1244 1247

# obj227
v 511.77166748 225.45275879 196.25984192
v 447.87402344 231.35826111 196.25984192
v 447.87402344 225.45275879 196.25984192
v 511.77166748 231.35826111 196.25984192
usemtl Patch_770_Mat_mat3
f 1248 1249 1250
usemtl Patch_771_Mat_mat3
f 1249 1248 1251

# obj228
v 377.95275879 231.35826111 196.25984192
v 441.96850586 231.35826111 163.1889801
v 377.95275879 231.35826111 163.1889801
v 441.96850586 231.35826111 196.25984192
usemtl Patch_772_Mat_mat0
f 1252 1253 1254
usemtl Patch_773_Mat_mat0
f 1253 1252 1255

# obj229
v 441.96850586 225.45275879 196.25984192
v 377.95275879 231.35826111 196.25984192
v 377.95275879 225.45275879 196.25984192
v 441.96850586 231.35826111 196.25984192
usemtl Patch_774_Mat_mat3
f 1256 1257 1258
usemtl Patch_775_Mat_mat3
f 1257 1256 1259

# obj230
v -148.19062805 -136.77679443 216.33857727
v -124.25362396 -186.81616211 40.15748215
v -124.25362396 -186.81616211 216.33857727
v -148.19062805 -136.77679443 40.15748215
usemtl Patch_776_Mat_mat1
f 1260 1261 1262
usemtl Patch_777_Mat_mat1
f 1261 1260 1263

# obj231
v -148.19062805 -136.77679443 216.33857727
v -147.48031616 -136.43701172 40.15748215
v -148.19062805 -136.77679443 40.15748215
v -147.48031616 -136.43701172 216.33857727
usemtl Patch_778_Mat_mat1
f 1264 1265 1266
usemtl Patch_779_Mat_mat1
f 1265 1264 1267

# obj232
v -124.25362396 -186.81616211 216.33857727
v -147.48031616 -136.43701172 216.33857727
v -148.19062805 -136.77679443 216.33857727
v -123.54330444 -186.47637939 216.33857727
usemtl Patch_780_Mat_mat1
f 1268 1269 1270
usemtl Patch_781_Mat_mat1
f 1269 1268 1271

# obj233
v -123.54330444 -186.47637939 216.33857727
v -124.25362396 -186.81616211 40.15748215
v -123.54330444 -186.47637939 40.15748215
v -124.25362396 -186.81616211 216.33857727
usemtl Patch_782_Mat_mat1
f 1272 1273 1274
usemtl Patch_783_Mat_mat1
f 1273 1272 1275

# obj234
v -147.48031616 -136.43701172 40.15748215
v -124.25362396 -186.81616211 40.15748215
v -148.19062805 -136.77679443 40.15748215
v -123.54330444 -186.47637939 40.15748215
usemtl Patch_784_Mat_mat1
f 1276 1277 1278
usemtl Patch_785_Mat_mat1
f 1277 1276 1279

# obj235
v -183.87036133 -129.07685852 216.33857727
v -161.70501709 -179.4705658 40.15748215
v -161.70501709 -179.4705658 216.33857727
v -183.87036133 -129.07685852 40.15748215
usemtl Patch_786_Mat_mat1
f 1280 1281 1282
usemtl Patch_787_Mat_mat1
f 1281 1280 1283

# obj236
v -183.87036133 -129.07685852 216.33857727
v -183.14961243 -128.75984192 40.15748215
v -183.87036133 -129.07685852 40.15748215
v -183.14961243 -128.75984192 216.33857727
usemtl Patch_788_Mat_mat1
f 1284 1285 1286
usemtl Patch_789_Mat_mat1
f 1285 1284 1287

# obj237
v -161.70501709 -179.4705658 216.33857727
v -183.14961243 -128.75984192 216.33857727
v -183.87036133 -129.07685852 216.33857727
v -160.98425293 -179.15354919 216.33857727
usemtl Patch_790_Mat_mat1
f 1288 1289 1290
usemtl Patch_791_Mat_mat1
f 1289 1288 1291

# obj238
v -160.98425293 -179.15354919 216.33857727
v -161.70501709 -179.4705658 40.15748215
v -160.98425293 -179.15354919 40.15748215
v -161.70501709 -179.4705658 216.33857727
usemtl Patch_792_Mat_mat1
f 1292 1293 1294
usemtl Patch_793_Mat_mat1
f 1293 1292 1295

# obj239
v -183.14961243 -128.75984192 40.15748215
v -161.70501709 -179.4705658 40.15748215
v -183.87036133 -129.07685852 40.15748215
v -160.98425293 -179.15354919 40.15748215
usemtl Patch_794_Mat_mat1
f 1296 1297 1298
usemtl Patch_795_Mat_mat1
f 1297 1296 1299

# obj240
v -238.89907837 -123.03056335 216.33857727
v -210.04081726 -169.95970154 40.15748215
v -210.04081726 -169.95970154 216.33857727
v -238.89907837 -123.03056335 40.15748215
usemtl Patch_796_Mat_mat1
f 1300 1301 1302
usemtl Patch_797_Mat_mat1
f 1301 1300 1303

# obj241
v -210.04081726 -169.95970154 216.33857727
v -238.22834778 -122.61811066 216.33857727
v -238.89907837 -123.03056335 216.33857727
v -209.37007141 -169.54724121 216.33857727
usemtl Patch_798_Mat_mat1
f 1304 1305 1306
usemtl Patch_799_Mat_mat1
f 1305 1304 1307

# obj242
v -238.89907837 -123.03056335 216.33857727
v -238.22834778 -122.61811066 40.15748215
v -238.89907837 -123.03056335 40.15748215
v -238.22834778 -122.61811066 216.33857727
usemtl Patch_800_Mat_mat1
f 1308 1309 1310
usemtl Patch_801_Mat_mat1
f 1309 1308 1311

# obj243
v -238.22834778 -122.61811066 40.15748215
v -210.04081726 -169.95970154 40.15748215
v -238.89907837 -123.03056335 40.15748215
v -209.37007141 -169.54724121 40.15748215
usemtl Patch_802_Mat_mat1
f 1312 1313 1314
usemtl Patch_803_Mat_mat1
f 1313 1312 1315

# obj244
v -209.37007141 -169.54724121 216.33857727
v -210.04081726 -169.95970154 40.15748215
v -209.37007141 -169.54724121 40.15748215
v -210.04081726 -169.95970154 216.33857727
usemtl Patch_804_Mat_mat1
f 1316 1317 1318
usemtl Patch_805_Mat_mat1
f 1317 1316 1319

# obj245
v -283.94006348 -114.68148804 216.33857727
v -255.3573761 -161.57125854 40.15748215
v -255.3573761 -161.57125854 216.33857727
v -283.94006348 -114.68148804 40.15748215
usemtl Patch_806_Mat_mat1
f 1320 1321 1322
usemtl Patch_807_Mat_mat1
f 1321 1320 1323

# obj246
v -255.3573761 -161.57125854 216.33857727
v -283.26773071 -114.27165222 216.33857727
v -283.94006348 -114.68148804 216.33857727
v -254.68504333 -161.16142273 216.33857727
usemtl Patch_808_Mat_mat1
f 1324 1325 1326
usemtl Patch_809_Mat_mat1
f 1325 1324 1327

# obj247
v -254.68504333 -161.16142273 216.33857727
v -255.3573761 -161.57125854 40.15748215
v -254.68504333 -161.16142273 40.15748215
v -255.3573761 -161.57125854 216.33857727
usemtl Patch_810_Mat_mat1
f 1328 1329 1330
usemtl Patch_811_Mat_mat1
f 1329 1328 1331

# obj248
v -283.26773071 -114.27165222 40.15748215
v -255.3573761 -161.57125854 40.15748215
v -283.94006348 -114.68148804 40.15748215
v -254.68504333 -161.16142273 40.15748215
usemtl Patch_812_Mat_mat1
f 1332 1333 1334
usemtl Patch_813_Mat_mat1
f 1333 1332 1335

# obj249
v -283.94006348 -114.68148804 216.33857727
v -283.26773071 -114.27165222 40.15748215
v -283.94006348 -114.68148804 40.15748215
v -283.26773071 -114.27165222 216.33857727
usemtl Patch_814_Mat_mat1
f 1336 1337 1338
usemtl Patch_815_Mat_mat1
f 1337 1336 1339

# obj250
v -323.70077515 135.05905151 216.33857727
v -323.70077515 -139.35038757 40.15748215
v -323.70077515 -139.35038757 216.33857727
v -323.70077515 135.05905151 40.15748215
usemtl Patch_816_Mat_mat1
f 1340 1341 1342
usemtl Patch_817_Mat_mat1
f 1341 1340 1343

# obj251
v -322.91339111 -139.35038757 216.33857727
v -323.70077515 135.05905151 216.33857727
v -323.70077515 -139.35038757 216.33857727
v -322.91339111 135.05905151 216.33857727
usemtl Patch_818_Mat_mat1
f 1344 1345 1346
usemtl Patch_819_Mat_mat1
f 1345 1344 1347

# obj252
v -323.70077515 135.05905151 216.33857727
v -322.91339111 135.05905151 40.15748215
v -323.70077515 135.05905151 40.15748215
v -322.91339111 135.05905151 216.33857727
usemtl Patch_820_Mat_mat1
f 1348 1349 1350
usemtl Patch_821_Mat_mat1
f 1349 1348 1351

# obj253
v -323.70077515 135.05905151 40.15748215
v -322.91339111 -139.35038757 40.15748215
v -323.70077515 -139.35038757 40.15748215
v -322.91339111 135.05905151 40.15748215
usemtl Patch_822_Mat_mat1
f 1352 1353 1354
usemtl Patch_823_Mat_mat1
f 1353 1352 1355

# obj254
v -322.91339111 -139.35038757 216.33857727
v -323.70077515 -139.35038757 40.15748215
v -322.91339111 -139.35038757 40.15748215
v -323.70077515 -139.35038757 216.33857727
usemtl Patch_824_Mat_mat1
f 1356 1357 1358
usemtl Patch_825_Mat_mat1
f 1357 1356 1359

# obj255
v -123.7877121 182.74703979 216.33857727
v -146.58299255 132.58956909 40.15748215
v -146.58299255 132.58956909 216.33857727
v -123.7877121 182.74703979 40.15748215
usemtl Patch_826_Mat_mat1
f 1360 1361 1362
usemtl Patch_827_Mat_mat1
f 1361 1360 1363

# obj256
v -145.86613464 132.26377869 216.33857727
v -123.7877121 182.74703979 216.33857727
v -146.58299255 132.58956909 216.33857727
v -123.07086945 182.42126465 216.33857727
usemtl Patch_828_Mat_mat1
f 1364 1365 1366
usemtl Patch_829_Mat_mat1
f 1365 1364 1367

# obj257
v -145.86613464 132.26377869 216.33857727
v -146.58299255 132.58956909 40.15748215
v -145.86613464 132.26377869 40.15748215
v -146.58299255 132.58956909 216.33857727
usemtl Patch_830_Mat_mat1
f 1368 1369 1370
usemtl Patch_831_Mat_mat1
f 1369 1368 1371

# obj258
v -123.7877121 182.74703979 40.15748215
v -145.86613464 132.26377869 40.15748215
v -146.58299255 132.58956909 40.15748215
v -123.07086945 182.42126465 40.15748215
usemtl Patch_832_Mat_mat1
f 1372 1373 1374
usemtl Patch_833_Mat_mat1
f 1373 1372 1375

# obj259
v -123.7877121 182.74703979 216.33857727
v -123.07086945 182.42126465 40.15748215
v -123.7877121 182.74703979 40.15748215
v -123.07086945 182.42126465 216.33857727
usemtl Patch_834_Mat_mat1
f 1376 1377 1378
usemtl Patch_835_Mat_mat1
f 1377 1376 1379

# obj260
v -162.14775085 176.65234375 216.33857727
v -182.73829651 125.51062012 40.15748215
v -182.73829651 125.51062012 216.33857727
v -162.14775085 176.65234375 40.15748215
usemtl Patch_836_Mat_mat1
f 1380 1381 1382
usemtl Patch_837_Mat_mat1
f 1381 1380 1383

# obj261
v -182.00787354 125.21653748 216.33857727
v -162.14775085 176.65234375 216.33857727
v -182.73829651 125.51062012 216.33857727
v -161.41732788 176.35826111 216.33857727
usemtl Patch_838_Mat_mat1
f 1384 1385 1386
usemtl Patch_839_Mat_mat1
f 1385 1384 1387

# obj262
v -182.00787354 125.21653748 216.33857727
v -182.73829651 125.51062012 40.15748215
v -182.00787354 125.21653748 40.15748215
v -182.73829651 125.51062012 216.33857727
usemtl Patch_840_Mat_mat1
f 1388 1389 1390
usemtl Patch_841_Mat_mat1
f 1389 1388 1391

# obj263
v -162.14775085 176.65234375 40.15748215
v -182.00787354 125.21653748 40.15748215
v -182.73829651 125.51062012 40.15748215
v -161.41732788 176.35826111 40.15748215
usemtl Patch_842_Mat_mat1
f 1392 1393 1394
usemtl Patch_843_Mat_mat1
f 1393 1392 1395

# obj264
v -162.14775085 176.65234375 216.33857727
v -161.41732788 176.35826111 40.15748215
v -162.14775085 176.65234375 40.15748215
v -161.41732788 176.35826111 216.33857727
usemtl Patch_844_Mat_mat1
f 1396 1397 1398
usemtl Patch_845_Mat_mat1
f 1397 1396 1399

# obj265
v -212.83087158 166.85308838 216.33857727
v -236.06594849 117.79768372 40.15748215
v -236.06594849 117.79768372 216.33857727
v -212.83087158 166.85308838 40.15748215
usemtl Patch_846_Mat_mat1
f 1400 1401 1402
usemtl Patch_847_Mat_mat1
f 1401 1400 1403

# obj266
v -235.35432434 117.46063232 216.33857727
v -212.83087158 166.85308838 216.33857727
v -236.06594849 117.79768372 216.33857727
v -212.1192627 166.51603699 216.33857727
usemtl Patch_848_Mat_mat1
f 1404 1405 1406
usemtl Patch_849_Mat_mat1
f 1405 1404 1407

# obj267
v -212.83087158 166.85308838 216.33857727
v -212.1192627 166.51603699 40.15748215
v -212.83087158 166.85308838 40.15748215
v -212.1192627 166.51603699 216.33857727
usemtl Patch_850_Mat_mat1
f 1408 1409 1410
usemtl Patch_851_Mat_mat1
f 1409 1408 1411

# obj268
v -212.83087158 166.85308838 40.15748215
v -235.35432434 117.46063232 40.15748215
v -236.06594849 117.79768372 40.15748215
v -212.1192627 166.51603699 40.15748215
usemtl Patch_852_Mat_mat1
f 1412 1413 1414
usemtl Patch_853_Mat_mat1
f 1413 1412 1415

# obj269
v -235.35432434 117.46063232 216.33857727
v -236.06594849 117.79768372 40.15748215
v -235.35432434 117.46063232 40.15748215
v -236.06594849 117.79768372 216.33857727
usemtl Patch_854_Mat_mat1
f 1416 1417 1418
usemtl Patch_855_Mat_mat1
f 1417 1416 1419

# obj270
v -258.73513794 160.47718811 216.33857727
v -276.92410278 108.62678528 40.15748215
v -276.92410278 108.62678528 216.33857727
v -258.73513794 160.47718811 40.15748215
usemtl Patch_856_Mat_mat1
f 1420 1421 1422
usemtl Patch_857_Mat_mat1
f 1421 1420 1423

# obj271
v -276.18109131 108.36614227 216.33857727
v -258.73513794 160.47718811 216.33857727
v -276.92410278 108.62678528 216.33857727
v -257.99212646 160.21653748 216.33857727
usemtl Patch_858_Mat_mat1
f 1424 1425 1426
usemtl Patch_859_Mat_mat1
f 1425 1424 1427

# obj272
v -276.18109131 108.36614227 216.33857727
v -276.92410278 108.62678528 40.15748215
v -276.18109131 108.36614227 40.15748215
v -276.92410278 108.62678528 216.33857727
usemtl Patch_860_Mat_mat1
f 1428 1429 1430
usemtl Patch_861_Mat_mat1
f 1429 1428 1431

# obj273
v -258.73513794 160.47718811 40.15748215
v -276.18109131 108.36614227 40.15748215
v -276.92410278 108.62678528 40.15748215
v -257.99212646 160.21653748 40.15748215
usemtl Patch_862_Mat_mat1
f 1432 1433 1434
usemtl Patch_863_Mat_mat1
f 1433 1432 1435

# obj274
v -258.73513794 160.47718811 216.33857727
v -257.99212646 160.21653748 40.15748215
v -258.73513794 160.47718811 40.15748215
v -257.99212646 160.21653748 216.33857727
usemtl Patch_864_Mat_mat1
f 1436 1437 1438
usemtl Patch_865_Mat_mat1
f 1437 1436 1439

# obj275
v -231.3754425 -121.1614151 247.28533936
v -269.48568726 109.07480621 218.93888855
v -269.48568726 -113.56299591 218.93888855
v -231.3754425 117.30314636 247.28533936
usemtl Patch_866_Mat_mat1
f 1440 1441 1442
usemtl Patch_867_Mat_mat1
f 1441 1440 1443

# obj276
v -269.48568726 109.07480621 218.93888855
v -230.90551758 117.30314636 246.65354919
v -269.01574707 109.07480621 218.30708313
v -231.3754425 117.30314636 247.28533936
usemtl Patch_868_Mat_mat1
f 1444 1445 1446
usemtl Patch_869_Mat_mat1
f 1445 1444 1447

# obj277
v -230.90551758 117.30314636 246.65354919
v -231.3754425 -121.1614151 247.28533936
v -230.90551758 -121.1614151 246.65354919
v -231.3754425 117.30314636 247.28533936
usemtl Patch_870_Mat_mat1
f 1448 1449 1450
usemtl Patch_871_Mat_mat1
f 1449 1448 1451

# obj278
v -230.90551758 -121.1614151 246.65354919
v -269.48568726 -113.56299591 218.93888855
v -269.01574707 -113.56299591 218.30708313
v -231.3754425 -121.1614151 247.28533936
usemtl Patch_872_Mat_mat1
f 1452 1453 1454
usemtl Patch_873_Mat_mat1
f 1453 1452 1455

# obj279
v -269.48568726 -113.56299591 218.93888855
v -269.01574707 109.07480621 218.30708313
v -269.01574707 -113.56299591 218.30708313
v -269.48568726 109.07480621 218.93888855
usemtl Patch_874_Mat_mat1
f 1456 1457 1458
usemtl Patch_875_Mat_mat1
f 1457 1456 1459

# obj280
v -151.10342407 -130.88583374 251.09632874
v -205.35539246 119.46850586 223.65539551
v -205.35539246 -122.93306732 223.65539551
v -151.10342407 128.20866394 251.09632874
usemtl Patch_876_Mat_mat1
f 1460 1461 1462
usemtl Patch_877_Mat_mat1
f 1461 1460 1463

# obj281
v -205.35539246 119.46850586 223.65539551
v -150.74803162 128.20866394 250.39370728
v -205 119.46850586 222.95275879
v -151.10342407 128.20866394 251.09632874
usemtl Patch_878_Mat_mat1
f 1464 1465 1466
usemtl Patch_879_Mat_mat1
f 1465 1464 1467

# obj282
v -150.74803162 128.20866394 250.39370728
v -151.10342407 -130.88583374 251.09632874
v -150.74803162 -130.88583374 250.39370728
v -151.10342407 128.20866394 251.09632874
usemtl Patch_880_Mat_mat1
f 1468 1469 1470
usemtl Patch_881_Mat_mat1
f 1469 1468 1471

# obj283
v -150.74803162 -130.88583374 250.39370728
v -205.35539246 -122.93306732 223.65539551
v -205 -122.93306732 222.95275879
v -151.10342407 -130.88583374 251.09632874
usemtl Patch_882_Mat_mat1
f 1472 1473 1474
usemtl Patch_883_Mat_mat1
f 1473 1472 1475

# obj284
v -205.35539246 -122.93306732 223.65539551
v -205 119.46850586 222.95275879
v -205 -122.93306732 222.95275879
v -205.35539246 119.46850586 223.65539551
usemtl Patch_884_Mat_mat1
f 1476 1477 1478
usemtl Patch_885_Mat_mat1
f 1477 1476 1479

# obj285
v 623.93701172 -195.21653748 182.6771698
v 519.37005615 -195.21653748 156.88977051
v 623.93701172 -195.21653748 156.88977051
v 304.05511475 -195.21653748 156.88977051
v 239.80314636 -195.21653748 156.88977051
v 24.68503952 -195.21653748 156.88977051
v -29.29133797 -195.21653748 156.88977051
v -27.32283401 -195.21653748 156.88977051
v -29.29133797 -195.21653748 182.6771698
usemtl Patch_886_Mat_mat0
f 1480 1481 1482
usemtl Patch_887_Mat_mat0
f 1481 1480 1483
usemtl Patch_888_Mat_mat0
f 1483 1480 1484
usemtl Patch_889_Mat_mat0
f 1484 1480 1485
usemtl Patch_890_Mat_mat0
f 1486 1485 1488
usemtl Patch_891_Mat_mat0
f 1488 1485 1480

# obj286
v -29.29133797 -180.21653748 182.6771698
v -29.29133797 -195.21653748 156.88977051
v -29.29133797 -195.21653748 182.6771698
v -29.29133797 -180.21653748 156.88977051
usemtl Patch_892_Mat_mat3
f 1489 1490 1491
usemtl Patch_893_Mat_mat3
f 1490 1489 1492

# obj287
v -87.08661652 175.84645081 182.6771698
v -29.29133797 175.84645081 156.88977051
v -87.08661652 175.84645081 156.88977051
v -29.29133797 175.84645081 182.6771698
usemtl Patch_894_Mat_mat3
f 1493 1494 1495
usemtl Patch_895_Mat_mat3
f 1494 1493 1496

# obj288
v -29.29133797 193.40551758 182.6771698
v -29.29133797 175.84645081 156.88977051
v -29.29133797 175.84645081 182.6771698
v -29.29133797 193.40551758 156.88977051
usemtl Patch_896_Mat_mat3
f 1497 1498 1499
usemtl Patch_897_Mat_mat3
f 1498 1497 1500

# obj289
v 623.93701172 193.40551758 156.88977051
v 623.93701172 -195.21653748 182.6771698
v 623.93701172 -195.21653748 156.88977051
v 623.93701172 191.43701172 182.6771698
v 623.93701172 193.40551758 182.6771698
usemtl Patch_898_Mat_mat0
f 1501 1502 1503
usemtl Patch_899_Mat_mat0
f 1502 1501 1504
usemtl Patch_900_Mat_mat0
f 1504 1501 1505

# obj290
v -29.29133797 193.40551758 182.6771698
v 22.99212646 193.40551758 156.88977051
v -29.29133797 193.40551758 156.88977051
v 237.87400818 193.40551758 156.88977051
v 302.08660889 193.40551758 156.88977051
v 517.67718506 193.40551758 156.88977051
v 623.93701172 193.40551758 156.88977051
v 623.93701172 193.40551758 182.6771698
v 621.96850586 193.40551758 182.6771698
usemtl Patch_901_Mat_mat0
f 1506 1507 1508
usemtl Patch_902_Mat_mat0
f 1507 1506 1509
usemtl Patch_903_Mat_mat0
f 1509 1506 1510
usemtl Patch_904_Mat_mat0
f 1510 1506 1511
usemtl Patch_905_Mat_mat0
f 1511 1506 1512
usemtl Patch_906_Mat_mat0
f 1512 1506 1513

# obj291
v -87.08661652 -180.21653748 182.6771698
v -29.29133797 -180.21653748 156.88977051
v -87.08661652 -180.21653748 156.88977051
v -29.29133797 -180.21653748 182.6771698
usemtl Patch_907_Mat_mat3
f 1515 1516 1517
usemtl Patch_908_Mat_mat3
f 1516 1515 1518

# obj292
v -27.32283401 -178.24803162 140.5118103
v -27.32283401 -193.24803162 156.88977051
v -27.32283401 -193.24803162 140.5118103
v -27.32283401 -193.24803162 182.6771698
v -27.32283401 -178.24803162 182.6771698
usemtl Patch_909_Mat_mat2
f 1519 1520 1521
usemtl Patch_910_Mat_mat2
f 1520 1519 1522
usemtl Patch_911_Mat_mat2
f 1522 1519 1523

# obj293
v 575.19683838 225.45275879 265.55117798
v 615.39367676 -227.89370728 265.55117798
v 575.19683838 -227.89370728 265.55117798
v 615.39367676 225.45275879 265.55117798
v 729.64569092 -245.49212646 265.55117798
v 615.39367676 -245.49212646 265.55117798
v 615.39367676 260.21652222 265.55117798
v 729.64569092 260.21652222 265.55117798
usemtl Patch_912_Mat_mat2
f 1524 1525 1526
usemtl Patch_913_Mat_mat2
f 1525 1524 1527
usemtl Patch_914_Mat_mat2
f 1525 1528 1529
usemtl Patch_915_Mat_mat2
f 1528 1525 1527
usemtl Patch_916_Mat_mat2
f 1528 1527 1530
usemtl Patch_917_Mat_mat2
f 1528 1530 1531

# obj294
v 615.39367676 225.45275879 265.55117798
v 575.19683838 225.45275879 156.88977051
v 615.39367676 225.45275879 156.88977051
v 575.19683838 225.45275879 265.55117798
usemtl Patch_918_Mat_mat0
f 1532 1533 1534
usemtl Patch_919_Mat_mat0
f 1533 1532 1535

# obj295
v 615.39367676 260.21652222 156.88977051
v 615.39367676 225.45275879 265.55117798
v 615.39367676 225.45275879 156.88977051
v 615.39367676 260.21652222 265.55117798
usemtl Patch_920_Mat_mat0
f 1536 1537 1538
usemtl Patch_921_Mat_mat0
f 1537 1536 1539

# obj296
v 615.39367676 -245.49212646 265.55117798
v 639.01574707 -245.49212646 163.1889801
v 615.39367676 -245.49212646 163.1889801
v 729.64569092 -245.49212646 156.88977051
v 639.01574707 -245.49212646 156.88977051
v 729.64569092 -245.49212646 265.55117798
usemtl Patch_922_Mat_mat0
f 1540 1541 1542
usemtl Patch_923_Mat_mat0
f 1541 1543 1544
usemtl Patch_924_Mat_mat0
f 1543 1541 1545
usemtl Patch_925_Mat_mat0
f 1545 1541 1540

# obj297
v 575.19683838 -227.89370728 265.55117798
v 615.39367676 -227.89370728 156.88977051
v 575.19683838 -227.89370728 156.88977051
v 615.39367676 -227.89370728 163.1889801
v 615.39367676 -227.89370728 265.55117798
usemtl Patch_926_Mat_mat0
f 1546 1547 1548
usemtl Patch_927_Mat_mat0
f 1547 1546 1549
usemtl Patch_928_Mat_mat0
f 1549 1546 1550

# obj298
v 205.52656555 -261.16140747 326.67556763
v -402.0718689 -253.60235596 326.67556763
v -402.0718689 -261.16140747 326.67556763
v 677.9675293 -253.60235596 326.67556763
v 677.9675293 -261.16140747 326.67556763
usemtl Patch_929_Mat_mat2
f 1551 1552 1553
usemtl Patch_930_Mat_mat2
f 1552 1551 1554
usemtl Patch_931_Mat_mat2
f 1554 1551 1555

# obj299
v -402.0718689 -253.60235596 326.67556763
v -37.24409485 -253.60235596 304.2989502
v -402.0718689 -253.60235596 304.2989502
v 575.19683838 -253.60235596 304.2989502
v 575.60528564 -253.60235596 304.2989502
v 677.9675293 -253.60235596 267.62045288
v 575.60528564 -253.60235596 267.62045288
v 677.9675293 -253.60235596 326.67556763
v 575.19683838 -253.60235596 300.75564575
v -37.24409485 -253.60235596 300.75564575
usemtl Patch_932_Mat_mat2
f 1556 1557 1558
usemtl Patch_933_Mat_mat2
f 1557 1556 1559
usemtl Patch_934_Mat_mat2
f 1559 1556 1560
usemtl Patch_935_Mat_mat2
f 1560 1561 1562
usemtl Patch_936_Mat_mat2
f 1561 1560 1563
usemtl Patch_937_Mat_mat2
f 1563 1560 1556
usemtl Patch_938_Mat_mat2
f 1557 1564 1565
usemtl Patch_939_Mat_mat2
f 1564 1557 1559

# obj300
v 205.52656555 -261.16140747 475.49447632
v 205.52656555 -261.16140747 326.67556763
v -402.0718689 -261.16140747 326.67556763
usemtl Patch_940_Mat_mat2
f 1566 1567 1568

# obj301
v 677.9675293 273.99606323 326.67556763
v 575.60528564 273.99606323 267.62045288
v 677.9675293 273.99606323 267.62045288
v 575.60528564 273.99606323 304.2989502
v 575.19683838 273.99606323 304.2989502
v -37.24409485 273.99606323 304.2989502
v -402.0718689 273.99606323 304.2989502
v -402.0718689 273.99606323 326.67556763
v -37.24409485 273.99606323 300.75564575
v 575.19683838 273.99606323 300.75564575
usemtl Patch_941_Mat_mat2
f 1569 1570 1571
usemtl Patch_942_Mat_mat2
f 1570 1569 1572
usemtl Patch_943_Mat_mat2
f 1572 1569 1573
usemtl Patch_944_Mat_mat2
f 1573 1569 1574
usemtl Patch_945_Mat_mat2
f 1574 1569 1575
usemtl Patch_946_Mat_mat2
f 1575 1569 1576
usemtl Patch_947_Mat_mat2
f 1573 1577 1578
usemtl Patch_948_Mat_mat2
f 1577 1573 1574

# obj302
v 677.9675293 273.99606323 326.67556763
v -402.0718689 281.55511475 326.67556763
v -402.0718689 273.99606323 326.67556763
v 205.52656555 281.55511475 326.67556763
v 677.9675293 281.55511475 326.67556763
usemtl Patch_949_Mat_mat2
f 1579 1580 1581
usemtl Patch_950_Mat_mat2
f 1580 1579 1582
usemtl Patch_951_Mat_mat2
f 1582 1579 1583

# obj303
v 205.52656555 281.55511475 475.49447632
v -402.0718689 281.55511475 326.67556763
v 205.52656555 281.55511475 326.67556763
usemtl Patch_952_Mat_mat2
f 1584 1585 1586

# obj304
v 205.52656555 281.55511475 475.49447632
v 205.52656555 281.55511475 326.67556763
v 677.9675293 281.55511475 326.67556763
usemtl Patch_953_Mat_mat2
f 1587 1588 1589

# obj305
v 205.52656555 281.55511475 475.49447632
v 677.9675293 -261.16140747 326.67556763
v 205.52656555 -261.16140747 475.49447632
v 677.9675293 273.99606323 326.67556763
v 677.9675293 281.55511475 326.67556763
v 677.9675293 -253.60235596 326.67556763
usemtl Patch_954_Mat_mat2
f 1590 1591 1592
usemtl Patch_955_Mat_mat2
f 1591 1590 1593
usemtl Patch_956_Mat_mat2
f 1593 1590 1594

# obj306
v -402.0718689 273.99606323 304.2989502
v -402.0718689 -253.60235596 326.67556763
v -402.0718689 -253.60235596 304.2989502
v -402.0718689 273.99606323 326.67556763
usemtl Patch_957_Mat_mat2
f 1596 1597 1598
usemtl Patch_958_Mat_mat2
f 1597 1596 1599

# obj307
v 677.9675293 273.99606323 326.67556763
v 677.9675293 -253.60235596 267.62045288
v 677.9675293 -253.60235596 326.67556763
v 677.9675293 273.99606323 267.62045288
usemtl Patch_959_Mat_mat2
f 1600 1601 1602
usemtl Patch_960_Mat_mat2
f 1601 1600 1603

# obj308
v 677.9675293 -253.60235596 267.62045288
v 575.60528564 273.99606323 267.62045288
v 575.60528564 -253.60235596 267.62045288
v 677.9675293 273.99606323 267.62045288
usemtl Patch_961_Mat_mat2
f 1604 1605 1606
usemtl Patch_962_Mat_mat2
f 1605 1604 1607

# obj309
v 205.52656555 -261.16140747 475.49447632
v 677.9675293 -261.16140747 326.67556763
v 205.52656555 -261.16140747 326.67556763
usemtl Patch_963_Mat_mat2
f 1608 1609 1610

# obj310
v -102.83464813 -178.24803162 230
v -102.83464813 -221.9881897 39.37007904
v -102.83464813 -221.9881897 230
v -102.83464813 -178.24803162 39.37007904
usemtl Patch_964_Mat_mat1
f 1611 1612 1613
usemtl Patch_965_Mat_mat1
f 1612 1611 1614

# obj311
v -89.10080719 173.87796021 230
v -87.08661652 -178.24803162 230
v -89.10080719 -178.24803162 230
v -87.08661652 173.87796021 230
usemtl Patch_966_Mat_mat3
f 1615 1616 1617
usemtl Patch_967_Mat_mat3
f 1616 1615 1618

# obj312
v -89.10080719 173.85195923 304.2989502
v -89.10080719 -178.24803162 230
v -89.10080719 -178.24803162 304.2989502
v -89.10080719 173.87796021 230
usemtl Patch_968_Mat_mat1
f 1619 1620 1621
usemtl Patch_969_Mat_mat1
f 1620 1619 1622

# obj313
v -102.83464813 -178.24803162 304.2989502
v -89.10080719 -178.24803162 230
v -102.83464813 -178.24803162 230
v -89.10080719 -178.24803162 304.2989502
usemtl Patch_970_Mat_mat1
f 1623 1624 1625
usemtl Patch_971_Mat_mat1
f 1624 1623 1626

# obj314
v -102.83464813 -178.24803162 304.2989502
v -102.83464813 -221.9881897 230
v -102.83464813 -222.01419067 304.2989502
v -102.83464813 -178.24803162 230
usemtl Patch_972_Mat_mat1
f 1627 1628 1629
usemtl Patch_973_Mat_mat1
f 1628 1627 1630

# obj315
v -89.10080719 173.85195923 304.2989502
v -102.83464813 173.87796021 230
v -89.10080719 173.87796021 230
v -102.88033295 173.85195923 304.2989502
usemtl Patch_974_Mat_mat1
f 1631 1632 1633
usemtl Patch_975_Mat_mat1
f 1632 1631 1634

# obj316
v -102.83464813 220.09841919 230
v -102.83464813 173.87796021 39.37007904
v -102.83464813 173.87796021 230
v -102.83464813 220.09841919 39.37007904
usemtl Patch_976_Mat_mat1
f 1635 1636 1637
usemtl Patch_977_Mat_mat1
f 1636 1635 1638

# obj317
v -102.88033295 220.07243347 304.2989502
v -102.83464813 173.87796021 230
v -102.88033295 173.85195923 304.2989502
v -102.83464813 220.09841919 230
usemtl Patch_978_Mat_mat1
f 1639 1640 1641
usemtl Patch_979_Mat_mat1
f 1640 1639 1642

# obj318
v -343.01675415 -222.01419067 304.2989502
v -102.83464813 -221.9881897 230
v -343.01675415 -221.9881897 230
v -102.83464813 -222.01419067 304.2989502
usemtl Patch_980_Mat_mat1
f 1643 1644 1645
usemtl Patch_981_Mat_mat1
f 1644 1643 1646

# obj319
v -102.88033295 220.07243347 304.2989502
v -343.01675415 220.09841919 230
v -102.83464813 220.09841919 230
v -343.01675415 220.07243347 304.2989502
usemtl Patch_982_Mat_mat1
f 1647 1648 1649
usemtl Patch_983_Mat_mat1
f 1648 1647 1650

# obj320
v -102.83464813 220.09841919 230
v -402.04724121 220.09841919 39.37007904
v -102.83464813 220.09841919 39.37007904
v -402.04724121 220.09841919 230
v -343.01675415 220.09841919 230
usemtl Patch_984_Mat_mat1
f 1651 1652 1653
usemtl Patch_985_Mat_mat1
f 1652 1651 1654

# obj321
v -402.04724121 -221.9881897 230
v -102.83464813 -221.9881897 39.37007904
v -402.04724121 -221.9881897 39.37007904
v -102.83464813 -221.9881897 230
v -343.01675415 -221.9881897 230
usemtl Patch_986_Mat_mat1
f 1656 1657 1658
usemtl Patch_987_Mat_mat1
f 1657 1656 1659

# obj322
v -343.01675415 -221.9881897 230
v -343.01675415 220.07243347 304.2989502
v -343.01675415 -222.01419067 304.2989502
v -343.01675415 220.09841919 230
usemtl Patch_988_Mat_mat1
f 1661 1662 1663
usemtl Patch_989_Mat_mat1
f 1662 1661 1664

# obj323
v -402.04724121 220.09841919 230
v -343.01675415 -221.9881897 230
v -402.04724121 -221.9881897 230
v -343.01675415 220.09841919 230
usemtl Patch_990_Mat_mat1
f 1665 1666 1667
usemtl Patch_991_Mat_mat1
f 1666 1665 1668

# obj324
v -402.04724121 220.09841919 39.37007904
v -402.04724121 -221.9881897 230
v -402.04724121 -221.9881897 39.37007904
v -402.04724121 220.09841919 230
usemtl Patch_992_Mat_mat1
f 1669 1670 1671
usemtl Patch_993_Mat_mat1
f 1670 1669 1672

# obj325
v -402.0718689 -253.60235596 326.67556763
v 205.52656555 -261.16140747 475.49447632
v -402.0718689 -261.16140747 326.67556763
v -402.0718689 273.99606323 326.67556763
v -402.0718689 281.55511475 326.67556763
v 205.52656555 281.55511475 475.49447632
usemtl Patch_994_Mat_mat2
f 1673 1674 1675
usemtl Patch_995_Mat_mat2
f 1674 1673 1676
usemtl Patch_996_Mat_mat2
f 1674 1676 1677
usemtl Patch_997_Mat_mat2
f 1674 1677 1678

# obj326
v 7.63779545 -220.01968384 300.19683838
v 32.04724503 -227.89370728 289.8425293
v 7.63779545 -227.89370728 289.8425293
v 32.04724503 -220.01968384 300.19683838
usemtl Patch_998_Mat_mat2
f 1679 1680 1681
usemtl Patch_999_Mat_mat2
f 1680 1679 1682

# obj327
v 169.92126465 -227.89370728 265.55117798
v 239.80314636 -227.89370728 265.55117798
v 233.89764404 -227.89370728 265.55117798
v 304.05511475 -227.89370728 265.55117798
v 309.96063232 -227.89370728 265.55117798
v 374.25198364 -227.89370728 265.55117798
v 380.1574707 -227.89370728 265.55117798
v 443.97637939 -227.89370728 265.55117798
v 449.88189697 -227.89370728 265.55117798
v 513.46453857 -227.89370728 265.55117798
v 519.37005615 -227.89370728 265.55117798
v -37.24409485 -227.89370728 289.8425293
v 24.68503952 -227.89370728 265.55117798
v -37.24409485 -227.89370728 265.55117798
v 30.59055138 -227.89370728 265.55117798
v 164.01574707 -227.89370728 265.55117798
v 575.19683838 -227.89370728 289.8425293
v 575.19683838 -227.89370728 265.55117798
v -15.19685078 -227.89370728 289.8425293
v 7.63779545 -227.89370728 289.8425293
v 32.04724503 -227.89370728 289.8425293
v 76.53543091 -227.89370728 289.8425293
v 101.3385849 -227.89370728 289.8425293
v 145.82676697 -227.89370728 289.8425293
v 170.62992859 -227.89370728 289.8425293
v 215.11810303 -227.89370728 289.8425293
v 239.92126465 -227.89370728 289.8425293
v 284.40945435 -227.89370728 289.8425293
v 309.21258545 -227.89370728 289.8425293
v 353.70077515 -227.89370728 289.8425293
v 378.50393677 -227.89370728 289.8425293
v 422.99212646 -227.89370728 289.8425293
v 447.79528809 -227.89370728 289.8425293
v 492.28347778 -227.89370728 289.8425293
v 100.5118103 -227.89370728 265.55117798
v 94.60630035 -227.89370728 265.55117798
usemtl Patch_1000_Mat_mat2
f 1694 1695 1696
usemtl Patch_1001_Mat_mat2
f 1695 1694 1697
usemtl Patch_1002_Mat_mat2
f 1697 1694 1698
usemtl Patch_1003_Mat_mat2
f 1698 1694 1683
usemtl Patch_1004_Mat_mat2
f 1693 1699 1700
usemtl Patch_1005_Mat_mat2
f 1699 1693 1683
usemtl Patch_1006_Mat_mat2
f 1699 1683 1694

# obj328
v 145.82676697 -220.01968384 300.19683838
v 170.62992859 -227.89370728 289.8425293
v 145.82676697 -227.89370728 289.8425293
v 170.62992859 -220.01968384 300.19683838
usemtl Patch_1007_Mat_mat2
f 1719 1720 1721
usemtl Patch_1008_Mat_mat2
f 1720 1719 1722

# obj329
v 284.40945435 -220.01968384 300.19683838
v 309.21258545 -227.89370728 289.8425293
v 284.40945435 -227.89370728 289.8425293
v 309.21258545 -220.01968384 300.19683838
usemtl Patch_1009_Mat_mat2
f 1723 1724 1725
usemtl Patch_1010_Mat_mat2
f 1724 1723 1726

# obj330
v 215.11810303 -220.01968384 300.19683838
v 239.92126465 -227.89370728 289.8425293
v 215.11810303 -227.89370728 289.8425293
v 239.92126465 -220.01968384 300.19683838
usemtl Patch_1011_Mat_mat2
f 1727 1728 1729
usemtl Patch_1012_Mat_mat2
f 1728 1727 1730

# obj331
v 422.99212646 -220.01968384 300.19683838
v 447.79528809 -227.89370728 289.8425293
v 422.99212646 -227.89370728 289.8425293
v 447.79528809 -220.01968384 300.19683838
usemtl Patch_1013_Mat_mat2
f 1731 1732 1733
usemtl Patch_1014_Mat_mat2
f 1732 1731 1734

# obj332
v 353.70077515 -220.01968384 300.19683838
v 378.50393677 -227.89370728 289.8425293
v 353.70077515 -227.89370728 289.8425293
v 378.50393677 -220.01968384 300.19683838
usemtl Patch_1015_Mat_mat2
f 1735 1736 1737
usemtl Patch_1016_Mat_mat2
f 1736 1735 1738

# obj333
v 492.28347778 -220.01968384 300.19683838
v 575.19683838 -227.89370728 289.8425293
v 492.28347778 -227.89370728 289.8425293
v 567.32281494 -220.01968384 300.19683838
usemtl Patch_1017_Mat_mat2
f 1739 1740 1741
usemtl Patch_1018_Mat_mat2
f 1740 1739 1742

# obj334
v 567.32281494 -125.13779449 300.19683838
v 575.19683838 -80.6496048 289.8425293
v 575.19683838 -125.13779449 289.8425293
v 567.32281494 -80.6496048 300.19683838
usemtl Patch_1019_Mat_mat2
f 1743 1744 1745
usemtl Patch_1020_Mat_mat2
f 1744 1743 1746

# obj335
v 567.32281494 -36.16141891 300.19683838
v 575.19683838 35.09842682 289.8425293
v 575.19683838 -36.16141891 289.8425293
v 567.32281494 35.09842682 300.19683838
usemtl Patch_1021_Mat_mat2
f 1747 1748 1749
usemtl Patch_1022_Mat_mat2
f 1748 1747 1750

# obj336
v 567.32281494 168.56298828 300.19683838
v 575.19683838 225.45275879 289.8425293
v 575.19683838 168.56298828 289.8425293
v 567.32281494 217.57873535 300.19683838
usemtl Patch_1023_Mat_mat2
f 1751 1752 1753
usemtl Patch_1024_Mat_mat2
f 1752 1751 1754

# obj337
v 567.32281494 217.57873535 300.19683838
v 493.70077515 225.45275879 289.8425293
v 575.19683838 225.45275879 289.8425293
v 493.70077515 217.57873535 300.19683838
usemtl Patch_1025_Mat_mat2
f 1755 1756 1757
usemtl Patch_1026_Mat_mat2
f 1756 1755 1758

# obj338
v 449.21258545 217.57873535 300.19683838
v 424.40945435 225.45275879 289.8425293
v 449.21258545 225.45275879 289.8425293
v 424.40945435 217.57873535 300.19683838
usemtl Patch_1027_Mat_mat2
f 1759 1760 1761
usemtl Patch_1028_Mat_mat2
f 1760 1759 1762

# obj339
v 379.92126465 217.57873535 300.19683838
v 355.11810303 225.45275879 289.8425293
v 379.92126465 225.45275879 289.8425293
v 355.11810303 217.57873535 300.19683838
usemtl Patch_1029_Mat_mat2
f 1763 1764 1765
usemtl Patch_1030_Mat_mat2
f 1764 1763 1766

# obj340
v 310.62991333 217.57873535 300.19683838
v 285.82678223 225.45275879 289.8425293
v 310.62991333 225.45275879 289.8425293
v 285.82678223 217.57873535 300.19683838
usemtl Patch_1031_Mat_mat2
f 1767 1768 1769
usemtl Patch_1032_Mat_mat2
f 1768 1767 1770

# obj341
v 241.33857727 217.57873535 300.19683838
v 216.53543091 225.45275879 289.8425293
v 241.33857727 225.45275879 289.8425293
v 216.53543091 217.57873535 300.19683838
usemtl Patch_1033_Mat_mat2
f 1771 1772 1773
usemtl Patch_1034_Mat_mat2
f 1772 1771 1774

# obj342
v 172.04724121 217.57873535 300.19683838
v 147.24409485 225.45275879 289.8425293
v 172.04724121 225.45275879 289.8425293
v 147.24409485 217.57873535 300.19683838
usemtl Patch_1035_Mat_mat2
f 1775 1776 1777
usemtl Patch_1036_Mat_mat2
f 1776 1775 1778

# obj343
v 102.75590515 217.57873535 300.19683838
v 77.95275879 225.45275879 289.8425293
v 102.75590515 225.45275879 289.8425293
v 77.95275879 217.57873535 300.19683838
usemtl Patch_1037_Mat_mat2
f 1779 1780 1781
usemtl Patch_1038_Mat_mat2
f 1780 1779 1782

# obj344
v 33.46456528 217.57873535 300.19683838
v -37.24409485 225.45275879 289.8425293
v 33.46456528 225.45275879 289.8425293
v -29.37007904 217.57873535 300.19683838
usemtl Patch_1039_Mat_mat2
f 1783 1784 1785
usemtl Patch_1040_Mat_mat2
f 1784 1783 1786

# obj345
v 575.60528564 -253.60235596 304.2989502
v 575.19683838 -227.89370728 304.2989502
v 575.19683838 -253.60235596 304.2989502
v 575.19683838 273.99606323 304.2989502
v 575.60528564 273.99606323 304.2989502
usemtl Patch_1041_Mat_mat2
f 1787 1788 1789
usemtl Patch_1042_Mat_mat2
f 1788 1787 1790
usemtl Patch_1043_Mat_mat2
f 1790 1787 1791

# obj346
v -89.10080719 173.85195923 304.2989502
v -102.88033295 220.07243347 304.2989502
v -102.88033295 173.85195923 304.2989502
v -402.0718689 -253.60235596 304.2989502
v -343.01675415 -222.01419067 304.2989502
v -402.0718689 273.99606323 304.2989502
v -37.24409485 -253.60235596 304.2989502
v -102.83464813 -222.01419067 304.2989502
v -102.83464813 -178.24803162 304.2989502
v -89.10080719 -178.24803162 304.2989502
v -343.01675415 220.07243347 304.2989502
v -37.24409485 273.99606323 304.2989502
v -37.24409485 -227.89370728 304.2989502
v -37.24409485 225.45275879 304.2989502
usemtl Patch_1044_Mat_mat2
f 1792 1793 1794
usemtl Patch_1045_Mat_mat2
f 1795 1796 1797
usemtl Patch_1046_Mat_mat2
f 1796 1795 1798
usemtl Patch_1047_Mat_mat2
f 1796 1798 1799
usemtl Patch_1048_Mat_mat2
f 1799 1798 1800
usemtl Patch_1049_Mat_mat2
f 1800 1798 1801
usemtl Patch_1050_Mat_mat2
f 1801 1798 1792
usemtl Patch_1051_Mat_mat2
f 1797 1802 1803
usemtl Patch_1052_Mat_mat2
f 1802 1797 1796
usemtl Patch_1053_Mat_mat2
f 1803 1802 1793
usemtl Patch_1054_Mat_mat2
f 1803 1793 1792
usemtl Patch_1055_Mat_mat2
f 1803 1792 1804
usemtl Patch_1056_Mat_mat2
f 1804 1792 1798

# obj347
v -37.24409485 225.45275879 300.75564575
v -37.24409485 -227.89370728 304.2989502
v -37.24409485 -227.89370728 300.75564575
v -37.24409485 225.45275879 304.2989502
usemtl Patch_1057_Mat_mat2
f 1806 1807 1808
usemtl Patch_1058_Mat_mat2
f 1807 1806 1809

# obj348
v -37.24409485 273.99606323 300.75564575
v -37.24409485 225.45275879 304.2989502
v -37.24409485 225.45275879 300.75564575
v -37.24409485 273.99606323 304.2989502
usemtl Patch_1059_Mat_mat2
f 1810 1811 1812
usemtl Patch_1060_Mat_mat2
f 1811 1810 1813

# obj349
v 575.19683838 273.99606323 304.2989502
v 575.19683838 -227.89370728 300.75564575
v 575.19683838 -227.89370728 304.2989502
v 575.19683838 -169.62599182 300.75564575
v 575.19683838 -125.13779449 300.75564575
v 575.19683838 -80.6496048 300.75564575
v 575.19683838 -36.16141891 300.75564575
v 575.19683838 35.09842682 300.75564575
v 575.19683838 79.58661652 300.75564575
v 575.19683838 124.07480621 300.75564575
v 575.19683838 168.56298828 300.75564575
v 575.19683838 273.99606323 300.75564575
usemtl Patch_1061_Mat_mat2
f 1814 1815 1816
usemtl Patch_1062_Mat_mat2
f 1815 1814 1817
usemtl Patch_1063_Mat_mat2
f 1817 1814 1818
usemtl Patch_1064_Mat_mat2
f 1818 1814 1819
usemtl Patch_1065_Mat_mat2
f 1819 1814 1820
usemtl Patch_1066_Mat_mat2
f 1820 1814 1821
usemtl Patch_1067_Mat_mat2
f 1821 1814 1822
usemtl Patch_1068_Mat_mat2
f 1822 1814 1823
usemtl Patch_1069_Mat_mat2
f 1823 1814 1824
usemtl Patch_1070_Mat_mat2
f 1824 1814 1825

# obj350
v 575.19683838 -227.89370728 304.2989502
v 575.19683838 -253.60235596 300.75564575
v 575.19683838 -253.60235596 304.2989502
v 575.19683838 -227.89370728 300.75564575
usemtl Patch_1071_Mat_mat3
f 1826 1827 1828
usemtl Patch_1072_Mat_mat3
f 1827 1826 1829

# obj351
v -37.24409485 -227.89370728 300.75564575
v -37.24409485 -253.60235596 304.2989502
v -37.24409485 -253.60235596 300.75564575
v -37.24409485 -227.89370728 304.2989502
usemtl Patch_1073_Mat_mat2
f 1830 1831 1832
usemtl Patch_1074_Mat_mat2
f 1831 1830 1833

# obj352
v -15.19685078 -227.89370728 289.8425293
v -15.19685078 -227.84762573 300.75564575
v -15.19685078 -235.72163391 300.75564575
v -15.19685078 -220.01968384 300.19683838
v -15.19685078 -220.01968384 300.75564575
usemtl Patch_1075_Mat_mat2
f 1834 1835 1836
usemtl Patch_1076_Mat_mat2
f 1835 1834 1837
usemtl Patch_1077_Mat_mat2
f 1835 1837 1838

# obj353
v 7.63779545 -220.01968384 300.75564575
v 7.63779545 -227.89370728 289.8425293
v 7.63779545 -235.72163391 300.75564575
v 7.63779545 -220.01968384 300.19683838
usemtl Patch_1078_Mat_mat3
f 1839 1840 1841
usemtl Patch_1079_Mat_mat3
f 1840 1839 1842

# obj354
v 7.63779545 -220.01968384 300.75564575
v -15.19685078 -220.01968384 300.19683838
v 7.63779545 -220.01968384 300.19683838
v -15.19685078 -220.01968384 300.75564575
usemtl Patch_1080_Mat_mat2
f 1843 1844 1845
usemtl Patch_1081_Mat_mat2
f 1844 1843 1846

# obj355
v -15.19685078 -235.72163391 300.75564575
v 7.63779545 -227.89370728 289.8425293
v -15.19685078 -227.89370728 289.8425293
v 7.63779545 -235.72163391 300.75564575
usemtl Patch_1082_Mat_mat2
f 1847 1848 1849
usemtl Patch_1083_Mat_mat2
f 1848 1847 1850

# obj356
v 32.04724503 -227.89370728 289.8425293
v 32.04724503 -220.01968384 300.75564575
v 32.04724503 -235.76771545 300.75564575
v 32.04724503 -220.01968384 300.19683838
usemtl Patch_1084_Mat_mat2
f 1851 1852 1853
usemtl Patch_1085_Mat_mat2
f 1852 1851 1854

# obj357
v 32.04724503 -235.76771545 300.75564575
v 76.53543091 -227.89370728 289.8425293
v 32.04724503 -227.89370728 289.8425293
v 76.53543091 -235.76771545 300.75564575
usemtl Patch_1086_Mat_mat2
f 1855 1856 1857
usemtl Patch_1087_Mat_mat2
f 1856 1855 1858

# obj358
v 101.3385849 -227.89370728 289.8425293
v 101.3385849 -220.01968384 300.75564575
v 101.3385849 -235.76771545 300.75564575
v 101.3385849 -220.01968384 300.19683838
usemtl Patch_1088_Mat_mat2
f 1859 1860 1861
usemtl Patch_1089_Mat_mat2
f 1860 1859 1862

# obj359
v 215.11810303 -220.01968384 300.75564575
v 170.62992859 -220.01968384 300.19683838
v 215.11810303 -220.01968384 300.19683838
v 170.62992859 -220.01968384 300.75564575
usemtl Patch_1090_Mat_mat2
f 1863 1864 1865
usemtl Patch_1091_Mat_mat2
f 1864 1863 1866

# obj360
v 170.62992859 -227.89370728 289.8425293
v 170.62992859 -220.01968384 300.75564575
v 170.62992859 -235.76771545 300.75564575
v 170.62992859 -220.01968384 300.19683838
usemtl Patch_1092_Mat_mat2
f 1867 1868 1869
usemtl Patch_1093_Mat_mat2
f 1868 1867 1870

# obj361
v 215.11810303 -220.01968384 300.75564575
v 215.11810303 -227.89370728 289.8425293
v 215.11810303 -235.76771545 300.75564575
v 215.11810303 -220.01968384 300.19683838
usemtl Patch_1094_Mat_mat2
f 1871 1872 1873
usemtl Patch_1095_Mat_mat2
f 1872 1871 1874

# obj362
v 170.62992859 -235.76771545 300.75564575
v 215.11810303 -227.89370728 289.8425293
v 170.62992859 -227.89370728 289.8425293
v 215.11810303 -235.76771545 300.75564575
usemtl Patch_1096_Mat_mat2
f 1875 1876 1877
usemtl Patch_1097_Mat_mat2
f 1876 1875 1878

# obj363
v 239.92126465 -227.89370728 289.8425293
v 239.92126465 -220.01968384 300.75564575
v 239.92126465 -235.76771545 300.75564575
v 239.92126465 -220.01968384 300.19683838
usemtl Patch_1098_Mat_mat2
f 1879 1880 1881
usemtl Patch_1099_Mat_mat2
f 1880 1879 1882

# obj364
v 239.92126465 -235.76771545 300.75564575
v 284.40945435 -227.89370728 289.8425293
v 239.92126465 -227.89370728 289.8425293
v 284.40945435 -235.76771545 300.75564575
usemtl Patch_1100_Mat_mat2
f 1883 1884 1885
usemtl Patch_1101_Mat_mat2
f 1884 1883 1886

# obj365
v 353.70077515 -220.01968384 300.75564575
v 309.21258545 -220.01968384 300.19683838
v 353.70077515 -220.01968384 300.19683838
v 309.21258545 -220.01968384 300.75564575
usemtl Patch_1102_Mat_mat2
f 1887 1888 1889
usemtl Patch_1103_Mat_mat2
f 1888 1887 1890

# obj366
v 353.70077515 -220.01968384 300.75564575
v 353.70077515 -227.89370728 289.8425293
v 353.70077515 -235.76771545 300.75564575
v 353.70077515 -220.01968384 300.19683838
usemtl Patch_1104_Mat_mat2
f 1891 1892 1893
usemtl Patch_1105_Mat_mat2
f 1892 1891 1894

# obj367
v 309.21258545 -235.76771545 300.75564575
v 353.70077515 -227.89370728 289.8425293
v 309.21258545 -227.89370728 289.8425293
v 353.70077515 -235.76771545 300.75564575
usemtl Patch_1106_Mat_mat2
f 1895 1896 1897
usemtl Patch_1107_Mat_mat2
f 1896 1895 1898

# obj368
v 309.21258545 -227.89370728 289.8425293
v 309.21258545 -220.01968384 300.75564575
v 309.21258545 -235.76771545 300.75564575
v 309.21258545 -220.01968384 300.19683838
usemtl Patch_1108_Mat_mat2
f 1899 1900 1901
usemtl Patch_1109_Mat_mat2
f 1900 1899 1902

# obj369
v 422.99212646 -220.01968384 300.75564575
v 378.50393677 -220.01968384 300.19683838
v 422.99212646 -220.01968384 300.19683838
v 378.50393677 -220.01968384 300.75564575
usemtl Patch_1110_Mat_mat3
f 1903 1904 1905
usemtl Patch_1111_Mat_mat3
f 1904 1903 1906

# obj370
v 422.99212646 -220.01968384 300.75564575
v 422.99212646 -227.89370728 289.8425293
v 422.99212646 -235.76771545 300.75564575
v 422.99212646 -220.01968384 300.19683838
usemtl Patch_1112_Mat_mat2
f 1907 1908 1909
usemtl Patch_1113_Mat_mat2
f 1908 1907 1910

# obj371
v 378.50393677 -235.76771545 300.75564575
v 422.99212646 -227.89370728 289.8425293
v 378.50393677 -227.89370728 289.8425293
v 422.99212646 -235.76771545 300.75564575
usemtl Patch_1114_Mat_mat2
f 1911 1912 1913
usemtl Patch_1115_Mat_mat2
f 1912 1911 1914

# obj372
v 378.50393677 -227.89370728 289.8425293
v 378.50393677 -220.01968384 300.75564575
v 378.50393677 -235.76771545 300.75564575
v 378.50393677 -220.01968384 300.19683838
usemtl Patch_1116_Mat_mat2
f 1915 1916 1917
usemtl Patch_1117_Mat_mat2
f 1916 1915 1918

# obj373
v 447.79528809 -227.89370728 289.8425293
v 447.79528809 -220.01968384 300.75564575
v 447.79528809 -235.76771545 300.75564575
v 447.79528809 -220.01968384 300.19683838
usemtl Patch_1118_Mat_mat2
f 1919 1920 1921
usemtl Patch_1119_Mat_mat2
f 1920 1919 1922

# obj374
v 492.28347778 -220.01968384 300.75564575
v 447.79528809 -220.01968384 300.19683838
v 492.28347778 -220.01968384 300.19683838
v 447.79528809 -220.01968384 300.75564575
usemtl Patch_1120_Mat_mat2
f 1923 1924 1925
usemtl Patch_1121_Mat_mat2
f 1924 1923 1926

# obj375
v 492.28347778 -220.01968384 300.75564575
v 492.28347778 -227.89370728 289.8425293
v 492.28347778 -235.76771545 300.75564575
v 492.28347778 -220.01968384 300.19683838
usemtl Patch_1122_Mat_mat2
f 1927 1928 1929
usemtl Patch_1123_Mat_mat2
f 1928 1927 1930

# obj376
v 447.79528809 -235.76771545 300.75564575
v 492.28347778 -227.89370728 289.8425293
v 447.79528809 -227.89370728 289.8425293
v 492.28347778 -235.76771545 300.75564575
usemtl Patch_1124_Mat_mat2
f 1931 1932 1933
usemtl Patch_1125_Mat_mat2
f 1932 1931 1934

# obj377
v 76.53543091 -220.01968384 300.19683838
v 101.3385849 -227.89370728 289.8425293
v 76.53543091 -227.89370728 289.8425293
v 101.3385849 -220.01968384 300.19683838
usemtl Patch_1126_Mat_mat2
f 1935 1936 1937
usemtl Patch_1127_Mat_mat2
f 1936 1935 1938

# obj378
v 76.53543091 -220.01968384 300.75564575
v 76.53543091 -227.89370728 289.8425293
v 76.53543091 -235.76771545 300.75564575
v 76.53543091 -220.01968384 300.19683838
usemtl Patch_1128_Mat_mat2
f 1939 1940 1941
usemtl Patch_1129_Mat_mat2
f 1940 1939 1942

# obj379
v 76.53543091 -220.01968384 300.75564575
v 32.04724503 -220.01968384 300.19683838
v 76.53543091 -220.01968384 300.19683838
v 32.04724503 -220.01968384 300.75564575
usemtl Patch_1130_Mat_mat2
f 1943 1944 1945
usemtl Patch_1131_Mat_mat2
f 1944 1943 1946

# obj380
v 145.82676697 -220.01968384 300.75564575
v 101.3385849 -220.01968384 300.19683838
v 145.82676697 -220.01968384 300.19683838
v 101.3385849 -220.01968384 300.75564575
usemtl Patch_1132_Mat_mat2
f 1947 1948 1949
usemtl Patch_1133_Mat_mat2
f 1948 1947 1950

# obj381
v 145.82676697 -220.01968384 300.75564575
v 145.82676697 -227.89370728 289.8425293
v 145.82676697 -235.76771545 300.75564575
v 145.82676697 -220.01968384 300.19683838
usemtl Patch_1134_Mat_mat2
f 1951 1952 1953
usemtl Patch_1135_Mat_mat2
f 1952 1951 1954

# obj382
v 101.3385849 -235.76771545 300.75564575
v 145.82676697 -227.89370728 289.8425293
v 101.3385849 -227.89370728 289.8425293
v 145.82676697 -235.76771545 300.75564575
usemtl Patch_1136_Mat_mat2
f 1955 1956 1957
usemtl Patch_1137_Mat_mat2
f 1956 1955 1958

# obj383
v 284.40945435 -220.01968384 300.75564575
v 239.92126465 -220.01968384 300.19683838
v 284.40945435 -220.01968384 300.19683838
v 239.92126465 -220.01968384 300.75564575
usemtl Patch_1138_Mat_mat2
f 1959 1960 1961
usemtl Patch_1139_Mat_mat2
f 1960 1959 1962

# obj384
v 284.40945435 -220.01968384 300.75564575
v 284.40945435 -227.89370728 289.8425293
v 284.40945435 -235.76771545 300.75564575
v 284.40945435 -220.01968384 300.19683838
usemtl Patch_1140_Mat_mat2
f 1963 1964 1965
usemtl Patch_1141_Mat_mat2
f 1964 1963 1966

# obj385
v 77.95275879 225.45275879 300.75564575
v 77.95275879 217.57873535 300.19683838
v 77.95275879 217.57873535 300.75564575
v 77.95275879 225.45275879 289.8425293
usemtl Patch_1142_Mat_mat3
f 1967 1968 1969
usemtl Patch_1143_Mat_mat3
f 1968 1967 1970

# obj386
v 33.46456528 225.45275879 289.8425293
v 33.46456528 217.57873535 300.75564575
v 33.46456528 217.57873535 300.19683838
v 33.46456528 233.30485535 300.75564575
usemtl Patch_1144_Mat_mat2
f 1971 1972 1973
usemtl Patch_1145_Mat_mat2
f 1972 1971 1974

# obj387
v 33.46456528 217.57873535 300.75564575
v 77.95275879 217.57873535 300.19683838
v 33.46456528 217.57873535 300.19683838
v 77.95275879 217.57873535 300.75564575
usemtl Patch_1146_Mat_mat2
f 1975 1976 1977
usemtl Patch_1147_Mat_mat2
f 1976 1975 1978

# obj388
v 77.95275879 233.30485535 300.75564575
v 77.95275879 225.45275879 289.8425293
v 77.95275879 225.45275879 300.75564575
usemtl Patch_1148_Mat_mat3
f 1979 1980 1981

# obj389
v 77.95275879 233.30485535 300.75564575
v 33.46456528 225.45275879 289.8425293
v 77.95275879 225.45275879 289.8425293
v 33.46456528 233.30485535 300.75564575
usemtl Patch_1149_Mat_mat2
f 1982 1983 1984
usemtl Patch_1150_Mat_mat2
f 1983 1982 1985

# obj390
v 102.75590515 217.57873535 300.75564575
v 147.24409485 217.57873535 300.19683838
v 102.75590515 217.57873535 300.19683838
v 147.24409485 217.57873535 300.75564575
usemtl Patch_1151_Mat_mat2
f 1986 1987 1988
usemtl Patch_1152_Mat_mat2
f 1987 1986 1989

# obj391
v 147.24409485 225.45275879 300.75564575
v 147.24409485 217.57873535 300.19683838
v 147.24409485 217.57873535 300.75564575
v 147.24409485 225.45275879 289.8425293
v 147.24409485 233.30485535 300.75564575
usemtl Patch_1153_Mat_mat2
f 1990 1991 1992
usemtl Patch_1154_Mat_mat2
f 1991 1990 1993
usemtl Patch_1155_Mat_mat2
f 1993 1990 1994

# obj392
v 102.75590515 225.45275879 289.8425293
v 102.75590515 217.57873535 300.75564575
v 102.75590515 217.57873535 300.19683838
v 102.75590515 225.45275879 300.75564575
v 102.75590515 233.30485535 300.75564575
usemtl Patch_1156_Mat_mat2
f 1995 1996 1997
usemtl Patch_1157_Mat_mat2
f 1996 1995 1998
usemtl Patch_1158_Mat_mat2
f 1998 1995 1999

# obj393
v 147.24409485 233.30485535 300.75564575
v 102.75590515 225.45275879 289.8425293
v 147.24409485 225.45275879 289.8425293
v 102.75590515 233.30485535 300.75564575
usemtl Patch_1159_Mat_mat2
f 2000 2001 2002
usemtl Patch_1160_Mat_mat2
f 2001 2000 2003

# obj394
v 216.53543091 233.30485535 300.75564575
v 172.04724121 225.45275879 289.8425293
v 216.53543091 225.45275879 289.8425293
v 172.04724121 233.30485535 300.75564575
usemtl Patch_1161_Mat_mat2
f 2004 2005 2006
usemtl Patch_1162_Mat_mat2
f 2005 2004 2007

# obj395
v 172.04724121 225.45275879 289.8425293
v 172.04724121 217.57873535 300.75564575
v 172.04724121 217.57873535 300.19683838
v 172.04724121 225.45275879 300.75564575
v 172.04724121 233.30485535 300.75564575
usemtl Patch_1163_Mat_mat2
f 2008 2009 2010
usemtl Patch_1164_Mat_mat2
f 2009 2008 2011
usemtl Patch_1165_Mat_mat2
f 2011 2008 2012

# obj396
v 216.53543091 225.45275879 300.75564575
v 216.53543091 217.57873535 300.19683838
v 216.53543091 217.57873535 300.75564575
v 216.53543091 225.45275879 289.8425293
v 216.53543091 233.30485535 300.75564575
usemtl Patch_1166_Mat_mat2
f 2013 2014 2015
usemtl Patch_1167_Mat_mat2
f 2014 2013 2016
usemtl Patch_1168_Mat_mat2
f 2016 2013 2017

# obj397
v 285.82678223 233.30485535 300.75564575
v 241.33857727 225.45275879 289.8425293
v 285.82678223 225.45275879 289.8425293
v 241.33857727 233.30485535 300.75564575
usemtl Patch_1169_Mat_mat2
f 2018 2019 2020
usemtl Patch_1170_Mat_mat2
f 2019 2018 2021

# obj398
v 241.33857727 225.45275879 289.8425293
v 241.33857727 217.57873535 300.75564575
v 241.33857727 217.57873535 300.19683838
v 241.33857727 225.45275879 300.75564575
v 241.33857727 233.30485535 300.75564575
usemtl Patch_1171_Mat_mat2
f 2022 2023 2024
usemtl Patch_1172_Mat_mat2
f 2023 2022 2025
usemtl Patch_1173_Mat_mat2
f 2025 2022 2026

# obj399
v 285.82678223 225.45275879 300.75564575
v 285.82678223 217.57873535 300.19683838
v 285.82678223 217.57873535 300.75564575
v 285.82678223 225.45275879 289.8425293
v 285.82678223 233.30485535 300.75564575
usemtl Patch_1174_Mat_mat2
f 2027 2028 2029
usemtl Patch_1175_Mat_mat2
f 2028 2027 2030
usemtl Patch_1176_Mat_mat2
f 2030 2027 2031

# obj400
v 355.11810303 233.30485535 300.75564575
v 310.62991333 225.45275879 289.8425293
v 355.11810303 225.45275879 289.8425293
v 310.62991333 233.30485535 300.75564575
usemtl Patch_1177_Mat_mat2
f 2032 2033 2034
usemtl Patch_1178_Mat_mat2
f 2033 2032 2035

# obj401
v 310.62991333 225.45275879 289.8425293
v 310.62991333 217.57873535 300.75564575
v 310.62991333 217.57873535 300.19683838
v 310.62991333 225.45275879 300.75564575
v 310.62991333 233.30485535 300.75564575
usemtl Patch_1179_Mat_mat2
f 2036 2037 2038
usemtl Patch_1180_Mat_mat2
f 2037 2036 2039
usemtl Patch_1181_Mat_mat2
f 2039 2036 2040

# obj402
v 355.11810303 225.45275879 300.75564575
v 355.11810303 217.57873535 300.19683838
v 355.11810303 217.57873535 300.75564575
v 355.11810303 225.45275879 289.8425293
v 355.11810303 233.30485535 300.75564575
usemtl Patch_1182_Mat_mat2
f 2041 2042 2043
usemtl Patch_1183_Mat_mat2
f 2042 2041 2044
usemtl Patch_1184_Mat_mat2
f 2044 2041 2045

# obj403
v 424.40945435 233.30485535 300.75564575
v 379.92126465 225.45275879 289.8425293
v 424.40945435 225.45275879 289.8425293
v 379.92126465 233.30485535 300.75564575
usemtl Patch_1185_Mat_mat2
f 2046 2047 2048
usemtl Patch_1186_Mat_mat2
f 2047 2046 2049

# obj404
v 379.92126465 217.57873535 300.19683838
v 379.92126465 225.45275879 300.75564575
v 379.92126465 217.57873535 300.75564575
v 379.92126465 225.45275879 289.8425293
v 379.92126465 233.30485535 300.75564575
usemtl Patch_1187_Mat_mat2
f 2050 2051 2052
usemtl Patch_1188_Mat_mat2
f 2051 2050 2053
usemtl Patch_1189_Mat_mat2
f 2051 2053 2054

# obj405
v 424.40945435 225.45275879 300.75564575
v 424.40945435 217.57873535 300.19683838
v 424.40945435 217.57873535 300.75564575
v 424.40945435 225.45275879 289.8425293
v 424.40945435 233.30485535 300.75564575
usemtl Patch_1190_Mat_mat2
f 2055 2056 2057
usemtl Patch_1191_Mat_mat2
f 2056 2055 2058
usemtl Patch_1192_Mat_mat2
f 2058 2055 2059

# obj406
v 493.70077515 233.30485535 300.75564575
v 449.21258545 225.45275879 289.8425293
v 493.70077515 225.45275879 289.8425293
v 449.21258545 233.30485535 300.75564575
usemtl Patch_1193_Mat_mat2
f 2060 2061 2062
usemtl Patch_1194_Mat_mat2
f 2061 2060 2063

# obj407
v 449.21258545 225.45275879 289.8425293
v 449.21258545 217.57873535 300.75564575
v 449.21258545 217.57873535 300.19683838
v 449.21258545 225.45275879 300.75564575
v 449.21258545 233.30485535 300.75564575
usemtl Patch_1195_Mat_mat2
f 2064 2065 2066
usemtl Patch_1196_Mat_mat2
f 2065 2064 2067
usemtl Patch_1197_Mat_mat2
f 2067 2064 2068

# obj408
v 493.70077515 225.45275879 300.75564575
v 493.70077515 217.57873535 300.19683838
v 493.70077515 217.57873535 300.75564575
v 493.70077515 225.45275879 289.8425293
v 493.70077515 233.30485535 300.75564575
usemtl Patch_1198_Mat_mat2
f 2069 2070 2071
usemtl Patch_1199_Mat_mat2
f 2070 2069 2072
usemtl Patch_1200_Mat_mat2
f 2072 2069 2073

# obj409
v 567.32281494 79.58661652 300.19683838
v 575.19683838 124.07480621 289.8425293
v 575.19683838 79.58661652 289.8425293
v 567.32281494 124.07480621 300.19683838
usemtl Patch_1201_Mat_mat2
f 2074 2075 2076
usemtl Patch_1202_Mat_mat2
f 2075 2074 2077

# obj410
v 567.32281494 168.56298828 300.19683838
v 567.32281494 124.07480621 300.75564575
v 567.32281494 124.07480621 300.19683838
v 567.32281494 168.56298828 300.75564575
usemtl Patch_1203_Mat_mat2
f 2078 2079 2080
usemtl Patch_1204_Mat_mat2
f 2079 2078 2081

# obj411
v -37.24409485 -253.60235596 300.75564575
v -15.19685078 -235.72163391 300.75564575
v -37.24409485 -227.89370728 300.75564575
v 575.19683838 -253.60235596 300.75564575
v -37.24409485 225.45275879 300.75564575
v -37.24409485 273.99606323 300.75564575
v 7.63779545 -235.72163391 300.75564575
v 32.04724503 -235.76771545 300.75564575
v 7.63779545 -220.01968384 300.75564575
v 76.53543091 -235.76771545 300.75564575
v 101.3385849 -235.76771545 300.75564575
v 76.53543091 -220.01968384 300.75564575
v 77.95275879 217.57873535 300.75564575
v 77.95275879 225.45275879 300.75564575
v 77.95275879 233.30485535 300.75564575
v 145.82676697 -235.76771545 300.75564575
v 170.62992859 -235.76771545 300.75564575
v 145.82676697 -220.01968384 300.75564575
v 147.24409485 217.57873535 300.75564575
v 147.24409485 225.45275879 300.75564575
v 147.24409485 233.30485535 300.75564575
v 215.11810303 -235.76771545 300.75564575
v 239.92126465 -235.76771545 300.75564575
v 215.11810303 -220.01968384 300.75564575
v 216.53543091 217.57873535 300.75564575
v 216.53543091 225.45275879 300.75564575
v 216.53543091 233.30485535 300.75564575
v 284.40945435 -235.76771545 300.75564575
v 309.21258545 -235.76771545 300.75564575
v 284.40945435 -220.01968384 300.75564575
v 285.82678223 217.57873535 300.75564575
v 285.82678223 225.45275879 300.75564575
v 285.82678223 233.30485535 300.75564575
v 353.70077515 -235.76771545 300.75564575
v 378.50393677 -235.76771545 300.75564575
v 353.70077515 -220.01968384 300.75564575
v 355.11810303 217.57873535 300.75564575
v 355.11810303 225.45275879 300.75564575
v 355.11810303 233.30485535 300.75564575
v 422.99212646 -235.76771545 300.75564575
v 447.79528809 -235.76771545 300.75564575
v 422.99212646 -220.01968384 300.75564575
v 424.40945435 217.57873535 300.75564575
v 424.40945435 225.45275879 300.75564575
v 424.40945435 233.30485535 300.75564575
v 492.28347778 -235.76771545 300.75564575
v 492.28347778 -220.01968384 300.75564575
v 493.70077515 217.57873535 300.75564575
v 493.70077515 225.45275879 300.75564575
v 493.70077515 233.30485535 300.75564575
v 567.32281494 -169.62599182 300.75564575
v 575.19683838 -169.62599182 300.75564575
v 575.19683838 -227.89370728 300.75564575
v 575.19683838 -125.13779449 300.75564575
v 567.32281494 -80.6496048 300.75564575
v 567.32281494 -125.13779449 300.75564575
v 575.19683838 -80.6496048 300.75564575
v 575.19683838 -36.16141891 300.75564575
v 567.32281494 35.09842682 300.75564575
v 567.32281494 -36.16141891 300.75564575
v 575.19683838 35.09842682 300.75564575
v 575.19683838 79.58661652 300.75564575
v 567.32281494 124.07480621 300.75564575
v 567.32281494 79.58661652 300.75564575
v 575.19683838 124.07480621 300.75564575
v 33.46456528 233.30485535 300.75564575
v 575.19683838 273.99606323 300.75564575
v -15.19685078 -220.01968384 300.75564575
v -15.19685078 -227.84762573 300.75564575
v 32.04724503 -220.01968384 300.75564575
v 33.46456528 217.57873535 300.75564575
v 102.75590515 233.30485535 300.75564575
v 101.3385849 -220.01968384 300.75564575
v 102.75590515 217.57873535 300.75564575
v 102.75590515 225.45275879 300.75564575
v 172.04724121 233.30485535 300.75564575
v 170.62992859 -220.01968384 300.75564575
v 172.04724121 225.45275879 300.75564575
v 172.04724121 217.57873535 300.75564575
v 241.33857727 233.30485535 300.75564575
v 239.92126465 -220.01968384 300.75564575
v 241.33857727 225.45275879 300.75564575
v 241.33857727 217.57873535 300.75564575
v 310.62991333 233.30485535 300.75564575
v 309.21258545 -220.01968384 300.75564575
v 310.62991333 225.45275879 300.75564575
v 310.62991333 217.57873535 300.75564575
v 379.92126465 233.30485535 300.75564575
v 378.50393677 -220.01968384 300.75564575
v 379.92126465 217.57873535 300.75564575
v 379.92126465 225.45275879 300.75564575
v 449.21258545 233.30485535 300.75564575
v 447.79528809 -220.01968384 300.75564575
v 449.21258545 217.57873535 300.75564575
v 449.21258545 225.45275879 300.75564575
v 567.32281494 168.56298828 300.75564575
v 575.19683838 168.56298828 300.75564575
usemtl Patch_1205_Mat_mat2
f 2082 2083 2084
usemtl Patch_1206_Mat_mat2
f 2083 2082 2085
usemtl Patch_1207_Mat_mat2
f 2084 2083 2086
usemtl Patch_1208_Mat_mat2
f 2086 2083 2087
usemtl Patch_1209_Mat_mat2
f 2083 2085 2088
usemtl Patch_1210_Mat_mat2
f 2088 2085 2089
usemtl Patch_1211_Mat_mat2
f 2088 2089 2090
usemtl Patch_1212_Mat_mat2
f 2089 2085 2091
usemtl Patch_1213_Mat_mat2
f 2091 2085 2092
usemtl Patch_1214_Mat_mat2
f 2091 2092 2093
usemtl Patch_1215_Mat_mat2
f 2093 2092 2094
usemtl Patch_1216_Mat_mat2
f 2094 2092 2095
usemtl Patch_1217_Mat_mat2
f 2095 2092 2096
usemtl Patch_1218_Mat_mat2
f 2092 2085 2097
usemtl Patch_1219_Mat_mat2
f 2097 2085 2098
usemtl Patch_1220_Mat_mat2
f 2097 2098 2099
usemtl Patch_1221_Mat_mat2
f 2099 2098 2100
usemtl Patch_1222_Mat_mat2
f 2100 2098 2101
usemtl Patch_1223_Mat_mat2
f 2101 2098 2102
usemtl Patch_1224_Mat_mat2
f 2098 2085 2103
usemtl Patch_1225_Mat_mat2
f 2103 2085 2104
usemtl Patch_1226_Mat_mat2
f 2103 2104 2105
usemtl Patch_1227_Mat_mat2
f 2105 2104 2106
usemtl Patch_1228_Mat_mat2
f 2106 2104 2107
usemtl Patch_1229_Mat_mat2
f 2107 2104 2108
usemtl Patch_1230_Mat_mat2
f 2104 2085 2109
usemtl Patch_1231_Mat_mat2
f 2109 2085 2110
usemtl Patch_1232_Mat_mat2
f 2109 2110 2111
usemtl Patch_1233_Mat_mat2
f 2111 2110 2112
usemtl Patch_1234_Mat_mat2
f 2112 2110 2113
usemtl Patch_1235_Mat_mat2
f 2113 2110 2114
usemtl Patch_1236_Mat_mat2
f 2110 2085 2115
usemtl Patch_1237_Mat_mat2
f 2115 2085 2116
usemtl Patch_1238_Mat_mat2
f 2115 2116 2117
usemtl Patch_1239_Mat_mat2
f 2117 2116 2118
usemtl Patch_1240_Mat_mat2
f 2118 2116 2119
usemtl Patch_1241_Mat_mat2
f 2119 2116 2120
usemtl Patch_1242_Mat_mat2
f 2116 2085 2121
usemtl Patch_1243_Mat_mat2
f 2121 2085 2122
usemtl Patch_1244_Mat_mat2
f 2121 2122 2123
usemtl Patch_1245_Mat_mat2
f 2123 2122 2124
usemtl Patch_1246_Mat_mat2
f 2124 2122 2125
usemtl Patch_1247_Mat_mat2
f 2125 2122 2126
usemtl Patch_1248_Mat_mat2
f 2122 2085 2127
usemtl Patch_1249_Mat_mat2
f 2127 2085 2128
usemtl Patch_1250_Mat_mat2
f 2128 2085 2129
usemtl Patch_1251_Mat_mat2
f 2129 2085 2130
usemtl Patch_1252_Mat_mat2
f 2130 2085 2131
usemtl Patch_1253_Mat_mat2
f 2131 2085 2132
usemtl Patch_1254_Mat_mat2
f 2132 2085 2133
usemtl Patch_1255_Mat_mat2
f 2135 2136 2137
usemtl Patch_1256_Mat_mat2
f 2136 2135 2138
usemtl Patch_1257_Mat_mat2
f 2139 2140 2141
usemtl Patch_1258_Mat_mat2
f 2140 2139 2142
usemtl Patch_1259_Mat_mat2
f 2143 2144 2145
usemtl Patch_1260_Mat_mat2
f 2144 2143 2146
usemtl Patch_1261_Mat_mat2
f 2087 2147 2148
usemtl Patch_1262_Mat_mat2
f 2147 2087 2149
usemtl Patch_1263_Mat_mat2
f 2149 2087 2083
usemtl Patch_1264_Mat_mat2
f 2147 2149 2090
usemtl Patch_1265_Mat_mat2
f 2147 2090 2151
usemtl Patch_1266_Mat_mat2
f 2151 2090 2089
usemtl Patch_1267_Mat_mat2
f 2147 2151 2152
usemtl Patch_1268_Mat_mat2
f 2148 2147 2096
usemtl Patch_1269_Mat_mat2
f 2148 2096 2153
usemtl Patch_1270_Mat_mat2
f 2153 2096 2154
usemtl Patch_1271_Mat_mat2
f 2154 2096 2092
usemtl Patch_1272_Mat_mat2
f 2153 2154 2155
usemtl Patch_1273_Mat_mat2
f 2148 2153 2102
usemtl Patch_1274_Mat_mat2
f 2148 2102 2157
usemtl Patch_1275_Mat_mat2
f 2157 2102 2158
usemtl Patch_1276_Mat_mat2
f 2158 2102 2098
usemtl Patch_1277_Mat_mat2
f 2157 2158 2159
usemtl Patch_1278_Mat_mat2
f 2159 2158 2160
usemtl Patch_1279_Mat_mat2
f 2148 2157 2108
usemtl Patch_1280_Mat_mat2
f 2148 2108 2161
usemtl Patch_1281_Mat_mat2
f 2161 2108 2162
usemtl Patch_1282_Mat_mat2
f 2162 2108 2104
usemtl Patch_1283_Mat_mat2
f 2161 2162 2163
usemtl Patch_1284_Mat_mat2
f 2163 2162 2164
usemtl Patch_1285_Mat_mat2
f 2148 2161 2114
usemtl Patch_1286_Mat_mat2
f 2148 2114 2165
usemtl Patch_1287_Mat_mat2
f 2165 2114 2166
usemtl Patch_1288_Mat_mat2
f 2166 2114 2110
usemtl Patch_1289_Mat_mat2
f 2165 2166 2167
usemtl Patch_1290_Mat_mat2
f 2167 2166 2168
usemtl Patch_1291_Mat_mat2
f 2148 2165 2120
usemtl Patch_1292_Mat_mat2
f 2148 2120 2169
usemtl Patch_1293_Mat_mat2
f 2169 2120 2170
usemtl Patch_1294_Mat_mat2
f 2170 2120 2116
usemtl Patch_1295_Mat_mat2
f 2169 2170 2171
usemtl Patch_1296_Mat_mat2
f 2148 2169 2126
usemtl Patch_1297_Mat_mat2
f 2148 2126 2173
usemtl Patch_1298_Mat_mat2
f 2173 2126 2174
usemtl Patch_1299_Mat_mat2
f 2174 2126 2122
usemtl Patch_1300_Mat_mat2
f 2173 2174 2175
usemtl Patch_1301_Mat_mat2
f 2148 2173 2131
usemtl Patch_1302_Mat_mat2
f 2148 2131 2177
usemtl Patch_1303_Mat_mat2
f 2177 2131 2141
usemtl Patch_1304_Mat_mat2
f 2141 2131 2132
usemtl Patch_1305_Mat_mat2
f 2148 2177 2178
usemtl Patch_1306_Mat_mat2
f 2128 2175 2174
usemtl Patch_1307_Mat_mat2
f 2175 2128 2129
usemtl Patch_1308_Mat_mat2
f 2123 2171 2170
usemtl Patch_1309_Mat_mat2
f 2171 2123 2124
usemtl Patch_1310_Mat_mat2
f 2117 2168 2166
usemtl Patch_1311_Mat_mat2
f 2168 2117 2118
usemtl Patch_1312_Mat_mat2
f 2111 2164 2162
usemtl Patch_1313_Mat_mat2
f 2164 2111 2112
usemtl Patch_1314_Mat_mat2
f 2105 2160 2158
usemtl Patch_1315_Mat_mat2
f 2160 2105 2106
usemtl Patch_1316_Mat_mat2
f 2099 2155 2154
usemtl Patch_1317_Mat_mat2
f 2155 2099 2100
usemtl Patch_1318_Mat_mat2
f 2093 2152 2151
usemtl Patch_1319_Mat_mat2
f 2152 2093 2094

# obj412
v 567.32281494 79.58661652 300.19683838
v 567.32281494 35.09842682 300.75564575
v 567.32281494 35.09842682 300.19683838
v 567.32281494 79.58661652 300.75564575
usemtl Patch_1320_Mat_mat2
f 2179 2180 2181
usemtl Patch_1321_Mat_mat2
f 2180 2179 2182

# obj413
v 575.60528564 168.56298828 300.75564575
v 575.19683838 168.56298828 289.8425293
v 575.60528564 168.56298828 289.8425293
v 567.32281494 168.56298828 300.19683838
v 567.32281494 168.56298828 300.75564575
v 575.19683838 168.56298828 300.75564575
usemtl Patch_1322_Mat_mat2
f 2183 2184 2185
usemtl Patch_1323_Mat_mat2
f 2184 2183 2186
usemtl Patch_1324_Mat_mat2
f 2186 2183 2187

# obj414
v 575.60528564 79.58661652 300.75564575
v 575.19683838 79.58661652 289.8425293
v 575.60528564 79.58661652 289.8425293
v 567.32281494 79.58661652 300.19683838
v 567.32281494 79.58661652 300.75564575
v 575.19683838 79.58661652 300.75564575
usemtl Patch_1325_Mat_mat2
f 2189 2190 2191
usemtl Patch_1326_Mat_mat2
f 2190 2189 2192
usemtl Patch_1327_Mat_mat2
f 2192 2189 2193

# obj415
v 567.32281494 124.07480621 300.19683838
v 575.60528564 124.07480621 289.8425293
v 575.19683838 124.07480621 289.8425293
v 575.60528564 124.07480621 300.75564575
v 567.32281494 124.07480621 300.75564575
v 575.19683838 124.07480621 300.75564575
usemtl Patch_1328_Mat_mat2
f 2195 2196 2197
usemtl Patch_1329_Mat_mat2
f 2196 2195 2198
usemtl Patch_1330_Mat_mat2
f 2198 2195 2199

# obj416
v 567.32281494 35.09842682 300.19683838
v 575.19683838 35.09842682 300.75564575
v 575.19683838 35.09842682 289.8425293
v 567.32281494 35.09842682 300.75564575
usemtl Patch_1331_Mat_mat2
f 2201 2202 2203
usemtl Patch_1332_Mat_mat2
f 2202 2201 2204

# obj417
v 567.32281494 -80.6496048 300.19683838
v 575.60528564 -80.6496048 289.8425293
v 575.19683838 -80.6496048 289.8425293
v 575.60528564 -80.6496048 300.75564575
v 567.32281494 -80.6496048 300.75564575
v 575.19683838 -80.6496048 300.75564575
usemtl Patch_1333_Mat_mat2
f 2205 2206 2207
usemtl Patch_1334_Mat_mat2
f 2206 2205 2208
usemtl Patch_1335_Mat_mat2
f 2208 2205 2209

# obj418
v 575.60528564 -36.16141891 300.75564575
v 575.19683838 -36.16141891 289.8425293
v 575.60528564 -36.16141891 289.8425293
v 567.32281494 -36.16141891 300.19683838
v 567.32281494 -36.16141891 300.75564575
v 575.19683838 -36.16141891 300.75564575
usemtl Patch_1336_Mat_mat2
f 2211 2212 2213
usemtl Patch_1337_Mat_mat2
f 2212 2211 2214
usemtl Patch_1338_Mat_mat2
f 2214 2211 2215

# obj419
v 567.32281494 -36.16141891 300.19683838
v 567.32281494 -80.6496048 300.75564575
v 567.32281494 -80.6496048 300.19683838
v 567.32281494 -36.16141891 300.75564575
usemtl Patch_1339_Mat_mat2
f 2217 2218 2219
usemtl Patch_1340_Mat_mat2
f 2218 2217 2220

# obj420
v 567.32281494 -169.62599182 300.19683838
v 575.60528564 -169.62599182 289.8425293
v 575.19683838 -169.62599182 289.8425293
v 575.60528564 -169.62599182 300.75564575
v 567.32281494 -169.62599182 300.75564575
v 575.19683838 -169.62599182 300.75564575
usemtl Patch_1341_Mat_mat2
f 2221 2222 2223
usemtl Patch_1342_Mat_mat2
f 2222 2221 2224
usemtl Patch_1343_Mat_mat2
f 2224 2221 2225

# obj421
v 575.60528564 -125.13779449 300.75564575
v 575.19683838 -125.13779449 289.8425293
v 575.60528564 -125.13779449 289.8425293
v 567.32281494 -125.13779449 300.19683838
v 567.32281494 -125.13779449 300.75564575
v 575.19683838 -125.13779449 300.75564575
usemtl Patch_1344_Mat_mat2
f 2227 2228 2229
usemtl Patch_1345_Mat_mat2
f 2228 2227 2230
usemtl Patch_1346_Mat_mat2
f 2230 2227 2231

# obj422
v 567.32281494 -125.13779449 300.19683838
v 567.32281494 -169.62599182 300.75564575
v 567.32281494 -169.62599182 300.19683838
v 567.32281494 -125.13779449 300.75564575
usemtl Patch_1347_Mat_mat2
f 2233 2234 2235
usemtl Patch_1348_Mat_mat2
f 2234 2233 2236

# obj423
v 575.60528564 124.07480621 289.8425293
v 575.19683838 168.56298828 289.8425293
v 575.19683838 124.07480621 289.8425293
v 575.60528564 168.56298828 289.8425293
usemtl Patch_1349_Mat_mat2
f 2237 2238 2239
usemtl Patch_1350_Mat_mat2
f 2238 2237 2240

# obj424
v 575.19683838 168.56298828 300.75564575
v 575.60528564 124.07480621 300.75564575
v 575.19683838 124.07480621 300.75564575
v 575.60528564 168.56298828 300.75564575
usemtl Patch_1351_Mat_mat3
f 2241 2242 2243
usemtl Patch_1352_Mat_mat3
f 2242 2241 2244

# obj425
v 575.60528564 -253.60235596 267.62045288
v 575.60528564 -169.62599182 289.8425293
v 575.60528564 -253.60235596 304.2989502
v 575.60528564 273.99606323 267.62045288
v 575.60528564 -125.13779449 289.8425293
v 575.60528564 -80.6496048 289.8425293
v 575.60528564 -125.13779449 300.75564575
v 575.60528564 -36.16141891 289.8425293
v 575.60528564 35.09842682 289.8425293
v 575.60528564 -36.16141891 300.75564575
v 575.60528564 79.58661652 289.8425293
v 575.60528564 124.07480621 289.8425293
v 575.60528564 79.58661652 300.75564575
v 575.60528564 168.56298828 289.8425293
v 575.60528564 168.56298828 300.75564575
v 575.60528564 -169.62599182 300.75564575
v 575.60528564 273.99606323 304.2989502
v 575.60528564 -80.6496048 300.75564575
v 575.60528564 35.09842682 300.75564575
v 575.60528564 124.07480621 300.75564575
usemtl Patch_1353_Mat_mat2
f 2245 2246 2247
usemtl Patch_1354_Mat_mat2
f 2246 2245 2248
usemtl Patch_1355_Mat_mat2
f 2246 2248 2249
usemtl Patch_1356_Mat_mat2
f 2249 2248 2250
usemtl Patch_1357_Mat_mat2
f 2249 2250 2251
usemtl Patch_1358_Mat_mat2
f 2250 2248 2252
usemtl Patch_1359_Mat_mat2
f 2252 2248 2253
usemtl Patch_1360_Mat_mat2
f 2252 2253 2254
usemtl Patch_1361_Mat_mat2
f 2253 2248 2255
usemtl Patch_1362_Mat_mat2
f 2255 2248 2256
usemtl Patch_1363_Mat_mat2
f 2255 2256 2257
usemtl Patch_1364_Mat_mat2
f 2256 2248 2258
usemtl Patch_1365_Mat_mat2
f 2258 2248 2259
usemtl Patch_1366_Mat_mat2
f 2247 2260 2261
usemtl Patch_1367_Mat_mat2
f 2260 2247 2246
usemtl Patch_1368_Mat_mat2
f 2261 2260 2251
usemtl Patch_1369_Mat_mat2
f 2261 2251 2262
usemtl Patch_1370_Mat_mat2
f 2261 2262 2254
usemtl Patch_1371_Mat_mat2
f 2261 2254 2263
usemtl Patch_1372_Mat_mat2
f 2263 2254 2253
usemtl Patch_1373_Mat_mat2
f 2261 2263 2257
usemtl Patch_1374_Mat_mat2
f 2261 2257 2264
usemtl Patch_1375_Mat_mat2
f 2264 2257 2256
usemtl Patch_1376_Mat_mat2
f 2261 2264 2259
usemtl Patch_1377_Mat_mat2
f 2261 2259 2248
usemtl Patch_1378_Mat_mat2
f 2262 2251 2250

# obj426
v 575.19683838 35.09842682 300.75564575
v 575.60528564 35.09842682 289.8425293
v 575.19683838 35.09842682 289.8425293
v 575.60528564 35.09842682 300.75564575
usemtl Patch_1379_Mat_mat2
f 2265 2266 2267
usemtl Patch_1380_Mat_mat2
f 2266 2265 2268

# obj427
v 575.60528564 35.09842682 289.8425293
v 575.19683838 79.58661652 289.8425293
v 575.19683838 35.09842682 289.8425293
v 575.60528564 79.58661652 289.8425293
usemtl Patch_1381_Mat_mat2
f 2269 2270 2271
usemtl Patch_1382_Mat_mat2
f 2270 2269 2272

# obj428
v 575.19683838 79.58661652 300.75564575
v 575.60528564 35.09842682 300.75564575
v 575.19683838 35.09842682 300.75564575
v 575.60528564 79.58661652 300.75564575
usemtl Patch_1383_Mat_mat3
f 2273 2274 2275
usemtl Patch_1384_Mat_mat3
f 2274 2273 2276

# obj429
v 575.60528564 -80.6496048 289.8425293
v 575.19683838 -36.16141891 289.8425293
v 575.19683838 -80.6496048 289.8425293
v 575.60528564 -36.16141891 289.8425293
usemtl Patch_1385_Mat_mat2
f 2277 2278 2279
usemtl Patch_1386_Mat_mat2
f 2278 2277 2280

# obj430
v 575.19683838 -36.16141891 300.75564575
v 575.60528564 -80.6496048 300.75564575
v 575.19683838 -80.6496048 300.75564575
v 575.60528564 -36.16141891 300.75564575
usemtl Patch_1387_Mat_mat3
f 2281 2282 2283
usemtl Patch_1388_Mat_mat3
f 2282 2281 2284

# obj431
v 575.60528564 -169.62599182 289.8425293
v 575.19683838 -125.13779449 289.8425293
v 575.19683838 -169.62599182 289.8425293
v 575.60528564 -125.13779449 289.8425293
usemtl Patch_1389_Mat_mat2
f 2285 2286 2287
usemtl Patch_1390_Mat_mat2
f 2286 2285 2288

# obj432
v 575.19683838 -80.6496048 300.75564575
v 575.60528564 -125.13779449 300.75564575
v 575.19683838 -125.13779449 300.75564575
v 575.60528564 -80.6496048 300.75564575
usemtl Patch_1391_Mat_mat3
f 2289 2290 2291
usemtl Patch_1392_Mat_mat3
f 2290 2289 2292

# obj433
v 575.19683838 -125.13779449 300.75564575
v 575.60528564 -169.62599182 300.75564575
v 575.19683838 -169.62599182 300.75564575
v 575.60528564 -125.13779449 300.75564575
usemtl Patch_1393_Mat_mat3
f 2293 2294 2295
usemtl Patch_1394_Mat_mat3
f 2294 2293 2296

# obj434
v 100.5118103 -227.89370728 156.88977051
v 164.01574707 -227.89370728 196.25984192
v 164.01574707 -227.89370728 156.88977051
v 100.5118103 -227.89370728 196.25984192
usemtl Patch_1395_Mat_mat0
f 2297 2298 2299
usemtl Patch_1396_Mat_mat0
f 2298 2297 2300

# obj435
v 24.68503952 -227.89370728 265.55117798
v 30.59055138 -227.89370728 156.88977051
v 24.68503952 -227.89370728 156.88977051
v 30.59055138 -227.89370728 196.25984192
v 30.59055138 -227.89370728 265.55117798
usemtl Patch_1397_Mat_mat2
f 2301 2302 2303
usemtl Patch_1398_Mat_mat2
f 2302 2301 2304
usemtl Patch_1399_Mat_mat2
f 2304 2301 2305

# obj436
v 30.59055138 -227.89370728 196.25984192
v 94.60630035 -227.89370728 156.88977051
v 30.59055138 -227.89370728 156.88977051
v 94.60630035 -227.89370728 196.25984192
usemtl Patch_1400_Mat_mat0
f 2306 2307 2308
usemtl Patch_1401_Mat_mat0
f 2307 2306 2309

# obj437
v 621.5748291 191.43701172 182.6771698
v 621.5748291 -193.24803162 140.5118103
v 621.5748291 -193.24803162 182.6771698
v 621.5748291 -173.28739929 98.97637939
v 621.5748291 -120.61023712 98.97637939
v 621.5748291 -120.61023712 -0
v 621.5748291 118.87795258 98.97637939
v 621.5748291 171.39764404 98.97637939
v 621.5748291 171.39764404 -0
v 621.5748291 191.43701172 140.5118103
v 621.5748291 220.09841919 -0
v 621.5748291 220.09841919 140.5118103
v 621.5748291 118.87795258 -0
v 621.5748291 -221.9881897 -0
v 621.5748291 -221.9881897 140.5118103
v 621.5748291 -173.28739929 -0
usemtl Patch_1402_Mat_mat0
f 2310 2311 2312
usemtl Patch_1403_Mat_mat0
f 2311 2310 2313
usemtl Patch_1404_Mat_mat0
f 2313 2310 2314
usemtl Patch_1405_Mat_mat0
f 2314 2310 2315
usemtl Patch_1406_Mat_mat0
f 2315 2310 2316
usemtl Patch_1407_Mat_mat0
f 2316 2310 2317
usemtl Patch_1408_Mat_mat0
f 2317 2310 2318
usemtl Patch_1409_Mat_mat0
f 2318 2310 2319
usemtl Patch_1410_Mat_mat0
f 2318 2319 2320
usemtl Patch_1411_Mat_mat0
f 2320 2319 2321
usemtl Patch_1412_Mat_mat0
f 2322 2315 2316
usemtl Patch_1413_Mat_mat0
f 2311 2323 2324
usemtl Patch_1414_Mat_mat0
f 2323 2311 2325
usemtl Patch_1415_Mat_mat0
f 2325 2311 2313

# obj438
v -46.8503952 -166.79133606 22.04724503
v -46.8503952 -179.38977051 23.62204742
v -46.8503952 -179.38977051 22.04724503
v -46.8503952 -166.79133606 23.62204742
usemtl Patch_1416_Mat_mat3
f 2326 2327 2328
usemtl Patch_1417_Mat_mat3
f 2327 2326 2329

# obj439
v -46.8503952 -177.81495667 14.17322826
v -46.8503952 -190.41339111 15.74803162
v -46.8503952 -190.41339111 14.17322826
v -46.8503952 -177.81495667 15.74803162
usemtl Patch_1418_Mat_mat3
f 2330 2331 2332
usemtl Patch_1419_Mat_mat3
f 2331 2330 2333

# obj440
v -46.8503952 -188.83857727 6.29921246
v -46.8503952 -201.43701172 7.87401581
v -46.8503952 -201.43701172 6.29921246
v -46.8503952 -188.83857727 7.87401581
usemtl Patch_1420_Mat_mat3
f 2334 2335 2336
usemtl Patch_1421_Mat_mat3
f 2335 2334 2337

# obj441
v 58.26771545 -165.15748596 -0
v 266.53543091 -41.5748024 -0
v 58.26771545 165.15748596 -0
v 526.81103516 -165.15748596 -0
v 353.34646606 -41.5748024 -0
v 353.34646606 41.5748024 -0
v 596.18109131 -123.81890106 -0
v 561.5748291 123.81890106 -0
v 561.5748291 -123.81890106 -0
v 596.18109131 123.81890106 -0
v 561.5748291 -144.4881897 -0
v 526.81103516 144.4881897 -0
v 526.81103516 -144.4881897 -0
v 561.5748291 144.4881897 -0
v 266.53543091 41.5748024 -0
v 526.81103516 165.15748596 -0
usemtl Patch_1422_Mat_mat6
f 2338 2339 2340
usemtl Patch_1423_Mat_mat6
f 2339 2338 2341
usemtl Patch_1424_Mat_mat6
f 2339 2341 2342
usemtl Patch_1425_Mat_mat6
f 2342 2341 2343
usemtl Patch_1426_Mat_mat6
f 2344 2345 2346
usemtl Patch_1427_Mat_mat6
f 2345 2344 2347
usemtl Patch_1428_Mat_mat6
f 2348 2349 2350
usemtl Patch_1429_Mat_mat6
f 2349 2348 2346
usemtl Patch_1430_Mat_mat6
f 2349 2346 2351
usemtl Patch_1431_Mat_mat6
f 2340 2352 2353
usemtl Patch_1432_Mat_mat6
f 2352 2340 2339
usemtl Patch_1433_Mat_mat6
f 2353 2352 2343
usemtl Patch_1434_Mat_mat6
f 2353 2343 2349
usemtl Patch_1435_Mat_mat6
f 2349 2343 2341

# obj442
v -0.78740156 -156.94882202 -0
v -47.24409485 -156.94882202 38.18897629
v -47.24409485 -156.94882202 -0
v -0.78740156 -156.94882202 38.18897629
usemtl Patch_1436_Mat_mat0
f 2354 2355 2356
usemtl Patch_1437_Mat_mat0
f 2355 2354 2357

# obj443
v -47.24409485 -157.34251404 38.18897629
v -47.24409485 -157.34251404 29.92125893
v -47.24409485 -157.34251404 31.49606323
v -47.24409485 -157.34251404 -0
v -47.24409485 -156.94882202 -0
v -47.24409485 -156.94882202 38.18897629
usemtl Patch_1438_Mat_mat0
f 2361 2358 2362
usemtl Patch_1439_Mat_mat0
f 2362 2358 2363

# obj444
v -0.78740156 156.94882202 -0
v -0.78740156 -156.94882202 38.18897629
v -0.78740156 -156.94882202 -0
v -0.78740156 156.94882202 38.18897629
usemtl Patch_1440_Mat_mat0
f 2364 2365 2366
usemtl Patch_1441_Mat_mat0
f 2365 2364 2367

# obj445
v 0 157.34251404 0
v -0 -157.34251404 39.37007904
v -0 -157.34251404 0
v 0 157.34251404 39.37007904
v 0 157.34251404 38.97637939
usemtl Patch_1442_Mat_mat0
f 2368 2369 2370
usemtl Patch_1443_Mat_mat0
f 2369 2368 2371

# obj446
v -0 -157.34251404 0
v -47.24409485 -157.34251404 29.92125893
v -47.24409485 -157.34251404 -0
v -0 -157.34251404 39.37007904
v -47.24409485 -157.34251404 31.49606323
v -47.24409485 -157.34251404 38.18897629
v -87.48031616 -157.34251404 38.18897629
v -87.48031616 -157.34251404 39.37007904
usemtl Patch_1444_Mat_mat0
f 2373 2374 2375
usemtl Patch_1445_Mat_mat0
f 2374 2373 2376
usemtl Patch_1446_Mat_mat0
f 2374 2376 2377
usemtl Patch_1447_Mat_mat0
f 2377 2376 2378
usemtl Patch_1448_Mat_mat0
f 2378 2376 2379
usemtl Patch_1449_Mat_mat0
f 2379 2376 2380

# obj447
v -31.65354347 -221.9881897 -0
v 37.00787354 -221.9881897 17.71653557
v 37.00787354 -221.9881897 -0
v -31.65354347 -221.9881897 17.71653557
v 24.29133797 -221.9881897 17.71653557
usemtl Patch_1450_Mat_mat0
f 2381 2382 2383
usemtl Patch_1451_Mat_mat0
f 2382 2381 2384

# obj448
v -31.25984192 -244.42913818 31.49606323
v 24.68503952 -244.42913818 20.07874107
v -31.25984192 -244.42913818 20.07874107
v 24.68503952 -244.42913818 31.49606323
usemtl Patch_1452_Mat_mat6
f 2386 2387 2388
usemtl Patch_1453_Mat_mat6
f 2387 2386 2389

# obj449
v 24.68503952 -246.79133606 31.49606323
v -31.25984192 -244.42913818 31.49606323
v -31.25984192 -246.79133606 31.49606323
v 24.68503952 -244.42913818 31.49606323
usemtl Patch_1454_Mat_mat6
f 2390 2391 2392
usemtl Patch_1455_Mat_mat6
f 2391 2390 2393

# obj450
v 24.68503952 -246.79133606 17.71653557
v 24.68503952 -244.42913818 20.07874107
v 24.68503952 -246.79133606 31.49606323
v 24.68503952 -233.79920959 17.71653557
v 24.68503952 -233.79920959 20.07874107
v 24.68503952 -244.42913818 31.49606323
usemtl Patch_1456_Mat_mat6
f 2394 2395 2396
usemtl Patch_1457_Mat_mat6
f 2395 2394 2397
usemtl Patch_1458_Mat_mat6
f 2395 2397 2398
usemtl Patch_1459_Mat_mat6
f 2399 2396 2395

# obj451
v 100.5118103 -244.42913818 20.07874107
v 100.5118103 -227.89370728 20.07874107
v 100.5118103 -233.79920959 20.07874107
v 164.01574707 -244.42913818 20.07874107
v 100.5118103 -221.9881897 20.07874107
v 164.01574707 -233.79920959 20.07874107
v 164.01574707 -221.9881897 20.07874107
v 164.01574707 -227.89370728 20.07874107
usemtl Patch_1460_Mat_mat6
f 2401 2400 2403
usemtl Patch_1461_Mat_mat6
f 2401 2403 2404
usemtl Patch_1462_Mat_mat6
f 2404 2403 2405
usemtl Patch_1463_Mat_mat6
f 2405 2406 2404

# obj452
v 100.5118103 -244.42913818 31.49606323
v 164.01574707 -244.42913818 20.07874107
v 100.5118103 -244.42913818 20.07874107
v 164.01574707 -244.42913818 31.49606323
usemtl Patch_1464_Mat_mat6
f 2408 2409 2410
usemtl Patch_1465_Mat_mat6
f 2409 2408 2411

# obj453
v 164.01574707 -246.79133606 17.71653557
v 164.01574707 -244.42913818 20.07874107
v 164.01574707 -246.79133606 31.49606323
v 164.01574707 -233.79920959 17.71653557
v 164.01574707 -233.79920959 20.07874107
v 164.01574707 -244.42913818 31.49606323
usemtl Patch_1466_Mat_mat6
f 2412 2413 2414
usemtl Patch_1467_Mat_mat6
f 2413 2412 2415
usemtl Patch_1468_Mat_mat6
f 2413 2415 2416
usemtl Patch_1469_Mat_mat6
f 2417 2414 2413

# obj454
v 100.5118103 -244.42913818 31.49606323
v 100.5118103 -246.79133606 17.71653557
v 100.5118103 -246.79133606 31.49606323
v 100.5118103 -244.42913818 20.07874107
v 100.5118103 -233.79920959 17.71653557
v 100.5118103 -233.79920959 20.07874107
usemtl Patch_1470_Mat_mat6
f 2418 2419 2420
usemtl Patch_1471_Mat_mat6
f 2419 2418 2421
usemtl Patch_1472_Mat_mat6
f 2419 2421 2422
usemtl Patch_1473_Mat_mat6
f 2422 2421 2423

# obj455
v 164.01574707 -246.79133606 31.49606323
v 100.5118103 -244.42913818 31.49606323
v 100.5118103 -246.79133606 31.49606323
v 164.01574707 -244.42913818 31.49606323
usemtl Patch_1474_Mat_mat6
f 2424 2425 2426
usemtl Patch_1475_Mat_mat6
f 2425 2424 2427

# obj456
v 164.01574707 -246.79133606 17.71653557
v 169.92126465 -233.79920959 17.71653557
v 164.01574707 -233.79920959 17.71653557
v 169.92126465 -246.79133606 17.71653557
usemtl Patch_1476_Mat_mat0
f 2428 2429 2430
usemtl Patch_1477_Mat_mat0
f 2429 2428 2431

# obj457
v 169.92126465 -244.42913818 20.07874107
v 169.92126465 -227.89370728 20.07874107
v 169.92126465 -233.79920959 20.07874107
v 233.89764404 -244.42913818 20.07874107
v 169.92126465 -221.9881897 20.07874107
v 233.89764404 -233.79920959 20.07874107
v 233.89764404 -221.9881897 20.07874107
v 233.89764404 -227.89370728 20.07874107
usemtl Patch_1478_Mat_mat6
f 2433 2432 2435
usemtl Patch_1479_Mat_mat6
f 2433 2435 2436
usemtl Patch_1480_Mat_mat6
f 2436 2435 2437
usemtl Patch_1481_Mat_mat6
f 2437 2438 2436

# obj458
v 169.92126465 -244.42913818 31.49606323
v 233.89764404 -244.42913818 20.07874107
v 169.92126465 -244.42913818 20.07874107
v 233.89764404 -244.42913818 31.49606323
usemtl Patch_1482_Mat_mat6
f 2440 2441 2442
usemtl Patch_1483_Mat_mat6
f 2441 2440 2443

# obj459
v 233.89764404 -246.79133606 31.49606323
v 169.92126465 -244.42913818 31.49606323
v 169.92126465 -246.79133606 31.49606323
v 233.89764404 -244.42913818 31.49606323
usemtl Patch_1484_Mat_mat6
f 2444 2445 2446
usemtl Patch_1485_Mat_mat6
f 2445 2444 2447

# obj460
v 233.89764404 -246.79133606 17.71653557
v 233.89764404 -244.42913818 20.07874107
v 233.89764404 -246.79133606 31.49606323
v 233.89764404 -233.79920959 17.71653557
v 233.89764404 -233.79920959 20.07874107
v 233.89764404 -244.42913818 31.49606323
usemtl Patch_1486_Mat_mat6
f 2448 2449 2450
usemtl Patch_1487_Mat_mat6
f 2449 2448 2451
usemtl Patch_1488_Mat_mat6
f 2449 2451 2452
usemtl Patch_1489_Mat_mat6
f 2453 2450 2449

# obj461
v 169.92126465 -244.42913818 31.49606323
v 169.92126465 -246.79133606 17.71653557
v 169.92126465 -246.79133606 31.49606323
v 169.92126465 -244.42913818 20.07874107
v 169.92126465 -233.79920959 17.71653557
v 169.92126465 -233.79920959 20.07874107
usemtl Patch_1490_Mat_mat6
f 2454 2455 2456
usemtl Patch_1491_Mat_mat6
f 2455 2454 2457
usemtl Patch_1492_Mat_mat6
f 2455 2457 2458
usemtl Patch_1493_Mat_mat6
f 2458 2457 2459

# obj462
v 89.37007904 -221.9881897 -0
v 244.92126465 -221.9881897 17.71653557
v 244.92126465 -221.9881897 -0
v 89.37007904 -221.9881897 17.71653557
v 100.11811066 -221.9881897 17.71653557
v 163.62203979 -221.9881897 17.71653557
v 169.52755737 -221.9881897 17.71653557
v 233.50393677 -221.9881897 17.71653557
usemtl Patch_1494_Mat_mat0
f 2460 2461 2462
usemtl Patch_1495_Mat_mat0
f 2461 2460 2463

# obj463
v 380.1574707 -246.79133606 17.71653557
v 374.25198364 -233.79920959 17.71653557
v 374.25198364 -246.79133606 17.71653557
v 380.1574707 -233.79920959 17.71653557
usemtl Patch_1496_Mat_mat0
f 2468 2469 2470
usemtl Patch_1497_Mat_mat0
f 2469 2468 2471

# obj464
v 517.67718506 231.35826111 17.71653557
v 511.77166748 244.90158081 17.71653557
v 511.77166748 231.35826111 17.71653557
v 517.67718506 244.90158081 17.71653557
usemtl Patch_1498_Mat_mat0
f 2472 2473 2474
usemtl Patch_1499_Mat_mat0
f 2473 2472 2475

# obj465
v 447.87402344 231.35826111 17.71653557
v 441.96850586 244.90158081 17.71653557
v 441.96850586 231.35826111 17.71653557
v 447.87402344 244.90158081 17.71653557
usemtl Patch_1500_Mat_mat0
f 2476 2477 2478
usemtl Patch_1501_Mat_mat0
f 2477 2476 2479

# obj466
v 377.95275879 231.35826111 17.71653557
v 372.04724121 244.90158081 17.71653557
v 372.04724121 231.35826111 17.71653557
v 377.95275879 244.90158081 17.71653557
usemtl Patch_1502_Mat_mat0
f 2480 2481 2482
usemtl Patch_1503_Mat_mat0
f 2481 2480 2483

# obj467
v 167.6771698 231.35826111 17.71653557
v 161.77165222 244.90158081 17.71653557
v 161.77165222 231.35826111 17.71653557
v 167.6771698 244.90158081 17.71653557
usemtl Patch_1504_Mat_mat0
f 2484 2485 2486
usemtl Patch_1505_Mat_mat0
f 2485 2484 2487

# obj468
v 98.1496048 231.35826111 17.71653557
v 92.24409485 244.90158081 17.71653557
v 92.24409485 231.35826111 17.71653557
v 98.1496048 244.90158081 17.71653557
usemtl Patch_1506_Mat_mat0
f 2488 2489 2490
usemtl Patch_1507_Mat_mat0
f 2489 2488 2491

# obj469
v 98.1496048 244.90158081 31.49606323
v 92.24409485 244.90158081 17.71653557
v 98.1496048 244.90158081 17.71653557
v 92.24409485 244.90158081 31.49606323
usemtl Patch_1508_Mat_mat0
f 2492 2493 2494
usemtl Patch_1509_Mat_mat0
f 2493 2492 2495

# obj470
v 28.89763832 231.35826111 17.71653557
v 22.99212646 244.90158081 17.71653557
v 22.99212646 231.35826111 17.71653557
v 28.89763832 244.90158081 17.71653557
usemtl Patch_1510_Mat_mat0
f 2496 2497 2498
usemtl Patch_1511_Mat_mat0
f 2497 2496 2499

# obj471
v 22.99212646 242.53936768 31.49606323
v -31.25984192 242.53936768 20.07874107
v 22.99212646 242.53936768 20.07874107
v -31.25984192 242.53936768 31.49606323
usemtl Patch_1512_Mat_mat6
f 2500 2501 2502
usemtl Patch_1513_Mat_mat6
f 2501 2500 2503

# obj472
v 22.99212646 244.90158081 17.71653557
v 22.99212646 231.35826111 20.07874107
v 22.99212646 231.35826111 17.71653557
v 22.99212646 242.53936768 20.07874107
v 22.99212646 242.53936768 31.49606323
v 22.99212646 244.90158081 31.49606323
usemtl Patch_1514_Mat_mat6
f 2504 2505 2506
usemtl Patch_1515_Mat_mat6
f 2505 2504 2507
usemtl Patch_1516_Mat_mat6
f 2507 2504 2508
usemtl Patch_1517_Mat_mat6
f 2508 2504 2509

# obj473
v 22.99212646 242.53936768 31.49606323
v -31.25984192 244.90158081 31.49606323
v -31.25984192 242.53936768 31.49606323
v 22.99212646 244.90158081 31.49606323
usemtl Patch_1518_Mat_mat6
f 2510 2511 2512
usemtl Patch_1519_Mat_mat6
f 2511 2510 2513

# obj474
v 92.24409485 220.09841919 20.07874107
v 28.89763832 225.45275879 20.07874107
v 28.89763832 220.09841919 20.07874107
v 28.89763832 231.35826111 20.07874107
v 92.24409485 242.53936768 20.07874107
v 28.89763832 242.53936768 20.07874107
v 92.24409485 225.45275879 20.07874107
v 92.24409485 231.35826111 20.07874107
usemtl Patch_1520_Mat_mat6
f 2514 2515 2516
usemtl Patch_1521_Mat_mat6
f 2515 2514 2517
usemtl Patch_1522_Mat_mat6
f 2517 2518 2519
usemtl Patch_1523_Mat_mat6
f 2518 2517 2520
usemtl Patch_1524_Mat_mat6
f 2520 2517 2514

# obj475
v 92.24409485 242.53936768 31.49606323
v 28.89763832 242.53936768 20.07874107
v 92.24409485 242.53936768 20.07874107
v 28.89763832 242.53936768 31.49606323
usemtl Patch_1525_Mat_mat6
f 2522 2523 2524
usemtl Patch_1526_Mat_mat6
f 2523 2522 2525

# obj476
v 28.89763832 244.90158081 31.49606323
v 28.89763832 242.53936768 20.07874107
v 28.89763832 242.53936768 31.49606323
v 28.89763832 231.35826111 17.71653557
v 28.89763832 231.35826111 20.07874107
v 28.89763832 244.90158081 17.71653557
usemtl Patch_1527_Mat_mat6
f 2526 2527 2528
usemtl Patch_1528_Mat_mat6
f 2527 2529 2530
usemtl Patch_1529_Mat_mat6
f 2529 2527 2531
usemtl Patch_1530_Mat_mat6
f 2531 2527 2526

# obj477
v 92.24409485 244.90158081 17.71653557
v 92.24409485 231.35826111 20.07874107
v 92.24409485 231.35826111 17.71653557
v 92.24409485 242.53936768 20.07874107
v 92.24409485 242.53936768 31.49606323
v 92.24409485 244.90158081 31.49606323
usemtl Patch_1531_Mat_mat6
f 2532 2533 2534
usemtl Patch_1532_Mat_mat6
f 2533 2532 2535
usemtl Patch_1533_Mat_mat6
f 2535 2532 2536
usemtl Patch_1534_Mat_mat6
f 2536 2532 2537

# obj478
v 92.24409485 242.53936768 31.49606323
v 28.89763832 244.90158081 31.49606323
v 28.89763832 242.53936768 31.49606323
v 92.24409485 244.90158081 31.49606323
usemtl Patch_1535_Mat_mat6
f 2538 2539 2540
usemtl Patch_1536_Mat_mat6
f 2539 2538 2541

# obj479
v 161.77165222 220.09841919 20.07874107
v 98.1496048 225.45275879 20.07874107
v 98.1496048 220.09841919 20.07874107
v 98.1496048 231.35826111 20.07874107
v 161.77165222 242.53936768 20.07874107
v 98.1496048 242.53936768 20.07874107
v 161.77165222 225.45275879 20.07874107
v 161.77165222 231.35826111 20.07874107
usemtl Patch_1537_Mat_mat6
f 2542 2543 2544
usemtl Patch_1538_Mat_mat6
f 2543 2542 2545
usemtl Patch_1539_Mat_mat6
f 2545 2546 2547
usemtl Patch_1540_Mat_mat6
f 2546 2545 2548
usemtl Patch_1541_Mat_mat6
f 2548 2545 2542

# obj480
v 161.77165222 242.53936768 31.49606323
v 98.1496048 242.53936768 20.07874107
v 161.77165222 242.53936768 20.07874107
v 98.1496048 242.53936768 31.49606323
usemtl Patch_1542_Mat_mat6
f 2550 2551 2552
usemtl Patch_1543_Mat_mat6
f 2551 2550 2553

# obj481
v 98.1496048 244.90158081 31.49606323
v 98.1496048 242.53936768 20.07874107
v 98.1496048 242.53936768 31.49606323
v 98.1496048 231.35826111 17.71653557
v 98.1496048 231.35826111 20.07874107
v 98.1496048 244.90158081 17.71653557
usemtl Patch_1544_Mat_mat6
f 2554 2555 2556
usemtl Patch_1545_Mat_mat6
f 2555 2557 2558
usemtl Patch_1546_Mat_mat6
f 2557 2555 2559
usemtl Patch_1547_Mat_mat6
f 2559 2555 2554

# obj482
v 161.77165222 244.90158081 17.71653557
v 161.77165222 231.35826111 20.07874107
v 161.77165222 231.35826111 17.71653557
v 161.77165222 242.53936768 20.07874107
v 161.77165222 242.53936768 31.49606323
v 161.77165222 244.90158081 31.49606323
usemtl Patch_1548_Mat_mat6
f 2560 2561 2562
usemtl Patch_1549_Mat_mat6
f 2561 2560 2563
usemtl Patch_1550_Mat_mat6
f 2563 2560 2564
usemtl Patch_1551_Mat_mat6
f 2564 2560 2565

# obj483
v 161.77165222 242.53936768 31.49606323
v 98.1496048 244.90158081 31.49606323
v 98.1496048 242.53936768 31.49606323
v 161.77165222 244.90158081 31.49606323
usemtl Patch_1552_Mat_mat6
f 2566 2567 2568
usemtl Patch_1553_Mat_mat6
f 2567 2566 2569

# obj484
v 231.96850586 220.09841919 20.07874107
v 167.6771698 225.45275879 20.07874107
v 167.6771698 220.09841919 20.07874107
v 167.6771698 231.35826111 20.07874107
v 231.96850586 242.53936768 20.07874107
v 167.6771698 242.53936768 20.07874107
v 231.96850586 225.45275879 20.07874107
v 231.96850586 231.35826111 20.07874107
usemtl Patch_1554_Mat_mat6
f 2570 2571 2572
usemtl Patch_1555_Mat_mat6
f 2571 2570 2573
usemtl Patch_1556_Mat_mat6
f 2573 2574 2575
usemtl Patch_1557_Mat_mat6
f 2574 2573 2576
usemtl Patch_1558_Mat_mat6
f 2576 2573 2570

# obj485
v 231.96850586 242.53936768 31.49606323
v 167.6771698 242.53936768 20.07874107
v 231.96850586 242.53936768 20.07874107
v 167.6771698 242.53936768 31.49606323
usemtl Patch_1559_Mat_mat6
f 2578 2579 2580
usemtl Patch_1560_Mat_mat6
f 2579 2578 2581

# obj486
v 231.96850586 244.90158081 17.71653557
v 231.96850586 231.35826111 20.07874107
v 231.96850586 231.35826111 17.71653557
v 231.96850586 242.53936768 20.07874107
v 231.96850586 242.53936768 31.49606323
v 231.96850586 244.90158081 31.49606323
usemtl Patch_1561_Mat_mat6
f 2582 2583 2584
usemtl Patch_1562_Mat_mat6
f 2583 2582 2585
usemtl Patch_1563_Mat_mat6
f 2585 2582 2586
usemtl Patch_1564_Mat_mat6
f 2586 2582 2587

# obj487
v 231.96850586 242.53936768 31.49606323
v 167.6771698 244.90158081 31.49606323
v 167.6771698 242.53936768 31.49606323
v 231.96850586 244.90158081 31.49606323
usemtl Patch_1565_Mat_mat6
f 2588 2589 2590
usemtl Patch_1566_Mat_mat6
f 2589 2588 2591

# obj488
v 167.6771698 244.90158081 31.49606323
v 167.6771698 242.53936768 20.07874107
v 167.6771698 242.53936768 31.49606323
v 167.6771698 231.35826111 17.71653557
v 167.6771698 231.35826111 20.07874107
v 167.6771698 244.90158081 17.71653557
usemtl Patch_1567_Mat_mat6
f 2592 2593 2594
usemtl Patch_1568_Mat_mat6
f 2593 2595 2596
usemtl Patch_1569_Mat_mat6
f 2595 2593 2597
usemtl Patch_1570_Mat_mat6
f 2597 2593 2592

# obj489
v 372.04724121 242.53936768 31.35350037
v 307.99212646 242.53936768 20.07874107
v 372.04724121 242.53936768 20.07874107
v 307.99212646 242.53936768 31.35350037
usemtl Patch_1571_Mat_mat6
f 2598 2599 2600
usemtl Patch_1572_Mat_mat6
f 2599 2598 2601

# obj490
v 372.04724121 242.53936768 31.35350037
v 307.99212646 244.90158081 31.35350037
v 307.99212646 242.53936768 31.35350037
v 372.04724121 244.90158081 31.35350037
usemtl Patch_1573_Mat_mat6
f 2602 2603 2604
usemtl Patch_1574_Mat_mat6
f 2603 2602 2605

# obj491
v 372.04724121 220.09841919 20.07874107
v 307.99212646 225.45275879 20.07874107
v 307.99212646 220.09841919 20.07874107
v 307.99212646 231.35826111 20.07874107
v 372.04724121 242.53936768 20.07874107
v 307.99212646 242.53936768 20.07874107
v 372.04724121 225.45275879 20.07874107
v 372.04724121 231.35826111 20.07874107
usemtl Patch_1575_Mat_mat6
f 2606 2607 2608
usemtl Patch_1576_Mat_mat6
f 2607 2606 2609
usemtl Patch_1577_Mat_mat6
f 2609 2610 2611
usemtl Patch_1578_Mat_mat6
f 2610 2609 2612
usemtl Patch_1579_Mat_mat6
f 2612 2609 2606

# obj492
v 372.04724121 244.90158081 17.71653557
v 372.04724121 231.35826111 20.07874107
v 372.04724121 231.35826111 17.71653557
v 372.04724121 242.53936768 20.07874107
v 372.04724121 242.53936768 31.35350037
v 372.04724121 244.90158081 31.35350037
usemtl Patch_1580_Mat_mat6
f 2614 2615 2616
usemtl Patch_1581_Mat_mat6
f 2615 2614 2617
usemtl Patch_1582_Mat_mat6
f 2617 2614 2618
usemtl Patch_1583_Mat_mat6
f 2618 2614 2619

# obj493
v 307.99212646 244.90158081 31.35350037
v 307.99212646 242.53936768 20.07874107
v 307.99212646 242.53936768 31.35350037
v 307.99212646 231.35826111 17.71653557
v 307.99212646 231.35826111 20.07874107
v 307.99212646 244.90158081 17.71653557
usemtl Patch_1584_Mat_mat6
f 2620 2621 2622
usemtl Patch_1585_Mat_mat6
f 2621 2623 2624
usemtl Patch_1586_Mat_mat6
f 2623 2621 2625
usemtl Patch_1587_Mat_mat6
f 2625 2621 2620

# obj494
v 441.96850586 220.09841919 20.07874107
v 377.95275879 225.45275879 20.07874107
v 377.95275879 220.09841919 20.07874107
v 377.95275879 231.35826111 20.07874107
v 441.96850586 225.45275879 20.07874107
v 441.96850586 242.53936768 20.07874107
v 377.95275879 242.53936768 20.07874107
v 441.96850586 231.35826111 20.07874107
usemtl Patch_1588_Mat_mat6
f 2626 2627 2628
usemtl Patch_1589_Mat_mat6
f 2627 2626 2629
usemtl Patch_1590_Mat_mat6
f 2629 2626 2630
usemtl Patch_1591_Mat_mat6
f 2629 2631 2632
usemtl Patch_1592_Mat_mat6
f 2631 2629 2630

# obj495
v 441.96850586 242.53936768 31.35350037
v 377.95275879 242.53936768 20.07874107
v 441.96850586 242.53936768 20.07874107
v 377.95275879 242.53936768 31.35350037
usemtl Patch_1593_Mat_mat6
f 2634 2635 2636
usemtl Patch_1594_Mat_mat6
f 2635 2634 2637

# obj496
v 377.95275879 244.90158081 31.35350037
v 377.95275879 242.53936768 20.07874107
v 377.95275879 242.53936768 31.35350037
v 377.95275879 231.35826111 17.71653557
v 377.95275879 231.35826111 20.07874107
v 377.95275879 244.90158081 17.71653557
usemtl Patch_1595_Mat_mat6
f 2638 2639 2640
usemtl Patch_1596_Mat_mat6
f 2639 2641 2642
usemtl Patch_1597_Mat_mat6
f 2641 2639 2643
usemtl Patch_1598_Mat_mat6
f 2643 2639 2638

# obj497
v 441.96850586 244.90158081 17.71653557
v 441.96850586 231.35826111 20.07874107
v 441.96850586 231.35826111 17.71653557
v 441.96850586 242.53936768 20.07874107
v 441.96850586 244.90158081 31.35350037
v 441.96850586 242.53936768 31.35350037
usemtl Patch_1599_Mat_mat6
f 2644 2645 2646
usemtl Patch_1600_Mat_mat6
f 2645 2644 2647
usemtl Patch_1601_Mat_mat6
f 2647 2644 2648
usemtl Patch_1602_Mat_mat6
f 2648 2649 2647

# obj498
v 441.96850586 242.53936768 31.35350037
v 377.95275879 244.90158081 31.35350037
v 377.95275879 242.53936768 31.35350037
v 441.96850586 244.90158081 31.35350037
usemtl Patch_1603_Mat_mat6
f 2650 2651 2652
usemtl Patch_1604_Mat_mat6
f 2651 2650 2653

# obj499
v 447.87402344 220.09841919 20.07874107
v 447.87402344 231.35826111 20.07874107
v 447.87402344 225.45275879 20.07874107
v 511.77166748 220.09841919 20.07874107
v 511.77166748 242.53936768 20.07874107
v 447.87402344 242.53936768 20.07874107
v 511.77166748 225.45275879 20.07874107
v 511.77166748 231.35826111 20.07874107
usemtl Patch_1605_Mat_mat6
f 2655 2654 2657
usemtl Patch_1606_Mat_mat6
f 2655 2658 2659
usemtl Patch_1607_Mat_mat6
f 2658 2655 2660
usemtl Patch_1608_Mat_mat6
f 2660 2655 2657

# obj500
v 511.77166748 242.53936768 31.35350037
v 447.87402344 242.53936768 20.07874107
v 511.77166748 242.53936768 20.07874107
v 447.87402344 242.53936768 31.35350037
usemtl Patch_1609_Mat_mat6
f 2662 2663 2664
usemtl Patch_1610_Mat_mat6
f 2663 2662 2665

# obj501
v 511.77166748 242.53936768 31.35350037
v 447.87402344 244.90158081 31.35350037
v 447.87402344 242.53936768 31.35350037
v 511.77166748 244.90158081 31.35350037
usemtl Patch_1611_Mat_mat6
f 2666 2667 2668
usemtl Patch_1612_Mat_mat6
f 2667 2666 2669

# obj502
v 447.87402344 244.90158081 31.35350037
v 447.87402344 242.53936768 20.07874107
v 447.87402344 242.53936768 31.35350037
v 447.87402344 231.35826111 17.71653557
v 447.87402344 231.35826111 20.07874107
v 447.87402344 244.90158081 17.71653557
usemtl Patch_1613_Mat_mat6
f 2670 2671 2672
usemtl Patch_1614_Mat_mat6
f 2671 2673 2674
usemtl Patch_1615_Mat_mat6
f 2673 2671 2675
usemtl Patch_1616_Mat_mat6
f 2675 2671 2670

# obj503
v 511.77166748 244.90158081 17.71653557
v 511.77166748 231.35826111 20.07874107
v 511.77166748 231.35826111 17.71653557
v 511.77166748 242.53936768 20.07874107
v 511.77166748 242.53936768 31.35350037
v 511.77166748 244.90158081 31.35350037
usemtl Patch_1617_Mat_mat6
f 2676 2677 2678
usemtl Patch_1618_Mat_mat6
f 2677 2676 2679
usemtl Patch_1619_Mat_mat6
f 2679 2676 2680
usemtl Patch_1620_Mat_mat6
f 2680 2676 2681

# obj504
v 573.30706787 242.53936768 31.35350037
v 517.67718506 242.53936768 20.07874107
v 573.30706787 242.53936768 20.07874107
v 517.67718506 242.53936768 31.35350037
usemtl Patch_1621_Mat_mat6
f 2682 2683 2684
usemtl Patch_1622_Mat_mat6
f 2683 2682 2685

# obj505
v 573.30706787 242.53936768 31.35350037
v 517.67718506 244.90158081 31.35350037
v 517.67718506 242.53936768 31.35350037
v 573.30706787 244.90158081 31.35350037
usemtl Patch_1623_Mat_mat6
f 2686 2687 2688
usemtl Patch_1624_Mat_mat6
f 2687 2686 2689

# obj506
v 517.67718506 244.90158081 31.35350037
v 517.67718506 242.53936768 20.07874107
v 517.67718506 242.53936768 31.35350037
v 517.67718506 231.35826111 17.71653557
v 517.67718506 231.35826111 20.07874107
v 517.67718506 244.90158081 17.71653557
usemtl Patch_1625_Mat_mat6
f 2690 2691 2692
usemtl Patch_1626_Mat_mat6
f 2691 2693 2694
usemtl Patch_1627_Mat_mat6
f 2693 2691 2695
usemtl Patch_1628_Mat_mat6
f 2695 2691 2690

# obj507
v 244.25196838 220.09841919 17.71653557
v -31.65354347 220.09841919 -0
v 244.25196838 220.09841919 -0
v -31.65354347 220.09841919 17.71653557
v 231.57479858 220.09841919 17.71653557
v 167.28346252 220.09841919 17.71653557
v 161.37796021 220.09841919 17.71653557
v 97.75590515 220.09841919 17.71653557
v 91.8503952 220.09841919 17.71653557
v 28.50393677 220.09841919 17.71653557
v 22.59842491 220.09841919 17.71653557
usemtl Patch_1629_Mat_mat0
f 2696 2697 2698
usemtl Patch_1630_Mat_mat0
f 2697 2696 2699

# obj508
v 519.37005615 -244.42913818 31.49606323
v 573.30706787 -244.42913818 20.07874107
v 519.37005615 -244.42913818 20.07874107
v 573.30706787 -244.42913818 31.49606323
usemtl Patch_1631_Mat_mat6
f 2707 2708 2709
usemtl Patch_1632_Mat_mat6
f 2708 2707 2710

# obj509
v 573.30706787 -246.79133606 31.49606323
v 519.37005615 -244.42913818 31.49606323
v 519.37005615 -246.79133606 31.49606323
v 573.30706787 -244.42913818 31.49606323
usemtl Patch_1633_Mat_mat6
f 2711 2712 2713
usemtl Patch_1634_Mat_mat6
f 2712 2711 2714

# obj510
v 519.37005615 -244.42913818 31.49606323
v 519.37005615 -246.79133606 17.71653557
v 519.37005615 -246.79133606 31.49606323
v 519.37005615 -244.42913818 20.07874107
v 519.37005615 -233.79920959 17.71653557
v 519.37005615 -233.79920959 20.07874107
usemtl Patch_1635_Mat_mat6
f 2715 2716 2717
usemtl Patch_1636_Mat_mat6
f 2716 2715 2718
usemtl Patch_1637_Mat_mat6
f 2716 2718 2719
usemtl Patch_1638_Mat_mat6
f 2719 2718 2720

# obj511
v 380.1574707 -244.42913818 31.49606323
v 443.97637939 -244.42913818 20.07874107
v 380.1574707 -244.42913818 20.07874107
v 443.97637939 -244.42913818 31.49606323
usemtl Patch_1639_Mat_mat6
f 2721 2722 2723
usemtl Patch_1640_Mat_mat6
f 2722 2721 2724

# obj512
v 443.97637939 -246.79133606 31.49606323
v 380.1574707 -244.42913818 31.49606323
v 380.1574707 -246.79133606 31.49606323
v 443.97637939 -244.42913818 31.49606323
usemtl Patch_1641_Mat_mat6
f 2725 2726 2727
usemtl Patch_1642_Mat_mat6
f 2726 2725 2728

# obj513
v 380.1574707 -244.42913818 20.07874107
v 380.1574707 -227.89370728 20.07874107
v 380.1574707 -233.79920959 20.07874107
v 443.97637939 -244.42913818 20.07874107
v 443.97637939 -233.79920959 20.07874107
v 443.97637939 -221.9881897 20.07874107
v 380.1574707 -221.9881897 20.07874107
v 443.97637939 -227.89370728 20.07874107
usemtl Patch_1643_Mat_mat6
f 2730 2729 2732
usemtl Patch_1644_Mat_mat6
f 2730 2732 2733
usemtl Patch_1645_Mat_mat6
f 2730 2734 2735
usemtl Patch_1646_Mat_mat6
f 2734 2730 2733

# obj514
v 380.1574707 -244.42913818 31.49606323
v 380.1574707 -246.79133606 17.71653557
v 380.1574707 -246.79133606 31.49606323
v 380.1574707 -244.42913818 20.07874107
v 380.1574707 -233.79920959 17.71653557
v 380.1574707 -233.79920959 20.07874107
usemtl Patch_1647_Mat_mat6
f 2737 2738 2739
usemtl Patch_1648_Mat_mat6
f 2738 2737 2740
usemtl Patch_1649_Mat_mat6
f 2738 2740 2741
usemtl Patch_1650_Mat_mat6
f 2741 2740 2742

# obj515
v 443.97637939 -246.79133606 17.71653557
v 443.97637939 -244.42913818 20.07874107
v 443.97637939 -246.79133606 31.49606323
v 443.97637939 -233.79920959 17.71653557
v 443.97637939 -233.79920959 20.07874107
v 443.97637939 -244.42913818 31.49606323
usemtl Patch_1651_Mat_mat6
f 2743 2744 2745
usemtl Patch_1652_Mat_mat6
f 2744 2743 2746
usemtl Patch_1653_Mat_mat6
f 2744 2746 2747
usemtl Patch_1654_Mat_mat6
f 2748 2745 2744

# obj516
v 309.96063232 -244.42913818 31.49606323
v 374.25198364 -244.42913818 20.07874107
v 309.96063232 -244.42913818 20.07874107
v 374.25198364 -244.42913818 31.49606323
usemtl Patch_1655_Mat_mat6
f 2749 2750 2751
usemtl Patch_1656_Mat_mat6
f 2750 2749 2752

# obj517
v 374.25198364 -246.79133606 31.49606323
v 309.96063232 -244.42913818 31.49606323
v 309.96063232 -246.79133606 31.49606323
v 374.25198364 -244.42913818 31.49606323
usemtl Patch_1657_Mat_mat6
f 2753 2754 2755
usemtl Patch_1658_Mat_mat6
f 2754 2753 2756

# obj518
v 309.96063232 -244.42913818 20.07874107
v 309.96063232 -227.89370728 20.07874107
v 309.96063232 -233.79920959 20.07874107
v 374.25198364 -244.42913818 20.07874107
v 309.96063232 -221.9881897 20.07874107
v 374.25198364 -233.79920959 20.07874107
v 374.25198364 -221.9881897 20.07874107
v 374.25198364 -227.89370728 20.07874107
usemtl Patch_1659_Mat_mat6
f 2758 2757 2760
usemtl Patch_1660_Mat_mat6
f 2758 2760 2761
usemtl Patch_1661_Mat_mat6
f 2761 2760 2762
usemtl Patch_1662_Mat_mat6
f 2762 2763 2761

# obj519
v 309.96063232 -244.42913818 31.49606323
v 309.96063232 -246.79133606 17.71653557
v 309.96063232 -246.79133606 31.49606323
v 309.96063232 -244.42913818 20.07874107
v 309.96063232 -233.79920959 17.71653557
v 309.96063232 -233.79920959 20.07874107
usemtl Patch_1663_Mat_mat6
f 2765 2766 2767
usemtl Patch_1664_Mat_mat6
f 2766 2765 2768
usemtl Patch_1665_Mat_mat6
f 2766 2768 2769
usemtl Patch_1666_Mat_mat6
f 2769 2768 2770

# obj520
v 374.25198364 -246.79133606 17.71653557
v 374.25198364 -244.42913818 20.07874107
v 374.25198364 -246.79133606 31.49606323
v 374.25198364 -233.79920959 17.71653557
v 374.25198364 -233.79920959 20.07874107
v 374.25198364 -244.42913818 31.49606323
usemtl Patch_1667_Mat_mat6
f 2771 2772 2773
usemtl Patch_1668_Mat_mat6
f 2772 2771 2774
usemtl Patch_1669_Mat_mat6
f 2772 2774 2775
usemtl Patch_1670_Mat_mat6
f 2776 2773 2772

# obj521
v 297.28347778 -221.9881897 -0
v 453.26773071 -221.9881897 17.71653557
v 453.26773071 -221.9881897 -0
v 297.28347778 -221.9881897 17.71653557
v 309.56692505 -221.9881897 17.71653557
v 373.85827637 -221.9881897 17.71653557
v 379.76379395 -221.9881897 17.71653557
v 443.58267212 -221.9881897 17.71653557
usemtl Patch_1671_Mat_mat0
f 2777 2778 2779
usemtl Patch_1672_Mat_mat0
f 2778 2777 2780

# obj522
v 505.62991333 -221.9881897 17.71653557
v 572.91339111 -221.9881897 17.71653557
v 505.62991333 -221.9881897 -0
v 518.97637939 -221.9881897 17.71653557
v 621.5748291 -221.9881897 -0
v 621.5748291 -221.9881897 140.5118103
v 572.91339111 -221.9881897 20.07874107
v 572.91339111 -221.9881897 140.5118103
usemtl Patch_1673_Mat_mat0
f 2785 2786 2787
usemtl Patch_1674_Mat_mat0
f 2789 2786 2790
usemtl Patch_1675_Mat_mat0
f 2786 2789 2787
usemtl Patch_1676_Mat_mat0
f 2790 2786 2791
usemtl Patch_1677_Mat_mat0
f 2790 2791 2792

# obj523
v 438.30709839 -309.07479858 -0
v 519.01574707 -309.07479858 57.48031616
v 519.01574707 -309.07479858 -0
v 438.30709839 -309.07479858 57.48031616
v 438.30709839 -309.07479858 135.82676697
v 519.01574707 -309.07479858 135.82676697
usemtl Patch_1678_Mat_mat5
f 2793 2794 2795
usemtl Patch_1679_Mat_mat5
f 2794 2793 2796
usemtl Patch_1680_Mat_mat5
f 2794 2796 2797
usemtl Patch_1681_Mat_mat5
f 2794 2797 2798

# obj524
v 229.96063232 -309.07479858 -0
v 310.66928101 -309.07479858 57.48031616
v 310.66928101 -309.07479858 -0
v 229.96063232 -309.07479858 57.48031616
v 229.96063232 -309.07479858 135.82676697
v 310.66928101 -309.07479858 135.82676697
usemtl Patch_1682_Mat_mat5
f 2799 2800 2801
usemtl Patch_1683_Mat_mat5
f 2800 2799 2802
usemtl Patch_1684_Mat_mat5
f 2800 2802 2803
usemtl Patch_1685_Mat_mat5
f 2800 2803 2804

# obj525
v 449.21258545 217.57873535 300.75564575
v 493.70077515 217.57873535 300.19683838
v 449.21258545 217.57873535 300.19683838
v 493.70077515 217.57873535 300.75564575
usemtl Patch_1686_Mat_mat2
f 2805 2806 2807
usemtl Patch_1687_Mat_mat2
f 2806 2805 2808

# obj526
v 379.92126465 217.57873535 300.75564575
v 424.40945435 217.57873535 300.19683838
v 379.92126465 217.57873535 300.19683838
v 424.40945435 217.57873535 300.75564575
usemtl Patch_1688_Mat_mat2
f 2809 2810 2811
usemtl Patch_1689_Mat_mat2
f 2810 2809 2812

# obj527
v 310.62991333 217.57873535 300.75564575
v 355.11810303 217.57873535 300.19683838
v 310.62991333 217.57873535 300.19683838
v 355.11810303 217.57873535 300.75564575
usemtl Patch_1690_Mat_mat2
f 2813 2814 2815
usemtl Patch_1691_Mat_mat2
f 2814 2813 2816

# obj528
v 241.33857727 217.57873535 300.75564575
v 285.82678223 217.57873535 300.19683838
v 241.33857727 217.57873535 300.19683838
v 285.82678223 217.57873535 300.75564575
usemtl Patch_1692_Mat_mat2
f 2817 2818 2819
usemtl Patch_1693_Mat_mat2
f 2818 2817 2820

# obj529
v 172.04724121 217.57873535 300.75564575
v 216.53543091 217.57873535 300.19683838
v 172.04724121 217.57873535 300.19683838
v 216.53543091 217.57873535 300.75564575
usemtl Patch_1694_Mat_mat2
f 2821 2822 2823
usemtl Patch_1695_Mat_mat2
f 2822 2821 2824

# obj530
v 659.37005615 193.40551758 163.1889801
v 686.7322998 193.40551758 156.88977051
v 659.37005615 193.40551758 156.88977051
v 686.7322998 193.40551758 163.1889801
usemtl Patch_1696_Mat_mat6
f 2825 2826 2827
usemtl Patch_1697_Mat_mat6
f 2826 2825 2828

# obj531
v 659.37005615 193.40551758 163.1889801
v 659.37005615 -195.21653748 156.88977051
v 659.37005615 -195.21653748 163.1889801
v 659.37005615 193.40551758 156.88977051
usemtl Patch_1698_Mat_mat6
f 2829 2830 2831
usemtl Patch_1699_Mat_mat6
f 2830 2829 2832

# obj532
v 686.7322998 -195.21653748 163.1889801
v 659.37005615 -195.21653748 156.88977051
v 686.7322998 -195.21653748 156.88977051
v 659.37005615 -195.21653748 163.1889801
usemtl Patch_1700_Mat_mat6
f 2833 2834 2835
usemtl Patch_1701_Mat_mat6
f 2834 2833 2836

# obj533
v 694.80316162 193.40551758 169.4881897
v 729.64569092 193.40551758 163.1889801
v 694.80316162 193.40551758 163.1889801
v 729.64569092 193.40551758 169.4881897
usemtl Patch_1702_Mat_mat6
f 2837 2838 2839
usemtl Patch_1703_Mat_mat6
f 2838 2837 2840

# obj534
v 729.64569092 -195.21653748 169.4881897
v 694.80316162 -195.21653748 163.1889801
v 729.64569092 -195.21653748 163.1889801
v 694.80316162 -195.21653748 169.4881897
usemtl Patch_1704_Mat_mat6
f 2841 2842 2843
usemtl Patch_1705_Mat_mat6
f 2842 2841 2844

# obj535
v 729.64569092 -195.21653748 169.4881897
v 694.80316162 193.40551758 169.4881897
v 694.80316162 -195.21653748 169.4881897
v 729.64569092 193.40551758 169.4881897
usemtl Patch_1706_Mat_mat6
f 2845 2846 2847
usemtl Patch_1707_Mat_mat6
f 2846 2845 2848

# obj536
v 686.7322998 -195.21653748 163.1889801
v 686.7322998 -207.02755737 156.88977051
v 686.7322998 -207.02755737 163.1889801
v 686.7322998 -195.21653748 156.88977051
usemtl Patch_1708_Mat_mat6
f 2849 2850 2851
usemtl Patch_1709_Mat_mat6
f 2850 2849 2852

# obj537
v 729.64569092 -207.02755737 163.1889801
v 686.7322998 -207.02755737 156.88977051
v 729.64569092 -207.02755737 156.88977051
v 686.7322998 -207.02755737 163.1889801
usemtl Patch_1710_Mat_mat6
f 2853 2854 2855
usemtl Patch_1711_Mat_mat6
f 2854 2853 2856

# obj538
v 686.7322998 205.21653748 163.1889801
v 729.64569092 205.21653748 156.88977051
v 686.7322998 205.21653748 156.88977051
v 729.64569092 205.21653748 163.1889801
usemtl Patch_1712_Mat_mat6
f 2857 2858 2859
usemtl Patch_1713_Mat_mat6
f 2858 2857 2860

# obj539
v 686.7322998 205.21653748 163.1889801
v 686.7322998 193.40551758 156.88977051
v 686.7322998 193.40551758 163.1889801
v 686.7322998 205.21653748 156.88977051
usemtl Patch_1714_Mat_mat6
f 2861 2862 2863
usemtl Patch_1715_Mat_mat6
f 2862 2861 2864

# obj540
v 694.80316162 193.40551758 169.4881897
v 694.80316162 -195.21653748 163.1889801
v 694.80316162 -195.21653748 169.4881897
v 694.80316162 193.40551758 163.1889801
usemtl Patch_1716_Mat_mat6
f 2865 2866 2867
usemtl Patch_1717_Mat_mat6
f 2866 2865 2868

# obj541
v 686.7322998 -195.21653748 163.1889801
v 659.37005615 193.40551758 163.1889801
v 659.37005615 -195.21653748 163.1889801
v 686.7322998 193.40551758 163.1889801
v 729.64569092 -207.02755737 163.1889801
v 686.7322998 -207.02755737 163.1889801
v 694.80316162 -195.21653748 163.1889801
v 686.7322998 205.21653748 163.1889801
v 729.64569092 -195.21653748 163.1889801
v 694.80316162 193.40551758 163.1889801
v 729.64569092 205.21653748 163.1889801
v 729.64569092 193.40551758 163.1889801
usemtl Patch_1718_Mat_mat6
f 2869 2870 2871
usemtl Patch_1719_Mat_mat6
f 2870 2869 2872
usemtl Patch_1720_Mat_mat6
f 2873 2869 2874
usemtl Patch_1721_Mat_mat6
f 2869 2873 2875
usemtl Patch_1722_Mat_mat6
f 2869 2875 2872
usemtl Patch_1723_Mat_mat6
f 2872 2875 2876
usemtl Patch_1724_Mat_mat6
f 2875 2873 2877
usemtl Patch_1725_Mat_mat6
f 2876 2878 2879
usemtl Patch_1726_Mat_mat6
f 2878 2876 2875
usemtl Patch_1727_Mat_mat6
f 2879 2878 2880

# obj542
v 24.68503952 -233.79920959 156.88977051
v -37.24409485 -227.89370728 156.88977051
v -37.24409485 -233.79920959 156.88977051
v -29.29133797 -195.21653748 156.88977051
v -27.32283401 -195.21653748 156.88977051
v 24.68503952 -195.21653748 156.88977051
v 24.68503952 -227.89370728 156.88977051
v -87.08661652 -180.21653748 156.88977051
v -87.08661652 -227.89370728 156.88977051
v -29.29133797 -180.21653748 156.88977051
usemtl Patch_1728_Mat_mat3
f 2881 2882 2883
usemtl Patch_1729_Mat_mat3
f 2882 2881 2884
usemtl Patch_1730_Mat_mat3
f 2884 2881 2885
usemtl Patch_1731_Mat_mat3
f 2885 2881 2886
usemtl Patch_1732_Mat_mat3
f 2882 2888 2889
usemtl Patch_1733_Mat_mat3
f 2888 2882 2890
usemtl Patch_1734_Mat_mat3
f 2890 2882 2884

# obj543
v 22.99212646 231.35826111 163.1889801
v -37.24409485 260.21652222 163.1889801
v -37.24409485 231.35826111 163.1889801
v 575.19683838 260.21652222 163.1889801
v 28.89763832 231.35826111 163.1889801
v 92.24409485 231.35826111 163.1889801
v 98.1496048 231.35826111 163.1889801
v 161.77165222 231.35826111 163.1889801
v 167.6771698 231.35826111 163.1889801
v 231.96850586 231.35826111 163.1889801
v 237.87400818 231.35826111 163.1889801
v 302.08660889 231.35826111 163.1889801
v 307.99212646 231.35826111 163.1889801
v 372.04724121 231.35826111 163.1889801
v 377.95275879 231.35826111 163.1889801
v 441.96850586 231.35826111 163.1889801
v 447.87402344 231.35826111 163.1889801
v 511.77166748 231.35826111 163.1889801
v 517.64788818 231.35826111 163.1889801
v 517.67718506 231.35826111 163.1889801
v 575.19683838 231.35826111 163.1889801
usemtl Patch_1735_Mat_mat3
f 2891 2892 2893
usemtl Patch_1736_Mat_mat3
f 2892 2891 2894
usemtl Patch_1737_Mat_mat3
f 2894 2891 2895
usemtl Patch_1738_Mat_mat3
f 2894 2895 2896
usemtl Patch_1739_Mat_mat3
f 2894 2896 2897
usemtl Patch_1740_Mat_mat3
f 2894 2897 2898
usemtl Patch_1741_Mat_mat3
f 2894 2898 2899
usemtl Patch_1742_Mat_mat3
f 2894 2899 2900
usemtl Patch_1743_Mat_mat3
f 2894 2900 2901
usemtl Patch_1744_Mat_mat3
f 2894 2901 2902
usemtl Patch_1745_Mat_mat3
f 2894 2902 2903
usemtl Patch_1746_Mat_mat3
f 2894 2903 2904
usemtl Patch_1747_Mat_mat3
f 2894 2904 2905
usemtl Patch_1748_Mat_mat3
f 2894 2905 2906
usemtl Patch_1749_Mat_mat3
f 2894 2906 2907
usemtl Patch_1750_Mat_mat3
f 2894 2907 2908
usemtl Patch_1751_Mat_mat3
f 2894 2908 2909
usemtl Patch_1752_Mat_mat3
f 2894 2909 2910
usemtl Patch_1753_Mat_mat3
f 2894 2910 2911

# obj544
v 517.64788818 231.35826111 163.1889801
v 517.67718506 231.35826111 156.88977051
v 517.64788818 231.35826111 156.88977051
v 517.67718506 231.35826111 163.1889801
usemtl Patch_1754_Mat_mat6
f 2912 2913 2914
usemtl Patch_1755_Mat_mat6
f 2913 2912 2915

# obj545
v 575.19683838 231.35826111 163.1889801
v 517.67718506 231.35826111 156.88977051
v 575.19683838 231.35826111 156.88977051
v 517.67718506 231.35826111 163.1889801
usemtl Patch_1756_Mat_mat3
f 2916 2917 2918
usemtl Patch_1757_Mat_mat3
f 2917 2916 2919

# obj546
v 22.99212646 231.35826111 156.88977051
v -37.24409485 231.35826111 163.1889801
v -37.24409485 231.35826111 156.88977051
v 22.99212646 231.35826111 163.1889801
usemtl Patch_1758_Mat_mat3
f 2920 2921 2922
usemtl Patch_1759_Mat_mat3
f 2921 2920 2923

# obj547
v 302.08660889 231.35826111 163.1889801
v 237.87400818 231.35826111 156.88977051
v 302.08660889 231.35826111 156.88977051
v 237.87400818 231.35826111 163.1889801
usemtl Patch_1760_Mat_mat3
f 2924 2925 2926
usemtl Patch_1761_Mat_mat3
f 2925 2924 2927

# obj548
v 575.19683838 -272.38189697 163.1889801
v -37.24409485 -233.79920959 163.1889801
v -37.24409485 -272.38189697 163.1889801
v 24.68503952 -233.79920959 163.1889801
v 30.59055138 -233.79920959 163.1889801
v 100.5118103 -233.79920959 163.1889801
v 164.01574707 -233.79920959 163.1889801
v 169.92126465 -233.79920959 163.1889801
v 233.89764404 -233.79920959 163.1889801
v 239.80314636 -233.79920959 163.1889801
v 304.05511475 -233.79920959 163.1889801
v 309.96063232 -233.79920959 163.1889801
v 374.25198364 -233.79920959 163.1889801
v 380.1574707 -233.79920959 163.1889801
v 443.97637939 -233.79920959 163.1889801
v 449.88189697 -233.79920959 163.1889801
v 513.46453857 -233.79920959 163.1889801
v 519.37005615 -233.79920959 163.1889801
v 575.19683838 -233.79920959 163.1889801
usemtl Patch_1762_Mat_mat3
f 2928 2929 2930
usemtl Patch_1763_Mat_mat3
f 2929 2928 2931
usemtl Patch_1764_Mat_mat3
f 2931 2928 2932
usemtl Patch_1765_Mat_mat3
f 2932 2928 2933
usemtl Patch_1766_Mat_mat3
f 2933 2928 2934
usemtl Patch_1767_Mat_mat3
f 2934 2928 2935
usemtl Patch_1768_Mat_mat3
f 2935 2928 2936
usemtl Patch_1769_Mat_mat3
f 2936 2928 2937
usemtl Patch_1770_Mat_mat3
f 2937 2928 2938
usemtl Patch_1771_Mat_mat3
f 2938 2928 2939
usemtl Patch_1772_Mat_mat3
f 2939 2928 2940
usemtl Patch_1773_Mat_mat3
f 2940 2928 2941
usemtl Patch_1774_Mat_mat3
f 2941 2928 2942
usemtl Patch_1775_Mat_mat3
f 2942 2928 2943
usemtl Patch_1776_Mat_mat3
f 2943 2928 2944
usemtl Patch_1777_Mat_mat3
f 2944 2928 2945
usemtl Patch_1778_Mat_mat3
f 2945 2928 2946

# obj549
v -37.24409485 -233.79920959 163.1889801
v 24.68503952 -233.79920959 156.88977051
v -37.24409485 -233.79920959 156.88977051
v 24.68503952 -233.79920959 163.1889801
usemtl Patch_1779_Mat_mat3
f 2947 2948 2949
usemtl Patch_1780_Mat_mat3
f 2948 2947 2950

# obj550
v 519.37005615 -233.79920959 163.1889801
v 575.19683838 -233.79920959 156.88977051
v 519.37005615 -233.79920959 156.88977051
v 575.19683838 -233.79920959 163.1889801
usemtl Patch_1781_Mat_mat3
f 2951 2952 2953
usemtl Patch_1782_Mat_mat3
f 2952 2951 2954

# obj551
v 239.80314636 -233.79920959 163.1889801
v 304.05511475 -233.79920959 156.88977051
v 239.80314636 -233.79920959 156.88977051
v 304.05511475 -233.79920959 163.1889801
usemtl Patch_1783_Mat_mat3
f 2955 2956 2957
usemtl Patch_1784_Mat_mat3
f 2956 2955 2958

# obj552
v 639.01574707 -245.49212646 163.1889801
v 615.39367676 -227.89370728 163.1889801
v 615.39367676 -245.49212646 163.1889801
v 639.01574707 -227.89370728 163.1889801
usemtl Patch_1785_Mat_mat3
f 2959 2960 2961
usemtl Patch_1786_Mat_mat3
f 2960 2959 2962

# obj553
v 639.01574707 -227.89370728 156.88977051
v 639.01574707 -245.49212646 163.1889801
v 639.01574707 -245.49212646 156.88977051
v 639.01574707 -227.89370728 163.1889801
usemtl Patch_1787_Mat_mat3
f 2963 2964 2965
usemtl Patch_1788_Mat_mat3
f 2964 2963 2966

# obj554
v 615.39367676 -227.89370728 163.1889801
v 639.01574707 -227.89370728 156.88977051
v 615.39367676 -227.89370728 156.88977051
v 639.01574707 -227.89370728 163.1889801
usemtl Patch_1789_Mat_mat3
f 2967 2968 2969
usemtl Patch_1790_Mat_mat3
f 2968 2967 2970

# obj555
v 623.93701172 193.40551758 156.88977051
v 517.67718506 225.45275879 156.88977051
v 517.67718506 193.40551758 156.88977051
v 517.67718506 231.35826111 156.88977051
v 575.19683838 225.45275879 156.88977051
v 615.39367676 225.45275879 156.88977051
v 615.39367676 260.21652222 156.88977051
v 677.24407959 260.21652222 156.88977051
v 659.37005615 193.40551758 156.88977051
v 686.7322998 193.40551758 156.88977051
v 677.24407959 272.02755737 156.88977051
v 686.7322998 205.21653748 156.88977051
v 741.45666504 272.02755737 156.88977051
v 729.64569092 227.5 156.88977051
v 729.64569092 205.21653748 156.88977051
v 741.45666504 227.5 156.88977051
v 575.19683838 231.35826111 156.88977051
usemtl Patch_1791_Mat_mat3
f 2971 2972 2973
usemtl Patch_1792_Mat_mat3
f 2972 2971 2974
usemtl Patch_1793_Mat_mat3
f 2974 2971 2975
usemtl Patch_1794_Mat_mat3
f 2975 2971 2976
usemtl Patch_1795_Mat_mat3
f 2976 2971 2977
usemtl Patch_1796_Mat_mat3
f 2977 2971 2978
usemtl Patch_1797_Mat_mat3
f 2978 2971 2979
usemtl Patch_1798_Mat_mat3
f 2978 2979 2980
usemtl Patch_1799_Mat_mat3
f 2978 2980 2981
usemtl Patch_1800_Mat_mat3
f 2981 2980 2982
usemtl Patch_1801_Mat_mat3
f 2981 2982 2983
usemtl Patch_1802_Mat_mat3
f 2983 2982 2984
usemtl Patch_1803_Mat_mat3
f 2984 2982 2985
usemtl Patch_1804_Mat_mat3
f 2983 2984 2986
usemtl Patch_1805_Mat_mat3
f 2987 2974 2975

# obj556
v 659.37005615 -195.21653748 156.88977051
v 623.93701172 193.40551758 156.88977051
v 623.93701172 -195.21653748 156.88977051
v 659.37005615 193.40551758 156.88977051
usemtl Patch_1806_Mat_mat6
f 2988 2989 2990
usemtl Patch_1807_Mat_mat6
f 2989 2988 2991

# obj557
v -87.48031616 -221.9881897 -0
v -47.24409485 -157.34251404 -0
v -87.48031616 156.94882202 -0
v -31.65354347 -221.9881897 -0
v -0 -157.34251404 0
v 37.00787354 -221.9881897 -0
v 0 157.34251404 0
v 102.75590515 -309.07479858 -0
v 22.04724503 -258.60235596 -0
v 22.04724503 -309.07479858 -0
v 37.00787354 -258.60235596 -0
v 58.26771545 -165.15748596 -0
v 89.37007904 -258.60235596 -0
v 102.75590515 -258.60235596 -0
v 310.66928101 -309.07479858 -0
v 229.96063232 -258.60235596 -0
v 229.96063232 -309.07479858 -0
v 244.92126465 -258.60235596 -0
v 244.92126465 -221.9881897 -0
v 297.28347778 -258.60235596 -0
v 310.66928101 -258.60235596 -0
v 519.01574707 -309.07479858 -0
v 438.30709839 -258.60235596 -0
v 438.30709839 -309.07479858 -0
v 453.26773071 -258.60235596 -0
v 453.26773071 -221.9881897 -0
v 505.62991333 -258.60235596 -0
v 519.01574707 -258.60235596 -0
v 561.5748291 144.4881897 -0
v 526.81103516 165.15748596 -0
v 526.81103516 144.4881897 -0
v 596.18109131 123.81890106 -0
v 561.5748291 123.81890106 -0
v 89.37007904 -221.9881897 -0
v 526.81103516 -165.15748596 -0
v 297.28347778 -221.9881897 -0
v 505.62991333 -221.9881897 -0
v 621.5748291 -221.9881897 -0
v 526.81103516 -144.4881897 -0
v 561.5748291 -144.4881897 -0
v 561.5748291 -123.81890106 -0
v 596.18109131 -123.81890106 -0
v 633.38580322 -173.28739929 -0
v 621.5748291 -120.61023712 -0
v 621.5748291 -173.28739929 -0
v 633.38580322 -120.61023712 -0
v 633.38580322 118.87795258 -0
v 621.5748291 171.39764404 -0
v 621.5748291 118.87795258 -0
v 633.38580322 171.39764404 -0
v -87.48031616 220.09841919 -0
v -87.48031616 157.34251404 -0
v -31.65354347 220.09841919 -0
v 244.25196838 220.09841919 -0
v 58.26771545 165.15748596 -0
v 296.45669556 220.09841919 -0
v 244.25196838 256.71258545 -0
v 621.5748291 220.09841919 -0
v 296.45669556 256.71258545 -0
v -47.24409485 -156.94882202 -0
v -0.78740156 156.94882202 -0
v -0.78740156 -156.94882202 -0
usemtl Patch_1808_Mat_mat3
f 2992 2993 2994
usemtl Patch_1809_Mat_mat3
f 2993 2992 2995
usemtl Patch_1810_Mat_mat3
f 2993 2995 2996
usemtl Patch_1811_Mat_mat3
f 2996 2995 2997
usemtl Patch_1812_Mat_mat3
f 2996 2997 2998
usemtl Patch_1813_Mat_mat3
f 2999 3000 3001
usemtl Patch_1814_Mat_mat3
f 3000 2999 3002
usemtl Patch_1815_Mat_mat3
f 3002 2999 2997
usemtl Patch_1816_Mat_mat3
f 2997 2999 3003
usemtl Patch_1817_Mat_mat3
f 3003 2999 3004
usemtl Patch_1818_Mat_mat3
f 3004 2999 3005
usemtl Patch_1819_Mat_mat3
f 3006 3007 3008
usemtl Patch_1820_Mat_mat3
f 3007 3006 3009
usemtl Patch_1821_Mat_mat3
f 3009 3006 3010
usemtl Patch_1822_Mat_mat3
f 3010 3006 3011
usemtl Patch_1823_Mat_mat3
f 3011 3006 3012
usemtl Patch_1824_Mat_mat3
f 3013 3014 3015
usemtl Patch_1825_Mat_mat3
f 3014 3013 3016
usemtl Patch_1826_Mat_mat3
f 3016 3013 3017
usemtl Patch_1827_Mat_mat3
f 3017 3013 3018
usemtl Patch_1828_Mat_mat3
f 3018 3013 3019
usemtl Patch_1829_Mat_mat3
f 3020 3021 3022
usemtl Patch_1830_Mat_mat3
f 3023 3020 3024
usemtl Patch_1831_Mat_mat3
f 3003 3025 3026
usemtl Patch_1832_Mat_mat3
f 3025 3003 3004
usemtl Patch_1833_Mat_mat3
f 3026 3025 3010
usemtl Patch_1834_Mat_mat3
f 3026 3010 3027
usemtl Patch_1835_Mat_mat3
f 3027 3010 3011
usemtl Patch_1836_Mat_mat3
f 3026 3027 3017
usemtl Patch_1837_Mat_mat3
f 3026 3017 3028
usemtl Patch_1838_Mat_mat3
f 3028 3017 3018
usemtl Patch_1839_Mat_mat3
f 3026 3028 3029
usemtl Patch_1840_Mat_mat3
f 3026 3029 3030
usemtl Patch_1841_Mat_mat3
f 3030 3029 3031
usemtl Patch_1842_Mat_mat3
f 3031 3029 3032
usemtl Patch_1843_Mat_mat3
f 3032 3029 3033
usemtl Patch_1844_Mat_mat3
f 3033 3029 3023
usemtl Patch_1845_Mat_mat3
f 3034 3035 3036
usemtl Patch_1846_Mat_mat3
f 3035 3034 3037
usemtl Patch_1847_Mat_mat3
f 3038 3039 3040
usemtl Patch_1848_Mat_mat3
f 3039 3038 3041
usemtl Patch_1849_Mat_mat3
f 2998 3042 3043
usemtl Patch_1850_Mat_mat3
f 3042 2998 3044
usemtl Patch_1851_Mat_mat3
f 3044 2998 3045
usemtl Patch_1852_Mat_mat3
f 3045 2998 3046
usemtl Patch_1853_Mat_mat3
f 3046 2998 2997
usemtl Patch_1854_Mat_mat3
f 3046 2997 3003
usemtl Patch_1855_Mat_mat3
f 3045 3046 3021
usemtl Patch_1856_Mat_mat3
f 3045 3021 3047
usemtl Patch_1857_Mat_mat3
f 3045 3047 3048
usemtl Patch_1858_Mat_mat3
f 3047 3021 3049
usemtl Patch_1859_Mat_mat3
f 3049 3021 3020
usemtl Patch_1860_Mat_mat3
f 3049 3020 3023
usemtl Patch_1861_Mat_mat3
f 3049 3023 3039
usemtl Patch_1862_Mat_mat3
f 3039 3023 3029
usemtl Patch_1863_Mat_mat3
f 3050 3048 3047
usemtl Patch_1864_Mat_mat3
f 2994 3051 3052
usemtl Patch_1865_Mat_mat3
f 3051 2994 2993
usemtl Patch_1866_Mat_mat3
f 3052 3051 3053

# obj558
v -87.48031616 220.09841919 -0
v -87.48031616 157.34251404 39.37007904
v -87.48031616 157.34251404 -0
v -87.48031616 173.87796021 39.37007904
v -87.48031616 173.87796021 140.5118103
v -87.48031616 220.09841919 140.5118103
v -87.48031616 220.09841919 78.54330444
usemtl Patch_1867_Mat_mat0
f 3054 3055 3056
usemtl Patch_1868_Mat_mat0
f 3055 3054 3057
usemtl Patch_1869_Mat_mat0
f 3057 3054 3058
usemtl Patch_1870_Mat_mat0
f 3058 3054 3059

# obj559
v -87.48031616 157.34251404 39.37007904
v 0 157.34251404 0
v -87.48031616 157.34251404 -0
v 0 157.34251404 38.97637939
v 0 157.34251404 39.37007904
usemtl Patch_1871_Mat_mat0
f 3061 3062 3063
usemtl Patch_1872_Mat_mat0
f 3062 3061 3064
usemtl Patch_1873_Mat_mat0
f 3064 3061 3065

# obj560
v -87.48031616 -178.24803162 39.37007904
v -87.48031616 -168.36613464 31.49606323
v -87.48031616 -157.34251404 39.37007904
v -87.48031616 -168.36613464 29.92125893
v -87.48031616 -157.34251404 31.49606323
v -87.48031616 -157.34251404 38.18897629
v -87.48031616 -221.9881897 -0
v -87.48031616 -201.43701172 6.29921246
v -87.48031616 -221.9881897 140.5118103
v -87.48031616 156.94882202 -0
v -87.48031616 -188.83857727 6.29921246
v -87.48031616 -188.83857727 7.87401581
v -87.48031616 -177.81495667 14.17322826
v -87.48031616 -177.81495667 15.74803162
v -87.48031616 -166.79133606 22.04724503
v -87.48031616 -166.79133606 23.62204742
v -87.48031616 -157.34251404 29.92125893
v -87.48031616 156.94882202 38.18897629
v -87.48031616 -179.38977051 23.62204742
v -87.48031616 -179.38977051 22.04724503
v -87.48031616 -190.41339111 15.74803162
v -87.48031616 -201.43701172 7.87401581
v -87.48031616 -178.24803162 140.5118103
v -87.48031616 -190.41339111 14.17322826
usemtl Patch_1874_Mat_mat0
f 3066 3067 3068
usemtl Patch_1875_Mat_mat0
f 3067 3066 3069
usemtl Patch_1876_Mat_mat0
f 3068 3067 3070
usemtl Patch_1877_Mat_mat0
f 3072 3073 3074
usemtl Patch_1878_Mat_mat0
f 3073 3072 3075
usemtl Patch_1879_Mat_mat0
f 3073 3075 3076
usemtl Patch_1880_Mat_mat0
f 3076 3075 3077
usemtl Patch_1881_Mat_mat0
f 3077 3075 3078
usemtl Patch_1882_Mat_mat0
f 3078 3075 3079
usemtl Patch_1883_Mat_mat0
f 3079 3075 3080
usemtl Patch_1884_Mat_mat0
f 3080 3075 3081
usemtl Patch_1885_Mat_mat0
f 3081 3075 3082
usemtl Patch_1886_Mat_mat0
f 3082 3075 3070
usemtl Patch_1887_Mat_mat0
f 3070 3075 3071
usemtl Patch_1888_Mat_mat0
f 3071 3075 3083
usemtl Patch_1889_Mat_mat0
f 3081 3066 3084
usemtl Patch_1890_Mat_mat0
f 3066 3081 3069
usemtl Patch_1891_Mat_mat0
f 3069 3081 3082
usemtl Patch_1892_Mat_mat0
f 3079 3085 3086
usemtl Patch_1893_Mat_mat0
f 3085 3079 3080
usemtl Patch_1894_Mat_mat0
f 3074 3087 3088
usemtl Patch_1895_Mat_mat0
f 3087 3074 3073
usemtl Patch_1896_Mat_mat0
f 3088 3087 3086
usemtl Patch_1897_Mat_mat0
f 3086 3087 3089
usemtl Patch_1898_Mat_mat0
f 3088 3086 3084
usemtl Patch_1899_Mat_mat0
f 3084 3086 3085
usemtl Patch_1900_Mat_mat0
f 3088 3084 3066
usemtl Patch_1901_Mat_mat0
f 3077 3089 3087
usemtl Patch_1902_Mat_mat0
f 3089 3077 3078

# obj561
v -0.78740156 156.94882202 38.18897629
v -87.48031616 156.94882202 -0
v -0.78740156 156.94882202 -0
v -87.48031616 156.94882202 38.18897629
usemtl Patch_1903_Mat_mat0
f 3090 3091 3092
usemtl Patch_1904_Mat_mat0
f 3091 3090 3093

# obj562
v 517.67718506 193.40551758 156.88977051
v 302.08660889 225.45275879 156.88977051
v 302.08660889 193.40551758 156.88977051
v 307.99212646 225.45275879 156.88977051
v 372.04724121 225.45275879 156.88977051
v 377.95275879 225.45275879 156.88977051
v 441.96850586 225.45275879 156.88977051
v 447.87402344 225.45275879 156.88977051
v 511.77166748 225.45275879 156.88977051
v 517.67718506 225.45275879 156.88977051
usemtl Patch_1905_Mat_mat6
f 3094 3095 3096
usemtl Patch_1906_Mat_mat6
f 3095 3094 3097
usemtl Patch_1907_Mat_mat6
f 3097 3094 3098
usemtl Patch_1908_Mat_mat6
f 3098 3094 3099
usemtl Patch_1909_Mat_mat6
f 3099 3094 3100
usemtl Patch_1910_Mat_mat6
f 3100 3094 3101
usemtl Patch_1911_Mat_mat6
f 3101 3094 3102
usemtl Patch_1912_Mat_mat6
f 3102 3094 3103

# obj563
v 302.08660889 193.40551758 156.88977051
v 237.87400818 225.45275879 156.88977051
v 237.87400818 193.40551758 156.88977051
v 237.87400818 231.35826111 156.88977051
v 302.08660889 225.45275879 156.88977051
v 302.08660889 231.35826111 156.88977051
usemtl Patch_1913_Mat_mat3
f 3104 3105 3106
usemtl Patch_1914_Mat_mat3
f 3105 3104 3107
usemtl Patch_1915_Mat_mat3
f 3107 3104 3108
usemtl Patch_1916_Mat_mat3
f 3107 3108 3109

# obj564
v 237.87400818 193.40551758 156.88977051
v 22.99212646 225.45275879 156.88977051
v 22.99212646 193.40551758 156.88977051
v 28.89763832 225.45275879 156.88977051
v 92.24409485 225.45275879 156.88977051
v 98.1496048 225.45275879 156.88977051
v 161.77165222 225.45275879 156.88977051
v 167.6771698 225.45275879 156.88977051
v 231.96850586 225.45275879 156.88977051
v 237.87400818 225.45275879 156.88977051
usemtl Patch_1917_Mat_mat6
f 3110 3111 3112
usemtl Patch_1918_Mat_mat6
f 3111 3110 3113
usemtl Patch_1919_Mat_mat6
f 3113 3110 3114
usemtl Patch_1920_Mat_mat6
f 3114 3110 3115
usemtl Patch_1921_Mat_mat6
f 3115 3110 3116
usemtl Patch_1922_Mat_mat6
f 3116 3110 3117
usemtl Patch_1923_Mat_mat6
f 3117 3110 3118
usemtl Patch_1924_Mat_mat6
f 3118 3110 3119

# obj565
v -29.29133797 175.84645081 156.88977051
v -87.08661652 225.45275879 156.88977051
v -87.08661652 175.84645081 156.88977051
v -37.24409485 225.45275879 156.88977051
v -37.24409485 231.35826111 156.88977051
v -29.29133797 193.40551758 156.88977051
v 22.99212646 231.35826111 156.88977051
v 22.99212646 225.45275879 156.88977051
v 22.99212646 193.40551758 156.88977051
usemtl Patch_1925_Mat_mat3
f 3120 3121 3122
usemtl Patch_1926_Mat_mat3
f 3121 3120 3123
usemtl Patch_1927_Mat_mat3
f 3123 3120 3124
usemtl Patch_1928_Mat_mat3
f 3124 3120 3125
usemtl Patch_1929_Mat_mat3
f 3124 3125 3126
usemtl Patch_1930_Mat_mat3
f 3126 3125 3127
usemtl Patch_1931_Mat_mat3
f 3127 3125 3128

# obj566
v 575.19683838 -233.79920959 156.88977051
v 519.37005615 -227.89370728 156.88977051
v 519.37005615 -233.79920959 156.88977051
v 623.93701172 -195.21653748 156.88977051
v 519.37005615 -195.21653748 156.88977051
v 575.19683838 -227.89370728 156.88977051
v 615.39367676 -227.89370728 156.88977051
v 639.01574707 -227.89370728 156.88977051
v 659.37005615 -195.21653748 156.88977051
v 729.64569092 -245.49212646 156.88977051
v 639.01574707 -245.49212646 156.88977051
v 686.7322998 -207.02755737 156.88977051
v 729.64569092 -207.02755737 156.88977051
v 686.7322998 -195.21653748 156.88977051
usemtl Patch_1932_Mat_mat3
f 3129 3130 3131
usemtl Patch_1933_Mat_mat3
f 3130 3132 3133
usemtl Patch_1934_Mat_mat3
f 3132 3130 3134
usemtl Patch_1935_Mat_mat3
f 3134 3130 3129
usemtl Patch_1936_Mat_mat3
f 3132 3134 3135
usemtl Patch_1937_Mat_mat3
f 3132 3135 3136
usemtl Patch_1938_Mat_mat3
f 3132 3136 3137
usemtl Patch_1939_Mat_mat3
f 3138 3136 3139
usemtl Patch_1940_Mat_mat3
f 3136 3138 3137
usemtl Patch_1941_Mat_mat3
f 3137 3138 3140
usemtl Patch_1942_Mat_mat3
f 3140 3138 3141
usemtl Patch_1943_Mat_mat3
f 3142 3137 3140

# obj567
v 309.96063232 -227.89370728 156.88977051
v 304.05511475 -195.21653748 156.88977051
v 304.05511475 -227.89370728 156.88977051
v 519.37005615 -195.21653748 156.88977051
v 374.25198364 -227.89370728 156.88977051
v 380.1574707 -227.89370728 156.88977051
v 443.97637939 -227.89370728 156.88977051
v 449.88189697 -227.89370728 156.88977051
v 513.46453857 -227.89370728 156.88977051
v 519.37005615 -227.89370728 156.88977051
usemtl Patch_1944_Mat_mat6
f 3143 3144 3145
usemtl Patch_1945_Mat_mat6
f 3144 3143 3146
usemtl Patch_1946_Mat_mat6
f 3146 3143 3147
usemtl Patch_1947_Mat_mat6
f 3146 3147 3148
usemtl Patch_1948_Mat_mat6
f 3146 3148 3149
usemtl Patch_1949_Mat_mat6
f 3146 3149 3150
usemtl Patch_1950_Mat_mat6
f 3146 3150 3151
usemtl Patch_1951_Mat_mat6
f 3146 3151 3152

# obj568
v 304.05511475 -233.79920959 156.88977051
v 239.80314636 -227.89370728 156.88977051
v 239.80314636 -233.79920959 156.88977051
v 239.80314636 -195.21653748 156.88977051
v 304.05511475 -195.21653748 156.88977051
v 304.05511475 -227.89370728 156.88977051
usemtl Patch_1952_Mat_mat3
f 3153 3154 3155
usemtl Patch_1953_Mat_mat3
f 3154 3153 3156
usemtl Patch_1954_Mat_mat3
f 3156 3153 3157

# obj569
v 30.59055138 -227.89370728 156.88977051
v 24.68503952 -195.21653748 156.88977051
v 24.68503952 -227.89370728 156.88977051
v 239.80314636 -195.21653748 156.88977051
v 94.60630035 -227.89370728 156.88977051
v 100.5118103 -227.89370728 156.88977051
v 164.01574707 -227.89370728 156.88977051
v 169.92126465 -227.89370728 156.88977051
v 233.89764404 -227.89370728 156.88977051
v 239.80314636 -227.89370728 156.88977051
usemtl Patch_1955_Mat_mat6
f 3159 3160 3161
usemtl Patch_1956_Mat_mat6
f 3160 3159 3162
usemtl Patch_1957_Mat_mat6
f 3162 3159 3163
usemtl Patch_1958_Mat_mat6
f 3162 3163 3164
usemtl Patch_1959_Mat_mat6
f 3162 3164 3165
usemtl Patch_1960_Mat_mat6
f 3162 3165 3166
usemtl Patch_1961_Mat_mat6
f 3162 3166 3167
usemtl Patch_1962_Mat_mat6
f 3162 3167 3168

# obj570
v 22.04724503 -309.07479858 -0
v 102.75590515 -309.07479858 57.48031616
v 102.75590515 -309.07479858 -0
v 22.04724503 -309.07479858 57.48031616
v 22.04724503 -309.07479858 135.82676697
v 102.75590515 -309.07479858 135.82676697
usemtl Patch_1963_Mat_mat5
f 3169 3170 3171
usemtl Patch_1964_Mat_mat5
f 3170 3169 3172
usemtl Patch_1965_Mat_mat5
f 3170 3172 3173
usemtl Patch_1966_Mat_mat5
f 3170 3173 3174

# obj571
v 621.5748291 191.43701172 182.6771698
v -27.32283401 191.43701172 140.5118103
v 621.5748291 191.43701172 140.5118103
v -27.32283401 191.43701172 182.6771698
usemtl Patch_1967_Mat_mat2
f 3175 3176 3177
usemtl Patch_1968_Mat_mat2
f 3176 3175 3178

# obj572
v -31.25984192 220.09841919 140.5118103
v -87.48031616 220.09841919 78.54330444
v -31.65354347 220.09841919 78.54330444
v -87.48031616 220.09841919 140.5118103
usemtl Patch_1969_Mat_mat0
f 3179 3180 3181
usemtl Patch_1970_Mat_mat0
f 3180 3179 3182

# obj573
v 573.30706787 244.90158081 140.5118103
v 572.91339111 220.09841919 20.07874107
v 572.91339111 220.09841919 140.5118103
usemtl Patch_1971_Mat_mat0
f 3183 3184 3185

# obj574
v 573.30706787 244.90158081 140.5118103
v 573.30706787 242.53936768 31.35350037
v 572.91339111 220.09841919 20.07874107
usemtl Patch_1972_Mat_mat0
f 3186 3187 3188

# obj575
v 573.30706787 244.90158081 31.35350037
v 573.30706787 242.53936768 31.35350037
v 573.30706787 244.90158081 140.5118103
usemtl Patch_1973_Mat_mat0
f 3189 3190 3191

# obj576
v 573.30706787 242.53936768 20.07874107
v 572.91339111 220.09841919 20.07874107
v 573.30706787 242.53936768 31.35350037
usemtl Patch_1974_Mat_mat0
f 3192 3193 3194

# obj577
v 573.30706787 244.90158081 140.5118103
v 517.67718506 244.90158081 31.35350037
v 573.30706787 244.90158081 31.35350037
v 511.77166748 244.90158081 31.35350037
v 447.87402344 244.90158081 31.35350037
v 441.96850586 244.90158081 31.35350037
v 377.95275879 244.90158081 31.35350037
v 372.04724121 244.90158081 31.35350037
v 307.99212646 244.90158081 31.35350037
v 296.45669556 244.90158081 100
v 244.25196838 244.90158081 100
v 231.96850586 244.90158081 17.71653557
v 244.25196838 244.90158081 17.71653557
v 231.96850586 244.90158081 31.49606323
v 167.6771698 244.90158081 31.49606323
v 161.77165222 244.90158081 31.49606323
v 98.1496048 244.90158081 31.49606323
v 92.24409485 244.90158081 31.49606323
v 28.89763832 244.90158081 31.49606323
v 22.99212646 244.90158081 31.49606323
v -31.25984192 244.90158081 31.49606323
v -31.25984192 244.90158081 140.5118103
v 22.99212646 244.90158081 17.71653557
v 28.89763832 244.90158081 17.71653557
v 161.77165222 244.90158081 17.71653557
v 167.6771698 244.90158081 17.71653557
v 296.45669556 244.90158081 17.71653557
v 307.99212646 244.90158081 17.71653557
v 372.04724121 244.90158081 17.71653557
v 377.95275879 244.90158081 17.71653557
v 441.96850586 244.90158081 17.71653557
v 447.87402344 244.90158081 17.71653557
v 511.77166748 244.90158081 17.71653557
v 517.67718506 244.90158081 17.71653557
usemtl Patch_1975_Mat_mat0
f 3195 3196 3197
usemtl Patch_1976_Mat_mat0
f 3196 3195 3198
usemtl Patch_1977_Mat_mat0
f 3198 3195 3199
usemtl Patch_1978_Mat_mat0
f 3199 3195 3200
usemtl Patch_1979_Mat_mat0
f 3200 3195 3201
usemtl Patch_1980_Mat_mat0
f 3201 3195 3202
usemtl Patch_1981_Mat_mat0
f 3202 3195 3203
usemtl Patch_1982_Mat_mat0
f 3203 3195 3204
usemtl Patch_1983_Mat_mat0
f 3204 3195 3205
usemtl Patch_1984_Mat_mat0
f 3205 3206 3207
usemtl Patch_1985_Mat_mat0
f 3206 3205 3208
usemtl Patch_1986_Mat_mat0
f 3208 3205 3209
usemtl Patch_1987_Mat_mat0
f 3209 3205 3210
usemtl Patch_1988_Mat_mat0
f 3210 3205 3211
usemtl Patch_1989_Mat_mat0
f 3211 3205 3212
usemtl Patch_1990_Mat_mat0
f 3212 3205 3213
usemtl Patch_1991_Mat_mat0
f 3213 3205 3214
usemtl Patch_1992_Mat_mat0
f 3214 3205 3215
usemtl Patch_1993_Mat_mat0
f 3215 3205 3216
usemtl Patch_1994_Mat_mat0
f 3216 3205 3195
usemtl Patch_1995_Mat_mat0
f 3213 3217 3218
usemtl Patch_1996_Mat_mat0
f 3217 3213 3214
usemtl Patch_1997_Mat_mat0
f 3209 3219 3220
usemtl Patch_1998_Mat_mat0
f 3219 3209 3210
usemtl Patch_1999_Mat_mat0
f 3203 3221 3222
usemtl Patch_2000_Mat_mat0
f 3221 3203 3204
usemtl Patch_2001_Mat_mat0
f 3201 3223 3224
usemtl Patch_2002_Mat_mat0
f 3223 3201 3202
usemtl Patch_2003_Mat_mat0
f 3199 3225 3226
usemtl Patch_2004_Mat_mat0
f 3225 3199 3200
usemtl Patch_2005_Mat_mat0
f 3196 3227 3228
usemtl Patch_2006_Mat_mat0
f 3227 3196 3198

# obj578
v -31.25984192 242.53936768 20.07874107
v -31.65354347 220.09841919 78.54330444
v -31.65354347 220.09841919 20.07874107
usemtl Patch_2007_Mat_mat0
f 3229 3230 3231

# obj579
v -31.25984192 242.53936768 20.07874107
v -31.25984192 220.09841919 140.5118103
v -31.65354347 220.09841919 78.54330444
usemtl Patch_2008_Mat_mat0
f 3232 3233 3234

# obj580
v -31.25984192 220.09841919 140.5118103
v -31.25984192 242.53936768 31.49606323
v -31.25984192 244.90158081 140.5118103
v -31.25984192 242.53936768 20.07874107
v -31.25984192 244.90158081 31.49606323
usemtl Patch_2009_Mat_mat0
f 3235 3236 3237
usemtl Patch_2010_Mat_mat0
f 3236 3235 3238
usemtl Patch_2011_Mat_mat0
f 3237 3236 3239

# obj581
v 572.91339111 -221.9881897 140.5118103
v 573.30706787 -246.79133606 31.49606323
v 573.30706787 -246.79133606 140.5118103
usemtl Patch_2012_Mat_mat0
f 3240 3241 3242

# obj582
v 572.91339111 -221.9881897 140.5118103
v 573.30706787 -244.42913818 31.49606323
v 573.30706787 -246.79133606 31.49606323
usemtl Patch_2013_Mat_mat0
f 3243 3244 3245

# obj583
v 572.91339111 -221.9881897 140.5118103
v 573.30706787 -244.42913818 20.07874107
v 573.30706787 -244.42913818 31.49606323
v 572.91339111 -221.9881897 20.07874107
usemtl Patch_2014_Mat_mat0
f 3246 3247 3248
usemtl Patch_2015_Mat_mat0
f 3247 3246 3249

# obj584
v -31.25984192 -244.42913818 31.49606323
v -31.25984192 -246.79133606 140.5118103
v -31.25984192 -246.79133606 31.49606323
v -31.25984192 -221.9881897 140.5118103
usemtl Patch_2016_Mat_mat0
f 3250 3251 3252
usemtl Patch_2017_Mat_mat0
f 3251 3250 3253

# obj585
v -87.48031616 -178.24803162 140.5118103
v -31.25984192 -221.9881897 140.5118103
v -87.48031616 -221.9881897 140.5118103
v -27.32283401 -178.24803162 140.5118103
v -27.32283401 -193.24803162 140.5118103
v 24.68503952 -227.89370728 140.5118103
v 24.68503952 -233.79920959 140.5118103
v 621.5748291 -193.24803162 140.5118103
v 30.59055138 -227.89370728 140.5118103
v 94.60630035 -227.89370728 140.5118103
v 94.60630035 -233.79920959 140.5118103
v 100.5118103 -227.89370728 140.5118103
v 164.01574707 -227.89370728 140.5118103
v 164.01574707 -233.79920959 140.5118103
v 169.92126465 -227.89370728 140.5118103
v 233.89764404 -227.89370728 140.5118103
v 233.89764404 -233.79920959 140.5118103
v 239.80314636 -227.89370728 140.5118103
v 304.05511475 -227.89370728 140.5118103
v 304.05511475 -233.79920959 140.5118103
v 309.96063232 -227.89370728 140.5118103
v 374.25198364 -227.89370728 140.5118103
v 374.25198364 -233.79920959 140.5118103
v 380.1574707 -227.89370728 140.5118103
v 443.97637939 -227.89370728 140.5118103
v 443.97637939 -233.79920959 140.5118103
v 449.88189697 -227.89370728 140.5118103
v 513.46453857 -227.89370728 140.5118103
v 513.46453857 -233.79920959 140.5118103
v 519.37005615 -227.89370728 140.5118103
v 572.91339111 -221.9881897 140.5118103
v 621.5748291 -221.9881897 140.5118103
v -31.25984192 -246.79133606 140.5118103
v 573.30706787 -246.79133606 140.5118103
v 30.59055138 -233.79920959 140.5118103
v 100.5118103 -233.79920959 140.5118103
v 169.92126465 -233.79920959 140.5118103
v 239.80314636 -233.79920959 140.5118103
v 309.96063232 -233.79920959 140.5118103
v 380.1574707 -233.79920959 140.5118103
v 449.88189697 -233.79920959 140.5118103
v 519.37005615 -233.79920959 140.5118103
usemtl Patch_2018_Mat_mat2
f 3254 3255 3256
usemtl Patch_2019_Mat_mat2
f 3255 3254 3257
usemtl Patch_2020_Mat_mat2
f 3255 3257 3258
usemtl Patch_2021_Mat_mat2
f 3258 3259 3260
usemtl Patch_2022_Mat_mat2
f 3259 3258 3261
usemtl Patch_2023_Mat_mat2
f 3259 3261 3262
usemtl Patch_2024_Mat_mat2
f 3262 3261 3263
usemtl Patch_2025_Mat_mat2
f 3262 3263 3264
usemtl Patch_2026_Mat_mat2
f 3263 3261 3265
usemtl Patch_2027_Mat_mat2
f 3265 3261 3266
usemtl Patch_2028_Mat_mat2
f 3265 3266 3267
usemtl Patch_2029_Mat_mat2
f 3266 3261 3268
usemtl Patch_2030_Mat_mat2
f 3268 3261 3269
usemtl Patch_2031_Mat_mat2
f 3268 3269 3270
usemtl Patch_2032_Mat_mat2
f 3269 3261 3271
usemtl Patch_2033_Mat_mat2
f 3271 3261 3272
usemtl Patch_2034_Mat_mat2
f 3271 3272 3273
usemtl Patch_2035_Mat_mat2
f 3272 3261 3274
usemtl Patch_2036_Mat_mat2
f 3274 3261 3275
usemtl Patch_2037_Mat_mat2
f 3274 3275 3276
usemtl Patch_2038_Mat_mat2
f 3275 3261 3277
usemtl Patch_2039_Mat_mat2
f 3277 3261 3278
usemtl Patch_2040_Mat_mat2
f 3277 3278 3279
usemtl Patch_2041_Mat_mat2
f 3278 3261 3280
usemtl Patch_2042_Mat_mat2
f 3280 3261 3281
usemtl Patch_2043_Mat_mat2
f 3280 3281 3282
usemtl Patch_2044_Mat_mat2
f 3281 3261 3283
usemtl Patch_2045_Mat_mat2
f 3283 3261 3284
usemtl Patch_2046_Mat_mat2
f 3284 3261 3285
usemtl Patch_2047_Mat_mat2
f 3286 3260 3287
usemtl Patch_2048_Mat_mat2
f 3260 3286 3255
usemtl Patch_2049_Mat_mat2
f 3260 3255 3258
usemtl Patch_2050_Mat_mat2
f 3287 3260 3288
usemtl Patch_2051_Mat_mat2
f 3287 3288 3264
usemtl Patch_2052_Mat_mat2
f 3264 3288 3262
usemtl Patch_2053_Mat_mat2
f 3287 3264 3289
usemtl Patch_2054_Mat_mat2
f 3287 3289 3267
usemtl Patch_2055_Mat_mat2
f 3267 3289 3265
usemtl Patch_2056_Mat_mat2
f 3287 3267 3290
usemtl Patch_2057_Mat_mat2
f 3287 3290 3270
usemtl Patch_2058_Mat_mat2
f 3270 3290 3268
usemtl Patch_2059_Mat_mat2
f 3287 3270 3291
usemtl Patch_2060_Mat_mat2
f 3287 3291 3273
usemtl Patch_2061_Mat_mat2
f 3273 3291 3271
usemtl Patch_2062_Mat_mat2
f 3287 3273 3292
usemtl Patch_2063_Mat_mat2
f 3287 3292 3276
usemtl Patch_2064_Mat_mat2
f 3276 3292 3274
usemtl Patch_2065_Mat_mat2
f 3287 3276 3293
usemtl Patch_2066_Mat_mat2
f 3287 3293 3277
usemtl Patch_2067_Mat_mat2
f 3287 3277 3279
usemtl Patch_2068_Mat_mat2
f 3287 3279 3294
usemtl Patch_2069_Mat_mat2
f 3287 3294 3280
usemtl Patch_2070_Mat_mat2
f 3287 3280 3282
usemtl Patch_2071_Mat_mat2
f 3287 3282 3295
usemtl Patch_2072_Mat_mat2
f 3287 3295 3283
usemtl Patch_2073_Mat_mat2
f 3287 3283 3284

# obj586
v -87.48031616 220.09841919 140.5118103
v -27.32283401 173.87796021 140.5118103
v -87.48031616 173.87796021 140.5118103
v -31.25984192 220.09841919 140.5118103
v -31.25984192 244.90158081 140.5118103
v -27.32283401 191.43701172 140.5118103
v 22.99212646 231.35826111 140.5118103
v 573.30706787 244.90158081 140.5118103
v 22.99212646 225.45275879 140.5118103
v 28.89763832 231.35826111 140.5118103
v 92.24409485 231.35826111 140.5118103
v 92.24409485 225.45275879 140.5118103
v 98.1496048 231.35826111 140.5118103
v 161.77165222 231.35826111 140.5118103
v 161.77165222 225.45275879 140.5118103
v 167.6771698 231.35826111 140.5118103
v 231.96850586 231.35826111 140.5118103
v 231.96850586 225.45275879 140.5118103
v 237.87400818 231.35826111 140.5118103
v 302.08660889 231.35826111 140.5118103
v 302.08660889 225.45275879 140.5118103
v 307.99212646 231.35826111 140.5118103
v 372.04724121 231.35826111 140.5118103
v 372.04724121 225.45275879 140.5118103
v 377.95275879 231.35826111 140.5118103
v 441.96850586 231.35826111 140.5118103
v 441.96850586 225.45275879 140.5118103
v 447.87402344 231.35826111 140.5118103
v 511.77166748 231.35826111 140.5118103
v 511.77166748 225.45275879 140.5118103
v 517.67718506 231.35826111 140.5118103
v 572.91339111 220.09841919 140.5118103
v 621.5748291 191.43701172 140.5118103
v 28.89763832 225.45275879 140.5118103
v 98.1496048 225.45275879 140.5118103
v 167.6771698 225.45275879 140.5118103
v 237.87400818 225.45275879 140.5118103
v 307.99212646 225.45275879 140.5118103
v 377.95275879 225.45275879 140.5118103
v 447.87402344 225.45275879 140.5118103
v 517.67718506 225.45275879 140.5118103
v 621.5748291 220.09841919 140.5118103
usemtl Patch_2074_Mat_mat2
f 3296 3297 3298
usemtl Patch_2075_Mat_mat2
f 3297 3296 3299
usemtl Patch_2076_Mat_mat2
f 3297 3299 3300
usemtl Patch_2077_Mat_mat2
f 3297 3300 3301
usemtl Patch_2078_Mat_mat2
f 3301 3300 3302
usemtl Patch_2079_Mat_mat2
f 3302 3300 3303
usemtl Patch_2080_Mat_mat2
f 3301 3302 3304
usemtl Patch_2081_Mat_mat2
f 3302 3303 3305
usemtl Patch_2082_Mat_mat2
f 3305 3303 3306
usemtl Patch_2083_Mat_mat2
f 3305 3306 3307
usemtl Patch_2084_Mat_mat2
f 3306 3303 3308
usemtl Patch_2085_Mat_mat2
f 3308 3303 3309
usemtl Patch_2086_Mat_mat2
f 3308 3309 3310
usemtl Patch_2087_Mat_mat2
f 3309 3303 3311
usemtl Patch_2088_Mat_mat2
f 3311 3303 3312
usemtl Patch_2089_Mat_mat2
f 3311 3312 3313
usemtl Patch_2090_Mat_mat2
f 3312 3303 3314
usemtl Patch_2091_Mat_mat2
f 3314 3303 3315
usemtl Patch_2092_Mat_mat2
f 3314 3315 3316
usemtl Patch_2093_Mat_mat2
f 3315 3303 3317
usemtl Patch_2094_Mat_mat2
f 3317 3303 3318
usemtl Patch_2095_Mat_mat2
f 3317 3318 3319
usemtl Patch_2096_Mat_mat2
f 3318 3303 3320
usemtl Patch_2097_Mat_mat2
f 3320 3303 3321
usemtl Patch_2098_Mat_mat2
f 3320 3321 3322
usemtl Patch_2099_Mat_mat2
f 3321 3303 3323
usemtl Patch_2100_Mat_mat2
f 3323 3303 3324
usemtl Patch_2101_Mat_mat2
f 3323 3324 3325
usemtl Patch_2102_Mat_mat2
f 3324 3303 3326
usemtl Patch_2103_Mat_mat2
f 3326 3303 3327
usemtl Patch_2104_Mat_mat2
f 3304 3328 3301
usemtl Patch_2105_Mat_mat2
f 3328 3304 3329
usemtl Patch_2106_Mat_mat2
f 3328 3329 3307
usemtl Patch_2107_Mat_mat2
f 3307 3329 3305
usemtl Patch_2108_Mat_mat2
f 3328 3307 3330
usemtl Patch_2109_Mat_mat2
f 3328 3330 3310
usemtl Patch_2110_Mat_mat2
f 3310 3330 3308
usemtl Patch_2111_Mat_mat2
f 3328 3310 3331
usemtl Patch_2112_Mat_mat2
f 3328 3331 3313
usemtl Patch_2113_Mat_mat2
f 3313 3331 3311
usemtl Patch_2114_Mat_mat2
f 3328 3313 3332
usemtl Patch_2115_Mat_mat2
f 3328 3332 3314
usemtl Patch_2116_Mat_mat2
f 3328 3314 3316
usemtl Patch_2117_Mat_mat2
f 3328 3316 3333
usemtl Patch_2118_Mat_mat2
f 3328 3333 3317
usemtl Patch_2119_Mat_mat2
f 3328 3317 3319
usemtl Patch_2120_Mat_mat2
f 3328 3319 3334
usemtl Patch_2121_Mat_mat2
f 3328 3334 3320
usemtl Patch_2122_Mat_mat2
f 3328 3320 3322
usemtl Patch_2123_Mat_mat2
f 3328 3322 3335
usemtl Patch_2124_Mat_mat2
f 3328 3335 3323
usemtl Patch_2125_Mat_mat2
f 3328 3323 3325
usemtl Patch_2126_Mat_mat2
f 3328 3325 3336
usemtl Patch_2127_Mat_mat2
f 3328 3336 3326
usemtl Patch_2128_Mat_mat2
f 3328 3326 3327
usemtl Patch_2129_Mat_mat2
f 3328 3327 3337

# obj587
v 453.26773071 -246.79133606 124.64566803
v 505.62991333 -258.60235596 124.64566803
v 453.26773071 -258.60235596 124.64566803
v 505.62991333 -246.79133606 124.64566803
usemtl Patch_2130_Mat_mat3
f 3338 3339 3340
usemtl Patch_2131_Mat_mat3
f 3339 3338 3341

# obj588
v 37.00787354 -246.79133606 124.64566803
v 89.37007904 -258.60235596 124.64566803
v 37.00787354 -258.60235596 124.64566803
v 89.37007904 -246.79133606 124.64566803
usemtl Patch_2132_Mat_mat3
f 3342 3343 3344
usemtl Patch_2133_Mat_mat3
f 3343 3342 3345

# obj589
v 244.92126465 -246.79133606 124.64566803
v 297.28347778 -258.60235596 124.64566803
v 244.92126465 -258.60235596 124.64566803
v 297.28347778 -246.79133606 124.64566803
usemtl Patch_2134_Mat_mat3
f 3346 3347 3348
usemtl Patch_2135_Mat_mat3
f 3347 3346 3349

# obj590
v 111.02362061 -258.60235596 135.82676697
v 111.41732025 -309.07479858 57.48031616
v 111.41732025 -309.07479858 135.82676697
v 111.02362061 -258.60235596 57.48031616
usemtl Patch_2136_Mat_mat3
f 3350 3351 3352
usemtl Patch_2137_Mat_mat3
f 3351 3350 3353

# obj591
v 517.28344727 220.09841919 17.71653557
v 511.77166748 225.45275879 17.71653557
v 511.37796021 220.09841919 17.71653557
v 517.67718506 225.45275879 17.71653557
usemtl Patch_2138_Mat_mat0
f 3354 3355 3356
usemtl Patch_2139_Mat_mat0
f 3355 3354 3357

# obj592
v 426.88977051 -309.07479858 57.48031616
v 438.30709839 -258.60235596 57.48031616
v 426.49606323 -258.60235596 57.48031616
v 438.30709839 -309.07479858 57.48031616
usemtl Patch_2140_Mat_mat3
f 3358 3359 3360
usemtl Patch_2141_Mat_mat3
f 3359 3358 3361

# obj593
v 621.5748291 -120.61023712 98.97637939
v 633.38580322 -173.28739929 98.97637939
v 621.5748291 -173.28739929 98.97637939
v 633.38580322 -120.61023712 98.97637939
usemtl Patch_2142_Mat_mat2
f 3362 3363 3364
usemtl Patch_2143_Mat_mat2
f 3363 3362 3365

# obj594
v 519.01574707 -309.07479858 135.82676697
v 527.67718506 -309.07479858 57.48031616
v 519.01574707 -309.07479858 57.48031616
v 527.67718506 -309.07479858 135.82676697
usemtl Patch_2144_Mat_mat3
f 3366 3367 3368
usemtl Patch_2145_Mat_mat3
f 3367 3366 3369

# obj595
v 244.25196838 256.71258545 100
v 296.45669556 244.90158081 100
v 244.25196838 244.90158081 100
v 296.45669556 256.71258545 100
usemtl Patch_2146_Mat_mat3
f 3370 3371 3372
usemtl Patch_2147_Mat_mat3
f 3371 3370 3373

# obj596
v 309.96063232 -221.9881897 20.07874107
v 373.85827637 -221.9881897 17.71653557
v 309.56692505 -221.9881897 17.71653557
v 374.25198364 -221.9881897 20.07874107
usemtl Patch_2148_Mat_mat6
f 3374 3375 3376
usemtl Patch_2149_Mat_mat6
f 3375 3374 3377

# obj597
v 100.5118103 -221.9881897 20.07874107
v 163.62203979 -221.9881897 17.71653557
v 100.11811066 -221.9881897 17.71653557
v 164.01574707 -221.9881897 20.07874107
usemtl Patch_2150_Mat_mat6
f 3378 3379 3380
usemtl Patch_2151_Mat_mat6
f 3379 3378 3381

# obj598
v 319.33071899 -309.07479858 57.48031616
v 310.66928101 -258.60235596 57.48031616
v 310.66928101 -309.07479858 57.48031616
v 318.93701172 -258.60235596 57.48031616
usemtl Patch_2152_Mat_mat3
f 3382 3383 3384
usemtl Patch_2153_Mat_mat3
f 3383 3382 3385

# obj599
v 527.67718506 -309.07479858 57.48031616
v 519.01574707 -258.60235596 57.48031616
v 519.01574707 -309.07479858 57.48031616
v 527.28344727 -258.60235596 57.48031616
usemtl Patch_2154_Mat_mat3
f 3386 3387 3388
usemtl Patch_2155_Mat_mat3
f 3387 3386 3389

# obj600
v 505.62991333 -221.9881897 17.71653557
v 513.46453857 -227.89370728 17.71653557
v 518.97637939 -221.9881897 17.71653557
v 513.46453857 -233.79920959 17.71653557
v 519.37005615 -227.89370728 17.71653557
v 519.37005615 -246.79133606 17.71653557
v 505.62991333 -246.79133606 17.71653557
v 519.37005615 -233.79920959 17.71653557
usemtl Patch_2156_Mat_mat0
f 3390 3391 3392
usemtl Patch_2157_Mat_mat0
f 3391 3390 3393
usemtl Patch_2158_Mat_mat0
f 3392 3391 3394
usemtl Patch_2159_Mat_mat0
f 3395 3390 3396
usemtl Patch_2160_Mat_mat0
f 3390 3395 3393
usemtl Patch_2161_Mat_mat0
f 3393 3395 3397

# obj601
v -31.65354347 -221.9881897 20.07874107
v 24.29133797 -221.9881897 17.71653557
v -31.65354347 -221.9881897 17.71653557
v 24.68503952 -221.9881897 20.07874107
usemtl Patch_2162_Mat_mat6
f 3398 3399 3400
usemtl Patch_2163_Mat_mat6
f 3399 3398 3401

# obj602
v 218.54330444 -309.07479858 57.48031616
v 229.96063232 -258.60235596 57.48031616
v 218.14961243 -258.60235596 57.48031616
v 229.96063232 -309.07479858 57.48031616
usemtl Patch_2164_Mat_mat3
f 3402 3403 3404
usemtl Patch_2165_Mat_mat3
f 3403 3402 3405

# obj603
v 374.25198364 -227.89370728 17.71653557
v 379.76379395 -221.9881897 17.71653557
v 373.85827637 -221.9881897 17.71653557
v 380.1574707 -227.89370728 17.71653557
usemtl Patch_2166_Mat_mat0
f 3406 3407 3408
usemtl Patch_2167_Mat_mat0
f 3407 3406 3409

# obj604
v 102.75590515 -309.07479858 135.82676697
v 111.41732025 -309.07479858 57.48031616
v 102.75590515 -309.07479858 57.48031616
v 111.41732025 -309.07479858 135.82676697
usemtl Patch_2168_Mat_mat3
f 3410 3411 3412
usemtl Patch_2169_Mat_mat3
f 3411 3410 3413

# obj605
v 621.5748291 171.39764404 98.97637939
v 633.38580322 118.87795258 98.97637939
v 621.5748291 118.87795258 98.97637939
v 633.38580322 171.39764404 98.97637939
usemtl Patch_2170_Mat_mat2
f 3414 3415 3416
usemtl Patch_2171_Mat_mat2
f 3415 3414 3417

# obj606
v 310.66928101 -309.07479858 135.82676697
v 319.33071899 -309.07479858 57.48031616
v 310.66928101 -309.07479858 57.48031616
v 319.33071899 -309.07479858 135.82676697
usemtl Patch_2172_Mat_mat3
f 3418 3419 3420
usemtl Patch_2173_Mat_mat3
f 3419 3418 3421

# obj607
v 518.97637939 -221.9881897 17.71653557
v 572.91339111 -221.9881897 20.07874107
v 572.91339111 -221.9881897 17.71653557
v 519.37005615 -221.9881897 20.07874107
usemtl Patch_2174_Mat_mat6
f 3422 3423 3424
usemtl Patch_2175_Mat_mat6
f 3423 3422 3425

# obj608
v 244.25196838 220.09841919 17.71653557
v 231.96850586 225.45275879 17.71653557
v 231.57479858 220.09841919 17.71653557
v 237.87400818 225.45275879 17.71653557
v 237.87400818 231.35826111 17.71653557
v 231.96850586 244.90158081 17.71653557
v 231.96850586 231.35826111 17.71653557
v 244.25196838 244.90158081 17.71653557
usemtl Patch_2176_Mat_mat0
f 3426 3427 3428
usemtl Patch_2177_Mat_mat0
f 3427 3426 3429
usemtl Patch_2178_Mat_mat0
f 3429 3426 3430
usemtl Patch_2179_Mat_mat0
f 3430 3431 3432
usemtl Patch_2180_Mat_mat0
f 3431 3430 3433
usemtl Patch_2181_Mat_mat0
f 3433 3430 3426

# obj609
v 527.28344727 -258.60235596 135.82676697
v 426.88977051 -309.07479858 135.82676697
v 426.49606323 -258.60235596 135.82676697
v 438.30709839 -309.07479858 135.82676697
v 519.01574707 -309.07479858 135.82676697
v 527.67718506 -309.07479858 135.82676697
usemtl Patch_2182_Mat_mat3
f 3434 3435 3436
usemtl Patch_2183_Mat_mat3
f 3435 3434 3437
usemtl Patch_2184_Mat_mat3
f 3437 3434 3438
usemtl Patch_2185_Mat_mat3
f 3438 3434 3439

# obj610
v 426.49606323 -258.60235596 57.48031616
v 426.88977051 -309.07479858 135.82676697
v 426.88977051 -309.07479858 57.48031616
v 426.49606323 -258.60235596 135.82676697
usemtl Patch_2186_Mat_mat3
f 3440 3441 3442
usemtl Patch_2187_Mat_mat3
f 3441 3440 3443

# obj611
v 10.23622036 -258.60235596 57.48031616
v 10.62992096 -309.07479858 135.82676697
v 10.62992096 -309.07479858 57.48031616
v 10.23622036 -258.60235596 135.82676697
usemtl Patch_2188_Mat_mat3
f 3444 3445 3446
usemtl Patch_2189_Mat_mat3
f 3445 3444 3447

# obj612
v 527.28344727 -258.60235596 135.82676697
v 527.67718506 -309.07479858 57.48031616
v 527.67718506 -309.07479858 135.82676697
v 527.28344727 -258.60235596 57.48031616
usemtl Patch_2190_Mat_mat3
f 3448 3449 3450
usemtl Patch_2191_Mat_mat3
f 3449 3448 3451

# obj613
v 218.14961243 -258.60235596 57.48031616
v 218.54330444 -309.07479858 135.82676697
v 218.54330444 -309.07479858 57.48031616
v 218.14961243 -258.60235596 135.82676697
usemtl Patch_2192_Mat_mat3
f 3452 3453 3454
usemtl Patch_2193_Mat_mat3
f 3453 3452 3455

# obj614
v 318.93701172 -258.60235596 135.82676697
v 319.33071899 -309.07479858 57.48031616
v 319.33071899 -309.07479858 135.82676697
v 318.93701172 -258.60235596 57.48031616
usemtl Patch_2194_Mat_mat3
f 3456 3457 3458
usemtl Patch_2195_Mat_mat3
f 3457 3456 3459

# obj615
v 318.93701172 -258.60235596 135.82676697
v 218.54330444 -309.07479858 135.82676697
v 218.14961243 -258.60235596 135.82676697
v 229.96063232 -309.07479858 135.82676697
v 310.66928101 -309.07479858 135.82676697
v 319.33071899 -309.07479858 135.82676697
usemtl Patch_2196_Mat_mat3
f 3460 3461 3462
usemtl Patch_2197_Mat_mat3
f 3461 3460 3463
usemtl Patch_2198_Mat_mat3
f 3463 3460 3464
usemtl Patch_2199_Mat_mat3
f 3464 3460 3465

# obj616
v -87.08661652 -178.24803162 182.6771698
v -27.32283401 -178.24803162 140.5118103
v -87.48031616 -178.24803162 140.5118103
v -27.32283401 -178.24803162 182.6771698
usemtl Patch_2200_Mat_mat2
f 3466 3467 3468
usemtl Patch_2201_Mat_mat2
f 3467 3466 3469

# obj617
v -27.32283401 173.87796021 182.6771698
v -87.48031616 173.87796021 140.5118103
v -27.32283401 173.87796021 140.5118103
v -87.08661652 173.87796021 182.6771698
usemtl Patch_2202_Mat_mat2
f 3470 3471 3472
usemtl Patch_2203_Mat_mat2
f 3471 3470 3473

# obj618
v 111.02362061 -258.60235596 135.82676697
v 10.62992096 -309.07479858 135.82676697
v 10.23622036 -258.60235596 135.82676697
v 22.04724503 -309.07479858 135.82676697
v 102.75590515 -309.07479858 135.82676697
v 111.41732025 -309.07479858 135.82676697
usemtl Patch_2204_Mat_mat3
f 3474 3475 3476
usemtl Patch_2205_Mat_mat3
f 3475 3474 3477
usemtl Patch_2206_Mat_mat3
f 3477 3474 3478
usemtl Patch_2207_Mat_mat3
f 3478 3474 3479

# obj619
v -0 -157.34251404 39.37007904
v -87.48031616 157.34251404 39.37007904
v -87.48031616 -157.34251404 39.37007904
v 0 157.34251404 39.37007904
usemtl Patch_2208_Mat_mat3
f 3480 3481 3482
usemtl Patch_2209_Mat_mat3
f 3481 3480 3483

# obj620
v -27.32283401 -193.24803162 156.88977051
v 621.5748291 -193.24803162 140.5118103
v -27.32283401 -193.24803162 140.5118103
v 621.5748291 -193.24803162 182.6771698
v -27.32283401 -193.24803162 182.6771698
usemtl Patch_2210_Mat_mat2
f 3484 3485 3486
usemtl Patch_2211_Mat_mat2
f 3485 3484 3487
usemtl Patch_2212_Mat_mat2
f 3487 3484 3488

# obj621
v -29.29133797 -195.21653748 182.6771698
v -27.32283401 -193.24803162 182.6771698
v -29.29133797 -180.21653748 182.6771698
v 623.93701172 -195.21653748 182.6771698
v 621.5748291 -193.24803162 182.6771698
v 621.5748291 191.43701172 182.6771698
v 621.96850586 193.40551758 182.6771698
v 623.93701172 193.40551758 182.6771698
v 623.93701172 191.43701172 182.6771698
v -27.32283401 173.87796021 182.6771698
v -87.08661652 175.84645081 182.6771698
v -87.08661652 173.87796021 182.6771698
v -29.29133797 175.84645081 182.6771698
v -29.29133797 193.40551758 182.6771698
v -27.32283401 191.43701172 182.6771698
v -87.08661652 -178.24803162 182.6771698
v -87.08661652 -180.21653748 182.6771698
v -27.32283401 -178.24803162 182.6771698
usemtl Patch_2213_Mat_mat3
f 3489 3490 3491
usemtl Patch_2214_Mat_mat3
f 3490 3489 3492
usemtl Patch_2215_Mat_mat3
f 3490 3492 3493
usemtl Patch_2216_Mat_mat3
f 3493 3492 3494
usemtl Patch_2217_Mat_mat3
f 3494 3492 3495
usemtl Patch_2218_Mat_mat3
f 3495 3492 3496
usemtl Patch_2219_Mat_mat3
f 3498 3499 3500
usemtl Patch_2220_Mat_mat3
f 3499 3498 3501
usemtl Patch_2221_Mat_mat3
f 3501 3498 3502
usemtl Patch_2222_Mat_mat3
f 3502 3498 3503
usemtl Patch_2223_Mat_mat3
f 3502 3503 3495
usemtl Patch_2224_Mat_mat3
f 3495 3503 3494
usemtl Patch_2225_Mat_mat3
f 3491 3504 3505
usemtl Patch_2226_Mat_mat3
f 3504 3491 3506
usemtl Patch_2227_Mat_mat3
f 3506 3491 3490

# obj622
v 353.34646606 -41.5748024 -0
v 266.53543091 41.5748024 -0
v 266.53543091 -41.5748024 -0
v 353.34646606 41.5748024 -0
usemtl Patch_2228_Mat_mat3
f 3507 3508 3509
usemtl Patch_2229_Mat_mat3
f 3508 3507 3510

# obj623
v -102.83464813 -178.24803162 230
v -87.48031616 -178.24803162 39.37007904
v -102.83464813 -178.24803162 39.37007904
v -87.48031616 -178.24803162 140.5118103
v -87.08661652 -178.24803162 182.6771698
v -87.08661652 -178.24803162 230
v -89.10080719 -178.24803162 230
usemtl Patch_2230_Mat_mat1
f 3511 3512 3513
usemtl Patch_2231_Mat_mat1
f 3512 3511 3514
usemtl Patch_2232_Mat_mat1
f 3514 3511 3515
usemtl Patch_2233_Mat_mat1
f 3515 3511 3516

# obj624
v -87.48031616 173.87796021 140.5118103
v -102.83464813 173.87796021 39.37007904
v -87.48031616 173.87796021 39.37007904
v -102.83464813 173.87796021 230
v -87.08661652 173.87796021 182.6771698
v -87.08661652 173.87796021 230
v -89.10080719 173.87796021 230
usemtl Patch_2234_Mat_mat1
f 3518 3519 3520
usemtl Patch_2235_Mat_mat1
f 3519 3518 3521
usemtl Patch_2236_Mat_mat1
f 3521 3518 3522
usemtl Patch_2237_Mat_mat1
f 3521 3522 3523

# obj625
v -47.24409485 -157.34251404 29.92125893
v -46.8503952 -168.36613464 31.49606323
v -46.8503952 -168.36613464 29.92125893
v -47.24409485 -157.34251404 31.49606323
usemtl Patch_2238_Mat_mat3
f 3525 3526 3527
usemtl Patch_2239_Mat_mat3
f 3526 3525 3528

# obj626
v 164.01574707 -227.89370728 17.71653557
v 169.52755737 -221.9881897 17.71653557
v 163.62203979 -221.9881897 17.71653557
v 169.92126465 -227.89370728 17.71653557
usemtl Patch_2240_Mat_mat0
f 3529 3530 3531
usemtl Patch_2241_Mat_mat0
f 3530 3529 3532

# obj627
v -87.48031616 -178.24803162 39.37007904
v -102.83464813 173.87796021 39.37007904
v -102.83464813 -178.24803162 39.37007904
v -87.48031616 173.87796021 39.37007904
v -87.48031616 -157.34251404 39.37007904
v -87.48031616 157.34251404 39.37007904
v -102.83464813 -221.9881897 39.37007904
v -402.04724121 220.09841919 39.37007904
v -402.04724121 -221.9881897 39.37007904
v -102.83464813 220.09841919 39.37007904
usemtl Patch_2242_Mat_mat3
f 3533 3534 3535
usemtl Patch_2243_Mat_mat3
f 3534 3533 3536
usemtl Patch_2244_Mat_mat3
f 3539 3540 3541
usemtl Patch_2245_Mat_mat3
f 3540 3539 3535
usemtl Patch_2246_Mat_mat3
f 3540 3535 3542

# obj628
v 37.00787354 -246.79133606 17.71653557
v 24.68503952 -233.79920959 17.71653557
v 24.68503952 -246.79133606 17.71653557
v 30.59055138 -233.79920959 17.71653557
v 30.59055138 -227.89370728 17.71653557
v 24.68503952 -227.89370728 17.71653557
v 37.00787354 -221.9881897 17.71653557
v 24.29133797 -221.9881897 17.71653557
usemtl Patch_2247_Mat_mat0
f 3543 3544 3545
usemtl Patch_2248_Mat_mat0
f 3544 3543 3546
usemtl Patch_2249_Mat_mat0
f 3546 3543 3547
usemtl Patch_2250_Mat_mat0
f 3548 3549 3550
usemtl Patch_2251_Mat_mat0
f 3549 3548 3547
usemtl Patch_2252_Mat_mat0
f 3549 3547 3543

# obj629
v -87.48031616 -157.34251404 31.49606323
v -47.24409485 -157.34251404 29.92125893
v -87.48031616 -157.34251404 29.92125893
v -47.24409485 -157.34251404 31.49606323
usemtl Patch_2253_Mat_mat3
f 3551 3552 3553
usemtl Patch_2254_Mat_mat3
f 3552 3551 3554

# obj630
v 24.29133797 -221.9881897 17.71653557
v 24.68503952 -227.89370728 20.07874107
v 24.68503952 -227.89370728 17.71653557
usemtl Patch_2255_Mat_mat6
f 3555 3556 3557

# obj631
v 24.68503952 -221.9881897 20.07874107
v 24.68503952 -227.89370728 20.07874107
v 24.29133797 -221.9881897 17.71653557
usemtl Patch_2256_Mat_mat6
f 3558 3559 3560

# obj632
v 24.68503952 -244.42913818 20.07874107
v 24.68503952 -233.79920959 20.07874107
v -31.25984192 -244.42913818 20.07874107
v 24.68503952 -221.9881897 20.07874107
v -31.65354347 -221.9881897 20.07874107
v 24.68503952 -227.89370728 20.07874107
usemtl Patch_2257_Mat_mat6
f 3561 3562 3563
usemtl Patch_2258_Mat_mat6
f 3563 3564 3565
usemtl Patch_2259_Mat_mat6
f 3564 3563 3562

# obj633
v 89.37007904 -246.79133606 17.71653557
v 94.60630035 -233.79920959 17.71653557
v 89.37007904 -221.9881897 17.71653557
v 100.5118103 -246.79133606 17.71653557
v 100.5118103 -233.79920959 17.71653557
v 94.60630035 -227.89370728 17.71653557
v 100.11811066 -221.9881897 17.71653557
v 100.5118103 -227.89370728 17.71653557
usemtl Patch_2260_Mat_mat0
f 3567 3568 3569
usemtl Patch_2261_Mat_mat0
f 3568 3567 3570
usemtl Patch_2262_Mat_mat0
f 3568 3570 3571
usemtl Patch_2263_Mat_mat0
f 3569 3572 3573
usemtl Patch_2264_Mat_mat0
f 3572 3569 3568
usemtl Patch_2265_Mat_mat0
f 3573 3572 3574

# obj634
v 89.37007904 -246.79133606 124.64566803
v 100.5118103 -246.79133606 17.71653557
v 89.37007904 -246.79133606 17.71653557
v 100.5118103 -246.79133606 31.49606323
v 164.01574707 -246.79133606 31.49606323
v 169.92126465 -246.79133606 31.49606323
v 233.89764404 -246.79133606 31.49606323
v 297.28347778 -246.79133606 124.64566803
v 309.96063232 -246.79133606 17.71653557
v 297.28347778 -246.79133606 17.71653557
v 309.96063232 -246.79133606 31.49606323
v 374.25198364 -246.79133606 31.49606323
v 380.1574707 -246.79133606 31.49606323
v 443.97637939 -246.79133606 31.49606323
v -31.25984192 -246.79133606 140.5118103
v 24.68503952 -246.79133606 31.49606323
v -31.25984192 -246.79133606 31.49606323
v 37.00787354 -246.79133606 124.64566803
v 244.92126465 -246.79133606 124.64566803
v 453.26773071 -246.79133606 124.64566803
v 505.62991333 -246.79133606 124.64566803
v 519.37005615 -246.79133606 17.71653557
v 505.62991333 -246.79133606 17.71653557
v 519.37005615 -246.79133606 31.49606323
v 573.30706787 -246.79133606 31.49606323
v 573.30706787 -246.79133606 140.5118103
v 453.26773071 -246.79133606 17.71653557
v 443.97637939 -246.79133606 17.71653557
v 244.92126465 -246.79133606 17.71653557
v 233.89764404 -246.79133606 17.71653557
v 380.1574707 -246.79133606 17.71653557
v 374.25198364 -246.79133606 17.71653557
v 169.92126465 -246.79133606 17.71653557
v 164.01574707 -246.79133606 17.71653557
v 37.00787354 -246.79133606 17.71653557
v 24.68503952 -246.79133606 17.71653557
usemtl Patch_2266_Mat_mat0
f 3575 3576 3577
usemtl Patch_2267_Mat_mat0
f 3576 3575 3578
usemtl Patch_2268_Mat_mat0
f 3578 3575 3579
usemtl Patch_2269_Mat_mat0
f 3579 3575 3580
usemtl Patch_2270_Mat_mat0
f 3580 3575 3581
usemtl Patch_2271_Mat_mat0
f 3582 3583 3584
usemtl Patch_2272_Mat_mat0
f 3583 3582 3585
usemtl Patch_2273_Mat_mat0
f 3585 3582 3586
usemtl Patch_2274_Mat_mat0
f 3586 3582 3587
usemtl Patch_2275_Mat_mat0
f 3587 3582 3588
usemtl Patch_2276_Mat_mat0
f 3589 3590 3591
usemtl Patch_2277_Mat_mat0
f 3590 3589 3592
usemtl Patch_2278_Mat_mat0
f 3592 3589 3575
usemtl Patch_2279_Mat_mat0
f 3575 3589 3593
usemtl Patch_2280_Mat_mat0
f 3593 3589 3582
usemtl Patch_2281_Mat_mat0
f 3582 3589 3594
usemtl Patch_2282_Mat_mat0
f 3594 3589 3595
usemtl Patch_2283_Mat_mat0
f 3595 3596 3597
usemtl Patch_2284_Mat_mat0
f 3596 3595 3598
usemtl Patch_2285_Mat_mat0
f 3598 3595 3599
usemtl Patch_2286_Mat_mat0
f 3599 3595 3600
usemtl Patch_2287_Mat_mat0
f 3600 3595 3589
usemtl Patch_2288_Mat_mat0
f 3588 3601 3602
usemtl Patch_2289_Mat_mat0
f 3601 3588 3594
usemtl Patch_2290_Mat_mat0
f 3594 3588 3582
usemtl Patch_2291_Mat_mat0
f 3581 3603 3604
usemtl Patch_2292_Mat_mat0
f 3603 3581 3593
usemtl Patch_2293_Mat_mat0
f 3593 3581 3575
usemtl Patch_2294_Mat_mat0
f 3586 3605 3606
usemtl Patch_2295_Mat_mat0
f 3605 3586 3587
usemtl Patch_2296_Mat_mat0
f 3579 3607 3608
usemtl Patch_2297_Mat_mat0
f 3607 3579 3580
usemtl Patch_2298_Mat_mat0
f 3590 3609 3610
usemtl Patch_2299_Mat_mat0
f 3609 3590 3592

# obj635
v 100.5118103 -221.9881897 20.07874107
v 100.5118103 -227.89370728 17.71653557
v 100.5118103 -227.89370728 20.07874107
usemtl Patch_2300_Mat_mat6
f 3611 3612 3613

# obj636
v 100.11811066 -221.9881897 17.71653557
v 100.5118103 -227.89370728 17.71653557
v 100.5118103 -221.9881897 20.07874107
usemtl Patch_2301_Mat_mat6
f 3614 3615 3616

# obj637
v 244.92126465 -246.79133606 17.71653557
v 233.89764404 -233.79920959 17.71653557
v 233.89764404 -246.79133606 17.71653557
v 239.80314636 -233.79920959 17.71653557
v 239.80314636 -227.89370728 17.71653557
v 233.89764404 -227.89370728 17.71653557
v 244.92126465 -221.9881897 17.71653557
v 233.50393677 -221.9881897 17.71653557
usemtl Patch_2302_Mat_mat0
f 3617 3618 3619
usemtl Patch_2303_Mat_mat0
f 3618 3617 3620
usemtl Patch_2304_Mat_mat0
f 3620 3617 3621
usemtl Patch_2305_Mat_mat0
f 3622 3623 3624
usemtl Patch_2306_Mat_mat0
f 3623 3622 3621
usemtl Patch_2307_Mat_mat0
f 3623 3621 3617

# obj638
v 233.50393677 -221.9881897 17.71653557
v 233.89764404 -227.89370728 20.07874107
v 233.89764404 -227.89370728 17.71653557
usemtl Patch_2308_Mat_mat6
f 3625 3626 3627

# obj639
v 233.89764404 -221.9881897 20.07874107
v 233.89764404 -227.89370728 20.07874107
v 233.50393677 -221.9881897 17.71653557
usemtl Patch_2309_Mat_mat6
f 3628 3629 3630

# obj640
v 169.92126465 -221.9881897 20.07874107
v 169.92126465 -227.89370728 17.71653557
v 169.92126465 -227.89370728 20.07874107
usemtl Patch_2310_Mat_mat6
f 3631 3632 3633

# obj641
v 169.52755737 -221.9881897 17.71653557
v 169.92126465 -227.89370728 17.71653557
v 169.92126465 -221.9881897 20.07874107
usemtl Patch_2311_Mat_mat6
f 3634 3635 3636

# obj642
v 163.62203979 -221.9881897 17.71653557
v 164.01574707 -227.89370728 20.07874107
v 164.01574707 -227.89370728 17.71653557
usemtl Patch_2312_Mat_mat6
f 3637 3638 3639

# obj643
v 164.01574707 -221.9881897 20.07874107
v 164.01574707 -227.89370728 20.07874107
v 163.62203979 -221.9881897 17.71653557
usemtl Patch_2313_Mat_mat6
f 3640 3641 3642

# obj644
v 309.96063232 -246.79133606 17.71653557
v 297.28347778 -221.9881897 17.71653557
v 297.28347778 -246.79133606 17.71653557
v 304.05511475 -233.79920959 17.71653557
v 309.96063232 -233.79920959 17.71653557
v 304.05511475 -227.89370728 17.71653557
v 309.56692505 -221.9881897 17.71653557
v 309.96063232 -227.89370728 17.71653557
usemtl Patch_2314_Mat_mat0
f 3643 3644 3645
usemtl Patch_2315_Mat_mat0
f 3644 3643 3646
usemtl Patch_2316_Mat_mat0
f 3646 3643 3647
usemtl Patch_2317_Mat_mat0
f 3644 3648 3649
usemtl Patch_2318_Mat_mat0
f 3648 3644 3646
usemtl Patch_2319_Mat_mat0
f 3649 3648 3650

# obj645
v 453.26773071 -246.79133606 17.71653557
v 443.97637939 -233.79920959 17.71653557
v 443.97637939 -246.79133606 17.71653557
v 449.88189697 -233.79920959 17.71653557
v 449.88189697 -227.89370728 17.71653557
v 443.97637939 -227.89370728 17.71653557
v 453.26773071 -221.9881897 17.71653557
v 443.58267212 -221.9881897 17.71653557
usemtl Patch_2320_Mat_mat0
f 3651 3652 3653
usemtl Patch_2321_Mat_mat0
f 3652 3651 3654
usemtl Patch_2322_Mat_mat0
f 3654 3651 3655
usemtl Patch_2323_Mat_mat0
f 3656 3657 3658
usemtl Patch_2324_Mat_mat0
f 3657 3656 3655
usemtl Patch_2325_Mat_mat0
f 3657 3655 3651

# obj646
v 169.92126465 -221.9881897 20.07874107
v 233.50393677 -221.9881897 17.71653557
v 169.52755737 -221.9881897 17.71653557
v 233.89764404 -221.9881897 20.07874107
usemtl Patch_2326_Mat_mat6
f 3659 3660 3661
usemtl Patch_2327_Mat_mat6
f 3660 3659 3662

# obj647
v 22.99212646 225.45275879 17.71653557
v 22.99212646 220.09841919 20.07874107
v 22.59842491 220.09841919 17.71653557
usemtl Patch_2328_Mat_mat6
f 3663 3664 3665

# obj648
v 22.99212646 225.45275879 20.07874107
v 22.99212646 220.09841919 20.07874107
v 22.99212646 225.45275879 17.71653557
usemtl Patch_2329_Mat_mat6
f 3666 3667 3668

# obj649
v 296.45669556 220.09841919 17.71653557
v 302.08660889 225.45275879 17.71653557
v 296.45669556 244.90158081 17.71653557
v 307.59841919 220.09841919 17.71653557
v 307.99212646 225.45275879 17.71653557
v 302.08660889 231.35826111 17.71653557
v 307.99212646 244.90158081 17.71653557
v 307.99212646 231.35826111 17.71653557
usemtl Patch_2330_Mat_mat0
f 3669 3670 3671
usemtl Patch_2331_Mat_mat0
f 3670 3669 3672
usemtl Patch_2332_Mat_mat0
f 3670 3672 3673
usemtl Patch_2333_Mat_mat0
f 3671 3674 3675
usemtl Patch_2334_Mat_mat0
f 3674 3671 3670
usemtl Patch_2335_Mat_mat0
f 3675 3674 3676

# obj650
v 92.24409485 220.09841919 20.07874107
v 28.50393677 220.09841919 17.71653557
v 91.8503952 220.09841919 17.71653557
v 28.89763832 220.09841919 20.07874107
usemtl Patch_2336_Mat_mat6
f 3677 3678 3679
usemtl Patch_2337_Mat_mat6
f 3678 3677 3680

# obj651
v 97.75590515 220.09841919 17.71653557
v 92.24409485 225.45275879 17.71653557
v 91.8503952 220.09841919 17.71653557
v 98.1496048 225.45275879 17.71653557
usemtl Patch_2338_Mat_mat0
f 3681 3682 3683
usemtl Patch_2339_Mat_mat0
f 3682 3681 3684

# obj652
v 377.55905151 220.09841919 17.71653557
v 372.04724121 225.45275879 17.71653557
v 371.65353394 220.09841919 17.71653557
v 377.95275879 225.45275879 17.71653557
usemtl Patch_2340_Mat_mat0
f 3685 3686 3687
usemtl Patch_2341_Mat_mat0
f 3686 3685 3688

# obj653
v 28.50393677 220.09841919 17.71653557
v 22.99212646 225.45275879 17.71653557
v 22.59842491 220.09841919 17.71653557
v 28.89763832 225.45275879 17.71653557
usemtl Patch_2342_Mat_mat0
f 3689 3690 3691
usemtl Patch_2343_Mat_mat0
f 3690 3689 3692

# obj654
v 22.99212646 220.09841919 20.07874107
v -31.25984192 242.53936768 20.07874107
v -31.65354347 220.09841919 20.07874107
v 22.99212646 225.45275879 20.07874107
v 22.99212646 242.53936768 20.07874107
v 22.99212646 231.35826111 20.07874107
usemtl Patch_2344_Mat_mat6
f 3693 3694 3695
usemtl Patch_2345_Mat_mat6
f 3694 3693 3696
usemtl Patch_2346_Mat_mat6
f 3694 3696 3697

# obj655
v 167.28346252 220.09841919 17.71653557
v 161.77165222 225.45275879 17.71653557
v 161.37796021 220.09841919 17.71653557
v 167.6771698 225.45275879 17.71653557
usemtl Patch_2347_Mat_mat0
f 3699 3700 3701
usemtl Patch_2348_Mat_mat0
f 3700 3699 3702

# obj656
v 447.48031616 220.09841919 17.71653557
v 441.96850586 225.45275879 17.71653557
v 441.57479858 220.09841919 17.71653557
v 447.87402344 225.45275879 17.71653557
usemtl Patch_2349_Mat_mat0
f 3703 3704 3705
usemtl Patch_2350_Mat_mat0
f 3704 3703 3706

# obj657
v 98.1496048 225.45275879 20.07874107
v 97.75590515 220.09841919 17.71653557
v 98.1496048 220.09841919 20.07874107
usemtl Patch_2351_Mat_mat6
f 3707 3708 3709

# obj658
v 98.1496048 225.45275879 17.71653557
v 97.75590515 220.09841919 17.71653557
v 98.1496048 225.45275879 20.07874107
usemtl Patch_2352_Mat_mat6
f 3710 3711 3712

# obj659
v 92.24409485 225.45275879 17.71653557
v 92.24409485 220.09841919 20.07874107
v 91.8503952 220.09841919 17.71653557
usemtl Patch_2353_Mat_mat6
f 3713 3714 3715

# obj660
v 92.24409485 225.45275879 20.07874107
v 92.24409485 220.09841919 20.07874107
v 92.24409485 225.45275879 17.71653557
usemtl Patch_2354_Mat_mat6
f 3716 3717 3718

# obj661
v 231.96850586 225.45275879 17.71653557
v 231.96850586 220.09841919 20.07874107
v 231.57479858 220.09841919 17.71653557
usemtl Patch_2355_Mat_mat6
f 3719 3720 3721

# obj662
v 231.96850586 225.45275879 20.07874107
v 231.96850586 220.09841919 20.07874107
v 231.96850586 225.45275879 17.71653557
usemtl Patch_2356_Mat_mat6
f 3722 3723 3724

# obj663
v 167.6771698 225.45275879 20.07874107
v 167.28346252 220.09841919 17.71653557
v 167.6771698 220.09841919 20.07874107
usemtl Patch_2357_Mat_mat6
f 3725 3726 3727

# obj664
v 167.6771698 225.45275879 17.71653557
v 167.28346252 220.09841919 17.71653557
v 167.6771698 225.45275879 20.07874107
usemtl Patch_2358_Mat_mat6
f 3728 3729 3730

# obj665
v 161.77165222 225.45275879 17.71653557
v 161.77165222 220.09841919 20.07874107
v 161.37796021 220.09841919 17.71653557
usemtl Patch_2359_Mat_mat6
f 3731 3732 3733

# obj666
v 161.77165222 225.45275879 20.07874107
v 161.77165222 220.09841919 20.07874107
v 161.77165222 225.45275879 17.71653557
usemtl Patch_2360_Mat_mat6
f 3734 3735 3736

# obj667
v 28.89763832 225.45275879 20.07874107
v 28.50393677 220.09841919 17.71653557
v 28.89763832 220.09841919 20.07874107
usemtl Patch_2361_Mat_mat6
f 3737 3738 3739

# obj668
v 28.89763832 225.45275879 17.71653557
v 28.50393677 220.09841919 17.71653557
v 28.89763832 225.45275879 20.07874107
usemtl Patch_2362_Mat_mat6
f 3740 3741 3742

# obj669
v 377.95275879 225.45275879 20.07874107
v 377.55905151 220.09841919 17.71653557
v 377.95275879 220.09841919 20.07874107
usemtl Patch_2363_Mat_mat6
f 3743 3744 3745

# obj670
v 377.95275879 225.45275879 17.71653557
v 377.55905151 220.09841919 17.71653557
v 377.95275879 225.45275879 20.07874107
usemtl Patch_2364_Mat_mat6
f 3746 3747 3748

# obj671
v 441.96850586 225.45275879 17.71653557
v 441.96850586 220.09841919 20.07874107
v 441.57479858 220.09841919 17.71653557
usemtl Patch_2365_Mat_mat6
f 3749 3750 3751

# obj672
v 441.96850586 225.45275879 20.07874107
v 441.96850586 220.09841919 20.07874107
v 441.96850586 225.45275879 17.71653557
usemtl Patch_2366_Mat_mat6
f 3752 3753 3754

# obj673
v 511.77166748 225.45275879 17.71653557
v 511.77166748 220.09841919 20.07874107
v 511.37796021 220.09841919 17.71653557
usemtl Patch_2367_Mat_mat6
f 3755 3756 3757

# obj674
v 511.77166748 225.45275879 20.07874107
v 511.77166748 220.09841919 20.07874107
v 511.77166748 225.45275879 17.71653557
usemtl Patch_2368_Mat_mat6
f 3758 3759 3760

# obj675
v 447.87402344 225.45275879 20.07874107
v 447.48031616 220.09841919 17.71653557
v 447.87402344 220.09841919 20.07874107
usemtl Patch_2369_Mat_mat6
f 3761 3762 3763

# obj676
v 447.87402344 225.45275879 17.71653557
v 447.48031616 220.09841919 17.71653557
v 447.87402344 225.45275879 20.07874107
usemtl Patch_2370_Mat_mat6
f 3764 3765 3766

# obj677
v 572.91339111 220.09841919 20.07874107
v 517.67718506 225.45275879 20.07874107
v 517.67718506 220.09841919 20.07874107
v 517.67718506 231.35826111 20.07874107
v 573.30706787 242.53936768 20.07874107
v 517.67718506 242.53936768 20.07874107
usemtl Patch_2371_Mat_mat6
f 3767 3768 3769
usemtl Patch_2372_Mat_mat6
f 3768 3767 3770
usemtl Patch_2373_Mat_mat6
f 3770 3771 3772
usemtl Patch_2374_Mat_mat6
f 3771 3770 3767

# obj678
v 517.67718506 225.45275879 20.07874107
v 517.28344727 220.09841919 17.71653557
v 517.67718506 220.09841919 20.07874107
usemtl Patch_2375_Mat_mat6
f 3773 3774 3775

# obj679
v 517.67718506 225.45275879 17.71653557
v 517.28344727 220.09841919 17.71653557
v 517.67718506 225.45275879 20.07874107
usemtl Patch_2376_Mat_mat6
f 3776 3777 3778

# obj680
v 372.04724121 225.45275879 17.71653557
v 372.04724121 220.09841919 20.07874107
v 371.65353394 220.09841919 17.71653557
usemtl Patch_2377_Mat_mat6
f 3779 3780 3781

# obj681
v 372.04724121 225.45275879 20.07874107
v 372.04724121 220.09841919 20.07874107
v 372.04724121 225.45275879 17.71653557
usemtl Patch_2378_Mat_mat6
f 3782 3783 3784

# obj682
v 307.99212646 225.45275879 20.07874107
v 307.59841919 220.09841919 17.71653557
v 307.99212646 220.09841919 20.07874107
usemtl Patch_2379_Mat_mat6
f 3785 3786 3787

# obj683
v 307.99212646 225.45275879 17.71653557
v 307.59841919 220.09841919 17.71653557
v 307.99212646 225.45275879 20.07874107
usemtl Patch_2380_Mat_mat6
f 3788 3789 3790

# obj684
v 380.1574707 -221.9881897 20.07874107
v 380.1574707 -227.89370728 17.71653557
v 380.1574707 -227.89370728 20.07874107
usemtl Patch_2381_Mat_mat6
f 3791 3792 3793

# obj685
v 379.76379395 -221.9881897 17.71653557
v 380.1574707 -227.89370728 17.71653557
v 380.1574707 -221.9881897 20.07874107
usemtl Patch_2382_Mat_mat6
f 3794 3795 3796

# obj686
v 231.96850586 220.09841919 20.07874107
v 167.28346252 220.09841919 17.71653557
v 231.57479858 220.09841919 17.71653557
v 167.6771698 220.09841919 20.07874107
usemtl Patch_2383_Mat_mat6
f 3797 3798 3799
usemtl Patch_2384_Mat_mat6
f 3798 3797 3800

# obj687
v 572.91339111 220.09841919 20.07874107
v 517.28344727 220.09841919 17.71653557
v 572.91339111 220.09841919 17.71653557
v 517.67718506 220.09841919 20.07874107
usemtl Patch_2385_Mat_mat6
f 3801 3802 3803
usemtl Patch_2386_Mat_mat6
f 3802 3801 3804

# obj688
v 22.99212646 220.09841919 20.07874107
v -31.65354347 220.09841919 17.71653557
v 22.59842491 220.09841919 17.71653557
v -31.65354347 220.09841919 20.07874107
usemtl Patch_2387_Mat_mat6
f 3805 3806 3807
usemtl Patch_2388_Mat_mat6
f 3806 3805 3808

# obj689
v 443.58267212 -221.9881897 17.71653557
v 443.97637939 -227.89370728 20.07874107
v 443.97637939 -227.89370728 17.71653557
usemtl Patch_2389_Mat_mat6
f 3809 3810 3811

# obj690
v 443.97637939 -221.9881897 20.07874107
v 443.97637939 -227.89370728 20.07874107
v 443.58267212 -221.9881897 17.71653557
usemtl Patch_2390_Mat_mat6
f 3812 3813 3814

# obj691
v 372.04724121 220.09841919 20.07874107
v 307.59841919 220.09841919 17.71653557
v 371.65353394 220.09841919 17.71653557
v 307.99212646 220.09841919 20.07874107
usemtl Patch_2391_Mat_mat6
f 3815 3816 3817
usemtl Patch_2392_Mat_mat6
f 3816 3815 3818

# obj692
v 519.37005615 -221.9881897 20.07874107
v 519.37005615 -227.89370728 17.71653557
v 519.37005615 -227.89370728 20.07874107
usemtl Patch_2393_Mat_mat6
f 3819 3820 3821

# obj693
v 518.97637939 -221.9881897 17.71653557
v 519.37005615 -227.89370728 17.71653557
v 519.37005615 -221.9881897 20.07874107
usemtl Patch_2394_Mat_mat6
f 3822 3823 3824

# obj694
v 373.85827637 -221.9881897 17.71653557
v 374.25198364 -227.89370728 20.07874107
v 374.25198364 -227.89370728 17.71653557
usemtl Patch_2395_Mat_mat6
f 3825 3826 3827

# obj695
v 374.25198364 -221.9881897 20.07874107
v 374.25198364 -227.89370728 20.07874107
v 373.85827637 -221.9881897 17.71653557
usemtl Patch_2396_Mat_mat6
f 3828 3829 3830

# obj696
v 309.96063232 -221.9881897 20.07874107
v 309.96063232 -227.89370728 17.71653557
v 309.96063232 -227.89370728 20.07874107
usemtl Patch_2397_Mat_mat6
f 3831 3832 3833

# obj697
v 309.56692505 -221.9881897 17.71653557
v 309.96063232 -227.89370728 17.71653557
v 309.96063232 -221.9881897 20.07874107
usemtl Patch_2398_Mat_mat6
f 3834 3835 3836

# obj698
v 161.77165222 220.09841919 20.07874107
v 97.75590515 220.09841919 17.71653557
v 161.37796021 220.09841919 17.71653557
v 98.1496048 220.09841919 20.07874107
usemtl Patch_2399_Mat_mat6
f 3837 3838 3839
usemtl Patch_2400_Mat_mat6
f 3838 3837 3840

# obj699
v 519.37005615 -244.42913818 20.07874107
v 519.37005615 -227.89370728 20.07874107
v 519.37005615 -233.79920959 20.07874107
v 573.30706787 -244.42913818 20.07874107
v 519.37005615 -221.9881897 20.07874107
v 572.91339111 -221.9881897 20.07874107
usemtl Patch_2401_Mat_mat6
f 3842 3841 3844
usemtl Patch_2402_Mat_mat6
f 3842 3844 3845
usemtl Patch_2403_Mat_mat6
f 3845 3844 3846

# obj700
v 511.77166748 220.09841919 20.07874107
v 447.48031616 220.09841919 17.71653557
v 511.37796021 220.09841919 17.71653557
v 447.87402344 220.09841919 20.07874107
usemtl Patch_2404_Mat_mat6
f 3847 3848 3849
usemtl Patch_2405_Mat_mat6
f 3848 3847 3850

# obj701
v 441.96850586 220.09841919 20.07874107
v 377.55905151 220.09841919 17.71653557
v 441.57479858 220.09841919 17.71653557
v 377.95275879 220.09841919 20.07874107
usemtl Patch_2406_Mat_mat6
f 3851 3852 3853
usemtl Patch_2407_Mat_mat6
f 3852 3851 3854

# obj702
v 380.1574707 -221.9881897 20.07874107
v 443.58267212 -221.9881897 17.71653557
v 379.76379395 -221.9881897 17.71653557
v 443.97637939 -221.9881897 20.07874107
usemtl Patch_2408_Mat_mat6
f 3855 3856 3857
usemtl Patch_2409_Mat_mat6
f 3856 3855 3858

# obj703
v 218.54330444 -309.07479858 135.82676697
v 229.96063232 -309.07479858 57.48031616
v 218.54330444 -309.07479858 57.48031616
v 229.96063232 -309.07479858 135.82676697
usemtl Patch_2410_Mat_mat3
f 3859 3860 3861
usemtl Patch_2411_Mat_mat3
f 3860 3859 3862

# obj704
v 426.88977051 -309.07479858 135.82676697
v 438.30709839 -309.07479858 57.48031616
v 426.88977051 -309.07479858 57.48031616
v 438.30709839 -309.07479858 135.82676697
usemtl Patch_2412_Mat_mat3
f 3863 3864 3865
usemtl Patch_2413_Mat_mat3
f 3864 3863 3866

# obj705
v 10.62992096 -309.07479858 57.48031616
v 22.04724503 -258.60235596 57.48031616
v 10.23622036 -258.60235596 57.48031616
v 22.04724503 -309.07479858 57.48031616
usemtl Patch_2414_Mat_mat3
f 3867 3868 3869
usemtl Patch_2415_Mat_mat3
f 3868 3867 3870

# obj706
v 111.41732025 -309.07479858 57.48031616
v 102.75590515 -258.60235596 57.48031616
v 102.75590515 -309.07479858 57.48031616
v 111.02362061 -258.60235596 57.48031616
usemtl Patch_2416_Mat_mat3
f 3871 3872 3873
usemtl Patch_2417_Mat_mat3
f 3872 3871 3874

# obj707
v -0.78740156 156.94882202 38.18897629
v -47.24409485 -156.94882202 38.18897629
v -87.48031616 156.94882202 38.18897629
v -0.78740156 -156.94882202 38.18897629
v -47.24409485 -157.34251404 38.18897629
v -87.48031616 -157.34251404 38.18897629
usemtl Patch_2418_Mat_mat0
f 3875 3876 3877
usemtl Patch_2419_Mat_mat0
f 3876 3875 3878
usemtl Patch_2420_Mat_mat0
f 3877 3879 3880
usemtl Patch_2421_Mat_mat0
f 3879 3877 3876

# obj708
v 10.62992096 -309.07479858 135.82676697
v 22.04724503 -309.07479858 57.48031616
v 10.62992096 -309.07479858 57.48031616
v 22.04724503 -309.07479858 135.82676697
usemtl Patch_2422_Mat_mat3
f 3881 3882 3883
usemtl Patch_2423_Mat_mat3
f 3882 3881 3884

# obj709
v -87.48031616 -157.34251404 29.92125893
v -46.8503952 -168.36613464 29.92125893
v -87.48031616 -168.36613464 29.92125893
v -47.24409485 -157.34251404 29.92125893
usemtl Patch_2424_Mat_mat3
f 3885 3886 3887
usemtl Patch_2425_Mat_mat3
f 3886 3885 3888

# obj710
v -46.8503952 -190.41339111 15.74803162
v -87.48031616 -177.81495667 15.74803162
v -87.48031616 -190.41339111 15.74803162
v -46.8503952 -177.81495667 15.74803162
usemtl Patch_2426_Mat_mat3
f 3889 3890 3891
usemtl Patch_2427_Mat_mat3
f 3890 3889 3892

# obj711
v -87.48031616 -166.79133606 22.04724503
v -46.8503952 -179.38977051 22.04724503
v -87.48031616 -179.38977051 22.04724503
v -46.8503952 -166.79133606 22.04724503
usemtl Patch_2428_Mat_mat3
f 3893 3894 3895
usemtl Patch_2429_Mat_mat3
f 3894 3893 3896

# obj712
v -87.48031616 -177.81495667 14.17322826
v -46.8503952 -190.41339111 14.17322826
v -87.48031616 -190.41339111 14.17322826
v -46.8503952 -177.81495667 14.17322826
usemtl Patch_2430_Mat_mat3
f 3897 3898 3899
usemtl Patch_2431_Mat_mat3
f 3898 3897 3900

# obj713
v -46.8503952 -168.36613464 31.49606323
v -87.48031616 -157.34251404 31.49606323
v -87.48031616 -168.36613464 31.49606323
v -47.24409485 -157.34251404 31.49606323
usemtl Patch_2432_Mat_mat3
f 3901 3902 3903
usemtl Patch_2433_Mat_mat3
f 3902 3901 3904

# obj714
v -46.8503952 -179.38977051 23.62204742
v -87.48031616 -166.79133606 23.62204742
v -87.48031616 -179.38977051 23.62204742
v -46.8503952 -166.79133606 23.62204742
usemtl Patch_2434_Mat_mat3
f 3905 3906 3907
usemtl Patch_2435_Mat_mat3
f 3906 3905 3908

# obj715
v -46.8503952 -201.43701172 7.87401581
v -87.48031616 -201.43701172 6.29921246
v -46.8503952 -201.43701172 6.29921246
v -87.48031616 -201.43701172 7.87401581
usemtl Patch_2436_Mat_mat3
f 3909 3910 3911
usemtl Patch_2437_Mat_mat3
f 3910 3909 3912

# obj716
v -46.8503952 -201.43701172 7.87401581
v -87.48031616 -188.83857727 7.87401581
v -87.48031616 -201.43701172 7.87401581
v -46.8503952 -188.83857727 7.87401581
usemtl Patch_2438_Mat_mat3
f 3913 3914 3915
usemtl Patch_2439_Mat_mat3
f 3914 3913 3916

# obj717
v -87.48031616 -188.83857727 6.29921246
v -46.8503952 -201.43701172 6.29921246
v -87.48031616 -201.43701172 6.29921246
v -46.8503952 -188.83857727 6.29921246
usemtl Patch_2440_Mat_mat3
f 3917 3918 3919
usemtl Patch_2441_Mat_mat3
f 3918 3917 3920

# obj718
v -87.48031616 -177.81495667 15.74803162
v -46.8503952 -177.81495667 14.17322826
v -87.48031616 -177.81495667 14.17322826
v -46.8503952 -177.81495667 15.74803162
usemtl Patch_2442_Mat_mat3
f 3921 3922 3923
usemtl Patch_2443_Mat_mat3
f 3922 3921 3924

# obj719
v -46.8503952 -190.41339111 15.74803162
v -87.48031616 -190.41339111 14.17322826
v -46.8503952 -190.41339111 14.17322826
v -87.48031616 -190.41339111 15.74803162
usemtl Patch_2444_Mat_mat3
f 3925 3926 3927
usemtl Patch_2445_Mat_mat3
f 3926 3925 3928

# obj720
v -87.48031616 -188.83857727 6.29921246
v -46.8503952 -188.83857727 7.87401581
v -46.8503952 -188.83857727 6.29921246
v -87.48031616 -188.83857727 7.87401581
usemtl Patch_2446_Mat_mat3
f 3929 3930 3931
usemtl Patch_2447_Mat_mat3
f 3930 3929 3932

# obj721
v -87.48031616 -166.79133606 23.62204742
v -46.8503952 -166.79133606 22.04724503
v -87.48031616 -166.79133606 22.04724503
v -46.8503952 -166.79133606 23.62204742
usemtl Patch_2448_Mat_mat3
f 3933 3934 3935
usemtl Patch_2449_Mat_mat3
f 3934 3933 3936

# obj722
v -46.8503952 -168.36613464 31.49606323
v -87.48031616 -168.36613464 29.92125893
v -46.8503952 -168.36613464 29.92125893
v -87.48031616 -168.36613464 31.49606323
usemtl Patch_2450_Mat_mat3
f 3937 3938 3939
usemtl Patch_2451_Mat_mat3
f 3938 3937 3940

# obj723
v -46.8503952 -179.38977051 23.62204742
v -87.48031616 -179.38977051 22.04724503
v -46.8503952 -179.38977051 22.04724503
v -87.48031616 -179.38977051 23.62204742
usemtl Patch_2452_Mat_mat3
f 3941 3942 3943
usemtl Patch_2453_Mat_mat3
f 3942 3941 3944

# obj724
v -31.65354347 -221.9881897 20.07874107
v -31.25984192 -244.42913818 31.49606323
v -31.25984192 -244.42913818 20.07874107
v -31.65354347 -221.9881897 78.54330444
usemtl Patch_2454_Mat_mat0
f 3945 3946 3947
usemtl Patch_2455_Mat_mat0
f 3946 3945 3948

# obj725
v -87.48031616 -221.9881897 -0
v -31.65354347 -221.9881897 17.71653557
v -31.65354347 -221.9881897 -0
v -87.48031616 -221.9881897 140.5118103
v -31.65354347 -221.9881897 20.07874107
v -31.65354347 -221.9881897 78.54330444
v -31.25984192 -221.9881897 140.5118103
usemtl Patch_2456_Mat_mat0
f 3949 3950 3951
usemtl Patch_2457_Mat_mat0
f 3950 3949 3952
usemtl Patch_2458_Mat_mat0
f 3950 3952 3953
usemtl Patch_2459_Mat_mat0
f 3953 3952 3954
usemtl Patch_2460_Mat_mat0
f 3954 3952 3955

# obj726
v -31.25984192 -221.9881897 140.5118103
v -31.25984192 -244.42913818 31.49606323
v -31.65354347 -221.9881897 78.54330444
usemtl Patch_2461_Mat_mat0
f 3956 3957 3958
