mtllib mesh.mtl

v 0.50511646 -0.04202657 2.19000005
v 0.5051164596277384 -0.04202656480667753 0.05000000000000022
v 0.57474423 -0.03703559 0.04999999999999982
v 0.57474423 -0.03703559 0.04999999999999982
v 0.5799244896277385 -0.036664264806677546 0.049999999999999996
v 0.57992449 -0.03666427000000001 2.19000005
v 0.57992449 -0.03666427000000001 2.19000005
v 0.50511646 -0.04202657 2.19000005
v 0.57474423 -0.03703559 0.04999999999999982
v 0.7117592199999999 -1.5288979600000001 1.1262157569081908
v 0.59950822 0.03708404 0.05
v 0.71175922 -1.5288979600000001 0.050000000000000044
v 0.59950822 0.03708404 0.05
v 0.7117592199999999 -1.5288979600000001 1.1262157569081908
v 0.59950822 0.037084039999999985 1.149193103115405
v 0.59950822 0.037084039999999985 1.149193103115405
v 0.71175922 -1.52889796 2.21999996
v 0.59950822 0.03708404000000021 2.2199999600000004
v 0.71175922 -1.52889796 2.21999996
v 0.59950822 0.037084039999999985 1.149193103115405
v 0.7117592199999999 -1.5288979600000001 1.1262157569081908
v 0.59950822 0.03708404 2.21999996
v 0.569585 0.03493912 2.21999996
v 0.569585 0.03493912 0.05000000000000013
v 0.569585 0.03493912 0.05000000000000013
v 0.59950822 0.03708404 0.04999999999999982
v 0.59950822 0.03708404 2.21999996
v 0.50511646 -0.04202657000000004 1.1243343853611887
v 0.50511646 -0.04202657 2.19000005
v 0.60735779 -1.4683668599999997 2.19000005
v 0.60735779 -1.4683668599999997 2.19000005
v 0.60735779 -1.4683668599999997 1.120010661605541
v 0.50511646 -0.04202657000000004 1.1243343853611887
v 0.60735779 -1.4683668599999997 1.120010661605541
v 0.60735779 -1.4683668599999997 0.04999999999999963
v 0.50511646 -0.042026570000000096 0.0499999999999996
v 0.50511646 -0.042026570000000096 0.0499999999999996
v 0.50511646 -0.04202657000000004 1.1243343853611887
v 0.60735779 -1.4683668599999997 1.120010661605541
v 0.60735779 -1.46836686 2.1900000500000005
v 0.67698557 -1.46337589 0.05
v 0.6073577874990862 -1.468366825110129 0.05000000000000057
v 0.67698557 -1.46337589 0.05
v 0.60735779 -1.46836686 2.1900000500000005
v 0.68216587 -1.4630046 2.1900000500000005
v 0.67698557 -1.46337589 0.05
v 0.68216587 -1.4630046 2.1900000500000005
v 0.6821658674990863 -1.463004565110129 0.05000000000000057
v 0.681836 -1.5310428800000002 1.1493143706923301
v 0.569585 0.03493912 2.21999996
v 0.681836 -1.5310428800000002 2.21999996
v 0.569585 0.03493912 2.21999996
v 0.681836 -1.5310428800000002 1.1493143706923301
v 0.569585 0.03493911999999999 1.1216431684662669
v 0.681836 -1.5310428800000002 1.1493143706923301
v 0.681836 -1.53104288 0.049999999999999836
v 0.6769855692235018 -1.46337589005566 0.04999999999999983
v 0.5747442121212548 -0.037035591281564306 0.04999999999999982
v 0.569585 0.03493912000000021 0.04999999999999971
v 0.569585 0.03493911999999999 1.1216431684662669
v 0.569585 0.03493911999999999 1.1216431684662669
v 0.681836 -1.5310428800000002 1.1493143706923301
v 0.6769855692235018 -1.46337589005566 0.04999999999999983
v 0.6769855692235018 -1.46337589005566 0.04999999999999983
v 0.5747442121212548 -0.037035591281564306 0.04999999999999982
v 0.569585 0.03493911999999999 1.1216431684662669
v 0.57992449 -0.03666426999999972 2.19000005
v 0.60735779 -1.46836686 2.19000005
v 0.50511646 -0.042026569999999756 2.19000005
v 0.60735779 -1.46836686 2.19000005
v 0.57992449 -0.03666426999999972 2.19000005
v 0.68216587 -1.4630046 2.19000005
v 0.681836 -1.53104288 2.21999996
v 0.71175922 -1.52889796 2.21999996
v 0.71175922 -1.52889796 0.05000000000000013
v 0.71175922 -1.52889796 0.05000000000000013
v 0.681836 -1.53104288 0.04999999999999982
v 0.681836 -1.53104288 2.21999996
v 0.59950822 0.03708404000000021 2.21999996
v 0.71175922 -1.52889796 2.21999996
v 0.681836 -1.53104288 2.21999996
v 0.681836 -1.53104288 2.21999996
v 0.569585 0.03493911999999999 2.21999996
v 0.59950822 0.03708404000000021 2.21999996
v 0.68216587 -1.4630046000000003 0.05
v 0.6818360000000001 -1.5310428800000002 0.05
v 0.71175922 -1.5288979600000001 0.050000000000000024
v 0.57992449 -0.03666427000000002 0.04999999999999999
v 0.569585 0.03493912 0.04999999999999998
v 0.57474423 -0.03703559 0.04999999999999998
v 0.6818360000000001 -1.5310428800000002 0.05
v 0.68216587 -1.4630046000000003 0.05
v 0.6769855700000001 -1.4633758900000002 0.049999999999999996
v 0.569585 0.03493912 0.04999999999999998
v 0.57992449 -0.03666427000000002 0.04999999999999999
v 0.59950822 0.03708404 0.05
v 0.57992449 -0.03666427000000002 0.04999999999999999
v 0.68216587 -1.4630046000000003 0.05
v 0.71175922 -1.5288979600000001 0.050000000000000024
v 0.71175922 -1.5288979600000001 0.050000000000000024
v 0.59950822 0.03708404 0.05
v 0.57992449 -0.03666427000000002 0.04999999999999999
v 0.60735779 -1.46836686 0.05
v 0.57474423 -0.03703559 0.05
v 0.50511646 -0.04202657 0.04999999999999999
v 0.57474423 -0.03703559 0.05
v 0.60735779 -1.46836686 0.05
v 0.67698557 -1.4633758900000002 0.05000000000000002
v 6.10173802 -3.90599995 2.73600005
v 4.7925554167988675 -5.119629848743517 2.73600005
v 6.10173802 -4.797729666787095 2.73600005
v 4.7925554167988675 -5.119629848743517 2.73600005
v 6.10173802 -3.90599995 2.73600005
v 4.257401065390734 -3.90599995 2.73600005
v 4.7925554167988675 -5.119629848743517 2.73600005
v 4.257401065390734 -3.90599995 2.73600005
v 4.2560990394033045 -4.574886501074956 2.73600005
v 4.7925554167988675 -5.119629848743517 2.73600005
v 4.2560990394033045 -4.574886501074956 2.73600005
v 3.347791820313176 -5.214649727971089 2.73600005
v 3.347791820313176 -5.214649727971089 2.73600005
v 3.3532871371962756 -6.15999997 2.73600005
v 4.752176859092511 -6.15999997 2.73600005
v 4.752176859092511 -6.15999997 2.73600005
v 4.7925554167988675 -5.119629848743517 2.73600005
v 3.347791820313176 -5.214649727971089 2.73600005
v 4.7925554167988675 -5.119629848743517 2.73600005
v 4.752176859092511 -6.15999997 2.73600005
v 6.101738019999999 -6.15999997 2.73600005
v 6.101738019999999 -6.15999997 2.73600005
v 6.10173802 -4.797729666787095 2.73600005
v 4.7925554167988675 -5.119629848743517 2.73600005
v 4.257401065390734 -3.90599995 2.73600005
v 3.347791820313176 -5.214649727971089 2.73600005
v 4.2560990394033045 -4.574886501074956 2.73600005
v 3.347791820313176 -5.214649727971089 2.73600005
v 4.257401065390734 -3.90599995 2.73600005
v 2.4027606907494885 -3.90599995 2.73600005
v 3.347791820313176 -5.214649727971089 2.73600005
v 2.4027606907494885 -3.90599995 2.73600005
v 2.409038275836263 -4.596306084113252 2.73600005
v 3.347791820313176 -5.214649727971089 2.73600005
v 2.409038275836263 -4.596306084113252 2.73600005
v 1.8933579275090975 -5.134819122498343 2.73600005
v 3.347791820313176 -5.214649727971089 2.73600005
v 1.9378958882967674 -6.159999970000001 2.73600005
v 3.3532871371962756 -6.15999997 2.73600005
v 1.9378958882967674 -6.159999970000001 2.73600005
v 3.347791820313176 -5.214649727971089 2.73600005
v 1.8933579275090975 -5.134819122498343 2.73600005
v 1.8933579275090975 -5.134819122498343 2.73600005
v 2.409038275836263 -4.596306084113252 2.73600005
v 2.4027606907494885 -3.90599995 2.73600005
v 1.8933579275090975 -5.134819122498343 2.73600005
v 0.5707378400000009 -3.90599995 2.73600005
v 0.5707378400000007 -4.814863469909731 2.73600005
v 0.5707378400000009 -3.90599995 2.73600005
v 1.8933579275090975 -5.134819122498343 2.73600005
v 2.4027606907494885 -3.90599995 2.73600005
v 1.8933579275090975 -5.134819122498343 2.73600005
v 0.5707378400000007 -4.814863469909731 2.73600005
v 0.5707378400000005 -6.15999997 2.73600005
v 0.5707378400000005 -6.15999997 2.73600005
v 1.9378958882967674 -6.159999970000001 2.73600005
v 1.8933579275090975 -5.134819122498343 2.73600005
v 3.383858415189999 0.93000002 2.73600005
v 0.57073784 0.93000002 2.73600005
v 0.57073784 0.93000002 2.27600003
v 0.57073784 0.93000002 2.27600003
v 3.3839385894353122 0.93000002 2.27600003
v 3.383858415189999 0.93000002 2.73600005
v 3.3839385894353122 0.93000002 2.27600003
v 6.101738020000001 0.93000002 2.27600003
v 6.101738020000001 0.93000002 2.73600005
v 6.101738020000001 0.93000002 2.73600005
v 3.383858415189999 0.93000002 2.73600005
v 3.3839385894353122 0.93000002 2.27600003
v 3.266850250846519 0.93000002 2.27600003
v 6.10173802 0.49900001999999993 2.27600003
v 6.10173802 0.93000002 2.27600003
v 6.10173802 0.49900001999999993 2.27600003
v 3.266850250846519 0.93000002 2.27600003
v 3.2665935483652926 0.49900002 2.27600003
v 3.2665935483652926 0.49900002 2.27600003
v 0.5707378400000008 0.9300000200000001 2.27600003
v 0.5707378400000005 0.49900002000000004 2.27600003
v 0.5707378400000008 0.9300000200000001 2.27600003
v 3.2665935483652926 0.49900002 2.27600003
v 3.266850250846519 0.93000002 2.27600003
v 3.288617444810001 0.49900002 2.73600005
v 6.10173802 0.49900002 2.73600005
v 6.10173802 0.49900002 2.27600003
v 6.10173802 0.49900002 2.27600003
v 3.288537270564688 0.49900002 2.27600003
v 3.288617444810001 0.49900002 2.73600005
v 3.288537270564688 0.49900002 2.27600003
v 0.5707378399999996 0.49900002 2.27600003
v 0.5707378399999999 0.49900002 2.73600005
v 0.5707378399999999 0.49900002 2.73600005
v 3.288617444810001 0.49900002 2.73600005
v 3.288537270564688 0.49900002 2.27600003
v 4.571608352891405 0.9300000199999999 2.73600005
v 6.10173802 0.9300000199999999 2.73600005
v 6.10173802 1.90299993 2.73600005
v 6.10173802 1.90299993 2.73600005
v 4.623824666988851 2.038740295014717 2.73600005
v 4.571608352891405 0.9300000199999999 2.73600005
v 4.571608352891405 0.9300000199999999 2.73600005
v 3.2180477735752886 2.16785521792439 2.73600005
v 3.1556011839503904 0.9300000199999999 2.73600005
v 3.2180477735752886 2.16785521792439 2.73600005
v 4.571608352891405 0.9300000199999999 2.73600005
v 4.623824666988851 2.038740295014717 2.73600005
v 3.1556011839503904 0.9300000199999999 2.73600005
v 1.885363642304329 2.2902568662074043 2.73600005
v 1.8216825231668388 0.9300000199999998 2.73600005
v 1.885363642304329 2.2902568662074043 2.73600005
v 3.1556011839503904 0.9300000199999999 2.73600005
v 3.2180477735752886 2.16785521792439 2.73600005
v 1.885363642304329 2.2902568662074043 2.73600005
v 0.5707378399999992 2.41099993 2.73600005
v 0.5707378399999996 0.9300000199999999 2.73600005
v 0.5707378399999996 0.9300000199999999 2.73600005
v 1.8216825231668388 0.9300000199999998 2.73600005
v 1.885363642304329 2.2902568662074043 2.73600005
v 3.3399561728781673 -3.48300019 2.73600005
v 0.57073784 -3.48300019 2.73600005
v 0.57073784 -3.48300019 2.27600003
v 0.57073784 -3.48300019 2.27600003
v 3.340134494570152 -3.48300019 2.27600003
v 3.3399561728781673 -3.48300019 2.73600005
v 3.340134494570152 -3.48300019 2.27600003
v 6.101738020000001 -3.48300019 2.27600003
v 6.101738020000001 -3.48300019 2.73600005
v 6.101738020000001 -3.48300019 2.73600005
v 3.3399561728781673 -3.48300019 2.73600005
v 3.340134494570152 -3.48300019 2.27600003
v 3.2678285250376735 -3.90599995 2.27600003
v 6.10173802 -3.90599995 2.27600003
v 6.10173802 -3.48300019 2.27600003
v 6.10173802 -3.48300019 2.27600003
v 3.2677993189969614 -3.48300019 2.27600003
v 3.2678285250376735 -3.90599995 2.27600003
v 3.2677993189969614 -3.48300019 2.27600003
v 0.5707378399999998 -3.48300019 2.27600003
v 0.5707378399999996 -3.90599995 2.27600003
v 0.5707378399999996 -3.90599995 2.27600003
v 3.2678285250376735 -3.90599995 2.27600003
v 3.2677993189969614 -3.48300019 2.27600003
v 3.288617444810001 -3.90599995 2.73600005
v 6.10173802 -3.90599995 2.73600005
v 6.10173802 -3.90599995 2.27600003
v 6.10173802 -3.90599995 2.27600003
v 3.288537270564688 -3.90599995 2.27600003
v 3.288617444810001 -3.90599995 2.73600005
v 3.288537270564688 -3.90599995 2.27600003
v 0.5707378399999996 -3.90599995 2.27600003
v 0.5707378399999999 -3.90599995 2.73600005
v 0.5707378399999999 -3.90599995 2.73600005
v 3.288617444810001 -3.90599995 2.73600005
v 3.288537270564688 -3.90599995 2.27600003
v 4.6325991990089905 -0.4750850437951054 2.73600005
v 6.10173802 -0.4439172733580695 2.73600005
v 6.10173802 0.49900002 2.73600005
v 6.10173802 0.49900002 2.73600005
v 4.462592635359271 0.4990000200000001 2.73600005
v 4.6325991990089905 -0.4750850437951054 2.73600005
v 4.6325991990089905 -0.4750850437951054 2.73600005
v 3.060977431807742 -0.7342770265475891 2.73600005
v 4.460586810168302 -0.8388871403319004 2.73600005
v 3.060977431807742 -0.7342770265475891 2.73600005
v 3.348678635630078 -1.0324743751496637 2.73600005
v 4.460586810168302 -0.8388871403319004 2.73600005
v 3.173188408692538 0.49900002 2.73600005
v 4.6325991990089905 -0.4750850437951054 2.73600005
v 4.462592635359271 0.4990000200000001 2.73600005
v 3.060977431807742 -0.7342770265475891 2.73600005
v 4.6325991990089905 -0.4750850437951054 2.73600005
v 3.173188408692538 0.49900002 2.73600005
v 4.6325991990089905 -0.4750850437951054 2.73600005
v 4.460586810168302 -0.8388871403319004 2.73600005
v 4.852447265628206 -1.5771436283461249 2.73600005
v 4.852447265628206 -1.5771436283461249 2.73600005
v 6.10173802 -1.377951776572337 2.73600005
v 6.10173802 -0.4439172733580695 2.73600005
v 6.10173802 -0.4439172733580695 2.73600005
v 4.6325991990089905 -0.4750850437951054 2.73600005
v 4.852447265628206 -1.5771436283461249 2.73600005
v 4.852447265628206 -1.5771436283461249 2.73600005
v 4.665880158366189 -2.259062851218889 2.73600005
v 6.10173802 -2.7807113670213375 2.73600005
v 6.10173802 -2.7807113670213375 2.73600005
v 6.10173802 -1.377951776572337 2.73600005
v 4.852447265628206 -1.5771436283461249 2.73600005
v 4.665880158366189 -2.259062851218889 2.73600005
v 4.425138242738269 -2.4543334938960832 2.73600005
v 4.32670350710077 -3.4830001900000003 2.73600005
v 4.32670350710077 -3.4830001900000003 2.73600005
v 6.101738020000001 -3.4830001900000003 2.73600005
v 6.10173802 -2.7807113670213375 2.73600005
v 6.10173802 -2.7807113670213375 2.73600005
v 4.665880158366189 -2.259062851218889 2.73600005
v 4.32670350710077 -3.4830001900000003 2.73600005
v 1.9509418029392331 -0.8361100573089695 2.73600005
v 3.060977431807742 -0.7342770265475891 2.73600005
v 3.173188408692538 0.49900002 2.73600005
v 3.173188408692538 0.49900002 2.73600005
v 1.5341450416117752 0.49900002 2.73600005
v 1.9509418029392331 -0.8361100573089695 2.73600005
v 4.852447265628206 -1.5771436283461249 2.73600005
v 3.348678635630078 -1.0324743751496637 2.73600005
v 3.2508109005707855 -2.008493049119128 2.73600005
v 3.2508109005707855 -2.008493049119128 2.73600005
v 4.425138242738269 -2.4543334938960832 2.73600005
v 4.665880158366189 -2.259062851218889 2.73600005
v 3.348678635630078 -1.0324743751496637 2.73600005
v 4.852447265628206 -1.5771436283461249 2.73600005
v 4.460586810168302 -0.8388871403319004 2.73600005
v 4.852447265628206 -1.5771436283461249 2.73600005
v 3.2508109005707855 -2.008493049119128 2.73600005
v 4.665880158366189 -2.259062851218889 2.73600005
v 4.425138242738269 -2.4543334938960832 2.73600005
v 3.2508109005707855 -2.008493049119128 2.73600005
v 2.8888672757270446 -2.2941098841267107 2.73600005
v 4.425138242738269 -2.4543334938960832 2.73600005
v 2.933682243333664 -3.4830001900000003 2.73600005
v 4.32670350710077 -3.4830001900000003 2.73600005
v 2.933682243333664 -3.4830001900000003 2.73600005
v 4.425138242738269 -2.4543334938960832 2.73600005
v 2.8888672757270446 -2.2941098841267107 2.73600005
v 1.925983684536249 -2.078603518444383 2.73600005
v 1.9509418029392331 -0.8361100573089695 2.73600005
v 1.5165156351428388 -1.443994832256668 2.73600005
v 3.2508109005707855 -2.008493049119128 2.73600005
v 1.925983684536249 -2.078603518444383 2.73600005
v 2.8888672757270446 -2.2941098841267107 2.73600005
v 3.060977431807742 -0.7342770265475891 2.73600005
v 3.2508109005707855 -2.008493049119128 2.73600005
v 3.348678635630078 -1.0324743751496637 2.73600005
v 3.2508109005707855 -2.008493049119128 2.73600005
v 3.060977431807742 -0.7342770265475891 2.73600005
v 1.9509418029392331 -0.8361100573089695 2.73600005
v 3.2508109005707855 -2.008493049119128 2.73600005
v 1.9509418029392331 -0.8361100573089695 2.73600005
v 1.925983684536249 -2.078603518444383 2.73600005
v 0.5707378400000003 0.49900002 2.73600005
v 1.9509418029392331 -0.8361100573089695 2.73600005
v 1.5341450416117752 0.49900002 2.73600005
v 1.9509418029392331 -0.8361100573089695 2.73600005
v 0.5707378400000003 0.49900002 2.73600005
v 0.5707378399999998 -1.4265768525030835 2.73600005
v 1.9509418029392331 -0.8361100573089695 2.73600005
v 0.5707378399999998 -1.4265768525030835 2.73600005
v 1.5165156351428388 -1.443994832256668 2.73600005
v 2.933682243333664 -3.4830001900000003 2.73600005
v 1.925983684536249 -2.078603518444383 2.73600005
v 1.278844153756258 -3.4830001900000003 2.73600005
v 1.925983684536249 -2.078603518444383 2.73600005
v 2.933682243333664 -3.4830001900000003 2.73600005
v 2.8888672757270446 -2.2941098841267107 2.73600005
v 1.925983684536249 -2.078603518444383 2.73600005
v 1.5165156351428388 -1.443994832256668 2.73600005
v 0.5707378399999998 -1.4265768525030835 2.73600005
v 1.925983684536249 -2.078603518444383 2.73600005
v 0.5707378400000005 -3.4830001900000003 2.73600005
v 1.278844153756258 -3.4830001900000003 2.73600005
v 0.5707378400000005 -3.4830001900000003 2.73600005
v 1.925983684536249 -2.078603518444383 2.73600005
v 0.5707378399999998 -1.4265768525030835 2.73600005
v -0.1154714599999998 1.5980490699999998 0.0
v -1.6226280381278833 1.2376168688738036 0.0
v -1.34010202168243 1.6858316934338855 0.0
v -0.05112377 2.49574572 0.0
v -0.7959312046132619 2.549134232336401 0.0
v -0.7681886239328919 2.593146589459968 0.0
v -0.1154714599999998 1.5980490699999998 0.0
v -1.157512670805636 -0.03990988596016076 0.0
v -1.6226280381278833 1.2376168688738036 0.0
v -0.05112377 2.49574572 0.0
v -0.7681886239328919 2.593146589459968 0.0
v -0.00026213999999999404 2.52300007 0.0
v -1.157512670805636 -0.03990988596016076 0.0
v -0.1154714599999998 1.5980490699999998 0.0
v -0.00026213999999979976 0.021114809709381177 0.0
v -0.1154714599999998 1.5980490699999998 0.0
v -0.05112377 2.49574572 0.0
v -0.00026213999999999404 2.52300007 0.0
v -0.00026213999999999404 2.52300007 0.0
v -0.00026213999999979976 0.021114809709381177 0.0
v -0.1154714599999998 1.5980490699999998 0.0
v -3.0452266748859778 0.08752429502776043 0.0
v -1.1975287455370025 -0.08671322098490686 0.0
v -2.773543181727852 -0.3981169754568019 0.0
v -2.773543181727852 -0.3981169754568019 0.0
v -2.9003621501591597 -0.33089255007500457 0.0
v -3.0452266748859778 0.08752429502776043 0.0
v -1.1975287455370025 -0.08671322098490686 0.0
v -2.649055056931375 1.1166396759313688 0.0
v -1.6226280381278833 1.2376168688738036 0.0
v -1.1975287455370025 -0.08671322098490686 0.0
v -1.6226280381278833 1.2376168688738036 0.0
v -1.157512670805636 -0.03990988596016076 0.0
v -1.1975287455370025 -0.08671322098490686 0.0
v -3.0452266748859778 0.08752429502776043 0.0
v -2.649055056931375 1.1166396759313688 0.0
v -1.78405854 1.7289706300000003 0.0
v -2.3900469400000004 2.5244441700000007 0.0
v -1.67695229 2.6122866700000005 0.0
v -1.74129991 1.7145899200000003 0.0
v -1.34010202168243 1.6858316934338855 0.0
v -1.6226280381278833 1.2376168688738036 0.0
v -1.86360582 1.6683718100000002 0.0
v -3.1562207648084946 1.7094603639647385 0.0
v -2.5087414400000005 2.4619983700000003 0.0
v -3.1562207648084946 1.7094603639647385 0.0
v -3.0662216010374053 2.4619983700000008 0.0
v -2.5087414400000005 2.4619983700000003 0.0
v -2.5087414400000005 2.56199827 0.0
v -3.0542621952598705 2.561998270000001 0.0
v -3.0258732488262305 2.799375599382212 0.0
v -1.67695229 2.6122866700000005 0.0
v -0.7681886239328919 2.593146589459968 0.0
v -0.7959312046132619 2.549134232336401 0.0
v -1.78405854 1.7289706300000003 0.0
v -1.67695229 2.6122866700000005 0.0
v -1.74129991 1.7145899200000003 0.0
v -1.86360582 1.6683718100000002 0.0
v -2.5087414400000005 2.4619983700000003 0.0
v -2.4695942200000003 2.4638451500000005 0.0
v -0.7681886239328919 2.593146589459968 0.0
v -1.67695229 2.6122866700000005 0.0
v -3.0258732488262305 2.799375599382212 0.0
v -1.86360582 1.6683718100000002 0.0
v -1.78405854 1.7289706300000003 0.0
v -1.74129991 1.7145899200000003 0.0
v -2.5087414400000005 2.56199827 0.0
v -3.0258732488262305 2.799375599382212 0.0
v -1.67695229 2.6122866700000005 0.0
v -1.86360582 1.6683718100000002 0.0
v -1.74129991 1.7145899200000003 0.0
v -1.6226280381278833 1.2376168688738036 0.0
v -2.5087414400000005 2.56199827 0.0
v -1.67695229 2.6122866700000005 0.0
v -2.3900469400000004 2.5244441700000007 0.0
v -2.649055056931375 1.1166396759313688 0.0
v -1.86360582 1.6683718100000002 0.0
v -1.6226280381278833 1.2376168688738036 0.0
v -2.4695942200000003 2.4638451500000005 0.0
v -2.5087414400000005 2.56199827 0.0
v -2.3900469400000004 2.5244441700000007 0.0
v -3.1562207648084946 1.7094603639647385 0.0
v -1.86360582 1.6683718100000002 0.0
v -2.649055056931375 1.1166396759313688 0.0
v -2.5087414400000005 2.56199827 0.0
v -2.4695942200000003 2.4638451500000005 0.0
v -2.5087414400000005 2.4619983700000003 0.0
v -2.649055056931375 1.1166396759313688 0.0
v -3.0452266748859778 0.08752429502776043 0.0
v -4.353151673716374 0.56675226987723 0.0
v -4.353151673716374 0.56675226987723 0.0
v -4.461080720625967 1.2877900747388968 0.0
v -3.1562207648084946 1.7094603639647385 0.0
v -3.1562207648084946 1.7094603639647385 0.0
v -2.649055056931375 1.1166396759313688 0.0
v -4.353151673716374 0.56675226987723 0.0
v -0.00026213999999979976 0.021114809709381177 0.0
v -0.590488034135116 -1.9833576200000005 0.0
v -1.2614155073071205 -1.496345648376175 0.0
v -0.00026213999999979976 0.021114809709381177 0.0
v -1.1975287455370025 -0.08671322098490686 0.0
v -1.157512670805636 -0.03990988596016076 0.0
v -0.012714849999999167 -1.98335762 0.0
v -0.00026213999999935567 -2.411790033189445 0.0
v -0.012714849999999167 -2.402750876064923 0.0
v -0.00026213999999979976 0.021114809709381177 0.0
v -1.2614155073071205 -1.496345648376175 0.0
v -1.1975287455370025 -0.08671322098490686 0.0
v -0.00026213999999935567 -2.411790033189445 0.0
v -0.012714849999999167 -1.98335762 0.0
v -0.00026213999999979976 0.021114809709381177 0.0
v -0.590488034135116 -1.9833576200000005 0.0
v -0.00026213999999979976 0.021114809709381177 0.0
v -0.012714849999999167 -1.98335762 0.0
v -0.012714849999998723 -3.6133573500000002 0.0
v -0.012714849999999167 -2.402750876064923 0.0
v -0.00026213999999935567 -2.411790033189445 0.0
v -0.012714849999998723 -3.6133573500000002 0.0
v -1.986503802216557 -3.64799981 0.0
v -1.9979301209506408 -3.61335735 0.0
v -0.012714849999998723 -3.6133573500000002 0.0
v -0.00026213999999935567 -2.411790033189445 0.0
v -0.0002621399999989116 -3.647999810000001 0.0
v -1.986503802216557 -3.64799981 0.0
v -0.012714849999998723 -3.6133573500000002 0.0
v -0.0002621399999989116 -3.647999810000001 0.0
v -0.9127148299999994 -1.9833576200000005 0.0
v -2.2358342119048946 -1.703137494367176 0.0
v -1.2614155073071205 -1.496345648376175 0.0
v -1.2614155073071205 -1.496345648376175 0.0
v -0.590488034135116 -1.9833576200000005 0.0
v -0.9127148299999994 -1.9833576200000005 0.0
v -0.9127148299999994 -1.9833576200000005 0.0
v -0.9127148299999983 -2.7983574899999994 0.0
v -2.266746139460696 -2.798357489999999 0.0
v -2.2358342119048946 -1.703137494367176 0.0
v -2.266746139460696 -2.798357489999999 0.0
v -2.494289940778823 -2.1084872685525946 0.0
v -2.2358342119048946 -1.703137494367176 0.0
v -0.9127148299999994 -1.9833576200000005 0.0
v -2.266746139460696 -2.798357489999999 0.0
v -2.773543181727852 -0.3981169754568019 0.0
v -1.2614155073071205 -1.496345648376175 0.0
v -2.2358342119048946 -1.703137494367176 0.0
v -1.2614155073071205 -1.496345648376175 0.0
v -2.773543181727852 -0.3981169754568019 0.0
v -1.1975287455370025 -0.08671322098490686 0.0
v -5.318257549999999 1.6070335900000008 0.0
v -4.83118923002554 2.019213703616438 0.0
v -4.792242501252268 1.816360412167981 0.0
v -5.28128268 1.5141203700000005 0.0
v -4.773045387111367 1.716372610561753 0.0
v -4.739149284876338 1.5398254107782516 0.0
v -5.28128268 1.5141203700000005 0.0
v -5.34190068 1.2867021741030875 0.0
v -5.34190068 1.478813800000001 0.0
v -5.441900389999999 1.4788138000000006 0.0
v -5.441900389999999 1.2447076628227207 0.0
v -6.251262229999999 0.9048191279481812 0.0
v -6.03711328 3.050918810000001 0.0
v -5.015876371749904 2.9811531467232677 0.0
v -5.008514463095773 2.9428087863913093 0.0
v -4.83118923002554 2.019213703616438 0.0
v -5.318257549999999 1.6070335900000008 0.0
v -6.13118894 2.155849220000001 0.0
v -5.34190068 1.2867021741030875 0.0
v -5.28128268 1.5141203700000005 0.0
v -4.739149284876338 1.5398254107782516 0.0
v -5.015876371749904 2.9811531467232677 0.0
v -6.03711328 3.050918810000001 0.0
v -6.25126223 3.093999910000001 0.0
v -5.34190068 1.478813800000001 0.0
v -5.318257549999999 1.6070335900000008 0.0
v -5.28128268 1.5141203700000005 0.0
v -5.318257549999999 1.6070335900000008 0.0
v -5.34190068 1.478813800000001 0.0
v -5.441900389999999 1.4788138000000006 0.0
v -6.25126223 3.093999910000001 0.0
v -6.03711328 3.050918810000001 0.0
v -6.13118894 2.155849220000001 0.0
v -5.318257549999999 1.6070335900000008 0.0
v -5.441900389999999 1.4788138000000006 0.0
v -6.13118894 2.155849220000001 0.0
v -6.251262229999999 0.9048191279481812 0.0
v -6.25126223 3.093999910000001 0.0
v -6.13118894 2.155849220000001 0.0
v -6.13118894 2.155849220000001 0.0
v -5.441900389999999 1.4788138000000006 0.0
v -6.251262229999999 0.9048191279481812 0.0
v -3.50874164 2.561998270000001 0.0
v -3.5087416400000007 2.4707759300000003 0.0
v -3.5562864200000006 2.5587957500000003 0.0
v -4.3723118 1.9721931900000007 0.0
v -3.5087416400000007 2.4707759300000003 0.0
v -3.5087416400000007 2.4619983700000008 0.0
v -3.5087416400000007 2.4619983700000008 0.0
v -3.0662216010374053 2.4619983700000008 0.0
v -3.1562207648084946 1.7094603639647385 0.0
v -4.35215024 1.8838671800000004 0.0
v -4.461080720625967 1.2877900747388968 0.0
v -4.739149284876338 1.5398254107782516 0.0
v -4.739149284876338 1.5398254107782516 0.0
v -4.773045387111367 1.716372610561753 0.0
v -4.35215024 1.8838671800000004 0.0
v -4.792242501252268 1.816360412167981 0.0
v -4.83118923002554 2.019213703616438 0.0
v -4.510118119999999 1.9854677600000006 0.0
v -4.41604285 2.8805375500000006 0.0
v -5.008514463095773 2.9428087863913093 0.0
v -5.015876371749904 2.9811531467232677 0.0
v -3.0258732488262305 2.799375599382212 0.0
v -3.0542621952598705 2.561998270000001 0.0
v -3.50874164 2.561998270000001 0.0
v -4.35215024 1.8838671800000004 0.0
v -3.5087416400000007 2.4619983700000008 0.0
v -3.1562207648084946 1.7094603639647385 0.0
v -4.461080720625967 1.2877900747388968 0.0
v -4.35215024 1.8838671800000004 0.0
v -3.1562207648084946 1.7094603639647385 0.0
v -4.38912512 1.9767803100000005 0.0
v -4.792242501252268 1.816360412167981 0.0
v -4.510118119999999 1.9854677600000006 0.0
v -4.41604285 2.8805375500000006 0.0
v -5.015876371749904 2.9811531467232677 0.0
v -3.0258732488262305 2.799375599382212 0.0
v -3.0258732488262305 2.799375599382212 0.0
v -3.50874164 2.561998270000001 0.0
v -3.5562864200000006 2.5587957500000003 0.0
v -3.5087416400000007 2.4619983700000008 0.0
v -4.35215024 1.8838671800000004 0.0
v -4.3723118 1.9721931900000007 0.0
v -4.41604285 2.8805375500000006 0.0
v -3.0258732488262305 2.799375599382212 0.0
v -3.5562864200000006 2.5587957500000003 0.0
v -4.3723118 1.9721931900000007 0.0
v -4.35215024 1.8838671800000004 0.0
v -4.38912512 1.9767803100000005 0.0
v -4.41604285 2.8805375500000006 0.0
v -3.5562864200000006 2.5587957500000003 0.0
v -4.42231185 2.0587958500000005 0.0
v -4.42231185 2.0587958500000005 0.0
v -4.3723118 1.9721931900000007 0.0
v -4.38912512 1.9767803100000005 0.0
v -4.510118119999999 1.9854677600000006 0.0
v -4.41604285 2.8805375500000006 0.0
v -4.42231185 2.0587958500000005 0.0
v -4.42231185 2.0587958500000005 0.0
v -4.38912512 1.9767803100000005 0.0
v -4.510118119999999 1.9854677600000006 0.0
v -3.0452266748859778 0.08752429502776043 0.0
v -2.9003621501591597 -0.33089255007500457 0.0
v -3.8157916743855624 -1.0468663471785817 0.0
v -4.353151673716374 0.56675226987723 0.0
v -4.744709593902029 -0.6376957022745307 0.0
v -4.8663161199747424 -0.17870938170102768 0.0
v -3.8157916743855624 -1.0468663471785817 0.0
v -4.353151673716374 0.56675226987723 0.0
v -3.0452266748859778 0.08752429502776043 0.0
v -4.744709593902029 -0.6376957022745307 0.0
v -4.353151673716374 0.56675226987723 0.0
v -3.8157916743855624 -1.0468663471785817 0.0
v -3.8157916743855624 -1.0468663471785817 0.0
v -2.494289940778823 -2.1084872685525946 0.0
v -3.6832918288853502 -2.0734184923723276 0.0
v -3.8157916743855624 -1.0468663471785817 0.0
v -3.6832918288853502 -2.0734184923723276 0.0
v -3.7263683054052286 -2.0385540714515806 0.0
v -2.773543181727852 -0.3981169754568019 0.0
v -3.8157916743855624 -1.0468663471785817 0.0
v -2.9003621501591597 -0.33089255007500457 0.0
v -2.494289940778823 -2.1084872685525946 0.0
v -3.8157916743855624 -1.0468663471785817 0.0
v -2.2358342119048946 -1.703137494367176 0.0
v -2.2358342119048946 -1.703137494367176 0.0
v -3.8157916743855624 -1.0468663471785817 0.0
v -2.773543181727852 -0.3981169754568019 0.0
v -2.8027147799999996 -2.7983574899999994 0.0
v -2.494289940778823 -2.1084872685525946 0.0
v -2.266746139460696 -2.798357489999999 0.0
v -2.8027147799999996 -3.6133573500000002 0.0
v -1.9979301209506408 -3.61335735 0.0
v -1.986503802216557 -3.64799981 0.0
v -2.494289940778823 -2.1084872685525946 0.0
v -2.8027147799999996 -2.7983574899999994 0.0
v -3.6832918288853502 -2.0734184923723276 0.0
v -2.8027147799999996 -3.6133573500000002 0.0
v -1.986503802216557 -3.64799981 0.0
v -3.668620242041591 -3.6479998100000004 0.0
v -3.668620242041591 -3.6479998100000004 0.0
v -3.6832918288853502 -2.0734184923723276 0.0
v -2.8027147799999996 -2.7983574899999994 0.0
v -2.8027147799999996 -2.7983574899999994 0.0
v -2.8027147799999996 -3.6133573500000002 0.0
v -3.668620242041591 -3.6479998100000004 0.0
v -5.34190068 -0.043526862278614686 0.0
v -4.353151673716374 0.56675226987723 0.0
v -4.8663161199747424 -0.17870938170102768 0.0
v -4.353151673716374 0.56675226987723 0.0
v -5.34190068 -0.043526862278614686 0.0
v -5.34190068 1.2867021741030875 0.0
v -5.34190068 1.2867021741030875 0.0
v -4.739149284876338 1.5398254107782516 0.0
v -4.461080720625967 1.2877900747388968 0.0
v -4.353151673716374 0.56675226987723 0.0
v -5.34190068 1.2867021741030875 0.0
v -4.461080720625967 1.2877900747388968 0.0
v -5.441900389999999 -0.015102447620173098 0.0
v -6.251262229999999 0.9048191279481812 0.0
v -5.441900389999999 1.2447076628227207 0.0
v -6.251262229999999 0.9048191279481812 0.0
v -5.441900389999999 -0.015102447620173098 0.0
v -6.251262229999999 0.21495458503401754 0.0
v -3.8157916743855624 -1.0468663471785817 0.0
v -3.7263683054052286 -2.0385540714515806 0.0
v -4.840315762076462 -2.2498644702473407 0.0
v -3.8157916743855624 -1.0468663471785817 0.0
v -5.36659963844458 -1.5144945928972522 0.0
v -4.744709593902029 -0.6376957022745307 0.0
v -5.36659963844458 -1.5144945928972522 0.0
v -3.8157916743855624 -1.0468663471785817 0.0
v -4.840315762076462 -2.2498644702473407 0.0
v -5.34190068 -0.09118617999999934 0.0
v -5.34190068 -0.043526862278614686 0.0
v -4.8663161199747424 -0.17870938170102768 0.0
v -5.441900389999999 -0.0911861799999989 0.0
v -5.36659963844458 -1.5144945928972522 0.0
v -6.251262229999999 -1.1499999599999997 0.0
v -5.36659963844458 -1.5144945928972522 0.0
v -6.251262229999999 -1.4992493949807135 0.0
v -6.251262229999999 -1.1499999599999997 0.0
v -5.441900389999999 -0.0911861799999989 0.0
v -6.251262229999999 0.21495458503401754 0.0
v -5.441900389999999 -0.015102447620173098 0.0
v -4.744709593902029 -0.6376957022745307 0.0
v -5.34190068 -0.09118617999999934 0.0
v -4.8663161199747424 -0.17870938170102768 0.0
v -5.36659963844458 -1.5144945928972522 0.0
v -5.441900389999999 -0.0911861799999989 0.0
v -4.744709593902029 -0.6376957022745307 0.0
v -6.251262229999999 0.21495458503401754 0.0
v -5.441900389999999 -0.0911861799999989 0.0
v -6.251262229999999 -1.1499999599999997 0.0
v -4.744709593902029 -0.6376957022745307 0.0
v -5.441900389999999 -0.0911861799999989 0.0
v -5.34190068 -0.09118617999999934 0.0
v -6.251262229999999 -2.1870000399999987 0.0
v -5.12081656355309 -3.05310105 0.0
v -6.15168304 -3.05310105 0.0
v -6.15168304 -3.62310094 0.0
v -5.319868038569111 -3.62310094 0.0
v -5.328563052176451 -3.6479998100000004 0.0
v -5.36659963844458 -1.5144945928972522 0.0
v -6.251262229999999 -2.1870000399999987 0.0
v -6.251262229999999 -1.4992493949807135 0.0
v -5.12081656355309 -3.05310105 0.0
v -6.251262229999999 -2.1870000399999987 0.0
v -4.840315762076462 -2.2498644702473407 0.0
v -6.15168304 -3.62310094 0.0
v -5.328563052176451 -3.6479998100000004 0.0
v -6.25126223 -3.647999810000001 0.0
v -4.840315762076462 -2.2498644702473407 0.0
v -6.251262229999999 -2.1870000399999987 0.0
v -5.36659963844458 -1.5144945928972522 0.0
v -6.15168304 -3.05310105 0.0
v -6.15168304 -3.62310094 0.0
v -6.25126223 -3.647999810000001 0.0
v -6.251262229999999 -2.1870000399999987 0.0
v -6.15168304 -3.05310105 0.0
v -6.25126223 -3.647999810000001 0.0
v -4.52168292 -3.0531010499999995 0.0
v -5.12081656355309 -3.05310105 0.0
v -4.840315762076462 -2.2498644702473407 0.0
v -4.52168292 -3.0531010499999995 0.0
v -3.7263683054052286 -2.0385540714515806 0.0
v -3.6832918288853502 -2.0734184923723276 0.0
v -4.52168292 -3.6231009399999996 0.0
v -5.328563052176451 -3.6479998100000004 0.0
v -5.319868038569111 -3.62310094 0.0
v -3.7263683054052286 -2.0385540714515806 0.0
v -4.52168292 -3.0531010499999995 0.0
v -4.840315762076462 -2.2498644702473407 0.0
v -5.328563052176451 -3.6479998100000004 0.0
v -4.52168292 -3.6231009399999996 0.0
v -3.668620242041591 -3.6479998100000004 0.0
v -3.668620242041591 -3.6479998100000004 0.0
v -4.52168292 -3.0531010499999995 0.0
v -3.6832918288853502 -2.0734184923723276 0.0
v -4.52168292 -3.0531010499999995 0.0
v -3.668620242041591 -3.6479998100000004 0.0
v -4.52168292 -3.6231009399999996 0.0
v -5.023426056818981 -3.64799981 1.3301791007129569
v -6.25126223 -3.64799981 1.4626910938550108
v -6.25126223 -3.64799981 0.0
v -6.25126223 -3.64799981 0.0
v -4.976325536911845 -3.64799981 0.0
v -5.023426056818981 -3.64799981 1.3301791007129569
v -5.023426056818981 -3.64799981 1.3301791007129569
v -4.697277339819635 -3.64799981 1.5986251734732113
v -4.712655024373319 -3.64799981 2.76800004
v -5.023426056818981 -3.64799981 1.3301791007129569
v -6.25126223 -3.64799981 2.76800004
v -6.25126223 -3.64799981 1.4626910938550108
v -6.25126223 -3.64799981 2.76800004
v -5.023426056818981 -3.64799981 1.3301791007129569
v -4.712655024373319 -3.64799981 2.76800004
v -3.1519810399792023 -3.64799981 2.76800004
v -3.7078749235155435 -3.64799981 1.277602528098047
v -3.156676744216583 -3.64799981 1.6202274966574053
v -3.7078749235155435 -3.64799981 1.277602528098047
v -3.1519810399792023 -3.64799981 2.76800004
v -4.712655024373319 -3.64799981 2.76800004
v -3.7078749235155435 -3.64799981 1.277602528098047
v -4.712655024373319 -3.64799981 2.76800004
v -4.697277339819635 -3.64799981 1.5986251734732113
v -3.7078749235155435 -3.64799981 1.277602528098047
v -4.697277339819635 -3.64799981 1.5986251734732113
v -5.023426056818981 -3.64799981 1.3301791007129569
v -3.7078749235155435 -3.64799981 1.277602528098047
v -4.976325536911845 -3.64799981 0.0
v -3.726428487166228 -3.64799981 2.220446049250313e-16
v -4.976325536911845 -3.64799981 0.0
v -3.7078749235155435 -3.64799981 1.277602528098047
v -5.023426056818981 -3.64799981 1.3301791007129569
v -1.5909406472803267 -3.64799981 2.76800004
v -2.42657474411008 -3.64799981 1.2627866118220823
v -1.5887421163287194 -3.64799981 1.6479826015279049
v -2.42657474411008 -3.64799981 1.2627866118220823
v -1.5909406472803267 -3.64799981 2.76800004
v -3.1519810399792023 -3.64799981 2.76800004
v -2.42657474411008 -3.64799981 1.2627866118220823
v -3.1519810399792023 -3.64799981 2.76800004
v -3.156676744216583 -3.64799981 1.6202274966574053
v -2.42657474411008 -3.64799981 1.2627866118220823
v -3.156676744216583 -3.64799981 1.6202274966574053
v -3.7078749235155435 -3.64799981 1.277602528098047
v -2.42657474411008 -3.64799981 1.2627866118220823
v -3.726428487166228 -3.64799981 2.220446049250313e-16
v -2.3929499255996323 -3.64799981 -1.1102230246251565e-16
v -3.726428487166228 -3.64799981 2.220446049250313e-16
v -2.42657474411008 -3.64799981 1.2627866118220823
v -3.7078749235155435 -3.64799981 1.277602528098047
v -1.144303367332369 -3.64799981 1.3298141257167595
v -1.5887421163287194 -3.64799981 1.6479826015279049
v -2.42657474411008 -3.64799981 1.2627866118220823
v -2.42657474411008 -3.64799981 1.2627866118220823
v -2.3929499255996323 -3.64799981 -1.1102230246251565e-16
v -1.1903988164238517 -3.64799981 1.1102230246251565e-16
v -1.1903988164238517 -3.64799981 1.1102230246251565e-16
v -1.144303367332369 -3.64799981 1.3298141257167595
v -2.42657474411008 -3.64799981 1.2627866118220823
v -0.0002621400000000218 -3.64799981 2.7680000400000004
v -1.144303367332369 -3.64799981 1.3298141257167595
v -0.00026213999999924464 -3.64799981 1.5175246652531513
v -1.144303367332369 -3.64799981 1.3298141257167595
v -0.0002621400000000218 -3.64799981 2.7680000400000004
v -1.5909406472803267 -3.64799981 2.76800004
v -1.144303367332369 -3.64799981 1.3298141257167595
v -1.5909406472803267 -3.64799981 2.76800004
v -1.5887421163287194 -3.64799981 1.6479826015279049
v -1.144303367332369 -3.64799981 1.3298141257167595
v -1.1903988164238517 -3.64799981 1.1102230246251565e-16
v -0.0002621399999992172 -3.64799981 -1.3143899093220044e-16
v -0.0002621399999992172 -3.64799981 -1.3143899093220044e-16
v -0.00026213999999924464 -3.64799981 1.5175246652531513
v -1.144303367332369 -3.64799981 1.3298141257167595
v -1.3082247927295774 0.9300000200000003 2.76800004
v -0.0002621400000000218 0.93000002 2.76800004
v -0.00026214 2.52300007 2.76800004
v -0.00026214 2.52300007 2.76800004
v -1.239993571424957 2.636243781213356 2.76800004
v -1.3082247927295774 0.9300000200000003 2.76800004
v -1.3082247927295774 0.9300000200000003 2.76800004
v -2.4111885242096283 2.7432270032610866 2.76800004
v -2.6105714001311204 0.9300000200000001 2.76800004
v -2.4111885242096283 2.7432270032610866 2.76800004
v -1.3082247927295774 0.9300000200000003 2.76800004
v -1.239993571424957 2.636243781213356 2.76800004
v -5.489453139647977 3.0244121860456477 2.76800004
v -3.899950414098447 2.019098408175011 2.76800004
v -3.588407255527003 2.85076046951436 2.76800004
v -3.899950414098447 2.019098408175011 2.76800004
v -5.489453139647977 3.0244121860456477 2.76800004
v -4.973229196208848 1.836543430791393 2.76800004
v -3.421096740946193 0.9300000200000001 2.76800004
v -4.973229196208848 1.836543430791393 2.76800004
v -5.359942840534354 0.93000002 2.76800004
v -4.973229196208848 1.836543430791393 2.76800004
v -3.421096740946193 0.9300000200000001 2.76800004
v -3.899950414098447 2.019098408175011 2.76800004
v -2.4111885242096283 2.7432270032610866 2.76800004
v -3.588407255527003 2.85076046951436 2.76800004
v -3.899950414098447 2.019098408175011 2.76800004
v -3.899950414098447 2.019098408175011 2.76800004
v -3.421096740946193 0.9300000200000001 2.76800004
v -2.6105714001311204 0.9300000200000001 2.76800004
v -2.6105714001311204 0.9300000200000001 2.76800004
v -2.4111885242096283 2.7432270032610866 2.76800004
v -3.899950414098447 2.019098408175011 2.76800004
v -4.973229196208848 1.836543430791393 2.76800004
v -5.489453139647977 3.0244121860456477 2.76800004
v -6.251262229999999 3.09399991 2.76800004
v -4.973229196208848 1.836543430791393 2.76800004
v -6.25126223 0.9300000200000001 2.76800004
v -5.359942840534354 0.93000002 2.76800004
v -6.25126223 0.9300000200000001 2.76800004
v -4.973229196208848 1.836543430791393 2.76800004
v -6.251262229999999 3.09399991 2.76800004
v -6.25126223 2.0070226292748106 1.4234828803567334
v -6.25126223 1.9294552019193751 2.76800004
v -6.25126223 3.09399991 2.76800004
v -6.25126223 3.09399991 2.76800004
v -6.25126223 3.09399991 1.3220496977773928
v -6.25126223 2.0070226292748106 1.4234828803567334
v -6.25126223 -0.6935292348486 1.5442080011195234
v -6.25126223 -1.1499999599999997 1.3325545660776124
v -6.25126223 -1.1499999599999993 2.03299994
v -6.25126223 -1.1499999599999993 2.03299994
v -6.25126223 -2.0239897995947262 2.03299994
v -6.25126223 -2.096240159513774 2.76800004
v -6.25126223 -0.4094621164336374 2.7680000399999996
v -6.25126223 -0.6935292348486 1.5442080011195234
v -6.25126223 -1.1499999599999993 2.03299994
v -6.25126223 -1.1499999599999993 2.03299994
v -6.25126223 -2.096240159513774 2.76800004
v -6.25126223 -0.4094621164336374 2.7680000399999996
v -6.25126223 0.9300000199999998 2.27600003
v -6.25126223 1.6876687524525469 1.1826559978781312
v -6.25126223 0.7570345587074738 1.4702022511900426
v -6.25126223 0.7570345587074738 1.4702022511900426
v -6.25126223 0.7300379014428793 2.27600003
v -6.25126223 0.9300000199999998 2.27600003
v -6.25126223 0.9300000199999998 2.27600003
v -6.25126223 0.93000002 2.7680000400000004
v -6.25126223 1.9294552019193751 2.76800004
v -6.25126223 1.6876687524525469 1.1826559978781312
v -6.25126223 0.9300000199999998 2.27600003
v -6.25126223 2.0070226292748106 1.4234828803567334
v -6.25126223 2.0070226292748106 1.4234828803567334
v -6.25126223 0.9300000199999998 2.27600003
v -6.25126223 1.9294552019193751 2.76800004
v -6.25126223 3.09399991 -4.440892098500626e-16
v -6.25126223 2.0070226292748106 1.4234828803567334
v -6.25126223 3.09399991 1.3220496977773928
v -6.25126223 2.0070226292748106 1.4234828803567334
v -6.25126223 3.09399991 -4.440892098500626e-16
v -6.25126223 1.7058241579128142 0.0
v -6.25126223 2.0070226292748106 1.4234828803567334
v -6.25126223 1.7058241579128142 0.0
v -6.25126223 1.6876687524525469 1.1826559978781312
v -6.25126223 0.26832297370848635 1.1341893925291804
v -6.25126223 0.7570345587074738 1.4702022511900426
v -6.25126223 1.6876687524525469 1.1826559978781312
v -6.25126223 0.26832297370848635 1.1341893925291804
v -6.25126223 1.7058241579128142 0.0
v -6.25126223 0.2403511796685046 -1.1102230246251565e-16
v -6.25126223 1.7058241579128142 0.0
v -6.25126223 0.26832297370848635 1.1341893925291804
v -6.25126223 1.6876687524525469 1.1826559978781312
v -6.25126223 -1.1499999600000002 -1.1102230246251565e-16
v -6.25126223 0.26832297370848635 1.1341893925291804
v -6.25126223 0.2403511796685046 -1.1102230246251565e-16
v -6.25126223 -0.6935292348486 1.5442080011195234
v -6.25126223 -1.1499999600000002 -1.1102230246251565e-16
v -6.25126223 -1.1499999599999997 1.3325545660776124
v -6.25126223 -1.1499999600000002 -1.1102230246251565e-16
v -6.25126223 -0.6935292348486 1.5442080011195234
v -6.25126223 0.26832297370848635 1.1341893925291804
v -6.25126223 0.49900002000000004 2.27600003
v -6.25126223 -0.6935292348486 1.5442080011195234
v -6.25126223 -0.4094621164336374 2.7680000399999996
v -6.25126223 -0.4094621164336374 2.7680000399999996
v -6.25126223 0.49900002 2.7680000400000004
v -6.25126223 0.49900002000000004 2.27600003
v -6.25126223 0.49900002000000004 2.27600003
v -6.25126223 0.7300379014428793 2.27600003
v -6.25126223 0.7570345587074738 1.4702022511900426
v -6.25126223 0.49900002000000004 2.27600003
v -6.25126223 0.26832297370848635 1.1341893925291804
v -6.25126223 -0.6935292348486 1.5442080011195234
v -6.25126223 0.26832297370848635 1.1341893925291804
v -6.25126223 0.49900002000000004 2.27600003
v -6.25126223 0.7570345587074738 1.4702022511900426
v -6.25126223 -2.18700004 2.03299994
v -6.25126223 -2.187000039999999 1.3821131987023227
v -6.25126223 -3.64799981 1.424960605835412
v -6.25126223 -2.18700004 2.03299994
v -6.25126223 -3.647999810000001 2.76800004
v -6.25126223 -2.096240159513774 2.76800004
v -6.25126223 -2.096240159513774 2.76800004
v -6.25126223 -2.0239897995947262 2.03299994
v -6.25126223 -2.18700004 2.03299994
v -6.25126223 -3.647999810000001 2.76800004
v -6.25126223 -2.18700004 2.03299994
v -6.25126223 -3.64799981 1.424960605835412
v -6.25126223 -2.187000039999999 1.3821131987023227
v -6.25126223 -2.187000039999999 6.111156783719877e-16
v -6.25126223 -3.64799981 -3.3306690738754696e-16
v -6.25126223 -3.64799981 -3.3306690738754696e-16
v -6.25126223 -3.64799981 1.424960605835412
v -6.25126223 -2.187000039999999 1.3821131987023227
v -6.25126223 -2.18700004 1.0104584792575664
v -6.25126223 -1.14999996 0.0
v -6.25126223 -2.18700004 -1.1102230246251565e-16
v -6.25126223 -1.14999996 0.0
v -6.25126223 -2.18700004 1.0104584792575664
v -6.25126223 -1.1499999599999997 1.0179370939476509
v -6.25126223 -1.1499999599999997 1.0179370939476509
v -6.25126223 -2.18700004 2.03299994
v -6.25126223 -1.1499999599999997 2.03299994
v -6.25126223 -2.18700004 2.03299994
v -6.25126223 -1.1499999599999997 1.0179370939476509
v -6.25126223 -2.18700004 1.0104584792575664
v -3.133583166561945 0.49900002 2.27600003
v -0.00026214 0.49900002 2.76800004
v -0.0002621399999999871 0.49900002 2.27600003
v -0.00026214 0.49900002 2.76800004
v -3.133583166561945 0.49900002 2.27600003
v -3.1344319062536705 0.49900002 2.76800004
v -3.1344319062536705 0.49900002 2.76800004
v -6.25126223 0.49900002 2.27600003
v -6.251262229999999 0.49900002 2.76800004
v -6.25126223 0.49900002 2.27600003
v -3.1344319062536705 0.49900002 2.76800004
v -3.133583166561945 0.49900002 2.27600003
v -3.1670152449438183 0.49900002 2.27600003
v -0.0002621399999999906 0.4990000199999999 2.27600003
v -0.00026214 0.93000002 2.27600003
v -0.00026214 0.93000002 2.27600003
v -3.167123454670249 0.9300000200000001 2.27600003
v -3.1670152449438183 0.49900002 2.27600003
v -3.167123454670249 0.9300000200000001 2.27600003
v -6.251262229999999 0.9300000200000003 2.27600003
v -6.251262229999999 0.49900002000000004 2.27600003
v -6.251262229999999 0.49900002000000004 2.27600003
v -3.1670152449438183 0.49900002 2.27600003
v -3.167123454670249 0.9300000200000001 2.27600003
v -3.1089155708704315 0.93000002 2.76800004
v -6.25126223 0.93000002 2.76800004
v -6.25126223 0.93000002 2.27600003
v -6.25126223 0.93000002 2.27600003
v -3.107558841892256 0.93000002 2.27600003
v -3.1089155708704315 0.93000002 2.76800004
v -3.107558841892256 0.93000002 2.27600003
v -0.00026214000000090304 0.93000002 2.27600003
v -0.00026214000000024504 0.93000002 2.76800004
v -0.00026214000000024504 0.93000002 2.76800004
v -3.1089155708704315 0.93000002 2.76800004
v -3.107558841892256 0.93000002 2.27600003
v -1.2508081917965201 -0.8375434711718257 2.76800004
v -0.0002621400000000218 -0.9936073897657107 2.76800004
v -0.00026214 0.49900002 2.76800004
v -0.00026214 0.49900002 2.76800004
v -1.288597662519197 0.4990000200000001 2.76800004
v -1.2508081917965201 -0.8375434711718257 2.76800004
v -2.558573277852285 -0.7779453143925688 2.76800004
v -1.619044607646653 -1.1345412687803424 2.76800004
v -1.2508081917965201 -0.8375434711718257 2.76800004
v -2.558573277852285 -0.7779453143925688 2.76800004
v -1.288597662519197 0.4990000200000001 2.76800004
v -2.5526601519352607 0.49900002000000043 2.76800004
v -1.288597662519197 0.4990000200000001 2.76800004
v -2.558573277852285 -0.7779453143925688 2.76800004
v -1.2508081917965201 -0.8375434711718257 2.76800004
v -2.558573277852285 -0.7779453143925688 2.76800004
v -3.212466883769661 -1.1497381075347282 2.76800004
v -3.1837546746800682 -2.312184120912637 2.76800004
v -2.558573277852285 -0.7779453143925688 2.76800004
v -1.610971795456415 -2.267221141076766 2.76800004
v -1.619044607646653 -1.1345412687803424 2.76800004
v -1.610971795456415 -2.267221141076766 2.76800004
v -2.558573277852285 -0.7779453143925688 2.76800004
v -3.1837546746800682 -2.312184120912637 2.76800004
v -1.5946722903359234 -2.286091006890265 2.76800004
v -1.619044607646653 -1.1345412687803424 2.76800004
v -1.610971795456415 -2.267221141076766 2.76800004
v -1.2508081917965201 -0.8375434711718257 2.76800004
v -1.5946722903359234 -2.286091006890265 2.76800004
v -0.00026213999999979976 -2.2748955152753183 2.76800004
v -0.00026213999999979976 -2.2748955152753183 2.76800004
v -0.0002621400000000218 -0.9936073897657107 2.76800004
v -1.2508081917965201 -0.8375434711718257 2.76800004
v -1.619044607646653 -1.1345412687803424 2.76800004
v -1.5946722903359234 -2.286091006890265 2.76800004
v -1.2508081917965201 -0.8375434711718257 2.76800004
v -1.5946722903359234 -2.286091006890265 2.76800004
v -1.5884313977089084 -3.6479998100000004 2.76800004
v -0.00026214000000024384 -3.647999810000001 2.76800004
v -0.00026214000000024384 -3.647999810000001 2.76800004
v -0.00026213999999979976 -2.2748955152753183 2.76800004
v -1.5946722903359234 -2.286091006890265 2.76800004
v -3.8356866666353904 -0.8117293028193693 2.76800004
v -3.212466883769661 -1.1497381075347282 2.76800004
v -2.558573277852285 -0.7779453143925688 2.76800004
v -2.558573277852285 -0.7779453143925688 2.76800004
v -2.5526601519352607 0.49900002000000043 2.76800004
v -3.838009001692587 0.4990000200000002 2.76800004
v -3.838009001692587 0.4990000200000002 2.76800004
v -3.8356866666353904 -0.8117293028193693 2.76800004
v -2.558573277852285 -0.7779453143925688 2.76800004
v -5.102758214379106 -0.8019646044260891 2.76800004
v -5.025321178379483 0.49900002000000043 2.76800004
v -6.25126223 0.49900002000000043 2.76800004
v -6.25126223 0.49900002000000043 2.76800004
v -6.25126223 -0.9379260859503153 2.76800004
v -5.102758214379106 -0.8019646044260891 2.76800004
v -4.704090851020267 -2.337533603774314 2.76800004
v -3.8356866666353904 -0.8117293028193693 2.76800004
v -4.708772875005506 -1.113516210804813 2.76800004
v -4.708772875005506 -1.113516210804813 2.76800004
v -4.782434841647072 -2.2449898898095433 2.76800004
v -4.704090851020267 -2.337533603774314 2.76800004
v -3.212466883769661 -1.1497381075347282 2.76800004
v -3.18488163282894 -2.3135477507930755 2.76800004
v -3.1837546746800682 -2.312184120912637 2.76800004
v -3.18488163282894 -2.3135477507930755 2.76800004
v -3.212466883769661 -1.1497381075347282 2.76800004
v -3.8356866666353904 -0.8117293028193693 2.76800004
v -3.8356866666353904 -0.8117293028193693 2.76800004
v -4.704090851020267 -2.337533603774314 2.76800004
v -3.18488163282894 -2.3135477507930755 2.76800004
v -1.5946722903359234 -2.286091006890265 2.76800004
v -1.610971795456415 -2.267221141076766 2.76800004
v -3.1837546746800682 -2.312184120912637 2.76800004
v -3.1837546746800682 -2.312184120912637 2.76800004
v -3.18488163282894 -2.3135477507930755 2.76800004
v -3.1563367458627107 -3.647999810000001 2.76800004
v -3.1563367458627107 -3.647999810000001 2.76800004
v -1.5884313977089084 -3.6479998100000004 2.76800004
v -1.5946722903359234 -2.286091006890265 2.76800004
v -1.5946722903359234 -2.286091006890265 2.76800004
v -3.1837546746800682 -2.312184120912637 2.76800004
v -3.1563367458627107 -3.647999810000001 2.76800004
v -3.1563367458627107 -3.647999810000001 2.76800004
v -4.704090851020267 -2.337533603774314 2.76800004
v -4.753060882751461 -3.647999810000001 2.76800004
v -4.704090851020267 -2.337533603774314 2.76800004
v -3.1563367458627107 -3.647999810000001 2.76800004
v -3.18488163282894 -2.3135477507930755 2.76800004
v -5.102758214379106 -0.8019646044260891 2.76800004
v -4.708772875005506 -1.113516210804813 2.76800004
v -3.8356866666353904 -0.8117293028193693 2.76800004
v -3.8356866666353904 -0.8117293028193693 2.76800004
v -3.838009001692587 0.4990000200000002 2.76800004
v -5.025321178379483 0.49900002000000043 2.76800004
v -5.025321178379483 0.49900002000000043 2.76800004
v -5.102758214379106 -0.8019646044260891 2.76800004
v -3.8356866666353904 -0.8117293028193693 2.76800004
v -4.782434841647072 -2.2449898898095433 2.76800004
v -4.708772875005506 -1.113516210804813 2.76800004
v -5.102758214379106 -0.8019646044260891 2.76800004
v -5.102758214379106 -0.8019646044260891 2.76800004
v -6.25126223 -0.9379260859503153 2.76800004
v -6.25126223 -2.2496052755214992 2.76800004
v -6.25126223 -2.2496052755214992 2.76800004
v -4.782434841647072 -2.2449898898095433 2.76800004
v -5.102758214379106 -0.8019646044260891 2.76800004
v -4.704090851020267 -2.337533603774314 2.76800004
v -4.782434841647072 -2.2449898898095433 2.76800004
v -6.25126223 -2.2496052755214992 2.76800004
v -4.704090851020267 -2.337533603774314 2.76800004
v -6.25126223 -3.64799981 2.76800004
v -4.753060882751461 -3.647999810000001 2.76800004
v -6.25126223 -3.64799981 2.76800004
v -4.704090851020267 -2.337533603774314 2.76800004
v -6.25126223 -2.2496052755214992 2.76800004
v -1.232570711032993 2.6355657373747494 1.4269014794290218
v -1.2748513120251261 2.639427874001532 2.76800004
v -0.00026214 2.52300007 2.76800004
v -0.00026214 2.52300007 2.76800004
v -0.0002621399999999108 2.52300007 1.3159609078119812
v -1.232570711032993 2.6355657373747494 1.4269014794290218
v -2.5277897035027057 2.753877979706707 1.4811035255196479
v -3.065412395935886 2.802987316923132 1.1435791087177862
v -3.7902181557722385 2.8691949584107252 1.5051245549346453
v -3.7902181557722385 2.8691949584107252 1.5051245549346453
v -3.8260284274364813 2.8724660604897916 2.7680000400000004
v -2.5060196082092796 2.751889382562193 2.7680000400000004
v -2.5060196082092796 2.751889382562193 2.7680000400000004
v -2.5277897035027057 2.753877979706707 1.4811035255196479
v -3.7902181557722385 2.8691949584107252 1.5051245549346453
v -0.00026213999999979976 2.52300007 0.0
v -1.232570711032993 2.6355657373747494 1.4269014794290218
v -0.0002621399999999108 2.52300007 1.3159609078119812
v -1.232570711032993 2.6355657373747494 1.4269014794290218
v -0.00026213999999979976 2.52300007 0.0
v -1.5107802312627987 2.660978885551123 0.0
v -1.232570711032993 2.6355657373747494 1.4269014794290218
v -1.5107802312627987 2.660978885551123 0.0
v -1.5282362075288467 2.6625734079493717 1.1778199975123131
v -1.5107802312627987 2.660978885551123 0.0
v -2.5277897035027057 2.753877979706707 1.4811035255196479
v -1.5282362075288467 2.6625734079493717 1.1778199975123131
v -2.5277897035027057 2.753877979706707 1.4811035255196479
v -1.5107802312627987 2.660978885551123 0.0
v -3.0708231226792306 2.803481561693609 2.220446049250313e-16
v -2.5277897035027057 2.753877979706707 1.4811035255196479
v -3.0708231226792306 2.803481561693609 2.220446049250313e-16
v -3.065412395935886 2.802987316923132 1.1435791087177862
v -1.232570711032993 2.6355657373747494 1.4269014794290218
v -1.5282362075288467 2.6625734079493717 1.1778199975123131
v -2.5277897035027057 2.753877979706707 1.4811035255196479
v -2.5277897035027057 2.753877979706707 1.4811035255196479
v -2.5060196082092796 2.751889382562193 2.7680000400000004
v -1.2748513120251261 2.639427874001532 2.76800004
v -1.2748513120251261 2.639427874001532 2.76800004
v -1.232570711032993 2.6355657373747494 1.4269014794290218
v -2.5277897035027057 2.753877979706707 1.4811035255196479
v -3.0708231226792306 2.803481561693609 2.220446049250313e-16
v -3.7902181557722385 2.8691949584107252 1.5051245549346453
v -3.065412395935886 2.802987316923132 1.1435791087177862
v -3.7902181557722385 2.8691949584107252 1.5051245549346453
v -3.0708231226792306 2.803481561693609 2.220446049250313e-16
v -4.6415861430090954 2.946963471847648 3.3306690738754696e-16
v -3.7902181557722385 2.8691949584107252 1.5051245549346453
v -4.6415861430090954 2.946963471847648 3.3306690738754696e-16
v -4.647489367510015 2.94750270400202 1.1161680448108058
v -5.0800887735473585 2.9870186515424106 1.4353353753949643
v -6.251262230000001 3.09399991 1.2455936267227579
v -6.25126223 3.09399991 2.7680000400000004
v -6.25126223 3.09399991 2.7680000400000004
v -5.03774093608318 2.98315037317603 2.7680000400000004
v -5.0800887735473585 2.9870186515424106 1.4353353753949643
v -5.0800887735473585 2.9870186515424106 1.4353353753949643
v -4.647489367510015 2.94750270400202 1.1161680448108058
v -4.6415861430090954 2.946963471847648 3.3306690738754696e-16
v -5.0800887735473585 2.9870186515424106 1.4353353753949643
v -6.25126223 3.09399991 3.8432186756735074e-16
v -6.251262230000001 3.09399991 1.2455936267227579
v -6.25126223 3.09399991 3.8432186756735074e-16
v -5.0800887735473585 2.9870186515424106 1.4353353753949643
v -4.6415861430090954 2.946963471847648 3.3306690738754696e-16
v -3.7902181557722385 2.8691949584107252 1.5051245549346453
v -4.647489367510015 2.94750270400202 1.1161680448108058
v -5.0800887735473585 2.9870186515424106 1.4353353753949643
v -3.7902181557722385 2.8691949584107252 1.5051245549346453
v -5.03774093608318 2.98315037317603 2.7680000400000004
v -3.8260284274364813 2.8724660604897916 2.7680000400000004
v -5.03774093608318 2.98315037317603 2.7680000400000004
v -3.7902181557722385 2.8691949584107252 1.5051245549346453
v -5.0800887735473585 2.9870186515424106 1.4353353753949643
v -0.00026214 0.93000002 2.27600003
v -0.00026214 1.2788740149640792 1.3334442366500185
v -0.00026214 2.52300007 1.4920278113710277
v -0.00026214 0.93000002 2.27600003
v -0.00026214 2.52300007 2.76800004
v -0.00026214 0.93000002 2.76800004
v -0.00026214 0.93000002 2.27600003
v -0.00026214 0.8527653442531793 2.27600003
v -0.00026214 0.8020088050264194 1.7465519392179087
v -0.00026214 2.52300007 2.76800004
v -0.00026214 0.93000002 2.27600003
v -0.00026214 2.52300007 1.4920278113710277
v -0.00026214 1.2788740149640792 1.3334442366500185
v -0.00026214 0.93000002 2.27600003
v -0.00026214 0.8020088050264194 1.7465519392179087
v -0.00026214 1.2788740149640792 1.3334442366500185
v -0.00026214 1.161005218091183 0.0
v -0.00026214 2.52300007 0.0
v -0.00026214 2.52300007 0.0
v -0.00026214 2.52300007 1.4920278113710277
v -0.00026214 1.2788740149640792 1.3334442366500185
v -0.00026214 -1.4879999699999997 0.04999999999999982
v -0.00026214 -1.4879999699999997 1.0199773691053815
v -0.00026214 -2.382410629218242 1.4875636827678145
v -0.00026214 -2.382410629218242 1.4875636827678145
v -0.00026214 -3.64799981 1.008162184043769
v -0.00026214 -3.64799981 0.0
v -0.00026214 -1.4879999699999997 0.04999999999999982
v -0.00026214 -0.9413689144664446 0.0
v -0.00026214 -0.9439786464473499 0.04999999999999982
v -0.00026214 -1.4879999699999997 0.04999999999999982
v -0.00026214 -2.382410629218242 1.4875636827678145
v -0.00026214 -3.64799981 0.0
v -0.00026214 -0.9413689144664446 0.0
v -0.00026214 -1.4879999699999997 0.04999999999999982
v -0.00026214 -3.64799981 0.0
v -0.00026214 -0.01200000000000001 2.19499993
v -0.00026214 -0.01200000000000001 1.3985529318585879
v -0.00026214 0.8020088050264194 1.7465519392179087
v -0.00026214 0.8020088050264194 1.7465519392179087
v -0.00026214 0.8527653442531793 2.27600003
v -0.00026214 0.49900002 2.27600003
v -0.00026214 -0.01200000000000001 2.19499993
v -0.00026214 0.49900002 2.76800004
v -0.00026214 -0.9471596547930314 2.76800004
v -0.00026214 -0.9471596547930314 2.76800004
v -0.00026214 -0.9056507287746665 2.1937890998378866
v -0.00026214 -0.01200000000000001 2.19499993
v -0.00026214 -0.01200000000000001 2.19499993
v -0.00026214 0.8020088050264194 1.7465519392179087
v -0.00026214 0.49900002 2.27600003
v -0.00026214 0.49900002 2.76800004
v -0.00026214 -0.01200000000000001 2.19499993
v -0.00026214 0.49900002 2.27600003
v -0.00026214 1.2788740149640792 1.3334442366500185
v -0.00026214 0.8020088050264194 1.7465519392179087
v -0.00026214 -0.01200000000000001 1.3985529318585879
v -0.00026214 -0.01200000000000001 0.04999999999999982
v -0.00026214 -0.9439786464473499 0.04999999999999982
v -0.00026214 -0.9413689144664446 0.0
v -0.00026214 -0.01200000000000001 0.04999999999999982
v -0.00026214 1.2788740149640792 1.3334442366500185
v -0.00026214 -0.01200000000000001 1.3985529318585879
v -0.00026214 -0.01200000000000001 0.04999999999999982
v -0.00026214 -0.9413689144664446 0.0
v -0.00026214 1.161005218091183 0.0
v -0.00026214 1.2788740149640792 1.3334442366500185
v -0.00026214 -0.01200000000000001 0.04999999999999982
v -0.00026214 1.161005218091183 0.0
v -0.00026214 -2.382410629218242 1.4875636827678145
v -0.00026214 -1.4879999699999997 1.0199773691053815
v -0.00026214 -1.4879999699999997 2.19300006
v -0.00026214 -1.4879999699999997 2.19300006
v -0.00026214 -0.9056507287746665 2.1937890998378866
v -0.00026214 -0.9471596547930314 2.76800004
v -0.00026214 -1.4879999699999997 2.19300006
v -0.00026214 -2.504594462211209 2.76800004
v -0.00026214 -2.382410629218242 1.4875636827678145
v -0.00026214 -2.504594462211209 2.76800004
v -0.00026214 -1.4879999699999997 2.19300006
v -0.00026214 -0.9471596547930314 2.76800004
v -0.00026214 -2.382410629218242 1.4875636827678145
v -0.00026214 -2.504594462211209 2.76800004
v -0.00026214 -3.64799981 2.76800004
v -0.00026214 -3.64799981 2.76800004
v -0.00026214 -3.64799981 1.008162184043769
v -0.00026214 -2.382410629218242 1.4875636827678145
v 4.830556855049226 2.0197527795352523 1.3466249969265338
v 4.608094443426725 2.040185052438239 1.542603757327625
v 4.600802888886432 2.0408547522368155 2.7360000500000003
v 4.830556855049226 2.0197527795352523 1.3466249969265338
v 6.10173802 1.90299993 2.73600005
v 6.10173802 1.90299993 1.4787582670884416
v 6.10173802 1.90299993 2.73600005
v 4.830556855049226 2.0197527795352523 1.3466249969265338
v 4.600802888886432 2.0408547522368155 2.7360000500000003
v 4.608094443426725 2.040185052438239 1.542603757327625
v 3.458120319100421 2.1458055254351796 1.2753826144834997
v 3.1862974815544147 2.170771353853101 1.494370629302329
v 4.608094443426725 2.040185052438239 1.542603757327625
v 3.1541878766742 2.1737204912149353 2.7360000500000003
v 4.600802888886432 2.0408547522368155 2.7360000500000003
v 3.1541878766742 2.1737204912149353 2.7360000500000003
v 4.608094443426725 2.040185052438239 1.542603757327625
v 3.1862974815544147 2.170771353853101 1.494370629302329
v 4.830556855049226 2.0197527795352523 1.3466249969265338
v 6.10173802 1.90299993 1.4787582670884416
v 6.101738020000001 1.90299993 0.04999999999999982
v 6.101738020000001 1.90299993 0.04999999999999982
v 4.823692333392499 2.0203832580903294 0.04999999999999982
v 4.830556855049226 2.0197527795352523 1.3466249969265338
v 3.458120319100421 2.1458055254351796 1.2753826144834997
v 4.608094443426725 2.040185052438239 1.542603757327625
v 4.830556855049226 2.0197527795352523 1.3466249969265338
v 3.458120319100421 2.1458055254351796 1.2753826144834997
v 4.823692333392499 2.0203832580903294 0.04999999999999982
v 3.49225485791099 2.1426704060803705 0.04999999999999982
v 4.823692333392499 2.0203832580903294 0.04999999999999982
v 3.458120319100421 2.1458055254351796 1.2753826144834997
v 4.830556855049226 2.0197527795352523 1.3466249969265338
v 1.820279680360443 2.2962345649221954 1.4391782516399072
v 0.5707378400000003 2.41099993 1.3479752666749714
v 0.5707378400000007 2.41099993 2.7360000500000003
v 0.5707378400000007 2.41099993 2.7360000500000003
v 1.8594918317236404 2.2926330873875287 2.7360000500000003
v 1.820279680360443 2.2962345649221954 1.4391782516399072
v 2.043291963003089 2.2757517885896035 1.2373881098267654
v 3.1862974815544147 2.170771353853101 1.494370629302329
v 3.458120319100421 2.1458055254351796 1.2753826144834997
v 2.043291963003089 2.2757517885896035 1.2373881098267654
v 3.49225485791099 2.1426704060803705 0.04999999999999982
v 2.0274931824652946 2.2772028426941073 0.04999999999999993
v 3.49225485791099 2.1426704060803705 0.04999999999999982
v 2.043291963003089 2.2757517885896035 1.2373881098267654
v 3.458120319100421 2.1458055254351796 1.2753826144834997
v 3.1862974815544147 2.170771353853101 1.494370629302329
v 2.043291963003089 2.2757517885896035 1.2373881098267654
v 1.820279680360443 2.2962345649221954 1.4391782516399072
v 3.1862974815544147 2.170771353853101 1.494370629302329
v 1.8594918317236404 2.2926330873875287 2.7360000500000003
v 3.1541878766742 2.1737204912149353 2.7360000500000003
v 1.8594918317236404 2.2926330873875287 2.7360000500000003
v 3.1862974815544147 2.170771353853101 1.494370629302329
v 1.820279680360443 2.2962345649221954 1.4391782516399072
v 1.820279680360443 2.2962345649221954 1.4391782516399072
v 2.043291963003089 2.2757517885896035 1.2373881098267654
v 2.0274931824652946 2.2772028426941073 0.04999999999999993
v 1.820279680360443 2.2962345649221954 1.4391782516399072
v 0.5707378400000004 2.41099993 0.05000000000000015
v 0.5707378400000003 2.41099993 1.3479752666749714
v 0.5707378400000004 2.41099993 0.05000000000000015
v 1.820279680360443 2.2962345649221954 1.4391782516399072
v 2.0274931824652946 2.2772028426941073 0.04999999999999993
v 6.10173802 -4.987052618824719 1.439275062343177
v 6.10173802 -4.876742049453262 2.73600005
v 6.10173802 -6.159999970000001 2.73600005
v 6.10173802 -6.159999970000001 2.73600005
v 6.10173802 -6.159999970000001 1.2933514447351542
v 6.10173802 -4.987052618824719 1.439275062343177
v 6.10173802 -3.48300019 2.27600003
v 6.10173802 -3.0009690342334716 1.1178672255005715
v 6.10173802 -2.185429827551081 1.5412975750574651
v 6.10173802 -3.48300019 2.27600003
v 6.10173802 -2.2106281005017396 2.73600005
v 6.10173802 -3.48300019 2.73600005
v 6.10173802 -3.48300019 2.27600003
v 6.10173802 -3.6186702488018403 2.27600003
v 6.10173802 -3.5906985837136323 1.5134010831960403
v 6.10173802 -2.2106281005017396 2.73600005
v 6.10173802 -3.48300019 2.27600003
v 6.10173802 -2.185429827551081 1.5412975750574651
v 6.10173802 -3.0009690342334716 1.1178672255005715
v 6.10173802 -3.48300019 2.27600003
v 6.10173802 -3.5906985837136323 1.5134010831960403
v 6.10173802 -6.159999970000001 0.050000000000000266
v 6.10173802 -4.987052618824719 1.439275062343177
v 6.10173802 -6.159999970000001 1.2933514447351542
v 6.10173802 -4.987052618824719 1.439275062343177
v 6.10173802 -6.159999970000001 0.050000000000000266
v 6.10173802 -4.591282805057302 0.050000000000000266
v 6.10173802 -4.987052618824719 1.439275062343177
v 6.10173802 -4.591282805057302 0.050000000000000266
v 6.10173802 -4.5773334814289 1.094070201180727
v 6.10173802 -3.0009690342334716 1.1178672255005715
v 6.10173802 -3.5906985837136323 1.5134010831960403
v 6.10173802 -4.5773334814289 1.094070201180727
v 6.10173802 -4.5773334814289 1.094070201180727
v 6.10173802 -4.591282805057302 0.050000000000000266
v 6.10173802 -2.988662264895654 0.04999999999999982
v 6.10173802 -2.988662264895654 0.04999999999999982
v 6.10173802 -3.0009690342334716 1.1178672255005715
v 6.10173802 -4.5773334814289 1.094070201180727
v 6.10173802 -2.185429827551081 1.5412975750574651
v 6.10173802 -1.413539500817359 1.1331276504063108
v 6.10173802 -0.8226538695329741 1.5128884200824513
v 6.10173802 -2.185429827551081 1.5412975750574651
v 6.10173802 -0.7824390684336145 2.7360000499999995
v 6.10173802 -2.2106281005017396 2.73600005
v 6.10173802 -0.7824390684336145 2.7360000499999995
v 6.10173802 -2.185429827551081 1.5412975750574651
v 6.10173802 -0.8226538695329741 1.5128884200824513
v 6.10173802 -3.90599995 2.27600003
v 6.10173802 -4.5773334814289 1.094070201180727
v 6.10173802 -3.5906985837136323 1.5134010831960403
v 6.10173802 -3.5906985837136323 1.5134010831960403
v 6.10173802 -3.6186702488018403 2.27600003
v 6.10173802 -3.90599995 2.27600003
v 6.10173802 -3.90599995 2.27600003
v 6.10173802 -3.9059999500000004 2.7360000499999995
v 6.10173802 -4.876742049453262 2.73600005
v 6.10173802 -4.5773334814289 1.094070201180727
v 6.10173802 -3.90599995 2.27600003
v 6.10173802 -4.987052618824719 1.439275062343177
v 6.10173802 -4.987052618824719 1.439275062343177
v 6.10173802 -3.90599995 2.27600003
v 6.10173802 -4.876742049453262 2.73600005
v 6.10173802 -2.988662264895654 0.04999999999999982
v 6.10173802 -2.185429827551081 1.5412975750574651
v 6.10173802 -3.0009690342334716 1.1178672255005715
v 6.10173802 -2.185429827551081 1.5412975750574651
v 6.10173802 -2.988662264895654 0.04999999999999982
v 6.10173802 -1.4256539930560446 0.050000000000000044
v 6.10173802 -2.185429827551081 1.5412975750574651
v 6.10173802 -1.4256539930560446 0.050000000000000044
v 6.10173802 -1.413539500817359 1.1331276504063108
v 6.10173802 -1.4256539930560446 0.050000000000000044
v 6.10173802 -0.8226538695329741 1.5128884200824513
v 6.10173802 -1.413539500817359 1.1331276504063108
v 6.10173802 -0.8226538695329741 1.5128884200824513
v 6.10173802 -1.4256539930560446 0.050000000000000044
v 6.10173802 0.20533224601490258 0.04999999999999993
v 6.10173802 -0.8226538695329741 1.5128884200824513
v 6.10173802 0.20533224601490258 0.04999999999999993
v 6.10173802 0.20406244403249352 1.1096220464903048
v 6.10173802 0.9300000200000007 2.2760000299999996
v 6.10173802 1.9029999300000027 1.1723540620548203
v 6.10173802 1.9029999300000022 2.7360000499999995
v 6.10173802 1.9029999300000022 2.7360000499999995
v 6.10173802 0.930000020000001 2.736000049999999
v 6.10173802 0.9300000200000007 2.2760000299999996
v 6.10173802 0.9300000200000007 2.2760000299999996
v 6.10173802 0.6029804563439335 2.2760000299999996
v 6.10173802 0.5923295128180925 1.4497444046030865
v 6.10173802 1.9029999300000027 1.1723540620548203
v 6.10173802 0.9300000200000007 2.2760000299999996
v 6.10173802 0.5923295128180925 1.4497444046030865
v 6.10173802 0.5923295128180925 1.4497444046030865
v 6.10173802 0.20406244403249352 1.1096220464903048
v 6.10173802 0.20533224601490258 0.04999999999999993
v 6.10173802 0.5923295128180925 1.4497444046030865
v 6.10173802 1.9029999300000018 0.04999999999999951
v 6.10173802 1.9029999300000027 1.1723540620548203
v 6.10173802 1.9029999300000018 0.04999999999999951
v 6.10173802 0.5923295128180925 1.4497444046030865
v 6.10173802 0.20533224601490258 0.04999999999999993
v 6.10173802 0.49900002000000176 2.2760000299999996
v 6.10173802 0.20406244403249352 1.1096220464903048
v 6.10173802 0.5923295128180925 1.4497444046030865
v 6.10173802 0.5923295128180925 1.4497444046030865
v 6.10173802 0.6029804563439335 2.2760000299999996
v 6.10173802 0.49900002000000176 2.2760000299999996
v 6.10173802 0.49900002000000176 2.2760000299999996
v 6.10173802 0.49900002000000176 2.7360000499999995
v 6.10173802 -0.7824390684336145 2.7360000499999995
v 6.10173802 0.20406244403249352 1.1096220464903048
v 6.10173802 0.49900002000000176 2.2760000299999996
v 6.10173802 -0.8226538695329741 1.5128884200824513
v 6.10173802 -0.8226538695329741 1.5128884200824513
v 6.10173802 0.49900002000000176 2.2760000299999996
v 6.10173802 -0.7824390684336145 2.7360000499999995
v 1.8483709351871371 -6.15999997 1.4274509630430545
v 1.8210720883376776 -6.15999997 2.73600005
v 0.57073784 -6.15999997 2.73600005
v 0.57073784 -6.15999997 2.73600005
v 0.5707378399999997 -6.15999997 1.3394636400190354
v 1.8483709351871371 -6.15999997 1.4274509630430545
v 1.8483709351871371 -6.15999997 1.4274509630430545
v 1.964557862780431 -6.15999997 1.3249941990998266
v 3.164083525045328 -6.15999997 1.4929983758895644
v 3.164083525045328 -6.15999997 1.4929983758895644
v 3.195424949399801 -6.15999997 2.73600005
v 1.8210720883376776 -6.15999997 2.73600005
v 1.8210720883376776 -6.15999997 2.73600005
v 1.8483709351871371 -6.15999997 1.4274509630430545
v 3.164083525045328 -6.15999997 1.4929983758895644
v 0.5707378399999996 -6.15999997 0.04999999999999938
v 1.8483709351871371 -6.15999997 1.4274509630430545
v 0.5707378399999997 -6.15999997 1.3394636400190354
v 1.8483709351871371 -6.15999997 1.4274509630430545
v 0.5707378399999996 -6.15999997 0.04999999999999938
v 1.9875361258221025 -6.15999997 0.04999999999999982
v 1.8483709351871371 -6.15999997 1.4274509630430545
v 1.9875361258221025 -6.15999997 0.04999999999999982
v 1.964557862780431 -6.15999997 1.3249941990998266
v 3.3787950883335633 -6.15999997 1.2964636188448257
v 3.164083525045328 -6.15999997 1.4929983758895644
v 1.964557862780431 -6.15999997 1.3249941990998266
v 3.3787950883335633 -6.15999997 1.2964636188448257
v 1.9875361258221025 -6.15999997 0.04999999999999982
v 3.3530144051226003 -6.15999997 0.04999999999999938
v 1.9875361258221025 -6.15999997 0.04999999999999982
v 3.3787950883335633 -6.15999997 1.2964636188448257
v 1.964557862780431 -6.15999997 1.3249941990998266
v 6.101738019999999 -6.15999997 2.7360000500000003
v 4.729278548316007 -6.15999997 1.3681474775849853
v 6.10173802 -6.15999997 1.4497111402196645
v 4.729278548316007 -6.15999997 1.3681474775849853
v 6.101738019999999 -6.15999997 2.7360000500000003
v 4.597331267768518 -6.15999997 2.73600005
v 4.729278548316007 -6.15999997 1.3681474775849853
v 4.597331267768518 -6.15999997 2.73600005
v 4.619796076301949 -6.15999997 1.4713494501133466
v 4.729278548316007 -6.15999997 1.3681474775849853
v 4.619796076301949 -6.15999997 1.4713494501133466
v 3.3787950883335633 -6.15999997 1.2964636188448257
v 3.3787950883335633 -6.15999997 1.2964636188448257
v 3.3530144051226003 -6.15999997 0.04999999999999938
v 4.757938038351751 -6.15999997 0.0499999999999996
v 4.757938038351751 -6.15999997 0.0499999999999996
v 4.729278548316007 -6.15999997 1.3681474775849853
v 3.3787950883335633 -6.15999997 1.2964636188448257
v 3.164083525045328 -6.15999997 1.4929983758895644
v 3.3787950883335633 -6.15999997 1.2964636188448257
v 4.619796076301949 -6.15999997 1.4713494501133466
v 3.164083525045328 -6.15999997 1.4929983758895644
v 4.597331267768518 -6.15999997 2.73600005
v 3.195424949399801 -6.15999997 2.73600005
v 4.597331267768518 -6.15999997 2.73600005
v 3.164083525045328 -6.15999997 1.4929983758895644
v 4.619796076301949 -6.15999997 1.4713494501133466
v 4.729278548316007 -6.15999997 1.3681474775849853
v 4.757938038351751 -6.15999997 0.0499999999999996
v 6.101738019999999 -6.15999997 0.049999999999999996
v 6.101738019999999 -6.15999997 0.049999999999999996
v 6.10173802 -6.15999997 1.4497111402196645
v 4.729278548316007 -6.15999997 1.3681474775849853
v 0.57059608 -0.013012238656580565 2.19499855849203
v 0.57073784 -0.012 2.19499993
v -0.0002621400000000773 -0.011999999999999983 2.19499993
v 0.57073784 -0.014384258766349807 2.1949966995069943
v -0.00026213999999994314 -1.48799997 2.19300006
v 0.5707378400000002 -1.48799997 2.19300006
v -0.0002621400000000773 -0.011999999999999983 2.19499993
v 0.57073784 -0.014384258766349807 2.1949966995069943
v 0.57059608 -0.013012238656580565 2.19499855849203
v 0.57073784 -0.014384258766349807 2.1949966995069943
v -0.0002621400000000773 -0.011999999999999983 2.19499993
v -0.00026213999999994314 -1.48799997 2.19300006
v -0.0002621399999999113 -0.012 0.049999999999999795
v 0.57073784 -0.012 2.19499993
v 0.57073784 -0.012 0.050000000000000044
v 0.57073784 -0.012 2.19499993
v -0.0002621399999999113 -0.012 0.049999999999999795
v -0.0002621399999999108 -0.012 2.19499993
v 0.57073784 -1.48799997 2.19300006
v -0.00026214 -1.48799997 2.19300006
v -0.0002621400000000218 -1.48799997 0.04999999999999999
v -0.0002621400000000218 -1.48799997 0.04999999999999999
v 0.57073784 -1.48799997 0.04999999999999983
v 0.57073784 -1.48799997 2.19300006
v 0.57073784 -0.012000000000000205 0.05
v 0.57073784 -1.48799997 0.05
v -0.0002621400000000773 -1.48799997 0.05
v -0.0002621400000000773 -1.48799997 0.05
v -0.0002621400000000147 -0.012000000000000007 0.05
v 0.57073784 -0.012000000000000205 0.05
v -4.41604285 2.88053755 1.10000001
v -4.51011812 1.98546776 1.10000001
v -6.13118894 2.15584922 1.10000001
v -6.13118894 2.15584922 1.10000001
v -6.03711328 3.05091881 1.10000001
v -4.41604285 2.88053755 1.10000001
v -4.41604285 2.88053755 1.10000001
v -6.03711328 3.05091881 1.10000001
v -6.03711328 3.05091881 -1.1102230246251565e-16
v -6.03711328 3.05091881 -1.1102230246251565e-16
v -4.41604285 2.88053755 -1.6448509225741707e-16
v -4.41604285 2.88053755 1.10000001
v -4.51011812 1.98546776 1.10000001
v -4.41604285 2.88053755 0.0
v -4.5101181200000005 1.9854677600000001 -5.551115123125783e-17
v -4.41604285 2.88053755 0.0
v -4.51011812 1.98546776 1.10000001
v -4.416042849999999 2.88053755 1.10000001
v -6.13118894 2.15584922 9.81615664201558e-17
v -4.51011812 1.98546776 1.10000001
v -4.51011812 1.98546776 0.0
v -4.51011812 1.98546776 1.10000001
v -6.13118894 2.15584922 9.81615664201558e-17
v -6.13118894 2.15584922 1.10000001
v -6.13118894 2.1558492200000003 2.4511046858191407e-16
v -6.03711328 3.05091881 1.10000001
v -6.131188940000001 2.15584922 1.1000000100000003
v -6.03711328 3.05091881 1.10000001
v -6.13118894 2.1558492200000003 2.4511046858191407e-16
v -6.037113279999999 3.05091881 0.0
v -6.15168304 -3.62310094 1.10000001
v -4.52168292 -3.62310094 1.10000001
v -4.52168292 -3.62310094 0.0
v -4.52168292 -3.62310094 0.0
v -6.15168304 -3.62310094 -1.3759846772329984e-16
v -6.15168304 -3.62310094 1.10000001
v -4.52168292 -3.05310105 1.10000001
v -6.15168304 -3.05310105 1.10000001
v -6.15168304 -3.05310105 0.0
v -6.15168304 -3.05310105 0.0
v -4.52168292 -3.05310105 -1.3759846772329984e-16
v -4.52168292 -3.05310105 1.10000001
v -6.15168304 -3.05310105 1.10000001
v -4.52168292 -3.62310094 1.10000001
v -6.15168304 -3.62310094 1.10000001
v -4.52168292 -3.62310094 1.10000001
v -6.15168304 -3.05310105 1.10000001
v -4.52168292 -3.05310105 1.10000001
v -4.52168292 -3.05310105 1.10000001
v -4.52168292 -3.05310105 0.0
v -4.52168292 -3.62310094 0.0
v -4.52168292 -3.62310094 0.0
v -4.52168292 -3.62310094 1.10000001
v -4.52168292 -3.05310105 1.10000001
v -6.15168304 -3.05310105 5.551115123125783e-17
v -6.15168304 -3.05310105 1.10000001
v -6.15168304 -3.62310094 1.10000001
v -6.15168304 -3.62310094 1.10000001
v -6.15168304 -3.62310094 -1.1197385770464987e-18
v -6.15168304 -3.05310105 5.551115123125783e-17
v -0.051123769999999985 2.49574572 1.10000001
v -0.05112377 2.49574572 0.0
v -0.11547146 1.59804907 5.551115123125783e-17
v -0.11547146 1.59804907 5.551115123125783e-17
v -0.11547146 1.59804907 1.10000001
v -0.051123769999999985 2.49574572 1.10000001
v -0.05112377000000001 2.49574572 1.10000001
v -0.11547146 1.59804907 1.10000001
v -1.7412999100000004 1.7145899199999999 1.10000001
v -1.7412999100000004 1.7145899199999999 1.10000001
v -1.6769522900000002 2.61228667 1.10000001
v -0.05112377000000001 2.49574572 1.10000001
v -1.74129991 1.71458992 1.10000001
v -0.11547146 1.59804907 1.10000001
v -0.11547145999999997 1.59804907 1.1102230246251565e-16
v -0.11547145999999997 1.59804907 1.1102230246251565e-16
v -1.74129991 1.71458992 8.12462362848567e-17
v -1.74129991 1.71458992 1.10000001
v -0.05112377000000016 2.49574572 3.3060420662503386e-16
v -1.67695229 2.61228667 1.10000001
v -1.6769522900000002 2.61228667 0.0
v -1.67695229 2.61228667 1.10000001
v -0.05112377000000016 2.49574572 3.3060420662503386e-16
v -0.05112377000000001 2.49574572 1.1000000100000003
v -1.74129991 1.71458992 -5.447877876551923e-17
v -1.67695229 2.61228667 1.10000001
v -1.74129991 1.7145899199999999 1.10000001
v -1.67695229 2.61228667 1.10000001
v -1.74129991 1.71458992 -5.447877876551923e-17
v -1.67695229 2.61228667 -1.1102230246251565e-16
v -0.01271485 -1.98335762 1.10000001
v -0.01271485 -1.98335762 0.0
v -0.01271485 -3.61335735 -1.1102230246251565e-16
v -0.01271485 -3.61335735 -1.1102230246251565e-16
v -0.01271485 -3.61335735 1.10000001
v -0.01271485 -1.98335762 1.10000001
v -1.4068667760944547 -3.61335735 1.10000001
v -0.01271485 -3.61335735 1.10000001
v -0.01271485 -3.61335735 -2.220446049250313e-16
v -0.01271485 -3.61335735 -2.220446049250313e-16
v -1.4089675307910303 -3.61335735 -1.6653345369377348e-16
v -1.4068667760944547 -3.61335735 1.10000001
v -1.4089675307910303 -3.61335735 -1.6653345369377348e-16
v -2.8027147800000005 -3.61335735 -2.707463327217842e-16
v -2.8027147800000005 -3.61335735 1.10000001
v -2.8027147800000005 -3.61335735 1.10000001
v -1.4068667760944547 -3.61335735 1.10000001
v -1.4089675307910303 -3.61335735 -1.6653345369377348e-16
v -5.44190039 1.4788138000000002 -1.1102230246251565e-16
v -5.44190039 1.4788138 1.00000001
v -5.44190039 -0.09118618000000017 1.00000001
v -5.44190039 -0.09118618000000017 1.00000001
v -5.44190039 -0.09118618000000006 -1.3259676570824207e-16
v -5.44190039 1.4788138000000002 -1.1102230246251565e-16
v -5.44190039 -0.09118618 1.00000001
v -5.34190068 -0.09118618 1.00000001
v -5.34190068 -0.09118618 -9.8879238130678e-17
v -5.34190068 -0.09118618 -9.8879238130678e-17
v -5.44190039 -0.09118618 -2.2327067276673054e-16
v -5.44190039 -0.09118618 1.00000001
v -5.34190068 1.4788138 1.00000001
v -5.34190068 -0.09118618 1.00000001
v -5.44190039 -0.09118618 1.00000001
v -5.44190039 -0.09118618 1.00000001
v -5.44190039 1.4788137999999997 1.00000001
v -5.34190068 1.4788138 1.00000001
v -5.34190068 1.4788138000000002 1.00000001
v -5.34190068 1.4788138 0.0
v -5.34190068 -0.09118618000000017 -1.1102230246251565e-16
v -5.34190068 -0.09118618000000017 -1.1102230246251565e-16
v -5.34190068 -0.09118618000000006 1.0000000100000002
v -5.34190068 1.4788138000000002 1.00000001
v -5.34190068 1.4788138 1.00000001
v -5.44190039 1.4788138 1.00000001
v -5.44190039 1.4788138 -9.8879238130678e-17
v -5.44190039 1.4788138 -9.8879238130678e-17
v -5.34190068 1.4788138 -2.2327067276673054e-16
v -5.34190068 1.4788138 1.00000001
v -3.5562864200000006 2.55879575 1.00000001
v -3.55628642 2.55879575 0.0
v -3.5087416399999998 2.47077593 0.0
v -3.5087416399999998 2.47077593 0.0
v -3.50874164 2.47077593 1.00000001
v -3.5562864200000006 2.55879575 1.00000001
v -3.50874164 2.47077593 1.00000001
v -4.3723118 1.97219319 1.00000001
v -4.42231185 2.05879585 1.00000001
v -4.42231185 2.05879585 1.00000001
v -3.55628642 2.55879575 1.00000001
v -3.50874164 2.47077593 1.00000001
v -4.422311850000002 2.058795849999999 -2.1337098754514727e-16
v -4.42231185 2.05879585 1.00000001
v -4.3723117999999985 1.9721931900000005 1.00000001
v -4.3723117999999985 1.9721931900000005 1.00000001
v -4.3723118 1.97219319 -2.221123398604212e-16
v -4.422311850000002 2.058795849999999 -2.1337098754514727e-16
v -3.55628642 2.55879575 -1.1811718261039316e-17
v -4.42231185 2.05879585 1.00000001
v -4.42231185 2.05879585 -5.551115123125783e-17
v -4.42231185 2.05879585 1.00000001
v -3.55628642 2.55879575 -1.1811718261039316e-17
v -3.55628642 2.55879575 1.0000000100000002
v -2.50874144 2.56199827 1.00000001
v -2.50874144 2.56199827 0.0
v -2.50874144 2.46199837 -1.734723475976807e-18
v -2.50874144 2.46199837 -1.734723475976807e-18
v -2.50874144 2.46199837 1.00000001
v -2.50874144 2.56199827 1.00000001
v -2.50874144 2.56199827 1.00000001
v -3.50874164 2.56199827 1.00000001
v -3.50874164 2.56199827 0.0
v -3.50874164 2.56199827 0.0
v -2.50874144 2.56199827 -3.052092003884332e-17
v -2.50874144 2.56199827 1.00000001
v -3.50874164 2.47077593 1.00000001
v -3.50874164 2.46199837 1.00000001
v -3.50874164 2.46199837 -4.640385298237959e-17
v -3.50874164 2.47077593 1.00000001
v -3.50874164 2.47077593 -1.3234411728415028e-18
v -3.50874164 2.56199827 1.0755285551056204e-16
v -3.50874164 2.56199827 1.0755285551056204e-16
v -3.50874164 2.56199827 1.00000001
v -3.50874164 2.47077593 1.00000001
v -3.50874164 2.47077593 -1.3234411728415028e-18
v -3.50874164 2.47077593 1.00000001
v -3.50874164 2.46199837 -4.640385298237959e-17
v -3.50874164 2.46199837 1.00000001
v -2.50874144 2.46199837 1.00000001
v -2.50874144 2.46199837 0.0
v -2.50874144 2.46199837 0.0
v -3.50874164 2.46199837 -3.052092003884332e-17
v -3.50874164 2.46199837 1.00000001
v -3.50874164 2.47077593 1.00000001
v -3.50874164 2.56199827 1.00000001
v -2.5087414400000005 2.56199827 1.00000001
v -3.50874164 2.47077593 1.00000001
v -2.50874144 2.46199837 1.00000001
v -3.50874164 2.46199837 1.00000001
v -2.50874144 2.46199837 1.00000001
v -3.50874164 2.47077593 1.00000001
v -2.5087414400000005 2.56199827 1.00000001
v -1.78405854 1.72897063 1.0000000100000002
v -1.86360582 1.66837181 1.00000001
v -2.46959422 2.4638451499999996 1.0000000099999997
v -2.46959422 2.4638451499999996 1.0000000099999997
v -2.39004694 2.52444417 1.00000001
v -1.78405854 1.72897063 1.0000000100000002
v -2.39004694 2.52444417 1.00000001
v -2.39004694 2.52444417 0.0
v -1.7840585399999997 1.72897063 0.0
v -1.7840585399999997 1.72897063 0.0
v -1.78405854 1.72897063 1.00000001
v -2.39004694 2.52444417 1.00000001
v -2.4695942200000003 2.46384515 1.6653345369377348e-16
v -2.46959422 2.46384515 1.00000001
v -1.86360582 1.6683718100000005 1.00000001
v -1.86360582 1.6683718100000005 1.00000001
v -1.86360582 1.66837181 -3.504882459792719e-17
v -2.4695942200000003 2.46384515 1.6653345369377348e-16
v -2.39004694 2.52444417 -2.2167722558069276e-16
v -2.46959422 2.46384515 1.00000001
v -2.46959422 2.46384515 -2.7582103268031233e-16
v -2.46959422 2.46384515 1.00000001
v -2.39004694 2.52444417 -2.2167722558069276e-16
v -2.39004694 2.52444417 1.00000001
v -1.86360582 1.66837181 2.210841930456316e-16
v -1.78405854 1.72897063 1.00000001
v -1.78405854 1.72897063 2.0122792321330962e-16
v -1.78405854 1.72897063 1.00000001
v -1.86360582 1.66837181 2.210841930456316e-16
v -1.86360582 1.6683718100000002 1.00000001
v -4.38912512 1.97678031 1.00000001
v -5.28128268 1.51412037 1.00000001
v -5.31825755 1.60703359 1.00000001
v -5.28128268 1.51412037 1.00000001
v -4.38912512 1.97678031 1.00000001
v -4.352150240000001 1.88386718 1.00000001
v -5.28128268 1.51412037 1.9730520606798043e-17
v -4.35215024 1.88386718 1.00000001
v -4.35215024 1.88386718 -5.551115123125783e-17
v -4.35215024 1.88386718 1.00000001
v -5.28128268 1.51412037 1.9730520606798043e-17
v -5.28128268 1.5141203700000003 1.00000001
v -5.31825755 1.60703359 -4.978656376053436e-16
v -5.31825755 1.60703359 1.00000001
v -5.28128268 1.51412037 1.00000001
v -5.28128268 1.51412037 1.00000001
v -5.28128268 1.51412037 -4.444296607628186e-16
v -5.31825755 1.60703359 -4.978656376053436e-16
v -4.38912512 1.97678031 4.764726057733807e-17
v -5.31825755 1.60703359 1.00000001
v -5.31825755 1.6070335900000001 0.0
v -5.31825755 1.60703359 1.00000001
v -4.38912512 1.97678031 4.764726057733807e-17
v -4.38912512 1.9767803099999999 1.00000001
v -4.38912512 1.9767803099999999 1.00000001
v -4.38912512 1.97678031 0.0
v -4.35215024 1.8838671800000002 -1.734723475976807e-18
v -4.35215024 1.8838671800000002 -1.734723475976807e-18
v -4.35215024 1.88386718 1.00000001
v -4.38912512 1.9767803099999999 1.00000001
v -2.80271478 -3.61335735 3.635817636717251e-17
v -2.80271478 -2.79835749 1.10000001
v -2.80271478 -3.61335735 1.10000001
v -2.80271478 -2.79835749 1.10000001
v -2.80271478 -3.61335735 3.635817636717251e-17
v -2.80271478 -2.79835749 5.551115123125783e-17
v -1.8556326138772195 -2.79835749 3.3306690738754696e-16
v -2.80271478 -2.79835749 1.10000001
v -2.8027147800000005 -2.79835749 0.0
v -2.80271478 -2.79835749 1.10000001
v -1.8556326138772195 -2.79835749 3.3306690738754696e-16
v -1.8469055868785038 -2.79835749 1.10000001
v -1.8469055868785038 -2.79835749 1.10000001
v -0.9127148300000004 -2.79835749 4.070404603785277e-16
v -0.9127148300000003 -2.79835749 1.1000000100000005
v -0.9127148300000004 -2.79835749 4.070404603785277e-16
v -1.8469055868785038 -2.79835749 1.10000001
v -1.8556326138772195 -2.79835749 3.3306690738754696e-16
v 0.57073784 1.1543171073579535 1.2206391719936633
v 0.57073784 1.3240796702132471 1.4099787283267433
v 0.57073784 2.41099993 1.427824896833589
v 0.57073784 1.1543171073579535 1.2206391719936633
v 0.57073784 2.41099993 0.05
v 0.57073784 1.2614505751122418 0.050000000000000155
v 0.57073784 2.41099993 0.05
v 0.57073784 1.1543171073579535 1.2206391719936633
v 0.57073784 2.41099993 1.427824896833589
v 0.57073784 0.4990000199999997 2.2760000300000005
v 0.57073784 1.1543171073579535 1.2206391719936633
v 0.57073784 -0.012000000000000066 1.2280956940151264
v 0.57073784 0.4990000199999997 2.2760000300000005
v 0.57073784 -0.011999999999999959 2.19499993
v 0.57073784 0.49900002 2.73600005
v 0.57073784 0.9300000199999998 2.2760000300000005
v 0.57073784 0.9300000199999998 2.7360000500000003
v 0.57073784 1.0155911270606257 2.7360000500000003
v 0.57073784 -0.011999999999999959 2.19499993
v 0.57073784 0.4990000199999997 2.2760000300000005
v 0.57073784 -0.012000000000000066 1.2280956940151264
v 0.57073784 0.9300000199999998 2.2760000300000005
v 0.57073784 1.0155911270606257 2.7360000500000003
v 0.57073784 1.3240796702132471 1.4099787283267433
v 0.57073784 0.9300000199999998 2.2760000300000005
v 0.57073784 1.1543171073579535 1.2206391719936633
v 0.57073784 0.4990000199999997 2.2760000300000005
v 0.57073784 1.1543171073579535 1.2206391719936633
v 0.57073784 0.9300000199999998 2.2760000300000005
v 0.57073784 1.3240796702132471 1.4099787283267433
v 0.57073784 1.1543171073579535 1.2206391719936633
v 0.57073784 1.2614505751122418 0.050000000000000155
v 0.57073784 -0.012000000000000233 0.050000000000000044
v 0.57073784 -0.012000000000000233 0.050000000000000044
v 0.57073784 -0.012000000000000066 1.2280956940151264
v 0.57073784 1.1543171073579535 1.2206391719936633
v 0.57073784 1.3240796702132471 1.4099787283267433
v 0.57073784 1.0155911270606257 2.7360000500000003
v 0.57073784 2.41099993 2.7360000500000003
v 0.57073784 2.41099993 2.7360000500000003
v 0.57073784 2.41099993 1.427824896833589
v 0.57073784 1.3240796702132471 1.4099787283267433
v 0.57073784 -2.9322319982648737 1.285747736503144
v 0.57073784 -1.48799997 1.5623611637960932
v 0.57073784 -1.48799997 0.05
v 0.57073784 -1.48799997 0.05
v 0.57073784 -2.9186707069798876 0.04999999999999982
v 0.57073784 -2.9322319982648737 1.285747736503144
v 0.57073784 -1.6594530460634613 2.7360000500000003
v 0.57073784 0.4990000200000002 2.736000050000001
v 0.57073784 -0.014384259999999927 2.194997610000001
v 0.57073784 -1.48799997 2.1930000600000006
v 0.57073784 -1.48799997 1.9877325923468896
v 0.57073784 -1.6594530460634613 2.7360000500000003
v 0.57073784 -1.6594530460634613 2.7360000500000003
v 0.57073784 -0.014384259999999927 2.194997610000001
v 0.57073784 -1.48799997 2.1930000600000006
v 0.57073784 -4.505425751886283 1.1191222264672942
v 0.57073784 -3.269117369603665 1.5939825492961333
v 0.57073784 -2.9322319982648737 1.285747736503144
v 0.57073784 -4.505425751886283 1.1191222264672942
v 0.57073784 -2.9186707069798876 0.04999999999999982
v 0.57073784 -4.490779299973241 0.04999999999999982
v 0.57073784 -2.9186707069798876 0.04999999999999982
v 0.57073784 -4.505425751886283 1.1191222264672942
v 0.57073784 -2.9322319982648737 1.285747736503144
v 0.57073784 -3.90599995 2.2760000300000005
v 0.57073784 -4.505425751886283 1.1191222264672942
v 0.57073784 -4.868202219351254 1.453178627350899
v 0.57073784 -3.90599995 2.2760000300000005
v 0.57073784 -4.793179447313323 2.73600005
v 0.57073784 -3.90599995 2.7360000500000003
v 0.57073784 -3.4830001899999994 2.2760000300000005
v 0.57073784 -3.4830001899999994 2.7360000500000003
v 0.57073784 -3.3364669441522805 2.7360000500000003
v 0.57073784 -4.793179447313323 2.73600005
v 0.57073784 -3.90599995 2.2760000300000005
v 0.57073784 -4.868202219351254 1.453178627350899
v 0.57073784 -3.4830001899999994 2.2760000300000005
v 0.57073784 -3.3364669441522805 2.7360000500000003
v 0.57073784 -3.269117369603665 1.5939825492961333
v 0.57073784 -4.505425751886283 1.1191222264672942
v 0.57073784 -3.90599995 2.2760000300000005
v 0.57073784 -3.269117369603665 1.5939825492961333
v 0.57073784 -3.90599995 2.2760000300000005
v 0.57073784 -3.4830001899999994 2.2760000300000005
v 0.57073784 -3.269117369603665 1.5939825492961333
v 0.57073784 -1.48799997 1.9877325923468896
v 0.57073784 -1.48799997 1.5623611637960932
v 0.57073784 -2.9322319982648737 1.285747736503144
v 0.57073784 -1.6594530460634613 2.7360000500000003
v 0.57073784 -3.269117369603665 1.5939825492961333
v 0.57073784 -3.3364669441522805 2.7360000500000003
v 0.57073784 -3.269117369603665 1.5939825492961333
v 0.57073784 -1.6594530460634613 2.7360000500000003
v 0.57073784 -1.48799997 1.9877325923468896
v 0.57073784 -3.269117369603665 1.5939825492961333
v 0.57073784 -1.48799997 1.9877325923468896
v 0.57073784 -2.9322319982648737 1.285747736503144
v 0.57073784 -6.159999970000001 0.049999999999998934
v 0.57073784 -4.505425751886283 1.1191222264672942
v 0.57073784 -4.490779299973241 0.04999999999999982
v 0.57073784 -4.868202219351254 1.453178627350899
v 0.57073784 -6.159999970000001 0.049999999999998934
v 0.57073784 -6.15999997 1.2711566296332328
v 0.57073784 -4.505425751886283 1.1191222264672942
v 0.57073784 -6.159999970000001 0.049999999999998934
v 0.57073784 -4.868202219351254 1.453178627350899
v 0.57073784 -4.868202219351254 1.453178627350899
v 0.57073784 -6.15999997 1.2711566296332328
v 0.57073784 -6.15999997 2.7360000499999995
v 0.57073784 -6.15999997 2.7360000499999995
v 0.57073784 -4.793179447313323 2.73600005
v 0.57073784 -4.868202219351254 1.453178627350899
v 0.57073784 0.49900002 2.73600005
v 0.5705960800000001 -0.013012240000000026 2.19499955
v 0.57073784 -0.01438426000000014 2.19499761
v 0.57073784 0.49900002 2.73600005
v 0.5707378399999999 -0.011999999999999976 2.19499993
v 0.57059608 -0.013012239999999894 2.19499955
v 4.725177975149853 -4.757480334043602 0.05
v 4.962353854456898 -4.435976239363644 0.05
v 6.10173802 -4.401169589523817 0.05
v 4.725177975149853 -4.757480334043602 0.05
v 6.10173802 -6.15999997 0.05
v 5.0262740357798545 -6.15999997 0.05
v 6.10173802 -6.15999997 0.05
v 4.725177975149853 -4.757480334043602 0.05
v 6.10173802 -4.401169589523817 0.05
v 6.101738020000001 0.7124453946522573 0.05000000000000002
v 4.735354347950546 0.12235154647162849 0.05000000000000001
v 4.816840701657046 0.4862410923589804 0.05000000000000001
v 5.586842842800438 -0.9967976733536494 0.05000000000000001
v 6.101738020000001 0.7124453946522573 0.05000000000000002
v 6.101738020000001 -1.0292277379148334 0.05000000000000001
v 4.735354347950546 0.12235154647162849 0.05000000000000001
v 6.101738020000001 0.7124453946522573 0.05000000000000002
v 5.586842842800438 -0.9967976733536494 0.05000000000000001
v 6.10173802 -4.401169589523817 0.05
v 4.56368343614107 -3.4886857184543683 0.05
v 5.088851513527311 -2.7362001878508533 0.05
v 5.088851513527311 -2.7362001878508533 0.05
v 6.101738020000001 -2.747069377283144 0.05000000000000001
v 6.10173802 -4.401169589523817 0.05
v 4.56368343614107 -3.4886857184543683 0.05
v 6.10173802 -4.401169589523817 0.05
v 4.962353854456898 -4.435976239363644 0.05
v 3.559361870522024 -6.15999997 0.049999999999999996
v 4.725177975149853 -4.757480334043602 0.05
v 5.0262740357798545 -6.15999997 0.05
v 4.725177975149853 -4.757480334043602 0.05
v 3.559361870522024 -6.15999997 0.049999999999999996
v 3.5177185546530882 -4.949433067168508 0.049999999999999996
v 3.194446105348346 -3.8962236114822035 0.049999999999999996
v 3.5177185546530882 -4.949433067168508 0.049999999999999996
v 3.3470881187305803 -4.80497514720234 0.049999999999999996
v 4.56368343614107 -3.4886857184543683 0.05
v 3.194446105348346 -3.8962236114822035 0.049999999999999996
v 3.5990412080958487 -3.3893380502727917 0.05
v 4.725177975149853 -4.757480334043602 0.05
v 4.56368343614107 -3.4886857184543683 0.05
v 4.962353854456898 -4.435976239363644 0.05
v 3.5177185546530882 -4.949433067168508 0.049999999999999996
v 3.194446105348346 -3.8962236114822035 0.049999999999999996
v 4.725177975149853 -4.757480334043602 0.05
v 4.56368343614107 -3.4886857184543683 0.05
v 4.725177975149853 -4.757480334043602 0.05
v 3.194446105348346 -3.8962236114822035 0.049999999999999996
v 2.0917601312638343 -5.1745919723840945 0.049999999999999996
v 3.3470881187305803 -4.80497514720234 0.049999999999999996
v 3.5177185546530882 -4.949433067168508 0.049999999999999996
v 2.0917601312638343 -5.1745919723840945 0.049999999999999996
v 3.559361870522024 -6.15999997 0.049999999999999996
v 2.018390703716476 -6.159999970000001 0.049999999999999996
v 3.559361870522024 -6.15999997 0.049999999999999996
v 2.0917601312638343 -5.1745919723840945 0.049999999999999996
v 3.5177185546530882 -4.949433067168508 0.049999999999999996
v 3.194446105348346 -3.8962236114822035 0.049999999999999996
v 1.6905664571019061 -4.700804563195261 0.049999999999999996
v 2.0434125728379176 -3.6878541761562893 0.049999999999999996
v 2.0917601312638343 -5.1745919723840945 0.049999999999999996
v 3.194446105348346 -3.8962236114822035 0.049999999999999996
v 3.3470881187305803 -4.80497514720234 0.049999999999999996
v 1.6905664571019061 -4.700804563195261 0.049999999999999996
v 3.194446105348346 -3.8962236114822035 0.049999999999999996
v 2.0917601312638343 -5.1745919723840945 0.049999999999999996
v 3.3503587723378576 -2.2362144546834 0.05
v 3.5990412080958487 -3.3893380502727917 0.05
v 3.279977883373392 -2.3652107338370274 0.05
v 3.5990412080958487 -3.3893380502727917 0.05
v 3.3503587723378576 -2.2362144546834 0.05
v 4.52381306026521 -1.840515354988877 0.05
v 4.52381306026521 -1.840515354988877 0.05
v 5.088851513527311 -2.7362001878508533 0.05
v 4.56368343614107 -3.4886857184543683 0.05
v 3.5990412080958487 -3.3893380502727917 0.05
v 4.52381306026521 -1.840515354988877 0.05
v 4.56368343614107 -3.4886857184543683 0.05
v 0.57073784 -6.159999970000001 0.04999999999999999
v 2.0917601312638343 -5.1745919723840945 0.049999999999999996
v 2.018390703716476 -6.159999970000001 0.049999999999999996
v 1.6905664571019061 -4.700804563195261 0.049999999999999996
v 0.57073784 -6.159999970000001 0.04999999999999999
v 0.5707378400000009 -4.75627129489661 0.04999999999999999
v 0.57073784 -6.159999970000001 0.04999999999999999
v 1.6905664571019061 -4.700804563195261 0.049999999999999996
v 2.0917601312638343 -5.1745919723840945 0.049999999999999996
v 0.5707378400000009 -3.2602382787044863 0.049999999999999996
v 2.0434125728379176 -3.6878541761562893 0.049999999999999996
v 1.6905664571019061 -4.700804563195261 0.049999999999999996
v 1.6905664571019061 -4.700804563195261 0.049999999999999996
v 0.5707378400000009 -4.75627129489661 0.04999999999999999
v 0.5707378400000009 -3.2602382787044863 0.049999999999999996
v 2.0434125728379176 -3.6878541761562893 0.049999999999999996
v 0.5707378400000009 -3.2602382787044863 0.049999999999999996
v 1.8335037121469393 -3.30616350221122 0.049999999999999996
v 2.0434125728379176 -3.6878541761562893 0.049999999999999996
v 1.8335037121469393 -3.30616350221122 0.049999999999999996
v 2.1236447512462844 -2.556779760567708 0.049999999999999996
v 2.1236447512462844 -2.556779760567708 0.049999999999999996
v 3.279977883373392 -2.3652107338370274 0.05
v 3.5990412080958487 -3.3893380502727917 0.05
v 2.1236447512462844 -2.556779760567708 0.049999999999999996
v 3.194446105348346 -3.8962236114822035 0.049999999999999996
v 2.0434125728379176 -3.6878541761562893 0.049999999999999996
v 3.194446105348346 -3.8962236114822035 0.049999999999999996
v 2.1236447512462844 -2.556779760567708 0.049999999999999996
v 3.5990412080958487 -3.3893380502727917 0.05
v 5.088851513527311 -2.7362001878508533 0.05
v 4.52381306026521 -1.840515354988877 0.05
v 4.588072011439533 -1.631141885332421 0.05000000000000001
v 6.101738020000001 -2.747069377283144 0.05000000000000001
v 5.586842842800438 -0.9967976733536494 0.05000000000000001
v 6.101738020000001 -1.0292277379148334 0.05000000000000001
v 5.586842842800438 -0.9967976733536494 0.05000000000000001
v 6.101738020000001 -2.747069377283144 0.05000000000000001
v 5.088851513527311 -2.7362001878508533 0.05
v 5.586842842800438 -0.9967976733536494 0.05000000000000001
v 5.088851513527311 -2.7362001878508533 0.05
v 4.588072011439533 -1.631141885332421 0.05000000000000001
v 4.588072011439533 -1.631141885332421 0.05000000000000001
v 3.3503587723378576 -2.2362144546834 0.05
v 2.927260613799412 -1.0465585323885407 0.05
v 2.927260613799412 -1.0465585323885407 0.05
v 3.4485105351607075 -0.5019539074518653 0.05
v 3.9006914451528614 -0.5486103832050803 0.05000000000000001
v 3.3503587723378576 -2.2362144546834 0.05
v 4.588072011439533 -1.631141885332421 0.05000000000000001
v 4.52381306026521 -1.840515354988877 0.05
v 4.588072011439533 -1.631141885332421 0.05000000000000001
v 2.927260613799412 -1.0465585323885407 0.05
v 3.9006914451528614 -0.5486103832050803 0.05000000000000001
v 2.927260613799412 -1.0465585323885407 0.05
v 2.1236447512462844 -2.556779760567708 0.049999999999999996
v 1.669495603153519 -1.841052276187399 0.049999999999999996
v 1.669495603153519 -1.841052276187399 0.049999999999999996
v 2.108129786920864 -1.0133304973436408 0.05
v 2.927260613799412 -1.0465585323885407 0.05
v 2.1236447512462844 -2.556779760567708 0.049999999999999996
v 3.3503587723378576 -2.2362144546834 0.05
v 3.279977883373392 -2.3652107338370274 0.05
v 3.3503587723378576 -2.2362144546834 0.05
v 2.1236447512462844 -2.556779760567708 0.049999999999999996
v 2.927260613799412 -1.0465585323885407 0.05
v 0.5707378400000009 -3.2602382787044863 0.049999999999999996
v 2.1236447512462844 -2.556779760567708 0.049999999999999996
v 1.8335037121469393 -3.30616350221122 0.049999999999999996
v 1.669495603153519 -1.841052276187399 0.049999999999999996
v 0.5707378400000009 -3.2602382787044863 0.049999999999999996
v 0.5707378400000012 -1.8686364772620536 0.049999999999999996
v 2.1236447512462844 -2.556779760567708 0.049999999999999996
v 0.5707378400000009 -3.2602382787044863 0.049999999999999996
v 1.669495603153519 -1.841052276187399 0.049999999999999996
v 3.4485105351607075 -0.5019539074518653 0.05
v 3.0001065988190883 0.5683388074932123 0.05
v 3.2680708249788286 0.9026322841822704 0.05000000000000001
v 4.735354347950546 0.12235154647162849 0.05000000000000001
v 4.523420326643484 0.9090341972585965 0.05000000000000001
v 4.816840701657046 0.4862410923589804 0.05000000000000001
v 3.2680708249788286 0.9026322841822704 0.05000000000000001
v 4.735354347950546 0.12235154647162849 0.05000000000000001
v 3.9006914451528614 -0.5486103832050803 0.05000000000000001
v 3.9006914451528614 -0.5486103832050803 0.05000000000000001
v 3.4485105351607075 -0.5019539074518653 0.05
v 3.2680708249788286 0.9026322841822704 0.05000000000000001
v 4.735354347950546 0.12235154647162849 0.05000000000000001
v 3.2680708249788286 0.9026322841822704 0.05000000000000001
v 4.523420326643484 0.9090341972585965 0.05000000000000001
v 5.586842842800438 -0.9967976733536494 0.05000000000000001
v 3.9006914451528614 -0.5486103832050803 0.05000000000000001
v 4.735354347950546 0.12235154647162849 0.05000000000000001
v 3.9006914451528614 -0.5486103832050803 0.05000000000000001
v 5.586842842800438 -0.9967976733536494 0.05000000000000001
v 4.588072011439533 -1.631141885332421 0.05000000000000001
v 6.101738020000001 1.90299993 0.05000000000000002
v 4.523420326643484 0.9090341972585965 0.05000000000000001
v 4.712522160597007 2.030593788906134 0.05000000000000001
v 4.523420326643484 0.9090341972585965 0.05000000000000001
v 6.101738020000001 1.90299993 0.05000000000000002
v 6.101738020000001 0.7124453946522573 0.05000000000000002
v 4.523420326643484 0.9090341972585965 0.05000000000000001
v 6.101738020000001 0.7124453946522573 0.05000000000000002
v 4.816840701657046 0.4862410923589804 0.05000000000000001
v 3.0001065988190883 0.5683388074932123 0.05
v 2.927260613799412 -1.0465585323885407 0.05
v 2.156297182943643 0.546650708914621 0.05
v 2.927260613799412 -1.0465585323885407 0.05
v 3.0001065988190883 0.5683388074932123 0.05
v 3.4485105351607075 -0.5019539074518653 0.05
v 1.7235948569934025 -0.4095978185085922 0.05
v 2.927260613799412 -1.0465585323885407 0.05
v 2.108129786920864 -1.0133304973436408 0.05
v 2.156297182943643 0.546650708914621 0.05
v 2.927260613799412 -1.0465585323885407 0.05
v 1.7235948569934025 -0.4095978185085922 0.05
v 0.5707378400000016 -1.4879999700000008 0.049999999999999996
v 2.108129786920864 -1.0133304973436408 0.05
v 1.669495603153519 -1.841052276187399 0.049999999999999996
v 1.669495603153519 -1.841052276187399 0.049999999999999996
v 0.5707378400000012 -1.8686364772620536 0.049999999999999996
v 0.5707378400000016 -1.4879999700000008 0.049999999999999996
v 0.5707378400000016 -1.4879999700000008 0.049999999999999996
v 0.5707378400000014 -0.3800305276189426 0.049999999999999996
v 1.7235948569934025 -0.4095978185085922 0.05
v 2.108129786920864 -1.0133304973436408 0.05
v 0.5707378400000016 -1.4879999700000008 0.049999999999999996
v 1.7235948569934025 -0.4095978185085922 0.05
v 4.712522160597007 2.030593788906134 0.05000000000000001
v 3.2680708249788286 0.9026322841822704 0.05000000000000001
v 3.1319173853692446 2.1757659457827776 0.05000000000000001
v 3.2680708249788286 0.9026322841822704 0.05000000000000001
v 4.712522160597007 2.030593788906134 0.05000000000000001
v 4.523420326643484 0.9090341972585965 0.05000000000000001
v 1.7488610688941708 1.033511233092702 0.05
v 2.156297182943643 0.546650708914621 0.05
v 1.7235948569934025 -0.4095978185085922 0.05
v 1.7235948569934025 -0.4095978185085922 0.05
v 0.5707378400000014 -0.3800305276189426 0.049999999999999996
v 0.5707378400000016 -0.01200000000000101 0.049999999999999996
v 0.5707378400000016 -0.01200000000000101 0.049999999999999996
v 0.5707378400000018 0.9963095566495127 0.05
v 1.7488610688941708 1.033511233092702 0.05
v 1.7488610688941708 1.033511233092702 0.05
v 1.7235948569934025 -0.4095978185085922 0.05
v 0.5707378400000016 -0.01200000000000101 0.049999999999999996
v 3.1319173853692446 2.1757659457827776 0.05000000000000001
v 1.7488610688941708 1.033511233092702 0.05
v 2.0645977440090713 2.2737949387615775 0.05000000000000001
v 1.7488610688941708 1.033511233092702 0.05
v 3.1319173853692446 2.1757659457827776 0.05000000000000001
v 3.2680708249788286 0.9026322841822704 0.05000000000000001
v 3.2680708249788286 0.9026322841822704 0.05000000000000001
v 3.0001065988190883 0.5683388074932123 0.05
v 2.156297182943643 0.546650708914621 0.05
v 1.7488610688941708 1.033511233092702 0.05
v 3.2680708249788286 0.9026322841822704 0.05000000000000001
v 2.156297182943643 0.546650708914621 0.05
v 1.7488610688941708 1.033511233092702 0.05
v 0.5707378400000018 0.9963095566495127 0.05
v 0.5707378400000015 2.4109999299999982 0.05
v 0.5707378400000015 2.4109999299999982 0.05
v 2.0645977440090713 2.2737949387615775 0.05000000000000001
v 1.7488610688941708 1.033511233092702 0.05
v -4.3723118 1.97219319 1.00000001
v -3.50874164 2.47077593 1.00000001
v -3.50874164 2.47077593 -1.6653345369377348e-16
v -3.50874164 2.47077593 -1.6653345369377348e-16
v -4.3723118 1.97219319 -2.6959284175950296e-16
v -4.3723118 1.97219319 1.00000001
v -0.9127148300000003 -2.79835749 1.10000001
v -0.9127148300000001 -1.9833576199999996 1.10000001
v -0.01271485 -1.9833576199999996 1.10000001
v -0.9127148300000003 -2.79835749 1.10000001
v -0.01271485 -3.61335735 1.10000001
v -1.1440240385083518 -3.61335735 1.10000001
v -1.1440240385083518 -3.61335735 1.10000001
v -1.3475079723052577 -2.79835749 1.10000001
v -0.9127148300000003 -2.79835749 1.10000001
v -0.01271485 -3.61335735 1.10000001
v -0.9127148300000003 -2.79835749 1.10000001
v -0.01271485 -1.9833576199999996 1.10000001
v -1.3475079723052577 -2.79835749 1.10000001
v -2.802714780000001 -3.61335735 1.10000001
v -2.802714780000001 -2.7983574899999994 1.10000001
v -2.802714780000001 -3.61335735 1.10000001
v -1.3475079723052577 -2.79835749 1.10000001
v -1.1440240385083518 -3.61335735 1.10000001
v -0.91271483 -1.98335762 -2.220446049250313e-16
v -0.91271483 -1.98335762 1.10000001
v -0.91271483 -2.79835749 1.10000001
v -0.91271483 -2.79835749 1.10000001
v -0.91271483 -2.79835749 -2.4019741118320573e-16
v -0.91271483 -1.98335762 -2.220446049250313e-16
v -0.012714849999999861 -1.98335762 -2.213888313702771e-17
v -0.91271483 -1.98335762 1.10000001
v -0.9127148300000001 -1.98335762 -1.1102230246251565e-16
v -0.91271483 -1.98335762 1.10000001
v -0.012714849999999861 -1.98335762 -2.213888313702771e-17
v -0.012714849999999722 -1.98335762 1.10000001

usemtl Patch_1_Mat_CR1_tablesEquipment
f 3 2 1
f 6 5 4
f 9 8 7

usemtl Patch_2_Mat_CR1_paintedConcrete
f 12 11 10
f 15 14 13

usemtl Patch_3_Mat_CR1_paintedConcrete
f 18 17 16
f 21 20 19

usemtl Patch_4_Mat_CR1_paintedConcrete
f 24 23 22
f 27 26 25

usemtl Patch_5_Mat_CR1_tablesEquipment
f 30 29 28
f 33 32 31

usemtl Patch_6_Mat_CR1_tablesEquipment
f 36 35 34
f 39 38 37

usemtl Patch_7_Mat_CR1_tablesEquipment
f 42 41 40
f 45 44 43
f 48 47 46

usemtl Patch_8_Mat_CR1_paintedConcrete
f 51 50 49
f 54 53 52

usemtl Patch_9_Mat_CR1_paintedConcrete
f 57 56 55
f 60 59 58
f 63 62 61
f 66 65 64

usemtl Patch_10_Mat_CR1_paintedConcrete
f 69 68 67
f 72 71 70

usemtl Patch_11_Mat_CR1_paintedConcrete
f 75 74 73
f 78 77 76

usemtl Patch_12_Mat_CR1_paintedConcrete
f 81 80 79
f 84 83 82

usemtl Patch_13_Mat_CR1_paintedConcrete
f 87 86 85
f 90 89 88
f 93 92 91
f 96 95 94
f 99 98 97
f 102 101 100

usemtl Patch_14_Mat_CR1_paintedConcrete
f 105 104 103
f 108 107 106

usemtl Patch_15_Mat_CR1_paintedConcrete
f 111 110 109
f 114 113 112
f 117 116 115

usemtl Patch_16_Mat_CR1_paintedConcrete
f 120 119 118
f 123 122 121
f 126 125 124

usemtl Patch_17_Mat_CR1_paintedConcrete
f 129 128 127
f 132 131 130

usemtl Patch_18_Mat_CR1_paintedConcrete
f 135 134 133
f 138 137 136
f 141 140 139

usemtl Patch_19_Mat_CR1_paintedConcrete
f 144 143 142
f 147 146 145
f 150 149 148

usemtl Patch_20_Mat_CR1_paintedConcrete
f 153 152 151
f 156 155 154
f 159 158 157

usemtl Patch_21_Mat_CR1_paintedConcrete
f 162 161 160
f 165 164 163

usemtl Patch_22_Mat_CR1_paintedConcrete
f 168 167 166
f 171 170 169

usemtl Patch_23_Mat_CR1_paintedConcrete
f 174 173 172
f 177 176 175

usemtl Patch_24_Mat_CR1_paintedConcrete
f 180 179 178
f 183 182 181

usemtl Patch_25_Mat_CR1_paintedConcrete
f 186 185 184
f 189 188 187

usemtl Patch_26_Mat_CR1_paintedConcrete
f 192 191 190
f 195 194 193

usemtl Patch_27_Mat_CR1_paintedConcrete
f 198 197 196
f 201 200 199

usemtl Patch_28_Mat_CR1_paintedConcrete
f 204 203 202
f 207 206 205

usemtl Patch_29_Mat_CR1_paintedConcrete
f 210 209 208
f 213 212 211

usemtl Patch_30_Mat_CR1_paintedConcrete
f 216 215 214
f 219 218 217

usemtl Patch_31_Mat_CR1_paintedConcrete
f 222 221 220
f 225 224 223

usemtl Patch_32_Mat_CR1_paintedConcrete
f 228 227 226
f 231 230 229

usemtl Patch_33_Mat_CR1_paintedConcrete
f 234 233 232
f 237 236 235

usemtl Patch_34_Mat_CR1_paintedConcrete
f 240 239 238
f 243 242 241

usemtl Patch_35_Mat_CR1_paintedConcrete
f 246 245 244
f 249 248 247

usemtl Patch_36_Mat_CR1_paintedConcrete
f 252 251 250
f 255 254 253

usemtl Patch_37_Mat_CR1_paintedConcrete
f 258 257 256
f 261 260 259

usemtl Patch_38_Mat_CR1_paintedConcrete
f 264 263 262
f 267 266 265

usemtl Patch_39_Mat_CR1_paintedConcrete
f 270 269 268
f 273 272 271
f 276 275 274
f 279 278 277

usemtl Patch_40_Mat_CR1_paintedConcrete
f 282 281 280
f 285 284 283
f 288 287 286

usemtl Patch_41_Mat_CR1_paintedConcrete
f 291 290 289
f 294 293 292

usemtl Patch_42_Mat_CR1_paintedConcrete
f 297 296 295
f 300 299 298
f 303 302 301

usemtl Patch_43_Mat_CR1_paintedConcrete
f 306 305 304
f 309 308 307

usemtl Patch_44_Mat_CR1_paintedConcrete
f 312 311 310
f 315 314 313
f 318 317 316
f 321 320 319

usemtl Patch_45_Mat_CR1_paintedConcrete
f 324 323 322
f 327 326 325
f 330 329 328

usemtl Patch_46_Mat_CR1_paintedConcrete
f 333 332 331
f 336 335 334
f 339 338 337
f 342 341 340
f 345 344 343

usemtl Patch_47_Mat_CR1_paintedConcrete
f 348 347 346
f 351 350 349
f 354 353 352

usemtl Patch_48_Mat_CR1_paintedConcrete
f 357 356 355
f 360 359 358

usemtl Patch_49_Mat_CR1_paintedConcrete
f 363 362 361
f 366 365 364
f 369 368 367

usemtl Patch_50_Mat_CR1_concrete
f 372 371 370
f 375 374 373
f 378 377 376
f 381 380 379
f 384 383 382
f 387 386 385
f 390 389 388

usemtl Patch_51_Mat_CR1_concrete
f 393 392 391
f 396 395 394
f 399 398 397
f 402 401 400
f 405 404 403

usemtl Patch_52_Mat_CR1_concrete
f 408 407 406
f 411 410 409
f 414 413 412
f 417 416 415
f 420 419 418
f 423 422 421
f 426 425 424
f 429 428 427
f 432 431 430
f 435 434 433
f 438 437 436
f 441 440 439
f 444 443 442
f 447 446 445
f 450 449 448
f 453 452 451
f 456 455 454

usemtl Patch_53_Mat_CR1_concrete
f 459 458 457
f 462 461 460
f 465 464 463

usemtl Patch_54_Mat_CR1_concrete
f 468 467 466
f 471 470 469
f 474 473 472
f 477 476 475
f 480 479 478
f 483 482 481

usemtl Patch_55_Mat_CR1_concrete
f 486 485 484
f 489 488 487
f 492 491 490
f 495 494 493
f 498 497 496
f 501 500 499
f 504 503 502
f 507 506 505
f 510 509 508

usemtl Patch_56_Mat_CR1_concrete
f 513 512 511
f 516 515 514

usemtl Patch_57_Mat_CR1_concrete
f 519 518 517
f 522 521 520
f 525 524 523
f 528 527 526
f 531 530 529
f 534 533 532
f 537 536 535
f 540 539 538
f 543 542 541
f 546 545 544
f 549 548 547
f 552 551 550
f 555 554 553
f 558 557 556

usemtl Patch_58_Mat_CR1_concrete
f 561 560 559
f 564 563 562
f 567 566 565
f 570 569 568
f 573 572 571
f 576 575 574
f 579 578 577
f 582 581 580
f 585 584 583
f 588 587 586
f 591 590 589
f 594 593 592
f 597 596 595
f 600 599 598
f 603 602 601
f 606 605 604
f 609 608 607
f 612 611 610
f 615 614 613
f 618 617 616

usemtl Patch_59_Mat_CR1_concrete
f 621 620 619
f 624 623 622
f 627 626 625
f 630 629 628

usemtl Patch_60_Mat_CR1_concrete
f 633 632 631
f 636 635 634
f 639 638 637
f 642 641 640
f 645 644 643

usemtl Patch_61_Mat_CR1_concrete
f 648 647 646
f 651 650 649
f 654 653 652
f 657 656 655
f 660 659 658
f 663 662 661

usemtl Patch_62_Mat_CR1_concrete
f 666 665 664
f 669 668 667
f 672 671 670
f 675 674 673
f 678 677 676
f 681 680 679

usemtl Patch_63_Mat_CR1_concrete
f 684 683 682
f 687 686 685
f 690 689 688

usemtl Patch_64_Mat_CR1_concrete
f 693 692 691
f 696 695 694
f 699 698 697
f 702 701 700
f 705 704 703
f 708 707 706
f 711 710 709
f 714 713 712

usemtl Patch_65_Mat_CR1_concrete
f 717 716 715
f 720 719 718
f 723 722 721
f 726 725 724
f 729 728 727
f 732 731 730
f 735 734 733
f 738 737 736

usemtl Patch_66_Mat_CR1_concrete
f 741 740 739
f 744 743 742
f 747 746 745
f 750 749 748
f 753 752 751
f 756 755 754
f 759 758 757

usemtl Patch_67_Mat_CR1_concrete
f 762 761 760
f 765 764 763

usemtl Patch_68_Mat_CR1_concrete
f 768 767 766
f 771 770 769
f 774 773 772

usemtl Patch_69_Mat_CR1_concrete
f 777 776 775
f 780 779 778
f 783 782 781

usemtl Patch_70_Mat_CR1_concrete
f 786 785 784
f 789 788 787
f 792 791 790

usemtl Patch_71_Mat_CR1_concrete
f 795 794 793
f 798 797 796
f 801 800 799

usemtl Patch_72_Mat_CR1_concrete
f 804 803 802
f 807 806 805
f 810 809 808

usemtl Patch_73_Mat_CR1_concrete
f 813 812 811
f 816 815 814
f 819 818 817

usemtl Patch_74_Mat_CR1_concrete
f 822 821 820
f 825 824 823
f 828 827 826

usemtl Patch_75_Mat_CR1_concrete
f 831 830 829
f 834 833 832

usemtl Patch_76_Mat_CR1_concrete
f 837 836 835
f 840 839 838

usemtl Patch_77_Mat_CR1_concrete
f 843 842 841
f 846 845 844

usemtl Patch_78_Mat_CR1_concrete
f 849 848 847
f 852 851 850

usemtl Patch_79_Mat_CR1_concrete
f 855 854 853
f 858 857 856

usemtl Patch_80_Mat_CR1_concrete
f 861 860 859
f 864 863 862
f 867 866 865

usemtl Patch_81_Mat_CR1_concrete
f 870 869 868
f 873 872 871
f 876 875 874

usemtl Patch_82_Mat_CR1_concrete
f 879 878 877
f 882 881 880

usemtl Patch_83_Mat_CR1_concrete
f 885 884 883
f 888 887 886
f 891 890 889
f 894 893 892

usemtl Patch_84_Mat_CR1_concrete
f 897 896 895
f 900 899 898
f 903 902 901
f 906 905 904
f 909 908 907

usemtl Patch_85_Mat_CR1_concrete
f 912 911 910
f 915 914 913
f 918 917 916

usemtl Patch_86_Mat_CR1_concrete
f 921 920 919
f 924 923 922
f 927 926 925

usemtl Patch_87_Mat_CR1_concrete
f 930 929 928
f 933 932 931
f 936 935 934

usemtl Patch_88_Mat_CR1_concrete
f 939 938 937
f 942 941 940
f 945 944 943
f 948 947 946
f 951 950 949

usemtl Patch_89_Mat_CR1_concrete
f 954 953 952
f 957 956 955
f 960 959 958
f 963 962 961

usemtl Patch_90_Mat_CR1_concrete
f 966 965 964
f 969 968 967

usemtl Patch_91_Mat_CR1_concrete
f 972 971 970
f 975 974 973

usemtl Patch_92_Mat_CR1_concrete
f 978 977 976
f 981 980 979

usemtl Patch_93_Mat_CR1_concrete
f 984 983 982
f 987 986 985

usemtl Patch_94_Mat_CR1_concrete
f 990 989 988
f 993 992 991

usemtl Patch_95_Mat_CR1_concrete
f 996 995 994
f 999 998 997

usemtl Patch_96_Mat_CR1_concrete
f 1002 1001 1000
f 1005 1004 1003

usemtl Patch_97_Mat_CR1_concrete
f 1008 1007 1006
f 1011 1010 1009

usemtl Patch_98_Mat_CR1_concrete
f 1014 1013 1012
f 1017 1016 1015

usemtl Patch_99_Mat_CR1_concrete
f 1020 1019 1018
f 1023 1022 1021

usemtl Patch_100_Mat_CR1_concrete
f 1026 1025 1024
f 1029 1028 1027
f 1032 1031 1030

usemtl Patch_101_Mat_CR1_concrete
f 1035 1034 1033
f 1038 1037 1036
f 1041 1040 1039

usemtl Patch_102_Mat_CR1_concrete
f 1044 1043 1042
f 1047 1046 1045
f 1050 1049 1048
f 1053 1052 1051

usemtl Patch_103_Mat_CR1_concrete
f 1056 1055 1054
f 1059 1058 1057

usemtl Patch_104_Mat_CR1_concrete
f 1062 1061 1060
f 1065 1064 1063
f 1068 1067 1066

usemtl Patch_105_Mat_CR1_concrete
f 1071 1070 1069
f 1074 1073 1072

usemtl Patch_106_Mat_CR1_concrete
f 1077 1076 1075
f 1080 1079 1078
f 1083 1082 1081
f 1086 1085 1084
f 1089 1088 1087

usemtl Patch_107_Mat_CR1_concrete
f 1092 1091 1090
f 1095 1094 1093
f 1098 1097 1096
f 1101 1100 1099

usemtl Patch_108_Mat_CR1_concrete
f 1104 1103 1102
f 1107 1106 1105

usemtl Patch_109_Mat_CR1_concrete
f 1110 1109 1108
f 1113 1112 1111
f 1116 1115 1114

usemtl Patch_110_Mat_CR1_concrete
f 1119 1118 1117
f 1122 1121 1120
f 1125 1124 1123

usemtl Patch_111_Mat_CR1_concrete
f 1128 1127 1126
f 1131 1130 1129
f 1134 1133 1132

usemtl Patch_112_Mat_CR1_concrete
f 1137 1136 1135
f 1140 1139 1138

usemtl Patch_113_Mat_CR1_concrete
f 1143 1142 1141
f 1146 1145 1144
f 1149 1148 1147

usemtl Patch_114_Mat_CR1_concrete
f 1152 1151 1150
f 1155 1154 1153
f 1158 1157 1156

usemtl Patch_115_Mat_CR1_concrete
f 1161 1160 1159
f 1164 1163 1162
f 1167 1166 1165

usemtl Patch_116_Mat_CR1_concrete
f 1170 1169 1168
f 1173 1172 1171
f 1176 1175 1174

usemtl Patch_117_Mat_CR1_concrete
f 1179 1178 1177
f 1182 1181 1180
f 1185 1184 1183

usemtl Patch_118_Mat_CR1_concrete
f 1188 1187 1186
f 1191 1190 1189

usemtl Patch_119_Mat_CR1_concrete
f 1194 1193 1192
f 1197 1196 1195
f 1200 1199 1198

usemtl Patch_120_Mat_CR1_concrete
f 1203 1202 1201
f 1206 1205 1204
f 1209 1208 1207

usemtl Patch_121_Mat_CR1_concrete
f 1212 1211 1210
f 1215 1214 1213
f 1218 1217 1216
f 1221 1220 1219
f 1224 1223 1222

usemtl Patch_122_Mat_CR1_concrete
f 1227 1226 1225
f 1230 1229 1228

usemtl Patch_123_Mat_CR1_concrete
f 1233 1232 1231
f 1236 1235 1234
f 1239 1238 1237
f 1242 1241 1240
f 1245 1244 1243

usemtl Patch_124_Mat_CR1_concrete
f 1248 1247 1246
f 1251 1250 1249
f 1254 1253 1252
f 1257 1256 1255
f 1260 1259 1258
f 1263 1262 1261

usemtl Patch_125_Mat_CR1_concrete
f 1266 1265 1264
f 1269 1268 1267
f 1272 1271 1270
f 1275 1274 1273
f 1278 1277 1276

usemtl Patch_126_Mat_CR1_concrete
f 1281 1280 1279
f 1284 1283 1282
f 1287 1286 1285
f 1290 1289 1288

usemtl Patch_127_Mat_CR1_concrete
f 1293 1292 1291
f 1296 1295 1294

usemtl Patch_128_Mat_CR1_paintedConcrete
f 1299 1298 1297
f 1302 1301 1300
f 1305 1304 1303

usemtl Patch_129_Mat_CR1_paintedConcrete
f 1308 1307 1306
f 1311 1310 1309
f 1314 1313 1312

usemtl Patch_130_Mat_CR1_paintedConcrete
f 1317 1316 1315
f 1320 1319 1318

usemtl Patch_131_Mat_CR1_paintedConcrete
f 1323 1322 1321
f 1326 1325 1324
f 1329 1328 1327

usemtl Patch_132_Mat_CR1_paintedConcrete
f 1332 1331 1330
f 1335 1334 1333

usemtl Patch_133_Mat_CR1_paintedConcrete
f 1338 1337 1336
f 1341 1340 1339
f 1344 1343 1342

usemtl Patch_134_Mat_CR1_paintedConcrete
f 1347 1346 1345
f 1350 1349 1348
f 1353 1352 1351

usemtl Patch_135_Mat_CR1_paintedConcrete
f 1356 1355 1354
f 1359 1358 1357
f 1362 1361 1360

usemtl Patch_136_Mat_CR1_paintedConcrete
f 1365 1364 1363
f 1368 1367 1366

usemtl Patch_137_Mat_CR1_paintedConcrete
f 1371 1370 1369
f 1374 1373 1372
f 1377 1376 1375
f 1380 1379 1378
f 1383 1382 1381

usemtl Patch_138_Mat_CR1_paintedConcrete
f 1386 1385 1384
f 1389 1388 1387
f 1392 1391 1390

usemtl Patch_139_Mat_CR1_paintedConcrete
f 1395 1394 1393
f 1398 1397 1396
f 1401 1400 1399

usemtl Patch_140_Mat_CR1_paintedConcrete
f 1404 1403 1402
f 1407 1406 1405
f 1410 1409 1408

usemtl Patch_141_Mat_CR1_paintedConcrete
f 1413 1412 1411
f 1416 1415 1414
f 1419 1418 1417
f 1422 1421 1420
f 1425 1424 1423

usemtl Patch_142_Mat_CR1_paintedConcrete
f 1428 1427 1426
f 1431 1430 1429
f 1434 1433 1432

usemtl Patch_143_Mat_CR1_paintedConcrete
f 1437 1436 1435
f 1440 1439 1438
f 1443 1442 1441

usemtl Patch_144_Mat_CR1_paintedConcrete
f 1446 1445 1444
f 1449 1448 1447
f 1452 1451 1450
f 1455 1454 1453

usemtl Patch_145_Mat_CR1_paintedConcrete
f 1458 1457 1456
f 1461 1460 1459
f 1464 1463 1462

usemtl Patch_146_Mat_CR1_paintedConcrete
f 1467 1466 1465
f 1470 1469 1468
f 1473 1472 1471
f 1476 1475 1474
f 1479 1478 1477

usemtl Patch_147_Mat_CR1_paintedConcrete
f 1482 1481 1480
f 1485 1484 1483

usemtl Patch_148_Mat_CR1_paintedConcrete
f 1488 1487 1486
f 1491 1490 1489
f 1494 1493 1492

usemtl Patch_149_Mat_CR1_paintedConcrete
f 1497 1496 1495
f 1500 1499 1498
f 1503 1502 1501

usemtl Patch_150_Mat_CR1_paintedConcrete
f 1506 1505 1504
f 1509 1508 1507
f 1512 1511 1510

usemtl Patch_151_Mat_CR1_paintedConcrete
f 1515 1514 1513
f 1518 1517 1516
f 1521 1520 1519

usemtl Patch_152_Mat_CR1_paintedConcrete
f 1524 1523 1522
f 1527 1526 1525
f 1530 1529 1528

usemtl Patch_153_Mat_CR1_paintedConcrete
f 1533 1532 1531
f 1536 1535 1534
f 1539 1538 1537

usemtl Patch_154_Mat_CR1_paintedConcrete
f 1542 1541 1540
f 1545 1544 1543

usemtl Patch_155_Mat_CR1_concrete
f 1548 1547 1546
f 1551 1550 1549
f 1554 1553 1552
f 1557 1556 1555

usemtl Patch_156_Mat_CR1_concrete
f 1560 1559 1558
f 1563 1562 1561

usemtl Patch_157_Mat_CR1_concrete
f 1566 1565 1564
f 1569 1568 1567

usemtl Patch_158_Mat_CR1_concrete
f 1572 1571 1570
f 1575 1574 1573

usemtl Patch_159_Mat_CR1_tablesEquipment
f 1578 1577 1576
f 1581 1580 1579

usemtl Patch_160_Mat_CR1_tablesEquipment
f 1584 1583 1582
f 1587 1586 1585

usemtl Patch_161_Mat_CR1_tablesEquipment
f 1590 1589 1588
f 1593 1592 1591

usemtl Patch_162_Mat_CR1_tablesEquipment
f 1596 1595 1594
f 1599 1598 1597

usemtl Patch_163_Mat_CR1_tablesEquipment
f 1602 1601 1600
f 1605 1604 1603

usemtl Patch_164_Mat_CR1_tablesEquipment
f 1608 1607 1606
f 1611 1610 1609

usemtl Patch_165_Mat_CR1_tablesEquipment
f 1614 1613 1612
f 1617 1616 1615

usemtl Patch_166_Mat_CR1_tablesEquipment
f 1620 1619 1618
f 1623 1622 1621

usemtl Patch_167_Mat_CR1_tablesEquipment
f 1626 1625 1624
f 1629 1628 1627

usemtl Patch_168_Mat_CR1_tablesEquipment
f 1632 1631 1630
f 1635 1634 1633

usemtl Patch_169_Mat_CR1_tablesEquipment
f 1638 1637 1636
f 1641 1640 1639

usemtl Patch_170_Mat_CR1_tablesEquipment
f 1644 1643 1642
f 1647 1646 1645

usemtl Patch_171_Mat_CR1_tablesEquipment
f 1650 1649 1648
f 1653 1652 1651

usemtl Patch_172_Mat_CR1_tablesEquipment
f 1656 1655 1654
f 1659 1658 1657

usemtl Patch_173_Mat_CR1_tablesEquipment
f 1662 1661 1660
f 1665 1664 1663

usemtl Patch_174_Mat_CR1_tablesEquipment
f 1668 1667 1666
f 1671 1670 1669

usemtl Patch_175_Mat_CR1_tablesEquipment
f 1674 1673 1672
f 1677 1676 1675

usemtl Patch_176_Mat_CR1_tablesEquipment
f 1680 1679 1678
f 1683 1682 1681

usemtl Patch_177_Mat_CR1_absorber
f 1686 1685 1684
f 1689 1688 1687

usemtl Patch_178_Mat_CR1_absorber
f 1692 1691 1690
f 1695 1694 1693

usemtl Patch_179_Mat_CR1_absorber
f 1698 1697 1696
f 1701 1700 1699

usemtl Patch_180_Mat_CR1_absorber
f 1704 1703 1702
f 1707 1706 1705

usemtl Patch_181_Mat_CR1_absorber
f 1710 1709 1708
f 1713 1712 1711

usemtl Patch_182_Mat_CR1_absorber
f 1716 1715 1714
f 1719 1718 1717

usemtl Patch_183_Mat_CR1_absorber
f 1722 1721 1720
f 1725 1724 1723

usemtl Patch_184_Mat_CR1_absorber
f 1728 1727 1726
f 1731 1730 1729

usemtl Patch_185_Mat_CR1_absorber
f 1734 1733 1732
f 1737 1736 1735

usemtl Patch_186_Mat_CR1_absorber
f 1740 1739 1738
f 1743 1742 1741

usemtl Patch_187_Mat_CR1_absorber
f 1746 1745 1744
f 1749 1748 1747

usemtl Patch_188_Mat_CR1_absorber
f 1752 1751 1750
f 1755 1754 1753
f 1758 1757 1756
f 1761 1760 1759

usemtl Patch_189_Mat_CR1_absorber
f 1764 1763 1762
f 1767 1766 1765

usemtl Patch_190_Mat_CR1_absorber
f 1770 1769 1768
f 1773 1772 1771
f 1776 1775 1774

usemtl Patch_191_Mat_CR1_absorber
f 1779 1778 1777
f 1782 1781 1780

usemtl Patch_192_Mat_CR1_absorber
f 1785 1784 1783
f 1788 1787 1786

usemtl Patch_193_Mat_CR1_absorber
f 1791 1790 1789
f 1794 1793 1792

usemtl Patch_194_Mat_CR1_absorber
f 1797 1796 1795
f 1800 1799 1798

usemtl Patch_195_Mat_CR1_absorber
f 1803 1802 1801
f 1806 1805 1804

usemtl Patch_196_Mat_CR1_absorber
f 1809 1808 1807
f 1812 1811 1810

usemtl Patch_197_Mat_CR1_absorber
f 1815 1814 1813
f 1818 1817 1816

usemtl Patch_198_Mat_CR1_absorber
f 1821 1820 1819
f 1824 1823 1822

usemtl Patch_199_Mat_CR1_absorber
f 1827 1826 1825
f 1830 1829 1828

usemtl Patch_200_Mat_CR1_absorber
f 1833 1832 1831
f 1836 1835 1834

usemtl Patch_201_Mat_CR1_tablesEquipment
f 1839 1838 1837
f 1842 1841 1840

usemtl Patch_202_Mat_CR1_tablesEquipment
f 1845 1844 1843
f 1848 1847 1846

usemtl Patch_203_Mat_CR1_tablesEquipment
f 1851 1850 1849
f 1854 1853 1852

usemtl Patch_204_Mat_CR1_paintedConcrete
f 1857 1856 1855
f 1860 1859 1858
f 1863 1862 1861

usemtl Patch_205_Mat_CR1_paintedConcrete
f 1866 1865 1864
f 1869 1868 1867
f 1872 1871 1870
f 1875 1874 1873
f 1878 1877 1876
f 1881 1880 1879
f 1884 1883 1882

usemtl Patch_206_Mat_CR1_paintedConcrete
f 1887 1886 1885
f 1890 1889 1888

usemtl Patch_207_Mat_CR1_paintedConcrete
f 1893 1892 1891
f 1896 1895 1894

usemtl Patch_208_Mat_CR1_paintedConcrete
f 1899 1898 1897
f 1902 1901 1900

usemtl Patch_209_Mat_CR1_paintedConcrete
f 1905 1904 1903
f 1908 1907 1906
f 1911 1910 1909

usemtl Patch_210_Mat_CR1_paintedConcrete
f 1914 1913 1912
f 1917 1916 1915
f 1920 1919 1918

usemtl Patch_211_Mat_CR1_paintedConcrete
f 1923 1922 1921
f 1926 1925 1924
f 1929 1928 1927
f 1932 1931 1930
f 1935 1934 1933
f 1938 1937 1936
f 1941 1940 1939

usemtl Patch_212_Mat_CR1_paintedConcrete
f 1944 1943 1942
f 1947 1946 1945
f 1950 1949 1948
f 1953 1952 1951

usemtl Patch_213_Mat_CR1_paintedConcrete
f 1956 1955 1954
f 1959 1958 1957
f 1962 1961 1960

usemtl Patch_214_Mat_CR1_paintedConcrete
f 1965 1964 1963
f 1968 1967 1966

usemtl Patch_215_Mat_CR1_paintedConcrete
f 1971 1970 1969

usemtl Patch_216_Mat_CR1_paintedConcrete
f 1974 1973 1972

usemtl Patch_217_Mat_CR1_paintedConcrete
f 1977 1976 1975
f 1980 1979 1978
f 1983 1982 1981

usemtl Patch_218_Mat_CR1_paintedConcrete
f 1986 1985 1984
f 1989 1988 1987
f 1992 1991 1990

usemtl Patch_219_Mat_CR1_paintedConcrete
f 1995 1994 1993
f 1998 1997 1996
f 2001 2000 1999

usemtl Patch_220_Mat_CR1_paintedConcrete
f 2004 2003 2002
f 2007 2006 2005

usemtl Patch_221_Mat_CR1_paintedConcrete
f 2010 2009 2008
f 2013 2012 2011
f 2016 2015 2014
f 2019 2018 2017
f 2022 2021 2020

usemtl Patch_222_Mat_CR1_paintedConcrete
f 2025 2024 2023
f 2028 2027 2026
f 2031 2030 2029

usemtl Patch_223_Mat_CR1_paintedConcrete
f 2034 2033 2032
f 2037 2036 2035
f 2040 2039 2038

usemtl Patch_224_Mat_CR1_paintedConcrete
f 2043 2042 2041
f 2046 2045 2044
f 2049 2048 2047
f 2052 2051 2050

usemtl Patch_225_Mat_CR1_paintedConcrete
f 2055 2054 2053
f 2058 2057 2056
f 2061 2060 2059

usemtl Patch_226_Mat_CR1_paintedConcrete
f 2064 2063 2062
f 2067 2066 2065
f 2070 2069 2068

usemtl Patch_227_Mat_CR1_paintedConcrete
f 2073 2072 2071
f 2076 2075 2074
f 2079 2078 2077
f 2082 2081 2080

usemtl Patch_228_Mat_CR1_paintedConcrete
f 2085 2084 2083
f 2088 2087 2086
f 2091 2090 2089
f 2094 2093 2092

usemtl Patch_229_Mat_CR1_paintedConcrete
f 2097 2096 2095
f 2100 2099 2098
f 2103 2102 2101
f 2106 2105 2104

usemtl Patch_230_Mat_CR1_paintedConcrete
f 2109 2108 2107
f 2112 2111 2110
f 2115 2114 2113
f 2118 2117 2116

usemtl Patch_231_Mat_CR1_paintedConcrete
f 2121 2120 2119
f 2124 2123 2122
f 2127 2126 2125

usemtl Patch_232_Mat_CR1_paintedConcrete
f 2130 2129 2128
f 2133 2132 2131
f 2136 2135 2134
f 2139 2138 2137
f 2142 2141 2140

usemtl Patch_233_Mat_CR1_paintedConcrete
f 2145 2144 2143
f 2148 2147 2146

usemtl Patch_234_Mat_CR1_paintedConcrete
f 2151 2150 2149
f 2154 2153 2152
f 2157 2156 2155

usemtl Patch_235_Mat_CR1_paintedConcrete
f 2160 2159 2158
f 2163 2162 2161
f 2166 2165 2164
f 2169 2168 2167

usemtl Patch_236_Mat_CR1_paintedConcrete
f 2172 2171 2170
f 2175 2174 2173
f 2178 2177 2176
f 2181 2180 2179

usemtl Patch_237_Mat_CR1_paintedConcrete
f 2184 2183 2182
f 2187 2186 2185

usemtl Patch_238_Mat_CR1_paintedConcrete
f 2190 2189 2188
f 2193 2192 2191
f 2196 2195 2194
f 2199 2198 2197

usemtl Patch_239_Mat_CR1_paintedConcrete
f 2202 2201 2200
f 2205 2204 2203
f 2208 2207 2206
f 2211 2210 2209

usemtl Patch_240_Mat_CR1_paintedConcrete
f 2214 2213 2212
f 2217 2216 2215

usemtl Patch_241_Mat_CR1_absorber
f 2220 2219 2218
f 2223 2222 2221

usemtl Patch_242_Mat_CR1_tablesEquipment
f 2226 2225 2224
f 2229 2228 2227
f 2232 2231 2230
f 2235 2234 2233

usemtl Patch_243_Mat_CR1_tablesEquipment
f 2238 2237 2236
f 2241 2240 2239

usemtl Patch_244_Mat_CR1_tablesEquipment
f 2244 2243 2242
f 2247 2246 2245

usemtl Patch_245_Mat_CR1_tablesEquipment
f 2250 2249 2248
f 2253 2252 2251

