# File generated by ImageToStl.com - Free Image and 3D model conversion tools

mtllib CR3.mtl

o obj1
v -87.08661652 175.84645081 182.6771698
v -87.08661652 173.87796021 230
v -87.08661652 173.87796021 182.6771698
v -87.08661652 225.45275879 156.88977051
v -87.08661652 175.84645081 156.88977051
v -87.08661652 -180.21653748 156.88977051
v -87.08661652 -227.89370728 265.55117798
v -87.08661652 -227.89370728 156.88977051
v -87.08661652 -180.21653748 182.6771698
v -87.08661652 -178.24803162 230
v -87.08661652 225.45275879 265.55117798
v -87.08661652 -178.24803162 182.6771698
usemtl mat0
f 1 2 3
f 4 1 5
f 6 7 8
f 7 6 9
f 7 9 10
f 7 10 11
f 10 9 12
f 11 10 2
f 11 2 1
f 11 1 4
# Vertices: 12, normals: 0, texture coordinates: 0, faces: 10

o obj2
v -123.07086945 182.42126465 40.15748215
v -145.86613464 132.26377869 216.33857727
v -145.86613464 132.26377869 40.15748215
v -123.07086945 182.42126465 216.33857727
usemtl mat1
f 13 14 15
f 14 13 16
# Vertices: 4, normals: 0, texture coordinates: 0, faces: 2

o obj3
v -161.41732788 176.35826111 40.15748215
v -182.00787354 125.21653748 216.33857727
v -182.00787354 125.21653748 40.15748215
v -161.41732788 176.35826111 216.33857727
usemtl mat1
f 17 18 19
f 18 17 20
# Vertices: 4, normals: 0, texture coordinates: 0, faces: 2

o obj4
v -212.1192627 166.51603699 40.15748215
v -235.35432434 117.46063232 216.33857727
v -235.35432434 117.46063232 40.15748215
v -212.1192627 166.51603699 216.33857727
usemtl mat1
f 21 22 23
f 22 21 24
# Vertices: 4, normals: 0, texture coordinates: 0, faces: 2

o obj5
v -257.99212646 160.21653748 40.15748215
v -276.18109131 108.36614227 216.33857727
v -276.18109131 108.36614227 40.15748215
v -257.99212646 160.21653748 216.33857727
usemtl mat1
f 25 26 27
f 26 25 28
# Vertices: 4, normals: 0, texture coordinates: 0, faces: 2

o obj6
v -147.48031616 -136.43701172 40.15748215
v -123.54330444 -186.47637939 216.33857727
v -123.54330444 -186.47637939 40.15748215
v -147.48031616 -136.43701172 216.33857727
usemtl mat1
f 29 30 31
f 30 29 32
# Vertices: 4, normals: 0, texture coordinates: 0, faces: 2

o obj7
v -183.14961243 -128.75984192 40.15748215
v -160.98425293 -179.15354919 216.33857727
v -160.98425293 -179.15354919 40.15748215
v -183.14961243 -128.75984192 216.33857727
usemtl mat1
f 33 34 35
f 34 33 36
# Vertices: 4, normals: 0, texture coordinates: 0, faces: 2

o obj8
v -238.22834778 -122.61811066 40.15748215
v -209.37007141 -169.54724121 216.33857727
v -209.37007141 -169.54724121 40.15748215
v -238.22834778 -122.61811066 216.33857727
usemtl mat1
f 37 38 39
f 38 37 40
# Vertices: 4, normals: 0, texture coordinates: 0, faces: 2

o obj9
v -283.26773071 -114.27165222 40.15748215
v -254.68504333 -161.16142273 216.33857727
v -254.68504333 -161.16142273 40.15748215
v -283.26773071 -114.27165222 216.33857727
usemtl mat1
f 41 42 43
f 42 41 44
# Vertices: 4, normals: 0, texture coordinates: 0, faces: 2

o obj10
v -322.91339111 135.05905151 40.15748215
v -322.91339111 -139.35038757 216.33857727
v -322.91339111 -139.35038757 40.15748215
v -322.91339111 135.05905151 216.33857727
usemtl mat1
f 45 46 47
f 46 45 48
# Vertices: 4, normals: 0, texture coordinates: 0, faces: 2

o obj11
v -205 119.46850586 222.95275879
v -150.74803162 -130.88583374 250.39370728
v -205 -122.93306732 222.95275879
v -150.74803162 128.20866394 250.39370728
usemtl mat1
f 49 50 51
f 50 49 52
# Vertices: 4, normals: 0, texture coordinates: 0, faces: 2

o obj12
v -269.01574707 109.07480621 218.30708313
v -230.90551758 -121.1614151 246.65354919
v -269.01574707 -113.56299591 218.30708313
v -230.90551758 117.30314636 246.65354919
usemtl mat1
f 53 54 55
f 54 53 56
# Vertices: 4, normals: 0, texture coordinates: 0, faces: 2

o obj13
v 633.38580322 171.39764404 98.97637939
v 633.38580322 118.87795258 -0
v 633.38580322 118.87795258 98.97637939
v 633.38580322 171.39764404 -0
usemtl mat2
f 57 58 59
f 58 57 60
# Vertices: 4, normals: 0, texture coordinates: 0, faces: 2

o obj14
v 633.38580322 171.39764404 98.97637939
v 621.5748291 171.39764404 -0
v 633.38580322 171.39764404 -0
v 621.5748291 171.39764404 98.97637939
usemtl mat2
f 61 62 63
f 62 61 64
# Vertices: 4, normals: 0, texture coordinates: 0, faces: 2

o obj15
v 621.5748291 118.87795258 98.97637939
v 633.38580322 118.87795258 -0
v 621.5748291 118.87795258 -0
v 633.38580322 118.87795258 98.97637939
usemtl mat2
f 65 66 67
f 66 65 68
# Vertices: 4, normals: 0, texture coordinates: 0, faces: 2

o obj16
v 633.38580322 -120.61023712 98.97637939
v 633.38580322 -173.28739929 -0
v 633.38580322 -173.28739929 98.97637939
v 633.38580322 -120.61023712 -0
usemtl mat2
f 69 70 71
f 70 69 72
# Vertices: 4, normals: 0, texture coordinates: 0, faces: 2

o obj17
v 633.38580322 -120.61023712 98.97637939
v 621.5748291 -120.61023712 -0
v 633.38580322 -120.61023712 -0
v 621.5748291 -120.61023712 98.97637939
usemtl mat2
f 73 74 75
f 74 73 76
# Vertices: 4, normals: 0, texture coordinates: 0, faces: 2

o obj18
v 621.5748291 -173.28739929 98.97637939
v 633.38580322 -173.28739929 -0
v 621.5748291 -173.28739929 -0
v 633.38580322 -173.28739929 98.97637939
usemtl mat2
f 77 78 79
f 78 77 80
# Vertices: 4, normals: 0, texture coordinates: 0, faces: 2

o obj19
v 296.45669556 256.71258545 100
v 244.25196838 256.71258545 -0
v 296.45669556 256.71258545 -0
v 244.25196838 256.71258545 100
usemtl mat3
f 81 82 83
f 82 81 84
# Vertices: 4, normals: 0, texture coordinates: 0, faces: 2

o obj20
v 37.00787354 -258.60235596 -0
v 37.00787354 -246.79133606 17.71653557
v 37.00787354 -258.60235596 124.64566803
v 37.00787354 -221.9881897 -0
v 37.00787354 -221.9881897 17.71653557
v 37.00787354 -246.79133606 124.64566803
usemtl mat0
f 85 86 87
f 86 85 88
f 86 88 89
f 90 87 86
# Vertices: 6, normals: 0, texture coordinates: 0, faces: 4

o obj21
v 89.37007904 -246.79133606 124.64566803
v 89.37007904 -258.60235596 -0
v 89.37007904 -258.60235596 124.64566803
v 89.37007904 -246.79133606 17.71653557
v 89.37007904 -221.9881897 -0
v 89.37007904 -221.9881897 17.71653557
usemtl mat3
f 91 92 93
f 92 91 94
f 92 94 95
f 95 94 96
# Vertices: 6, normals: 0, texture coordinates: 0, faces: 4

o obj22
v 244.92126465 -258.60235596 -0
v 244.92126465 -246.79133606 124.64566803
v 244.92126465 -258.60235596 124.64566803
v 244.92126465 -246.79133606 17.71653557
v 244.92126465 -221.9881897 -0
v 244.92126465 -221.9881897 17.71653557
usemtl mat3
f 97 98 99
f 98 97 100
f 100 97 101
f 100 101 102
# Vertices: 6, normals: 0, texture coordinates: 0, faces: 4

o obj23
v 297.28347778 -246.79133606 124.64566803
v 297.28347778 -258.60235596 -0
v 297.28347778 -258.60235596 124.64566803
v 297.28347778 -246.79133606 17.71653557
v 297.28347778 -221.9881897 -0
v 297.28347778 -221.9881897 17.71653557
usemtl mat0
f 103 104 105
f 104 103 106
f 104 106 107
f 107 106 108
# Vertices: 6, normals: 0, texture coordinates: 0, faces: 4

o obj24
v 453.26773071 -258.60235596 -0
v 453.26773071 -246.79133606 17.71653557
v 453.26773071 -258.60235596 124.64566803
v 453.26773071 -221.9881897 -0
v 453.26773071 -221.9881897 17.71653557
v 453.26773071 -246.79133606 124.64566803
usemtl mat3
f 109 110 111
f 110 109 112
f 110 112 113
f 114 111 110
# Vertices: 6, normals: 0, texture coordinates: 0, faces: 4

o obj25
v 505.62991333 -246.79133606 124.64566803
v 505.62991333 -258.60235596 -0
v 505.62991333 -258.60235596 124.64566803
v 505.62991333 -246.79133606 17.71653557
v 505.62991333 -221.9881897 -0
v 505.62991333 -221.9881897 17.71653557
usemtl mat0
f 115 116 117
f 116 115 118
f 116 118 119
f 119 118 120
# Vertices: 6, normals: 0, texture coordinates: 0, faces: 4

o obj26
v 244.25196838 256.71258545 -0
v 244.25196838 220.09841919 17.71653557
v 244.25196838 220.09841919 -0
v 244.25196838 244.90158081 17.71653557
v 244.25196838 244.90158081 100
v 244.25196838 256.71258545 100
usemtl mat3
f 121 122 123
f 122 121 124
f 124 121 125
f 125 121 126
# Vertices: 6, normals: 0, texture coordinates: 0, faces: 4

o obj27
v -31.65354347 220.09841919 17.71653557
v -87.48031616 220.09841919 -0
v -31.65354347 220.09841919 -0
v -87.48031616 220.09841919 78.54330444
v -31.65354347 220.09841919 20.07874107
v -31.65354347 220.09841919 78.54330444
usemtl mat0
f 127 128 129
f 128 127 130
f 130 127 131
f 130 131 132
# Vertices: 6, normals: 0, texture coordinates: 0, faces: 4

o obj28
v 621.5748291 220.09841919 -0
v 572.91339111 220.09841919 17.71653557
v 296.45669556 220.09841919 -0
v 621.5748291 220.09841919 140.5118103
v 572.91339111 220.09841919 20.07874107
v 572.91339111 220.09841919 140.5118103
v 296.45669556 220.09841919 17.71653557
v 517.28344727 220.09841919 17.71653557
v 511.37796021 220.09841919 17.71653557
v 447.48031616 220.09841919 17.71653557
v 441.57479858 220.09841919 17.71653557
v 377.55905151 220.09841919 17.71653557
v 371.65353394 220.09841919 17.71653557
v 307.59841919 220.09841919 17.71653557
usemtl mat0
f 133 134 135
f 134 133 136
f 134 136 137
f 137 136 138
f 134 139 135
f 139 134 140
f 139 140 141
f 139 141 142
f 139 142 143
f 139 143 144
f 139 144 145
f 139 145 146
# Vertices: 14, normals: 0, texture coordinates: 0, faces: 12

o obj29
v 296.45669556 256.71258545 100
v 296.45669556 244.90158081 17.71653557
v 296.45669556 244.90158081 100
v 296.45669556 220.09841919 -0
v 296.45669556 220.09841919 17.71653557
v 296.45669556 256.71258545 -0
usemtl mat3
f 147 148 149
f 148 150 151
f 150 148 152
f 152 148 147
# Vertices: 6, normals: 0, texture coordinates: 0, faces: 4

o obj30
v 438.30709839 -258.60235596 -0
v 438.30709839 -309.07479858 57.48031616
v 438.30709839 -309.07479858 -0
v 438.30709839 -258.60235596 57.48031616
usemtl mat3
f 153 154 155
f 154 153 156
# Vertices: 4, normals: 0, texture coordinates: 0, faces: 2

o obj31
v 527.28344727 -258.60235596 135.82676697
v 519.01574707 -258.60235596 57.48031616
v 527.28344727 -258.60235596 57.48031616
v 505.62991333 -258.60235596 124.64566803
v 453.26773071 -258.60235596 124.64566803
v 438.30709839 -258.60235596 -0
v 453.26773071 -258.60235596 -0
v 438.30709839 -258.60235596 57.48031616
v 426.49606323 -258.60235596 57.48031616
v 426.49606323 -258.60235596 135.82676697
v 505.62991333 -258.60235596 -0
v 519.01574707 -258.60235596 -0
usemtl mat3
f 157 158 159
f 158 157 160
f 160 157 161
f 161 162 163
f 162 161 164
f 164 161 165
f 165 161 166
f 166 161 157
f 158 167 168
f 167 158 160
# Vertices: 12, normals: 0, texture coordinates: 0, faces: 10

o obj32
v 519.01574707 -258.60235596 57.48031616
v 519.01574707 -309.07479858 -0
v 519.01574707 -309.07479858 57.48031616
v 519.01574707 -258.60235596 -0
usemtl mat3
f 169 170 171
f 170 169 172
# Vertices: 4, normals: 0, texture coordinates: 0, faces: 2

o obj33
v 318.93701172 -258.60235596 135.82676697
v 310.66928101 -258.60235596 57.48031616
v 318.93701172 -258.60235596 57.48031616
v 297.28347778 -258.60235596 124.64566803
v 244.92126465 -258.60235596 124.64566803
v 229.96063232 -258.60235596 -0
v 244.92126465 -258.60235596 -0
v 229.96063232 -258.60235596 57.48031616
v 218.14961243 -258.60235596 57.48031616
v 218.14961243 -258.60235596 135.82676697
v 297.28347778 -258.60235596 -0
v 310.66928101 -258.60235596 -0
usemtl mat3
f 173 174 175
f 174 173 176
f 176 173 177
f 177 178 179
f 178 177 180
f 180 177 181
f 181 177 182
f 182 177 173
f 174 183 184
f 183 174 176
# Vertices: 12, normals: 0, texture coordinates: 0, faces: 10

o obj34
v 310.66928101 -258.60235596 57.48031616
v 310.66928101 -309.07479858 -0
v 310.66928101 -309.07479858 57.48031616
v 310.66928101 -258.60235596 -0
usemtl mat3
f 185 186 187
f 186 185 188
# Vertices: 4, normals: 0, texture coordinates: 0, faces: 2

o obj35
v 229.96063232 -258.60235596 -0
v 229.96063232 -309.07479858 57.48031616
v 229.96063232 -309.07479858 -0
v 229.96063232 -258.60235596 57.48031616
usemtl mat3
f 189 190 191
f 190 189 192
# Vertices: 4, normals: 0, texture coordinates: 0, faces: 2

o obj36
v 111.02362061 -258.60235596 135.82676697
v 102.75590515 -258.60235596 57.48031616
v 111.02362061 -258.60235596 57.48031616
v 89.37007904 -258.60235596 124.64566803
v 37.00787354 -258.60235596 124.64566803
v 22.04724503 -258.60235596 -0
v 37.00787354 -258.60235596 -0
v 22.04724503 -258.60235596 57.48031616
v 10.23622036 -258.60235596 57.48031616
v 10.23622036 -258.60235596 135.82676697
v 89.37007904 -258.60235596 -0
v 102.75590515 -258.60235596 -0
usemtl mat3
f 193 194 195
f 194 193 196
f 196 193 197
f 197 198 199
f 198 197 200
f 200 197 201
f 201 197 202
f 202 197 193
f 194 203 204
f 203 194 196
# Vertices: 12, normals: 0, texture coordinates: 0, faces: 10

o obj37
v 102.75590515 -258.60235596 57.48031616
v 102.75590515 -309.07479858 -0
v 102.75590515 -309.07479858 57.48031616
v 102.75590515 -258.60235596 -0
usemtl mat3
f 205 206 207
f 206 205 208
# Vertices: 4, normals: 0, texture coordinates: 0, faces: 2

o obj38
v 22.04724503 -258.60235596 -0
v 22.04724503 -309.07479858 57.48031616
v 22.04724503 -309.07479858 -0
v 22.04724503 -258.60235596 57.48031616
usemtl mat3
f 209 210 211
f 210 209 212
# Vertices: 4, normals: 0, texture coordinates: 0, faces: 2

o obj39
v 575.19683838 225.45275879 289.8425293
v 517.67718506 225.45275879 265.55117798
v 575.19683838 225.45275879 265.55117798
v 511.77166748 225.45275879 265.55117798
v 447.87402344 225.45275879 265.55117798
v 441.96850586 225.45275879 265.55117798
v 377.95275879 225.45275879 265.55117798
v 372.04724121 225.45275879 265.55117798
v 307.99212646 225.45275879 265.55117798
v 302.08660889 225.45275879 265.55117798
v 237.87400818 225.45275879 265.55117798
v 231.96850586 225.45275879 265.55117798
v 167.6771698 225.45275879 265.55117798
v 161.77165222 225.45275879 265.55117798
v 98.1496048 225.45275879 265.55117798
v 92.24409485 225.45275879 265.55117798
v 28.89763832 225.45275879 265.55117798
v 22.99212646 225.45275879 265.55117798
v -37.24409485 225.45275879 289.8425293
v -37.24409485 225.45275879 265.55117798
v 493.70077515 225.45275879 289.8425293
v 449.21258545 225.45275879 289.8425293
v 424.40945435 225.45275879 289.8425293
v 379.92126465 225.45275879 289.8425293
v 355.11810303 225.45275879 289.8425293
v 310.62991333 225.45275879 289.8425293
v 285.82678223 225.45275879 289.8425293
v 241.33857727 225.45275879 289.8425293
v 216.53543091 225.45275879 289.8425293
v 172.04724121 225.45275879 289.8425293
v 147.24409485 225.45275879 289.8425293
v 102.75590515 225.45275879 289.8425293
v 77.95275879 225.45275879 289.8425293
v 33.46456528 225.45275879 289.8425293
usemtl mat2
f 213 214 215
f 214 213 216
f 216 213 217
f 217 213 218
f 218 213 219
f 219 213 220
f 220 213 221
f 221 213 222
f 222 213 223
f 223 213 224
f 224 213 225
f 225 213 226
f 226 213 227
f 227 213 228
f 228 213 229
f 229 213 230
f 230 231 232
f 231 230 213
f 231 213 233
f 231 233 234
f 231 234 235
f 231 235 236
f 231 236 237
f 231 237 238
f 231 238 239
f 231 239 240
f 231 240 241
f 231 241 242
f 231 242 243
f 231 243 244
f 231 244 245
f 231 245 246
# Vertices: 34, normals: 0, texture coordinates: 0, faces: 32

o obj40
v 575.19683838 -169.62599182 289.8425293
v 575.19683838 -227.89370728 265.55117798
v 575.19683838 -227.89370728 289.8425293
v 575.19683838 225.45275879 265.55117798
v 575.19683838 -125.13779449 289.8425293
v 575.19683838 -80.6496048 289.8425293
v 575.19683838 -36.16141891 289.8425293
v 575.19683838 35.09842682 289.8425293
v 575.19683838 79.58661652 289.8425293
v 575.19683838 124.07480621 289.8425293
v 575.19683838 168.56298828 289.8425293
v 575.19683838 225.45275879 289.8425293
usemtl mat2
f 247 248 249
f 248 247 250
f 250 247 251
f 250 251 252
f 250 252 253
f 250 253 254
f 250 254 255
f 250 255 256
f 250 256 257
f 250 257 258
# Vertices: 12, normals: 0, texture coordinates: 0, faces: 10

o obj41
v 567.32281494 -220.01968384 300.19683838
v 575.19683838 -169.62599182 289.8425293
v 575.19683838 -227.89370728 289.8425293
v 567.32281494 -169.62599182 300.19683838
usemtl mat2
f 259 260 261
f 260 259 262
# Vertices: 4, normals: 0, texture coordinates: 0, faces: 2

o obj42
v -37.24409485 225.45275879 265.55117798
v -37.24409485 -227.89370728 289.8425293
v -37.24409485 -227.89370728 265.55117798
v -37.24409485 225.45275879 289.8425293
usemtl mat2
f 263 264 265
f 264 263 266
# Vertices: 4, normals: 0, texture coordinates: 0, faces: 2

o obj43
v -29.37007904 -220.01968384 300.19683838
v -15.19685078 -227.89370728 289.8425293
v -37.24409485 -227.89370728 289.8425293
v -15.19685078 -220.01968384 300.19683838
usemtl mat2
f 267 268 269
f 268 267 270
# Vertices: 4, normals: 0, texture coordinates: 0, faces: 2

o obj44
v -37.24409485 225.45275879 289.8425293
v -29.37007904 -220.01968384 300.19683838
v -37.24409485 -227.89370728 289.8425293
v -29.37007904 217.57873535 300.19683838
usemtl mat2
f 271 272 273
f 272 271 274
# Vertices: 4, normals: 0, texture coordinates: 0, faces: 2

o obj45
v -29.37007904 217.57873535 300.19683838
v -15.19685078 -220.01968384 300.19683838
v -29.37007904 -220.01968384 300.19683838
v 33.46456528 217.57873535 300.19683838
v 7.63779545 -220.01968384 300.19683838
v 32.04724503 -220.01968384 300.19683838
v 76.53543091 -220.01968384 300.19683838
v 77.95275879 217.57873535 300.19683838
v 101.3385849 -220.01968384 300.19683838
v 102.75590515 217.57873535 300.19683838
v 145.82676697 -220.01968384 300.19683838
v 147.24409485 217.57873535 300.19683838
v 170.62992859 -220.01968384 300.19683838
v 172.04724121 217.57873535 300.19683838
v 215.11810303 -220.01968384 300.19683838
v 216.53543091 217.57873535 300.19683838
v 239.92126465 -220.01968384 300.19683838
v 241.33857727 217.57873535 300.19683838
v 284.40945435 -220.01968384 300.19683838
v 285.82678223 217.57873535 300.19683838
v 309.21258545 -220.01968384 300.19683838
v 310.62991333 217.57873535 300.19683838
v 353.70077515 -220.01968384 300.19683838
v 355.11810303 217.57873535 300.19683838
v 378.50393677 -220.01968384 300.19683838
v 379.92126465 217.57873535 300.19683838
v 422.99212646 -220.01968384 300.19683838
v 424.40945435 217.57873535 300.19683838
v 447.79528809 -220.01968384 300.19683838
v 449.21258545 217.57873535 300.19683838
v 492.28347778 -220.01968384 300.19683838
v 493.70077515 217.57873535 300.19683838
v 567.32281494 -220.01968384 300.19683838
v 567.32281494 -169.62599182 300.19683838
v 567.32281494 217.57873535 300.19683838
v 567.32281494 -36.16141891 300.19683838
v 567.32281494 -125.13779449 300.19683838
v 567.32281494 -80.6496048 300.19683838
v 567.32281494 35.09842682 300.19683838
v 567.32281494 124.07480621 300.19683838
v 567.32281494 79.58661652 300.19683838
v 567.32281494 168.56298828 300.19683838
usemtl mat4
f 275 276 277
f 276 275 278
f 276 278 279
f 279 278 280
f 280 278 281
f 281 278 282
f 281 282 283
f 283 282 284
f 283 284 285
f 285 284 286
f 285 286 287
f 287 286 288
f 287 288 289
f 289 288 290
f 289 290 291
f 291 290 292
f 291 292 293
f 293 292 294
f 293 294 295
f 295 294 296
f 295 296 297
f 297 296 298
f 297 298 299
f 299 298 300
f 299 300 301
f 301 300 302
f 301 302 303
f 303 302 304
f 303 304 305
f 305 304 306
f 305 306 307
f 307 306 308
f 308 306 309
f 308 309 310
f 308 310 311
f 311 310 312
f 310 309 313
f 313 309 314
f 313 314 315
f 314 309 316
# Vertices: 42, normals: 0, texture coordinates: 0, faces: 40

o obj46
v -37.24409485 260.21652222 265.55117798
v 22.99212646 225.45275879 265.55117798
v -37.24409485 225.45275879 265.55117798
v 22.99212646 231.35826111 265.55117798
v 575.19683838 260.21652222 265.55117798
v 28.89763832 231.35826111 265.55117798
v 92.24409485 231.35826111 265.55117798
v 92.24409485 225.45275879 265.55117798
v 98.1496048 231.35826111 265.55117798
v 161.77165222 231.35826111 265.55117798
v 161.77165222 225.45275879 265.55117798
v 167.6771698 231.35826111 265.55117798
v 231.96850586 231.35826111 265.55117798
v 231.96850586 225.45275879 265.55117798
v 237.87400818 231.35826111 265.55117798
v 302.08660889 231.35826111 265.55117798
v 302.08660889 225.45275879 265.55117798
v 307.99212646 231.35826111 265.55117798
v 372.04724121 231.35826111 265.55117798
v 372.04724121 225.45275879 265.55117798
v 377.95275879 231.35826111 265.55117798
v 441.96850586 231.35826111 265.55117798
v 441.96850586 225.45275879 265.55117798
v 447.87402344 231.35826111 265.55117798
v 511.77166748 231.35826111 265.55117798
v 511.77166748 225.45275879 265.55117798
v 517.67718506 231.35826111 265.55117798
v 575.19683838 225.45275879 265.55117798
v 517.67718506 225.45275879 265.55117798
v 447.87402344 225.45275879 265.55117798
v 377.95275879 225.45275879 265.55117798
v 307.99212646 225.45275879 265.55117798
v 237.87400818 225.45275879 265.55117798
v 167.6771698 225.45275879 265.55117798
v 98.1496048 225.45275879 265.55117798
v 28.89763832 225.45275879 265.55117798
usemtl mat2
f 317 318 319
f 318 317 320
f 320 317 321
f 320 321 322
f 322 321 323
f 322 323 324
f 323 321 325
f 325 321 326
f 325 326 327
f 326 321 328
f 328 321 329
f 328 329 330
f 329 321 331
f 331 321 332
f 331 332 333
f 332 321 334
f 334 321 335
f 334 335 336
f 335 321 337
f 337 321 338
f 337 338 339
f 338 321 340
f 340 321 341
f 340 341 342
f 341 321 343
f 343 321 344
f 344 345 343
f 342 346 340
f 339 347 337
f 336 348 334
f 333 349 331
f 330 350 328
f 327 351 325
f 324 352 322
# Vertices: 36, normals: 0, texture coordinates: 0, faces: 34

o obj47
v -87.08661652 225.45275879 265.55117798
v -37.24409485 -227.89370728 265.55117798
v -87.08661652 -227.89370728 265.55117798
v -37.24409485 225.45275879 265.55117798
usemtl mat2
f 353 354 355
f 354 353 356
# Vertices: 4, normals: 0, texture coordinates: 0, faces: 2

o obj48
v 24.68503952 -227.89370728 265.55117798
v 24.68503952 -233.79920959 265.55117798
v -37.24409485 -227.89370728 265.55117798
v 94.60630035 -227.89370728 265.55117798
v 94.60630035 -233.79920959 265.55117798
v 30.59055138 -227.89370728 265.55117798
v 164.01574707 -227.89370728 265.55117798
v 164.01574707 -233.79920959 265.55117798
v 100.5118103 -227.89370728 265.55117798
v 233.89764404 -227.89370728 265.55117798
v 233.89764404 -233.79920959 265.55117798
v 169.92126465 -227.89370728 265.55117798
v 304.05511475 -227.89370728 265.55117798
v 304.05511475 -233.79920959 265.55117798
v 239.80314636 -227.89370728 265.55117798
v 374.25198364 -227.89370728 265.55117798
v 374.25198364 -233.79920959 265.55117798
v 309.96063232 -227.89370728 265.55117798
v 443.97637939 -227.89370728 265.55117798
v 443.97637939 -233.79920959 265.55117798
v 380.1574707 -227.89370728 265.55117798
v 513.46453857 -227.89370728 265.55117798
v 513.46453857 -233.79920959 265.55117798
v 449.88189697 -227.89370728 265.55117798
v -37.24409485 -272.38189697 265.55117798
v 575.19683838 -272.38189697 265.55117798
v 30.59055138 -233.79920959 265.55117798
v 100.5118103 -233.79920959 265.55117798
v 169.92126465 -233.79920959 265.55117798
v 239.80314636 -233.79920959 265.55117798
v 309.96063232 -233.79920959 265.55117798
v 380.1574707 -233.79920959 265.55117798
v 449.88189697 -233.79920959 265.55117798
v 519.37005615 -233.79920959 265.55117798
v 519.37005615 -227.89370728 265.55117798
v 575.19683838 -227.89370728 265.55117798
usemtl mat2
f 357 358 359
f 360 361 362
f 363 364 365
f 366 367 368
f 369 370 371
f 372 373 374
f 375 376 377
f 378 379 380
f 381 358 382
f 358 381 359
f 382 358 383
f 382 383 361
f 361 383 362
f 382 361 384
f 382 384 365
f 382 365 364
f 382 364 385
f 382 385 368
f 382 368 367
f 382 367 386
f 382 386 371
f 382 371 370
f 382 370 387
f 382 387 374
f 382 374 373
f 382 373 388
f 382 388 377
f 382 377 376
f 382 376 389
f 382 389 380
f 382 380 379
f 382 379 390
f 382 390 391
f 382 391 392
# Vertices: 36, normals: 0, texture coordinates: 0, faces: 34

o obj49
v -37.24409485 225.45275879 265.55117798
v -87.08661652 225.45275879 156.88977051
v -37.24409485 225.45275879 156.88977051
v -87.08661652 225.45275879 265.55117798
usemtl mat0
f 393 394 395
f 394 393 396
# Vertices: 4, normals: 0, texture coordinates: 0, faces: 2

o obj50
v -37.24409485 231.35826111 156.88977051
v -37.24409485 225.45275879 265.55117798
v -37.24409485 225.45275879 156.88977051
v -37.24409485 231.35826111 163.1889801
v -37.24409485 260.21652222 265.55117798
v -37.24409485 260.21652222 163.1889801
usemtl mat0
f 397 398 399
f 398 397 400
f 398 400 401
f 401 400 402
# Vertices: 6, normals: 0, texture coordinates: 0, faces: 4

o obj51
v 575.19683838 260.21652222 265.55117798
v -37.24409485 260.21652222 163.1889801
v 575.19683838 260.21652222 163.1889801
v -37.24409485 260.21652222 265.55117798
usemtl mat0
f 403 404 405
f 404 403 406
# Vertices: 4, normals: 0, texture coordinates: 0, faces: 2

o obj52
v 575.19683838 260.21652222 265.55117798
v 575.19683838 225.45275879 156.88977051
v 575.19683838 225.45275879 265.55117798
v 575.19683838 231.35826111 163.1889801
v 575.19683838 260.21652222 163.1889801
v 575.19683838 231.35826111 156.88977051
usemtl mat0
f 407 408 409
f 408 407 410
f 410 407 411
f 412 408 410
# Vertices: 6, normals: 0, texture coordinates: 0, faces: 4

o obj53
v -27.32283401 191.43701172 140.5118103
v -27.32283401 173.87796021 182.6771698
v -27.32283401 173.87796021 140.5118103
v -27.32283401 191.43701172 182.6771698
usemtl mat2
f 413 414 415
f 414 413 416
# Vertices: 4, normals: 0, texture coordinates: 0, faces: 2

o obj54
v 729.64569092 -195.21653748 169.4881897
v 729.64569092 -134.38977051 213.66142273
v 729.64569092 193.40551758 169.4881897
v 729.64569092 -134.38977051 253.81889343
v 729.64569092 -94.23228455 213.66142273
v 729.64569092 -57.46062851 213.66142273
v 729.64569092 -57.46062851 253.81889343
v 729.64569092 -17.30315018 213.66142273
v 729.64569092 19.46850395 213.66142273
v 729.64569092 19.46850395 253.81889343
v 729.64569092 59.62598419 213.66142273
v 729.64569092 96.39763641 213.66142273
v 729.64569092 96.39763641 253.81889343
v 729.64569092 136.55511475 213.66142273
v 729.64569092 -245.49212646 265.55117798
v 729.64569092 -245.49212646 156.88977051
v 729.64569092 260.21652222 265.55117798
v 729.64569092 -207.02755737 163.1889801
v 729.64569092 -94.23228455 253.81889343
v 729.64569092 -17.30315018 253.81889343
v 729.64569092 59.62598419 253.81889343
v 729.64569092 136.55511475 253.81889343
v 729.64569092 227.5 240.47244263
v 729.64569092 193.40551758 163.1889801
v 729.64569092 205.21653748 163.1889801
v 729.64569092 205.21653748 156.88977051
v 729.64569092 260.21652222 240.47244263
v 729.64569092 227.5 156.88977051
v 729.64569092 -195.21653748 163.1889801
v 729.64569092 -207.02755737 156.88977051
usemtl mat0
f 417 418 419
f 418 417 420
f 419 418 421
f 419 421 422
f 422 421 423
f 419 422 424
f 419 424 425
f 425 424 426
f 419 425 427
f 419 427 428
f 428 427 429
f 419 428 430
f 431 420 432
f 420 431 433
f 432 420 434
f 434 420 417
f 420 433 435
f 435 433 423
f 435 423 421
f 423 433 436
f 436 433 426
f 436 426 424
f 426 433 437
f 437 433 429
f 437 429 427
f 429 433 438
f 438 433 430
f 430 433 439
f 430 439 419
f 419 439 440
f 440 439 441
f 441 439 442
f 439 433 443
f 444 442 439
f 445 434 417
f 446 432 434
# Vertices: 30, normals: 0, texture coordinates: 0, faces: 36

o obj55
v 615.39367676 -227.89370728 163.1889801
v 615.39367676 -245.49212646 265.55117798
v 615.39367676 -245.49212646 163.1889801
v 615.39367676 -227.89370728 265.55117798
usemtl mat0
f 447 448 449
f 448 447 450
# Vertices: 4, normals: 0, texture coordinates: 0, faces: 2

o obj56
v 575.19683838 -227.89370728 265.55117798
v 575.19683838 -272.38189697 163.1889801
v 575.19683838 -272.38189697 265.55117798
v 575.19683838 -233.79920959 163.1889801
v 575.19683838 -233.79920959 156.88977051
v 575.19683838 -227.89370728 156.88977051
usemtl mat0
f 451 452 453
f 452 451 454
f 454 451 455
f 455 451 456
# Vertices: 6, normals: 0, texture coordinates: 0, faces: 4

o obj57
v -37.24409485 -272.38189697 265.55117798
v 575.19683838 -272.38189697 163.1889801
v -37.24409485 -272.38189697 163.1889801
v 575.19683838 -272.38189697 265.55117798
usemtl mat0
f 457 458 459
f 458 457 460
# Vertices: 4, normals: 0, texture coordinates: 0, faces: 2

o obj58
v -87.08661652 -227.89370728 265.55117798
v -37.24409485 -227.89370728 156.88977051
v -87.08661652 -227.89370728 156.88977051
v -37.24409485 -227.89370728 265.55117798
usemtl mat0
f 461 462 463
f 462 461 464
# Vertices: 4, normals: 0, texture coordinates: 0, faces: 2

o obj59
v -37.24409485 -227.89370728 156.88977051
v -37.24409485 -233.79920959 163.1889801
v -37.24409485 -233.79920959 156.88977051
v -37.24409485 -272.38189697 265.55117798
v -37.24409485 -272.38189697 163.1889801
v -37.24409485 -227.89370728 265.55117798
usemtl mat0
f 465 466 467
f 466 468 469
f 468 466 470
f 470 466 465
# Vertices: 6, normals: 0, texture coordinates: 0, faces: 4

o obj60
v 729.64569092 260.21652222 265.55117798
v 677.24407959 260.21652222 240.47244263
v 729.64569092 260.21652222 240.47244263
v 615.39367676 260.21652222 156.88977051
v 677.24407959 260.21652222 156.88977051
v 615.39367676 260.21652222 265.55117798
usemtl mat0
f 471 472 473
f 472 474 475
f 474 472 476
f 476 472 471
# Vertices: 6, normals: 0, texture coordinates: 0, faces: 4

o obj61
v 729.64569092 136.55511475 253.81889343
v 729.64569092 96.39763641 213.66142273
v 729.64569092 96.39763641 253.81889343
v 729.64569092 136.55511475 213.66142273
usemtl mat5
f 477 478 479
f 478 477 480
# Vertices: 4, normals: 0, texture coordinates: 0, faces: 2

o obj62
v 729.64569092 59.62598419 253.81889343
v 729.64569092 19.46850395 213.66142273
v 729.64569092 19.46850395 253.81889343
v 729.64569092 59.62598419 213.66142273
usemtl mat5
f 481 482 483
f 482 481 484
# Vertices: 4, normals: 0, texture coordinates: 0, faces: 2

o obj63
v 729.64569092 -17.30315018 253.81889343
v 729.64569092 -57.46062851 213.66142273
v 729.64569092 -57.46062851 253.81889343
v 729.64569092 -17.30315018 213.66142273
usemtl mat5
f 485 486 487
f 486 485 488
# Vertices: 4, normals: 0, texture coordinates: 0, faces: 2

o obj64
v 729.64569092 -94.23228455 253.81889343
v 729.64569092 -134.38977051 213.66142273
v 729.64569092 -134.38977051 253.81889343
v 729.64569092 -94.23228455 213.66142273
usemtl mat5
f 489 490 491
f 490 489 492
# Vertices: 4, normals: 0, texture coordinates: 0, faces: 2

o obj65
v 741.45666504 272.02755737 240.47244263
v 741.45666504 227.5 156.88977051
v 741.45666504 227.5 240.47244263
v 741.45666504 272.02755737 156.88977051
usemtl mat0
f 493 494 495
f 494 493 496
# Vertices: 4, normals: 0, texture coordinates: 0, faces: 2

o obj66
v 729.64569092 227.5 240.47244263
v 741.45666504 227.5 156.88977051
v 729.64569092 227.5 156.88977051
v 741.45666504 227.5 240.47244263
usemtl mat3
f 497 498 499
f 498 497 500
# Vertices: 4, normals: 0, texture coordinates: 0, faces: 2

o obj67
v 677.24407959 272.02755737 240.47244263
v 729.64569092 260.21652222 240.47244263
v 677.24407959 260.21652222 240.47244263
v 741.45666504 272.02755737 240.47244263
v 741.45666504 227.5 240.47244263
v 729.64569092 227.5 240.47244263
usemtl mat0
f 501 502 503
f 502 501 504
f 502 504 505
f 505 506 502
# Vertices: 6, normals: 0, texture coordinates: 0, faces: 4

o obj68
v 741.45666504 272.02755737 240.47244263
v 677.24407959 272.02755737 156.88977051
v 741.45666504 272.02755737 156.88977051
v 677.24407959 272.02755737 240.47244263
usemtl mat0
f 507 508 509
f 508 507 510
# Vertices: 4, normals: 0, texture coordinates: 0, faces: 2

o obj69
v 677.24407959 272.02755737 156.88977051
v 677.24407959 260.21652222 240.47244263
v 677.24407959 260.21652222 156.88977051
v 677.24407959 272.02755737 240.47244263
usemtl mat3
f 511 512 513
f 512 511 514
# Vertices: 4, normals: 0, texture coordinates: 0, faces: 2

o obj70
v 519.37005615 -227.89370728 156.88977051
v 519.37005615 -233.79920959 163.1889801
v 519.37005615 -233.79920959 156.88977051
v 519.37005615 -233.79920959 265.55117798
v 519.37005615 -227.89370728 265.55117798
usemtl mat2
f 515 516 517
f 516 515 518
f 518 515 519
# Vertices: 5, normals: 0, texture coordinates: 0, faces: 3

o obj71
v 513.46453857 -227.89370728 196.25984192
v 519.37005615 -227.89370728 156.88977051
v 513.46453857 -227.89370728 156.88977051
v 519.37005615 -227.89370728 265.55117798
v 513.46453857 -227.89370728 265.55117798
usemtl mat2
f 520 521 522
f 521 520 523
f 523 520 524
# Vertices: 5, normals: 0, texture coordinates: 0, faces: 3

o obj72
v 513.46453857 -227.89370728 265.55117798
v 513.46453857 -233.79920959 196.25984192
v 513.46453857 -233.79920959 265.55117798
v 513.46453857 -227.89370728 196.25984192
usemtl mat2
f 525 526 527
f 526 525 528
# Vertices: 4, normals: 0, texture coordinates: 0, faces: 2

o obj73
v 519.37005615 -233.79920959 265.55117798
v 513.46453857 -233.79920959 163.1889801
v 519.37005615 -233.79920959 163.1889801
v 513.46453857 -233.79920959 196.25984192
v 513.46453857 -233.79920959 265.55117798
usemtl mat2
f 529 530 531
f 530 529 532
f 532 529 533
# Vertices: 5, normals: 0, texture coordinates: 0, faces: 3

o obj74
v 449.88189697 -227.89370728 196.25984192
v 449.88189697 -233.79920959 265.55117798
v 449.88189697 -233.79920959 196.25984192
v 449.88189697 -227.89370728 265.55117798
usemtl mat2
f 534 535 536
f 535 534 537
# Vertices: 4, normals: 0, texture coordinates: 0, faces: 2

o obj75
v 443.97637939 -227.89370728 196.25984192
v 449.88189697 -227.89370728 156.88977051
v 443.97637939 -227.89370728 156.88977051
v 449.88189697 -227.89370728 196.25984192
v 443.97637939 -227.89370728 265.55117798
v 449.88189697 -227.89370728 265.55117798
usemtl mat2
f 538 539 540
f 539 538 541
f 541 538 542
f 541 542 543
# Vertices: 6, normals: 0, texture coordinates: 0, faces: 4

o obj76
v 443.97637939 -227.89370728 265.55117798
v 443.97637939 -233.79920959 196.25984192
v 443.97637939 -233.79920959 265.55117798
v 443.97637939 -227.89370728 196.25984192
usemtl mat2
f 544 545 546
f 545 544 547
# Vertices: 4, normals: 0, texture coordinates: 0, faces: 2

o obj77
v 449.88189697 -233.79920959 196.25984192
v 443.97637939 -233.79920959 163.1889801
v 449.88189697 -233.79920959 163.1889801
v 443.97637939 -233.79920959 196.25984192
v 449.88189697 -233.79920959 265.55117798
v 443.97637939 -233.79920959 265.55117798
usemtl mat2
f 548 549 550
f 549 548 551
f 551 548 552
f 551 552 553
# Vertices: 6, normals: 0, texture coordinates: 0, faces: 4

o obj78
v 374.25198364 -227.89370728 196.25984192
v 380.1574707 -227.89370728 156.88977051
v 374.25198364 -227.89370728 156.88977051
v 380.1574707 -227.89370728 196.25984192
v 374.25198364 -227.89370728 265.55117798
v 380.1574707 -227.89370728 265.55117798
usemtl mat2
f 554 555 556
f 555 554 557
f 557 554 558
f 557 558 559
# Vertices: 6, normals: 0, texture coordinates: 0, faces: 4

o obj79
v 374.25198364 -227.89370728 265.55117798
v 374.25198364 -233.79920959 196.25984192
v 374.25198364 -233.79920959 265.55117798
v 374.25198364 -227.89370728 196.25984192
usemtl mat2
f 560 561 562
f 561 560 563
# Vertices: 4, normals: 0, texture coordinates: 0, faces: 2

o obj80
v 380.1574707 -233.79920959 196.25984192
v 374.25198364 -233.79920959 163.1889801
v 380.1574707 -233.79920959 163.1889801
v 374.25198364 -233.79920959 196.25984192
v 380.1574707 -233.79920959 265.55117798
v 374.25198364 -233.79920959 265.55117798
usemtl mat2
f 564 565 566
f 565 564 567
f 567 564 568
f 567 568 569
# Vertices: 6, normals: 0, texture coordinates: 0, faces: 4

o obj81
v 239.80314636 -227.89370728 156.88977051
v 239.80314636 -233.79920959 163.1889801
v 239.80314636 -233.79920959 156.88977051
v 239.80314636 -233.79920959 265.55117798
v 239.80314636 -227.89370728 265.55117798
usemtl mat2
f 570 571 572
f 571 570 573
f 573 570 574
# Vertices: 5, normals: 0, texture coordinates: 0, faces: 3

o obj82
v 233.89764404 -227.89370728 196.25984192
v 239.80314636 -227.89370728 156.88977051
v 233.89764404 -227.89370728 156.88977051
v 239.80314636 -227.89370728 265.55117798
v 233.89764404 -227.89370728 265.55117798
usemtl mat2
f 575 576 577
f 576 575 578
f 578 575 579
# Vertices: 5, normals: 0, texture coordinates: 0, faces: 3

o obj83
v 233.89764404 -227.89370728 265.55117798
v 233.89764404 -233.79920959 196.25984192
v 233.89764404 -233.79920959 265.55117798
v 233.89764404 -227.89370728 196.25984192
usemtl mat2
f 580 581 582
f 581 580 583
# Vertices: 4, normals: 0, texture coordinates: 0, faces: 2

o obj84
v 239.80314636 -233.79920959 265.55117798
v 233.89764404 -233.79920959 163.1889801
v 239.80314636 -233.79920959 163.1889801
v 233.89764404 -233.79920959 196.25984192
v 233.89764404 -233.79920959 265.55117798
usemtl mat2
f 584 585 586
f 585 584 587
f 587 584 588
# Vertices: 5, normals: 0, texture coordinates: 0, faces: 3

o obj85
v 304.05511475 -227.89370728 265.55117798
v 309.96063232 -227.89370728 156.88977051
v 304.05511475 -227.89370728 156.88977051
v 309.96063232 -227.89370728 196.25984192
v 309.96063232 -227.89370728 265.55117798
usemtl mat2
f 589 590 591
f 590 589 592
f 592 589 593
# Vertices: 5, normals: 0, texture coordinates: 0, faces: 3

o obj86
v 304.05511475 -227.89370728 265.55117798
v 304.05511475 -233.79920959 163.1889801
v 304.05511475 -233.79920959 265.55117798
v 304.05511475 -233.79920959 156.88977051
v 304.05511475 -227.89370728 156.88977051
usemtl mat2
f 594 595 596
f 595 594 597
f 597 594 598
# Vertices: 5, normals: 0, texture coordinates: 0, faces: 3

o obj87
v 309.96063232 -233.79920959 196.25984192
v 304.05511475 -233.79920959 163.1889801
v 309.96063232 -233.79920959 163.1889801
v 304.05511475 -233.79920959 265.55117798
v 309.96063232 -233.79920959 265.55117798
usemtl mat2
f 599 600 601
f 600 599 602
f 602 599 603
# Vertices: 5, normals: 0, texture coordinates: 0, faces: 3

o obj88
v 164.01574707 -227.89370728 196.25984192
v 169.92126465 -227.89370728 156.88977051
v 164.01574707 -227.89370728 156.88977051
v 169.92126465 -227.89370728 196.25984192
v 164.01574707 -227.89370728 265.55117798
v 169.92126465 -227.89370728 265.55117798
usemtl mat2
f 604 605 606
f 605 604 607
f 607 604 608
f 607 608 609
# Vertices: 6, normals: 0, texture coordinates: 0, faces: 4

o obj89
v 169.92126465 -233.79920959 196.25984192
v 164.01574707 -233.79920959 163.1889801
v 169.92126465 -233.79920959 163.1889801
v 164.01574707 -233.79920959 196.25984192
v 169.92126465 -233.79920959 265.55117798
v 164.01574707 -233.79920959 265.55117798
usemtl mat2
f 610 611 612
f 611 610 613
f 613 610 614
f 613 614 615
# Vertices: 6, normals: 0, texture coordinates: 0, faces: 4

o obj90
v 100.5118103 -227.89370728 196.25984192
v 100.5118103 -233.79920959 265.55117798
v 100.5118103 -233.79920959 196.25984192
v 100.5118103 -227.89370728 265.55117798
usemtl mat2
f 616 617 618
f 617 616 619
# Vertices: 4, normals: 0, texture coordinates: 0, faces: 2

o obj91
v 94.60630035 -227.89370728 196.25984192
v 100.5118103 -227.89370728 156.88977051
v 94.60630035 -227.89370728 156.88977051
v 100.5118103 -227.89370728 196.25984192
v 94.60630035 -227.89370728 265.55117798
v 100.5118103 -227.89370728 265.55117798
usemtl mat2
f 620 621 622
f 621 620 623
f 623 620 624
f 623 624 625
# Vertices: 6, normals: 0, texture coordinates: 0, faces: 4

o obj92
v 100.5118103 -233.79920959 265.55117798
v 94.60630035 -233.79920959 196.25984192
v 100.5118103 -233.79920959 196.25984192
v 94.60630035 -233.79920959 265.55117798
v 30.59055138 -233.79920959 163.1889801
v 100.5118103 -233.79920959 163.1889801
v 30.59055138 -233.79920959 196.25984192
usemtl mat2
f 626 627 628
f 627 626 629
f 628 630 631
f 630 628 632
f 632 628 627
# Vertices: 7, normals: 0, texture coordinates: 0, faces: 5

o obj93
v 30.59055138 -227.89370728 196.25984192
v 30.59055138 -233.79920959 265.55117798
v 30.59055138 -233.79920959 196.25984192
v 30.59055138 -227.89370728 265.55117798
usemtl mat2
f 633 634 635
f 634 633 636
# Vertices: 4, normals: 0, texture coordinates: 0, faces: 2

o obj94
v 30.59055138 -233.79920959 196.25984192
v 24.68503952 -233.79920959 163.1889801
v 30.59055138 -233.79920959 163.1889801
v 24.68503952 -233.79920959 265.55117798
v 30.59055138 -233.79920959 265.55117798
usemtl mat2
f 637 638 639
f 638 637 640
f 640 637 641
# Vertices: 5, normals: 0, texture coordinates: 0, faces: 3

o obj95
v 24.68503952 -227.89370728 265.55117798
v 24.68503952 -233.79920959 163.1889801
v 24.68503952 -233.79920959 265.55117798
v 24.68503952 -233.79920959 156.88977051
v 24.68503952 -227.89370728 156.88977051
usemtl mat2
f 642 643 644
f 643 642 645
f 645 642 646
# Vertices: 5, normals: 0, texture coordinates: 0, faces: 3

o obj96
v 517.67718506 225.45275879 265.55117798
v 511.77166748 225.45275879 156.88977051
v 517.67718506 225.45275879 156.88977051
v 511.77166748 225.45275879 196.25984192
v 511.77166748 225.45275879 265.55117798
usemtl mat2
f 647 648 649
f 648 647 650
f 650 647 651
# Vertices: 5, normals: 0, texture coordinates: 0, faces: 3

o obj97
v 517.67718506 231.35826111 156.88977051
v 517.67718506 225.45275879 265.55117798
v 517.67718506 225.45275879 156.88977051
v 517.67718506 231.35826111 265.55117798
v 517.67718506 231.35826111 163.1889801
usemtl mat2
f 652 653 654
f 653 652 655
f 655 652 656
# Vertices: 5, normals: 0, texture coordinates: 0, faces: 3

o obj98
v 511.77166748 231.35826111 163.1889801
v 517.67718506 231.35826111 163.1889801
v 517.64788818 231.35826111 163.1889801
v 511.77166748 231.35826111 196.25984192
v 517.67718506 231.35826111 265.55117798
v 511.77166748 231.35826111 265.55117798
usemtl mat2
f 657 658 659
f 658 657 660
f 658 660 661
f 661 660 662
# Vertices: 6, normals: 0, texture coordinates: 0, faces: 4

o obj99
v 447.87402344 225.45275879 196.25984192
v 441.96850586 225.45275879 156.88977051
v 447.87402344 225.45275879 156.88977051
v 441.96850586 225.45275879 196.25984192
v 447.87402344 225.45275879 265.55117798
v 441.96850586 225.45275879 265.55117798
usemtl mat2
f 663 664 665
f 664 663 666
f 666 663 667
f 666 667 668
# Vertices: 6, normals: 0, texture coordinates: 0, faces: 4

o obj100
v 447.87402344 231.35826111 196.25984192
v 447.87402344 225.45275879 265.55117798
v 447.87402344 225.45275879 196.25984192
v 447.87402344 231.35826111 265.55117798
usemtl mat2
f 669 670 671
f 670 669 672
# Vertices: 4, normals: 0, texture coordinates: 0, faces: 2

o obj101
v 441.96850586 231.35826111 196.25984192
v 447.87402344 231.35826111 163.1889801
v 441.96850586 231.35826111 163.1889801
v 447.87402344 231.35826111 196.25984192
v 441.96850586 231.35826111 265.55117798
v 447.87402344 231.35826111 265.55117798
usemtl mat2
f 673 674 675
f 674 673 676
f 676 673 677
f 676 677 678
# Vertices: 6, normals: 0, texture coordinates: 0, faces: 4

o obj102
v 377.95275879 225.45275879 196.25984192
v 372.04724121 225.45275879 156.88977051
v 377.95275879 225.45275879 156.88977051
v 372.04724121 225.45275879 196.25984192
v 377.95275879 225.45275879 265.55117798
v 372.04724121 225.45275879 265.55117798
usemtl mat2
f 679 680 681
f 680 679 682
f 682 679 683
f 682 683 684
# Vertices: 6, normals: 0, texture coordinates: 0, faces: 4

o obj103
v 377.95275879 231.35826111 196.25984192
v 377.95275879 225.45275879 265.55117798
v 377.95275879 225.45275879 196.25984192
v 377.95275879 231.35826111 265.55117798
usemtl mat2
f 685 686 687
f 686 685 688
# Vertices: 4, normals: 0, texture coordinates: 0, faces: 2

o obj104
v 372.04724121 231.35826111 196.25984192
v 377.95275879 231.35826111 163.1889801
v 372.04724121 231.35826111 163.1889801
v 377.95275879 231.35826111 196.25984192
v 372.04724121 231.35826111 265.55117798
v 377.95275879 231.35826111 265.55117798
usemtl mat2
f 689 690 691
f 690 689 692
f 692 689 693
f 692 693 694
# Vertices: 6, normals: 0, texture coordinates: 0, faces: 4

o obj105
v 302.08660889 231.35826111 265.55117798
v 302.08660889 225.45275879 156.88977051
v 302.08660889 225.45275879 265.55117798
v 302.08660889 231.35826111 156.88977051
v 302.08660889 231.35826111 163.1889801
usemtl mat2
f 695 696 697
f 696 695 698
f 698 695 699
# Vertices: 5, normals: 0, texture coordinates: 0, faces: 3

o obj106
v 307.99212646 225.45275879 196.25984192
v 302.08660889 225.45275879 156.88977051
v 307.99212646 225.45275879 156.88977051
v 302.08660889 225.45275879 265.55117798
v 307.99212646 225.45275879 265.55117798
usemtl mat2
f 700 701 702
f 701 700 703
f 703 700 704
# Vertices: 5, normals: 0, texture coordinates: 0, faces: 3

o obj107
v 307.99212646 231.35826111 196.25984192
v 307.99212646 225.45275879 265.55117798
v 307.99212646 225.45275879 196.25984192
v 307.99212646 231.35826111 265.55117798
usemtl mat2
f 705 706 707
f 706 705 708
# Vertices: 4, normals: 0, texture coordinates: 0, faces: 2

o obj108
v 302.08660889 231.35826111 265.55117798
v 307.99212646 231.35826111 163.1889801
v 302.08660889 231.35826111 163.1889801
v 307.99212646 231.35826111 196.25984192
v 307.99212646 231.35826111 265.55117798
usemtl mat2
f 709 710 711
f 710 709 712
f 712 709 713
# Vertices: 5, normals: 0, texture coordinates: 0, faces: 3

o obj109
v 237.87400818 225.45275879 265.55117798
v 231.96850586 225.45275879 156.88977051
v 237.87400818 225.45275879 156.88977051
v 231.96850586 225.45275879 196.25984192
v 231.96850586 225.45275879 265.55117798
usemtl mat2
f 714 715 716
f 715 714 717
f 717 714 718
# Vertices: 5, normals: 0, texture coordinates: 0, faces: 3

o obj110
v 237.87400818 231.35826111 156.88977051
v 237.87400818 225.45275879 265.55117798
v 237.87400818 225.45275879 156.88977051
v 237.87400818 231.35826111 265.55117798
v 237.87400818 231.35826111 163.1889801
usemtl mat2
f 719 720 721
f 720 719 722
f 722 719 723
# Vertices: 5, normals: 0, texture coordinates: 0, faces: 3

o obj111
v 231.96850586 231.35826111 196.25984192
v 237.87400818 231.35826111 163.1889801
v 231.96850586 231.35826111 163.1889801
v 237.87400818 231.35826111 265.55117798
v 231.96850586 231.35826111 265.55117798
usemtl mat2
f 724 725 726
f 725 724 727
f 727 724 728
# Vertices: 5, normals: 0, texture coordinates: 0, faces: 3

o obj112
v 167.6771698 225.45275879 196.25984192
v 161.77165222 225.45275879 156.88977051
v 167.6771698 225.45275879 156.88977051
v 161.77165222 225.45275879 196.25984192
v 167.6771698 225.45275879 265.55117798
v 161.77165222 225.45275879 265.55117798
usemtl mat2
f 729 730 731
f 730 729 732
f 732 729 733
f 732 733 734
# Vertices: 6, normals: 0, texture coordinates: 0, faces: 4

o obj113
v 167.6771698 231.35826111 196.25984192
v 167.6771698 225.45275879 265.55117798
v 167.6771698 225.45275879 196.25984192
v 167.6771698 231.35826111 265.55117798
usemtl mat2
f 735 736 737
f 736 735 738
# Vertices: 4, normals: 0, texture coordinates: 0, faces: 2

o obj114
v 161.77165222 231.35826111 196.25984192
v 167.6771698 231.35826111 163.1889801
v 161.77165222 231.35826111 163.1889801
v 167.6771698 231.35826111 196.25984192
v 161.77165222 231.35826111 265.55117798
v 167.6771698 231.35826111 265.55117798
usemtl mat2
f 739 740 741
f 740 739 742
f 742 739 743
f 742 743 744
# Vertices: 6, normals: 0, texture coordinates: 0, faces: 4

o obj115
v 98.1496048 225.45275879 196.25984192
v 92.24409485 225.45275879 156.88977051
v 98.1496048 225.45275879 156.88977051
v 92.24409485 225.45275879 196.25984192
v 98.1496048 225.45275879 265.55117798
v 92.24409485 225.45275879 265.55117798
usemtl mat2
f 745 746 747
f 746 745 748
f 748 745 749
f 748 749 750
# Vertices: 6, normals: 0, texture coordinates: 0, faces: 4

o obj116
v 98.1496048 231.35826111 196.25984192
v 98.1496048 225.45275879 265.55117798
v 98.1496048 225.45275879 196.25984192
v 98.1496048 231.35826111 265.55117798
usemtl mat2
f 751 752 753
f 752 751 754
# Vertices: 4, normals: 0, texture coordinates: 0, faces: 2

o obj117
v 92.24409485 231.35826111 196.25984192
v 98.1496048 231.35826111 163.1889801
v 92.24409485 231.35826111 163.1889801
v 98.1496048 231.35826111 196.25984192
v 92.24409485 231.35826111 265.55117798
v 98.1496048 231.35826111 265.55117798
usemtl mat2
f 755 756 757
f 756 755 758
f 758 755 759
f 758 759 760
# Vertices: 6, normals: 0, texture coordinates: 0, faces: 4

o obj118
v 22.99212646 231.35826111 265.55117798
v 22.99212646 225.45275879 156.88977051
v 22.99212646 225.45275879 265.55117798
v 22.99212646 231.35826111 156.88977051
v 22.99212646 231.35826111 163.1889801
usemtl mat2
f 761 762 763
f 762 761 764
f 764 761 765
# Vertices: 5, normals: 0, texture coordinates: 0, faces: 3

o obj119
v 28.89763832 225.45275879 196.25984192
v 22.99212646 225.45275879 156.88977051
v 28.89763832 225.45275879 156.88977051
v 22.99212646 225.45275879 265.55117798
v 28.89763832 225.45275879 265.55117798
usemtl mat2
f 766 767 768
f 767 766 769
f 769 766 770
# Vertices: 5, normals: 0, texture coordinates: 0, faces: 3

o obj120
v 28.89763832 231.35826111 196.25984192
v 28.89763832 225.45275879 265.55117798
v 28.89763832 225.45275879 196.25984192
v 28.89763832 231.35826111 265.55117798
usemtl mat2
f 771 772 773
f 772 771 774
# Vertices: 4, normals: 0, texture coordinates: 0, faces: 2

o obj121
v 22.99212646 231.35826111 265.55117798
v 28.89763832 231.35826111 163.1889801
v 22.99212646 231.35826111 163.1889801
v 28.89763832 231.35826111 196.25984192
v 28.89763832 231.35826111 265.55117798
usemtl mat2
f 775 776 777
f 776 775 778
f 778 775 779
# Vertices: 5, normals: 0, texture coordinates: 0, faces: 3

o obj122
v 22.99212646 231.35826111 20.07874107
v 28.89763832 231.35826111 17.71653557
v 22.99212646 231.35826111 17.71653557
v 28.89763832 231.35826111 20.07874107
v 22.99212646 231.35826111 140.5118103
v 28.89763832 231.35826111 140.5118103
usemtl mat2
f 780 781 782
f 781 780 783
f 783 780 784
f 783 784 785
# Vertices: 6, normals: 0, texture coordinates: 0, faces: 4

o obj123
v 28.89763832 231.35826111 20.07874107
v 28.89763832 225.45275879 140.5118103
v 28.89763832 225.45275879 20.07874107
v 28.89763832 231.35826111 140.5118103
usemtl mat2
f 786 787 788
f 787 786 789
# Vertices: 4, normals: 0, texture coordinates: 0, faces: 2

o obj124
v 28.89763832 225.45275879 20.07874107
v 22.99212646 225.45275879 17.71653557
v 28.89763832 225.45275879 17.71653557
v 22.99212646 225.45275879 20.07874107
v 28.89763832 225.45275879 140.5118103
v 22.99212646 225.45275879 140.5118103
usemtl mat2
f 790 791 792
f 791 790 793
f 793 790 794
f 793 794 795
# Vertices: 6, normals: 0, texture coordinates: 0, faces: 4

o obj125
v 22.99212646 231.35826111 140.5118103
v 22.99212646 225.45275879 20.07874107
v 22.99212646 225.45275879 140.5118103
v 22.99212646 231.35826111 20.07874107
usemtl mat2
f 796 797 798
f 797 796 799
# Vertices: 4, normals: 0, texture coordinates: 0, faces: 2

o obj126
v 92.24409485 231.35826111 20.07874107
v 98.1496048 231.35826111 17.71653557
v 92.24409485 231.35826111 17.71653557
v 98.1496048 231.35826111 20.07874107
v 92.24409485 231.35826111 140.5118103
v 98.1496048 231.35826111 140.5118103
usemtl mat2
f 800 801 802
f 801 800 803
f 803 800 804
f 803 804 805
# Vertices: 6, normals: 0, texture coordinates: 0, faces: 4

o obj127
v 98.1496048 231.35826111 20.07874107
v 98.1496048 225.45275879 140.5118103
v 98.1496048 225.45275879 20.07874107
v 98.1496048 231.35826111 140.5118103
usemtl mat2
f 806 807 808
f 807 806 809
# Vertices: 4, normals: 0, texture coordinates: 0, faces: 2

o obj128
v 98.1496048 225.45275879 20.07874107
v 92.24409485 225.45275879 17.71653557
v 98.1496048 225.45275879 17.71653557
v 92.24409485 225.45275879 20.07874107
v 98.1496048 225.45275879 140.5118103
v 92.24409485 225.45275879 140.5118103
usemtl mat2
f 810 811 812
f 811 810 813
f 813 810 814
f 813 814 815
# Vertices: 6, normals: 0, texture coordinates: 0, faces: 4

o obj129
v 92.24409485 231.35826111 140.5118103
v 92.24409485 225.45275879 20.07874107
v 92.24409485 225.45275879 140.5118103
v 92.24409485 231.35826111 20.07874107
usemtl mat2
f 816 817 818
f 817 816 819
# Vertices: 4, normals: 0, texture coordinates: 0, faces: 2

o obj130
v 161.77165222 231.35826111 20.07874107
v 167.6771698 231.35826111 17.71653557
v 161.77165222 231.35826111 17.71653557
v 167.6771698 231.35826111 20.07874107
v 161.77165222 231.35826111 140.5118103
v 167.6771698 231.35826111 140.5118103
usemtl mat2
f 820 821 822
f 821 820 823
f 823 820 824
f 823 824 825
# Vertices: 6, normals: 0, texture coordinates: 0, faces: 4

o obj131
v 167.6771698 231.35826111 20.07874107
v 167.6771698 225.45275879 140.5118103
v 167.6771698 225.45275879 20.07874107
v 167.6771698 231.35826111 140.5118103
usemtl mat2
f 826 827 828
f 827 826 829
# Vertices: 4, normals: 0, texture coordinates: 0, faces: 2

o obj132
v 167.6771698 225.45275879 20.07874107
v 161.77165222 225.45275879 17.71653557
v 167.6771698 225.45275879 17.71653557
v 161.77165222 225.45275879 20.07874107
v 167.6771698 225.45275879 140.5118103
v 161.77165222 225.45275879 140.5118103
usemtl mat2
f 830 831 832
f 831 830 833
f 833 830 834
f 833 834 835
# Vertices: 6, normals: 0, texture coordinates: 0, faces: 4

o obj133
v 161.77165222 231.35826111 140.5118103
v 161.77165222 225.45275879 20.07874107
v 161.77165222 225.45275879 140.5118103
v 161.77165222 231.35826111 20.07874107
usemtl mat2
f 836 837 838
f 837 836 839
# Vertices: 4, normals: 0, texture coordinates: 0, faces: 2

o obj134
v 231.96850586 231.35826111 20.07874107
v 237.87400818 231.35826111 17.71653557
v 231.96850586 231.35826111 17.71653557
v 237.87400818 231.35826111 140.5118103
v 231.96850586 231.35826111 140.5118103
usemtl mat2
f 840 841 842
f 841 840 843
f 843 840 844
# Vertices: 5, normals: 0, texture coordinates: 0, faces: 3

o obj135
v 237.87400818 231.35826111 17.71653557
v 237.87400818 225.45275879 140.5118103
v 237.87400818 225.45275879 17.71653557
v 237.87400818 231.35826111 140.5118103
usemtl mat2
f 845 846 847
f 846 845 848
# Vertices: 4, normals: 0, texture coordinates: 0, faces: 2

o obj136
v 237.87400818 225.45275879 140.5118103
v 231.96850586 225.45275879 17.71653557
v 237.87400818 225.45275879 17.71653557
v 231.96850586 225.45275879 20.07874107
v 231.96850586 225.45275879 140.5118103
usemtl mat2
f 849 850 851
f 850 849 852
f 852 849 853
# Vertices: 5, normals: 0, texture coordinates: 0, faces: 3

o obj137
v 231.96850586 231.35826111 140.5118103
v 231.96850586 225.45275879 20.07874107
v 231.96850586 225.45275879 140.5118103
v 231.96850586 231.35826111 20.07874107
usemtl mat2
f 854 855 856
f 855 854 857
# Vertices: 4, normals: 0, texture coordinates: 0, faces: 2

o obj138
v 302.08660889 231.35826111 140.5118103
v 307.99212646 231.35826111 17.71653557
v 302.08660889 231.35826111 17.71653557
v 307.99212646 231.35826111 20.07874107
v 307.99212646 231.35826111 140.5118103
usemtl mat2
f 858 859 860
f 859 858 861
f 861 858 862
# Vertices: 5, normals: 0, texture coordinates: 0, faces: 3

o obj139
v 307.99212646 231.35826111 20.07874107
v 307.99212646 225.45275879 140.5118103
v 307.99212646 225.45275879 20.07874107
v 307.99212646 231.35826111 140.5118103
usemtl mat2
f 863 864 865
f 864 863 866
# Vertices: 4, normals: 0, texture coordinates: 0, faces: 2

o obj140
v 307.99212646 225.45275879 20.07874107
v 302.08660889 225.45275879 17.71653557
v 307.99212646 225.45275879 17.71653557
v 302.08660889 225.45275879 140.5118103
v 307.99212646 225.45275879 140.5118103
usemtl mat2
f 867 868 869
f 868 867 870
f 870 867 871
# Vertices: 5, normals: 0, texture coordinates: 0, faces: 3

o obj141
v 302.08660889 231.35826111 140.5118103
v 302.08660889 225.45275879 17.71653557
v 302.08660889 225.45275879 140.5118103
v 302.08660889 231.35826111 17.71653557
usemtl mat2
f 872 873 874
f 873 872 875
# Vertices: 4, normals: 0, texture coordinates: 0, faces: 2

o obj142
v 372.04724121 231.35826111 20.07874107
v 377.95275879 231.35826111 17.71653557
v 372.04724121 231.35826111 17.71653557
v 377.95275879 231.35826111 20.07874107
v 372.04724121 231.35826111 140.5118103
v 377.95275879 231.35826111 140.5118103
usemtl mat2
f 876 877 878
f 877 876 879
f 879 876 880
f 879 880 881
# Vertices: 6, normals: 0, texture coordinates: 0, faces: 4

o obj143
v 377.95275879 231.35826111 20.07874107
v 377.95275879 225.45275879 140.5118103
v 377.95275879 225.45275879 20.07874107
v 377.95275879 231.35826111 140.5118103
usemtl mat2
f 882 883 884
f 883 882 885
# Vertices: 4, normals: 0, texture coordinates: 0, faces: 2

o obj144
v 377.95275879 225.45275879 20.07874107
v 372.04724121 225.45275879 17.71653557
v 377.95275879 225.45275879 17.71653557
v 372.04724121 225.45275879 20.07874107
v 377.95275879 225.45275879 140.5118103
v 372.04724121 225.45275879 140.5118103
usemtl mat2
f 886 887 888
f 887 886 889
f 889 886 890
f 889 890 891
# Vertices: 6, normals: 0, texture coordinates: 0, faces: 4

o obj145
v 372.04724121 231.35826111 140.5118103
v 372.04724121 225.45275879 20.07874107
v 372.04724121 225.45275879 140.5118103
v 372.04724121 231.35826111 20.07874107
usemtl mat2
f 892 893 894
f 893 892 895
# Vertices: 4, normals: 0, texture coordinates: 0, faces: 2

o obj146
v 441.96850586 231.35826111 20.07874107
v 447.87402344 231.35826111 17.71653557
v 441.96850586 231.35826111 17.71653557
v 447.87402344 231.35826111 20.07874107
v 441.96850586 231.35826111 140.5118103
v 447.87402344 231.35826111 140.5118103
usemtl mat2
f 896 897 898
f 897 896 899
f 899 896 900
f 899 900 901
# Vertices: 6, normals: 0, texture coordinates: 0, faces: 4

o obj147
v 447.87402344 231.35826111 20.07874107
v 447.87402344 225.45275879 140.5118103
v 447.87402344 225.45275879 20.07874107
v 447.87402344 231.35826111 140.5118103
usemtl mat2
f 902 903 904
f 903 902 905
# Vertices: 4, normals: 0, texture coordinates: 0, faces: 2

o obj148
v 447.87402344 225.45275879 20.07874107
v 441.96850586 225.45275879 17.71653557
v 447.87402344 225.45275879 17.71653557
v 441.96850586 225.45275879 20.07874107
v 447.87402344 225.45275879 140.5118103
v 441.96850586 225.45275879 140.5118103
usemtl mat2
f 906 907 908
f 907 906 909
f 909 906 910
f 909 910 911
# Vertices: 6, normals: 0, texture coordinates: 0, faces: 4

o obj149
v 441.96850586 231.35826111 140.5118103
v 441.96850586 225.45275879 20.07874107
v 441.96850586 225.45275879 140.5118103
v 441.96850586 231.35826111 20.07874107
usemtl mat2
f 912 913 914
f 913 912 915
# Vertices: 4, normals: 0, texture coordinates: 0, faces: 2

o obj150
v 511.77166748 231.35826111 20.07874107
v 517.67718506 231.35826111 17.71653557
v 511.77166748 231.35826111 17.71653557
v 517.67718506 231.35826111 20.07874107
v 511.77166748 231.35826111 140.5118103
v 517.67718506 231.35826111 140.5118103
usemtl mat2
f 916 917 918
f 917 916 919
f 919 916 920
f 919 920 921
# Vertices: 6, normals: 0, texture coordinates: 0, faces: 4

o obj151
v 517.67718506 231.35826111 20.07874107
v 517.67718506 225.45275879 140.5118103
v 517.67718506 225.45275879 20.07874107
v 517.67718506 231.35826111 140.5118103
usemtl mat2
f 922 923 924
f 923 922 925
# Vertices: 4, normals: 0, texture coordinates: 0, faces: 2

o obj152
v 517.67718506 225.45275879 20.07874107
v 511.77166748 225.45275879 17.71653557
v 517.67718506 225.45275879 17.71653557
v 511.77166748 225.45275879 20.07874107
v 517.67718506 225.45275879 140.5118103
v 511.77166748 225.45275879 140.5118103
usemtl mat2
f 926 927 928
f 927 926 929
f 929 926 930
f 929 930 931
# Vertices: 6, normals: 0, texture coordinates: 0, faces: 4

o obj153
v 511.77166748 231.35826111 140.5118103
v 511.77166748 225.45275879 20.07874107
v 511.77166748 225.45275879 140.5118103
v 511.77166748 231.35826111 20.07874107
usemtl mat2
f 932 933 934
f 933 932 935
# Vertices: 4, normals: 0, texture coordinates: 0, faces: 2

o obj154
v 519.37005615 -227.89370728 20.07874107
v 519.37005615 -233.79920959 140.5118103
v 519.37005615 -233.79920959 20.07874107
v 519.37005615 -227.89370728 140.5118103
usemtl mat2
f 936 937 938
f 937 936 939
# Vertices: 4, normals: 0, texture coordinates: 0, faces: 2

o obj155
v 513.46453857 -227.89370728 140.5118103
v 519.37005615 -227.89370728 17.71653557
v 513.46453857 -227.89370728 17.71653557
v 519.37005615 -227.89370728 20.07874107
v 519.37005615 -227.89370728 140.5118103
usemtl mat2
f 940 941 942
f 941 940 943
f 943 940 944
# Vertices: 5, normals: 0, texture coordinates: 0, faces: 3

o obj156
v 513.46453857 -227.89370728 140.5118103
v 513.46453857 -233.79920959 17.71653557
v 513.46453857 -233.79920959 140.5118103
v 513.46453857 -227.89370728 17.71653557
usemtl mat2
f 945 946 947
f 946 945 948
# Vertices: 4, normals: 0, texture coordinates: 0, faces: 2

o obj157
v 519.37005615 -233.79920959 20.07874107
v 513.46453857 -233.79920959 17.71653557
v 519.37005615 -233.79920959 17.71653557
v 513.46453857 -233.79920959 140.5118103
v 519.37005615 -233.79920959 140.5118103
usemtl mat2
f 949 950 951
f 950 949 952
f 952 949 953
# Vertices: 5, normals: 0, texture coordinates: 0, faces: 3

o obj158
v 449.88189697 -227.89370728 17.71653557
v 449.88189697 -233.79920959 140.5118103
v 449.88189697 -233.79920959 17.71653557
v 449.88189697 -227.89370728 140.5118103
usemtl mat2
f 954 955 956
f 955 954 957
# Vertices: 4, normals: 0, texture coordinates: 0, faces: 2

o obj159
v 443.97637939 -227.89370728 20.07874107
v 449.88189697 -227.89370728 17.71653557
v 443.97637939 -227.89370728 17.71653557
v 449.88189697 -227.89370728 140.5118103
v 443.97637939 -227.89370728 140.5118103
usemtl mat2
f 958 959 960
f 959 958 961
f 961 958 962
# Vertices: 5, normals: 0, texture coordinates: 0, faces: 3

o obj160
v 443.97637939 -227.89370728 140.5118103
v 443.97637939 -233.79920959 20.07874107
v 443.97637939 -233.79920959 140.5118103
v 443.97637939 -227.89370728 20.07874107
usemtl mat2
f 963 964 965
f 964 963 966
# Vertices: 4, normals: 0, texture coordinates: 0, faces: 2

o obj161
v 449.88189697 -233.79920959 140.5118103
v 443.97637939 -233.79920959 17.71653557
v 449.88189697 -233.79920959 17.71653557
v 443.97637939 -233.79920959 20.07874107
v 443.97637939 -233.79920959 140.5118103
usemtl mat2
f 967 968 969
f 968 967 970
f 970 967 971
# Vertices: 5, normals: 0, texture coordinates: 0, faces: 3

o obj162
v 380.1574707 -227.89370728 20.07874107
v 380.1574707 -233.79920959 140.5118103
v 380.1574707 -233.79920959 20.07874107
v 380.1574707 -227.89370728 140.5118103
usemtl mat2
f 972 973 974
f 973 972 975
# Vertices: 4, normals: 0, texture coordinates: 0, faces: 2

o obj163
v 374.25198364 -227.89370728 20.07874107
v 380.1574707 -227.89370728 17.71653557
v 374.25198364 -227.89370728 17.71653557
v 380.1574707 -227.89370728 20.07874107
v 374.25198364 -227.89370728 140.5118103
v 380.1574707 -227.89370728 140.5118103
usemtl mat2
f 976 977 978
f 977 976 979
f 979 976 980
f 979 980 981
# Vertices: 6, normals: 0, texture coordinates: 0, faces: 4

o obj164
v 374.25198364 -227.89370728 140.5118103
v 374.25198364 -233.79920959 20.07874107
v 374.25198364 -233.79920959 140.5118103
v 374.25198364 -227.89370728 20.07874107
usemtl mat2
f 982 983 984
f 983 982 985
# Vertices: 4, normals: 0, texture coordinates: 0, faces: 2

o obj165
v 380.1574707 -233.79920959 20.07874107
v 374.25198364 -233.79920959 17.71653557
v 380.1574707 -233.79920959 17.71653557
v 374.25198364 -233.79920959 20.07874107
v 380.1574707 -233.79920959 140.5118103
v 374.25198364 -233.79920959 140.5118103
usemtl mat2
f 986 987 988
f 987 986 989
f 989 986 990
f 989 990 991
# Vertices: 6, normals: 0, texture coordinates: 0, faces: 4

o obj166
v 309.96063232 -227.89370728 20.07874107
v 309.96063232 -233.79920959 140.5118103
v 309.96063232 -233.79920959 20.07874107
v 309.96063232 -227.89370728 140.5118103
usemtl mat2
f 992 993 994
f 993 992 995
# Vertices: 4, normals: 0, texture coordinates: 0, faces: 2

o obj167
v 304.05511475 -227.89370728 140.5118103
v 309.96063232 -227.89370728 17.71653557
v 304.05511475 -227.89370728 17.71653557
v 309.96063232 -227.89370728 20.07874107
v 309.96063232 -227.89370728 140.5118103
usemtl mat2
f 996 997 998
f 997 996 999
f 999 996 1000
# Vertices: 5, normals: 0, texture coordinates: 0, faces: 3

o obj168
v 304.05511475 -227.89370728 140.5118103
v 304.05511475 -233.79920959 17.71653557
v 304.05511475 -233.79920959 140.5118103
v 304.05511475 -227.89370728 17.71653557
usemtl mat2
f 1001 1002 1003
f 1002 1001 1004
# Vertices: 4, normals: 0, texture coordinates: 0, faces: 2

o obj169
v 309.96063232 -233.79920959 20.07874107
v 304.05511475 -233.79920959 17.71653557
v 309.96063232 -233.79920959 17.71653557
v 304.05511475 -233.79920959 140.5118103
v 309.96063232 -233.79920959 140.5118103
usemtl mat2
f 1005 1006 1007
f 1006 1005 1008
f 1008 1005 1009
# Vertices: 5, normals: 0, texture coordinates: 0, faces: 3

o obj170
v 239.80314636 -227.89370728 17.71653557
v 239.80314636 -233.79920959 140.5118103
v 239.80314636 -233.79920959 17.71653557
v 239.80314636 -227.89370728 140.5118103
usemtl mat2
f 1010 1011 1012
f 1011 1010 1013
# Vertices: 4, normals: 0, texture coordinates: 0, faces: 2

o obj171
v 233.89764404 -227.89370728 20.07874107
v 239.80314636 -227.89370728 17.71653557
v 233.89764404 -227.89370728 17.71653557
v 239.80314636 -227.89370728 140.5118103
v 233.89764404 -227.89370728 140.5118103
usemtl mat2
f 1014 1015 1016
f 1015 1014 1017
f 1017 1014 1018
# Vertices: 5, normals: 0, texture coordinates: 0, faces: 3

o obj172
v 233.89764404 -227.89370728 140.5118103
v 233.89764404 -233.79920959 20.07874107
v 233.89764404 -233.79920959 140.5118103
v 233.89764404 -227.89370728 20.07874107
usemtl mat2
f 1019 1020 1021
f 1020 1019 1022
# Vertices: 4, normals: 0, texture coordinates: 0, faces: 2

o obj173
v 239.80314636 -233.79920959 140.5118103
v 233.89764404 -233.79920959 17.71653557
v 239.80314636 -233.79920959 17.71653557
v 233.89764404 -233.79920959 20.07874107
v 233.89764404 -233.79920959 140.5118103
usemtl mat2
f 1023 1024 1025
f 1024 1023 1026
f 1026 1023 1027
# Vertices: 5, normals: 0, texture coordinates: 0, faces: 3

o obj174
v 169.92126465 -227.89370728 20.07874107
v 169.92126465 -233.79920959 140.5118103
v 169.92126465 -233.79920959 20.07874107
v 169.92126465 -227.89370728 140.5118103
usemtl mat2
f 1028 1029 1030
f 1029 1028 1031
# Vertices: 4, normals: 0, texture coordinates: 0, faces: 2

o obj175
v 164.01574707 -227.89370728 20.07874107
v 169.92126465 -227.89370728 17.71653557
v 164.01574707 -227.89370728 17.71653557
v 169.92126465 -227.89370728 20.07874107
v 164.01574707 -227.89370728 140.5118103
v 169.92126465 -227.89370728 140.5118103
usemtl mat2
f 1032 1033 1034
f 1033 1032 1035
f 1035 1032 1036
f 1035 1036 1037
# Vertices: 6, normals: 0, texture coordinates: 0, faces: 4

o obj176
v 164.01574707 -227.89370728 140.5118103
v 164.01574707 -233.79920959 20.07874107
v 164.01574707 -233.79920959 140.5118103
v 164.01574707 -227.89370728 20.07874107
usemtl mat2
f 1038 1039 1040
f 1039 1038 1041
# Vertices: 4, normals: 0, texture coordinates: 0, faces: 2

o obj177
v 169.92126465 -233.79920959 20.07874107
v 164.01574707 -233.79920959 17.71653557
v 169.92126465 -233.79920959 17.71653557
v 164.01574707 -233.79920959 20.07874107
v 169.92126465 -233.79920959 140.5118103
v 164.01574707 -233.79920959 140.5118103
usemtl mat2
f 1042 1043 1044
f 1043 1042 1045
f 1045 1042 1046
f 1045 1046 1047
# Vertices: 6, normals: 0, texture coordinates: 0, faces: 4

o obj178
v 100.5118103 -227.89370728 20.07874107
v 100.5118103 -233.79920959 140.5118103
v 100.5118103 -233.79920959 20.07874107
v 100.5118103 -227.89370728 140.5118103
usemtl mat2
f 1048 1049 1050
f 1049 1048 1051
# Vertices: 4, normals: 0, texture coordinates: 0, faces: 2

o obj179
v 94.60630035 -227.89370728 140.5118103
v 100.5118103 -227.89370728 17.71653557
v 94.60630035 -227.89370728 17.71653557
v 100.5118103 -227.89370728 20.07874107
v 100.5118103 -227.89370728 140.5118103
usemtl mat2
f 1052 1053 1054
f 1053 1052 1055
f 1055 1052 1056
# Vertices: 5, normals: 0, texture coordinates: 0, faces: 3

o obj180
v 94.60630035 -227.89370728 140.5118103
v 94.60630035 -233.79920959 17.71653557
v 94.60630035 -233.79920959 140.5118103
v 94.60630035 -227.89370728 17.71653557
usemtl mat2
f 1057 1058 1059
f 1058 1057 1060
# Vertices: 4, normals: 0, texture coordinates: 0, faces: 2

o obj181
v 100.5118103 -233.79920959 20.07874107
v 94.60630035 -233.79920959 17.71653557
v 100.5118103 -233.79920959 17.71653557
v 94.60630035 -233.79920959 140.5118103
v 100.5118103 -233.79920959 140.5118103
usemtl mat2
f 1061 1062 1063
f 1062 1061 1064
f 1064 1061 1065
# Vertices: 5, normals: 0, texture coordinates: 0, faces: 3

o obj182
v 30.59055138 -227.89370728 17.71653557
v 30.59055138 -233.79920959 140.5118103
v 30.59055138 -233.79920959 17.71653557
v 30.59055138 -227.89370728 140.5118103
usemtl mat2
f 1066 1067 1068
f 1067 1066 1069
# Vertices: 4, normals: 0, texture coordinates: 0, faces: 2

o obj183
v 24.68503952 -227.89370728 20.07874107
v 30.59055138 -227.89370728 17.71653557
v 24.68503952 -227.89370728 17.71653557
v 30.59055138 -227.89370728 140.5118103
v 24.68503952 -227.89370728 140.5118103
usemtl mat2
f 1070 1071 1072
f 1071 1070 1073
f 1073 1070 1074
# Vertices: 5, normals: 0, texture coordinates: 0, faces: 3

o obj184
v 24.68503952 -227.89370728 140.5118103
v 24.68503952 -233.79920959 20.07874107
v 24.68503952 -233.79920959 140.5118103
v 24.68503952 -227.89370728 20.07874107
usemtl mat2
f 1075 1076 1077
f 1076 1075 1078
# Vertices: 4, normals: 0, texture coordinates: 0, faces: 2

o obj185
v 30.59055138 -233.79920959 140.5118103
v 24.68503952 -233.79920959 17.71653557
v 30.59055138 -233.79920959 17.71653557
v 24.68503952 -233.79920959 20.07874107
v 24.68503952 -233.79920959 140.5118103
usemtl mat2
f 1079 1080 1081
f 1080 1079 1082
f 1082 1079 1083
# Vertices: 5, normals: 0, texture coordinates: 0, faces: 3

o obj186
v 169.92126465 -227.89370728 196.25984192
v 169.92126465 -233.79920959 265.55117798
v 169.92126465 -233.79920959 196.25984192
v 169.92126465 -227.89370728 265.55117798
usemtl mat2
f 1084 1085 1086
f 1085 1084 1087
# Vertices: 4, normals: 0, texture coordinates: 0, faces: 2

o obj187
v 169.92126465 -227.89370728 196.25984192
v 233.89764404 -227.89370728 156.88977051
v 169.92126465 -227.89370728 156.88977051
v 233.89764404 -227.89370728 196.25984192
usemtl mat0
f 1088 1089 1090
f 1089 1088 1091
# Vertices: 4, normals: 0, texture coordinates: 0, faces: 2

o obj188
v 233.89764404 -233.79920959 196.25984192
v 169.92126465 -227.89370728 196.25984192
v 169.92126465 -233.79920959 196.25984192
v 233.89764404 -227.89370728 196.25984192
usemtl mat3
f 1092 1093 1094
f 1093 1092 1095
# Vertices: 4, normals: 0, texture coordinates: 0, faces: 2

o obj189
v 233.89764404 -233.79920959 163.1889801
v 169.92126465 -233.79920959 196.25984192
v 169.92126465 -233.79920959 163.1889801
v 233.89764404 -233.79920959 196.25984192
usemtl mat0
f 1096 1097 1098
f 1097 1096 1099
# Vertices: 4, normals: 0, texture coordinates: 0, faces: 2

o obj190
v 164.01574707 -233.79920959 196.25984192
v 100.5118103 -233.79920959 163.1889801
v 164.01574707 -233.79920959 163.1889801
v 100.5118103 -233.79920959 196.25984192
usemtl mat0
f 1100 1101 1102
f 1101 1100 1103
# Vertices: 4, normals: 0, texture coordinates: 0, faces: 2

o obj191
v 164.01574707 -227.89370728 265.55117798
v 164.01574707 -233.79920959 196.25984192
v 164.01574707 -233.79920959 265.55117798
v 164.01574707 -227.89370728 196.25984192
usemtl mat2
f 1104 1105 1106
f 1105 1104 1107
# Vertices: 4, normals: 0, texture coordinates: 0, faces: 2

o obj192
v 94.60630035 -227.89370728 265.55117798
v 94.60630035 -233.79920959 196.25984192
v 94.60630035 -233.79920959 265.55117798
v 94.60630035 -227.89370728 196.25984192
usemtl mat2
f 1108 1109 1110
f 1109 1108 1111
# Vertices: 4, normals: 0, texture coordinates: 0, faces: 2

o obj193
v 94.60630035 -233.79920959 196.25984192
v 30.59055138 -227.89370728 196.25984192
v 30.59055138 -233.79920959 196.25984192
v 94.60630035 -227.89370728 196.25984192
usemtl mat3
f 1112 1113 1114
f 1113 1112 1115
# Vertices: 4, normals: 0, texture coordinates: 0, faces: 2

o obj194
v 164.01574707 -233.79920959 196.25984192
v 100.5118103 -227.89370728 196.25984192
v 100.5118103 -233.79920959 196.25984192
v 164.01574707 -227.89370728 196.25984192
usemtl mat3
f 1116 1117 1118
f 1117 1116 1119
# Vertices: 4, normals: 0, texture coordinates: 0, faces: 2

o obj195
v 309.96063232 -227.89370728 156.88977051
v 374.25198364 -227.89370728 196.25984192
v 374.25198364 -227.89370728 156.88977051
v 309.96063232 -227.89370728 196.25984192
usemtl mat0
f 1120 1121 1122
f 1121 1120 1123
# Vertices: 4, normals: 0, texture coordinates: 0, faces: 2

o obj196
v 380.1574707 -227.89370728 196.25984192
v 443.97637939 -227.89370728 156.88977051
v 380.1574707 -227.89370728 156.88977051
v 443.97637939 -227.89370728 196.25984192
usemtl mat0
f 1124 1125 1126
f 1125 1124 1127
# Vertices: 4, normals: 0, texture coordinates: 0, faces: 2

o obj197
v 449.88189697 -227.89370728 196.25984192
v 513.46453857 -227.89370728 156.88977051
v 449.88189697 -227.89370728 156.88977051
v 513.46453857 -227.89370728 196.25984192
usemtl mat0
f 1128 1129 1130
f 1129 1128 1131
# Vertices: 4, normals: 0, texture coordinates: 0, faces: 2

o obj198
v 309.96063232 -227.89370728 196.25984192
v 309.96063232 -233.79920959 265.55117798
v 309.96063232 -233.79920959 196.25984192
v 309.96063232 -227.89370728 265.55117798
usemtl mat2
f 1132 1133 1134
f 1133 1132 1135
# Vertices: 4, normals: 0, texture coordinates: 0, faces: 2

o obj199
v 380.1574707 -227.89370728 196.25984192
v 380.1574707 -233.79920959 265.55117798
v 380.1574707 -233.79920959 196.25984192
v 380.1574707 -227.89370728 265.55117798
usemtl mat2
f 1136 1137 1138
f 1137 1136 1139
# Vertices: 4, normals: 0, texture coordinates: 0, faces: 2

o obj200
v 374.25198364 -233.79920959 196.25984192
v 309.96063232 -233.79920959 163.1889801
v 374.25198364 -233.79920959 163.1889801
v 309.96063232 -233.79920959 196.25984192
usemtl mat0
f 1140 1141 1142
f 1141 1140 1143
# Vertices: 4, normals: 0, texture coordinates: 0, faces: 2

o obj201
v 443.97637939 -233.79920959 163.1889801
v 380.1574707 -233.79920959 196.25984192
v 380.1574707 -233.79920959 163.1889801
v 443.97637939 -233.79920959 196.25984192
usemtl mat0
f 1144 1145 1146
f 1145 1144 1147
# Vertices: 4, normals: 0, texture coordinates: 0, faces: 2

o obj202
v 513.46453857 -233.79920959 196.25984192
v 449.88189697 -233.79920959 163.1889801
v 513.46453857 -233.79920959 163.1889801
v 449.88189697 -233.79920959 196.25984192
usemtl mat0
f 1148 1149 1150
f 1149 1148 1151
# Vertices: 4, normals: 0, texture coordinates: 0, faces: 2

o obj203
v 374.25198364 -233.79920959 196.25984192
v 309.96063232 -227.89370728 196.25984192
v 309.96063232 -233.79920959 196.25984192
v 374.25198364 -227.89370728 196.25984192
usemtl mat3
f 1152 1153 1154
f 1153 1152 1155
# Vertices: 4, normals: 0, texture coordinates: 0, faces: 2

o obj204
v 443.97637939 -233.79920959 196.25984192
v 380.1574707 -227.89370728 196.25984192
v 380.1574707 -233.79920959 196.25984192
v 443.97637939 -227.89370728 196.25984192
usemtl mat3
f 1156 1157 1158
f 1157 1156 1159
# Vertices: 4, normals: 0, texture coordinates: 0, faces: 2

o obj205
v 513.46453857 -233.79920959 196.25984192
v 449.88189697 -227.89370728 196.25984192
v 449.88189697 -233.79920959 196.25984192
v 513.46453857 -227.89370728 196.25984192
usemtl mat3
f 1160 1161 1162
f 1161 1160 1163
# Vertices: 4, normals: 0, texture coordinates: 0, faces: 2

o obj206
v 92.24409485 225.45275879 196.25984192
v 28.89763832 225.45275879 156.88977051
v 92.24409485 225.45275879 156.88977051
v 28.89763832 225.45275879 196.25984192
usemtl mat0
f 1164 1165 1166
f 1165 1164 1167
# Vertices: 4, normals: 0, texture coordinates: 0, faces: 2

o obj207
v 231.96850586 225.45275879 196.25984192
v 167.6771698 225.45275879 156.88977051
v 231.96850586 225.45275879 156.88977051
v 167.6771698 225.45275879 196.25984192
usemtl mat0
f 1168 1169 1170
f 1169 1168 1171
# Vertices: 4, normals: 0, texture coordinates: 0, faces: 2

o obj208
v 161.77165222 225.45275879 196.25984192
v 98.1496048 225.45275879 156.88977051
v 161.77165222 225.45275879 156.88977051
v 98.1496048 225.45275879 196.25984192
usemtl mat0
f 1172 1173 1174
f 1173 1172 1175
# Vertices: 4, normals: 0, texture coordinates: 0, faces: 2

o obj209
v 231.96850586 231.35826111 265.55117798
v 231.96850586 225.45275879 196.25984192
v 231.96850586 225.45275879 265.55117798
v 231.96850586 231.35826111 196.25984192
usemtl mat2
f 1176 1177 1178
f 1177 1176 1179
# Vertices: 4, normals: 0, texture coordinates: 0, faces: 2

o obj210
v 161.77165222 231.35826111 265.55117798
v 161.77165222 225.45275879 196.25984192
v 161.77165222 225.45275879 265.55117798
v 161.77165222 231.35826111 196.25984192
usemtl mat2
f 1180 1181 1182
f 1181 1180 1183
# Vertices: 4, normals: 0, texture coordinates: 0, faces: 2

o obj211
v 92.24409485 231.35826111 265.55117798
v 92.24409485 225.45275879 196.25984192
v 92.24409485 225.45275879 265.55117798
v 92.24409485 231.35826111 196.25984192
usemtl mat2
f 1184 1185 1186
f 1185 1184 1187
# Vertices: 4, normals: 0, texture coordinates: 0, faces: 2

o obj212
v 372.04724121 225.45275879 196.25984192
v 307.99212646 225.45275879 156.88977051
v 372.04724121 225.45275879 156.88977051
v 307.99212646 225.45275879 196.25984192
usemtl mat0
f 1188 1189 1190
f 1189 1188 1191
# Vertices: 4, normals: 0, texture coordinates: 0, faces: 2

o obj213
v 441.96850586 225.45275879 196.25984192
v 377.95275879 225.45275879 156.88977051
v 441.96850586 225.45275879 156.88977051
v 377.95275879 225.45275879 196.25984192
usemtl mat0
f 1192 1193 1194
f 1193 1192 1195
# Vertices: 4, normals: 0, texture coordinates: 0, faces: 2

o obj214
v 511.77166748 225.45275879 196.25984192
v 447.87402344 225.45275879 156.88977051
v 511.77166748 225.45275879 156.88977051
v 447.87402344 225.45275879 196.25984192
usemtl mat0
f 1196 1197 1198
f 1197 1196 1199
# Vertices: 4, normals: 0, texture coordinates: 0, faces: 2

o obj215
v 511.77166748 231.35826111 265.55117798
v 511.77166748 225.45275879 196.25984192
v 511.77166748 225.45275879 265.55117798
v 511.77166748 231.35826111 196.25984192
usemtl mat2
f 1200 1201 1202
f 1201 1200 1203
# Vertices: 4, normals: 0, texture coordinates: 0, faces: 2

o obj216
v 441.96850586 231.35826111 265.55117798
v 441.96850586 225.45275879 196.25984192
v 441.96850586 225.45275879 265.55117798
v 441.96850586 231.35826111 196.25984192
usemtl mat2
f 1204 1205 1206
f 1205 1204 1207
# Vertices: 4, normals: 0, texture coordinates: 0, faces: 2

o obj217
v 372.04724121 231.35826111 265.55117798
v 372.04724121 225.45275879 196.25984192
v 372.04724121 225.45275879 265.55117798
v 372.04724121 231.35826111 196.25984192
usemtl mat2
f 1208 1209 1210
f 1209 1208 1211
# Vertices: 4, normals: 0, texture coordinates: 0, faces: 2

o obj218
v 98.1496048 231.35826111 196.25984192
v 161.77165222 231.35826111 163.1889801
v 98.1496048 231.35826111 163.1889801
v 161.77165222 231.35826111 196.25984192
usemtl mat0
f 1212 1213 1214
f 1213 1212 1215
# Vertices: 4, normals: 0, texture coordinates: 0, faces: 2

o obj219
v 161.77165222 225.45275879 196.25984192
v 98.1496048 231.35826111 196.25984192
v 98.1496048 225.45275879 196.25984192
v 161.77165222 231.35826111 196.25984192
usemtl mat3
f 1216 1217 1218
f 1217 1216 1219
# Vertices: 4, normals: 0, texture coordinates: 0, faces: 2

o obj220
v 167.6771698 231.35826111 196.25984192
v 231.96850586 231.35826111 163.1889801
v 167.6771698 231.35826111 163.1889801
v 231.96850586 231.35826111 196.25984192
usemtl mat0
f 1220 1221 1222
f 1221 1220 1223
# Vertices: 4, normals: 0, texture coordinates: 0, faces: 2

o obj221
v 231.96850586 225.45275879 196.25984192
v 167.6771698 231.35826111 196.25984192
v 167.6771698 225.45275879 196.25984192
v 231.96850586 231.35826111 196.25984192
usemtl mat3
f 1224 1225 1226
f 1225 1224 1227
# Vertices: 4, normals: 0, texture coordinates: 0, faces: 2

o obj222
v 28.89763832 231.35826111 196.25984192
v 92.24409485 231.35826111 163.1889801
v 28.89763832 231.35826111 163.1889801
v 92.24409485 231.35826111 196.25984192
usemtl mat0
f 1228 1229 1230
f 1229 1228 1231
# Vertices: 4, normals: 0, texture coordinates: 0, faces: 2

o obj223
v 92.24409485 225.45275879 196.25984192
v 28.89763832 231.35826111 196.25984192
v 28.89763832 225.45275879 196.25984192
v 92.24409485 231.35826111 196.25984192
usemtl mat3
f 1232 1233 1234
f 1233 1232 1235
# Vertices: 4, normals: 0, texture coordinates: 0, faces: 2

o obj224
v 307.99212646 231.35826111 196.25984192
v 372.04724121 231.35826111 163.1889801
v 307.99212646 231.35826111 163.1889801
v 372.04724121 231.35826111 196.25984192
usemtl mat0
f 1236 1237 1238
f 1237 1236 1239
# Vertices: 4, normals: 0, texture coordinates: 0, faces: 2

o obj225
v 372.04724121 225.45275879 196.25984192
v 307.99212646 231.35826111 196.25984192
v 307.99212646 225.45275879 196.25984192
v 372.04724121 231.35826111 196.25984192
usemtl mat3
f 1240 1241 1242
f 1241 1240 1243
# Vertices: 4, normals: 0, texture coordinates: 0, faces: 2

o obj226
v 447.87402344 231.35826111 196.25984192
v 511.77166748 231.35826111 163.1889801
v 447.87402344 231.35826111 163.1889801
v 511.77166748 231.35826111 196.25984192
usemtl mat0
f 1244 1245 1246
f 1245 1244 1247
# Vertices: 4, normals: 0, texture coordinates: 0, faces: 2

o obj227
v 511.77166748 225.45275879 196.25984192
v 447.87402344 231.35826111 196.25984192
v 447.87402344 225.45275879 196.25984192
v 511.77166748 231.35826111 196.25984192
usemtl mat3
f 1248 1249 1250
f 1249 1248 1251
# Vertices: 4, normals: 0, texture coordinates: 0, faces: 2

o obj228
v 377.95275879 231.35826111 196.25984192
v 441.96850586 231.35826111 163.1889801
v 377.95275879 231.35826111 163.1889801
v 441.96850586 231.35826111 196.25984192
usemtl mat0
f 1252 1253 1254
f 1253 1252 1255
# Vertices: 4, normals: 0, texture coordinates: 0, faces: 2

o obj229
v 441.96850586 225.45275879 196.25984192
v 377.95275879 231.35826111 196.25984192
v 377.95275879 225.45275879 196.25984192
v 441.96850586 231.35826111 196.25984192
usemtl mat3
f 1256 1257 1258
f 1257 1256 1259
# Vertices: 4, normals: 0, texture coordinates: 0, faces: 2

o obj230
v -148.19062805 -136.77679443 216.33857727
v -124.25362396 -186.81616211 40.15748215
v -124.25362396 -186.81616211 216.33857727
v -148.19062805 -136.77679443 40.15748215
usemtl mat1
f 1260 1261 1262
f 1261 1260 1263
# Vertices: 4, normals: 0, texture coordinates: 0, faces: 2

o obj231
v -148.19062805 -136.77679443 216.33857727
v -147.48031616 -136.43701172 40.15748215
v -148.19062805 -136.77679443 40.15748215
v -147.48031616 -136.43701172 216.33857727
usemtl mat1
f 1264 1265 1266
f 1265 1264 1267
# Vertices: 4, normals: 0, texture coordinates: 0, faces: 2

o obj232
v -124.25362396 -186.81616211 216.33857727
v -147.48031616 -136.43701172 216.33857727
v -148.19062805 -136.77679443 216.33857727
v -123.54330444 -186.47637939 216.33857727
usemtl mat1
f 1268 1269 1270
f 1269 1268 1271
# Vertices: 4, normals: 0, texture coordinates: 0, faces: 2

o obj233
v -123.54330444 -186.47637939 216.33857727
v -124.25362396 -186.81616211 40.15748215
v -123.54330444 -186.47637939 40.15748215
v -124.25362396 -186.81616211 216.33857727
usemtl mat1
f 1272 1273 1274
f 1273 1272 1275
# Vertices: 4, normals: 0, texture coordinates: 0, faces: 2

o obj234
v -147.48031616 -136.43701172 40.15748215
v -124.25362396 -186.81616211 40.15748215
v -148.19062805 -136.77679443 40.15748215
v -123.54330444 -186.47637939 40.15748215
usemtl mat1
f 1276 1277 1278
f 1277 1276 1279
# Vertices: 4, normals: 0, texture coordinates: 0, faces: 2

o obj235
v -183.87036133 -129.07685852 216.33857727
v -161.70501709 -179.4705658 40.15748215
v -161.70501709 -179.4705658 216.33857727
v -183.87036133 -129.07685852 40.15748215
usemtl mat1
f 1280 1281 1282
f 1281 1280 1283
# Vertices: 4, normals: 0, texture coordinates: 0, faces: 2

o obj236
v -183.87036133 -129.07685852 216.33857727
v -183.14961243 -128.75984192 40.15748215
v -183.87036133 -129.07685852 40.15748215
v -183.14961243 -128.75984192 216.33857727
usemtl mat1
f 1284 1285 1286
f 1285 1284 1287
# Vertices: 4, normals: 0, texture coordinates: 0, faces: 2

o obj237
v -161.70501709 -179.4705658 216.33857727
v -183.14961243 -128.75984192 216.33857727
v -183.87036133 -129.07685852 216.33857727
v -160.98425293 -179.15354919 216.33857727
usemtl mat1
f 1288 1289 1290
f 1289 1288 1291
# Vertices: 4, normals: 0, texture coordinates: 0, faces: 2

o obj238
v -160.98425293 -179.15354919 216.33857727
v -161.70501709 -179.4705658 40.15748215
v -160.98425293 -179.15354919 40.15748215
v -161.70501709 -179.4705658 216.33857727
usemtl mat1
f 1292 1293 1294
f 1293 1292 1295
# Vertices: 4, normals: 0, texture coordinates: 0, faces: 2

o obj239
v -183.14961243 -128.75984192 40.15748215
v -161.70501709 -179.4705658 40.15748215
v -183.87036133 -129.07685852 40.15748215
v -160.98425293 -179.15354919 40.15748215
usemtl mat1
f 1296 1297 1298
f 1297 1296 1299
# Vertices: 4, normals: 0, texture coordinates: 0, faces: 2

o obj240
v -238.89907837 -123.03056335 216.33857727
v -210.04081726 -169.95970154 40.15748215
v -210.04081726 -169.95970154 216.33857727
v -238.89907837 -123.03056335 40.15748215
usemtl mat1
f 1300 1301 1302
f 1301 1300 1303
# Vertices: 4, normals: 0, texture coordinates: 0, faces: 2

o obj241
v -210.04081726 -169.95970154 216.33857727
v -238.22834778 -122.61811066 216.33857727
v -238.89907837 -123.03056335 216.33857727
v -209.37007141 -169.54724121 216.33857727
usemtl mat1
f 1304 1305 1306
f 1305 1304 1307
# Vertices: 4, normals: 0, texture coordinates: 0, faces: 2

o obj242
v -238.89907837 -123.03056335 216.33857727
v -238.22834778 -122.61811066 40.15748215
v -238.89907837 -123.03056335 40.15748215
v -238.22834778 -122.61811066 216.33857727
usemtl mat1
f 1308 1309 1310
f 1309 1308 1311
# Vertices: 4, normals: 0, texture coordinates: 0, faces: 2

o obj243
v -238.22834778 -122.61811066 40.15748215
v -210.04081726 -169.95970154 40.15748215
v -238.89907837 -123.03056335 40.15748215
v -209.37007141 -169.54724121 40.15748215
usemtl mat1
f 1312 1313 1314
f 1313 1312 1315
# Vertices: 4, normals: 0, texture coordinates: 0, faces: 2

o obj244
v -209.37007141 -169.54724121 216.33857727
v -210.04081726 -169.95970154 40.15748215
v -209.37007141 -169.54724121 40.15748215
v -210.04081726 -169.95970154 216.33857727
usemtl mat1
f 1316 1317 1318
f 1317 1316 1319
# Vertices: 4, normals: 0, texture coordinates: 0, faces: 2

o obj245
v -283.94006348 -114.68148804 216.33857727
v -255.3573761 -161.57125854 40.15748215
v -255.3573761 -161.57125854 216.33857727
v -283.94006348 -114.68148804 40.15748215
usemtl mat1
f 1320 1321 1322
f 1321 1320 1323
# Vertices: 4, normals: 0, texture coordinates: 0, faces: 2

o obj246
v -255.3573761 -161.57125854 216.33857727
v -283.26773071 -114.27165222 216.33857727
v -283.94006348 -114.68148804 216.33857727
v -254.68504333 -161.16142273 216.33857727
usemtl mat1
f 1324 1325 1326
f 1325 1324 1327
# Vertices: 4, normals: 0, texture coordinates: 0, faces: 2

o obj247
v -254.68504333 -161.16142273 216.33857727
v -255.3573761 -161.57125854 40.15748215
v -254.68504333 -161.16142273 40.15748215
v -255.3573761 -161.57125854 216.33857727
usemtl mat1
f 1328 1329 1330
f 1329 1328 1331
# Vertices: 4, normals: 0, texture coordinates: 0, faces: 2

o obj248
v -283.26773071 -114.27165222 40.15748215
v -255.3573761 -161.57125854 40.15748215
v -283.94006348 -114.68148804 40.15748215
v -254.68504333 -161.16142273 40.15748215
usemtl mat1
f 1332 1333 1334
f 1333 1332 1335
# Vertices: 4, normals: 0, texture coordinates: 0, faces: 2

o obj249
v -283.94006348 -114.68148804 216.33857727
v -283.26773071 -114.27165222 40.15748215
v -283.94006348 -114.68148804 40.15748215
v -283.26773071 -114.27165222 216.33857727
usemtl mat1
f 1336 1337 1338
f 1337 1336 1339
# Vertices: 4, normals: 0, texture coordinates: 0, faces: 2

o obj250
v -323.70077515 135.05905151 216.33857727
v -323.70077515 -139.35038757 40.15748215
v -323.70077515 -139.35038757 216.33857727
v -323.70077515 135.05905151 40.15748215
usemtl mat1
f 1340 1341 1342
f 1341 1340 1343
# Vertices: 4, normals: 0, texture coordinates: 0, faces: 2

o obj251
v -322.91339111 -139.35038757 216.33857727
v -323.70077515 135.05905151 216.33857727
v -323.70077515 -139.35038757 216.33857727
v -322.91339111 135.05905151 216.33857727
usemtl mat1
f 1344 1345 1346
f 1345 1344 1347
# Vertices: 4, normals: 0, texture coordinates: 0, faces: 2

o obj252
v -323.70077515 135.05905151 216.33857727
v -322.91339111 135.05905151 40.15748215
v -323.70077515 135.05905151 40.15748215
v -322.91339111 135.05905151 216.33857727
usemtl mat1
f 1348 1349 1350
f 1349 1348 1351
# Vertices: 4, normals: 0, texture coordinates: 0, faces: 2

o obj253
v -323.70077515 135.05905151 40.15748215
v -322.91339111 -139.35038757 40.15748215
v -323.70077515 -139.35038757 40.15748215
v -322.91339111 135.05905151 40.15748215
usemtl mat1
f 1352 1353 1354
f 1353 1352 1355
# Vertices: 4, normals: 0, texture coordinates: 0, faces: 2

o obj254
v -322.91339111 -139.35038757 216.33857727
v -323.70077515 -139.35038757 40.15748215
v -322.91339111 -139.35038757 40.15748215
v -323.70077515 -139.35038757 216.33857727
usemtl mat1
f 1356 1357 1358
f 1357 1356 1359
# Vertices: 4, normals: 0, texture coordinates: 0, faces: 2

o obj255
v -123.7877121 182.74703979 216.33857727
v -146.58299255 132.58956909 40.15748215
v -146.58299255 132.58956909 216.33857727
v -123.7877121 182.74703979 40.15748215
usemtl mat1
f 1360 1361 1362
f 1361 1360 1363
# Vertices: 4, normals: 0, texture coordinates: 0, faces: 2

o obj256
v -145.86613464 132.26377869 216.33857727
v -123.7877121 182.74703979 216.33857727
v -146.58299255 132.58956909 216.33857727
v -123.07086945 182.42126465 216.33857727
usemtl mat1
f 1364 1365 1366
f 1365 1364 1367
# Vertices: 4, normals: 0, texture coordinates: 0, faces: 2

o obj257
v -145.86613464 132.26377869 216.33857727
v -146.58299255 132.58956909 40.15748215
v -145.86613464 132.26377869 40.15748215
v -146.58299255 132.58956909 216.33857727
usemtl mat1
f 1368 1369 1370
f 1369 1368 1371
# Vertices: 4, normals: 0, texture coordinates: 0, faces: 2

o obj258
v -123.7877121 182.74703979 40.15748215
v -145.86613464 132.26377869 40.15748215
v -146.58299255 132.58956909 40.15748215
v -123.07086945 182.42126465 40.15748215
usemtl mat1
f 1372 1373 1374
f 1373 1372 1375
# Vertices: 4, normals: 0, texture coordinates: 0, faces: 2

o obj259
v -123.7877121 182.74703979 216.33857727
v -123.07086945 182.42126465 40.15748215
v -123.7877121 182.74703979 40.15748215
v -123.07086945 182.42126465 216.33857727
usemtl mat1
f 1376 1377 1378
f 1377 1376 1379
# Vertices: 4, normals: 0, texture coordinates: 0, faces: 2

o obj260
v -162.14775085 176.65234375 216.33857727
v -182.73829651 125.51062012 40.15748215
v -182.73829651 125.51062012 216.33857727
v -162.14775085 176.65234375 40.15748215
usemtl mat1
f 1380 1381 1382
f 1381 1380 1383
# Vertices: 4, normals: 0, texture coordinates: 0, faces: 2

o obj261
v -182.00787354 125.21653748 216.33857727
v -162.14775085 176.65234375 216.33857727
v -182.73829651 125.51062012 216.33857727
v -161.41732788 176.35826111 216.33857727
usemtl mat1
f 1384 1385 1386
f 1385 1384 1387
# Vertices: 4, normals: 0, texture coordinates: 0, faces: 2

o obj262
v -182.00787354 125.21653748 216.33857727
v -182.73829651 125.51062012 40.15748215
v -182.00787354 125.21653748 40.15748215
v -182.73829651 125.51062012 216.33857727
usemtl mat1
f 1388 1389 1390
f 1389 1388 1391
# Vertices: 4, normals: 0, texture coordinates: 0, faces: 2

o obj263
v -162.14775085 176.65234375 40.15748215
v -182.00787354 125.21653748 40.15748215
v -182.73829651 125.51062012 40.15748215
v -161.41732788 176.35826111 40.15748215
usemtl mat1
f 1392 1393 1394
f 1393 1392 1395
# Vertices: 4, normals: 0, texture coordinates: 0, faces: 2

o obj264
v -162.14775085 176.65234375 216.33857727
v -161.41732788 176.35826111 40.15748215
v -162.14775085 176.65234375 40.15748215
v -161.41732788 176.35826111 216.33857727
usemtl mat1
f 1396 1397 1398
f 1397 1396 1399
# Vertices: 4, normals: 0, texture coordinates: 0, faces: 2

o obj265
v -212.83087158 166.85308838 216.33857727
v -236.06594849 117.79768372 40.15748215
v -236.06594849 117.79768372 216.33857727
v -212.83087158 166.85308838 40.15748215
usemtl mat1
f 1400 1401 1402
f 1401 1400 1403
# Vertices: 4, normals: 0, texture coordinates: 0, faces: 2

o obj266
v -235.35432434 117.46063232 216.33857727
v -212.83087158 166.85308838 216.33857727
v -236.06594849 117.79768372 216.33857727
v -212.1192627 166.51603699 216.33857727
usemtl mat1
f 1404 1405 1406
f 1405 1404 1407
# Vertices: 4, normals: 0, texture coordinates: 0, faces: 2

o obj267
v -212.83087158 166.85308838 216.33857727
v -212.1192627 166.51603699 40.15748215
v -212.83087158 166.85308838 40.15748215
v -212.1192627 166.51603699 216.33857727
usemtl mat1
f 1408 1409 1410
f 1409 1408 1411
# Vertices: 4, normals: 0, texture coordinates: 0, faces: 2

o obj268
v -212.83087158 166.85308838 40.15748215
v -235.35432434 117.46063232 40.15748215
v -236.06594849 117.79768372 40.15748215
v -212.1192627 166.51603699 40.15748215
usemtl mat1
f 1412 1413 1414
f 1413 1412 1415
# Vertices: 4, normals: 0, texture coordinates: 0, faces: 2

o obj269
v -235.35432434 117.46063232 216.33857727
v -236.06594849 117.79768372 40.15748215
v -235.35432434 117.46063232 40.15748215
v -236.06594849 117.79768372 216.33857727
usemtl mat1
f 1416 1417 1418
f 1417 1416 1419
# Vertices: 4, normals: 0, texture coordinates: 0, faces: 2

o obj270
v -258.73513794 160.47718811 216.33857727
v -276.92410278 108.62678528 40.15748215
v -276.92410278 108.62678528 216.33857727
v -258.73513794 160.47718811 40.15748215
usemtl mat1
f 1420 1421 1422
f 1421 1420 1423
# Vertices: 4, normals: 0, texture coordinates: 0, faces: 2

o obj271
v -276.18109131 108.36614227 216.33857727
v -258.73513794 160.47718811 216.33857727
v -276.92410278 108.62678528 216.33857727
v -257.99212646 160.21653748 216.33857727
usemtl mat1
f 1424 1425 1426
f 1425 1424 1427
# Vertices: 4, normals: 0, texture coordinates: 0, faces: 2

o obj272
v -276.18109131 108.36614227 216.33857727
v -276.92410278 108.62678528 40.15748215
v -276.18109131 108.36614227 40.15748215
v -276.92410278 108.62678528 216.33857727
usemtl mat1
f 1428 1429 1430
f 1429 1428 1431
# Vertices: 4, normals: 0, texture coordinates: 0, faces: 2

o obj273
v -258.73513794 160.47718811 40.15748215
v -276.18109131 108.36614227 40.15748215
v -276.92410278 108.62678528 40.15748215
v -257.99212646 160.21653748 40.15748215
usemtl mat1
f 1432 1433 1434
f 1433 1432 1435
# Vertices: 4, normals: 0, texture coordinates: 0, faces: 2

o obj274
v -258.73513794 160.47718811 216.33857727
v -257.99212646 160.21653748 40.15748215
v -258.73513794 160.47718811 40.15748215
v -257.99212646 160.21653748 216.33857727
usemtl mat1
f 1436 1437 1438
f 1437 1436 1439
# Vertices: 4, normals: 0, texture coordinates: 0, faces: 2

o obj275
v -231.3754425 -121.1614151 247.28533936
v -269.48568726 109.07480621 218.93888855
v -269.48568726 -113.56299591 218.93888855
v -231.3754425 117.30314636 247.28533936
usemtl mat1
f 1440 1441 1442
f 1441 1440 1443
# Vertices: 4, normals: 0, texture coordinates: 0, faces: 2

o obj276
v -269.48568726 109.07480621 218.93888855
v -230.90551758 117.30314636 246.65354919
v -269.01574707 109.07480621 218.30708313
v -231.3754425 117.30314636 247.28533936
usemtl mat1
f 1444 1445 1446
f 1445 1444 1447
# Vertices: 4, normals: 0, texture coordinates: 0, faces: 2

o obj277
v -230.90551758 117.30314636 246.65354919
v -231.3754425 -121.1614151 247.28533936
v -230.90551758 -121.1614151 246.65354919
v -231.3754425 117.30314636 247.28533936
usemtl mat1
f 1448 1449 1450
f 1449 1448 1451
# Vertices: 4, normals: 0, texture coordinates: 0, faces: 2

o obj278
v -230.90551758 -121.1614151 246.65354919
v -269.48568726 -113.56299591 218.93888855
v -269.01574707 -113.56299591 218.30708313
v -231.3754425 -121.1614151 247.28533936
usemtl mat1
f 1452 1453 1454
f 1453 1452 1455
# Vertices: 4, normals: 0, texture coordinates: 0, faces: 2

o obj279
v -269.48568726 -113.56299591 218.93888855
v -269.01574707 109.07480621 218.30708313
v -269.01574707 -113.56299591 218.30708313
v -269.48568726 109.07480621 218.93888855
usemtl mat1
f 1456 1457 1458
f 1457 1456 1459
# Vertices: 4, normals: 0, texture coordinates: 0, faces: 2

o obj280
v -151.10342407 -130.88583374 251.09632874
v -205.35539246 119.46850586 223.65539551
v -205.35539246 -122.93306732 223.65539551
v -151.10342407 128.20866394 251.09632874
usemtl mat1
f 1460 1461 1462
f 1461 1460 1463
# Vertices: 4, normals: 0, texture coordinates: 0, faces: 2

o obj281
v -205.35539246 119.46850586 223.65539551
v -150.74803162 128.20866394 250.39370728
v -205 119.46850586 222.95275879
v -151.10342407 128.20866394 251.09632874
usemtl mat1
f 1464 1465 1466
f 1465 1464 1467
# Vertices: 4, normals: 0, texture coordinates: 0, faces: 2

o obj282
v -150.74803162 128.20866394 250.39370728
v -151.10342407 -130.88583374 251.09632874
v -150.74803162 -130.88583374 250.39370728
v -151.10342407 128.20866394 251.09632874
usemtl mat1
f 1468 1469 1470
f 1469 1468 1471
# Vertices: 4, normals: 0, texture coordinates: 0, faces: 2

o obj283
v -150.74803162 -130.88583374 250.39370728
v -205.35539246 -122.93306732 223.65539551
v -205 -122.93306732 222.95275879
v -151.10342407 -130.88583374 251.09632874
usemtl mat1
f 1472 1473 1474
f 1473 1472 1475
# Vertices: 4, normals: 0, texture coordinates: 0, faces: 2

o obj284
v -205.35539246 -122.93306732 223.65539551
v -205 119.46850586 222.95275879
v -205 -122.93306732 222.95275879
v -205.35539246 119.46850586 223.65539551
usemtl mat1
f 1476 1477 1478
f 1477 1476 1479
# Vertices: 4, normals: 0, texture coordinates: 0, faces: 2

o obj285
v 623.93701172 -195.21653748 182.6771698
v 519.37005615 -195.21653748 156.88977051
v 623.93701172 -195.21653748 156.88977051
v 304.05511475 -195.21653748 156.88977051
v 239.80314636 -195.21653748 156.88977051
v 24.68503952 -195.21653748 156.88977051
v -29.29133797 -195.21653748 156.88977051
v -27.32283401 -195.21653748 156.88977051
v -29.29133797 -195.21653748 182.6771698
usemtl mat0
f 1480 1481 1482
f 1481 1480 1483
f 1483 1480 1484
f 1484 1480 1485
f 1485 1486 1487
f 1486 1485 1488
f 1488 1485 1480
# Vertices: 9, normals: 0, texture coordinates: 0, faces: 7

o obj286
v -29.29133797 -180.21653748 182.6771698
v -29.29133797 -195.21653748 156.88977051
v -29.29133797 -195.21653748 182.6771698
v -29.29133797 -180.21653748 156.88977051
usemtl mat3
f 1489 1490 1491
f 1490 1489 1492
# Vertices: 4, normals: 0, texture coordinates: 0, faces: 2

o obj287
v -87.08661652 175.84645081 182.6771698
v -29.29133797 175.84645081 156.88977051
v -87.08661652 175.84645081 156.88977051
v -29.29133797 175.84645081 182.6771698
usemtl mat3
f 1493 1494 1495
f 1494 1493 1496
# Vertices: 4, normals: 0, texture coordinates: 0, faces: 2

o obj288
v -29.29133797 193.40551758 182.6771698
v -29.29133797 175.84645081 156.88977051
v -29.29133797 175.84645081 182.6771698
v -29.29133797 193.40551758 156.88977051
usemtl mat3
f 1497 1498 1499
f 1498 1497 1500
# Vertices: 4, normals: 0, texture coordinates: 0, faces: 2

o obj289
v 623.93701172 193.40551758 156.88977051
v 623.93701172 -195.21653748 182.6771698
v 623.93701172 -195.21653748 156.88977051
v 623.93701172 191.43701172 182.6771698
v 623.93701172 193.40551758 182.6771698
usemtl mat0
f 1501 1502 1503
f 1502 1501 1504
f 1504 1501 1505
# Vertices: 5, normals: 0, texture coordinates: 0, faces: 3

o obj290
v -29.29133797 193.40551758 182.6771698
v 22.99212646 193.40551758 156.88977051
v -29.29133797 193.40551758 156.88977051
v 237.87400818 193.40551758 156.88977051
v 302.08660889 193.40551758 156.88977051
v 517.67718506 193.40551758 156.88977051
v 623.93701172 193.40551758 156.88977051
v 623.93701172 193.40551758 182.6771698
v 621.96850586 193.40551758 182.6771698
usemtl mat0
f 1506 1507 1508
f 1507 1506 1509
f 1509 1506 1510
f 1510 1506 1511
f 1511 1506 1512
f 1512 1506 1513
f 1513 1506 1514
# Vertices: 9, normals: 0, texture coordinates: 0, faces: 7

o obj291
v -87.08661652 -180.21653748 182.6771698
v -29.29133797 -180.21653748 156.88977051
v -87.08661652 -180.21653748 156.88977051
v -29.29133797 -180.21653748 182.6771698
usemtl mat3
f 1515 1516 1517
f 1516 1515 1518
# Vertices: 4, normals: 0, texture coordinates: 0, faces: 2

o obj292
v -27.32283401 -178.24803162 140.5118103
v -27.32283401 -193.24803162 156.88977051
v -27.32283401 -193.24803162 140.5118103
v -27.32283401 -193.24803162 182.6771698
v -27.32283401 -178.24803162 182.6771698
usemtl mat2
f 1519 1520 1521
f 1520 1519 1522
f 1522 1519 1523
# Vertices: 5, normals: 0, texture coordinates: 0, faces: 3

o obj293
v 575.19683838 225.45275879 265.55117798
v 615.39367676 -227.89370728 265.55117798
v 575.19683838 -227.89370728 265.55117798
v 615.39367676 225.45275879 265.55117798
v 729.64569092 -245.49212646 265.55117798
v 615.39367676 -245.49212646 265.55117798
v 615.39367676 260.21652222 265.55117798
v 729.64569092 260.21652222 265.55117798
usemtl mat2
f 1524 1525 1526
f 1525 1524 1527
f 1525 1528 1529
f 1528 1525 1527
f 1528 1527 1530
f 1528 1530 1531
# Vertices: 8, normals: 0, texture coordinates: 0, faces: 6

o obj294
v 615.39367676 225.45275879 265.55117798
v 575.19683838 225.45275879 156.88977051
v 615.39367676 225.45275879 156.88977051
v 575.19683838 225.45275879 265.55117798
usemtl mat0
f 1532 1533 1534
f 1533 1532 1535
# Vertices: 4, normals: 0, texture coordinates: 0, faces: 2

o obj295
v 615.39367676 260.21652222 156.88977051
v 615.39367676 225.45275879 265.55117798
v 615.39367676 225.45275879 156.88977051
v 615.39367676 260.21652222 265.55117798
usemtl mat0
f 1536 1537 1538
f 1537 1536 1539
# Vertices: 4, normals: 0, texture coordinates: 0, faces: 2

o obj296
v 615.39367676 -245.49212646 265.55117798
v 639.01574707 -245.49212646 163.1889801
v 615.39367676 -245.49212646 163.1889801
v 729.64569092 -245.49212646 156.88977051
v 639.01574707 -245.49212646 156.88977051
v 729.64569092 -245.49212646 265.55117798
usemtl mat0
f 1540 1541 1542
f 1541 1543 1544
f 1543 1541 1545
f 1545 1541 1540
# Vertices: 6, normals: 0, texture coordinates: 0, faces: 4

o obj297
v 575.19683838 -227.89370728 265.55117798
v 615.39367676 -227.89370728 156.88977051
v 575.19683838 -227.89370728 156.88977051
v 615.39367676 -227.89370728 163.1889801
v 615.39367676 -227.89370728 265.55117798
usemtl mat0
f 1546 1547 1548
f 1547 1546 1549
f 1549 1546 1550
# Vertices: 5, normals: 0, texture coordinates: 0, faces: 3

o obj298
v 205.52656555 -261.16140747 326.67556763
v -402.0718689 -253.60235596 326.67556763
v -402.0718689 -261.16140747 326.67556763
v 677.9675293 -253.60235596 326.67556763
v 677.9675293 -261.16140747 326.67556763
usemtl mat2
f 1551 1552 1553
f 1552 1551 1554
f 1554 1551 1555
# Vertices: 5, normals: 0, texture coordinates: 0, faces: 3

o obj299
v -402.0718689 -253.60235596 326.67556763
v -37.24409485 -253.60235596 304.2989502
v -402.0718689 -253.60235596 304.2989502
v 575.19683838 -253.60235596 304.2989502
v 575.60528564 -253.60235596 304.2989502
v 677.9675293 -253.60235596 267.62045288
v 575.60528564 -253.60235596 267.62045288
v 677.9675293 -253.60235596 326.67556763
v 575.19683838 -253.60235596 300.75564575
v -37.24409485 -253.60235596 300.75564575
usemtl mat2
f 1556 1557 1558
f 1557 1556 1559
f 1559 1556 1560
f 1560 1561 1562
f 1561 1560 1563
f 1563 1560 1556
f 1557 1564 1565
f 1564 1557 1559
# Vertices: 10, normals: 0, texture coordinates: 0, faces: 8

o obj300
v 205.52656555 -261.16140747 475.49447632
v 205.52656555 -261.16140747 326.67556763
v -402.0718689 -261.16140747 326.67556763
usemtl mat2
f 1566 1567 1568
# Vertices: 3, normals: 0, texture coordinates: 0, faces: 1

o obj301
v 677.9675293 273.99606323 326.67556763
v 575.60528564 273.99606323 267.62045288
v 677.9675293 273.99606323 267.62045288
v 575.60528564 273.99606323 304.2989502
v 575.19683838 273.99606323 304.2989502
v -37.24409485 273.99606323 304.2989502
v -402.0718689 273.99606323 304.2989502
v -402.0718689 273.99606323 326.67556763
v -37.24409485 273.99606323 300.75564575
v 575.19683838 273.99606323 300.75564575
usemtl mat2
f 1569 1570 1571
f 1570 1569 1572
f 1572 1569 1573
f 1573 1569 1574
f 1574 1569 1575
f 1575 1569 1576
f 1573 1577 1578
f 1577 1573 1574
# Vertices: 10, normals: 0, texture coordinates: 0, faces: 8

o obj302
v 677.9675293 273.99606323 326.67556763
v -402.0718689 281.55511475 326.67556763
v -402.0718689 273.99606323 326.67556763
v 205.52656555 281.55511475 326.67556763
v 677.9675293 281.55511475 326.67556763
usemtl mat2
f 1579 1580 1581
f 1580 1579 1582
f 1582 1579 1583
# Vertices: 5, normals: 0, texture coordinates: 0, faces: 3

o obj303
v 205.52656555 281.55511475 475.49447632
v -402.0718689 281.55511475 326.67556763
v 205.52656555 281.55511475 326.67556763
usemtl mat2
f 1584 1585 1586
# Vertices: 3, normals: 0, texture coordinates: 0, faces: 1

o obj304
v 205.52656555 281.55511475 475.49447632
v 205.52656555 281.55511475 326.67556763
v 677.9675293 281.55511475 326.67556763
usemtl mat2
f 1587 1588 1589
# Vertices: 3, normals: 0, texture coordinates: 0, faces: 1

o obj305
v 205.52656555 281.55511475 475.49447632
v 677.9675293 -261.16140747 326.67556763
v 205.52656555 -261.16140747 475.49447632
v 677.9675293 273.99606323 326.67556763
v 677.9675293 281.55511475 326.67556763
v 677.9675293 -253.60235596 326.67556763
usemtl mat2
f 1590 1591 1592
f 1591 1590 1593
f 1593 1590 1594
f 1591 1593 1595
# Vertices: 6, normals: 0, texture coordinates: 0, faces: 4

o obj306
v -402.0718689 273.99606323 304.2989502
v -402.0718689 -253.60235596 326.67556763
v -402.0718689 -253.60235596 304.2989502
v -402.0718689 273.99606323 326.67556763
usemtl mat2
f 1596 1597 1598
f 1597 1596 1599
# Vertices: 4, normals: 0, texture coordinates: 0, faces: 2

o obj307
v 677.9675293 273.99606323 326.67556763
v 677.9675293 -253.60235596 267.62045288
v 677.9675293 -253.60235596 326.67556763
v 677.9675293 273.99606323 267.62045288
usemtl mat2
f 1600 1601 1602
f 1601 1600 1603
# Vertices: 4, normals: 0, texture coordinates: 0, faces: 2

o obj308
v 677.9675293 -253.60235596 267.62045288
v 575.60528564 273.99606323 267.62045288
v 575.60528564 -253.60235596 267.62045288
v 677.9675293 273.99606323 267.62045288
usemtl mat2
f 1604 1605 1606
f 1605 1604 1607
# Vertices: 4, normals: 0, texture coordinates: 0, faces: 2

o obj309
v 205.52656555 -261.16140747 475.49447632
v 677.9675293 -261.16140747 326.67556763
v 205.52656555 -261.16140747 326.67556763
usemtl mat2
f 1608 1609 1610
# Vertices: 3, normals: 0, texture coordinates: 0, faces: 1

o obj310
v -102.83464813 -178.24803162 230
v -102.83464813 -221.9881897 39.37007904
v -102.83464813 -221.9881897 230
v -102.83464813 -178.24803162 39.37007904
usemtl mat1
f 1611 1612 1613
f 1612 1611 1614
# Vertices: 4, normals: 0, texture coordinates: 0, faces: 2

o obj311
v -89.10080719 173.87796021 230
v -87.08661652 -178.24803162 230
v -89.10080719 -178.24803162 230
v -87.08661652 173.87796021 230
usemtl mat3
f 1615 1616 1617
f 1616 1615 1618
# Vertices: 4, normals: 0, texture coordinates: 0, faces: 2

o obj312
v -89.10080719 173.85195923 304.2989502
v -89.10080719 -178.24803162 230
v -89.10080719 -178.24803162 304.2989502
v -89.10080719 173.87796021 230
usemtl mat1
f 1619 1620 1621
f 1620 1619 1622
# Vertices: 4, normals: 0, texture coordinates: 0, faces: 2

o obj313
v -102.83464813 -178.24803162 304.2989502
v -89.10080719 -178.24803162 230
v -102.83464813 -178.24803162 230
v -89.10080719 -178.24803162 304.2989502
usemtl mat1
f 1623 1624 1625
f 1624 1623 1626
# Vertices: 4, normals: 0, texture coordinates: 0, faces: 2

o obj314
v -102.83464813 -178.24803162 304.2989502
v -102.83464813 -221.9881897 230
v -102.83464813 -222.01419067 304.2989502
v -102.83464813 -178.24803162 230
usemtl mat1
f 1627 1628 1629
f 1628 1627 1630
# Vertices: 4, normals: 0, texture coordinates: 0, faces: 2

o obj315
v -89.10080719 173.85195923 304.2989502
v -102.83464813 173.87796021 230
v -89.10080719 173.87796021 230
v -102.88033295 173.85195923 304.2989502
usemtl mat1
f 1631 1632 1633
f 1632 1631 1634
# Vertices: 4, normals: 0, texture coordinates: 0, faces: 2

o obj316
v -102.83464813 220.09841919 230
v -102.83464813 173.87796021 39.37007904
v -102.83464813 173.87796021 230
v -102.83464813 220.09841919 39.37007904
usemtl mat1
f 1635 1636 1637
f 1636 1635 1638
# Vertices: 4, normals: 0, texture coordinates: 0, faces: 2

o obj317
v -102.88033295 220.07243347 304.2989502
v -102.83464813 173.87796021 230
v -102.88033295 173.85195923 304.2989502
v -102.83464813 220.09841919 230
usemtl mat1
f 1639 1640 1641
f 1640 1639 1642
# Vertices: 4, normals: 0, texture coordinates: 0, faces: 2

o obj318
v -343.01675415 -222.01419067 304.2989502
v -102.83464813 -221.9881897 230
v -343.01675415 -221.9881897 230
v -102.83464813 -222.01419067 304.2989502
usemtl mat1
f 1643 1644 1645
f 1644 1643 1646
# Vertices: 4, normals: 0, texture coordinates: 0, faces: 2

o obj319
v -102.88033295 220.07243347 304.2989502
v -343.01675415 220.09841919 230
v -102.83464813 220.09841919 230
v -343.01675415 220.07243347 304.2989502
usemtl mat1
f 1647 1648 1649
f 1648 1647 1650
# Vertices: 4, normals: 0, texture coordinates: 0, faces: 2

o obj320
v -102.83464813 220.09841919 230
v -402.04724121 220.09841919 39.37007904
v -102.83464813 220.09841919 39.37007904
v -402.04724121 220.09841919 230
v -343.01675415 220.09841919 230
usemtl mat1
f 1651 1652 1653
f 1652 1651 1654
f 1654 1651 1655
# Vertices: 5, normals: 0, texture coordinates: 0, faces: 3

o obj321
v -402.04724121 -221.9881897 230
v -102.83464813 -221.9881897 39.37007904
v -402.04724121 -221.9881897 39.37007904
v -102.83464813 -221.9881897 230
v -343.01675415 -221.9881897 230
usemtl mat1
f 1656 1657 1658
f 1657 1656 1659
f 1659 1656 1660
# Vertices: 5, normals: 0, texture coordinates: 0, faces: 3

o obj322
v -343.01675415 -221.9881897 230
v -343.01675415 220.07243347 304.2989502
v -343.01675415 -222.01419067 304.2989502
v -343.01675415 220.09841919 230
usemtl mat1
f 1661 1662 1663
f 1662 1661 1664
# Vertices: 4, normals: 0, texture coordinates: 0, faces: 2

o obj323
v -402.04724121 220.09841919 230
v -343.01675415 -221.9881897 230
v -402.04724121 -221.9881897 230
v -343.01675415 220.09841919 230
usemtl mat1
f 1665 1666 1667
f 1666 1665 1668
# Vertices: 4, normals: 0, texture coordinates: 0, faces: 2

o obj324
v -402.04724121 220.09841919 39.37007904
v -402.04724121 -221.9881897 230
v -402.04724121 -221.9881897 39.37007904
v -402.04724121 220.09841919 230
usemtl mat1
f 1669 1670 1671
f 1670 1669 1672
# Vertices: 4, normals: 0, texture coordinates: 0, faces: 2

o obj325
v -402.0718689 -253.60235596 326.67556763
v 205.52656555 -261.16140747 475.49447632
v -402.0718689 -261.16140747 326.67556763
v -402.0718689 273.99606323 326.67556763
v -402.0718689 281.55511475 326.67556763
v 205.52656555 281.55511475 475.49447632
usemtl mat2
f 1673 1674 1675
f 1674 1673 1676
f 1674 1676 1677
f 1674 1677 1678
# Vertices: 6, normals: 0, texture coordinates: 0, faces: 4

o obj326
v 7.63779545 -220.01968384 300.19683838
v 32.04724503 -227.89370728 289.8425293
v 7.63779545 -227.89370728 289.8425293
v 32.04724503 -220.01968384 300.19683838
usemtl mat2
f 1679 1680 1681
f 1680 1679 1682
# Vertices: 4, normals: 0, texture coordinates: 0, faces: 2

o obj327
v 169.92126465 -227.89370728 265.55117798
v 239.80314636 -227.89370728 265.55117798
v 233.89764404 -227.89370728 265.55117798
v 304.05511475 -227.89370728 265.55117798
v 309.96063232 -227.89370728 265.55117798
v 374.25198364 -227.89370728 265.55117798
v 380.1574707 -227.89370728 265.55117798
v 443.97637939 -227.89370728 265.55117798
v 449.88189697 -227.89370728 265.55117798
v 513.46453857 -227.89370728 265.55117798
v 519.37005615 -227.89370728 265.55117798
v -37.24409485 -227.89370728 289.8425293
v 24.68503952 -227.89370728 265.55117798
v -37.24409485 -227.89370728 265.55117798
v 30.59055138 -227.89370728 265.55117798
v 164.01574707 -227.89370728 265.55117798
v 575.19683838 -227.89370728 289.8425293
v 575.19683838 -227.89370728 265.55117798
v -15.19685078 -227.89370728 289.8425293
v 7.63779545 -227.89370728 289.8425293
v 32.04724503 -227.89370728 289.8425293
v 76.53543091 -227.89370728 289.8425293
v 101.3385849 -227.89370728 289.8425293
v 145.82676697 -227.89370728 289.8425293
v 170.62992859 -227.89370728 289.8425293
v 215.11810303 -227.89370728 289.8425293
v 239.92126465 -227.89370728 289.8425293
v 284.40945435 -227.89370728 289.8425293
v 309.21258545 -227.89370728 289.8425293
v 353.70077515 -227.89370728 289.8425293
v 378.50393677 -227.89370728 289.8425293
v 422.99212646 -227.89370728 289.8425293
v 447.79528809 -227.89370728 289.8425293
v 492.28347778 -227.89370728 289.8425293
v 100.5118103 -227.89370728 265.55117798
v 94.60630035 -227.89370728 265.55117798
usemtl mat2
f 1683 1684 1685
f 1684 1683 1686
f 1686 1683 1687
f 1687 1683 1688
f 1688 1683 1689
f 1689 1683 1690
f 1690 1683 1691
f 1691 1683 1692
f 1692 1683 1693
f 1694 1695 1696
f 1695 1694 1697
f 1697 1694 1698
f 1698 1694 1683
f 1693 1699 1700
f 1699 1693 1683
f 1699 1683 1694
f 1699 1694 1701
f 1699 1701 1702
f 1699 1702 1703
f 1699 1703 1704
f 1699 1704 1705
f 1699 1705 1706
f 1699 1706 1707
f 1699 1707 1708
f 1699 1708 1709
f 1699 1709 1710
f 1699 1710 1711
f 1699 1711 1712
f 1699 1712 1713
f 1699 1713 1714
f 1699 1714 1715
f 1699 1715 1716
f 1697 1717 1718
f 1717 1697 1698
# Vertices: 36, normals: 0, texture coordinates: 0, faces: 34

o obj328
v 145.82676697 -220.01968384 300.19683838
v 170.62992859 -227.89370728 289.8425293
v 145.82676697 -227.89370728 289.8425293
v 170.62992859 -220.01968384 300.19683838
usemtl mat2
f 1719 1720 1721
f 1720 1719 1722
# Vertices: 4, normals: 0, texture coordinates: 0, faces: 2

o obj329
v 284.40945435 -220.01968384 300.19683838
v 309.21258545 -227.89370728 289.8425293
v 284.40945435 -227.89370728 289.8425293
v 309.21258545 -220.01968384 300.19683838
usemtl mat2
f 1723 1724 1725
f 1724 1723 1726
# Vertices: 4, normals: 0, texture coordinates: 0, faces: 2

o obj330
v 215.11810303 -220.01968384 300.19683838
v 239.92126465 -227.89370728 289.8425293
v 215.11810303 -227.89370728 289.8425293
v 239.92126465 -220.01968384 300.19683838
usemtl mat2
f 1727 1728 1729
f 1728 1727 1730
# Vertices: 4, normals: 0, texture coordinates: 0, faces: 2

o obj331
v 422.99212646 -220.01968384 300.19683838
v 447.79528809 -227.89370728 289.8425293
v 422.99212646 -227.89370728 289.8425293
v 447.79528809 -220.01968384 300.19683838
usemtl mat2
f 1731 1732 1733
f 1732 1731 1734
# Vertices: 4, normals: 0, texture coordinates: 0, faces: 2

o obj332
v 353.70077515 -220.01968384 300.19683838
v 378.50393677 -227.89370728 289.8425293
v 353.70077515 -227.89370728 289.8425293
v 378.50393677 -220.01968384 300.19683838
usemtl mat2
f 1735 1736 1737
f 1736 1735 1738
# Vertices: 4, normals: 0, texture coordinates: 0, faces: 2

o obj333
v 492.28347778 -220.01968384 300.19683838
v 575.19683838 -227.89370728 289.8425293
v 492.28347778 -227.89370728 289.8425293
v 567.32281494 -220.01968384 300.19683838
usemtl mat2
f 1739 1740 1741
f 1740 1739 1742
# Vertices: 4, normals: 0, texture coordinates: 0, faces: 2

o obj334
v 567.32281494 -125.13779449 300.19683838
v 575.19683838 -80.6496048 289.8425293
v 575.19683838 -125.13779449 289.8425293
v 567.32281494 -80.6496048 300.19683838
usemtl mat2
f 1743 1744 1745
f 1744 1743 1746
# Vertices: 4, normals: 0, texture coordinates: 0, faces: 2

o obj335
v 567.32281494 -36.16141891 300.19683838
v 575.19683838 35.09842682 289.8425293
v 575.19683838 -36.16141891 289.8425293
v 567.32281494 35.09842682 300.19683838
usemtl mat2
f 1747 1748 1749
f 1748 1747 1750
# Vertices: 4, normals: 0, texture coordinates: 0, faces: 2

o obj336
v 567.32281494 168.56298828 300.19683838
v 575.19683838 225.45275879 289.8425293
v 575.19683838 168.56298828 289.8425293
v 567.32281494 217.57873535 300.19683838
usemtl mat2
f 1751 1752 1753
f 1752 1751 1754
# Vertices: 4, normals: 0, texture coordinates: 0, faces: 2

o obj337
v 567.32281494 217.57873535 300.19683838
v 493.70077515 225.45275879 289.8425293
v 575.19683838 225.45275879 289.8425293
v 493.70077515 217.57873535 300.19683838
usemtl mat2
f 1755 1756 1757
f 1756 1755 1758
# Vertices: 4, normals: 0, texture coordinates: 0, faces: 2

o obj338
v 449.21258545 217.57873535 300.19683838
v 424.40945435 225.45275879 289.8425293
v 449.21258545 225.45275879 289.8425293
v 424.40945435 217.57873535 300.19683838
usemtl mat2
f 1759 1760 1761
f 1760 1759 1762
# Vertices: 4, normals: 0, texture coordinates: 0, faces: 2

o obj339
v 379.92126465 217.57873535 300.19683838
v 355.11810303 225.45275879 289.8425293
v 379.92126465 225.45275879 289.8425293
v 355.11810303 217.57873535 300.19683838
usemtl mat2
f 1763 1764 1765
f 1764 1763 1766
# Vertices: 4, normals: 0, texture coordinates: 0, faces: 2

o obj340
v 310.62991333 217.57873535 300.19683838
v 285.82678223 225.45275879 289.8425293
v 310.62991333 225.45275879 289.8425293
v 285.82678223 217.57873535 300.19683838
usemtl mat2
f 1767 1768 1769
f 1768 1767 1770
# Vertices: 4, normals: 0, texture coordinates: 0, faces: 2

o obj341
v 241.33857727 217.57873535 300.19683838
v 216.53543091 225.45275879 289.8425293
v 241.33857727 225.45275879 289.8425293
v 216.53543091 217.57873535 300.19683838
usemtl mat2
f 1771 1772 1773
f 1772 1771 1774
# Vertices: 4, normals: 0, texture coordinates: 0, faces: 2

o obj342
v 172.04724121 217.57873535 300.19683838
v 147.24409485 225.45275879 289.8425293
v 172.04724121 225.45275879 289.8425293
v 147.24409485 217.57873535 300.19683838
usemtl mat2
f 1775 1776 1777
f 1776 1775 1778
# Vertices: 4, normals: 0, texture coordinates: 0, faces: 2

o obj343
v 102.75590515 217.57873535 300.19683838
v 77.95275879 225.45275879 289.8425293
v 102.75590515 225.45275879 289.8425293
v 77.95275879 217.57873535 300.19683838
usemtl mat2
f 1779 1780 1781
f 1780 1779 1782
# Vertices: 4, normals: 0, texture coordinates: 0, faces: 2

o obj344
v 33.46456528 217.57873535 300.19683838
v -37.24409485 225.45275879 289.8425293
v 33.46456528 225.45275879 289.8425293
v -29.37007904 217.57873535 300.19683838
usemtl mat2
f 1783 1784 1785
f 1784 1783 1786
# Vertices: 4, normals: 0, texture coordinates: 0, faces: 2

o obj345
v 575.60528564 -253.60235596 304.2989502
v 575.19683838 -227.89370728 304.2989502
v 575.19683838 -253.60235596 304.2989502
v 575.19683838 273.99606323 304.2989502
v 575.60528564 273.99606323 304.2989502
usemtl mat2
f 1787 1788 1789
f 1788 1787 1790
f 1790 1787 1791
# Vertices: 5, normals: 0, texture coordinates: 0, faces: 3

o obj346
v -89.10080719 173.85195923 304.2989502
v -102.88033295 220.07243347 304.2989502
v -102.88033295 173.85195923 304.2989502
v -402.0718689 -253.60235596 304.2989502
v -343.01675415 -222.01419067 304.2989502
v -402.0718689 273.99606323 304.2989502
v -37.24409485 -253.60235596 304.2989502
v -102.83464813 -222.01419067 304.2989502
v -102.83464813 -178.24803162 304.2989502
v -89.10080719 -178.24803162 304.2989502
v -343.01675415 220.07243347 304.2989502
v -37.24409485 273.99606323 304.2989502
v -37.24409485 -227.89370728 304.2989502
v -37.24409485 225.45275879 304.2989502
usemtl mat2
f 1792 1793 1794
f 1795 1796 1797
f 1796 1795 1798
f 1796 1798 1799
f 1799 1798 1800
f 1800 1798 1801
f 1801 1798 1792
f 1797 1802 1803
f 1802 1797 1796
f 1803 1802 1793
f 1803 1793 1792
f 1803 1792 1804
f 1804 1792 1798
f 1803 1804 1805
# Vertices: 14, normals: 0, texture coordinates: 0, faces: 14

o obj347
v -37.24409485 225.45275879 300.75564575
v -37.24409485 -227.89370728 304.2989502
v -37.24409485 -227.89370728 300.75564575
v -37.24409485 225.45275879 304.2989502
usemtl mat2
f 1806 1807 1808
f 1807 1806 1809
# Vertices: 4, normals: 0, texture coordinates: 0, faces: 2

o obj348
v -37.24409485 273.99606323 300.75564575
v -37.24409485 225.45275879 304.2989502
v -37.24409485 225.45275879 300.75564575
v -37.24409485 273.99606323 304.2989502
usemtl mat2
f 1810 1811 1812
f 1811 1810 1813
# Vertices: 4, normals: 0, texture coordinates: 0, faces: 2

o obj349
v 575.19683838 273.99606323 304.2989502
v 575.19683838 -227.89370728 300.75564575
v 575.19683838 -227.89370728 304.2989502
v 575.19683838 -169.62599182 300.75564575
v 575.19683838 -125.13779449 300.75564575
v 575.19683838 -80.6496048 300.75564575
v 575.19683838 -36.16141891 300.75564575
v 575.19683838 35.09842682 300.75564575
v 575.19683838 79.58661652 300.75564575
v 575.19683838 124.07480621 300.75564575
v 575.19683838 168.56298828 300.75564575
v 575.19683838 273.99606323 300.75564575
usemtl mat2
f 1814 1815 1816
f 1815 1814 1817
f 1817 1814 1818
f 1818 1814 1819
f 1819 1814 1820
f 1820 1814 1821
f 1821 1814 1822
f 1822 1814 1823
f 1823 1814 1824
f 1824 1814 1825
# Vertices: 12, normals: 0, texture coordinates: 0, faces: 10

o obj350
v 575.19683838 -227.89370728 304.2989502
v 575.19683838 -253.60235596 300.75564575
v 575.19683838 -253.60235596 304.2989502
v 575.19683838 -227.89370728 300.75564575
usemtl mat3
f 1826 1827 1828
f 1827 1826 1829
# Vertices: 4, normals: 0, texture coordinates: 0, faces: 2

o obj351
v -37.24409485 -227.89370728 300.75564575
v -37.24409485 -253.60235596 304.2989502
v -37.24409485 -253.60235596 300.75564575
v -37.24409485 -227.89370728 304.2989502
usemtl mat2
f 1830 1831 1832
f 1831 1830 1833
# Vertices: 4, normals: 0, texture coordinates: 0, faces: 2

o obj352
v -15.19685078 -227.89370728 289.8425293
v -15.19685078 -227.84762573 300.75564575
v -15.19685078 -235.72163391 300.75564575
v -15.19685078 -220.01968384 300.19683838
v -15.19685078 -220.01968384 300.75564575
usemtl mat2
f 1834 1835 1836
f 1835 1834 1837
f 1835 1837 1838
# Vertices: 5, normals: 0, texture coordinates: 0, faces: 3

o obj353
v 7.63779545 -220.01968384 300.75564575
v 7.63779545 -227.89370728 289.8425293
v 7.63779545 -235.72163391 300.75564575
v 7.63779545 -220.01968384 300.19683838
usemtl mat3
f 1839 1840 1841
f 1840 1839 1842
# Vertices: 4, normals: 0, texture coordinates: 0, faces: 2

o obj354
v 7.63779545 -220.01968384 300.75564575
v -15.19685078 -220.01968384 300.19683838
v 7.63779545 -220.01968384 300.19683838
v -15.19685078 -220.01968384 300.75564575
usemtl mat2
f 1843 1844 1845
f 1844 1843 1846
# Vertices: 4, normals: 0, texture coordinates: 0, faces: 2

o obj355
v -15.19685078 -235.72163391 300.75564575
v 7.63779545 -227.89370728 289.8425293
v -15.19685078 -227.89370728 289.8425293
v 7.63779545 -235.72163391 300.75564575
usemtl mat2
f 1847 1848 1849
f 1848 1847 1850
# Vertices: 4, normals: 0, texture coordinates: 0, faces: 2

o obj356
v 32.04724503 -227.89370728 289.8425293
v 32.04724503 -220.01968384 300.75564575
v 32.04724503 -235.76771545 300.75564575
v 32.04724503 -220.01968384 300.19683838
usemtl mat2
f 1851 1852 1853
f 1852 1851 1854
# Vertices: 4, normals: 0, texture coordinates: 0, faces: 2

o obj357
v 32.04724503 -235.76771545 300.75564575
v 76.53543091 -227.89370728 289.8425293
v 32.04724503 -227.89370728 289.8425293
v 76.53543091 -235.76771545 300.75564575
usemtl mat2
f 1855 1856 1857
f 1856 1855 1858
# Vertices: 4, normals: 0, texture coordinates: 0, faces: 2

o obj358
v 101.3385849 -227.89370728 289.8425293
v 101.3385849 -220.01968384 300.75564575
v 101.3385849 -235.76771545 300.75564575
v 101.3385849 -220.01968384 300.19683838
usemtl mat2
f 1859 1860 1861
f 1860 1859 1862
# Vertices: 4, normals: 0, texture coordinates: 0, faces: 2

o obj359
v 215.11810303 -220.01968384 300.75564575
v 170.62992859 -220.01968384 300.19683838
v 215.11810303 -220.01968384 300.19683838
v 170.62992859 -220.01968384 300.75564575
usemtl mat2
f 1863 1864 1865
f 1864 1863 1866
# Vertices: 4, normals: 0, texture coordinates: 0, faces: 2

o obj360
v 170.62992859 -227.89370728 289.8425293
v 170.62992859 -220.01968384 300.75564575
v 170.62992859 -235.76771545 300.75564575
v 170.62992859 -220.01968384 300.19683838
usemtl mat2
f 1867 1868 1869
f 1868 1867 1870
# Vertices: 4, normals: 0, texture coordinates: 0, faces: 2

o obj361
v 215.11810303 -220.01968384 300.75564575
v 215.11810303 -227.89370728 289.8425293
v 215.11810303 -235.76771545 300.75564575
v 215.11810303 -220.01968384 300.19683838
usemtl mat2
f 1871 1872 1873
f 1872 1871 1874
# Vertices: 4, normals: 0, texture coordinates: 0, faces: 2

o obj362
v 170.62992859 -235.76771545 300.75564575
v 215.11810303 -227.89370728 289.8425293
v 170.62992859 -227.89370728 289.8425293
v 215.11810303 -235.76771545 300.75564575
usemtl mat2
f 1875 1876 1877
f 1876 1875 1878
# Vertices: 4, normals: 0, texture coordinates: 0, faces: 2

o obj363
v 239.92126465 -227.89370728 289.8425293
v 239.92126465 -220.01968384 300.75564575
v 239.92126465 -235.76771545 300.75564575
v 239.92126465 -220.01968384 300.19683838
usemtl mat2
f 1879 1880 1881
f 1880 1879 1882
# Vertices: 4, normals: 0, texture coordinates: 0, faces: 2

o obj364
v 239.92126465 -235.76771545 300.75564575
v 284.40945435 -227.89370728 289.8425293
v 239.92126465 -227.89370728 289.8425293
v 284.40945435 -235.76771545 300.75564575
usemtl mat2
f 1883 1884 1885
f 1884 1883 1886
# Vertices: 4, normals: 0, texture coordinates: 0, faces: 2

o obj365
v 353.70077515 -220.01968384 300.75564575
v 309.21258545 -220.01968384 300.19683838
v 353.70077515 -220.01968384 300.19683838
v 309.21258545 -220.01968384 300.75564575
usemtl mat2
f 1887 1888 1889
f 1888 1887 1890
# Vertices: 4, normals: 0, texture coordinates: 0, faces: 2

o obj366
v 353.70077515 -220.01968384 300.75564575
v 353.70077515 -227.89370728 289.8425293
v 353.70077515 -235.76771545 300.75564575
v 353.70077515 -220.01968384 300.19683838
usemtl mat2
f 1891 1892 1893
f 1892 1891 1894
# Vertices: 4, normals: 0, texture coordinates: 0, faces: 2

o obj367
v 309.21258545 -235.76771545 300.75564575
v 353.70077515 -227.89370728 289.8425293
v 309.21258545 -227.89370728 289.8425293
v 353.70077515 -235.76771545 300.75564575
usemtl mat2
f 1895 1896 1897
f 1896 1895 1898
# Vertices: 4, normals: 0, texture coordinates: 0, faces: 2

o obj368
v 309.21258545 -227.89370728 289.8425293
v 309.21258545 -220.01968384 300.75564575
v 309.21258545 -235.76771545 300.75564575
v 309.21258545 -220.01968384 300.19683838
usemtl mat2
f 1899 1900 1901
f 1900 1899 1902
# Vertices: 4, normals: 0, texture coordinates: 0, faces: 2

o obj369
v 422.99212646 -220.01968384 300.75564575
v 378.50393677 -220.01968384 300.19683838
v 422.99212646 -220.01968384 300.19683838
v 378.50393677 -220.01968384 300.75564575
usemtl mat3
f 1903 1904 1905
f 1904 1903 1906
# Vertices: 4, normals: 0, texture coordinates: 0, faces: 2

o obj370
v 422.99212646 -220.01968384 300.75564575
v 422.99212646 -227.89370728 289.8425293
v 422.99212646 -235.76771545 300.75564575
v 422.99212646 -220.01968384 300.19683838
usemtl mat2
f 1907 1908 1909
f 1908 1907 1910
# Vertices: 4, normals: 0, texture coordinates: 0, faces: 2

o obj371
v 378.50393677 -235.76771545 300.75564575
v 422.99212646 -227.89370728 289.8425293
v 378.50393677 -227.89370728 289.8425293
v 422.99212646 -235.76771545 300.75564575
usemtl mat2
f 1911 1912 1913
f 1912 1911 1914
# Vertices: 4, normals: 0, texture coordinates: 0, faces: 2

o obj372
v 378.50393677 -227.89370728 289.8425293
v 378.50393677 -220.01968384 300.75564575
v 378.50393677 -235.76771545 300.75564575
v 378.50393677 -220.01968384 300.19683838
usemtl mat2
f 1915 1916 1917
f 1916 1915 1918
# Vertices: 4, normals: 0, texture coordinates: 0, faces: 2

o obj373
v 447.79528809 -227.89370728 289.8425293
v 447.79528809 -220.01968384 300.75564575
v 447.79528809 -235.76771545 300.75564575
v 447.79528809 -220.01968384 300.19683838
usemtl mat2
f 1919 1920 1921
f 1920 1919 1922
# Vertices: 4, normals: 0, texture coordinates: 0, faces: 2

o obj374
v 492.28347778 -220.01968384 300.75564575
v 447.79528809 -220.01968384 300.19683838
v 492.28347778 -220.01968384 300.19683838
v 447.79528809 -220.01968384 300.75564575
usemtl mat2
f 1923 1924 1925
f 1924 1923 1926
# Vertices: 4, normals: 0, texture coordinates: 0, faces: 2

o obj375
v 492.28347778 -220.01968384 300.75564575
v 492.28347778 -227.89370728 289.8425293
v 492.28347778 -235.76771545 300.75564575
v 492.28347778 -220.01968384 300.19683838
usemtl mat2
f 1927 1928 1929
f 1928 1927 1930
# Vertices: 4, normals: 0, texture coordinates: 0, faces: 2

o obj376
v 447.79528809 -235.76771545 300.75564575
v 492.28347778 -227.89370728 289.8425293
v 447.79528809 -227.89370728 289.8425293
v 492.28347778 -235.76771545 300.75564575
usemtl mat2
f 1931 1932 1933
f 1932 1931 1934
# Vertices: 4, normals: 0, texture coordinates: 0, faces: 2

o obj377
v 76.53543091 -220.01968384 300.19683838
v 101.3385849 -227.89370728 289.8425293
v 76.53543091 -227.89370728 289.8425293
v 101.3385849 -220.01968384 300.19683838
usemtl mat2
f 1935 1936 1937
f 1936 1935 1938
# Vertices: 4, normals: 0, texture coordinates: 0, faces: 2

o obj378
v 76.53543091 -220.01968384 300.75564575
v 76.53543091 -227.89370728 289.8425293
v 76.53543091 -235.76771545 300.75564575
v 76.53543091 -220.01968384 300.19683838
usemtl mat2
f 1939 1940 1941
f 1940 1939 1942
# Vertices: 4, normals: 0, texture coordinates: 0, faces: 2

o obj379
v 76.53543091 -220.01968384 300.75564575
v 32.04724503 -220.01968384 300.19683838
v 76.53543091 -220.01968384 300.19683838
v 32.04724503 -220.01968384 300.75564575
usemtl mat2
f 1943 1944 1945
f 1944 1943 1946
# Vertices: 4, normals: 0, texture coordinates: 0, faces: 2

o obj380
v 145.82676697 -220.01968384 300.75564575
v 101.3385849 -220.01968384 300.19683838
v 145.82676697 -220.01968384 300.19683838
v 101.3385849 -220.01968384 300.75564575
usemtl mat2
f 1947 1948 1949
f 1948 1947 1950
# Vertices: 4, normals: 0, texture coordinates: 0, faces: 2

o obj381
v 145.82676697 -220.01968384 300.75564575
v 145.82676697 -227.89370728 289.8425293
v 145.82676697 -235.76771545 300.75564575
v 145.82676697 -220.01968384 300.19683838
usemtl mat2
f 1951 1952 1953
f 1952 1951 1954
# Vertices: 4, normals: 0, texture coordinates: 0, faces: 2

o obj382
v 101.3385849 -235.76771545 300.75564575
v 145.82676697 -227.89370728 289.8425293
v 101.3385849 -227.89370728 289.8425293
v 145.82676697 -235.76771545 300.75564575
usemtl mat2
f 1955 1956 1957
f 1956 1955 1958
# Vertices: 4, normals: 0, texture coordinates: 0, faces: 2

o obj383
v 284.40945435 -220.01968384 300.75564575
v 239.92126465 -220.01968384 300.19683838
v 284.40945435 -220.01968384 300.19683838
v 239.92126465 -220.01968384 300.75564575
usemtl mat2
f 1959 1960 1961
f 1960 1959 1962
# Vertices: 4, normals: 0, texture coordinates: 0, faces: 2

o obj384
v 284.40945435 -220.01968384 300.75564575
v 284.40945435 -227.89370728 289.8425293
v 284.40945435 -235.76771545 300.75564575
v 284.40945435 -220.01968384 300.19683838
usemtl mat2
f 1963 1964 1965
f 1964 1963 1966
# Vertices: 4, normals: 0, texture coordinates: 0, faces: 2

o obj385
v 77.95275879 225.45275879 300.75564575
v 77.95275879 217.57873535 300.19683838
v 77.95275879 217.57873535 300.75564575
v 77.95275879 225.45275879 289.8425293
usemtl mat3
f 1967 1968 1969
f 1968 1967 1970
# Vertices: 4, normals: 0, texture coordinates: 0, faces: 2

o obj386
v 33.46456528 225.45275879 289.8425293
v 33.46456528 217.57873535 300.75564575
v 33.46456528 217.57873535 300.19683838
v 33.46456528 233.30485535 300.75564575
usemtl mat2
f 1971 1972 1973
f 1972 1971 1974
# Vertices: 4, normals: 0, texture coordinates: 0, faces: 2

o obj387
v 33.46456528 217.57873535 300.75564575
v 77.95275879 217.57873535 300.19683838
v 33.46456528 217.57873535 300.19683838
v 77.95275879 217.57873535 300.75564575
usemtl mat2
f 1975 1976 1977
f 1976 1975 1978
# Vertices: 4, normals: 0, texture coordinates: 0, faces: 2

o obj388
v 77.95275879 233.30485535 300.75564575
v 77.95275879 225.45275879 289.8425293
v 77.95275879 225.45275879 300.75564575
usemtl mat3
f 1979 1980 1981
# Vertices: 3, normals: 0, texture coordinates: 0, faces: 1

o obj389
v 77.95275879 233.30485535 300.75564575
v 33.46456528 225.45275879 289.8425293
v 77.95275879 225.45275879 289.8425293
v 33.46456528 233.30485535 300.75564575
usemtl mat2
f 1982 1983 1984
f 1983 1982 1985
# Vertices: 4, normals: 0, texture coordinates: 0, faces: 2

o obj390
v 102.75590515 217.57873535 300.75564575
v 147.24409485 217.57873535 300.19683838
v 102.75590515 217.57873535 300.19683838
v 147.24409485 217.57873535 300.75564575
usemtl mat2
f 1986 1987 1988
f 1987 1986 1989
# Vertices: 4, normals: 0, texture coordinates: 0, faces: 2

o obj391
v 147.24409485 225.45275879 300.75564575
v 147.24409485 217.57873535 300.19683838
v 147.24409485 217.57873535 300.75564575
v 147.24409485 225.45275879 289.8425293
v 147.24409485 233.30485535 300.75564575
usemtl mat2
f 1990 1991 1992
f 1991 1990 1993
f 1993 1990 1994
# Vertices: 5, normals: 0, texture coordinates: 0, faces: 3

o obj392
v 102.75590515 225.45275879 289.8425293
v 102.75590515 217.57873535 300.75564575
v 102.75590515 217.57873535 300.19683838
v 102.75590515 225.45275879 300.75564575
v 102.75590515 233.30485535 300.75564575
usemtl mat2
f 1995 1996 1997
f 1996 1995 1998
f 1998 1995 1999
# Vertices: 5, normals: 0, texture coordinates: 0, faces: 3

o obj393
v 147.24409485 233.30485535 300.75564575
v 102.75590515 225.45275879 289.8425293
v 147.24409485 225.45275879 289.8425293
v 102.75590515 233.30485535 300.75564575
usemtl mat2
f 2000 2001 2002
f 2001 2000 2003
# Vertices: 4, normals: 0, texture coordinates: 0, faces: 2

o obj394
v 216.53543091 233.30485535 300.75564575
v 172.04724121 225.45275879 289.8425293
v 216.53543091 225.45275879 289.8425293
v 172.04724121 233.30485535 300.75564575
usemtl mat2
f 2004 2005 2006
f 2005 2004 2007
# Vertices: 4, normals: 0, texture coordinates: 0, faces: 2

o obj395
v 172.04724121 225.45275879 289.8425293
v 172.04724121 217.57873535 300.75564575
v 172.04724121 217.57873535 300.19683838
v 172.04724121 225.45275879 300.75564575
v 172.04724121 233.30485535 300.75564575
usemtl mat2
f 2008 2009 2010
f 2009 2008 2011
f 2011 2008 2012
# Vertices: 5, normals: 0, texture coordinates: 0, faces: 3

o obj396
v 216.53543091 225.45275879 300.75564575
v 216.53543091 217.57873535 300.19683838
v 216.53543091 217.57873535 300.75564575
v 216.53543091 225.45275879 289.8425293
v 216.53543091 233.30485535 300.75564575
usemtl mat2
f 2013 2014 2015
f 2014 2013 2016
f 2016 2013 2017
# Vertices: 5, normals: 0, texture coordinates: 0, faces: 3

o obj397
v 285.82678223 233.30485535 300.75564575
v 241.33857727 225.45275879 289.8425293
v 285.82678223 225.45275879 289.8425293
v 241.33857727 233.30485535 300.75564575
usemtl mat2
f 2018 2019 2020
f 2019 2018 2021
# Vertices: 4, normals: 0, texture coordinates: 0, faces: 2

o obj398
v 241.33857727 225.45275879 289.8425293
v 241.33857727 217.57873535 300.75564575
v 241.33857727 217.57873535 300.19683838
v 241.33857727 225.45275879 300.75564575
v 241.33857727 233.30485535 300.75564575
usemtl mat2
f 2022 2023 2024
f 2023 2022 2025
f 2025 2022 2026
# Vertices: 5, normals: 0, texture coordinates: 0, faces: 3

o obj399
v 285.82678223 225.45275879 300.75564575
v 285.82678223 217.57873535 300.19683838
v 285.82678223 217.57873535 300.75564575
v 285.82678223 225.45275879 289.8425293
v 285.82678223 233.30485535 300.75564575
usemtl mat2
f 2027 2028 2029
f 2028 2027 2030
f 2030 2027 2031
# Vertices: 5, normals: 0, texture coordinates: 0, faces: 3

o obj400
v 355.11810303 233.30485535 300.75564575
v 310.62991333 225.45275879 289.8425293
v 355.11810303 225.45275879 289.8425293
v 310.62991333 233.30485535 300.75564575
usemtl mat2
f 2032 2033 2034
f 2033 2032 2035
# Vertices: 4, normals: 0, texture coordinates: 0, faces: 2

o obj401
v 310.62991333 225.45275879 289.8425293
v 310.62991333 217.57873535 300.75564575
v 310.62991333 217.57873535 300.19683838
v 310.62991333 225.45275879 300.75564575
v 310.62991333 233.30485535 300.75564575
usemtl mat2
f 2036 2037 2038
f 2037 2036 2039
f 2039 2036 2040
# Vertices: 5, normals: 0, texture coordinates: 0, faces: 3

o obj402
v 355.11810303 225.45275879 300.75564575
v 355.11810303 217.57873535 300.19683838
v 355.11810303 217.57873535 300.75564575
v 355.11810303 225.45275879 289.8425293
v 355.11810303 233.30485535 300.75564575
usemtl mat2
f 2041 2042 2043
f 2042 2041 2044
f 2044 2041 2045
# Vertices: 5, normals: 0, texture coordinates: 0, faces: 3

o obj403
v 424.40945435 233.30485535 300.75564575
v 379.92126465 225.45275879 289.8425293
v 424.40945435 225.45275879 289.8425293
v 379.92126465 233.30485535 300.75564575
usemtl mat2
f 2046 2047 2048
f 2047 2046 2049
# Vertices: 4, normals: 0, texture coordinates: 0, faces: 2

o obj404
v 379.92126465 217.57873535 300.19683838
v 379.92126465 225.45275879 300.75564575
v 379.92126465 217.57873535 300.75564575
v 379.92126465 225.45275879 289.8425293
v 379.92126465 233.30485535 300.75564575
usemtl mat2
f 2050 2051 2052
f 2051 2050 2053
f 2051 2053 2054
# Vertices: 5, normals: 0, texture coordinates: 0, faces: 3

o obj405
v 424.40945435 225.45275879 300.75564575
v 424.40945435 217.57873535 300.19683838
v 424.40945435 217.57873535 300.75564575
v 424.40945435 225.45275879 289.8425293
v 424.40945435 233.30485535 300.75564575
usemtl mat2
f 2055 2056 2057
f 2056 2055 2058
f 2058 2055 2059
# Vertices: 5, normals: 0, texture coordinates: 0, faces: 3

o obj406
v 493.70077515 233.30485535 300.75564575
v 449.21258545 225.45275879 289.8425293
v 493.70077515 225.45275879 289.8425293
v 449.21258545 233.30485535 300.75564575
usemtl mat2
f 2060 2061 2062
f 2061 2060 2063
# Vertices: 4, normals: 0, texture coordinates: 0, faces: 2

o obj407
v 449.21258545 225.45275879 289.8425293
v 449.21258545 217.57873535 300.75564575
v 449.21258545 217.57873535 300.19683838
v 449.21258545 225.45275879 300.75564575
v 449.21258545 233.30485535 300.75564575
usemtl mat2
f 2064 2065 2066
f 2065 2064 2067
f 2067 2064 2068
# Vertices: 5, normals: 0, texture coordinates: 0, faces: 3

o obj408
v 493.70077515 225.45275879 300.75564575
v 493.70077515 217.57873535 300.19683838
v 493.70077515 217.57873535 300.75564575
v 493.70077515 225.45275879 289.8425293
v 493.70077515 233.30485535 300.75564575
usemtl mat2
f 2069 2070 2071
f 2070 2069 2072
f 2072 2069 2073
# Vertices: 5, normals: 0, texture coordinates: 0, faces: 3

o obj409
v 567.32281494 79.58661652 300.19683838
v 575.19683838 124.07480621 289.8425293
v 575.19683838 79.58661652 289.8425293
v 567.32281494 124.07480621 300.19683838
usemtl mat2
f 2074 2075 2076
f 2075 2074 2077
# Vertices: 4, normals: 0, texture coordinates: 0, faces: 2

o obj410
v 567.32281494 168.56298828 300.19683838
v 567.32281494 124.07480621 300.75564575
v 567.32281494 124.07480621 300.19683838
v 567.32281494 168.56298828 300.75564575
usemtl mat2
f 2078 2079 2080
f 2079 2078 2081
# Vertices: 4, normals: 0, texture coordinates: 0, faces: 2

o obj411
v -37.24409485 -253.60235596 300.75564575
v -15.19685078 -235.72163391 300.75564575
v -37.24409485 -227.89370728 300.75564575
v 575.19683838 -253.60235596 300.75564575
v -37.24409485 225.45275879 300.75564575
v -37.24409485 273.99606323 300.75564575
v 7.63779545 -235.72163391 300.75564575
v 32.04724503 -235.76771545 300.75564575
v 7.63779545 -220.01968384 300.75564575
v 76.53543091 -235.76771545 300.75564575
v 101.3385849 -235.76771545 300.75564575
v 76.53543091 -220.01968384 300.75564575
v 77.95275879 217.57873535 300.75564575
v 77.95275879 225.45275879 300.75564575
v 77.95275879 233.30485535 300.75564575
v 145.82676697 -235.76771545 300.75564575
v 170.62992859 -235.76771545 300.75564575
v 145.82676697 -220.01968384 300.75564575
v 147.24409485 217.57873535 300.75564575
v 147.24409485 225.45275879 300.75564575
v 147.24409485 233.30485535 300.75564575
v 215.11810303 -235.76771545 300.75564575
v 239.92126465 -235.76771545 300.75564575
v 215.11810303 -220.01968384 300.75564575
v 216.53543091 217.57873535 300.75564575
v 216.53543091 225.45275879 300.75564575
v 216.53543091 233.30485535 300.75564575
v 284.40945435 -235.76771545 300.75564575
v 309.21258545 -235.76771545 300.75564575
v 284.40945435 -220.01968384 300.75564575
v 285.82678223 217.57873535 300.75564575
v 285.82678223 225.45275879 300.75564575
v 285.82678223 233.30485535 300.75564575
v 353.70077515 -235.76771545 300.75564575
v 378.50393677 -235.76771545 300.75564575
v 353.70077515 -220.01968384 300.75564575
v 355.11810303 217.57873535 300.75564575
v 355.11810303 225.45275879 300.75564575
v 355.11810303 233.30485535 300.75564575
v 422.99212646 -235.76771545 300.75564575
v 447.79528809 -235.76771545 300.75564575
v 422.99212646 -220.01968384 300.75564575
v 424.40945435 217.57873535 300.75564575
v 424.40945435 225.45275879 300.75564575
v 424.40945435 233.30485535 300.75564575
v 492.28347778 -235.76771545 300.75564575
v 492.28347778 -220.01968384 300.75564575
v 493.70077515 217.57873535 300.75564575
v 493.70077515 225.45275879 300.75564575
v 493.70077515 233.30485535 300.75564575
v 567.32281494 -169.62599182 300.75564575
v 575.19683838 -169.62599182 300.75564575
v 575.19683838 -227.89370728 300.75564575
v 575.19683838 -125.13779449 300.75564575
v 567.32281494 -80.6496048 300.75564575
v 567.32281494 -125.13779449 300.75564575
v 575.19683838 -80.6496048 300.75564575
v 575.19683838 -36.16141891 300.75564575
v 567.32281494 35.09842682 300.75564575
v 567.32281494 -36.16141891 300.75564575
v 575.19683838 35.09842682 300.75564575
v 575.19683838 79.58661652 300.75564575
v 567.32281494 124.07480621 300.75564575
v 567.32281494 79.58661652 300.75564575
v 575.19683838 124.07480621 300.75564575
v 33.46456528 233.30485535 300.75564575
v 575.19683838 273.99606323 300.75564575
v -15.19685078 -220.01968384 300.75564575
v -15.19685078 -227.84762573 300.75564575
v 32.04724503 -220.01968384 300.75564575
v 33.46456528 217.57873535 300.75564575
v 102.75590515 233.30485535 300.75564575
v 101.3385849 -220.01968384 300.75564575
v 102.75590515 217.57873535 300.75564575
v 102.75590515 225.45275879 300.75564575
v 172.04724121 233.30485535 300.75564575
v 170.62992859 -220.01968384 300.75564575
v 172.04724121 225.45275879 300.75564575
v 172.04724121 217.57873535 300.75564575
v 241.33857727 233.30485535 300.75564575
v 239.92126465 -220.01968384 300.75564575
v 241.33857727 225.45275879 300.75564575
v 241.33857727 217.57873535 300.75564575
v 310.62991333 233.30485535 300.75564575
v 309.21258545 -220.01968384 300.75564575
v 310.62991333 225.45275879 300.75564575
v 310.62991333 217.57873535 300.75564575
v 379.92126465 233.30485535 300.75564575
v 378.50393677 -220.01968384 300.75564575
v 379.92126465 217.57873535 300.75564575
v 379.92126465 225.45275879 300.75564575
v 449.21258545 233.30485535 300.75564575
v 447.79528809 -220.01968384 300.75564575
v 449.21258545 217.57873535 300.75564575
v 449.21258545 225.45275879 300.75564575
v 567.32281494 168.56298828 300.75564575
v 575.19683838 168.56298828 300.75564575
usemtl mat2
f 2082 2083 2084
f 2083 2082 2085
f 2084 2083 2086
f 2086 2083 2087
f 2083 2085 2088
f 2088 2085 2089
f 2088 2089 2090
f 2089 2085 2091
f 2091 2085 2092
f 2091 2092 2093
f 2093 2092 2094
f 2094 2092 2095
f 2095 2092 2096
f 2092 2085 2097
f 2097 2085 2098
f 2097 2098 2099
f 2099 2098 2100
f 2100 2098 2101
f 2101 2098 2102
f 2098 2085 2103
f 2103 2085 2104
f 2103 2104 2105
f 2105 2104 2106
f 2106 2104 2107
f 2107 2104 2108
f 2104 2085 2109
f 2109 2085 2110
f 2109 2110 2111
f 2111 2110 2112
f 2112 2110 2113
f 2113 2110 2114
f 2110 2085 2115
f 2115 2085 2116
f 2115 2116 2117
f 2117 2116 2118
f 2118 2116 2119
f 2119 2116 2120
f 2116 2085 2121
f 2121 2085 2122
f 2121 2122 2123
f 2123 2122 2124
f 2124 2122 2125
f 2125 2122 2126
f 2122 2085 2127
f 2127 2085 2128
f 2128 2085 2129
f 2129 2085 2130
f 2130 2085 2131
f 2131 2085 2132
f 2132 2085 2133
f 2133 2085 2134
f 2135 2136 2137
f 2136 2135 2138
f 2139 2140 2141
f 2140 2139 2142
f 2143 2144 2145
f 2144 2143 2146
f 2087 2147 2148
f 2147 2087 2149
f 2149 2087 2083
f 2149 2083 2150
f 2147 2149 2090
f 2147 2090 2151
f 2151 2090 2089
f 2147 2151 2152
f 2148 2147 2096
f 2148 2096 2153
f 2153 2096 2154
f 2154 2096 2092
f 2153 2154 2155
f 2153 2155 2156
f 2148 2153 2102
f 2148 2102 2157
f 2157 2102 2158
f 2158 2102 2098
f 2157 2158 2159
f 2159 2158 2160
f 2148 2157 2108
f 2148 2108 2161
f 2161 2108 2162
f 2162 2108 2104
f 2161 2162 2163
f 2163 2162 2164
f 2148 2161 2114
f 2148 2114 2165
f 2165 2114 2166
f 2166 2114 2110
f 2165 2166 2167
f 2167 2166 2168
f 2148 2165 2120
f 2148 2120 2169
f 2169 2120 2170
f 2170 2120 2116
f 2169 2170 2171
f 2169 2171 2172
f 2148 2169 2126
f 2148 2126 2173
f 2173 2126 2174
f 2174 2126 2122
f 2173 2174 2175
f 2173 2175 2176
f 2148 2173 2131
f 2148 2131 2177
f 2177 2131 2141
f 2141 2131 2132
f 2141 2132 2137
f 2141 2137 2136
f 2177 2141 2144
f 2144 2141 2140
f 2144 2140 2145
f 2148 2177 2178
f 2128 2175 2174
f 2175 2128 2129
f 2123 2171 2170
f 2171 2123 2124
f 2117 2168 2166
f 2168 2117 2118
f 2111 2164 2162
f 2164 2111 2112
f 2105 2160 2158
f 2160 2105 2106
f 2099 2155 2154
f 2155 2099 2100
f 2093 2152 2151
f 2152 2093 2094
# Vertices: 97, normals: 0, texture coordinates: 0, faces: 125

o obj412
v 567.32281494 79.58661652 300.19683838
v 567.32281494 35.09842682 300.75564575
v 567.32281494 35.09842682 300.19683838
v 567.32281494 79.58661652 300.75564575
usemtl mat2
f 2179 2180 2181
f 2180 2179 2182
# Vertices: 4, normals: 0, texture coordinates: 0, faces: 2

o obj413
v 575.60528564 168.56298828 300.75564575
v 575.19683838 168.56298828 289.8425293
v 575.60528564 168.56298828 289.8425293
v 567.32281494 168.56298828 300.19683838
v 567.32281494 168.56298828 300.75564575
v 575.19683838 168.56298828 300.75564575
usemtl mat2
f 2183 2184 2185
f 2184 2183 2186
f 2186 2183 2187
f 2187 2183 2188
# Vertices: 6, normals: 0, texture coordinates: 0, faces: 4

o obj414
v 575.60528564 79.58661652 300.75564575
v 575.19683838 79.58661652 289.8425293
v 575.60528564 79.58661652 289.8425293
v 567.32281494 79.58661652 300.19683838
v 567.32281494 79.58661652 300.75564575
v 575.19683838 79.58661652 300.75564575
usemtl mat2
f 2189 2190 2191
f 2190 2189 2192
f 2192 2189 2193
f 2193 2189 2194
# Vertices: 6, normals: 0, texture coordinates: 0, faces: 4

o obj415
v 567.32281494 124.07480621 300.19683838
v 575.60528564 124.07480621 289.8425293
v 575.19683838 124.07480621 289.8425293
v 575.60528564 124.07480621 300.75564575
v 567.32281494 124.07480621 300.75564575
v 575.19683838 124.07480621 300.75564575
usemtl mat2
f 2195 2196 2197
f 2196 2195 2198
f 2198 2195 2199
f 2198 2199 2200
# Vertices: 6, normals: 0, texture coordinates: 0, faces: 4

o obj416
v 567.32281494 35.09842682 300.19683838
v 575.19683838 35.09842682 300.75564575
v 575.19683838 35.09842682 289.8425293
v 567.32281494 35.09842682 300.75564575
usemtl mat2
f 2201 2202 2203
f 2202 2201 2204
# Vertices: 4, normals: 0, texture coordinates: 0, faces: 2

o obj417
v 567.32281494 -80.6496048 300.19683838
v 575.60528564 -80.6496048 289.8425293
v 575.19683838 -80.6496048 289.8425293
v 575.60528564 -80.6496048 300.75564575
v 567.32281494 -80.6496048 300.75564575
v 575.19683838 -80.6496048 300.75564575
usemtl mat2
f 2205 2206 2207
f 2206 2205 2208
f 2208 2205 2209
f 2208 2209 2210
# Vertices: 6, normals: 0, texture coordinates: 0, faces: 4

o obj418
v 575.60528564 -36.16141891 300.75564575
v 575.19683838 -36.16141891 289.8425293
v 575.60528564 -36.16141891 289.8425293
v 567.32281494 -36.16141891 300.19683838
v 567.32281494 -36.16141891 300.75564575
v 575.19683838 -36.16141891 300.75564575
usemtl mat2
f 2211 2212 2213
f 2212 2211 2214
f 2214 2211 2215
f 2215 2211 2216
# Vertices: 6, normals: 0, texture coordinates: 0, faces: 4

o obj419
v 567.32281494 -36.16141891 300.19683838
v 567.32281494 -80.6496048 300.75564575
v 567.32281494 -80.6496048 300.19683838
v 567.32281494 -36.16141891 300.75564575
usemtl mat2
f 2217 2218 2219
f 2218 2217 2220
# Vertices: 4, normals: 0, texture coordinates: 0, faces: 2

o obj420
v 567.32281494 -169.62599182 300.19683838
v 575.60528564 -169.62599182 289.8425293
v 575.19683838 -169.62599182 289.8425293
v 575.60528564 -169.62599182 300.75564575
v 567.32281494 -169.62599182 300.75564575
v 575.19683838 -169.62599182 300.75564575
usemtl mat2
f 2221 2222 2223
f 2222 2221 2224
f 2224 2221 2225
f 2224 2225 2226
# Vertices: 6, normals: 0, texture coordinates: 0, faces: 4

o obj421
v 575.60528564 -125.13779449 300.75564575
v 575.19683838 -125.13779449 289.8425293
v 575.60528564 -125.13779449 289.8425293
v 567.32281494 -125.13779449 300.19683838
v 567.32281494 -125.13779449 300.75564575
v 575.19683838 -125.13779449 300.75564575
usemtl mat2
f 2227 2228 2229
f 2228 2227 2230
f 2230 2227 2231
f 2231 2227 2232
# Vertices: 6, normals: 0, texture coordinates: 0, faces: 4

o obj422
v 567.32281494 -125.13779449 300.19683838
v 567.32281494 -169.62599182 300.75564575
v 567.32281494 -169.62599182 300.19683838
v 567.32281494 -125.13779449 300.75564575
usemtl mat2
f 2233 2234 2235
f 2234 2233 2236
# Vertices: 4, normals: 0, texture coordinates: 0, faces: 2

o obj423
v 575.60528564 124.07480621 289.8425293
v 575.19683838 168.56298828 289.8425293
v 575.19683838 124.07480621 289.8425293
v 575.60528564 168.56298828 289.8425293
usemtl mat2
f 2237 2238 2239
f 2238 2237 2240
# Vertices: 4, normals: 0, texture coordinates: 0, faces: 2

o obj424
v 575.19683838 168.56298828 300.75564575
v 575.60528564 124.07480621 300.75564575
v 575.19683838 124.07480621 300.75564575
v 575.60528564 168.56298828 300.75564575
usemtl mat3
f 2241 2242 2243
f 2242 2241 2244
# Vertices: 4, normals: 0, texture coordinates: 0, faces: 2

o obj425
v 575.60528564 -253.60235596 267.62045288
v 575.60528564 -169.62599182 289.8425293
v 575.60528564 -253.60235596 304.2989502
v 575.60528564 273.99606323 267.62045288
v 575.60528564 -125.13779449 289.8425293
v 575.60528564 -80.6496048 289.8425293
v 575.60528564 -125.13779449 300.75564575
v 575.60528564 -36.16141891 289.8425293
v 575.60528564 35.09842682 289.8425293
v 575.60528564 -36.16141891 300.75564575
v 575.60528564 79.58661652 289.8425293
v 575.60528564 124.07480621 289.8425293
v 575.60528564 79.58661652 300.75564575
v 575.60528564 168.56298828 289.8425293
v 575.60528564 168.56298828 300.75564575
v 575.60528564 -169.62599182 300.75564575
v 575.60528564 273.99606323 304.2989502
v 575.60528564 -80.6496048 300.75564575
v 575.60528564 35.09842682 300.75564575
v 575.60528564 124.07480621 300.75564575
usemtl mat2
f 2245 2246 2247
f 2246 2245 2248
f 2246 2248 2249
f 2249 2248 2250
f 2249 2250 2251
f 2250 2248 2252
f 2252 2248 2253
f 2252 2253 2254
f 2253 2248 2255
f 2255 2248 2256
f 2255 2256 2257
f 2256 2248 2258
f 2258 2248 2259
f 2247 2260 2261
f 2260 2247 2246
f 2261 2260 2251
f 2261 2251 2262
f 2261 2262 2254
f 2261 2254 2263
f 2263 2254 2253
f 2261 2263 2257
f 2261 2257 2264
f 2264 2257 2256
f 2261 2264 2259
f 2261 2259 2248
f 2262 2251 2250
# Vertices: 20, normals: 0, texture coordinates: 0, faces: 26

o obj426
v 575.19683838 35.09842682 300.75564575
v 575.60528564 35.09842682 289.8425293
v 575.19683838 35.09842682 289.8425293
v 575.60528564 35.09842682 300.75564575
usemtl mat2
f 2265 2266 2267
f 2266 2265 2268
# Vertices: 4, normals: 0, texture coordinates: 0, faces: 2

o obj427
v 575.60528564 35.09842682 289.8425293
v 575.19683838 79.58661652 289.8425293
v 575.19683838 35.09842682 289.8425293
v 575.60528564 79.58661652 289.8425293
usemtl mat2
f 2269 2270 2271
f 2270 2269 2272
# Vertices: 4, normals: 0, texture coordinates: 0, faces: 2

o obj428
v 575.19683838 79.58661652 300.75564575
v 575.60528564 35.09842682 300.75564575
v 575.19683838 35.09842682 300.75564575
v 575.60528564 79.58661652 300.75564575
usemtl mat3
f 2273 2274 2275
f 2274 2273 2276
# Vertices: 4, normals: 0, texture coordinates: 0, faces: 2

o obj429
v 575.60528564 -80.6496048 289.8425293
v 575.19683838 -36.16141891 289.8425293
v 575.19683838 -80.6496048 289.8425293
v 575.60528564 -36.16141891 289.8425293
usemtl mat2
f 2277 2278 2279
f 2278 2277 2280
# Vertices: 4, normals: 0, texture coordinates: 0, faces: 2

o obj430
v 575.19683838 -36.16141891 300.75564575
v 575.60528564 -80.6496048 300.75564575
v 575.19683838 -80.6496048 300.75564575
v 575.60528564 -36.16141891 300.75564575
usemtl mat3
f 2281 2282 2283
f 2282 2281 2284
# Vertices: 4, normals: 0, texture coordinates: 0, faces: 2

o obj431
v 575.60528564 -169.62599182 289.8425293
v 575.19683838 -125.13779449 289.8425293
v 575.19683838 -169.62599182 289.8425293
v 575.60528564 -125.13779449 289.8425293
usemtl mat2
f 2285 2286 2287
f 2286 2285 2288
# Vertices: 4, normals: 0, texture coordinates: 0, faces: 2

o obj432
v 575.19683838 -80.6496048 300.75564575
v 575.60528564 -125.13779449 300.75564575
v 575.19683838 -125.13779449 300.75564575
v 575.60528564 -80.6496048 300.75564575
usemtl mat3
f 2289 2290 2291
f 2290 2289 2292
# Vertices: 4, normals: 0, texture coordinates: 0, faces: 2

o obj433
v 575.19683838 -125.13779449 300.75564575
v 575.60528564 -169.62599182 300.75564575
v 575.19683838 -169.62599182 300.75564575
v 575.60528564 -125.13779449 300.75564575
usemtl mat3
f 2293 2294 2295
f 2294 2293 2296
# Vertices: 4, normals: 0, texture coordinates: 0, faces: 2

o obj434
v 100.5118103 -227.89370728 156.88977051
v 164.01574707 -227.89370728 196.25984192
v 164.01574707 -227.89370728 156.88977051
v 100.5118103 -227.89370728 196.25984192
usemtl mat0
f 2297 2298 2299
f 2298 2297 2300
# Vertices: 4, normals: 0, texture coordinates: 0, faces: 2

o obj435
v 24.68503952 -227.89370728 265.55117798
v 30.59055138 -227.89370728 156.88977051
v 24.68503952 -227.89370728 156.88977051
v 30.59055138 -227.89370728 196.25984192
v 30.59055138 -227.89370728 265.55117798
usemtl mat2
f 2301 2302 2303
f 2302 2301 2304
f 2304 2301 2305
# Vertices: 5, normals: 0, texture coordinates: 0, faces: 3

o obj436
v 30.59055138 -227.89370728 196.25984192
v 94.60630035 -227.89370728 156.88977051
v 30.59055138 -227.89370728 156.88977051
v 94.60630035 -227.89370728 196.25984192
usemtl mat0
f 2306 2307 2308
f 2307 2306 2309
# Vertices: 4, normals: 0, texture coordinates: 0, faces: 2

o obj437
v 621.5748291 191.43701172 182.6771698
v 621.5748291 -193.24803162 140.5118103
v 621.5748291 -193.24803162 182.6771698
v 621.5748291 -173.28739929 98.97637939
v 621.5748291 -120.61023712 98.97637939
v 621.5748291 -120.61023712 -0
v 621.5748291 118.87795258 98.97637939
v 621.5748291 171.39764404 98.97637939
v 621.5748291 171.39764404 -0
v 621.5748291 191.43701172 140.5118103
v 621.5748291 220.09841919 -0
v 621.5748291 220.09841919 140.5118103
v 621.5748291 118.87795258 -0
v 621.5748291 -221.9881897 -0
v 621.5748291 -221.9881897 140.5118103
v 621.5748291 -173.28739929 -0
usemtl mat0
f 2310 2311 2312
f 2311 2310 2313
f 2313 2310 2314
f 2314 2310 2315
f 2315 2310 2316
f 2316 2310 2317
f 2317 2310 2318
f 2318 2310 2319
f 2318 2319 2320
f 2320 2319 2321
f 2322 2315 2316
f 2311 2323 2324
f 2323 2311 2325
f 2325 2311 2313
# Vertices: 16, normals: 0, texture coordinates: 0, faces: 14

o obj438
v -46.8503952 -166.79133606 22.04724503
v -46.8503952 -179.38977051 23.62204742
v -46.8503952 -179.38977051 22.04724503
v -46.8503952 -166.79133606 23.62204742
usemtl mat3
f 2326 2327 2328
f 2327 2326 2329
# Vertices: 4, normals: 0, texture coordinates: 0, faces: 2

o obj439
v -46.8503952 -177.81495667 14.17322826
v -46.8503952 -190.41339111 15.74803162
v -46.8503952 -190.41339111 14.17322826
v -46.8503952 -177.81495667 15.74803162
usemtl mat3
f 2330 2331 2332
f 2331 2330 2333
# Vertices: 4, normals: 0, texture coordinates: 0, faces: 2

o obj440
v -46.8503952 -188.83857727 6.29921246
v -46.8503952 -201.43701172 7.87401581
v -46.8503952 -201.43701172 6.29921246
v -46.8503952 -188.83857727 7.87401581
usemtl mat3
f 2334 2335 2336
f 2335 2334 2337
# Vertices: 4, normals: 0, texture coordinates: 0, faces: 2

o obj441
v 58.26771545 -165.15748596 -0
v 266.53543091 -41.5748024 -0
v 58.26771545 165.15748596 -0
v 526.81103516 -165.15748596 -0
v 353.34646606 -41.5748024 -0
v 353.34646606 41.5748024 -0
v 596.18109131 -123.81890106 -0
v 561.5748291 123.81890106 -0
v 561.5748291 -123.81890106 -0
v 596.18109131 123.81890106 -0
v 561.5748291 -144.4881897 -0
v 526.81103516 144.4881897 -0
v 526.81103516 -144.4881897 -0
v 561.5748291 144.4881897 -0
v 266.53543091 41.5748024 -0
v 526.81103516 165.15748596 -0
usemtl mat6
f 2338 2339 2340
f 2339 2338 2341
f 2339 2341 2342
f 2342 2341 2343
f 2344 2345 2346
f 2345 2344 2347
f 2348 2349 2350
f 2349 2348 2346
f 2349 2346 2351
f 2351 2346 2345
f 2340 2352 2353
f 2352 2340 2339
f 2353 2352 2343
f 2353 2343 2349
f 2349 2343 2341
f 2349 2341 2350
# Vertices: 16, normals: 0, texture coordinates: 0, faces: 16

o obj442
v -0.78740156 -156.94882202 -0
v -47.24409485 -156.94882202 38.18897629
v -47.24409485 -156.94882202 -0
v -0.78740156 -156.94882202 38.18897629
usemtl mat0
f 2354 2355 2356
f 2355 2354 2357
# Vertices: 4, normals: 0, texture coordinates: 0, faces: 2

o obj443
v -47.24409485 -157.34251404 38.18897629
v -47.24409485 -157.34251404 29.92125893
v -47.24409485 -157.34251404 31.49606323
v -47.24409485 -157.34251404 -0
v -47.24409485 -156.94882202 -0
v -47.24409485 -156.94882202 38.18897629
usemtl mat0
f 2358 2359 2360
f 2359 2358 2361
f 2361 2358 2362
f 2362 2358 2363
# Vertices: 6, normals: 0, texture coordinates: 0, faces: 4

o obj444
v -0.78740156 156.94882202 -0
v -0.78740156 -156.94882202 38.18897629
v -0.78740156 -156.94882202 -0
v -0.78740156 156.94882202 38.18897629
usemtl mat0
f 2364 2365 2366
f 2365 2364 2367
# Vertices: 4, normals: 0, texture coordinates: 0, faces: 2

o obj445
v 0 157.34251404 0
v -0 -157.34251404 39.37007904
v -0 -157.34251404 0
v 0 157.34251404 39.37007904
v 0 157.34251404 38.97637939
usemtl mat0
f 2368 2369 2370
f 2369 2368 2371
f 2371 2368 2372
# Vertices: 5, normals: 0, texture coordinates: 0, faces: 3

o obj446
v -0 -157.34251404 0
v -47.24409485 -157.34251404 29.92125893
v -47.24409485 -157.34251404 -0
v -0 -157.34251404 39.37007904
v -47.24409485 -157.34251404 31.49606323
v -47.24409485 -157.34251404 38.18897629
v -87.48031616 -157.34251404 38.18897629
v -87.48031616 -157.34251404 39.37007904
usemtl mat0
f 2373 2374 2375
f 2374 2373 2376
f 2374 2376 2377
f 2377 2376 2378
f 2378 2376 2379
f 2379 2376 2380
# Vertices: 8, normals: 0, texture coordinates: 0, faces: 6

o obj447
v -31.65354347 -221.9881897 -0
v 37.00787354 -221.9881897 17.71653557
v 37.00787354 -221.9881897 -0
v -31.65354347 -221.9881897 17.71653557
v 24.29133797 -221.9881897 17.71653557
usemtl mat0
f 2381 2382 2383
f 2382 2381 2384
f 2382 2384 2385
# Vertices: 5, normals: 0, texture coordinates: 0, faces: 3

o obj448
v -31.25984192 -244.42913818 31.49606323
v 24.68503952 -244.42913818 20.07874107
v -31.25984192 -244.42913818 20.07874107
v 24.68503952 -244.42913818 31.49606323
usemtl mat6
f 2386 2387 2388
f 2387 2386 2389
# Vertices: 4, normals: 0, texture coordinates: 0, faces: 2

o obj449
v 24.68503952 -246.79133606 31.49606323
v -31.25984192 -244.42913818 31.49606323
v -31.25984192 -246.79133606 31.49606323
v 24.68503952 -244.42913818 31.49606323
usemtl mat6
f 2390 2391 2392
f 2391 2390 2393
# Vertices: 4, normals: 0, texture coordinates: 0, faces: 2

o obj450
v 24.68503952 -246.79133606 17.71653557
v 24.68503952 -244.42913818 20.07874107
v 24.68503952 -246.79133606 31.49606323
v 24.68503952 -233.79920959 17.71653557
v 24.68503952 -233.79920959 20.07874107
v 24.68503952 -244.42913818 31.49606323
usemtl mat6
f 2394 2395 2396
f 2395 2394 2397
f 2395 2397 2398
f 2399 2396 2395
# Vertices: 6, normals: 0, texture coordinates: 0, faces: 4

o obj451
v 100.5118103 -244.42913818 20.07874107
v 100.5118103 -227.89370728 20.07874107
v 100.5118103 -233.79920959 20.07874107
v 164.01574707 -244.42913818 20.07874107
v 100.5118103 -221.9881897 20.07874107
v 164.01574707 -233.79920959 20.07874107
v 164.01574707 -221.9881897 20.07874107
v 164.01574707 -227.89370728 20.07874107
usemtl mat6
f 2400 2401 2402
f 2401 2400 2403
f 2401 2403 2404
f 2404 2403 2405
f 2405 2406 2404
f 2406 2405 2407
# Vertices: 8, normals: 0, texture coordinates: 0, faces: 6

o obj452
v 100.5118103 -244.42913818 31.49606323
v 164.01574707 -244.42913818 20.07874107
v 100.5118103 -244.42913818 20.07874107
v 164.01574707 -244.42913818 31.49606323
usemtl mat6
f 2408 2409 2410
f 2409 2408 2411
# Vertices: 4, normals: 0, texture coordinates: 0, faces: 2

o obj453
v 164.01574707 -246.79133606 17.71653557
v 164.01574707 -244.42913818 20.07874107
v 164.01574707 -246.79133606 31.49606323
v 164.01574707 -233.79920959 17.71653557
v 164.01574707 -233.79920959 20.07874107
v 164.01574707 -244.42913818 31.49606323
usemtl mat6
f 2412 2413 2414
f 2413 2412 2415
f 2413 2415 2416
f 2417 2414 2413
# Vertices: 6, normals: 0, texture coordinates: 0, faces: 4

o obj454
v 100.5118103 -244.42913818 31.49606323
v 100.5118103 -246.79133606 17.71653557
v 100.5118103 -246.79133606 31.49606323
v 100.5118103 -244.42913818 20.07874107
v 100.5118103 -233.79920959 17.71653557
v 100.5118103 -233.79920959 20.07874107
usemtl mat6
f 2418 2419 2420
f 2419 2418 2421
f 2419 2421 2422
f 2422 2421 2423
# Vertices: 6, normals: 0, texture coordinates: 0, faces: 4

o obj455
v 164.01574707 -246.79133606 31.49606323
v 100.5118103 -244.42913818 31.49606323
v 100.5118103 -246.79133606 31.49606323
v 164.01574707 -244.42913818 31.49606323
usemtl mat6
f 2424 2425 2426
f 2425 2424 2427
# Vertices: 4, normals: 0, texture coordinates: 0, faces: 2

o obj456
v 164.01574707 -246.79133606 17.71653557
v 169.92126465 -233.79920959 17.71653557
v 164.01574707 -233.79920959 17.71653557
v 169.92126465 -246.79133606 17.71653557
usemtl mat0
f 2428 2429 2430
f 2429 2428 2431
# Vertices: 4, normals: 0, texture coordinates: 0, faces: 2

o obj457
v 169.92126465 -244.42913818 20.07874107
v 169.92126465 -227.89370728 20.07874107
v 169.92126465 -233.79920959 20.07874107
v 233.89764404 -244.42913818 20.07874107
v 169.92126465 -221.9881897 20.07874107
v 233.89764404 -233.79920959 20.07874107
v 233.89764404 -221.9881897 20.07874107
v 233.89764404 -227.89370728 20.07874107
usemtl mat6
f 2432 2433 2434
f 2433 2432 2435
f 2433 2435 2436
f 2436 2435 2437
f 2437 2438 2436
f 2438 2437 2439
# Vertices: 8, normals: 0, texture coordinates: 0, faces: 6

o obj458
v 169.92126465 -244.42913818 31.49606323
v 233.89764404 -244.42913818 20.07874107
v 169.92126465 -244.42913818 20.07874107
v 233.89764404 -244.42913818 31.49606323
usemtl mat6
f 2440 2441 2442
f 2441 2440 2443
# Vertices: 4, normals: 0, texture coordinates: 0, faces: 2

o obj459
v 233.89764404 -246.79133606 31.49606323
v 169.92126465 -244.42913818 31.49606323
v 169.92126465 -246.79133606 31.49606323
v 233.89764404 -244.42913818 31.49606323
usemtl mat6
f 2444 2445 2446
f 2445 2444 2447
# Vertices: 4, normals: 0, texture coordinates: 0, faces: 2

o obj460
v 233.89764404 -246.79133606 17.71653557
v 233.89764404 -244.42913818 20.07874107
v 233.89764404 -246.79133606 31.49606323
v 233.89764404 -233.79920959 17.71653557
v 233.89764404 -233.79920959 20.07874107
v 233.89764404 -244.42913818 31.49606323
usemtl mat6
f 2448 2449 2450
f 2449 2448 2451
f 2449 2451 2452
f 2453 2450 2449
# Vertices: 6, normals: 0, texture coordinates: 0, faces: 4

o obj461
v 169.92126465 -244.42913818 31.49606323
v 169.92126465 -246.79133606 17.71653557
v 169.92126465 -246.79133606 31.49606323
v 169.92126465 -244.42913818 20.07874107
v 169.92126465 -233.79920959 17.71653557
v 169.92126465 -233.79920959 20.07874107
usemtl mat6
f 2454 2455 2456
f 2455 2454 2457
f 2455 2457 2458
f 2458 2457 2459
# Vertices: 6, normals: 0, texture coordinates: 0, faces: 4

o obj462
v 89.37007904 -221.9881897 -0
v 244.92126465 -221.9881897 17.71653557
v 244.92126465 -221.9881897 -0
v 89.37007904 -221.9881897 17.71653557
v 100.11811066 -221.9881897 17.71653557
v 163.62203979 -221.9881897 17.71653557
v 169.52755737 -221.9881897 17.71653557
v 233.50393677 -221.9881897 17.71653557
usemtl mat0
f 2460 2461 2462
f 2461 2460 2463
f 2461 2463 2464
f 2461 2464 2465
f 2461 2465 2466
f 2461 2466 2467
# Vertices: 8, normals: 0, texture coordinates: 0, faces: 6

o obj463
v 380.1574707 -246.79133606 17.71653557
v 374.25198364 -233.79920959 17.71653557
v 374.25198364 -246.79133606 17.71653557
v 380.1574707 -233.79920959 17.71653557
usemtl mat0
f 2468 2469 2470
f 2469 2468 2471
# Vertices: 4, normals: 0, texture coordinates: 0, faces: 2

o obj464
v 517.67718506 231.35826111 17.71653557
v 511.77166748 244.90158081 17.71653557
v 511.77166748 231.35826111 17.71653557
v 517.67718506 244.90158081 17.71653557
usemtl mat0
f 2472 2473 2474
f 2473 2472 2475
# Vertices: 4, normals: 0, texture coordinates: 0, faces: 2

o obj465
v 447.87402344 231.35826111 17.71653557
v 441.96850586 244.90158081 17.71653557
v 441.96850586 231.35826111 17.71653557
v 447.87402344 244.90158081 17.71653557
usemtl mat0
f 2476 2477 2478
f 2477 2476 2479
# Vertices: 4, normals: 0, texture coordinates: 0, faces: 2

o obj466
v 377.95275879 231.35826111 17.71653557
v 372.04724121 244.90158081 17.71653557
v 372.04724121 231.35826111 17.71653557
v 377.95275879 244.90158081 17.71653557
usemtl mat0
f 2480 2481 2482
f 2481 2480 2483
# Vertices: 4, normals: 0, texture coordinates: 0, faces: 2

o obj467
v 167.6771698 231.35826111 17.71653557
v 161.77165222 244.90158081 17.71653557
v 161.77165222 231.35826111 17.71653557
v 167.6771698 244.90158081 17.71653557
usemtl mat0
f 2484 2485 2486
f 2485 2484 2487
# Vertices: 4, normals: 0, texture coordinates: 0, faces: 2

o obj468
v 98.1496048 231.35826111 17.71653557
v 92.24409485 244.90158081 17.71653557
v 92.24409485 231.35826111 17.71653557
v 98.1496048 244.90158081 17.71653557
usemtl mat0
f 2488 2489 2490
f 2489 2488 2491
# Vertices: 4, normals: 0, texture coordinates: 0, faces: 2

o obj469
v 98.1496048 244.90158081 31.49606323
v 92.24409485 244.90158081 17.71653557
v 98.1496048 244.90158081 17.71653557
v 92.24409485 244.90158081 31.49606323
usemtl mat0
f 2492 2493 2494
f 2493 2492 2495
# Vertices: 4, normals: 0, texture coordinates: 0, faces: 2

o obj470
v 28.89763832 231.35826111 17.71653557
v 22.99212646 244.90158081 17.71653557
v 22.99212646 231.35826111 17.71653557
v 28.89763832 244.90158081 17.71653557
usemtl mat0
f 2496 2497 2498
f 2497 2496 2499
# Vertices: 4, normals: 0, texture coordinates: 0, faces: 2

o obj471
v 22.99212646 242.53936768 31.49606323
v -31.25984192 242.53936768 20.07874107
v 22.99212646 242.53936768 20.07874107
v -31.25984192 242.53936768 31.49606323
usemtl mat6
f 2500 2501 2502
f 2501 2500 2503
# Vertices: 4, normals: 0, texture coordinates: 0, faces: 2

o obj472
v 22.99212646 244.90158081 17.71653557
v 22.99212646 231.35826111 20.07874107
v 22.99212646 231.35826111 17.71653557
v 22.99212646 242.53936768 20.07874107
v 22.99212646 242.53936768 31.49606323
v 22.99212646 244.90158081 31.49606323
usemtl mat6
f 2504 2505 2506
f 2505 2504 2507
f 2507 2504 2508
f 2508 2504 2509
# Vertices: 6, normals: 0, texture coordinates: 0, faces: 4

o obj473
v 22.99212646 242.53936768 31.49606323
v -31.25984192 244.90158081 31.49606323
v -31.25984192 242.53936768 31.49606323
v 22.99212646 244.90158081 31.49606323
usemtl mat6
f 2510 2511 2512
f 2511 2510 2513
# Vertices: 4, normals: 0, texture coordinates: 0, faces: 2

o obj474
v 92.24409485 220.09841919 20.07874107
v 28.89763832 225.45275879 20.07874107
v 28.89763832 220.09841919 20.07874107
v 28.89763832 231.35826111 20.07874107
v 92.24409485 242.53936768 20.07874107
v 28.89763832 242.53936768 20.07874107
v 92.24409485 225.45275879 20.07874107
v 92.24409485 231.35826111 20.07874107
usemtl mat6
f 2514 2515 2516
f 2515 2514 2517
f 2517 2518 2519
f 2518 2517 2520
f 2520 2517 2514
f 2518 2520 2521
# Vertices: 8, normals: 0, texture coordinates: 0, faces: 6

o obj475
v 92.24409485 242.53936768 31.49606323
v 28.89763832 242.53936768 20.07874107
v 92.24409485 242.53936768 20.07874107
v 28.89763832 242.53936768 31.49606323
usemtl mat6
f 2522 2523 2524
f 2523 2522 2525
# Vertices: 4, normals: 0, texture coordinates: 0, faces: 2

o obj476
v 28.89763832 244.90158081 31.49606323
v 28.89763832 242.53936768 20.07874107
v 28.89763832 242.53936768 31.49606323
v 28.89763832 231.35826111 17.71653557
v 28.89763832 231.35826111 20.07874107
v 28.89763832 244.90158081 17.71653557
usemtl mat6
f 2526 2527 2528
f 2527 2529 2530
f 2529 2527 2531
f 2531 2527 2526
# Vertices: 6, normals: 0, texture coordinates: 0, faces: 4

o obj477
v 92.24409485 244.90158081 17.71653557
v 92.24409485 231.35826111 20.07874107
v 92.24409485 231.35826111 17.71653557
v 92.24409485 242.53936768 20.07874107
v 92.24409485 242.53936768 31.49606323
v 92.24409485 244.90158081 31.49606323
usemtl mat6
f 2532 2533 2534
f 2533 2532 2535
f 2535 2532 2536
f 2536 2532 2537
# Vertices: 6, normals: 0, texture coordinates: 0, faces: 4

o obj478
v 92.24409485 242.53936768 31.49606323
v 28.89763832 244.90158081 31.49606323
v 28.89763832 242.53936768 31.49606323
v 92.24409485 244.90158081 31.49606323
usemtl mat6
f 2538 2539 2540
f 2539 2538 2541
# Vertices: 4, normals: 0, texture coordinates: 0, faces: 2

o obj479
v 161.77165222 220.09841919 20.07874107
v 98.1496048 225.45275879 20.07874107
v 98.1496048 220.09841919 20.07874107
v 98.1496048 231.35826111 20.07874107
v 161.77165222 242.53936768 20.07874107
v 98.1496048 242.53936768 20.07874107
v 161.77165222 225.45275879 20.07874107
v 161.77165222 231.35826111 20.07874107
usemtl mat6
f 2542 2543 2544
f 2543 2542 2545
f 2545 2546 2547
f 2546 2545 2548
f 2548 2545 2542
f 2546 2548 2549
# Vertices: 8, normals: 0, texture coordinates: 0, faces: 6

o obj480
v 161.77165222 242.53936768 31.49606323
v 98.1496048 242.53936768 20.07874107
v 161.77165222 242.53936768 20.07874107
v 98.1496048 242.53936768 31.49606323
usemtl mat6
f 2550 2551 2552
f 2551 2550 2553
# Vertices: 4, normals: 0, texture coordinates: 0, faces: 2

o obj481
v 98.1496048 244.90158081 31.49606323
v 98.1496048 242.53936768 20.07874107
v 98.1496048 242.53936768 31.49606323
v 98.1496048 231.35826111 17.71653557
v 98.1496048 231.35826111 20.07874107
v 98.1496048 244.90158081 17.71653557
usemtl mat6
f 2554 2555 2556
f 2555 2557 2558
f 2557 2555 2559
f 2559 2555 2554
# Vertices: 6, normals: 0, texture coordinates: 0, faces: 4

o obj482
v 161.77165222 244.90158081 17.71653557
v 161.77165222 231.35826111 20.07874107
v 161.77165222 231.35826111 17.71653557
v 161.77165222 242.53936768 20.07874107
v 161.77165222 242.53936768 31.49606323
v 161.77165222 244.90158081 31.49606323
usemtl mat6
f 2560 2561 2562
f 2561 2560 2563
f 2563 2560 2564
f 2564 2560 2565
# Vertices: 6, normals: 0, texture coordinates: 0, faces: 4

o obj483
v 161.77165222 242.53936768 31.49606323
v 98.1496048 244.90158081 31.49606323
v 98.1496048 242.53936768 31.49606323
v 161.77165222 244.90158081 31.49606323
usemtl mat6
f 2566 2567 2568
f 2567 2566 2569
# Vertices: 4, normals: 0, texture coordinates: 0, faces: 2

o obj484
v 231.96850586 220.09841919 20.07874107
v 167.6771698 225.45275879 20.07874107
v 167.6771698 220.09841919 20.07874107
v 167.6771698 231.35826111 20.07874107
v 231.96850586 242.53936768 20.07874107
v 167.6771698 242.53936768 20.07874107
v 231.96850586 225.45275879 20.07874107
v 231.96850586 231.35826111 20.07874107
usemtl mat6
f 2570 2571 2572
f 2571 2570 2573
f 2573 2574 2575
f 2574 2573 2576
f 2576 2573 2570
f 2574 2576 2577
# Vertices: 8, normals: 0, texture coordinates: 0, faces: 6

o obj485
v 231.96850586 242.53936768 31.49606323
v 167.6771698 242.53936768 20.07874107
v 231.96850586 242.53936768 20.07874107
v 167.6771698 242.53936768 31.49606323
usemtl mat6
f 2578 2579 2580
f 2579 2578 2581
# Vertices: 4, normals: 0, texture coordinates: 0, faces: 2

o obj486
v 231.96850586 244.90158081 17.71653557
v 231.96850586 231.35826111 20.07874107
v 231.96850586 231.35826111 17.71653557
v 231.96850586 242.53936768 20.07874107
v 231.96850586 242.53936768 31.49606323
v 231.96850586 244.90158081 31.49606323
usemtl mat6
f 2582 2583 2584
f 2583 2582 2585
f 2585 2582 2586
f 2586 2582 2587
# Vertices: 6, normals: 0, texture coordinates: 0, faces: 4

o obj487
v 231.96850586 242.53936768 31.49606323
v 167.6771698 244.90158081 31.49606323
v 167.6771698 242.53936768 31.49606323
v 231.96850586 244.90158081 31.49606323
usemtl mat6
f 2588 2589 2590
f 2589 2588 2591
# Vertices: 4, normals: 0, texture coordinates: 0, faces: 2

o obj488
v 167.6771698 244.90158081 31.49606323
v 167.6771698 242.53936768 20.07874107
v 167.6771698 242.53936768 31.49606323
v 167.6771698 231.35826111 17.71653557
v 167.6771698 231.35826111 20.07874107
v 167.6771698 244.90158081 17.71653557
usemtl mat6
f 2592 2593 2594
f 2593 2595 2596
f 2595 2593 2597
f 2597 2593 2592
# Vertices: 6, normals: 0, texture coordinates: 0, faces: 4

o obj489
v 372.04724121 242.53936768 31.35350037
v 307.99212646 242.53936768 20.07874107
v 372.04724121 242.53936768 20.07874107
v 307.99212646 242.53936768 31.35350037
usemtl mat6
f 2598 2599 2600
f 2599 2598 2601
# Vertices: 4, normals: 0, texture coordinates: 0, faces: 2

o obj490
v 372.04724121 242.53936768 31.35350037
v 307.99212646 244.90158081 31.35350037
v 307.99212646 242.53936768 31.35350037
v 372.04724121 244.90158081 31.35350037
usemtl mat6
f 2602 2603 2604
f 2603 2602 2605
# Vertices: 4, normals: 0, texture coordinates: 0, faces: 2

o obj491
v 372.04724121 220.09841919 20.07874107
v 307.99212646 225.45275879 20.07874107
v 307.99212646 220.09841919 20.07874107
v 307.99212646 231.35826111 20.07874107
v 372.04724121 242.53936768 20.07874107
v 307.99212646 242.53936768 20.07874107
v 372.04724121 225.45275879 20.07874107
v 372.04724121 231.35826111 20.07874107
usemtl mat6
f 2606 2607 2608
f 2607 2606 2609
f 2609 2610 2611
f 2610 2609 2612
f 2612 2609 2606
f 2610 2612 2613
# Vertices: 8, normals: 0, texture coordinates: 0, faces: 6

o obj492
v 372.04724121 244.90158081 17.71653557
v 372.04724121 231.35826111 20.07874107
v 372.04724121 231.35826111 17.71653557
v 372.04724121 242.53936768 20.07874107
v 372.04724121 242.53936768 31.35350037
v 372.04724121 244.90158081 31.35350037
usemtl mat6
f 2614 2615 2616
f 2615 2614 2617
f 2617 2614 2618
f 2618 2614 2619
# Vertices: 6, normals: 0, texture coordinates: 0, faces: 4

o obj493
v 307.99212646 244.90158081 31.35350037
v 307.99212646 242.53936768 20.07874107
v 307.99212646 242.53936768 31.35350037
v 307.99212646 231.35826111 17.71653557
v 307.99212646 231.35826111 20.07874107
v 307.99212646 244.90158081 17.71653557
usemtl mat6
f 2620 2621 2622
f 2621 2623 2624
f 2623 2621 2625
f 2625 2621 2620
# Vertices: 6, normals: 0, texture coordinates: 0, faces: 4

o obj494
v 441.96850586 220.09841919 20.07874107
v 377.95275879 225.45275879 20.07874107
v 377.95275879 220.09841919 20.07874107
v 377.95275879 231.35826111 20.07874107
v 441.96850586 225.45275879 20.07874107
v 441.96850586 242.53936768 20.07874107
v 377.95275879 242.53936768 20.07874107
v 441.96850586 231.35826111 20.07874107
usemtl mat6
f 2626 2627 2628
f 2627 2626 2629
f 2629 2626 2630
f 2629 2631 2632
f 2631 2629 2630
f 2631 2630 2633
# Vertices: 8, normals: 0, texture coordinates: 0, faces: 6

o obj495
v 441.96850586 242.53936768 31.35350037
v 377.95275879 242.53936768 20.07874107
v 441.96850586 242.53936768 20.07874107
v 377.95275879 242.53936768 31.35350037
usemtl mat6
f 2634 2635 2636
f 2635 2634 2637
# Vertices: 4, normals: 0, texture coordinates: 0, faces: 2

o obj496
v 377.95275879 244.90158081 31.35350037
v 377.95275879 242.53936768 20.07874107
v 377.95275879 242.53936768 31.35350037
v 377.95275879 231.35826111 17.71653557
v 377.95275879 231.35826111 20.07874107
v 377.95275879 244.90158081 17.71653557
usemtl mat6
f 2638 2639 2640
f 2639 2641 2642
f 2641 2639 2643
f 2643 2639 2638
# Vertices: 6, normals: 0, texture coordinates: 0, faces: 4

o obj497
v 441.96850586 244.90158081 17.71653557
v 441.96850586 231.35826111 20.07874107
v 441.96850586 231.35826111 17.71653557
v 441.96850586 242.53936768 20.07874107
v 441.96850586 244.90158081 31.35350037
v 441.96850586 242.53936768 31.35350037
usemtl mat6
f 2644 2645 2646
f 2645 2644 2647
f 2647 2644 2648
f 2648 2649 2647
# Vertices: 6, normals: 0, texture coordinates: 0, faces: 4

o obj498
v 441.96850586 242.53936768 31.35350037
v 377.95275879 244.90158081 31.35350037
v 377.95275879 242.53936768 31.35350037
v 441.96850586 244.90158081 31.35350037
usemtl mat6
f 2650 2651 2652
f 2651 2650 2653
# Vertices: 4, normals: 0, texture coordinates: 0, faces: 2

o obj499
v 447.87402344 220.09841919 20.07874107
v 447.87402344 231.35826111 20.07874107
v 447.87402344 225.45275879 20.07874107
v 511.77166748 220.09841919 20.07874107
v 511.77166748 242.53936768 20.07874107
v 447.87402344 242.53936768 20.07874107
v 511.77166748 225.45275879 20.07874107
v 511.77166748 231.35826111 20.07874107
usemtl mat6
f 2654 2655 2656
f 2655 2654 2657
f 2655 2658 2659
f 2658 2655 2660
f 2660 2655 2657
f 2658 2660 2661
# Vertices: 8, normals: 0, texture coordinates: 0, faces: 6

o obj500
v 511.77166748 242.53936768 31.35350037
v 447.87402344 242.53936768 20.07874107
v 511.77166748 242.53936768 20.07874107
v 447.87402344 242.53936768 31.35350037
usemtl mat6
f 2662 2663 2664
f 2663 2662 2665
# Vertices: 4, normals: 0, texture coordinates: 0, faces: 2

o obj501
v 511.77166748 242.53936768 31.35350037
v 447.87402344 244.90158081 31.35350037
v 447.87402344 242.53936768 31.35350037
v 511.77166748 244.90158081 31.35350037
usemtl mat6
f 2666 2667 2668
f 2667 2666 2669
# Vertices: 4, normals: 0, texture coordinates: 0, faces: 2

o obj502
v 447.87402344 244.90158081 31.35350037
v 447.87402344 242.53936768 20.07874107
v 447.87402344 242.53936768 31.35350037
v 447.87402344 231.35826111 17.71653557
v 447.87402344 231.35826111 20.07874107
v 447.87402344 244.90158081 17.71653557
usemtl mat6
f 2670 2671 2672
f 2671 2673 2674
f 2673 2671 2675
f 2675 2671 2670
# Vertices: 6, normals: 0, texture coordinates: 0, faces: 4

o obj503
v 511.77166748 244.90158081 17.71653557
v 511.77166748 231.35826111 20.07874107
v 511.77166748 231.35826111 17.71653557
v 511.77166748 242.53936768 20.07874107
v 511.77166748 242.53936768 31.35350037
v 511.77166748 244.90158081 31.35350037
usemtl mat6
f 2676 2677 2678
f 2677 2676 2679
f 2679 2676 2680
f 2680 2676 2681
# Vertices: 6, normals: 0, texture coordinates: 0, faces: 4

o obj504
v 573.30706787 242.53936768 31.35350037
v 517.67718506 242.53936768 20.07874107
v 573.30706787 242.53936768 20.07874107
v 517.67718506 242.53936768 31.35350037
usemtl mat6
f 2682 2683 2684
f 2683 2682 2685
# Vertices: 4, normals: 0, texture coordinates: 0, faces: 2

o obj505
v 573.30706787 242.53936768 31.35350037
v 517.67718506 244.90158081 31.35350037
v 517.67718506 242.53936768 31.35350037
v 573.30706787 244.90158081 31.35350037
usemtl mat6
f 2686 2687 2688
f 2687 2686 2689
# Vertices: 4, normals: 0, texture coordinates: 0, faces: 2

o obj506
v 517.67718506 244.90158081 31.35350037
v 517.67718506 242.53936768 20.07874107
v 517.67718506 242.53936768 31.35350037
v 517.67718506 231.35826111 17.71653557
v 517.67718506 231.35826111 20.07874107
v 517.67718506 244.90158081 17.71653557
usemtl mat6
f 2690 2691 2692
f 2691 2693 2694
f 2693 2691 2695
f 2695 2691 2690
# Vertices: 6, normals: 0, texture coordinates: 0, faces: 4

o obj507
v 244.25196838 220.09841919 17.71653557
v -31.65354347 220.09841919 -0
v 244.25196838 220.09841919 -0
v -31.65354347 220.09841919 17.71653557
v 231.57479858 220.09841919 17.71653557
v 167.28346252 220.09841919 17.71653557
v 161.37796021 220.09841919 17.71653557
v 97.75590515 220.09841919 17.71653557
v 91.8503952 220.09841919 17.71653557
v 28.50393677 220.09841919 17.71653557
v 22.59842491 220.09841919 17.71653557
usemtl mat0
f 2696 2697 2698
f 2697 2696 2699
f 2699 2696 2700
f 2699 2700 2701
f 2699 2701 2702
f 2699 2702 2703
f 2699 2703 2704
f 2699 2704 2705
f 2699 2705 2706
# Vertices: 11, normals: 0, texture coordinates: 0, faces: 9

o obj508
v 519.37005615 -244.42913818 31.49606323
v 573.30706787 -244.42913818 20.07874107
v 519.37005615 -244.42913818 20.07874107
v 573.30706787 -244.42913818 31.49606323
usemtl mat6
f 2707 2708 2709
f 2708 2707 2710
# Vertices: 4, normals: 0, texture coordinates: 0, faces: 2

o obj509
v 573.30706787 -246.79133606 31.49606323
v 519.37005615 -244.42913818 31.49606323
v 519.37005615 -246.79133606 31.49606323
v 573.30706787 -244.42913818 31.49606323
usemtl mat6
f 2711 2712 2713
f 2712 2711 2714
# Vertices: 4, normals: 0, texture coordinates: 0, faces: 2

o obj510
v 519.37005615 -244.42913818 31.49606323
v 519.37005615 -246.79133606 17.71653557
v 519.37005615 -246.79133606 31.49606323
v 519.37005615 -244.42913818 20.07874107
v 519.37005615 -233.79920959 17.71653557
v 519.37005615 -233.79920959 20.07874107
usemtl mat6
f 2715 2716 2717
f 2716 2715 2718
f 2716 2718 2719
f 2719 2718 2720
# Vertices: 6, normals: 0, texture coordinates: 0, faces: 4

o obj511
v 380.1574707 -244.42913818 31.49606323
v 443.97637939 -244.42913818 20.07874107
v 380.1574707 -244.42913818 20.07874107
v 443.97637939 -244.42913818 31.49606323
usemtl mat6
f 2721 2722 2723
f 2722 2721 2724
# Vertices: 4, normals: 0, texture coordinates: 0, faces: 2

o obj512
v 443.97637939 -246.79133606 31.49606323
v 380.1574707 -244.42913818 31.49606323
v 380.1574707 -246.79133606 31.49606323
v 443.97637939 -244.42913818 31.49606323
usemtl mat6
f 2725 2726 2727
f 2726 2725 2728
# Vertices: 4, normals: 0, texture coordinates: 0, faces: 2

o obj513
v 380.1574707 -244.42913818 20.07874107
v 380.1574707 -227.89370728 20.07874107
v 380.1574707 -233.79920959 20.07874107
v 443.97637939 -244.42913818 20.07874107
v 443.97637939 -233.79920959 20.07874107
v 443.97637939 -221.9881897 20.07874107
v 380.1574707 -221.9881897 20.07874107
v 443.97637939 -227.89370728 20.07874107
usemtl mat6
f 2729 2730 2731
f 2730 2729 2732
f 2730 2732 2733
f 2730 2734 2735
f 2734 2730 2733
f 2734 2733 2736
# Vertices: 8, normals: 0, texture coordinates: 0, faces: 6

o obj514
v 380.1574707 -244.42913818 31.49606323
v 380.1574707 -246.79133606 17.71653557
v 380.1574707 -246.79133606 31.49606323
v 380.1574707 -244.42913818 20.07874107
v 380.1574707 -233.79920959 17.71653557
v 380.1574707 -233.79920959 20.07874107
usemtl mat6
f 2737 2738 2739
f 2738 2737 2740
f 2738 2740 2741
f 2741 2740 2742
# Vertices: 6, normals: 0, texture coordinates: 0, faces: 4

o obj515
v 443.97637939 -246.79133606 17.71653557
v 443.97637939 -244.42913818 20.07874107
v 443.97637939 -246.79133606 31.49606323
v 443.97637939 -233.79920959 17.71653557
v 443.97637939 -233.79920959 20.07874107
v 443.97637939 -244.42913818 31.49606323
usemtl mat6
f 2743 2744 2745
f 2744 2743 2746
f 2744 2746 2747
f 2748 2745 2744
# Vertices: 6, normals: 0, texture coordinates: 0, faces: 4

o obj516
v 309.96063232 -244.42913818 31.49606323
v 374.25198364 -244.42913818 20.07874107
v 309.96063232 -244.42913818 20.07874107
v 374.25198364 -244.42913818 31.49606323
usemtl mat6
f 2749 2750 2751
f 2750 2749 2752
# Vertices: 4, normals: 0, texture coordinates: 0, faces: 2

o obj517
v 374.25198364 -246.79133606 31.49606323
v 309.96063232 -244.42913818 31.49606323
v 309.96063232 -246.79133606 31.49606323
v 374.25198364 -244.42913818 31.49606323
usemtl mat6
f 2753 2754 2755
f 2754 2753 2756
# Vertices: 4, normals: 0, texture coordinates: 0, faces: 2

o obj518
v 309.96063232 -244.42913818 20.07874107
v 309.96063232 -227.89370728 20.07874107
v 309.96063232 -233.79920959 20.07874107
v 374.25198364 -244.42913818 20.07874107
v 309.96063232 -221.9881897 20.07874107
v 374.25198364 -233.79920959 20.07874107
v 374.25198364 -221.9881897 20.07874107
v 374.25198364 -227.89370728 20.07874107
usemtl mat6
f 2757 2758 2759
f 2758 2757 2760
f 2758 2760 2761
f 2761 2760 2762
f 2762 2763 2761
f 2763 2762 2764
# Vertices: 8, normals: 0, texture coordinates: 0, faces: 6

o obj519
v 309.96063232 -244.42913818 31.49606323
v 309.96063232 -246.79133606 17.71653557
v 309.96063232 -246.79133606 31.49606323
v 309.96063232 -244.42913818 20.07874107
v 309.96063232 -233.79920959 17.71653557
v 309.96063232 -233.79920959 20.07874107
usemtl mat6
f 2765 2766 2767
f 2766 2765 2768
f 2766 2768 2769
f 2769 2768 2770
# Vertices: 6, normals: 0, texture coordinates: 0, faces: 4

o obj520
v 374.25198364 -246.79133606 17.71653557
v 374.25198364 -244.42913818 20.07874107
v 374.25198364 -246.79133606 31.49606323
v 374.25198364 -233.79920959 17.71653557
v 374.25198364 -233.79920959 20.07874107
v 374.25198364 -244.42913818 31.49606323
usemtl mat6
f 2771 2772 2773
f 2772 2771 2774
f 2772 2774 2775
f 2776 2773 2772
# Vertices: 6, normals: 0, texture coordinates: 0, faces: 4

o obj521
v 297.28347778 -221.9881897 -0
v 453.26773071 -221.9881897 17.71653557
v 453.26773071 -221.9881897 -0
v 297.28347778 -221.9881897 17.71653557
v 309.56692505 -221.9881897 17.71653557
v 373.85827637 -221.9881897 17.71653557
v 379.76379395 -221.9881897 17.71653557
v 443.58267212 -221.9881897 17.71653557
usemtl mat0
f 2777 2778 2779
f 2778 2777 2780
f 2778 2780 2781
f 2778 2781 2782
f 2778 2782 2783
f 2778 2783 2784
# Vertices: 8, normals: 0, texture coordinates: 0, faces: 6

o obj522
v 505.62991333 -221.9881897 17.71653557
v 572.91339111 -221.9881897 17.71653557
v 505.62991333 -221.9881897 -0
v 518.97637939 -221.9881897 17.71653557
v 621.5748291 -221.9881897 -0
v 621.5748291 -221.9881897 140.5118103
v 572.91339111 -221.9881897 20.07874107
v 572.91339111 -221.9881897 140.5118103
usemtl mat0
f 2785 2786 2787
f 2786 2785 2788
f 2789 2786 2790
f 2786 2789 2787
f 2790 2786 2791
f 2790 2791 2792
# Vertices: 8, normals: 0, texture coordinates: 0, faces: 6

o obj523
v 438.30709839 -309.07479858 -0
v 519.01574707 -309.07479858 57.48031616
v 519.01574707 -309.07479858 -0
v 438.30709839 -309.07479858 57.48031616
v 438.30709839 -309.07479858 135.82676697
v 519.01574707 -309.07479858 135.82676697
usemtl mat5
f 2793 2794 2795
f 2794 2793 2796
f 2794 2796 2797
f 2794 2797 2798
# Vertices: 6, normals: 0, texture coordinates: 0, faces: 4

o obj524
v 229.96063232 -309.07479858 -0
v 310.66928101 -309.07479858 57.48031616
v 310.66928101 -309.07479858 -0
v 229.96063232 -309.07479858 57.48031616
v 229.96063232 -309.07479858 135.82676697
v 310.66928101 -309.07479858 135.82676697
usemtl mat5
f 2799 2800 2801
f 2800 2799 2802
f 2800 2802 2803
f 2800 2803 2804
# Vertices: 6, normals: 0, texture coordinates: 0, faces: 4

o obj525
v 449.21258545 217.57873535 300.75564575
v 493.70077515 217.57873535 300.19683838
v 449.21258545 217.57873535 300.19683838
v 493.70077515 217.57873535 300.75564575
usemtl mat2
f 2805 2806 2807
f 2806 2805 2808
# Vertices: 4, normals: 0, texture coordinates: 0, faces: 2

o obj526
v 379.92126465 217.57873535 300.75564575
v 424.40945435 217.57873535 300.19683838
v 379.92126465 217.57873535 300.19683838
v 424.40945435 217.57873535 300.75564575
usemtl mat2
f 2809 2810 2811
f 2810 2809 2812
# Vertices: 4, normals: 0, texture coordinates: 0, faces: 2

o obj527
v 310.62991333 217.57873535 300.75564575
v 355.11810303 217.57873535 300.19683838
v 310.62991333 217.57873535 300.19683838
v 355.11810303 217.57873535 300.75564575
usemtl mat2
f 2813 2814 2815
f 2814 2813 2816
# Vertices: 4, normals: 0, texture coordinates: 0, faces: 2

o obj528
v 241.33857727 217.57873535 300.75564575
v 285.82678223 217.57873535 300.19683838
v 241.33857727 217.57873535 300.19683838
v 285.82678223 217.57873535 300.75564575
usemtl mat2
f 2817 2818 2819
f 2818 2817 2820
# Vertices: 4, normals: 0, texture coordinates: 0, faces: 2

o obj529
v 172.04724121 217.57873535 300.75564575
v 216.53543091 217.57873535 300.19683838
v 172.04724121 217.57873535 300.19683838
v 216.53543091 217.57873535 300.75564575
usemtl mat2
f 2821 2822 2823
f 2822 2821 2824
# Vertices: 4, normals: 0, texture coordinates: 0, faces: 2

o obj530
v 659.37005615 193.40551758 163.1889801
v 686.7322998 193.40551758 156.88977051
v 659.37005615 193.40551758 156.88977051
v 686.7322998 193.40551758 163.1889801
usemtl mat6
f 2825 2826 2827
f 2826 2825 2828
# Vertices: 4, normals: 0, texture coordinates: 0, faces: 2

o obj531
v 659.37005615 193.40551758 163.1889801
v 659.37005615 -195.21653748 156.88977051
v 659.37005615 -195.21653748 163.1889801
v 659.37005615 193.40551758 156.88977051
usemtl mat6
f 2829 2830 2831
f 2830 2829 2832
# Vertices: 4, normals: 0, texture coordinates: 0, faces: 2

o obj532
v 686.7322998 -195.21653748 163.1889801
v 659.37005615 -195.21653748 156.88977051
v 686.7322998 -195.21653748 156.88977051
v 659.37005615 -195.21653748 163.1889801
usemtl mat6
f 2833 2834 2835
f 2834 2833 2836
# Vertices: 4, normals: 0, texture coordinates: 0, faces: 2

o obj533
v 694.80316162 193.40551758 169.4881897
v 729.64569092 193.40551758 163.1889801
v 694.80316162 193.40551758 163.1889801
v 729.64569092 193.40551758 169.4881897
usemtl mat6
f 2837 2838 2839
f 2838 2837 2840
# Vertices: 4, normals: 0, texture coordinates: 0, faces: 2

o obj534
v 729.64569092 -195.21653748 169.4881897
v 694.80316162 -195.21653748 163.1889801
v 729.64569092 -195.21653748 163.1889801
v 694.80316162 -195.21653748 169.4881897
usemtl mat6
f 2841 2842 2843
f 2842 2841 2844
# Vertices: 4, normals: 0, texture coordinates: 0, faces: 2

o obj535
v 729.64569092 -195.21653748 169.4881897
v 694.80316162 193.40551758 169.4881897
v 694.80316162 -195.21653748 169.4881897
v 729.64569092 193.40551758 169.4881897
usemtl mat6
f 2845 2846 2847
f 2846 2845 2848
# Vertices: 4, normals: 0, texture coordinates: 0, faces: 2

o obj536
v 686.7322998 -195.21653748 163.1889801
v 686.7322998 -207.02755737 156.88977051
v 686.7322998 -207.02755737 163.1889801
v 686.7322998 -195.21653748 156.88977051
usemtl mat6
f 2849 2850 2851
f 2850 2849 2852
# Vertices: 4, normals: 0, texture coordinates: 0, faces: 2

o obj537
v 729.64569092 -207.02755737 163.1889801
v 686.7322998 -207.02755737 156.88977051
v 729.64569092 -207.02755737 156.88977051
v 686.7322998 -207.02755737 163.1889801
usemtl mat6
f 2853 2854 2855
f 2854 2853 2856
# Vertices: 4, normals: 0, texture coordinates: 0, faces: 2

o obj538
v 686.7322998 205.21653748 163.1889801
v 729.64569092 205.21653748 156.88977051
v 686.7322998 205.21653748 156.88977051
v 729.64569092 205.21653748 163.1889801
usemtl mat6
f 2857 2858 2859
f 2858 2857 2860
# Vertices: 4, normals: 0, texture coordinates: 0, faces: 2

o obj539
v 686.7322998 205.21653748 163.1889801
v 686.7322998 193.40551758 156.88977051
v 686.7322998 193.40551758 163.1889801
v 686.7322998 205.21653748 156.88977051
usemtl mat6
f 2861 2862 2863
f 2862 2861 2864
# Vertices: 4, normals: 0, texture coordinates: 0, faces: 2

o obj540
v 694.80316162 193.40551758 169.4881897
v 694.80316162 -195.21653748 163.1889801
v 694.80316162 -195.21653748 169.4881897
v 694.80316162 193.40551758 163.1889801
usemtl mat6
f 2865 2866 2867
f 2866 2865 2868
# Vertices: 4, normals: 0, texture coordinates: 0, faces: 2

o obj541
v 686.7322998 -195.21653748 163.1889801
v 659.37005615 193.40551758 163.1889801
v 659.37005615 -195.21653748 163.1889801
v 686.7322998 193.40551758 163.1889801
v 729.64569092 -207.02755737 163.1889801
v 686.7322998 -207.02755737 163.1889801
v 694.80316162 -195.21653748 163.1889801
v 686.7322998 205.21653748 163.1889801
v 729.64569092 -195.21653748 163.1889801
v 694.80316162 193.40551758 163.1889801
v 729.64569092 205.21653748 163.1889801
v 729.64569092 193.40551758 163.1889801
usemtl mat6
f 2869 2870 2871
f 2870 2869 2872
f 2873 2869 2874
f 2869 2873 2875
f 2869 2875 2872
f 2872 2875 2876
f 2875 2873 2877
f 2876 2878 2879
f 2878 2876 2875
f 2879 2878 2880
# Vertices: 12, normals: 0, texture coordinates: 0, faces: 10

o obj542
v 24.68503952 -233.79920959 156.88977051
v -37.24409485 -227.89370728 156.88977051
v -37.24409485 -233.79920959 156.88977051
v -29.29133797 -195.21653748 156.88977051
v -27.32283401 -195.21653748 156.88977051
v 24.68503952 -195.21653748 156.88977051
v 24.68503952 -227.89370728 156.88977051
v -87.08661652 -180.21653748 156.88977051
v -87.08661652 -227.89370728 156.88977051
v -29.29133797 -180.21653748 156.88977051
usemtl mat3
f 2881 2882 2883
f 2882 2881 2884
f 2884 2881 2885
f 2885 2881 2886
f 2886 2881 2887
f 2882 2888 2889
f 2888 2882 2890
f 2890 2882 2884
# Vertices: 10, normals: 0, texture coordinates: 0, faces: 8

o obj543
v 22.99212646 231.35826111 163.1889801
v -37.24409485 260.21652222 163.1889801
v -37.24409485 231.35826111 163.1889801
v 575.19683838 260.21652222 163.1889801
v 28.89763832 231.35826111 163.1889801
v 92.24409485 231.35826111 163.1889801
v 98.1496048 231.35826111 163.1889801
v 161.77165222 231.35826111 163.1889801
v 167.6771698 231.35826111 163.1889801
v 231.96850586 231.35826111 163.1889801
v 237.87400818 231.35826111 163.1889801
v 302.08660889 231.35826111 163.1889801
v 307.99212646 231.35826111 163.1889801
v 372.04724121 231.35826111 163.1889801
v 377.95275879 231.35826111 163.1889801
v 441.96850586 231.35826111 163.1889801
v 447.87402344 231.35826111 163.1889801
v 511.77166748 231.35826111 163.1889801
v 517.64788818 231.35826111 163.1889801
v 517.67718506 231.35826111 163.1889801
v 575.19683838 231.35826111 163.1889801
usemtl mat3
f 2891 2892 2893
f 2892 2891 2894
f 2894 2891 2895
f 2894 2895 2896
f 2894 2896 2897
f 2894 2897 2898
f 2894 2898 2899
f 2894 2899 2900
f 2894 2900 2901
f 2894 2901 2902
f 2894 2902 2903
f 2894 2903 2904
f 2894 2904 2905
f 2894 2905 2906
f 2894 2906 2907
f 2894 2907 2908
f 2894 2908 2909
f 2894 2909 2910
f 2894 2910 2911
# Vertices: 21, normals: 0, texture coordinates: 0, faces: 19

o obj544
v 517.64788818 231.35826111 163.1889801
v 517.67718506 231.35826111 156.88977051
v 517.64788818 231.35826111 156.88977051
v 517.67718506 231.35826111 163.1889801
usemtl mat6
f 2912 2913 2914
f 2913 2912 2915
# Vertices: 4, normals: 0, texture coordinates: 0, faces: 2

o obj545
v 575.19683838 231.35826111 163.1889801
v 517.67718506 231.35826111 156.88977051
v 575.19683838 231.35826111 156.88977051
v 517.67718506 231.35826111 163.1889801
usemtl mat3
f 2916 2917 2918
f 2917 2916 2919
# Vertices: 4, normals: 0, texture coordinates: 0, faces: 2

o obj546
v 22.99212646 231.35826111 156.88977051
v -37.24409485 231.35826111 163.1889801
v -37.24409485 231.35826111 156.88977051
v 22.99212646 231.35826111 163.1889801
usemtl mat3
f 2920 2921 2922
f 2921 2920 2923
# Vertices: 4, normals: 0, texture coordinates: 0, faces: 2

o obj547
v 302.08660889 231.35826111 163.1889801
v 237.87400818 231.35826111 156.88977051
v 302.08660889 231.35826111 156.88977051
v 237.87400818 231.35826111 163.1889801
usemtl mat3
f 2924 2925 2926
f 2925 2924 2927
# Vertices: 4, normals: 0, texture coordinates: 0, faces: 2

o obj548
v 575.19683838 -272.38189697 163.1889801
v -37.24409485 -233.79920959 163.1889801
v -37.24409485 -272.38189697 163.1889801
v 24.68503952 -233.79920959 163.1889801
v 30.59055138 -233.79920959 163.1889801
v 100.5118103 -233.79920959 163.1889801
v 164.01574707 -233.79920959 163.1889801
v 169.92126465 -233.79920959 163.1889801
v 233.89764404 -233.79920959 163.1889801
v 239.80314636 -233.79920959 163.1889801
v 304.05511475 -233.79920959 163.1889801
v 309.96063232 -233.79920959 163.1889801
v 374.25198364 -233.79920959 163.1889801
v 380.1574707 -233.79920959 163.1889801
v 443.97637939 -233.79920959 163.1889801
v 449.88189697 -233.79920959 163.1889801
v 513.46453857 -233.79920959 163.1889801
v 519.37005615 -233.79920959 163.1889801
v 575.19683838 -233.79920959 163.1889801
usemtl mat3
f 2928 2929 2930
f 2929 2928 2931
f 2931 2928 2932
f 2932 2928 2933
f 2933 2928 2934
f 2934 2928 2935
f 2935 2928 2936
f 2936 2928 2937
f 2937 2928 2938
f 2938 2928 2939
f 2939 2928 2940
f 2940 2928 2941
f 2941 2928 2942
f 2942 2928 2943
f 2943 2928 2944
f 2944 2928 2945
f 2945 2928 2946
# Vertices: 19, normals: 0, texture coordinates: 0, faces: 17

o obj549
v -37.24409485 -233.79920959 163.1889801
v 24.68503952 -233.79920959 156.88977051
v -37.24409485 -233.79920959 156.88977051
v 24.68503952 -233.79920959 163.1889801
usemtl mat3
f 2947 2948 2949
f 2948 2947 2950
# Vertices: 4, normals: 0, texture coordinates: 0, faces: 2

o obj550
v 519.37005615 -233.79920959 163.1889801
v 575.19683838 -233.79920959 156.88977051
v 519.37005615 -233.79920959 156.88977051
v 575.19683838 -233.79920959 163.1889801
usemtl mat3
f 2951 2952 2953
f 2952 2951 2954
# Vertices: 4, normals: 0, texture coordinates: 0, faces: 2

o obj551
v 239.80314636 -233.79920959 163.1889801
v 304.05511475 -233.79920959 156.88977051
v 239.80314636 -233.79920959 156.88977051
v 304.05511475 -233.79920959 163.1889801
usemtl mat3
f 2955 2956 2957
f 2956 2955 2958
# Vertices: 4, normals: 0, texture coordinates: 0, faces: 2

o obj552
v 639.01574707 -245.49212646 163.1889801
v 615.39367676 -227.89370728 163.1889801
v 615.39367676 -245.49212646 163.1889801
v 639.01574707 -227.89370728 163.1889801
usemtl mat3
f 2959 2960 2961
f 2960 2959 2962
# Vertices: 4, normals: 0, texture coordinates: 0, faces: 2

o obj553
v 639.01574707 -227.89370728 156.88977051
v 639.01574707 -245.49212646 163.1889801
v 639.01574707 -245.49212646 156.88977051
v 639.01574707 -227.89370728 163.1889801
usemtl mat3
f 2963 2964 2965
f 2964 2963 2966
# Vertices: 4, normals: 0, texture coordinates: 0, faces: 2

o obj554
v 615.39367676 -227.89370728 163.1889801
v 639.01574707 -227.89370728 156.88977051
v 615.39367676 -227.89370728 156.88977051
v 639.01574707 -227.89370728 163.1889801
usemtl mat3
f 2967 2968 2969
f 2968 2967 2970
# Vertices: 4, normals: 0, texture coordinates: 0, faces: 2

o obj555
v 623.93701172 193.40551758 156.88977051
v 517.67718506 225.45275879 156.88977051
v 517.67718506 193.40551758 156.88977051
v 517.67718506 231.35826111 156.88977051
v 575.19683838 225.45275879 156.88977051
v 615.39367676 225.45275879 156.88977051
v 615.39367676 260.21652222 156.88977051
v 677.24407959 260.21652222 156.88977051
v 659.37005615 193.40551758 156.88977051
v 686.7322998 193.40551758 156.88977051
v 677.24407959 272.02755737 156.88977051
v 686.7322998 205.21653748 156.88977051
v 741.45666504 272.02755737 156.88977051
v 729.64569092 227.5 156.88977051
v 729.64569092 205.21653748 156.88977051
v 741.45666504 227.5 156.88977051
v 575.19683838 231.35826111 156.88977051
usemtl mat3
f 2971 2972 2973
f 2972 2971 2974
f 2974 2971 2975
f 2975 2971 2976
f 2976 2971 2977
f 2977 2971 2978
f 2978 2971 2979
f 2978 2979 2980
f 2978 2980 2981
f 2981 2980 2982
f 2981 2982 2983
f 2983 2982 2984
f 2984 2982 2985
f 2983 2984 2986
f 2987 2974 2975
# Vertices: 17, normals: 0, texture coordinates: 0, faces: 15

o obj556
v 659.37005615 -195.21653748 156.88977051
v 623.93701172 193.40551758 156.88977051
v 623.93701172 -195.21653748 156.88977051
v 659.37005615 193.40551758 156.88977051
usemtl mat6
f 2988 2989 2990
f 2989 2988 2991
# Vertices: 4, normals: 0, texture coordinates: 0, faces: 2

o obj557
v -87.48031616 -221.9881897 -0
v -47.24409485 -157.34251404 -0
v -87.48031616 156.94882202 -0
v -31.65354347 -221.9881897 -0
v -0 -157.34251404 0
v 37.00787354 -221.9881897 -0
v 0 157.34251404 0
v 102.75590515 -309.07479858 -0
v 22.04724503 -258.60235596 -0
v 22.04724503 -309.07479858 -0
v 37.00787354 -258.60235596 -0
v 58.26771545 -165.15748596 -0
v 89.37007904 -258.60235596 -0
v 102.75590515 -258.60235596 -0
v 310.66928101 -309.07479858 -0
v 229.96063232 -258.60235596 -0
v 229.96063232 -309.07479858 -0
v 244.92126465 -258.60235596 -0
v 244.92126465 -221.9881897 -0
v 297.28347778 -258.60235596 -0
v 310.66928101 -258.60235596 -0
v 519.01574707 -309.07479858 -0
v 438.30709839 -258.60235596 -0
v 438.30709839 -309.07479858 -0
v 453.26773071 -258.60235596 -0
v 453.26773071 -221.9881897 -0
v 505.62991333 -258.60235596 -0
v 519.01574707 -258.60235596 -0
v 561.5748291 144.4881897 -0
v 526.81103516 165.15748596 -0
v 526.81103516 144.4881897 -0
v 596.18109131 123.81890106 -0
v 561.5748291 123.81890106 -0
v 89.37007904 -221.9881897 -0
v 526.81103516 -165.15748596 -0
v 297.28347778 -221.9881897 -0
v 505.62991333 -221.9881897 -0
v 621.5748291 -221.9881897 -0
v 526.81103516 -144.4881897 -0
v 561.5748291 -144.4881897 -0
v 561.5748291 -123.81890106 -0
v 596.18109131 -123.81890106 -0
v 633.38580322 -173.28739929 -0
v 621.5748291 -120.61023712 -0
v 621.5748291 -173.28739929 -0
v 633.38580322 -120.61023712 -0
v 633.38580322 118.87795258 -0
v 621.5748291 171.39764404 -0
v 621.5748291 118.87795258 -0
v 633.38580322 171.39764404 -0
v -87.48031616 220.09841919 -0
v -87.48031616 157.34251404 -0
v -31.65354347 220.09841919 -0
v 244.25196838 220.09841919 -0
v 58.26771545 165.15748596 -0
v 296.45669556 220.09841919 -0
v 244.25196838 256.71258545 -0
v 621.5748291 220.09841919 -0
v 296.45669556 256.71258545 -0
v -47.24409485 -156.94882202 -0
v -0.78740156 156.94882202 -0
v -0.78740156 -156.94882202 -0
usemtl mat3
f 2992 2993 2994
f 2993 2992 2995
f 2993 2995 2996
f 2996 2995 2997
f 2996 2997 2998
f 2999 3000 3001
f 3000 2999 3002
f 3002 2999 2997
f 2997 2999 3003
f 3003 2999 3004
f 3004 2999 3005
f 3006 3007 3008
f 3007 3006 3009
f 3009 3006 3010
f 3010 3006 3011
f 3011 3006 3012
f 3013 3014 3015
f 3014 3013 3016
f 3016 3013 3017
f 3017 3013 3018
f 3018 3013 3019
f 3020 3021 3022
f 3023 3020 3024
f 3003 3025 3026
f 3025 3003 3004
f 3026 3025 3010
f 3026 3010 3027
f 3027 3010 3011
f 3026 3027 3017
f 3026 3017 3028
f 3028 3017 3018
f 3026 3028 3029
f 3026 3029 3030
f 3030 3029 3031
f 3031 3029 3032
f 3032 3029 3033
f 3033 3029 3023
f 3034 3035 3036
f 3035 3034 3037
f 3038 3039 3040
f 3039 3038 3041
f 2998 3042 3043
f 3042 2998 3044
f 3044 2998 3045
f 3045 2998 3046
f 3046 2998 2997
f 3046 2997 3003
f 3045 3046 3021
f 3045 3021 3047
f 3045 3047 3048
f 3047 3021 3049
f 3049 3021 3020
f 3049 3020 3023
f 3049 3023 3039
f 3039 3023 3029
f 3039 3029 3036
f 3039 3036 3035
f 3039 3035 3040
f 3050 3048 3047
f 2994 3051 3052
f 3051 2994 2993
f 3052 3051 3053
# Vertices: 62, normals: 0, texture coordinates: 0, faces: 62

o obj558
v -87.48031616 220.09841919 -0
v -87.48031616 157.34251404 39.37007904
v -87.48031616 157.34251404 -0
v -87.48031616 173.87796021 39.37007904
v -87.48031616 173.87796021 140.5118103
v -87.48031616 220.09841919 140.5118103
v -87.48031616 220.09841919 78.54330444
usemtl mat0
f 3054 3055 3056
f 3055 3054 3057
f 3057 3054 3058
f 3058 3054 3059
f 3059 3054 3060
# Vertices: 7, normals: 0, texture coordinates: 0, faces: 5

o obj559
v -87.48031616 157.34251404 39.37007904
v 0 157.34251404 0
v -87.48031616 157.34251404 -0
v 0 157.34251404 38.97637939
v 0 157.34251404 39.37007904
usemtl mat0
f 3061 3062 3063
f 3062 3061 3064
f 3064 3061 3065
# Vertices: 5, normals: 0, texture coordinates: 0, faces: 3

o obj560
v -87.48031616 -178.24803162 39.37007904
v -87.48031616 -168.36613464 31.49606323
v -87.48031616 -157.34251404 39.37007904
v -87.48031616 -168.36613464 29.92125893
v -87.48031616 -157.34251404 31.49606323
v -87.48031616 -157.34251404 38.18897629
v -87.48031616 -221.9881897 -0
v -87.48031616 -201.43701172 6.29921246
v -87.48031616 -221.9881897 140.5118103
v -87.48031616 156.94882202 -0
v -87.48031616 -188.83857727 6.29921246
v -87.48031616 -188.83857727 7.87401581
v -87.48031616 -177.81495667 14.17322826
v -87.48031616 -177.81495667 15.74803162
v -87.48031616 -166.79133606 22.04724503
v -87.48031616 -166.79133606 23.62204742
v -87.48031616 -157.34251404 29.92125893
v -87.48031616 156.94882202 38.18897629
v -87.48031616 -179.38977051 23.62204742
v -87.48031616 -179.38977051 22.04724503
v -87.48031616 -190.41339111 15.74803162
v -87.48031616 -201.43701172 7.87401581
v -87.48031616 -178.24803162 140.5118103
v -87.48031616 -190.41339111 14.17322826
usemtl mat0
f 3066 3067 3068
f 3067 3066 3069
f 3068 3067 3070
f 3068 3070 3071
f 3072 3073 3074
f 3073 3072 3075
f 3073 3075 3076
f 3076 3075 3077
f 3077 3075 3078
f 3078 3075 3079
f 3079 3075 3080
f 3080 3075 3081
f 3081 3075 3082
f 3082 3075 3070
f 3070 3075 3071
f 3071 3075 3083
f 3081 3066 3084
f 3066 3081 3069
f 3069 3081 3082
f 3079 3085 3086
f 3085 3079 3080
f 3074 3087 3088
f 3087 3074 3073
f 3088 3087 3086
f 3086 3087 3089
f 3088 3086 3084
f 3084 3086 3085
f 3088 3084 3066
f 3077 3089 3087
f 3089 3077 3078
# Vertices: 24, normals: 0, texture coordinates: 0, faces: 30

o obj561
v -0.78740156 156.94882202 38.18897629
v -87.48031616 156.94882202 -0
v -0.78740156 156.94882202 -0
v -87.48031616 156.94882202 38.18897629
usemtl mat0
f 3090 3091 3092
f 3091 3090 3093
# Vertices: 4, normals: 0, texture coordinates: 0, faces: 2

o obj562
v 517.67718506 193.40551758 156.88977051
v 302.08660889 225.45275879 156.88977051
v 302.08660889 193.40551758 156.88977051
v 307.99212646 225.45275879 156.88977051
v 372.04724121 225.45275879 156.88977051
v 377.95275879 225.45275879 156.88977051
v 441.96850586 225.45275879 156.88977051
v 447.87402344 225.45275879 156.88977051
v 511.77166748 225.45275879 156.88977051
v 517.67718506 225.45275879 156.88977051
usemtl mat6
f 3094 3095 3096
f 3095 3094 3097
f 3097 3094 3098
f 3098 3094 3099
f 3099 3094 3100
f 3100 3094 3101
f 3101 3094 3102
f 3102 3094 3103
# Vertices: 10, normals: 0, texture coordinates: 0, faces: 8

o obj563
v 302.08660889 193.40551758 156.88977051
v 237.87400818 225.45275879 156.88977051
v 237.87400818 193.40551758 156.88977051
v 237.87400818 231.35826111 156.88977051
v 302.08660889 225.45275879 156.88977051
v 302.08660889 231.35826111 156.88977051
usemtl mat3
f 3104 3105 3106
f 3105 3104 3107
f 3107 3104 3108
f 3107 3108 3109
# Vertices: 6, normals: 0, texture coordinates: 0, faces: 4

o obj564
v 237.87400818 193.40551758 156.88977051
v 22.99212646 225.45275879 156.88977051
v 22.99212646 193.40551758 156.88977051
v 28.89763832 225.45275879 156.88977051
v 92.24409485 225.45275879 156.88977051
v 98.1496048 225.45275879 156.88977051
v 161.77165222 225.45275879 156.88977051
v 167.6771698 225.45275879 156.88977051
v 231.96850586 225.45275879 156.88977051
v 237.87400818 225.45275879 156.88977051
usemtl mat6
f 3110 3111 3112
f 3111 3110 3113
f 3113 3110 3114
f 3114 3110 3115
f 3115 3110 3116
f 3116 3110 3117
f 3117 3110 3118
f 3118 3110 3119
# Vertices: 10, normals: 0, texture coordinates: 0, faces: 8

o obj565
v -29.29133797 175.84645081 156.88977051
v -87.08661652 225.45275879 156.88977051
v -87.08661652 175.84645081 156.88977051
v -37.24409485 225.45275879 156.88977051
v -37.24409485 231.35826111 156.88977051
v -29.29133797 193.40551758 156.88977051
v 22.99212646 231.35826111 156.88977051
v 22.99212646 225.45275879 156.88977051
v 22.99212646 193.40551758 156.88977051
usemtl mat3
f 3120 3121 3122
f 3121 3120 3123
f 3123 3120 3124
f 3124 3120 3125
f 3124 3125 3126
f 3126 3125 3127
f 3127 3125 3128
# Vertices: 9, normals: 0, texture coordinates: 0, faces: 7

o obj566
v 575.19683838 -233.79920959 156.88977051
v 519.37005615 -227.89370728 156.88977051
v 519.37005615 -233.79920959 156.88977051
v 623.93701172 -195.21653748 156.88977051
v 519.37005615 -195.21653748 156.88977051
v 575.19683838 -227.89370728 156.88977051
v 615.39367676 -227.89370728 156.88977051
v 639.01574707 -227.89370728 156.88977051
v 659.37005615 -195.21653748 156.88977051
v 729.64569092 -245.49212646 156.88977051
v 639.01574707 -245.49212646 156.88977051
v 686.7322998 -207.02755737 156.88977051
v 729.64569092 -207.02755737 156.88977051
v 686.7322998 -195.21653748 156.88977051
usemtl mat3
f 3129 3130 3131
f 3130 3132 3133
f 3132 3130 3134
f 3134 3130 3129
f 3132 3134 3135
f 3132 3135 3136
f 3132 3136 3137
f 3138 3136 3139
f 3136 3138 3137
f 3137 3138 3140
f 3140 3138 3141
f 3142 3137 3140
# Vertices: 14, normals: 0, texture coordinates: 0, faces: 12

o obj567
v 309.96063232 -227.89370728 156.88977051
v 304.05511475 -195.21653748 156.88977051
v 304.05511475 -227.89370728 156.88977051
v 519.37005615 -195.21653748 156.88977051
v 374.25198364 -227.89370728 156.88977051
v 380.1574707 -227.89370728 156.88977051
v 443.97637939 -227.89370728 156.88977051
v 449.88189697 -227.89370728 156.88977051
v 513.46453857 -227.89370728 156.88977051
v 519.37005615 -227.89370728 156.88977051
usemtl mat6
f 3143 3144 3145
f 3144 3143 3146
f 3146 3143 3147
f 3146 3147 3148
f 3146 3148 3149
f 3146 3149 3150
f 3146 3150 3151
f 3146 3151 3152
# Vertices: 10, normals: 0, texture coordinates: 0, faces: 8

o obj568
v 304.05511475 -233.79920959 156.88977051
v 239.80314636 -227.89370728 156.88977051
v 239.80314636 -233.79920959 156.88977051
v 239.80314636 -195.21653748 156.88977051
v 304.05511475 -195.21653748 156.88977051
v 304.05511475 -227.89370728 156.88977051
usemtl mat3
f 3153 3154 3155
f 3154 3153 3156
f 3156 3153 3157
f 3157 3153 3158
# Vertices: 6, normals: 0, texture coordinates: 0, faces: 4

o obj569
v 30.59055138 -227.89370728 156.88977051
v 24.68503952 -195.21653748 156.88977051
v 24.68503952 -227.89370728 156.88977051
v 239.80314636 -195.21653748 156.88977051
v 94.60630035 -227.89370728 156.88977051
v 100.5118103 -227.89370728 156.88977051
v 164.01574707 -227.89370728 156.88977051
v 169.92126465 -227.89370728 156.88977051
v 233.89764404 -227.89370728 156.88977051
v 239.80314636 -227.89370728 156.88977051
usemtl mat6
f 3159 3160 3161
f 3160 3159 3162
f 3162 3159 3163
f 3162 3163 3164
f 3162 3164 3165
f 3162 3165 3166
f 3162 3166 3167
f 3162 3167 3168
# Vertices: 10, normals: 0, texture coordinates: 0, faces: 8

o obj570
v 22.04724503 -309.07479858 -0
v 102.75590515 -309.07479858 57.48031616
v 102.75590515 -309.07479858 -0
v 22.04724503 -309.07479858 57.48031616
v 22.04724503 -309.07479858 135.82676697
v 102.75590515 -309.07479858 135.82676697
usemtl mat5
f 3169 3170 3171
f 3170 3169 3172
f 3170 3172 3173
f 3170 3173 3174
# Vertices: 6, normals: 0, texture coordinates: 0, faces: 4

o obj571
v 621.5748291 191.43701172 182.6771698
v -27.32283401 191.43701172 140.5118103
v 621.5748291 191.43701172 140.5118103
v -27.32283401 191.43701172 182.6771698
usemtl mat2
f 3175 3176 3177
f 3176 3175 3178
# Vertices: 4, normals: 0, texture coordinates: 0, faces: 2

o obj572
v -31.25984192 220.09841919 140.5118103
v -87.48031616 220.09841919 78.54330444
v -31.65354347 220.09841919 78.54330444
v -87.48031616 220.09841919 140.5118103
usemtl mat0
f 3179 3180 3181
f 3180 3179 3182
# Vertices: 4, normals: 0, texture coordinates: 0, faces: 2

o obj573
v 573.30706787 244.90158081 140.5118103
v 572.91339111 220.09841919 20.07874107
v 572.91339111 220.09841919 140.5118103
usemtl mat0
f 3183 3184 3185
# Vertices: 3, normals: 0, texture coordinates: 0, faces: 1

o obj574
v 573.30706787 244.90158081 140.5118103
v 573.30706787 242.53936768 31.35350037
v 572.91339111 220.09841919 20.07874107
usemtl mat0
f 3186 3187 3188
# Vertices: 3, normals: 0, texture coordinates: 0, faces: 1

o obj575
v 573.30706787 244.90158081 31.35350037
v 573.30706787 242.53936768 31.35350037
v 573.30706787 244.90158081 140.5118103
usemtl mat0
f 3189 3190 3191
# Vertices: 3, normals: 0, texture coordinates: 0, faces: 1

o obj576
v 573.30706787 242.53936768 20.07874107
v 572.91339111 220.09841919 20.07874107
v 573.30706787 242.53936768 31.35350037
usemtl mat0
f 3192 3193 3194
# Vertices: 3, normals: 0, texture coordinates: 0, faces: 1

o obj577
v 573.30706787 244.90158081 140.5118103
v 517.67718506 244.90158081 31.35350037
v 573.30706787 244.90158081 31.35350037
v 511.77166748 244.90158081 31.35350037
v 447.87402344 244.90158081 31.35350037
v 441.96850586 244.90158081 31.35350037
v 377.95275879 244.90158081 31.35350037
v 372.04724121 244.90158081 31.35350037
v 307.99212646 244.90158081 31.35350037
v 296.45669556 244.90158081 100
v 244.25196838 244.90158081 100
v 231.96850586 244.90158081 17.71653557
v 244.25196838 244.90158081 17.71653557
v 231.96850586 244.90158081 31.49606323
v 167.6771698 244.90158081 31.49606323
v 161.77165222 244.90158081 31.49606323
v 98.1496048 244.90158081 31.49606323
v 92.24409485 244.90158081 31.49606323
v 28.89763832 244.90158081 31.49606323
v 22.99212646 244.90158081 31.49606323
v -31.25984192 244.90158081 31.49606323
v -31.25984192 244.90158081 140.5118103
v 22.99212646 244.90158081 17.71653557
v 28.89763832 244.90158081 17.71653557
v 161.77165222 244.90158081 17.71653557
v 167.6771698 244.90158081 17.71653557
v 296.45669556 244.90158081 17.71653557
v 307.99212646 244.90158081 17.71653557
v 372.04724121 244.90158081 17.71653557
v 377.95275879 244.90158081 17.71653557
v 441.96850586 244.90158081 17.71653557
v 447.87402344 244.90158081 17.71653557
v 511.77166748 244.90158081 17.71653557
v 517.67718506 244.90158081 17.71653557
usemtl mat0
f 3195 3196 3197
f 3196 3195 3198
f 3198 3195 3199
f 3199 3195 3200
f 3200 3195 3201
f 3201 3195 3202
f 3202 3195 3203
f 3203 3195 3204
f 3204 3195 3205
f 3205 3206 3207
f 3206 3205 3208
f 3208 3205 3209
f 3209 3205 3210
f 3210 3205 3211
f 3211 3205 3212
f 3212 3205 3213
f 3213 3205 3214
f 3214 3205 3215
f 3215 3205 3216
f 3216 3205 3195
f 3213 3217 3218
f 3217 3213 3214
f 3209 3219 3220
f 3219 3209 3210
f 3203 3221 3222
f 3221 3203 3204
f 3201 3223 3224
f 3223 3201 3202
f 3199 3225 3226
f 3225 3199 3200
f 3196 3227 3228
f 3227 3196 3198
# Vertices: 34, normals: 0, texture coordinates: 0, faces: 32

o obj578
v -31.25984192 242.53936768 20.07874107
v -31.65354347 220.09841919 78.54330444
v -31.65354347 220.09841919 20.07874107
usemtl mat0
f 3229 3230 3231
# Vertices: 3, normals: 0, texture coordinates: 0, faces: 1

o obj579
v -31.25984192 242.53936768 20.07874107
v -31.25984192 220.09841919 140.5118103
v -31.65354347 220.09841919 78.54330444
usemtl mat0
f 3232 3233 3234
# Vertices: 3, normals: 0, texture coordinates: 0, faces: 1

o obj580
v -31.25984192 220.09841919 140.5118103
v -31.25984192 242.53936768 31.49606323
v -31.25984192 244.90158081 140.5118103
v -31.25984192 242.53936768 20.07874107
v -31.25984192 244.90158081 31.49606323
usemtl mat0
f 3235 3236 3237
f 3236 3235 3238
f 3237 3236 3239
# Vertices: 5, normals: 0, texture coordinates: 0, faces: 3

o obj581
v 572.91339111 -221.9881897 140.5118103
v 573.30706787 -246.79133606 31.49606323
v 573.30706787 -246.79133606 140.5118103
usemtl mat0
f 3240 3241 3242
# Vertices: 3, normals: 0, texture coordinates: 0, faces: 1

o obj582
v 572.91339111 -221.9881897 140.5118103
v 573.30706787 -244.42913818 31.49606323
v 573.30706787 -246.79133606 31.49606323
usemtl mat0
f 3243 3244 3245
# Vertices: 3, normals: 0, texture coordinates: 0, faces: 1

o obj583
v 572.91339111 -221.9881897 140.5118103
v 573.30706787 -244.42913818 20.07874107
v 573.30706787 -244.42913818 31.49606323
v 572.91339111 -221.9881897 20.07874107
usemtl mat0
f 3246 3247 3248
f 3247 3246 3249
# Vertices: 4, normals: 0, texture coordinates: 0, faces: 2

o obj584
v -31.25984192 -244.42913818 31.49606323
v -31.25984192 -246.79133606 140.5118103
v -31.25984192 -246.79133606 31.49606323
v -31.25984192 -221.9881897 140.5118103
usemtl mat0
f 3250 3251 3252
f 3251 3250 3253
# Vertices: 4, normals: 0, texture coordinates: 0, faces: 2

o obj585
v -87.48031616 -178.24803162 140.5118103
v -31.25984192 -221.9881897 140.5118103
v -87.48031616 -221.9881897 140.5118103
v -27.32283401 -178.24803162 140.5118103
v -27.32283401 -193.24803162 140.5118103
v 24.68503952 -227.89370728 140.5118103
v 24.68503952 -233.79920959 140.5118103
v 621.5748291 -193.24803162 140.5118103
v 30.59055138 -227.89370728 140.5118103
v 94.60630035 -227.89370728 140.5118103
v 94.60630035 -233.79920959 140.5118103
v 100.5118103 -227.89370728 140.5118103
v 164.01574707 -227.89370728 140.5118103
v 164.01574707 -233.79920959 140.5118103
v 169.92126465 -227.89370728 140.5118103
v 233.89764404 -227.89370728 140.5118103
v 233.89764404 -233.79920959 140.5118103
v 239.80314636 -227.89370728 140.5118103
v 304.05511475 -227.89370728 140.5118103
v 304.05511475 -233.79920959 140.5118103
v 309.96063232 -227.89370728 140.5118103
v 374.25198364 -227.89370728 140.5118103
v 374.25198364 -233.79920959 140.5118103
v 380.1574707 -227.89370728 140.5118103
v 443.97637939 -227.89370728 140.5118103
v 443.97637939 -233.79920959 140.5118103
v 449.88189697 -227.89370728 140.5118103
v 513.46453857 -227.89370728 140.5118103
v 513.46453857 -233.79920959 140.5118103
v 519.37005615 -227.89370728 140.5118103
v 572.91339111 -221.9881897 140.5118103
v 621.5748291 -221.9881897 140.5118103
v -31.25984192 -246.79133606 140.5118103
v 573.30706787 -246.79133606 140.5118103
v 30.59055138 -233.79920959 140.5118103
v 100.5118103 -233.79920959 140.5118103
v 169.92126465 -233.79920959 140.5118103
v 239.80314636 -233.79920959 140.5118103
v 309.96063232 -233.79920959 140.5118103
v 380.1574707 -233.79920959 140.5118103
v 449.88189697 -233.79920959 140.5118103
v 519.37005615 -233.79920959 140.5118103
usemtl mat2
f 3254 3255 3256
f 3255 3254 3257
f 3255 3257 3258
f 3258 3259 3260
f 3259 3258 3261
f 3259 3261 3262
f 3262 3261 3263
f 3262 3263 3264
f 3263 3261 3265
f 3265 3261 3266
f 3265 3266 3267
f 3266 3261 3268
f 3268 3261 3269
f 3268 3269 3270
f 3269 3261 3271
f 3271 3261 3272
f 3271 3272 3273
f 3272 3261 3274
f 3274 3261 3275
f 3274 3275 3276
f 3275 3261 3277
f 3277 3261 3278
f 3277 3278 3279
f 3278 3261 3280
f 3280 3261 3281
f 3280 3281 3282
f 3281 3261 3283
f 3283 3261 3284
f 3284 3261 3285
f 3286 3260 3287
f 3260 3286 3255
f 3260 3255 3258
f 3287 3260 3288
f 3287 3288 3264
f 3264 3288 3262
f 3287 3264 3289
f 3287 3289 3267
f 3267 3289 3265
f 3287 3267 3290
f 3287 3290 3270
f 3270 3290 3268
f 3287 3270 3291
f 3287 3291 3273
f 3273 3291 3271
f 3287 3273 3292
f 3287 3292 3276
f 3276 3292 3274
f 3287 3276 3293
f 3287 3293 3277
f 3287 3277 3279
f 3287 3279 3294
f 3287 3294 3280
f 3287 3280 3282
f 3287 3282 3295
f 3287 3295 3283
f 3287 3283 3284
# Vertices: 42, normals: 0, texture coordinates: 0, faces: 56

o obj586
v -87.48031616 220.09841919 140.5118103
v -27.32283401 173.87796021 140.5118103
v -87.48031616 173.87796021 140.5118103
v -31.25984192 220.09841919 140.5118103
v -31.25984192 244.90158081 140.5118103
v -27.32283401 191.43701172 140.5118103
v 22.99212646 231.35826111 140.5118103
v 573.30706787 244.90158081 140.5118103
v 22.99212646 225.45275879 140.5118103
v 28.89763832 231.35826111 140.5118103
v 92.24409485 231.35826111 140.5118103
v 92.24409485 225.45275879 140.5118103
v 98.1496048 231.35826111 140.5118103
v 161.77165222 231.35826111 140.5118103
v 161.77165222 225.45275879 140.5118103
v 167.6771698 231.35826111 140.5118103
v 231.96850586 231.35826111 140.5118103
v 231.96850586 225.45275879 140.5118103
v 237.87400818 231.35826111 140.5118103
v 302.08660889 231.35826111 140.5118103
v 302.08660889 225.45275879 140.5118103
v 307.99212646 231.35826111 140.5118103
v 372.04724121 231.35826111 140.5118103
v 372.04724121 225.45275879 140.5118103
v 377.95275879 231.35826111 140.5118103
v 441.96850586 231.35826111 140.5118103
v 441.96850586 225.45275879 140.5118103
v 447.87402344 231.35826111 140.5118103
v 511.77166748 231.35826111 140.5118103
v 511.77166748 225.45275879 140.5118103
v 517.67718506 231.35826111 140.5118103
v 572.91339111 220.09841919 140.5118103
v 621.5748291 191.43701172 140.5118103
v 28.89763832 225.45275879 140.5118103
v 98.1496048 225.45275879 140.5118103
v 167.6771698 225.45275879 140.5118103
v 237.87400818 225.45275879 140.5118103
v 307.99212646 225.45275879 140.5118103
v 377.95275879 225.45275879 140.5118103
v 447.87402344 225.45275879 140.5118103
v 517.67718506 225.45275879 140.5118103
v 621.5748291 220.09841919 140.5118103
usemtl mat2
f 3296 3297 3298
f 3297 3296 3299
f 3297 3299 3300
f 3297 3300 3301
f 3301 3300 3302
f 3302 3300 3303
f 3301 3302 3304
f 3302 3303 3305
f 3305 3303 3306
f 3305 3306 3307
f 3306 3303 3308
f 3308 3303 3309
f 3308 3309 3310
f 3309 3303 3311
f 3311 3303 3312
f 3311 3312 3313
f 3312 3303 3314
f 3314 3303 3315
f 3314 3315 3316
f 3315 3303 3317
f 3317 3303 3318
f 3317 3318 3319
f 3318 3303 3320
f 3320 3303 3321
f 3320 3321 3322
f 3321 3303 3323
f 3323 3303 3324
f 3323 3324 3325
f 3324 3303 3326
f 3326 3303 3327
f 3304 3328 3301
f 3328 3304 3329
f 3328 3329 3307
f 3307 3329 3305
f 3328 3307 3330
f 3328 3330 3310
f 3310 3330 3308
f 3328 3310 3331
f 3328 3331 3313
f 3313 3331 3311
f 3328 3313 3332
f 3328 3332 3314
f 3328 3314 3316
f 3328 3316 3333
f 3328 3333 3317
f 3328 3317 3319
f 3328 3319 3334
f 3328 3334 3320
f 3328 3320 3322
f 3328 3322 3335
f 3328 3335 3323
f 3328 3323 3325
f 3328 3325 3336
f 3328 3336 3326
f 3328 3326 3327
f 3328 3327 3337
# Vertices: 42, normals: 0, texture coordinates: 0, faces: 56

o obj587
v 453.26773071 -246.79133606 124.64566803
v 505.62991333 -258.60235596 124.64566803
v 453.26773071 -258.60235596 124.64566803
v 505.62991333 -246.79133606 124.64566803
usemtl mat3
f 3338 3339 3340
f 3339 3338 3341
# Vertices: 4, normals: 0, texture coordinates: 0, faces: 2

o obj588
v 37.00787354 -246.79133606 124.64566803
v 89.37007904 -258.60235596 124.64566803
v 37.00787354 -258.60235596 124.64566803
v 89.37007904 -246.79133606 124.64566803
usemtl mat3
f 3342 3343 3344
f 3343 3342 3345
# Vertices: 4, normals: 0, texture coordinates: 0, faces: 2

o obj589
v 244.92126465 -246.79133606 124.64566803
v 297.28347778 -258.60235596 124.64566803
v 244.92126465 -258.60235596 124.64566803
v 297.28347778 -246.79133606 124.64566803
usemtl mat3
f 3346 3347 3348
f 3347 3346 3349
# Vertices: 4, normals: 0, texture coordinates: 0, faces: 2

o obj590
v 111.02362061 -258.60235596 135.82676697
v 111.41732025 -309.07479858 57.48031616
v 111.41732025 -309.07479858 135.82676697
v 111.02362061 -258.60235596 57.48031616
usemtl mat3
f 3350 3351 3352
f 3351 3350 3353
# Vertices: 4, normals: 0, texture coordinates: 0, faces: 2

o obj591
v 517.28344727 220.09841919 17.71653557
v 511.77166748 225.45275879 17.71653557
v 511.37796021 220.09841919 17.71653557
v 517.67718506 225.45275879 17.71653557
usemtl mat0
f 3354 3355 3356
f 3355 3354 3357
# Vertices: 4, normals: 0, texture coordinates: 0, faces: 2

o obj592
v 426.88977051 -309.07479858 57.48031616
v 438.30709839 -258.60235596 57.48031616
v 426.49606323 -258.60235596 57.48031616
v 438.30709839 -309.07479858 57.48031616
usemtl mat3
f 3358 3359 3360
f 3359 3358 3361
# Vertices: 4, normals: 0, texture coordinates: 0, faces: 2

o obj593
v 621.5748291 -120.61023712 98.97637939
v 633.38580322 -173.28739929 98.97637939
v 621.5748291 -173.28739929 98.97637939
v 633.38580322 -120.61023712 98.97637939
usemtl mat2
f 3362 3363 3364
f 3363 3362 3365
# Vertices: 4, normals: 0, texture coordinates: 0, faces: 2

o obj594
v 519.01574707 -309.07479858 135.82676697
v 527.67718506 -309.07479858 57.48031616
v 519.01574707 -309.07479858 57.48031616
v 527.67718506 -309.07479858 135.82676697
usemtl mat3
f 3366 3367 3368
f 3367 3366 3369
# Vertices: 4, normals: 0, texture coordinates: 0, faces: 2

o obj595
v 244.25196838 256.71258545 100
v 296.45669556 244.90158081 100
v 244.25196838 244.90158081 100
v 296.45669556 256.71258545 100
usemtl mat3
f 3370 3371 3372
f 3371 3370 3373
# Vertices: 4, normals: 0, texture coordinates: 0, faces: 2

o obj596
v 309.96063232 -221.9881897 20.07874107
v 373.85827637 -221.9881897 17.71653557
v 309.56692505 -221.9881897 17.71653557
v 374.25198364 -221.9881897 20.07874107
usemtl mat6
f 3374 3375 3376
f 3375 3374 3377
# Vertices: 4, normals: 0, texture coordinates: 0, faces: 2

o obj597
v 100.5118103 -221.9881897 20.07874107
v 163.62203979 -221.9881897 17.71653557
v 100.11811066 -221.9881897 17.71653557
v 164.01574707 -221.9881897 20.07874107
usemtl mat6
f 3378 3379 3380
f 3379 3378 3381
# Vertices: 4, normals: 0, texture coordinates: 0, faces: 2

o obj598
v 319.33071899 -309.07479858 57.48031616
v 310.66928101 -258.60235596 57.48031616
v 310.66928101 -309.07479858 57.48031616
v 318.93701172 -258.60235596 57.48031616
usemtl mat3
f 3382 3383 3384
f 3383 3382 3385
# Vertices: 4, normals: 0, texture coordinates: 0, faces: 2

o obj599
v 527.67718506 -309.07479858 57.48031616
v 519.01574707 -258.60235596 57.48031616
v 519.01574707 -309.07479858 57.48031616
v 527.28344727 -258.60235596 57.48031616
usemtl mat3
f 3386 3387 3388
f 3387 3386 3389
# Vertices: 4, normals: 0, texture coordinates: 0, faces: 2

o obj600
v 505.62991333 -221.9881897 17.71653557
v 513.46453857 -227.89370728 17.71653557
v 518.97637939 -221.9881897 17.71653557
v 513.46453857 -233.79920959 17.71653557
v 519.37005615 -227.89370728 17.71653557
v 519.37005615 -246.79133606 17.71653557
v 505.62991333 -246.79133606 17.71653557
v 519.37005615 -233.79920959 17.71653557
usemtl mat0
f 3390 3391 3392
f 3391 3390 3393
f 3392 3391 3394
f 3395 3390 3396
f 3390 3395 3393
f 3393 3395 3397
# Vertices: 8, normals: 0, texture coordinates: 0, faces: 6

o obj601
v -31.65354347 -221.9881897 20.07874107
v 24.29133797 -221.9881897 17.71653557
v -31.65354347 -221.9881897 17.71653557
v 24.68503952 -221.9881897 20.07874107
usemtl mat6
f 3398 3399 3400
f 3399 3398 3401
# Vertices: 4, normals: 0, texture coordinates: 0, faces: 2

o obj602
v 218.54330444 -309.07479858 57.48031616
v 229.96063232 -258.60235596 57.48031616
v 218.14961243 -258.60235596 57.48031616
v 229.96063232 -309.07479858 57.48031616
usemtl mat3
f 3402 3403 3404
f 3403 3402 3405
# Vertices: 4, normals: 0, texture coordinates: 0, faces: 2

o obj603
v 374.25198364 -227.89370728 17.71653557
v 379.76379395 -221.9881897 17.71653557
v 373.85827637 -221.9881897 17.71653557
v 380.1574707 -227.89370728 17.71653557
usemtl mat0
f 3406 3407 3408
f 3407 3406 3409
# Vertices: 4, normals: 0, texture coordinates: 0, faces: 2

o obj604
v 102.75590515 -309.07479858 135.82676697
v 111.41732025 -309.07479858 57.48031616
v 102.75590515 -309.07479858 57.48031616
v 111.41732025 -309.07479858 135.82676697
usemtl mat3
f 3410 3411 3412
f 3411 3410 3413
# Vertices: 4, normals: 0, texture coordinates: 0, faces: 2

o obj605
v 621.5748291 171.39764404 98.97637939
v 633.38580322 118.87795258 98.97637939
v 621.5748291 118.87795258 98.97637939
v 633.38580322 171.39764404 98.97637939
usemtl mat2
f 3414 3415 3416
f 3415 3414 3417
# Vertices: 4, normals: 0, texture coordinates: 0, faces: 2

o obj606
v 310.66928101 -309.07479858 135.82676697
v 319.33071899 -309.07479858 57.48031616
v 310.66928101 -309.07479858 57.48031616
v 319.33071899 -309.07479858 135.82676697
usemtl mat3
f 3418 3419 3420
f 3419 3418 3421
# Vertices: 4, normals: 0, texture coordinates: 0, faces: 2

o obj607
v 518.97637939 -221.9881897 17.71653557
v 572.91339111 -221.9881897 20.07874107
v 572.91339111 -221.9881897 17.71653557
v 519.37005615 -221.9881897 20.07874107
usemtl mat6
f 3422 3423 3424
f 3423 3422 3425
# Vertices: 4, normals: 0, texture coordinates: 0, faces: 2

o obj608
v 244.25196838 220.09841919 17.71653557
v 231.96850586 225.45275879 17.71653557
v 231.57479858 220.09841919 17.71653557
v 237.87400818 225.45275879 17.71653557
v 237.87400818 231.35826111 17.71653557
v 231.96850586 244.90158081 17.71653557
v 231.96850586 231.35826111 17.71653557
v 244.25196838 244.90158081 17.71653557
usemtl mat0
f 3426 3427 3428
f 3427 3426 3429
f 3429 3426 3430
f 3430 3431 3432
f 3431 3430 3433
f 3433 3430 3426
# Vertices: 8, normals: 0, texture coordinates: 0, faces: 6

o obj609
v 527.28344727 -258.60235596 135.82676697
v 426.88977051 -309.07479858 135.82676697
v 426.49606323 -258.60235596 135.82676697
v 438.30709839 -309.07479858 135.82676697
v 519.01574707 -309.07479858 135.82676697
v 527.67718506 -309.07479858 135.82676697
usemtl mat3
f 3434 3435 3436
f 3435 3434 3437
f 3437 3434 3438
f 3438 3434 3439
# Vertices: 6, normals: 0, texture coordinates: 0, faces: 4

o obj610
v 426.49606323 -258.60235596 57.48031616
v 426.88977051 -309.07479858 135.82676697
v 426.88977051 -309.07479858 57.48031616
v 426.49606323 -258.60235596 135.82676697
usemtl mat3
f 3440 3441 3442
f 3441 3440 3443
# Vertices: 4, normals: 0, texture coordinates: 0, faces: 2

o obj611
v 10.23622036 -258.60235596 57.48031616
v 10.62992096 -309.07479858 135.82676697
v 10.62992096 -309.07479858 57.48031616
v 10.23622036 -258.60235596 135.82676697
usemtl mat3
f 3444 3445 3446
f 3445 3444 3447
# Vertices: 4, normals: 0, texture coordinates: 0, faces: 2

o obj612
v 527.28344727 -258.60235596 135.82676697
v 527.67718506 -309.07479858 57.48031616
v 527.67718506 -309.07479858 135.82676697
v 527.28344727 -258.60235596 57.48031616
usemtl mat3
f 3448 3449 3450
f 3449 3448 3451
# Vertices: 4, normals: 0, texture coordinates: 0, faces: 2

o obj613
v 218.14961243 -258.60235596 57.48031616
v 218.54330444 -309.07479858 135.82676697
v 218.54330444 -309.07479858 57.48031616
v 218.14961243 -258.60235596 135.82676697
usemtl mat3
f 3452 3453 3454
f 3453 3452 3455
# Vertices: 4, normals: 0, texture coordinates: 0, faces: 2

o obj614
v 318.93701172 -258.60235596 135.82676697
v 319.33071899 -309.07479858 57.48031616
v 319.33071899 -309.07479858 135.82676697
v 318.93701172 -258.60235596 57.48031616
usemtl mat3
f 3456 3457 3458
f 3457 3456 3459
# Vertices: 4, normals: 0, texture coordinates: 0, faces: 2

o obj615
v 318.93701172 -258.60235596 135.82676697
v 218.54330444 -309.07479858 135.82676697
v 218.14961243 -258.60235596 135.82676697
v 229.96063232 -309.07479858 135.82676697
v 310.66928101 -309.07479858 135.82676697
v 319.33071899 -309.07479858 135.82676697
usemtl mat3
f 3460 3461 3462
f 3461 3460 3463
f 3463 3460 3464
f 3464 3460 3465
# Vertices: 6, normals: 0, texture coordinates: 0, faces: 4

o obj616
v -87.08661652 -178.24803162 182.6771698
v -27.32283401 -178.24803162 140.5118103
v -87.48031616 -178.24803162 140.5118103
v -27.32283401 -178.24803162 182.6771698
usemtl mat2
f 3466 3467 3468
f 3467 3466 3469
# Vertices: 4, normals: 0, texture coordinates: 0, faces: 2

o obj617
v -27.32283401 173.87796021 182.6771698
v -87.48031616 173.87796021 140.5118103
v -27.32283401 173.87796021 140.5118103
v -87.08661652 173.87796021 182.6771698
usemtl mat2
f 3470 3471 3472
f 3471 3470 3473
# Vertices: 4, normals: 0, texture coordinates: 0, faces: 2

o obj618
v 111.02362061 -258.60235596 135.82676697
v 10.62992096 -309.07479858 135.82676697
v 10.23622036 -258.60235596 135.82676697
v 22.04724503 -309.07479858 135.82676697
v 102.75590515 -309.07479858 135.82676697
v 111.41732025 -309.07479858 135.82676697
usemtl mat3
f 3474 3475 3476
f 3475 3474 3477
f 3477 3474 3478
f 3478 3474 3479
# Vertices: 6, normals: 0, texture coordinates: 0, faces: 4

o obj619
v -0 -157.34251404 39.37007904
v -87.48031616 157.34251404 39.37007904
v -87.48031616 -157.34251404 39.37007904
v 0 157.34251404 39.37007904
usemtl mat3
f 3480 3481 3482
f 3481 3480 3483
# Vertices: 4, normals: 0, texture coordinates: 0, faces: 2

o obj620
v -27.32283401 -193.24803162 156.88977051
v 621.5748291 -193.24803162 140.5118103
v -27.32283401 -193.24803162 140.5118103
v 621.5748291 -193.24803162 182.6771698
v -27.32283401 -193.24803162 182.6771698
usemtl mat2
f 3484 3485 3486
f 3485 3484 3487
f 3487 3484 3488
# Vertices: 5, normals: 0, texture coordinates: 0, faces: 3

o obj621
v -29.29133797 -195.21653748 182.6771698
v -27.32283401 -193.24803162 182.6771698
v -29.29133797 -180.21653748 182.6771698
v 623.93701172 -195.21653748 182.6771698
v 621.5748291 -193.24803162 182.6771698
v 621.5748291 191.43701172 182.6771698
v 621.96850586 193.40551758 182.6771698
v 623.93701172 193.40551758 182.6771698
v 623.93701172 191.43701172 182.6771698
v -27.32283401 173.87796021 182.6771698
v -87.08661652 175.84645081 182.6771698
v -87.08661652 173.87796021 182.6771698
v -29.29133797 175.84645081 182.6771698
v -29.29133797 193.40551758 182.6771698
v -27.32283401 191.43701172 182.6771698
v -87.08661652 -178.24803162 182.6771698
v -87.08661652 -180.21653748 182.6771698
v -27.32283401 -178.24803162 182.6771698
usemtl mat3
f 3489 3490 3491
f 3490 3489 3492
f 3490 3492 3493
f 3493 3492 3494
f 3494 3492 3495
f 3495 3492 3496
f 3496 3492 3497
f 3498 3499 3500
f 3499 3498 3501
f 3501 3498 3502
f 3502 3498 3503
f 3502 3503 3495
f 3495 3503 3494
f 3491 3504 3505
f 3504 3491 3506
f 3506 3491 3490
# Vertices: 18, normals: 0, texture coordinates: 0, faces: 16

o obj622
v 353.34646606 -41.5748024 -0
v 266.53543091 41.5748024 -0
v 266.53543091 -41.5748024 -0
v 353.34646606 41.5748024 -0
usemtl mat3
f 3507 3508 3509
f 3508 3507 3510
# Vertices: 4, normals: 0, texture coordinates: 0, faces: 2

o obj623
v -102.83464813 -178.24803162 230
v -87.48031616 -178.24803162 39.37007904
v -102.83464813 -178.24803162 39.37007904
v -87.48031616 -178.24803162 140.5118103
v -87.08661652 -178.24803162 182.6771698
v -87.08661652 -178.24803162 230
v -89.10080719 -178.24803162 230
usemtl mat1
f 3511 3512 3513
f 3512 3511 3514
f 3514 3511 3515
f 3515 3511 3516
f 3516 3511 3517
# Vertices: 7, normals: 0, texture coordinates: 0, faces: 5

o obj624
v -87.48031616 173.87796021 140.5118103
v -102.83464813 173.87796021 39.37007904
v -87.48031616 173.87796021 39.37007904
v -102.83464813 173.87796021 230
v -87.08661652 173.87796021 182.6771698
v -87.08661652 173.87796021 230
v -89.10080719 173.87796021 230
usemtl mat1
f 3518 3519 3520
f 3519 3518 3521
f 3521 3518 3522
f 3521 3522 3523
f 3521 3523 3524
# Vertices: 7, normals: 0, texture coordinates: 0, faces: 5

o obj625
v -47.24409485 -157.34251404 29.92125893
v -46.8503952 -168.36613464 31.49606323
v -46.8503952 -168.36613464 29.92125893
v -47.24409485 -157.34251404 31.49606323
usemtl mat3
f 3525 3526 3527
f 3526 3525 3528
# Vertices: 4, normals: 0, texture coordinates: 0, faces: 2

o obj626
v 164.01574707 -227.89370728 17.71653557
v 169.52755737 -221.9881897 17.71653557
v 163.62203979 -221.9881897 17.71653557
v 169.92126465 -227.89370728 17.71653557
usemtl mat0
f 3529 3530 3531
f 3530 3529 3532
# Vertices: 4, normals: 0, texture coordinates: 0, faces: 2

o obj627
v -87.48031616 -178.24803162 39.37007904
v -102.83464813 173.87796021 39.37007904
v -102.83464813 -178.24803162 39.37007904
v -87.48031616 173.87796021 39.37007904
v -87.48031616 -157.34251404 39.37007904
v -87.48031616 157.34251404 39.37007904
v -102.83464813 -221.9881897 39.37007904
v -402.04724121 220.09841919 39.37007904
v -402.04724121 -221.9881897 39.37007904
v -102.83464813 220.09841919 39.37007904
usemtl mat3
f 3533 3534 3535
f 3534 3533 3536
f 3536 3533 3537
f 3536 3537 3538
f 3539 3540 3541
f 3540 3539 3535
f 3540 3535 3542
f 3542 3535 3534
# Vertices: 10, normals: 0, texture coordinates: 0, faces: 8

o obj628
v 37.00787354 -246.79133606 17.71653557
v 24.68503952 -233.79920959 17.71653557
v 24.68503952 -246.79133606 17.71653557
v 30.59055138 -233.79920959 17.71653557
v 30.59055138 -227.89370728 17.71653557
v 24.68503952 -227.89370728 17.71653557
v 37.00787354 -221.9881897 17.71653557
v 24.29133797 -221.9881897 17.71653557
usemtl mat0
f 3543 3544 3545
f 3544 3543 3546
f 3546 3543 3547
f 3548 3549 3550
f 3549 3548 3547
f 3549 3547 3543
# Vertices: 8, normals: 0, texture coordinates: 0, faces: 6

o obj629
v -87.48031616 -157.34251404 31.49606323
v -47.24409485 -157.34251404 29.92125893
v -87.48031616 -157.34251404 29.92125893
v -47.24409485 -157.34251404 31.49606323
usemtl mat3
f 3551 3552 3553
f 3552 3551 3554
# Vertices: 4, normals: 0, texture coordinates: 0, faces: 2

o obj630
v 24.29133797 -221.9881897 17.71653557
v 24.68503952 -227.89370728 20.07874107
v 24.68503952 -227.89370728 17.71653557
usemtl mat6
f 3555 3556 3557
# Vertices: 3, normals: 0, texture coordinates: 0, faces: 1

o obj631
v 24.68503952 -221.9881897 20.07874107
v 24.68503952 -227.89370728 20.07874107
v 24.29133797 -221.9881897 17.71653557
usemtl mat6
f 3558 3559 3560
# Vertices: 3, normals: 0, texture coordinates: 0, faces: 1

o obj632
v 24.68503952 -244.42913818 20.07874107
v 24.68503952 -233.79920959 20.07874107
v -31.25984192 -244.42913818 20.07874107
v 24.68503952 -221.9881897 20.07874107
v -31.65354347 -221.9881897 20.07874107
v 24.68503952 -227.89370728 20.07874107
usemtl mat6
f 3561 3562 3563
f 3563 3564 3565
f 3564 3563 3562
f 3564 3562 3566
# Vertices: 6, normals: 0, texture coordinates: 0, faces: 4

o obj633
v 89.37007904 -246.79133606 17.71653557
v 94.60630035 -233.79920959 17.71653557
v 89.37007904 -221.9881897 17.71653557
v 100.5118103 -246.79133606 17.71653557
v 100.5118103 -233.79920959 17.71653557
v 94.60630035 -227.89370728 17.71653557
v 100.11811066 -221.9881897 17.71653557
v 100.5118103 -227.89370728 17.71653557
usemtl mat0
f 3567 3568 3569
f 3568 3567 3570
f 3568 3570 3571
f 3569 3572 3573
f 3572 3569 3568
f 3573 3572 3574
# Vertices: 8, normals: 0, texture coordinates: 0, faces: 6

o obj634
v 89.37007904 -246.79133606 124.64566803
v 100.5118103 -246.79133606 17.71653557
v 89.37007904 -246.79133606 17.71653557
v 100.5118103 -246.79133606 31.49606323
v 164.01574707 -246.79133606 31.49606323
v 169.92126465 -246.79133606 31.49606323
v 233.89764404 -246.79133606 31.49606323
v 297.28347778 -246.79133606 124.64566803
v 309.96063232 -246.79133606 17.71653557
v 297.28347778 -246.79133606 17.71653557
v 309.96063232 -246.79133606 31.49606323
v 374.25198364 -246.79133606 31.49606323
v 380.1574707 -246.79133606 31.49606323
v 443.97637939 -246.79133606 31.49606323
v -31.25984192 -246.79133606 140.5118103
v 24.68503952 -246.79133606 31.49606323
v -31.25984192 -246.79133606 31.49606323
v 37.00787354 -246.79133606 124.64566803
v 244.92126465 -246.79133606 124.64566803
v 453.26773071 -246.79133606 124.64566803
v 505.62991333 -246.79133606 124.64566803
v 519.37005615 -246.79133606 17.71653557
v 505.62991333 -246.79133606 17.71653557
v 519.37005615 -246.79133606 31.49606323
v 573.30706787 -246.79133606 31.49606323
v 573.30706787 -246.79133606 140.5118103
v 453.26773071 -246.79133606 17.71653557
v 443.97637939 -246.79133606 17.71653557
v 244.92126465 -246.79133606 17.71653557
v 233.89764404 -246.79133606 17.71653557
v 380.1574707 -246.79133606 17.71653557
v 374.25198364 -246.79133606 17.71653557
v 169.92126465 -246.79133606 17.71653557
v 164.01574707 -246.79133606 17.71653557
v 37.00787354 -246.79133606 17.71653557
v 24.68503952 -246.79133606 17.71653557
usemtl mat0
f 3575 3576 3577
f 3576 3575 3578
f 3578 3575 3579
f 3579 3575 3580
f 3580 3575 3581
f 3582 3583 3584
f 3583 3582 3585
f 3585 3582 3586
f 3586 3582 3587
f 3587 3582 3588
f 3589 3590 3591
f 3590 3589 3592
f 3592 3589 3575
f 3575 3589 3593
f 3593 3589 3582
f 3582 3589 3594
f 3594 3589 3595
f 3595 3596 3597
f 3596 3595 3598
f 3598 3595 3599
f 3599 3595 3600
f 3600 3595 3589
f 3588 3601 3602
f 3601 3588 3594
f 3594 3588 3582
f 3581 3603 3604
f 3603 3581 3593
f 3593 3581 3575
f 3586 3605 3606
f 3605 3586 3587
f 3579 3607 3608
f 3607 3579 3580
f 3590 3609 3610
f 3609 3590 3592
# Vertices: 36, normals: 0, texture coordinates: 0, faces: 34

o obj635
v 100.5118103 -221.9881897 20.07874107
v 100.5118103 -227.89370728 17.71653557
v 100.5118103 -227.89370728 20.07874107
usemtl mat6
f 3611 3612 3613
# Vertices: 3, normals: 0, texture coordinates: 0, faces: 1

o obj636
v 100.11811066 -221.9881897 17.71653557
v 100.5118103 -227.89370728 17.71653557
v 100.5118103 -221.9881897 20.07874107
usemtl mat6
f 3614 3615 3616
# Vertices: 3, normals: 0, texture coordinates: 0, faces: 1

o obj637
v 244.92126465 -246.79133606 17.71653557
v 233.89764404 -233.79920959 17.71653557
v 233.89764404 -246.79133606 17.71653557
v 239.80314636 -233.79920959 17.71653557
v 239.80314636 -227.89370728 17.71653557
v 233.89764404 -227.89370728 17.71653557
v 244.92126465 -221.9881897 17.71653557
v 233.50393677 -221.9881897 17.71653557
usemtl mat0
f 3617 3618 3619
f 3618 3617 3620
f 3620 3617 3621
f 3622 3623 3624
f 3623 3622 3621
f 3623 3621 3617
# Vertices: 8, normals: 0, texture coordinates: 0, faces: 6

o obj638
v 233.50393677 -221.9881897 17.71653557
v 233.89764404 -227.89370728 20.07874107
v 233.89764404 -227.89370728 17.71653557
usemtl mat6
f 3625 3626 3627
# Vertices: 3, normals: 0, texture coordinates: 0, faces: 1

o obj639
v 233.89764404 -221.9881897 20.07874107
v 233.89764404 -227.89370728 20.07874107
v 233.50393677 -221.9881897 17.71653557
usemtl mat6
f 3628 3629 3630
# Vertices: 3, normals: 0, texture coordinates: 0, faces: 1

o obj640
v 169.92126465 -221.9881897 20.07874107
v 169.92126465 -227.89370728 17.71653557
v 169.92126465 -227.89370728 20.07874107
usemtl mat6
f 3631 3632 3633
# Vertices: 3, normals: 0, texture coordinates: 0, faces: 1

o obj641
v 169.52755737 -221.9881897 17.71653557
v 169.92126465 -227.89370728 17.71653557
v 169.92126465 -221.9881897 20.07874107
usemtl mat6
f 3634 3635 3636
# Vertices: 3, normals: 0, texture coordinates: 0, faces: 1

o obj642
v 163.62203979 -221.9881897 17.71653557
v 164.01574707 -227.89370728 20.07874107
v 164.01574707 -227.89370728 17.71653557
usemtl mat6
f 3637 3638 3639
# Vertices: 3, normals: 0, texture coordinates: 0, faces: 1

o obj643
v 164.01574707 -221.9881897 20.07874107
v 164.01574707 -227.89370728 20.07874107
v 163.62203979 -221.9881897 17.71653557
usemtl mat6
f 3640 3641 3642
# Vertices: 3, normals: 0, texture coordinates: 0, faces: 1

o obj644
v 309.96063232 -246.79133606 17.71653557
v 297.28347778 -221.9881897 17.71653557
v 297.28347778 -246.79133606 17.71653557
v 304.05511475 -233.79920959 17.71653557
v 309.96063232 -233.79920959 17.71653557
v 304.05511475 -227.89370728 17.71653557
v 309.56692505 -221.9881897 17.71653557
v 309.96063232 -227.89370728 17.71653557
usemtl mat0
f 3643 3644 3645
f 3644 3643 3646
f 3646 3643 3647
f 3644 3648 3649
f 3648 3644 3646
f 3649 3648 3650
# Vertices: 8, normals: 0, texture coordinates: 0, faces: 6

o obj645
v 453.26773071 -246.79133606 17.71653557
v 443.97637939 -233.79920959 17.71653557
v 443.97637939 -246.79133606 17.71653557
v 449.88189697 -233.79920959 17.71653557
v 449.88189697 -227.89370728 17.71653557
v 443.97637939 -227.89370728 17.71653557
v 453.26773071 -221.9881897 17.71653557
v 443.58267212 -221.9881897 17.71653557
usemtl mat0
f 3651 3652 3653
f 3652 3651 3654
f 3654 3651 3655
f 3656 3657 3658
f 3657 3656 3655
f 3657 3655 3651
# Vertices: 8, normals: 0, texture coordinates: 0, faces: 6

o obj646
v 169.92126465 -221.9881897 20.07874107
v 233.50393677 -221.9881897 17.71653557
v 169.52755737 -221.9881897 17.71653557
v 233.89764404 -221.9881897 20.07874107
usemtl mat6
f 3659 3660 3661
f 3660 3659 3662
# Vertices: 4, normals: 0, texture coordinates: 0, faces: 2

o obj647
v 22.99212646 225.45275879 17.71653557
v 22.99212646 220.09841919 20.07874107
v 22.59842491 220.09841919 17.71653557
usemtl mat6
f 3663 3664 3665
# Vertices: 3, normals: 0, texture coordinates: 0, faces: 1

o obj648
v 22.99212646 225.45275879 20.07874107
v 22.99212646 220.09841919 20.07874107
v 22.99212646 225.45275879 17.71653557
usemtl mat6
f 3666 3667 3668
# Vertices: 3, normals: 0, texture coordinates: 0, faces: 1

o obj649
v 296.45669556 220.09841919 17.71653557
v 302.08660889 225.45275879 17.71653557
v 296.45669556 244.90158081 17.71653557
v 307.59841919 220.09841919 17.71653557
v 307.99212646 225.45275879 17.71653557
v 302.08660889 231.35826111 17.71653557
v 307.99212646 244.90158081 17.71653557
v 307.99212646 231.35826111 17.71653557
usemtl mat0
f 3669 3670 3671
f 3670 3669 3672
f 3670 3672 3673
f 3671 3674 3675
f 3674 3671 3670
f 3675 3674 3676
# Vertices: 8, normals: 0, texture coordinates: 0, faces: 6

o obj650
v 92.24409485 220.09841919 20.07874107
v 28.50393677 220.09841919 17.71653557
v 91.8503952 220.09841919 17.71653557
v 28.89763832 220.09841919 20.07874107
usemtl mat6
f 3677 3678 3679
f 3678 3677 3680
# Vertices: 4, normals: 0, texture coordinates: 0, faces: 2

o obj651
v 97.75590515 220.09841919 17.71653557
v 92.24409485 225.45275879 17.71653557
v 91.8503952 220.09841919 17.71653557
v 98.1496048 225.45275879 17.71653557
usemtl mat0
f 3681 3682 3683
f 3682 3681 3684
# Vertices: 4, normals: 0, texture coordinates: 0, faces: 2

o obj652
v 377.55905151 220.09841919 17.71653557
v 372.04724121 225.45275879 17.71653557
v 371.65353394 220.09841919 17.71653557
v 377.95275879 225.45275879 17.71653557
usemtl mat0
f 3685 3686 3687
f 3686 3685 3688
# Vertices: 4, normals: 0, texture coordinates: 0, faces: 2

o obj653
v 28.50393677 220.09841919 17.71653557
v 22.99212646 225.45275879 17.71653557
v 22.59842491 220.09841919 17.71653557
v 28.89763832 225.45275879 17.71653557
usemtl mat0
f 3689 3690 3691
f 3690 3689 3692
# Vertices: 4, normals: 0, texture coordinates: 0, faces: 2

o obj654
v 22.99212646 220.09841919 20.07874107
v -31.25984192 242.53936768 20.07874107
v -31.65354347 220.09841919 20.07874107
v 22.99212646 225.45275879 20.07874107
v 22.99212646 242.53936768 20.07874107
v 22.99212646 231.35826111 20.07874107
usemtl mat6
f 3693 3694 3695
f 3694 3693 3696
f 3694 3696 3697
f 3697 3696 3698
# Vertices: 6, normals: 0, texture coordinates: 0, faces: 4

o obj655
v 167.28346252 220.09841919 17.71653557
v 161.77165222 225.45275879 17.71653557
v 161.37796021 220.09841919 17.71653557
v 167.6771698 225.45275879 17.71653557
usemtl mat0
f 3699 3700 3701
f 3700 3699 3702
# Vertices: 4, normals: 0, texture coordinates: 0, faces: 2

o obj656
v 447.48031616 220.09841919 17.71653557
v 441.96850586 225.45275879 17.71653557
v 441.57479858 220.09841919 17.71653557
v 447.87402344 225.45275879 17.71653557
usemtl mat0
f 3703 3704 3705
f 3704 3703 3706
# Vertices: 4, normals: 0, texture coordinates: 0, faces: 2

o obj657
v 98.1496048 225.45275879 20.07874107
v 97.75590515 220.09841919 17.71653557
v 98.1496048 220.09841919 20.07874107
usemtl mat6
f 3707 3708 3709
# Vertices: 3, normals: 0, texture coordinates: 0, faces: 1

o obj658
v 98.1496048 225.45275879 17.71653557
v 97.75590515 220.09841919 17.71653557
v 98.1496048 225.45275879 20.07874107
usemtl mat6
f 3710 3711 3712
# Vertices: 3, normals: 0, texture coordinates: 0, faces: 1

o obj659
v 92.24409485 225.45275879 17.71653557
v 92.24409485 220.09841919 20.07874107
v 91.8503952 220.09841919 17.71653557
usemtl mat6
f 3713 3714 3715
# Vertices: 3, normals: 0, texture coordinates: 0, faces: 1

o obj660
v 92.24409485 225.45275879 20.07874107
v 92.24409485 220.09841919 20.07874107
v 92.24409485 225.45275879 17.71653557
usemtl mat6
f 3716 3717 3718
# Vertices: 3, normals: 0, texture coordinates: 0, faces: 1

o obj661
v 231.96850586 225.45275879 17.71653557
v 231.96850586 220.09841919 20.07874107
v 231.57479858 220.09841919 17.71653557
usemtl mat6
f 3719 3720 3721
# Vertices: 3, normals: 0, texture coordinates: 0, faces: 1

o obj662
v 231.96850586 225.45275879 20.07874107
v 231.96850586 220.09841919 20.07874107
v 231.96850586 225.45275879 17.71653557
usemtl mat6
f 3722 3723 3724
# Vertices: 3, normals: 0, texture coordinates: 0, faces: 1

o obj663
v 167.6771698 225.45275879 20.07874107
v 167.28346252 220.09841919 17.71653557
v 167.6771698 220.09841919 20.07874107
usemtl mat6
f 3725 3726 3727
# Vertices: 3, normals: 0, texture coordinates: 0, faces: 1

o obj664
v 167.6771698 225.45275879 17.71653557
v 167.28346252 220.09841919 17.71653557
v 167.6771698 225.45275879 20.07874107
usemtl mat6
f 3728 3729 3730
# Vertices: 3, normals: 0, texture coordinates: 0, faces: 1

o obj665
v 161.77165222 225.45275879 17.71653557
v 161.77165222 220.09841919 20.07874107
v 161.37796021 220.09841919 17.71653557
usemtl mat6
f 3731 3732 3733
# Vertices: 3, normals: 0, texture coordinates: 0, faces: 1

o obj666
v 161.77165222 225.45275879 20.07874107
v 161.77165222 220.09841919 20.07874107
v 161.77165222 225.45275879 17.71653557
usemtl mat6
f 3734 3735 3736
# Vertices: 3, normals: 0, texture coordinates: 0, faces: 1

o obj667
v 28.89763832 225.45275879 20.07874107
v 28.50393677 220.09841919 17.71653557
v 28.89763832 220.09841919 20.07874107
usemtl mat6
f 3737 3738 3739
# Vertices: 3, normals: 0, texture coordinates: 0, faces: 1

o obj668
v 28.89763832 225.45275879 17.71653557
v 28.50393677 220.09841919 17.71653557
v 28.89763832 225.45275879 20.07874107
usemtl mat6
f 3740 3741 3742
# Vertices: 3, normals: 0, texture coordinates: 0, faces: 1

o obj669
v 377.95275879 225.45275879 20.07874107
v 377.55905151 220.09841919 17.71653557
v 377.95275879 220.09841919 20.07874107
usemtl mat6
f 3743 3744 3745
# Vertices: 3, normals: 0, texture coordinates: 0, faces: 1

o obj670
v 377.95275879 225.45275879 17.71653557
v 377.55905151 220.09841919 17.71653557
v 377.95275879 225.45275879 20.07874107
usemtl mat6
f 3746 3747 3748
# Vertices: 3, normals: 0, texture coordinates: 0, faces: 1

o obj671
v 441.96850586 225.45275879 17.71653557
v 441.96850586 220.09841919 20.07874107
v 441.57479858 220.09841919 17.71653557
usemtl mat6
f 3749 3750 3751
# Vertices: 3, normals: 0, texture coordinates: 0, faces: 1

o obj672
v 441.96850586 225.45275879 20.07874107
v 441.96850586 220.09841919 20.07874107
v 441.96850586 225.45275879 17.71653557
usemtl mat6
f 3752 3753 3754
# Vertices: 3, normals: 0, texture coordinates: 0, faces: 1

o obj673
v 511.77166748 225.45275879 17.71653557
v 511.77166748 220.09841919 20.07874107
v 511.37796021 220.09841919 17.71653557
usemtl mat6
f 3755 3756 3757
# Vertices: 3, normals: 0, texture coordinates: 0, faces: 1

o obj674
v 511.77166748 225.45275879 20.07874107
v 511.77166748 220.09841919 20.07874107
v 511.77166748 225.45275879 17.71653557
usemtl mat6
f 3758 3759 3760
# Vertices: 3, normals: 0, texture coordinates: 0, faces: 1

o obj675
v 447.87402344 225.45275879 20.07874107
v 447.48031616 220.09841919 17.71653557
v 447.87402344 220.09841919 20.07874107
usemtl mat6
f 3761 3762 3763
# Vertices: 3, normals: 0, texture coordinates: 0, faces: 1

o obj676
v 447.87402344 225.45275879 17.71653557
v 447.48031616 220.09841919 17.71653557
v 447.87402344 225.45275879 20.07874107
usemtl mat6
f 3764 3765 3766
# Vertices: 3, normals: 0, texture coordinates: 0, faces: 1

o obj677
v 572.91339111 220.09841919 20.07874107
v 517.67718506 225.45275879 20.07874107
v 517.67718506 220.09841919 20.07874107
v 517.67718506 231.35826111 20.07874107
v 573.30706787 242.53936768 20.07874107
v 517.67718506 242.53936768 20.07874107
usemtl mat6
f 3767 3768 3769
f 3768 3767 3770
f 3770 3771 3772
f 3771 3770 3767
# Vertices: 6, normals: 0, texture coordinates: 0, faces: 4

o obj678
v 517.67718506 225.45275879 20.07874107
v 517.28344727 220.09841919 17.71653557
v 517.67718506 220.09841919 20.07874107
usemtl mat6
f 3773 3774 3775
# Vertices: 3, normals: 0, texture coordinates: 0, faces: 1

o obj679
v 517.67718506 225.45275879 17.71653557
v 517.28344727 220.09841919 17.71653557
v 517.67718506 225.45275879 20.07874107
usemtl mat6
f 3776 3777 3778
# Vertices: 3, normals: 0, texture coordinates: 0, faces: 1

o obj680
v 372.04724121 225.45275879 17.71653557
v 372.04724121 220.09841919 20.07874107
v 371.65353394 220.09841919 17.71653557
usemtl mat6
f 3779 3780 3781
# Vertices: 3, normals: 0, texture coordinates: 0, faces: 1

o obj681
v 372.04724121 225.45275879 20.07874107
v 372.04724121 220.09841919 20.07874107
v 372.04724121 225.45275879 17.71653557
usemtl mat6
f 3782 3783 3784
# Vertices: 3, normals: 0, texture coordinates: 0, faces: 1

o obj682
v 307.99212646 225.45275879 20.07874107
v 307.59841919 220.09841919 17.71653557
v 307.99212646 220.09841919 20.07874107
usemtl mat6
f 3785 3786 3787
# Vertices: 3, normals: 0, texture coordinates: 0, faces: 1

o obj683
v 307.99212646 225.45275879 17.71653557
v 307.59841919 220.09841919 17.71653557
v 307.99212646 225.45275879 20.07874107
usemtl mat6
f 3788 3789 3790
# Vertices: 3, normals: 0, texture coordinates: 0, faces: 1

o obj684
v 380.1574707 -221.9881897 20.07874107
v 380.1574707 -227.89370728 17.71653557
v 380.1574707 -227.89370728 20.07874107
usemtl mat6
f 3791 3792 3793
# Vertices: 3, normals: 0, texture coordinates: 0, faces: 1

o obj685
v 379.76379395 -221.9881897 17.71653557
v 380.1574707 -227.89370728 17.71653557
v 380.1574707 -221.9881897 20.07874107
usemtl mat6
f 3794 3795 3796
# Vertices: 3, normals: 0, texture coordinates: 0, faces: 1

o obj686
v 231.96850586 220.09841919 20.07874107
v 167.28346252 220.09841919 17.71653557
v 231.57479858 220.09841919 17.71653557
v 167.6771698 220.09841919 20.07874107
usemtl mat6
f 3797 3798 3799
f 3798 3797 3800
# Vertices: 4, normals: 0, texture coordinates: 0, faces: 2

o obj687
v 572.91339111 220.09841919 20.07874107
v 517.28344727 220.09841919 17.71653557
v 572.91339111 220.09841919 17.71653557
v 517.67718506 220.09841919 20.07874107
usemtl mat6
f 3801 3802 3803
f 3802 3801 3804
# Vertices: 4, normals: 0, texture coordinates: 0, faces: 2

o obj688
v 22.99212646 220.09841919 20.07874107
v -31.65354347 220.09841919 17.71653557
v 22.59842491 220.09841919 17.71653557
v -31.65354347 220.09841919 20.07874107
usemtl mat6
f 3805 3806 3807
f 3806 3805 3808
# Vertices: 4, normals: 0, texture coordinates: 0, faces: 2

o obj689
v 443.58267212 -221.9881897 17.71653557
v 443.97637939 -227.89370728 20.07874107
v 443.97637939 -227.89370728 17.71653557
usemtl mat6
f 3809 3810 3811
# Vertices: 3, normals: 0, texture coordinates: 0, faces: 1

o obj690
v 443.97637939 -221.9881897 20.07874107
v 443.97637939 -227.89370728 20.07874107
v 443.58267212 -221.9881897 17.71653557
usemtl mat6
f 3812 3813 3814
# Vertices: 3, normals: 0, texture coordinates: 0, faces: 1

o obj691
v 372.04724121 220.09841919 20.07874107
v 307.59841919 220.09841919 17.71653557
v 371.65353394 220.09841919 17.71653557
v 307.99212646 220.09841919 20.07874107
usemtl mat6
f 3815 3816 3817
f 3816 3815 3818
# Vertices: 4, normals: 0, texture coordinates: 0, faces: 2

o obj692
v 519.37005615 -221.9881897 20.07874107
v 519.37005615 -227.89370728 17.71653557
v 519.37005615 -227.89370728 20.07874107
usemtl mat6
f 3819 3820 3821
# Vertices: 3, normals: 0, texture coordinates: 0, faces: 1

o obj693
v 518.97637939 -221.9881897 17.71653557
v 519.37005615 -227.89370728 17.71653557
v 519.37005615 -221.9881897 20.07874107
usemtl mat6
f 3822 3823 3824
# Vertices: 3, normals: 0, texture coordinates: 0, faces: 1

o obj694
v 373.85827637 -221.9881897 17.71653557
v 374.25198364 -227.89370728 20.07874107
v 374.25198364 -227.89370728 17.71653557
usemtl mat6
f 3825 3826 3827
# Vertices: 3, normals: 0, texture coordinates: 0, faces: 1

o obj695
v 374.25198364 -221.9881897 20.07874107
v 374.25198364 -227.89370728 20.07874107
v 373.85827637 -221.9881897 17.71653557
usemtl mat6
f 3828 3829 3830
# Vertices: 3, normals: 0, texture coordinates: 0, faces: 1

o obj696
v 309.96063232 -221.9881897 20.07874107
v 309.96063232 -227.89370728 17.71653557
v 309.96063232 -227.89370728 20.07874107
usemtl mat6
f 3831 3832 3833
# Vertices: 3, normals: 0, texture coordinates: 0, faces: 1

o obj697
v 309.56692505 -221.9881897 17.71653557
v 309.96063232 -227.89370728 17.71653557
v 309.96063232 -221.9881897 20.07874107
usemtl mat6
f 3834 3835 3836
# Vertices: 3, normals: 0, texture coordinates: 0, faces: 1

o obj698
v 161.77165222 220.09841919 20.07874107
v 97.75590515 220.09841919 17.71653557
v 161.37796021 220.09841919 17.71653557
v 98.1496048 220.09841919 20.07874107
usemtl mat6
f 3837 3838 3839
f 3838 3837 3840
# Vertices: 4, normals: 0, texture coordinates: 0, faces: 2

o obj699
v 519.37005615 -244.42913818 20.07874107
v 519.37005615 -227.89370728 20.07874107
v 519.37005615 -233.79920959 20.07874107
v 573.30706787 -244.42913818 20.07874107
v 519.37005615 -221.9881897 20.07874107
v 572.91339111 -221.9881897 20.07874107
usemtl mat6
f 3841 3842 3843
f 3842 3841 3844
f 3842 3844 3845
f 3845 3844 3846
# Vertices: 6, normals: 0, texture coordinates: 0, faces: 4

o obj700
v 511.77166748 220.09841919 20.07874107
v 447.48031616 220.09841919 17.71653557
v 511.37796021 220.09841919 17.71653557
v 447.87402344 220.09841919 20.07874107
usemtl mat6
f 3847 3848 3849
f 3848 3847 3850
# Vertices: 4, normals: 0, texture coordinates: 0, faces: 2

o obj701
v 441.96850586 220.09841919 20.07874107
v 377.55905151 220.09841919 17.71653557
v 441.57479858 220.09841919 17.71653557
v 377.95275879 220.09841919 20.07874107
usemtl mat6
f 3851 3852 3853
f 3852 3851 3854
# Vertices: 4, normals: 0, texture coordinates: 0, faces: 2

o obj702
v 380.1574707 -221.9881897 20.07874107
v 443.58267212 -221.9881897 17.71653557
v 379.76379395 -221.9881897 17.71653557
v 443.97637939 -221.9881897 20.07874107
usemtl mat6
f 3855 3856 3857
f 3856 3855 3858
# Vertices: 4, normals: 0, texture coordinates: 0, faces: 2

o obj703
v 218.54330444 -309.07479858 135.82676697
v 229.96063232 -309.07479858 57.48031616
v 218.54330444 -309.07479858 57.48031616
v 229.96063232 -309.07479858 135.82676697
usemtl mat3
f 3859 3860 3861
f 3860 3859 3862
# Vertices: 4, normals: 0, texture coordinates: 0, faces: 2

o obj704
v 426.88977051 -309.07479858 135.82676697
v 438.30709839 -309.07479858 57.48031616
v 426.88977051 -309.07479858 57.48031616
v 438.30709839 -309.07479858 135.82676697
usemtl mat3
f 3863 3864 3865
f 3864 3863 3866
# Vertices: 4, normals: 0, texture coordinates: 0, faces: 2

o obj705
v 10.62992096 -309.07479858 57.48031616
v 22.04724503 -258.60235596 57.48031616
v 10.23622036 -258.60235596 57.48031616
v 22.04724503 -309.07479858 57.48031616
usemtl mat3
f 3867 3868 3869
f 3868 3867 3870
# Vertices: 4, normals: 0, texture coordinates: 0, faces: 2

o obj706
v 111.41732025 -309.07479858 57.48031616
v 102.75590515 -258.60235596 57.48031616
v 102.75590515 -309.07479858 57.48031616
v 111.02362061 -258.60235596 57.48031616
usemtl mat3
f 3871 3872 3873
f 3872 3871 3874
# Vertices: 4, normals: 0, texture coordinates: 0, faces: 2

o obj707
v -0.78740156 156.94882202 38.18897629
v -47.24409485 -156.94882202 38.18897629
v -87.48031616 156.94882202 38.18897629
v -0.78740156 -156.94882202 38.18897629
v -47.24409485 -157.34251404 38.18897629
v -87.48031616 -157.34251404 38.18897629
usemtl mat0
f 3875 3876 3877
f 3876 3875 3878
f 3877 3879 3880
f 3879 3877 3876
# Vertices: 6, normals: 0, texture coordinates: 0, faces: 4

o obj708
v 10.62992096 -309.07479858 135.82676697
v 22.04724503 -309.07479858 57.48031616
v 10.62992096 -309.07479858 57.48031616
v 22.04724503 -309.07479858 135.82676697
usemtl mat3
f 3881 3882 3883
f 3882 3881 3884
# Vertices: 4, normals: 0, texture coordinates: 0, faces: 2

o obj709
v -87.48031616 -157.34251404 29.92125893
v -46.8503952 -168.36613464 29.92125893
v -87.48031616 -168.36613464 29.92125893
v -47.24409485 -157.34251404 29.92125893
usemtl mat3
f 3885 3886 3887
f 3886 3885 3888
# Vertices: 4, normals: 0, texture coordinates: 0, faces: 2

o obj710
v -46.8503952 -190.41339111 15.74803162
v -87.48031616 -177.81495667 15.74803162
v -87.48031616 -190.41339111 15.74803162
v -46.8503952 -177.81495667 15.74803162
usemtl mat3
f 3889 3890 3891
f 3890 3889 3892
# Vertices: 4, normals: 0, texture coordinates: 0, faces: 2

o obj711
v -87.48031616 -166.79133606 22.04724503
v -46.8503952 -179.38977051 22.04724503
v -87.48031616 -179.38977051 22.04724503
v -46.8503952 -166.79133606 22.04724503
usemtl mat3
f 3893 3894 3895
f 3894 3893 3896
# Vertices: 4, normals: 0, texture coordinates: 0, faces: 2

o obj712
v -87.48031616 -177.81495667 14.17322826
v -46.8503952 -190.41339111 14.17322826
v -87.48031616 -190.41339111 14.17322826
v -46.8503952 -177.81495667 14.17322826
usemtl mat3
f 3897 3898 3899
f 3898 3897 3900
# Vertices: 4, normals: 0, texture coordinates: 0, faces: 2

o obj713
v -46.8503952 -168.36613464 31.49606323
v -87.48031616 -157.34251404 31.49606323
v -87.48031616 -168.36613464 31.49606323
v -47.24409485 -157.34251404 31.49606323
usemtl mat3
f 3901 3902 3903
f 3902 3901 3904
# Vertices: 4, normals: 0, texture coordinates: 0, faces: 2

o obj714
v -46.8503952 -179.38977051 23.62204742
v -87.48031616 -166.79133606 23.62204742
v -87.48031616 -179.38977051 23.62204742
v -46.8503952 -166.79133606 23.62204742
usemtl mat3
f 3905 3906 3907
f 3906 3905 3908
# Vertices: 4, normals: 0, texture coordinates: 0, faces: 2

o obj715
v -46.8503952 -201.43701172 7.87401581
v -87.48031616 -201.43701172 6.29921246
v -46.8503952 -201.43701172 6.29921246
v -87.48031616 -201.43701172 7.87401581
usemtl mat3
f 3909 3910 3911
f 3910 3909 3912
# Vertices: 4, normals: 0, texture coordinates: 0, faces: 2

o obj716
v -46.8503952 -201.43701172 7.87401581
v -87.48031616 -188.83857727 7.87401581
v -87.48031616 -201.43701172 7.87401581
v -46.8503952 -188.83857727 7.87401581
usemtl mat3
f 3913 3914 3915
f 3914 3913 3916
# Vertices: 4, normals: 0, texture coordinates: 0, faces: 2

o obj717
v -87.48031616 -188.83857727 6.29921246
v -46.8503952 -201.43701172 6.29921246
v -87.48031616 -201.43701172 6.29921246
v -46.8503952 -188.83857727 6.29921246
usemtl mat3
f 3917 3918 3919
f 3918 3917 3920
# Vertices: 4, normals: 0, texture coordinates: 0, faces: 2

o obj718
v -87.48031616 -177.81495667 15.74803162
v -46.8503952 -177.81495667 14.17322826
v -87.48031616 -177.81495667 14.17322826
v -46.8503952 -177.81495667 15.74803162
usemtl mat3
f 3921 3922 3923
f 3922 3921 3924
# Vertices: 4, normals: 0, texture coordinates: 0, faces: 2

o obj719
v -46.8503952 -190.41339111 15.74803162
v -87.48031616 -190.41339111 14.17322826
v -46.8503952 -190.41339111 14.17322826
v -87.48031616 -190.41339111 15.74803162
usemtl mat3
f 3925 3926 3927
f 3926 3925 3928
# Vertices: 4, normals: 0, texture coordinates: 0, faces: 2

o obj720
v -87.48031616 -188.83857727 6.29921246
v -46.8503952 -188.83857727 7.87401581
v -46.8503952 -188.83857727 6.29921246
v -87.48031616 -188.83857727 7.87401581
usemtl mat3
f 3929 3930 3931
f 3930 3929 3932
# Vertices: 4, normals: 0, texture coordinates: 0, faces: 2

o obj721
v -87.48031616 -166.79133606 23.62204742
v -46.8503952 -166.79133606 22.04724503
v -87.48031616 -166.79133606 22.04724503
v -46.8503952 -166.79133606 23.62204742
usemtl mat3
f 3933 3934 3935
f 3934 3933 3936
# Vertices: 4, normals: 0, texture coordinates: 0, faces: 2

o obj722
v -46.8503952 -168.36613464 31.49606323
v -87.48031616 -168.36613464 29.92125893
v -46.8503952 -168.36613464 29.92125893
v -87.48031616 -168.36613464 31.49606323
usemtl mat3
f 3937 3938 3939
f 3938 3937 3940
# Vertices: 4, normals: 0, texture coordinates: 0, faces: 2

o obj723
v -46.8503952 -179.38977051 23.62204742
v -87.48031616 -179.38977051 22.04724503
v -46.8503952 -179.38977051 22.04724503
v -87.48031616 -179.38977051 23.62204742
usemtl mat3
f 3941 3942 3943
f 3942 3941 3944
# Vertices: 4, normals: 0, texture coordinates: 0, faces: 2

o obj724
v -31.65354347 -221.9881897 20.07874107
v -31.25984192 -244.42913818 31.49606323
v -31.25984192 -244.42913818 20.07874107
v -31.65354347 -221.9881897 78.54330444
usemtl mat0
f 3945 3946 3947
f 3946 3945 3948
# Vertices: 4, normals: 0, texture coordinates: 0, faces: 2

o obj725
v -87.48031616 -221.9881897 -0
v -31.65354347 -221.9881897 17.71653557
v -31.65354347 -221.9881897 -0
v -87.48031616 -221.9881897 140.5118103
v -31.65354347 -221.9881897 20.07874107
v -31.65354347 -221.9881897 78.54330444
v -31.25984192 -221.9881897 140.5118103
usemtl mat0
f 3949 3950 3951
f 3950 3949 3952
f 3950 3952 3953
f 3953 3952 3954
f 3954 3952 3955
# Vertices: 7, normals: 0, texture coordinates: 0, faces: 5

o obj726
v -31.25984192 -221.9881897 140.5118103
v -31.25984192 -244.42913818 31.49606323
v -31.65354347 -221.9881897 78.54330444
usemtl mat0
f 3956 3957 3958
# Vertices: 3, normals: 0, texture coordinates: 0, faces: 1

