mtllib mesh.mtl

v -1.665 4.242 0.150
v -1.303 4.082 0.150
v -1.303 4.242 0.150
v -1.303 4.082 0.150
v -1.665 4.242 0.150
v -1.668 4.082 0.150
v -1.665 4.242 0.150
v -2.032 4.242 0.150
v -2.029 4.082 0.150
v -2.029 4.082 0.150
v -1.668 4.082 0.150
v -1.665 4.242 0.150
v -2.032 4.242 0.150
v -2.427 4.242 0.150
v -2.428 4.082 0.150
v -2.428 4.082 0.150
v -2.029 4.082 0.150
v -2.032 4.242 0.150
v -2.428 4.082 0.150
v -2.823 4.242 0.150
v -2.823 4.082 0.150
v -2.823 4.242 0.150
v -2.428 4.082 0.150
v -2.427 4.242 0.150
v -1.722 4.082 0.595
v -1.303 4.242 0.595
v -1.303 4.082 0.595
v -1.303 4.242 0.595
v -1.722 4.082 0.595
v -1.722 4.242 0.595
v -1.722 4.242 0.595
v -2.105 4.082 0.595
v -2.105 4.242 0.595
v -2.105 4.082 0.595
v -1.722 4.242 0.595
v -1.722 4.082 0.595
v -2.105 4.082 0.595
v -2.474 4.082 0.595
v -2.474 4.242 0.595
v -2.474 4.242 0.595
v -2.105 4.242 0.595
v -2.105 4.082 0.595
v -2.474 4.082 0.595
v -2.823 4.082 0.595
v -2.823 4.242 0.595
v -2.823 4.242 0.595
v -2.474 4.242 0.595
v -2.474 4.082 0.595
v -1.303 4.242 0.595
v -1.303 4.242 0.150
v -1.303 4.082 0.150
v -1.303 4.082 0.150
v -1.303 4.082 0.595
v -1.303 4.242 0.595
v -2.063 4.242 0.595
v -2.823 4.242 0.595
v -2.823 4.242 0.150
v -2.823 4.242 0.150
v -2.063 4.242 0.150
v -2.063 4.242 0.595
v -2.063 4.242 0.150
v -1.303 4.242 0.150
v -1.303 4.242 0.595
v -1.303 4.242 0.595
v -2.063 4.242 0.595
v -2.063 4.242 0.150
v -2.823 4.242 0.150
v -2.823 4.242 0.595
v -2.823 4.082 0.595
v -2.823 4.082 0.595
v -2.823 4.082 0.150
v -2.823 4.242 0.150
v -2.063 4.082 0.595
v -1.303 4.082 0.595
v -1.303 4.082 0.150
v -1.303 4.082 0.150
v -2.063 4.082 0.150
v -2.063 4.082 0.595
v -2.063 4.082 0.150
v -2.823 4.082 0.150
v -2.823 4.082 0.595
v -2.823 4.082 0.595
v -2.063 4.082 0.595
v -2.063 4.082 0.150
v 0.338 4.242 0.150
v 0.757 4.082 0.150
v 0.757 4.242 0.150
v 0.757 4.082 0.150
v 0.338 4.242 0.150
v 0.338 4.082 0.150
v 0.338 4.082 0.150
v -0.045 4.242 0.150
v -0.045 4.082 0.150
v -0.045 4.242 0.150
v 0.338 4.082 0.150
v 0.338 4.242 0.150
v -0.045 4.242 0.150
v -0.414 4.242 0.150
v -0.414 4.082 0.150
v -0.414 4.082 0.150
v -0.045 4.082 0.150
v -0.045 4.242 0.150
v -0.414 4.242 0.150
v -0.763 4.242 0.150
v -0.763 4.082 0.150
v -0.763 4.082 0.150
v -0.414 4.082 0.150
v -0.414 4.242 0.150
v 0.429 4.082 0.595
v 0.757 4.242 0.595
v 0.757 4.082 0.595
v 0.757 4.242 0.595
v 0.429 4.082 0.595
v 0.429 4.242 0.595
v 0.429 4.082 0.595
v 0.074 4.082 0.595
v 0.077 4.242 0.595
v 0.077 4.242 0.595
v 0.429 4.242 0.595
v 0.429 4.082 0.595
v 0.074 4.082 0.595
v -0.332 4.082 0.595
v -0.333 4.242 0.595
v -0.333 4.242 0.595
v 0.077 4.242 0.595
v 0.074 4.082 0.595
v -0.333 4.242 0.595
v -0.763 4.082 0.595
v -0.763 4.242 0.595
v -0.763 4.082 0.595
v -0.333 4.242 0.595
v -0.332 4.082 0.595
v -0.005 4.082 0.595
v 0.757 4.082 0.595
v 0.757 4.082 0.150
v 0.757 4.082 0.150
v -0.006 4.082 0.150
v -0.005 4.082 0.595
v -0.006 4.082 0.150
v -0.763 4.082 0.150
v -0.763 4.082 0.595
v -0.763 4.082 0.595
v -0.005 4.082 0.595
v -0.006 4.082 0.150
v 0.757 4.242 0.595
v 0.757 4.242 0.150
v 0.757 4.082 0.150
v 0.757 4.082 0.150
v 0.757 4.082 0.595
v 0.757 4.242 0.595
v -0.763 4.242 0.150
v -0.763 4.242 0.595
v -0.763 4.082 0.595
v -0.763 4.082 0.595
v -0.763 4.082 0.150
v -0.763 4.242 0.150
v -0.001 4.242 0.595
v -0.763 4.242 0.595
v -0.763 4.242 0.150
v -0.763 4.242 0.150
v 0.000 4.242 0.150
v -0.001 4.242 0.595
v 0.000 4.242 0.150
v 0.757 4.242 0.150
v 0.757 4.242 0.595
v 0.757 4.242 0.595
v -0.001 4.242 0.595
v 0.000 4.242 0.150
v 2.396 4.189 2.568
v 2.804 4.189 2.568
v 2.804 4.337 2.568
v 2.804 4.337 2.568
v 2.396 4.337 2.568
v 2.396 4.189 2.568
v 2.396 4.337 2.568
v 2.030 4.337 2.568
v 2.035 4.189 2.568
v 2.035 4.189 2.568
v 2.396 4.189 2.568
v 2.396 4.337 2.568
v 2.030 4.337 2.568
v 1.670 4.337 2.568
v 1.667 4.189 2.568
v 1.667 4.189 2.568
v 2.035 4.189 2.568
v 2.030 4.337 2.568
v 1.667 4.189 2.568
v 1.261 4.337 2.568
v 1.261 4.189 2.568
v 1.261 4.337 2.568
v 1.667 4.189 2.568
v 1.670 4.337 2.568
v 2.804 4.337 2.568
v 2.804 4.337 0.450
v 1.261 4.337 0.450
v 1.261 4.337 0.450
v 1.261 4.337 2.568
v 2.804 4.337 2.568
v 2.869 3.446 0.916
v 2.869 3.815 1.126
v 2.869 3.446 1.126
v 2.869 3.815 1.126
v 2.869 3.446 0.916
v 2.869 3.815 0.610
v 3.132 -1.695 0.000
v 3.138 0.063 1.619
v 3.131 -1.695 1.062
v 3.138 0.063 1.619
v 3.132 -1.695 0.000
v 3.143 1.010 0.000
v 3.138 0.063 1.619
v 3.143 1.010 0.000
v 3.142 1.013 0.643
v 3.138 0.063 1.619
v 3.138 0.163 2.988
v 3.130 -1.695 2.988
v 3.130 -1.695 2.988
v 3.131 -1.695 1.062
v 3.138 0.063 1.619
v 3.138 0.063 1.619
v 3.142 1.013 0.643
v 3.146 2.026 1.634
v 3.146 2.026 1.634
v 3.145 1.930 2.988
v 3.138 0.163 2.988
v 3.138 0.163 2.988
v 3.138 0.063 1.619
v 3.146 2.026 1.634
v 3.152 3.446 0.916
v 3.142 1.013 0.643
v 3.143 1.010 0.000
v 3.152 3.446 0.916
v 3.154 3.811 0.000
v 3.154 3.811 0.610
v 3.152 3.446 0.916
v 3.152 3.446 1.115
v 3.146 2.026 1.634
v 3.152 3.446 0.916
v 3.143 1.010 0.000
v 3.154 3.811 0.000
v 3.142 1.013 0.643
v 3.152 3.446 0.916
v 3.146 2.026 1.634
v 3.146 2.026 1.634
v 3.152 3.446 1.115
v 3.152 3.446 1.126
v 3.152 3.446 1.126
v 3.153 3.811 1.126
v 3.152 3.811 2.988
v 3.152 3.811 2.988
v 3.145 1.930 2.988
v 3.146 2.026 1.634
v 3.146 2.026 1.634
v 3.152 3.446 1.126
v 3.152 3.811 2.988
v 3.154 3.811 1.126
v 3.152 3.446 1.126
v 2.869 3.446 1.126
v 2.869 3.446 1.126
v 2.869 3.815 1.126
v 3.154 3.811 1.126
v 2.869 3.815 0.000
v 3.154 3.811 0.610
v 3.154 3.811 0.000
v 3.154 3.811 0.610
v 2.869 3.815 0.000
v 2.869 3.815 0.610
v 3.037 3.661 0.736
v 3.154 3.811 0.610
v 2.869 3.815 0.610
v 2.869 3.815 0.610
v 2.869 3.705 0.701
v 3.037 3.661 0.736
v 2.869 3.705 0.701
v 2.869 3.446 0.916
v 3.037 3.661 0.736
v 2.869 3.446 1.126
v 3.152 3.446 1.126
v 3.152 3.446 0.916
v 3.152 3.446 0.916
v 2.869 3.446 0.916
v 2.869 3.446 1.126
v 2.649 2.203 2.988
v 2.649 2.203 2.888
v 2.649 2.003 2.888
v 2.649 2.003 2.888
v 2.649 2.003 2.988
v 2.649 2.203 2.988
v 3.153 3.543 0.835
v 3.154 3.811 0.610
v 2.979 3.586 0.798
v 2.979 3.586 0.798
v 2.869 3.446 0.916
v 3.152 3.446 0.916
v 3.152 3.446 0.916
v 3.153 3.543 0.835
v 2.979 3.586 0.798
v -2.215 2.203 2.888
v -2.584 2.203 2.988
v -2.584 2.203 2.888
v -2.584 2.203 2.988
v -2.215 2.203 2.888
v -2.209 2.203 2.988
v -1.876 2.203 2.988
v -1.550 2.203 2.888
v -1.545 2.203 2.988
v -1.550 2.203 2.888
v -1.876 2.203 2.988
v -1.870 2.203 2.888
v -1.870 2.203 2.888
v -2.209 2.203 2.988
v -2.215 2.203 2.888
v -2.209 2.203 2.988
v -1.870 2.203 2.888
v -1.876 2.203 2.988
v -1.284 2.203 2.888
v -1.545 2.203 2.988
v -1.550 2.203 2.888
v -1.211 2.203 2.988
v -1.284 2.203 2.888
v -1.207 2.203 2.888
v -1.284 2.203 2.888
v -1.211 2.203 2.988
v -1.545 2.203 2.988
v -1.211 2.203 2.988
v -0.873 2.203 2.888
v -0.868 2.203 2.988
v -0.873 2.203 2.888
v -1.211 2.203 2.988
v -1.207 2.203 2.888
v -0.560 2.203 2.988
v -0.266 2.203 2.888
v -0.257 2.203 2.988
v -0.266 2.203 2.888
v -0.560 2.203 2.988
v -0.554 2.203 2.888
v -0.560 2.203 2.988
v -0.868 2.203 2.988
v -0.873 2.203 2.888
v -0.873 2.203 2.888
v -0.554 2.203 2.888
v -0.560 2.203 2.988
v 0.016 2.203 2.888
v -0.257 2.203 2.988
v -0.266 2.203 2.888
v 0.016 2.203 2.888
v 0.025 2.203 2.888
v 0.014 2.203 2.988
v -0.257 2.203 2.988
v 0.016 2.203 2.888
v 0.014 2.203 2.988
v 0.025 2.203 2.888
v 0.298 2.203 2.888
v 0.305 2.203 2.988
v 0.305 2.203 2.988
v 0.014 2.203 2.988
v 0.025 2.203 2.888
v 0.611 2.203 2.888
v 0.305 2.203 2.988
v 0.298 2.203 2.888
v 0.305 2.203 2.988
v 0.611 2.203 2.888
v 0.607 2.203 2.988
v 0.607 2.203 2.988
v 0.933 2.203 2.888
v 0.937 2.203 2.988
v 0.933 2.203 2.888
v 0.607 2.203 2.988
v 0.611 2.203 2.888
v 1.263 2.203 2.888
v 0.937 2.203 2.988
v 0.933 2.203 2.888
v 0.937 2.203 2.988
v 1.263 2.203 2.888
v 1.259 2.203 2.988
v 1.316 2.203 2.888
v 1.585 2.203 2.888
v 1.589 2.203 2.988
v 1.316 2.203 2.888
v 1.259 2.203 2.988
v 1.263 2.203 2.888
v 1.259 2.203 2.988
v 1.316 2.203 2.888
v 1.589 2.203 2.988
v 1.902 2.203 2.888
v 2.188 2.203 2.888
v 2.190 2.203 2.988
v 2.190 2.203 2.988
v 1.899 2.203 2.988
v 1.902 2.203 2.888
v 1.899 2.203 2.988
v 1.589 2.203 2.988
v 1.585 2.203 2.888
v 1.585 2.203 2.888
v 1.902 2.203 2.888
v 1.899 2.203 2.988
v 2.443 2.203 2.988
v 2.649 2.203 2.888
v 2.649 2.203 2.988
v 2.649 2.203 2.888
v 2.443 2.203 2.988
v 2.436 2.203 2.888
v 2.190 2.203 2.988
v 2.436 2.203 2.888
v 2.443 2.203 2.988
v 2.436 2.203 2.888
v 2.190 2.203 2.988
v 2.188 2.203 2.888
v -2.584 2.203 2.888
v -2.584 2.203 2.988
v -2.584 2.003 2.988
v -2.584 2.003 2.988
v -2.584 2.003 2.888
v -2.584 2.203 2.888
v 2.869 3.815 2.005
v 2.869 4.189 2.988
v 2.869 3.815 2.988
v 2.869 4.189 2.988
v 2.869 3.815 2.005
v 2.869 4.189 2.005
v 2.869 3.815 1.126
v 2.869 3.815 1.021
v 2.869 4.189 1.020
v 2.869 3.815 1.126
v 2.869 4.189 2.005
v 2.869 3.815 2.005
v 2.869 4.189 2.005
v 2.869 3.815 1.126
v 2.869 4.189 1.020
v 2.869 3.815 0.610
v 2.869 3.815 0.000
v 2.869 4.189 0.000
v 2.869 3.815 0.610
v 2.869 4.189 1.020
v 2.869 3.815 1.021
v 2.869 4.189 1.020
v 2.869 3.815 0.610
v 2.869 4.189 0.000
v 2.303 2.003 2.888
v 2.649 2.003 2.988
v 2.649 2.003 2.888
v 2.649 2.003 2.988
v 2.303 2.003 2.888
v 2.301 2.003 2.988
v 1.984 2.003 2.988
v 1.677 2.003 2.888
v 1.673 2.003 2.988
v 1.677 2.003 2.888
v 1.984 2.003 2.988
v 1.981 2.003 2.888
v 2.303 2.003 2.888
v 1.981 2.003 2.888
v 1.984 2.003 2.988
v 1.984 2.003 2.988
v 2.301 2.003 2.988
v 2.303 2.003 2.888
v 1.316 2.003 2.888
v 1.127 2.003 2.888
v 1.120 2.003 2.988
v 1.316 2.003 2.888
v 1.390 2.003 2.988
v 1.383 2.003 2.888
v 1.390 2.003 2.988
v 1.316 2.003 2.888
v 1.120 2.003 2.988
v 1.390 2.003 2.988
v 1.673 2.003 2.988
v 1.677 2.003 2.888
v 1.677 2.003 2.888
v 1.383 2.003 2.888
v 1.390 2.003 2.988
v 0.871 2.003 2.888
v 1.120 2.003 2.988
v 1.127 2.003 2.888
v 1.120 2.003 2.988
v 0.871 2.003 2.888
v 0.875 2.003 2.988
v 0.871 2.003 2.888
v 0.621 2.003 2.888
v 0.622 2.003 2.988
v 0.622 2.003 2.988
v 0.875 2.003 2.988
v 0.871 2.003 2.888
v 0.075 2.003 2.988
v 0.355 2.003 2.988
v 0.363 2.003 2.888
v 0.363 2.003 2.888
v 0.066 2.003 2.888
v 0.075 2.003 2.988
v 0.622 2.003 2.988
v 0.363 2.003 2.888
v 0.355 2.003 2.988
v 0.363 2.003 2.888
v 0.622 2.003 2.988
v 0.621 2.003 2.888
v 0.016 2.003 2.888
v -0.239 2.003 2.888
v -0.247 2.003 2.988
v 0.016 2.003 2.888
v 0.075 2.003 2.988
v 0.066 2.003 2.888
v 0.075 2.003 2.988
v 0.016 2.003 2.888
v -0.247 2.003 2.988
v -0.597 2.003 2.888
v -0.247 2.003 2.988
v -0.239 2.003 2.888
v -0.247 2.003 2.988
v -0.597 2.003 2.888
v -0.591 2.003 2.988
v -0.597 2.003 2.888
v -0.981 2.003 2.888
v -0.984 2.003 2.988
v -0.984 2.003 2.988
v -0.591 2.003 2.988
v -0.597 2.003 2.888
v -1.371 2.003 2.988
v -1.284 2.003 2.888
v -1.371 2.003 2.888
v -1.284 2.003 2.888
v -1.371 2.003 2.988
v -0.984 2.003 2.988
v -1.284 2.003 2.888
v -0.984 2.003 2.988
v -0.981 2.003 2.888
v -1.371 2.003 2.988
v -1.721 2.003 2.888
v -1.723 2.003 2.988
v -1.721 2.003 2.888
v -1.371 2.003 2.988
v -1.371 2.003 2.888
v -1.721 2.003 2.888
v -2.037 2.003 2.888
v -2.034 2.003 2.988
v -2.034 2.003 2.988
v -1.723 2.003 2.988
v -1.721 2.003 2.888
v -2.034 2.003 2.988
v -2.320 2.003 2.888
v -2.327 2.003 2.988
v -2.320 2.003 2.888
v -2.034 2.003 2.988
v -2.037 2.003 2.888
v -2.327 2.003 2.988
v -2.584 2.003 2.888
v -2.584 2.003 2.988
v -2.584 2.003 2.888
v -2.327 2.003 2.988
v -2.320 2.003 2.888
v 3.024 -3.695 0.780
v 3.024 -3.695 0.658
v 3.024 -3.920 0.658
v 3.024 -3.920 0.658
v 3.024 -3.920 0.780
v 3.024 -3.695 0.780
v 3.154 3.811 2.338
v 2.869 3.815 2.988
v 3.154 3.811 2.988
v 2.869 3.815 2.988
v 3.154 3.811 2.338
v 2.869 3.815 2.336
v 3.154 3.811 2.338
v 3.154 3.811 1.719
v 2.869 3.815 1.722
v 2.869 3.815 1.722
v 2.869 3.815 2.336
v 3.154 3.811 2.338
v 3.154 3.811 1.719
v 3.154 3.811 1.126
v 2.869 3.815 1.126
v 2.869 3.815 1.126
v 2.869 3.815 1.722
v 3.154 3.811 1.719
v -3.036 3.785 0.376
v -2.884 3.785 0.000
v -3.036 3.785 0.000
v -2.884 3.785 0.000
v -3.036 3.785 0.376
v -2.884 3.785 0.384
v -2.884 3.785 0.782
v -3.036 3.785 1.220
v -2.884 3.785 1.225
v -3.036 3.785 1.220
v -2.884 3.785 0.782
v -3.036 3.785 0.787
v -2.884 3.785 0.384
v -3.036 3.785 0.787
v -2.884 3.785 0.782
v -3.036 3.785 0.787
v -2.884 3.785 0.384
v -3.036 3.785 0.376
v -3.036 3.785 1.220
v -3.036 3.785 1.673
v -2.884 3.785 1.667
v -2.884 3.785 1.667
v -2.884 3.785 1.225
v -3.036 3.785 1.220
v -2.884 3.785 1.667
v -3.036 3.785 2.100
v -2.884 3.785 2.109
v -3.036 3.785 2.100
v -2.884 3.785 1.667
v -3.036 3.785 1.673
v -2.884 3.785 2.109
v -3.036 3.785 2.500
v -2.884 3.785 2.500
v -3.036 3.785 2.500
v -2.884 3.785 2.109
v -3.036 3.785 2.100
v -3.036 3.279 2.500
v -2.884 3.785 2.500
v -3.036 3.785 2.500
v -2.884 3.785 2.500
v -3.036 3.279 2.500
v -2.884 3.279 2.500
v -2.884 3.279 2.500
v -3.036 2.813 2.500
v -2.884 2.810 2.500
v -3.036 2.813 2.500
v -2.884 3.279 2.500
v -3.036 3.279 2.500
v -2.884 2.810 2.500
v -3.036 2.351 2.500
v -2.884 2.347 2.500
v -3.036 2.351 2.500
v -2.884 2.810 2.500
v -3.036 2.813 2.500
v -3.036 1.352 2.500
v -3.036 0.863 2.500
v -2.884 0.859 2.500
v -2.884 0.859 2.500
v -2.884 1.360 2.500
v -3.036 1.352 2.500
v -2.884 2.347 2.500
v -3.036 1.857 2.500
v -2.884 1.857 2.500
v -3.036 1.857 2.500
v -2.884 2.347 2.500
v -3.036 2.351 2.500
v -3.036 1.857 2.500
v -3.036 1.352 2.500
v -2.884 1.360 2.500
v -2.884 1.360 2.500
v -2.884 1.857 2.500
v -3.036 1.857 2.500
v -2.884 0.859 2.500
v -3.036 0.363 2.500
v -2.884 0.359 2.500
v -3.036 0.363 2.500
v -2.884 0.859 2.500
v -3.036 0.863 2.500
v -2.884 -0.999 2.500
v -3.036 -1.450 2.500
v -2.884 -1.454 2.500
v -3.036 -1.450 2.500
v -2.884 -0.999 2.500
v -3.036 -1.002 2.500
v -2.884 0.359 2.500
v -3.036 -0.125 2.500
v -2.884 -0.129 2.500
v -3.036 -0.125 2.500
v -2.884 0.359 2.500
v -3.036 0.363 2.500
v -2.884 -0.571 2.500
v -2.884 -0.129 2.500
v -3.036 -0.125 2.500
v -3.036 -0.125 2.500
v -3.036 -0.578 2.500
v -2.884 -0.571 2.500
v -3.036 -0.578 2.500
v -3.036 -1.002 2.500
v -2.884 -0.999 2.500
v -2.884 -0.999 2.500
v -2.884 -0.571 2.500
v -3.036 -0.578 2.500
v -2.884 -1.454 2.500
v -3.036 -1.938 2.500
v -2.884 -1.941 2.500
v -3.036 -1.938 2.500
v -2.884 -1.454 2.500
v -3.036 -1.450 2.500
v -2.884 -1.941 2.500
v -3.036 -2.426 2.500
v -2.884 -2.429 2.500
v -3.036 -2.426 2.500
v -2.884 -1.941 2.500
v -3.036 -1.938 2.500
v -2.884 -2.429 2.500
v -3.036 -2.891 2.500
v -2.884 -2.891 2.500
v -3.036 -2.891 2.500
v -2.884 -2.429 2.500
v -3.036 -2.426 2.500
v -3.036 2.255 0.000
v -3.036 3.785 2.500
v -3.036 3.785 0.000
v -3.036 3.785 2.500
v -3.036 2.255 0.000
v -3.036 2.222 2.500
v -3.036 -1.545 0.000
v -3.036 0.457 1.231
v -3.036 0.914 -0.000
v -3.036 0.457 1.231
v -3.036 -1.545 0.000
v -3.036 -1.062 1.268
v -3.036 2.255 0.000
v -3.036 0.914 -0.000
v -3.036 0.457 1.231
v -3.036 0.457 1.231
v -3.036 0.959 2.500
v -3.036 2.222 2.500
v -3.036 2.222 2.500
v -3.036 2.255 0.000
v -3.036 0.457 1.231
v -3.036 0.959 2.500
v -3.036 -1.062 1.268
v -3.036 -1.518 2.500
v -3.036 -1.062 1.268
v -3.036 0.959 2.500
v -3.036 0.457 1.231
v -3.036 -1.062 1.268
v -3.036 -1.545 0.000
v -3.036 -2.891 0.000
v -3.036 -1.062 1.268
v -3.036 -2.891 2.500
v -3.036 -1.518 2.500
v -3.036 -2.891 2.500
v -3.036 -1.062 1.268
v -3.036 -2.891 0.000
v 2.489 -3.695 0.000
v 1.262 -2.280 0.000
v 2.506 -2.556 0.000
v 3.094 -4.255 0.000
v 2.564 -3.695 0.000
v 3.094 -3.695 0.000
v 2.489 -3.695 0.000
v 3.094 -4.255 0.000
v 0.500 -4.255 0.000
v 1.262 -2.280 0.000
v 2.489 -3.695 0.000
v 0.533 -2.897 0.000
v 3.094 -4.255 0.000
v 2.489 -3.695 0.000
v 2.564 -3.695 0.000
v 0.533 -2.897 0.000
v 2.489 -3.695 0.000
v 0.500 -4.255 0.000
v 2.519 -1.695 0.000
v 1.009 -0.755 0.000
v 3.137 -0.455 0.000
v 3.137 -0.455 0.000
v 3.132 -1.695 0.000
v 2.519 -1.695 0.000
v 2.519 -1.695 0.000
v 2.506 -2.556 0.000
v 1.262 -2.280 0.000
v 1.009 -0.755 0.000
v 2.519 -1.695 0.000
v 1.262 -2.280 0.000
v 1.009 -0.755 0.000
v 0.767 -0.544 0.000
v 0.635 0.539 0.000
v 3.137 -0.455 0.000
v 1.154 1.167 0.000
v 3.142 0.728 0.000
v 1.154 1.167 0.000
v 3.137 -0.455 0.000
v 1.009 -0.755 0.000
v 1.154 1.167 0.000
v 1.009 -0.755 0.000
v 0.635 0.539 0.000
v -0.921 2.502 0.000
v -0.941 0.986 0.000
v -1.297 1.965 0.000
v 1.154 1.167 0.000
v -0.921 2.502 0.000
v 0.966 2.604 0.000
v 0.966 2.604 0.000
v 1.092 2.463 0.000
v 1.154 1.167 0.000
v -0.941 0.986 0.000
v 1.154 1.167 0.000
v 0.635 0.539 0.000
v -0.941 0.986 0.000
v -0.921 2.502 0.000
v 1.154 1.167 0.000
v 1.154 1.167 0.000
v 1.092 2.463 0.000
v 3.150 2.728 0.000
v 3.150 2.728 0.000
v 3.142 0.728 0.000
v 1.154 1.167 0.000
v -0.932 -1.251 0.000
v 1.262 -2.280 0.000
v 0.533 -2.897 0.000
v 0.533 -2.897 0.000
v -0.969 -2.163 0.000
v -0.932 -1.251 0.000
v -0.932 -1.251 0.000
v 0.767 -0.544 0.000
v 1.009 -0.755 0.000
v 1.262 -2.280 0.000
v -0.932 -1.251 0.000
v 1.009 -0.755 0.000
v 1.261 4.189 0.000
v 0.966 2.604 0.000
v 0.981 4.189 0.000
v 2.804 4.189 0.000
v 1.261 4.307 0.000
v 2.804 4.307 0.000
v 2.804 4.189 0.000
v 2.869 4.189 0.000
v 2.869 3.815 0.000
v 2.869 3.815 0.000
v 3.154 3.811 0.000
v 3.150 2.728 0.000
v 1.261 4.189 0.000
v 1.092 2.463 0.000
v 0.966 2.604 0.000
v 1.261 4.307 0.000
v 2.804 4.189 0.000
v 1.261 4.189 0.000
v 1.092 2.463 0.000
v 2.869 3.815 0.000
v 3.150 2.728 0.000
v 2.869 3.815 0.000
v 1.261 4.189 0.000
v 2.804 4.189 0.000
v 1.092 2.463 0.000
v 1.261 4.189 0.000
v 2.869 3.815 0.000
v -1.616 -2.891 0.000
v 0.533 -2.897 0.000
v 0.500 -4.255 0.000
v 0.500 -4.255 0.000
v -1.616 -4.255 0.000
v -1.616 -2.891 0.000
v -1.616 -2.891 0.000
v -1.808 -2.891 0.000
v -0.969 -2.163 0.000
v 0.533 -2.897 0.000
v -1.616 -2.891 0.000
v -0.969 -2.163 0.000
v -0.932 -1.251 0.000
v -1.745 -0.369 0.000
v -0.941 0.986 0.000
v -0.932 -1.251 0.000
v 0.635 0.539 0.000
v 0.767 -0.544 0.000
v 0.635 0.539 0.000
v -0.932 -1.251 0.000
v -0.941 0.986 0.000
v -1.808 -2.891 0.000
v -1.815 -2.871 0.000
v -0.969 -2.163 0.000
v -1.815 -2.871 0.000
v -1.808 -2.891 0.000
v -1.815 -2.891 0.000
v -2.875 -2.871 0.000
v -2.875 -2.891 0.000
v -3.036 -2.891 0.000
v -2.875 -2.871 0.000
v -3.036 -0.385 0.000
v -1.745 -0.369 0.000
v -0.969 -2.163 0.000
v -1.815 -2.871 0.000
v -0.932 -1.251 0.000
v -3.036 -0.385 0.000
v -2.875 -2.871 0.000
v -3.036 -2.891 0.000
v -0.932 -1.251 0.000
v -1.815 -2.871 0.000
v -1.745 -0.369 0.000
v -1.815 -2.871 0.000
v -2.875 -2.871 0.000
v -1.745 -0.369 0.000
v -0.769 4.189 0.000
v -0.921 2.502 0.000
v -1.184 4.189 0.000
v 0.758 4.189 0.000
v -0.769 4.307 0.000
v 0.758 4.307 0.000
v 0.758 4.189 0.000
v 0.981 4.189 0.000
v 0.966 2.604 0.000
v -0.921 2.502 0.000
v -0.769 4.189 0.000
v 0.966 2.604 0.000
v -0.769 4.307 0.000
v 0.758 4.189 0.000
v -0.769 4.189 0.000
v 0.758 4.189 0.000
v 0.966 2.604 0.000
v -0.769 4.189 0.000
v -3.036 2.045 0.000
v -0.941 0.986 0.000
v -1.745 -0.369 0.000
v -1.745 -0.369 0.000
v -3.036 -0.385 0.000
v -3.036 2.045 0.000
v -0.941 0.986 0.000
v -3.036 2.045 0.000
v -1.297 1.965 0.000
v -2.884 3.785 0.000
v -1.297 1.965 0.000
v -3.036 2.045 0.000
v -3.036 2.045 0.000
v -3.036 3.785 0.000
v -2.884 3.785 0.000
v -2.884 3.785 0.000
v -2.884 4.189 0.000
v -2.829 4.189 0.000
v -2.829 4.189 0.000
v -2.829 4.307 0.000
v -1.297 4.307 0.000
v -1.297 4.189 0.000
v -1.184 4.189 0.000
v -0.921 2.502 0.000
v -1.297 1.965 0.000
v -2.884 3.785 0.000
v -0.921 2.502 0.000
v -1.297 4.189 0.000
v -2.829 4.189 0.000
v -1.297 4.307 0.000
v -1.297 4.189 0.000
v -0.921 2.502 0.000
v -2.884 3.785 0.000
v -2.829 4.189 0.000
v -1.297 4.189 0.000
v -2.884 3.785 0.000
v 3.094 -3.695 1.464
v 3.094 -3.695 2.988
v 3.094 -4.255 2.988
v 3.094 -4.255 2.988
v 3.094 -4.255 1.455
v 3.094 -3.695 1.464
v 3.094 -4.255 1.455
v 3.094 -4.255 1.111
v 3.094 -3.942 1.111
v 3.094 -3.695 0.000
v 3.094 -4.255 0.578
v 3.094 -4.255 -0.000
v 3.094 -3.942 0.907
v 3.094 -3.695 0.000
v 3.094 -3.695 1.464
v 3.094 -3.695 1.464
v 3.094 -4.255 1.455
v 3.094 -3.942 1.111
v 3.094 -4.255 0.578
v 3.094 -3.695 0.000
v 3.094 -3.942 0.907
v 3.094 -3.695 1.464
v 3.094 -3.942 1.111
v 3.094 -3.942 0.907
v -2.125 -0.046 2.888
v -2.584 -0.046 2.988
v -2.584 -0.046 2.888
v -2.584 -0.046 2.988
v -2.125 -0.046 2.888
v -2.123 -0.046 2.988
v -1.284 -0.046 2.888
v -1.059 -0.046 2.888
v -1.057 -0.046 2.988
v -1.284 -0.046 2.888
v -1.373 -0.046 2.988
v -1.371 -0.046 2.888
v -1.373 -0.046 2.988
v -1.284 -0.046 2.888
v -1.057 -0.046 2.988
v -2.123 -0.046 2.988
v -1.723 -0.046 2.888
v -1.722 -0.046 2.988
v -1.723 -0.046 2.888
v -2.123 -0.046 2.988
v -2.125 -0.046 2.888
v -1.723 -0.046 2.888
v -1.371 -0.046 2.888
v -1.373 -0.046 2.988
v -1.373 -0.046 2.988
v -1.722 -0.046 2.988
v -1.723 -0.046 2.888
v -1.057 -0.046 2.988
v -0.757 -0.046 2.888
v -0.758 -0.046 2.988
v -0.757 -0.046 2.888
v -1.057 -0.046 2.988
v -1.059 -0.046 2.888
v -0.757 -0.046 2.888
v -0.444 -0.046 2.888
v -0.444 -0.046 2.988
v -0.444 -0.046 2.988
v -0.758 -0.046 2.988
v -0.757 -0.046 2.888
v 0.710 -0.046 2.888
v 0.968 -0.046 2.888
v 0.977 -0.046 2.988
v 0.977 -0.046 2.988
v 0.698 -0.046 2.988
v 0.710 -0.046 2.888
v 0.698 -0.046 2.988
v 0.450 -0.046 2.988
v 0.442 -0.046 2.888
v 0.442 -0.046 2.888
v 0.710 -0.046 2.888
v 0.698 -0.046 2.988
v 0.182 -0.046 2.988
v 0.442 -0.046 2.888
v 0.450 -0.046 2.988
v 0.442 -0.046 2.888
v 0.182 -0.046 2.988
v 0.184 -0.046 2.888
v -0.444 -0.046 2.988
v -0.118 -0.046 2.888
v -0.118 -0.046 2.988
v -0.118 -0.046 2.888
v -0.444 -0.046 2.988
v -0.444 -0.046 2.888
v 0.182 -0.046 2.988
v 0.016 -0.046 2.888
v 0.184 -0.046 2.888
v 0.016 -0.046 2.888
v 0.182 -0.046 2.988
v -0.118 -0.046 2.988
v 0.016 -0.046 2.888
v -0.118 -0.046 2.988
v -0.118 -0.046 2.888
v 1.243 -0.046 2.888
v 0.977 -0.046 2.988
v 0.968 -0.046 2.888
v 0.977 -0.046 2.988
v 1.243 -0.046 2.888
v 1.239 -0.046 2.988
v 1.499 -0.046 2.988
v 1.767 -0.046 2.888
v 1.771 -0.046 2.988
v 1.767 -0.046 2.888
v 1.499 -0.046 2.988
v 1.500 -0.046 2.888
v 2.073 -0.046 2.988
v 1.771 -0.046 2.988
v 1.767 -0.046 2.888
v 1.767 -0.046 2.888
v 2.079 -0.046 2.888
v 2.073 -0.046 2.988
v 1.499 -0.046 2.988
v 1.316 -0.046 2.888
v 1.500 -0.046 2.888
v 1.316 -0.046 2.888
v 1.499 -0.046 2.988
v 1.239 -0.046 2.988
v 1.316 -0.046 2.888
v 1.239 -0.046 2.988
v 1.243 -0.046 2.888
v 2.073 -0.046 2.988
v 2.378 -0.046 2.888
v 2.387 -0.046 2.988
v 2.378 -0.046 2.888
v 2.073 -0.046 2.988
v 2.079 -0.046 2.888
v 2.387 -0.046 2.988
v 2.649 -0.046 2.888
v 2.649 -0.046 2.988
v 2.649 -0.046 2.888
v 2.387 -0.046 2.988
v 2.378 -0.046 2.888
v 0.887 -0.246 2.888
v 1.316 -0.246 2.888
v 1.316 -0.046 2.888
v 1.316 -0.046 2.888
v 0.886 -0.046 2.888
v 0.887 -0.246 2.888
v 0.886 -0.046 2.888
v 0.452 -0.046 2.888
v 0.455 -0.246 2.888
v 0.455 -0.246 2.888
v 0.887 -0.246 2.888
v 0.886 -0.046 2.888
v 0.452 -0.046 2.888
v 0.016 -0.046 2.888
v 0.016 -0.246 2.888
v 0.016 -0.246 2.888
v 0.455 -0.246 2.888
v 0.452 -0.046 2.888
v 2.564 -3.695 0.658
v 2.564 -3.695 -0.000
v 2.489 -3.695 -0.000
v 2.564 -3.695 -0.000
v 2.564 -3.695 0.658
v 3.024 -3.695 0.658
v 2.564 -3.695 -0.000
v 3.024 -3.695 0.658
v 3.094 -3.695 0.000
v 2.564 -3.695 0.780
v 2.564 -3.695 0.658
v 2.489 -3.695 -0.000
v 3.024 -3.695 0.780
v 3.094 -3.695 0.000
v 3.024 -3.695 0.658
v 2.564 -3.695 0.780
v 2.489 -3.695 -0.000
v 2.489 -3.695 1.505
v 3.094 -3.695 0.000
v 3.024 -3.695 0.780
v 3.094 -3.695 1.506
v 3.094 -3.695 1.506
v 2.564 -3.695 0.780
v 2.489 -3.695 1.505
v 2.564 -3.695 0.780
v 3.094 -3.695 1.506
v 3.024 -3.695 0.780
v 3.094 -3.695 1.506
v 2.489 -3.695 2.988
v 3.094 -3.695 2.988
v 2.489 -3.695 2.988
v 3.094 -3.695 1.506
v 2.489 -3.695 1.505
v 2.489 -3.695 1.495
v 2.519 -1.695 2.988
v 2.489 -3.695 2.988
v 2.519 -1.695 2.988
v 2.489 -3.695 1.495
v 2.519 -1.695 1.490
v 2.519 -1.695 1.490
v 2.489 -3.695 -0.000
v 2.519 -1.695 0.000
v 2.489 -3.695 -0.000
v 2.519 -1.695 1.490
v 2.489 -3.695 1.495
v 3.132 -1.695 1.490
v 3.132 -1.695 2.988
v 2.519 -1.695 2.988
v 2.519 -1.695 2.988
v 2.519 -1.695 1.490
v 3.132 -1.695 1.490
v 2.519 -1.695 1.490
v 2.519 -1.695 0.000
v 3.132 -1.695 0.000
v 3.132 -1.695 0.000
v 3.132 -1.695 1.490
v 2.519 -1.695 1.490
v -1.616 -4.255 2.988
v 0.818 -4.255 1.648
v 0.832 -4.255 2.988
v 0.818 -4.255 1.648
v -1.616 -4.255 2.988
v -1.616 -4.255 1.642
v 0.818 -4.255 1.648
v -1.616 -4.255 1.642
v 0.624 -4.255 1.375
v 0.818 -4.255 1.648
v 3.094 -4.255 1.287
v 3.094 -4.255 2.988
v 3.094 -4.255 2.988
v 0.832 -4.255 2.988
v 0.818 -4.255 1.648
v 0.624 -4.255 1.375
v -1.616 -4.255 1.642
v -1.616 -4.255 0.000
v -1.616 -4.255 0.000
v 0.610 -4.255 0.000
v 0.624 -4.255 1.375
v 2.902 -4.255 0.578
v 0.624 -4.255 1.375
v 0.610 -4.255 0.000
v 2.902 -4.255 0.578
v 3.094 -4.255 -0.000
v 3.094 -4.255 0.578
v 2.902 -4.255 1.111
v 3.094 -4.255 1.111
v 3.094 -4.255 1.287
v 2.902 -4.255 0.578
v 0.818 -4.255 1.648
v 0.624 -4.255 1.375
v 3.094 -4.255 -0.000
v 2.902 -4.255 0.578
v 0.610 -4.255 0.000
v 0.818 -4.255 1.648
v 2.902 -4.255 1.111
v 3.094 -4.255 1.287
v 0.818 -4.255 1.648
v 2.902 -4.255 0.578
v 2.902 -4.255 1.111
v -1.616 -4.255 1.498
v -1.616 -2.891 0.000
v -1.616 -4.255 0.000
v -1.616 -2.891 0.000
v -1.616 -4.255 1.498
v -1.616 -2.886 1.494
v -1.616 -2.886 1.494
v -1.616 -4.255 2.988
v -1.616 -2.881 2.988
v -1.616 -4.255 2.988
v -1.616 -2.886 1.494
v -1.616 -4.255 1.498
v -2.884 3.785 1.724
v -2.884 4.189 0.000
v -2.884 3.785 0.000
v -2.884 4.189 0.000
v -2.884 3.785 1.724
v -2.884 4.189 1.816
v -2.884 2.683 2.500
v -2.884 0.866 2.500
v -2.884 0.865 2.988
v -2.884 0.865 2.988
v -2.884 2.732 2.988
v -2.884 2.683 2.500
v -2.884 3.785 2.500
v -2.884 2.683 2.500
v -2.884 2.732 2.988
v -2.884 3.785 2.500
v -2.884 4.189 1.816
v -2.884 3.785 1.724
v -2.884 3.785 2.500
v -2.884 2.732 2.988
v -2.884 4.189 2.988
v -2.884 4.189 1.816
v -2.884 3.785 2.500
v -2.884 4.189 2.988
v -2.884 0.865 2.988
v -2.884 -1.002 2.500
v -2.884 -1.002 2.988
v -2.884 -1.002 2.500
v -2.884 0.865 2.988
v -2.884 0.866 2.500
v -2.884 -1.002 2.500
v -2.884 -2.891 2.500
v -2.884 -2.881 2.988
v -2.884 -2.881 2.988
v -2.884 -1.002 2.988
v -2.884 -1.002 2.500
v -1.713 -0.246 2.888
v -1.284 -0.246 2.888
v -1.284 -0.046 2.888
v -1.284 -0.046 2.888
v -1.714 -0.046 2.888
v -1.713 -0.246 2.888
v -1.714 -0.046 2.888
v -2.148 -0.046 2.888
v -2.145 -0.246 2.888
v -2.145 -0.246 2.888
v -1.713 -0.246 2.888
v -1.714 -0.046 2.888
v -2.148 -0.046 2.888
v -2.584 -0.046 2.888
v -2.584 -0.246 2.888
v -2.584 -0.246 2.888
v -2.145 -0.246 2.888
v -2.148 -0.046 2.888
v -2.584 -0.046 2.888
v -2.584 -0.046 2.988
v -2.584 -0.246 2.988
v -2.584 -0.246 2.988
v -2.584 -0.246 2.888
v -2.584 -0.046 2.888
v 2.129 -2.495 2.988
v 2.499 -2.495 2.988
v 2.499 -2.495 2.888
v 2.499 -2.495 2.888
v 2.125 -2.495 2.888
v 2.129 -2.495 2.988
v 2.129 -2.495 2.988
v 1.778 -2.495 2.888
v 1.773 -2.495 2.988
v 1.778 -2.495 2.888
v 2.129 -2.495 2.988
v 2.125 -2.495 2.888
v 1.454 -2.495 2.988
v 1.773 -2.495 2.988
v 1.778 -2.495 2.888
v 1.778 -2.495 2.888
v 1.445 -2.495 2.888
v 1.454 -2.495 2.988
v 1.445 -2.495 2.888
v 1.178 -2.495 2.888
v 1.170 -2.495 2.988
v 1.170 -2.495 2.988
v 1.454 -2.495 2.988
v 1.445 -2.495 2.888
v 1.166 -2.495 2.888
v 1.170 -2.495 2.988
v 1.178 -2.495 2.888
v 1.166 -2.495 2.888
v 0.923 -2.495 2.888
v 0.924 -2.495 2.988
v 1.170 -2.495 2.988
v 1.166 -2.495 2.888
v 0.924 -2.495 2.988
v 0.923 -2.495 2.888
v 0.658 -2.495 2.888
v 0.662 -2.495 2.988
v 0.662 -2.495 2.988
v 0.924 -2.495 2.988
v 0.923 -2.495 2.888
v 0.076 -2.495 2.988
v 0.368 -2.495 2.988
v 0.376 -2.495 2.888
v 0.376 -2.495 2.888
v 0.067 -2.495 2.888
v 0.076 -2.495 2.988
v 0.662 -2.495 2.988
v 0.376 -2.495 2.888
v 0.368 -2.495 2.988
v 0.376 -2.495 2.888
v 0.662 -2.495 2.988
v 0.658 -2.495 2.888
v -0.084 -2.495 2.888
v -0.214 -2.495 2.888
v -0.221 -2.495 2.988
v -0.084 -2.495 2.888
v 0.076 -2.495 2.988
v 0.067 -2.495 2.888
v 0.076 -2.495 2.988
v -0.084 -2.495 2.888
v -0.221 -2.495 2.988
v -0.483 -2.495 2.888
v -0.221 -2.495 2.988
v -0.214 -2.495 2.888
v -0.221 -2.495 2.988
v -0.483 -2.495 2.888
v -0.478 -2.495 2.988
v -0.744 -2.495 2.988
v -1.044 -2.495 2.888
v -1.045 -2.495 2.988
v -1.044 -2.495 2.888
v -0.744 -2.495 2.988
v -0.744 -2.495 2.888
v -0.483 -2.495 2.888
v -0.744 -2.495 2.888
v -0.744 -2.495 2.988
v -0.744 -2.495 2.988
v -0.478 -2.495 2.988
v -0.483 -2.495 2.888
v -1.383 -2.495 2.988
v -1.746 -2.495 2.888
v -1.747 -2.495 2.988
v -1.746 -2.495 2.888
v -1.383 -2.495 2.988
v -1.383 -2.495 2.888
v -1.383 -2.495 2.988
v -1.334 -2.495 2.888
v -1.383 -2.495 2.888
v -1.334 -2.495 2.888
v -1.383 -2.495 2.988
v -1.045 -2.495 2.988
v -1.334 -2.495 2.888
v -1.045 -2.495 2.988
v -1.044 -2.495 2.888
v -2.148 -2.495 2.988
v -2.584 -2.495 2.888
v -2.584 -2.495 2.988
v -2.584 -2.495 2.888
v -2.148 -2.495 2.988
v -2.147 -2.495 2.888
v -1.747 -2.495 2.988
v -2.147 -2.495 2.888
v -2.148 -2.495 2.988
v -2.147 -2.495 2.888
v -1.747 -2.495 2.988
v -1.746 -2.495 2.888
v 2.499 -2.295 2.988
v 2.499 -2.295 2.888
v 2.499 -2.495 2.888
v 2.499 -2.495 2.888
v 2.499 -2.495 2.988
v 2.499 -2.295 2.988
v 2.303 -0.246 2.888
v 2.649 -0.246 2.988
v 2.649 -0.246 2.888
v 2.649 -0.246 2.988
v 2.303 -0.246 2.888
v 2.301 -0.246 2.988
v 1.969 -0.246 2.888
v 1.626 -0.246 2.888
v 1.624 -0.246 2.988
v 1.624 -0.246 2.988
v 1.971 -0.246 2.988
v 1.969 -0.246 2.888
v 2.303 -0.246 2.888
v 1.969 -0.246 2.888
v 1.971 -0.246 2.988
v 1.971 -0.246 2.988
v 2.301 -0.246 2.988
v 2.303 -0.246 2.888
v 1.274 -0.246 2.988
v 1.316 -0.246 2.888
v 1.274 -0.246 2.888
v 1.316 -0.246 2.888
v 1.274 -0.246 2.988
v 1.624 -0.246 2.988
v 1.316 -0.246 2.888
v 1.624 -0.246 2.988
v 1.626 -0.246 2.888
v 1.274 -0.246 2.888
v 0.922 -0.246 2.888
v 0.923 -0.246 2.988
v 0.923 -0.246 2.988
v 1.274 -0.246 2.988
v 1.274 -0.246 2.888
v 0.923 -0.246 2.988
v 0.573 -0.246 2.888
v 0.571 -0.246 2.988
v 0.573 -0.246 2.888
v 0.923 -0.246 2.988
v 0.922 -0.246 2.888
v 0.571 -0.246 2.988
v 0.234 -0.246 2.888
v 0.234 -0.246 2.988
v 0.234 -0.246 2.888
v 0.571 -0.246 2.988
v 0.573 -0.246 2.888
v -0.079 -0.246 2.988
v 0.016 -0.246 2.888
v -0.080 -0.246 2.888
v 0.016 -0.246 2.888
v -0.079 -0.246 2.988
v 0.234 -0.246 2.988
v 0.016 -0.246 2.888
v 0.234 -0.246 2.988
v 0.234 -0.246 2.888
v -0.079 -0.246 2.988
v -0.366 -0.246 2.888
v -0.370 -0.246 2.988
v -0.366 -0.246 2.888
v -0.079 -0.246 2.988
v -0.080 -0.246 2.888
v -0.627 -0.246 2.988
v -0.370 -0.246 2.988
v -0.366 -0.246 2.888
v -0.366 -0.246 2.888
v -0.636 -0.246 2.888
v -0.627 -0.246 2.988
v -0.636 -0.246 2.888
v -0.891 -0.246 2.888
v -0.898 -0.246 2.988
v -0.898 -0.246 2.988
v -0.627 -0.246 2.988
v -0.636 -0.246 2.888
v -1.198 -0.246 2.888
v -0.898 -0.246 2.988
v -0.891 -0.246 2.888
v -0.898 -0.246 2.988
v -1.198 -0.246 2.888
v -1.193 -0.246 2.988
v -1.284 -0.246 2.888
v -1.519 -0.246 2.888
v -1.524 -0.246 2.988
v -1.284 -0.246 2.888
v -1.193 -0.246 2.988
v -1.198 -0.246 2.888
v -1.193 -0.246 2.988
v -1.284 -0.246 2.888
v -1.524 -0.246 2.988
v -1.836 -0.246 2.888
v -1.524 -0.246 2.988
v -1.519 -0.246 2.888
v -1.524 -0.246 2.988
v -1.836 -0.246 2.888
v -1.833 -0.246 2.988
v -1.836 -0.246 2.888
v -2.122 -0.246 2.888
v -2.124 -0.246 2.988
v -2.124 -0.246 2.988
v -1.833 -0.246 2.988
v -1.836 -0.246 2.888
v -2.378 -0.246 2.988
v -2.584 -0.246 2.888
v -2.584 -0.246 2.988
v -2.584 -0.246 2.888
v -2.378 -0.246 2.988
v -2.370 -0.246 2.888
v -2.124 -0.246 2.988
v -2.370 -0.246 2.888
v -2.378 -0.246 2.988
v -2.370 -0.246 2.888
v -2.124 -0.246 2.988
v -2.122 -0.246 2.888
v -2.584 -2.295 2.888
v -2.584 -2.295 2.988
v -2.584 -2.495 2.988
v -2.584 -2.495 2.988
v -2.584 -2.495 2.888
v -2.584 -2.295 2.888
v -2.201 -2.295 2.888
v -2.584 -2.295 2.988
v -2.584 -2.295 2.888
v -2.584 -2.295 2.988
v -2.201 -2.295 2.888
v -2.198 -2.295 2.988
v -1.810 -2.295 2.888
v -1.409 -2.295 2.888
v -1.409 -2.295 2.988
v -1.409 -2.295 2.988
v -1.811 -2.295 2.988
v -1.810 -2.295 2.888
v -2.198 -2.295 2.988
v -1.810 -2.295 2.888
v -1.811 -2.295 2.988
v -1.810 -2.295 2.888
v -2.198 -2.295 2.988
v -2.201 -2.295 2.888
v -0.654 -2.295 2.888
v -0.309 -2.295 2.888
v -0.303 -2.295 2.988
v -0.303 -2.295 2.988
v -0.660 -2.295 2.988
v -0.654 -2.295 2.888
v -0.660 -2.295 2.988
v -1.019 -2.295 2.988
v -1.022 -2.295 2.888
v -1.022 -2.295 2.888
v -0.654 -2.295 2.888
v -0.660 -2.295 2.988
v -1.334 -2.295 2.888
v -1.022 -2.295 2.888
v -1.019 -2.295 2.988
v -1.334 -2.295 2.888
v -1.409 -2.295 2.988
v -1.409 -2.295 2.888
v -1.409 -2.295 2.988
v -1.334 -2.295 2.888
v -1.019 -2.295 2.988
v -0.084 -2.295 2.888
v -0.303 -2.295 2.988
v -0.309 -2.295 2.888
v -0.084 -2.295 2.888
v 0.035 -2.295 2.888
v 0.030 -2.295 2.988
v -0.303 -2.295 2.988
v -0.084 -2.295 2.888
v 0.030 -2.295 2.988
v 0.030 -2.295 2.988
v 0.344 -2.295 2.888
v 0.349 -2.295 2.988
v 0.344 -2.295 2.888
v 0.030 -2.295 2.988
v 0.035 -2.295 2.888
v 0.632 -2.295 2.988
v 0.894 -2.295 2.888
v 0.902 -2.295 2.988
v 0.894 -2.295 2.888
v 0.632 -2.295 2.988
v 0.639 -2.295 2.888
v 0.632 -2.295 2.988
v 0.349 -2.295 2.988
v 0.344 -2.295 2.888
v 0.344 -2.295 2.888
v 0.639 -2.295 2.888
v 0.632 -2.295 2.988
v 1.151 -2.295 2.888
v 0.902 -2.295 2.988
v 0.894 -2.295 2.888
v 0.902 -2.295 2.988
v 1.151 -2.295 2.888
v 1.147 -2.295 2.988
v 1.957 -2.295 2.988
v 2.224 -2.295 2.888
v 2.230 -2.295 2.988
v 2.224 -2.295 2.888
v 1.957 -2.295 2.988
v 1.960 -2.295 2.888
v 1.413 -2.295 2.988
v 1.166 -2.295 2.888
v 1.412 -2.295 2.888
v 1.166 -2.295 2.888
v 1.413 -2.295 2.988
v 1.147 -2.295 2.988
v 1.166 -2.295 2.888
v 1.147 -2.295 2.988
v 1.151 -2.295 2.888
v 1.413 -2.295 2.988
v 1.688 -2.295 2.888
v 1.688 -2.295 2.988
v 1.688 -2.295 2.888
v 1.413 -2.295 2.988
v 1.412 -2.295 2.888
v 1.688 -2.295 2.888
v 1.960 -2.295 2.888
v 1.957 -2.295 2.988
v 1.957 -2.295 2.988
v 1.688 -2.295 2.988
v 1.688 -2.295 2.888
v 2.230 -2.295 2.988
v 2.499 -2.295 2.888
v 2.499 -2.295 2.988
v 2.499 -2.295 2.888
v 2.230 -2.295 2.988
v 2.224 -2.295 2.888
v 0.752 -2.495 2.888
v 1.166 -2.495 2.888
v 1.166 -2.295 2.888
v 1.166 -2.295 2.888
v 0.750 -2.295 2.888
v 0.752 -2.495 2.888
v 0.750 -2.295 2.888
v 0.338 -2.295 2.888
v 0.342 -2.495 2.888
v 0.342 -2.495 2.888
v 0.752 -2.495 2.888
v 0.750 -2.295 2.888
v 0.338 -2.295 2.888
v -0.084 -2.295 2.888
v -0.084 -2.495 2.888
v -0.084 -2.495 2.888
v 0.342 -2.495 2.888
v 0.338 -2.295 2.888
v 3.007 -3.968 0.658
v 3.013 -3.960 0.658
v 3.017 -3.950 0.658
v 3.017 -3.950 0.658
v 3.021 -3.940 0.658
v 3.023 -3.930 0.658
v 2.944 -4.000 0.658
v 3.024 -3.695 0.658
v 2.564 -3.695 0.658
v 2.644 -4.000 0.658
v 2.564 -3.695 0.658
v 2.564 -3.920 0.658
v 2.564 -3.920 0.658
v 2.564 -3.930 0.658
v 2.566 -3.940 0.658
v 2.580 -3.968 0.658
v 2.570 -3.950 0.658
v 2.574 -3.960 0.658
v 2.570 -3.950 0.658
v 2.587 -3.976 0.658
v 2.595 -3.983 0.658
v 2.633 -3.999 0.658
v 2.570 -3.950 0.658
v 2.604 -3.989 0.658
v 2.604 -3.989 0.658
v 2.613 -3.994 0.658
v 2.623 -3.997 0.658
v 2.564 -3.920 0.658
v 2.633 -3.999 0.658
v 2.644 -4.000 0.658
v 2.992 -3.983 0.658
v 2.954 -3.999 0.658
v 2.964 -3.997 0.658
v 2.992 -3.983 0.658
v 2.964 -3.997 0.658
v 2.974 -3.994 0.658
v 2.974 -3.994 0.658
v 2.984 -3.989 0.658
v 2.992 -3.983 0.658
v 3.017 -3.950 0.658
v 3.000 -3.976 0.658
v 3.007 -3.968 0.658
v 3.024 -3.920 0.658
v 3.017 -3.950 0.658
v 3.023 -3.930 0.658
v 3.024 -3.695 0.658
v 2.944 -4.000 0.658
v 3.024 -3.920 0.658
v 2.570 -3.950 0.658
v 2.564 -3.920 0.658
v 2.566 -3.940 0.658
v 2.604 -3.989 0.658
v 2.570 -3.950 0.658
v 2.595 -3.983 0.658
v 2.633 -3.999 0.658
v 2.604 -3.989 0.658
v 2.623 -3.997 0.658
v 3.017 -3.950 0.658
v 2.944 -4.000 0.658
v 2.954 -3.999 0.658
v 3.000 -3.976 0.658
v 3.017 -3.950 0.658
v 2.992 -3.983 0.658
v 2.944 -4.000 0.658
v 3.017 -3.950 0.658
v 3.024 -3.920 0.658
v 2.587 -3.976 0.658
v 2.570 -3.950 0.658
v 2.580 -3.968 0.658
v 2.564 -3.695 0.658
v 2.644 -4.000 0.658
v 2.944 -4.000 0.658
v 2.954 -3.999 0.658
v 2.992 -3.983 0.658
v 3.017 -3.950 0.658
v 2.570 -3.950 0.658
v 2.633 -3.999 0.658
v 2.564 -3.920 0.658
v -0.413 -0.246 2.888
v 0.016 -0.246 2.888
v 0.016 -0.046 2.888
v 0.016 -0.046 2.888
v -0.414 -0.046 2.888
v -0.413 -0.246 2.888
v -0.414 -0.046 2.888
v -0.848 -0.046 2.888
v -0.845 -0.246 2.888
v -0.845 -0.246 2.888
v -0.413 -0.246 2.888
v -0.414 -0.046 2.888
v -0.848 -0.046 2.888
v -1.284 -0.046 2.888
v -1.284 -0.246 2.888
v -1.284 -0.246 2.888
v -0.845 -0.246 2.888
v -0.848 -0.046 2.888
v 2.902 -3.942 1.111
v 3.094 -4.255 1.111
v 2.902 -4.255 1.111
v 3.094 -4.255 1.111
v 2.902 -3.942 1.111
v 3.094 -3.942 1.111
v 2.902 -4.255 0.928
v 2.902 -3.942 0.907
v 2.902 -3.942 1.111
v 2.902 -3.942 1.111
v 2.902 -4.255 1.111
v 2.902 -4.255 0.928
v 2.902 -3.942 0.907
v 2.902 -4.255 0.928
v 2.902 -4.007 0.839
v 2.902 -4.255 0.928
v 2.902 -4.255 0.578
v 2.902 -4.007 0.839
v 3.094 -3.942 0.907
v 2.902 -3.942 1.111
v 2.902 -3.942 0.907
v 2.902 -3.942 1.111
v 3.094 -3.942 0.907
v 3.094 -3.942 1.111
v 2.564 -3.695 0.658
v 2.564 -3.695 0.780
v 2.564 -3.920 0.780
v 2.564 -3.920 0.780
v 2.564 -3.920 0.658
v 2.564 -3.695 0.658
v 2.580 -3.968 0.780
v 2.574 -3.960 0.780
v 2.570 -3.950 0.780
v 2.570 -3.950 0.780
v 2.566 -3.940 0.780
v 2.564 -3.930 0.780
v 2.644 -4.000 0.780
v 2.564 -3.695 0.780
v 3.024 -3.695 0.780
v 3.017 -3.950 0.780
v 3.024 -3.920 0.780
v 3.023 -3.930 0.780
v 3.023 -3.930 0.780
v 3.021 -3.940 0.780
v 3.017 -3.950 0.780
v 3.017 -3.950 0.780
v 3.013 -3.960 0.780
v 3.007 -3.968 0.780
v 3.017 -3.950 0.780
v 3.000 -3.976 0.780
v 2.992 -3.983 0.780
v 2.992 -3.983 0.780
v 2.984 -3.989 0.780
v 2.974 -3.994 0.780
v 2.992 -3.983 0.780
v 2.964 -3.997 0.780
v 2.954 -3.999 0.780
v 2.633 -3.999 0.780
v 2.570 -3.950 0.780
v 2.644 -4.000 0.780
v 2.604 -3.989 0.780
v 2.633 -3.999 0.780
v 2.623 -3.997 0.780
v 2.623 -3.997 0.780
v 2.613 -3.994 0.780
v 2.604 -3.989 0.780
v 2.570 -3.950 0.780
v 2.595 -3.983 0.780
v 2.587 -3.976 0.780
v 2.587 -3.976 0.780
v 2.580 -3.968 0.780
v 2.570 -3.950 0.780
v 2.644 -4.000 0.780
v 2.564 -3.930 0.780
v 2.564 -3.695 0.780
v 2.954 -3.999 0.780
v 3.017 -3.950 0.780
v 2.992 -3.983 0.780
v 3.000 -3.976 0.780
v 3.017 -3.950 0.780
v 3.007 -3.968 0.780
v 2.964 -3.997 0.780
v 2.992 -3.983 0.780
v 2.974 -3.994 0.780
v 2.644 -4.000 0.780
v 3.024 -3.695 0.780
v 2.944 -4.000 0.780
v 2.595 -3.983 0.780
v 2.570 -3.950 0.780
v 2.604 -3.989 0.780
v 2.644 -4.000 0.780
v 2.570 -3.950 0.780
v 2.564 -3.930 0.780
v 2.944 -4.000 0.780
v 3.017 -3.950 0.780
v 2.954 -3.999 0.780
v 3.017 -3.950 0.780
v 2.944 -4.000 0.780
v 3.024 -3.920 0.780
v 2.633 -3.999 0.780
v 2.604 -3.989 0.780
v 2.570 -3.950 0.780
v 3.024 -3.920 0.780
v 2.944 -4.000 0.780
v 3.024 -3.695 0.780
v 2.033 -2.495 2.888
v 2.499 -2.495 2.888
v 2.499 -2.295 2.888
v 2.499 -2.295 2.888
v 2.031 -2.295 2.888
v 2.033 -2.495 2.888
v 2.031 -2.295 2.888
v 1.590 -2.295 2.888
v 1.592 -2.495 2.888
v 1.592 -2.495 2.888
v 2.033 -2.495 2.888
v 2.031 -2.295 2.888
v 1.590 -2.295 2.888
v 1.166 -2.295 2.888
v 1.166 -2.495 2.888
v 1.166 -2.495 2.888
v 1.592 -2.495 2.888
v 1.590 -2.295 2.888
v 3.094 -4.255 0.578
v 2.902 -3.942 0.907
v 2.902 -4.255 0.578
v 2.902 -3.942 0.907
v 3.094 -4.255 0.578
v 3.094 -3.942 0.907
v 2.219 -0.246 2.888
v 2.649 -0.246 2.888
v 2.649 -0.046 2.888
v 2.649 -0.046 2.888
v 2.219 -0.046 2.888
v 2.219 -0.246 2.888
v 2.219 -0.046 2.888
v 1.778 -0.046 2.888
v 1.781 -0.246 2.888
v 1.781 -0.246 2.888
v 2.219 -0.246 2.888
v 2.219 -0.046 2.888
v 1.778 -0.046 2.888
v 1.316 -0.046 2.888
v 1.316 -0.246 2.888
v 1.316 -0.246 2.888
v 1.781 -0.246 2.888
v 1.778 -0.046 2.888
v 2.649 -0.046 2.988
v 2.649 -0.046 2.888
v 2.649 -0.246 2.888
v 2.649 -0.246 2.888
v 2.649 -0.246 2.988
v 2.649 -0.046 2.988
v -0.413 2.003 2.888
v 0.016 2.003 2.888
v 0.016 2.203 2.888
v 0.016 2.203 2.888
v -0.414 2.203 2.888
v -0.413 2.003 2.888
v -0.414 2.203 2.888
v -0.848 2.203 2.888
v -0.845 2.003 2.888
v -0.845 2.003 2.888
v -0.413 2.003 2.888
v -0.414 2.203 2.888
v -0.848 2.203 2.888
v -1.284 2.203 2.888
v -1.284 2.003 2.888
v -1.284 2.003 2.888
v -0.845 2.003 2.888
v -0.848 2.203 2.888
v 2.633 -3.999 0.737
v 2.633 -3.999 0.780
v 2.644 -4.000 0.780
v 2.644 -4.000 0.780
v 2.644 -4.000 0.736
v 2.633 -3.999 0.737
v 2.644 -4.000 0.736
v 2.644 -4.000 0.711
v 2.633 -3.999 0.712
v 2.633 -3.999 0.712
v 2.633 -3.999 0.737
v 2.644 -4.000 0.736
v 2.644 -4.000 0.711
v 2.644 -4.000 0.686
v 2.633 -3.999 0.687
v 2.633 -3.999 0.687
v 2.633 -3.999 0.712
v 2.644 -4.000 0.711
v 2.644 -4.000 0.686
v 2.644 -4.000 0.658
v 2.633 -3.999 0.658
v 2.633 -3.999 0.658
v 2.633 -3.999 0.687
v 2.644 -4.000 0.686
v 2.595 -3.983 0.737
v 2.595 -3.983 0.780
v 2.604 -3.989 0.780
v 2.604 -3.989 0.780
v 2.604 -3.989 0.736
v 2.595 -3.983 0.737
v 2.604 -3.989 0.736
v 2.604 -3.989 0.711
v 2.595 -3.983 0.712
v 2.595 -3.983 0.712
v 2.595 -3.983 0.737
v 2.604 -3.989 0.736
v 2.604 -3.989 0.711
v 2.604 -3.989 0.686
v 2.595 -3.983 0.687
v 2.595 -3.983 0.687
v 2.595 -3.983 0.712
v 2.604 -3.989 0.711
v 2.604 -3.989 0.686
v 2.604 -3.989 0.658
v 2.595 -3.983 0.658
v 2.595 -3.983 0.658
v 2.595 -3.983 0.687
v 2.604 -3.989 0.686
v 2.644 -4.000 0.658
v 2.944 -4.000 0.780
v 2.944 -4.000 0.658
v 2.944 -4.000 0.780
v 2.644 -4.000 0.658
v 2.644 -4.000 0.780
v 2.604 -3.989 0.734
v 2.604 -3.989 0.780
v 2.613 -3.994 0.780
v 2.613 -3.994 0.780
v 2.613 -3.994 0.733
v 2.604 -3.989 0.734
v 2.613 -3.994 0.733
v 2.613 -3.994 0.714
v 2.604 -3.989 0.715
v 2.604 -3.989 0.715
v 2.604 -3.989 0.734
v 2.613 -3.994 0.733
v 2.613 -3.994 0.714
v 2.613 -3.994 0.692
v 2.604 -3.989 0.693
v 2.604 -3.989 0.693
v 2.604 -3.989 0.715
v 2.613 -3.994 0.714
v 2.613 -3.994 0.692
v 2.613 -3.994 0.658
v 2.604 -3.989 0.658
v 2.604 -3.989 0.658
v 2.604 -3.989 0.693
v 2.613 -3.994 0.692
v 2.623 -3.997 0.734
v 2.623 -3.997 0.780
v 2.633 -3.999 0.780
v 2.633 -3.999 0.780
v 2.633 -3.999 0.733
v 2.623 -3.997 0.734
v 2.633 -3.999 0.733
v 2.633 -3.999 0.708
v 2.623 -3.997 0.709
v 2.623 -3.997 0.709
v 2.623 -3.997 0.734
v 2.633 -3.999 0.733
v 2.633 -3.999 0.708
v 2.633 -3.999 0.680
v 2.623 -3.997 0.681
v 2.623 -3.997 0.681
v 2.623 -3.997 0.709
v 2.633 -3.999 0.708
v 2.633 -3.999 0.680
v 2.633 -3.999 0.658
v 2.623 -3.997 0.658
v 2.623 -3.997 0.658
v 2.623 -3.997 0.681
v 2.633 -3.999 0.680
v 2.613 -3.994 0.737
v 2.613 -3.994 0.780
v 2.623 -3.997 0.780
v 2.623 -3.997 0.780
v 2.623 -3.997 0.736
v 2.613 -3.994 0.737
v 2.623 -3.997 0.736
v 2.623 -3.997 0.708
v 2.613 -3.994 0.709
v 2.613 -3.994 0.709
v 2.613 -3.994 0.737
v 2.623 -3.997 0.736
v 2.623 -3.997 0.708
v 2.623 -3.997 0.680
v 2.613 -3.994 0.681
v 2.613 -3.994 0.681
v 2.613 -3.994 0.709
v 2.623 -3.997 0.708
v 2.623 -3.997 0.680
v 2.623 -3.997 0.658
v 2.613 -3.994 0.658
v 2.613 -3.994 0.658
v 2.613 -3.994 0.681
v 2.623 -3.997 0.680
v 2.587 -3.976 0.724
v 2.587 -3.976 0.780
v 2.595 -3.983 0.780
v 2.595 -3.983 0.780
v 2.595 -3.983 0.724
v 2.587 -3.976 0.724
v 2.595 -3.983 0.724
v 2.595 -3.983 0.692
v 2.587 -3.976 0.693
v 2.587 -3.976 0.693
v 2.587 -3.976 0.724
v 2.595 -3.983 0.724
v 2.595 -3.983 0.692
v 2.595 -3.983 0.673
v 2.587 -3.976 0.674
v 2.587 -3.976 0.674
v 2.587 -3.976 0.693
v 2.595 -3.983 0.692
v 2.595 -3.983 0.673
v 2.595 -3.983 0.658
v 2.587 -3.976 0.658
v 2.587 -3.976 0.658
v 2.587 -3.976 0.674
v 2.595 -3.983 0.673
v 2.587 -3.976 0.762
v 2.580 -3.968 0.780
v 2.587 -3.976 0.780
v 2.580 -3.968 0.780
v 2.587 -3.976 0.762
v 2.580 -3.968 0.761
v 2.580 -3.968 0.761
v 2.587 -3.976 0.743
v 2.580 -3.968 0.742
v 2.587 -3.976 0.743
v 2.580 -3.968 0.761
v 2.587 -3.976 0.762
v 2.580 -3.968 0.742
v 2.587 -3.976 0.712
v 2.580 -3.968 0.711
v 2.587 -3.976 0.712
v 2.580 -3.968 0.742
v 2.587 -3.976 0.743
v 2.580 -3.968 0.711
v 2.587 -3.976 0.658
v 2.580 -3.968 0.658
v 2.587 -3.976 0.658
v 2.580 -3.968 0.711
v 2.587 -3.976 0.712
v 2.580 -3.968 0.762
v 2.574 -3.960 0.780
v 2.580 -3.968 0.780
v 2.574 -3.960 0.780
v 2.580 -3.968 0.762
v 2.574 -3.960 0.761
v 2.574 -3.960 0.761
v 2.580 -3.968 0.743
v 2.574 -3.960 0.742
v 2.580 -3.968 0.743
v 2.574 -3.960 0.761
v 2.580 -3.968 0.762
v 2.574 -3.960 0.742
v 2.580 -3.968 0.715
v 2.574 -3.960 0.714
v 2.580 -3.968 0.715
v 2.574 -3.960 0.742
v 2.580 -3.968 0.743
v 2.574 -3.960 0.714
v 2.580 -3.968 0.658
v 2.574 -3.960 0.658
v 2.580 -3.968 0.658
v 2.574 -3.960 0.714
v 2.580 -3.968 0.715
v 2.574 -3.960 0.759
v 2.570 -3.950 0.780
v 2.574 -3.960 0.780
v 2.570 -3.950 0.780
v 2.574 -3.960 0.759
v 2.570 -3.950 0.758
v 2.570 -3.950 0.758
v 2.574 -3.960 0.737
v 2.570 -3.950 0.736
v 2.574 -3.960 0.737
v 2.570 -3.950 0.758
v 2.574 -3.960 0.759
v 2.570 -3.950 0.736
v 2.574 -3.960 0.709
v 2.570 -3.950 0.708
v 2.574 -3.960 0.709
v 2.570 -3.950 0.736
v 2.574 -3.960 0.737
v 2.570 -3.950 0.708
v 2.574 -3.960 0.658
v 2.570 -3.950 0.658
v 2.574 -3.960 0.658
v 2.570 -3.950 0.708
v 2.574 -3.960 0.709
v 2.570 -3.950 0.756
v 2.566 -3.940 0.780
v 2.570 -3.950 0.780
v 2.566 -3.940 0.780
v 2.570 -3.950 0.756
v 2.566 -3.940 0.755
v 2.566 -3.940 0.755
v 2.570 -3.950 0.724
v 2.566 -3.940 0.724
v 2.570 -3.950 0.724
v 2.566 -3.940 0.755
v 2.570 -3.950 0.756
v 2.566 -3.940 0.724
v 2.570 -3.950 0.693
v 2.566 -3.940 0.692
v 2.570 -3.950 0.693
v 2.566 -3.940 0.724
v 2.570 -3.950 0.724
v 2.566 -3.940 0.692
v 2.570 -3.950 0.658
v 2.566 -3.940 0.658
v 2.570 -3.950 0.658
v 2.566 -3.940 0.692
v 2.570 -3.950 0.693
v 2.566 -3.940 0.762
v 2.564 -3.930 0.780
v 2.566 -3.940 0.780
v 2.564 -3.930 0.780
v 2.566 -3.940 0.762
v 2.564 -3.930 0.761
v 2.564 -3.930 0.761
v 2.566 -3.940 0.746
v 2.564 -3.930 0.746
v 2.566 -3.940 0.746
v 2.564 -3.930 0.761
v 2.566 -3.940 0.762
v 2.564 -3.930 0.746
v 2.566 -3.940 0.721
v 2.564 -3.930 0.720
v 2.566 -3.940 0.721
v 2.564 -3.930 0.746
v 2.566 -3.940 0.746
v 2.564 -3.930 0.720
v 2.566 -3.940 0.658
v 2.564 -3.930 0.658
v 2.566 -3.940 0.658
v 2.564 -3.930 0.720
v 2.566 -3.940 0.721
v 2.564 -3.930 0.759
v 2.564 -3.920 0.780
v 2.564 -3.930 0.780
v 2.564 -3.920 0.780
v 2.564 -3.930 0.759
v 2.564 -3.920 0.758
v 2.564 -3.920 0.758
v 2.564 -3.930 0.737
v 2.564 -3.920 0.736
v 2.564 -3.930 0.737
v 2.564 -3.920 0.758
v 2.564 -3.930 0.759
v 2.564 -3.920 0.736
v 2.564 -3.930 0.712
v 2.564 -3.920 0.711
v 2.564 -3.930 0.712
v 2.564 -3.920 0.736
v 2.564 -3.930 0.737
v 2.564 -3.920 0.711
v 2.564 -3.930 0.658
v 2.564 -3.920 0.658
v 2.564 -3.930 0.658
v 2.564 -3.920 0.711
v 2.564 -3.930 0.712
v 1.261 4.307 0.427
v 1.261 4.307 0.000
v 1.261 4.189 0.000
v 1.261 4.189 0.000
v 1.261 4.189 0.433
v 1.261 4.307 0.427
v 1.261 4.307 0.450
v 1.261 4.189 0.862
v 1.261 4.337 0.870
v 1.261 4.337 0.870
v 1.261 4.337 0.450
v 1.261 4.307 0.450
v 1.261 4.307 0.450
v 1.261 4.307 0.427
v 1.261 4.189 0.433
v 1.261 4.189 0.862
v 1.261 4.307 0.450
v 1.261 4.189 0.433
v 1.261 4.337 0.870
v 1.261 4.189 1.299
v 1.261 4.337 1.293
v 1.261 4.189 1.299
v 1.261 4.337 0.870
v 1.261 4.189 0.862
v 1.261 4.189 1.299
v 1.261 4.189 1.717
v 1.261 4.337 1.718
v 1.261 4.337 1.718
v 1.261 4.337 1.293
v 1.261 4.189 1.299
v 1.261 4.337 1.718
v 1.261 4.189 2.131
v 1.261 4.337 2.137
v 1.261 4.189 2.131
v 1.261 4.337 1.718
v 1.261 4.189 1.717
v 1.261 4.337 2.137
v 1.261 4.189 2.568
v 1.261 4.337 2.568
v 1.261 4.189 2.568
v 1.261 4.337 2.137
v 1.261 4.189 2.131
v 0.428 4.189 2.568
v 0.758 4.189 2.568
v 0.758 4.337 2.568
v 0.758 4.337 2.568
v 0.423 4.337 2.568
v 0.428 4.189 2.568
v 0.423 4.337 2.568
v 0.078 4.337 2.568
v 0.079 4.189 2.568
v 0.079 4.189 2.568
v 0.428 4.189 2.568
v 0.423 4.337 2.568
v -0.324 4.189 2.568
v -0.769 4.337 2.568
v -0.769 4.189 2.568
v -0.769 4.337 2.568
v -0.324 4.189 2.568
v -0.322 4.337 2.568
v 0.079 4.189 2.568
v -0.322 4.337 2.568
v -0.324 4.189 2.568
v -0.322 4.337 2.568
v 0.079 4.189 2.568
v 0.078 4.337 2.568
v -2.829 4.307 0.383
v -2.829 4.307 0.000
v -2.829 4.189 0.000
v -2.829 4.189 0.000
v -2.829 4.189 0.391
v -2.829 4.307 0.383
v -2.829 4.307 0.450
v -2.829 4.189 0.775
v -2.829 4.337 0.781
v -2.829 4.337 0.781
v -2.829 4.337 0.450
v -2.829 4.307 0.450
v -2.829 4.307 0.450
v -2.829 4.307 0.383
v -2.829 4.189 0.391
v -2.829 4.189 0.775
v -2.829 4.307 0.450
v -2.829 4.189 0.391
v -2.829 4.337 0.781
v -2.829 4.189 1.186
v -2.829 4.337 1.186
v -2.829 4.189 1.186
v -2.829 4.337 0.781
v -2.829 4.189 0.775
v -2.829 4.189 1.186
v -2.829 4.189 1.625
v -2.829 4.337 1.622
v -2.829 4.337 1.622
v -2.829 4.337 1.186
v -2.829 4.189 1.186
v -2.829 4.337 1.622
v -2.829 4.189 2.081
v -2.829 4.337 2.087
v -2.829 4.189 2.081
v -2.829 4.337 1.622
v -2.829 4.189 1.625
v -2.829 4.337 2.087
v -2.829 4.189 2.568
v -2.829 4.337 2.568
v -2.829 4.189 2.568
v -2.829 4.337 2.087
v -2.829 4.189 2.081
v 0.758 4.337 2.100
v 0.758 4.337 2.568
v 0.758 4.189 2.568
v 0.758 4.189 2.568
v 0.758 4.189 2.097
v 0.758 4.337 2.100
v 0.758 4.337 2.100
v 0.758 4.189 1.660
v 0.758 4.337 1.656
v 0.758 4.189 1.660
v 0.758 4.337 2.100
v 0.758 4.189 2.097
v 0.758 4.189 1.660
v 0.758 4.189 1.254
v 0.758 4.337 1.261
v 0.758 4.337 1.261
v 0.758 4.337 1.656
v 0.758 4.189 1.660
v 0.758 4.337 1.261
v 0.758 4.189 0.877
v 0.758 4.337 0.869
v 0.758 4.189 0.877
v 0.758 4.337 1.261
v 0.758 4.189 1.254
v 0.758 4.307 0.450
v 0.758 4.189 0.449
v 0.758 4.307 0.448
v 0.758 4.307 0.450
v 0.758 4.337 0.450
v 0.758 4.337 0.869
v 0.758 4.189 0.449
v 0.758 4.307 0.450
v 0.758 4.189 0.877
v 0.758 4.307 0.450
v 0.758 4.337 0.869
v 0.758 4.189 0.877
v 0.758 4.307 0.448
v 0.758 4.189 -0.000
v 0.758 4.307 -0.000
v 0.758 4.189 -0.000
v 0.758 4.307 0.448
v 0.758 4.189 0.449
v -1.297 4.337 2.048
v -1.297 4.337 2.568
v -1.297 4.189 2.568
v -1.297 4.189 2.568
v -1.297 4.189 2.047
v -1.297 4.337 2.048
v -1.297 4.189 2.047
v -1.297 4.189 1.558
v -1.297 4.337 1.558
v -1.297 4.337 1.558
v -1.297 4.337 2.048
v -1.297 4.189 2.047
v -1.297 4.337 1.558
v -1.297 4.189 1.108
v -1.297 4.337 1.107
v -1.297 4.189 1.108
v -1.297 4.337 1.558
v -1.297 4.189 1.558
v -1.297 4.307 0.450
v -1.297 4.189 0.354
v -1.297 4.307 0.352
v -1.297 4.307 0.450
v -1.297 4.337 0.450
v -1.297 4.337 0.713
v -1.297 4.189 0.354
v -1.297 4.307 0.450
v -1.297 4.189 0.718
v -1.297 4.307 0.450
v -1.297 4.337 0.713
v -1.297 4.189 0.718
v -1.297 4.337 1.107
v -1.297 4.189 0.718
v -1.297 4.337 0.713
v -1.297 4.189 0.718
v -1.297 4.337 1.107
v -1.297 4.189 1.108
v -1.297 4.307 0.352
v -1.297 4.189 -0.000
v -1.297 4.307 -0.000
v -1.297 4.189 -0.000
v -1.297 4.307 0.352
v -1.297 4.189 0.354
v -0.769 4.307 0.414
v -0.769 4.307 0.000
v -0.769 4.189 0.000
v -0.769 4.189 0.000
v -0.769 4.189 0.421
v -0.769 4.307 0.414
v -0.769 4.307 0.450
v -0.769 4.189 0.833
v -0.769 4.337 0.840
v -0.769 4.337 0.840
v -0.769 4.337 0.450
v -0.769 4.307 0.450
v -0.769 4.307 0.450
v -0.769 4.307 0.414
v -0.769 4.189 0.421
v -0.769 4.189 0.833
v -0.769 4.307 0.450
v -0.769 4.189 0.421
v -0.769 4.337 0.840
v -0.769 4.189 1.264
v -0.769 4.337 1.261
v -0.769 4.189 1.264
v -0.769 4.337 0.840
v -0.769 4.189 0.833
v -0.769 4.189 1.264
v -0.769 4.189 1.676
v -0.769 4.337 1.675
v -0.769 4.337 1.675
v -0.769 4.337 1.261
v -0.769 4.189 1.264
v -0.769 4.337 1.675
v -0.769 4.189 2.093
v -0.769 4.337 2.099
v -0.769 4.189 2.093
v -0.769 4.337 1.675
v -0.769 4.189 1.676
v -0.769 4.337 2.099
v -0.769 4.189 2.568
v -0.769 4.337 2.568
v -0.769 4.189 2.568
v -0.769 4.337 2.099
v -0.769 4.189 2.093
v -1.627 4.189 2.568
v -1.297 4.189 2.568
v -1.297 4.337 2.568
v -1.297 4.337 2.568
v -1.632 4.337 2.568
v -1.627 4.189 2.568
v -1.632 4.337 2.568
v -1.977 4.337 2.568
v -1.976 4.189 2.568
v -1.976 4.189 2.568
v -1.627 4.189 2.568
v -1.632 4.337 2.568
v -2.379 4.189 2.568
v -2.829 4.337 2.568
v -2.829 4.189 2.568
v -2.829 4.337 2.568
v -2.379 4.189 2.568
v -2.377 4.337 2.568
v -1.976 4.189 2.568
v -2.377 4.337 2.568
v -2.379 4.189 2.568
v -2.377 4.337 2.568
v -1.976 4.189 2.568
v -1.977 4.337 2.568
v 2.804 4.337 2.048
v 2.804 4.337 2.568
v 2.804 4.189 2.568
v 2.804 4.189 2.568
v 2.804 4.189 2.047
v 2.804 4.337 2.048
v 2.804 4.189 2.047
v 2.804 4.189 1.558
v 2.804 4.337 1.558
v 2.804 4.337 1.558
v 2.804 4.337 2.048
v 2.804 4.189 2.047
v 2.804 4.337 1.558
v 2.804 4.189 1.108
v 2.804 4.337 1.107
v 2.804 4.189 1.108
v 2.804 4.337 1.558
v 2.804 4.189 1.558
v 2.804 4.307 0.450
v 2.804 4.189 0.354
v 2.804 4.307 0.352
v 2.804 4.307 0.450
v 2.804 4.337 0.450
v 2.804 4.337 0.713
v 2.804 4.189 0.354
v 2.804 4.307 0.450
v 2.804 4.189 0.718
v 2.804 4.307 0.450
v 2.804 4.337 0.713
v 2.804 4.189 0.718
v 2.804 4.337 1.107
v 2.804 4.189 0.718
v 2.804 4.337 0.713
v 2.804 4.189 0.718
v 2.804 4.337 1.107
v 2.804 4.189 1.108
v 2.804 4.307 0.352
v 2.804 4.189 -0.000
v 2.804 4.307 -0.000
v 2.804 4.189 -0.000
v 2.804 4.307 0.352
v 2.804 4.189 0.354
v -0.769 4.337 0.450
v 0.758 4.337 2.568
v 0.758 4.337 0.450
v 0.758 4.337 2.568
v -0.769 4.337 0.450
v -0.769 4.337 2.568
v 1.261 4.189 2.568
v 1.261 4.189 1.732
v 0.758 4.189 1.766
v 0.758 4.189 2.568
v -0.077 4.189 2.568
v -0.187 4.189 2.988
v 2.804 4.189 2.568
v 2.869 4.189 1.623
v 2.804 4.189 1.628
v 1.261 4.189 2.568
v 0.758 4.189 1.766
v 0.758 4.189 2.568
v 1.261 4.189 2.568
v -0.187 4.189 2.988
v 2.869 4.189 2.988
v 2.869 4.189 1.623
v 2.804 4.189 2.568
v 2.869 4.189 2.988
v -0.187 4.189 2.988
v 1.261 4.189 2.568
v 0.758 4.189 2.568
v 2.869 4.189 2.988
v 2.804 4.189 2.568
v 1.261 4.189 2.568
v 1.261 4.189 1.732
v 1.261 4.189 -0.000
v 0.758 4.189 0.000
v 0.758 4.189 0.000
v 0.758 4.189 1.766
v 1.261 4.189 1.732
v 2.869 4.189 1.623
v 2.869 4.189 -0.000
v 2.804 4.189 -0.000
v 2.804 4.189 -0.000
v 2.804 4.189 1.628
v 2.869 4.189 1.623
v -0.769 4.189 2.568
v -0.769 4.189 -0.000
v -1.297 4.189 0.000
v -2.829 4.189 2.568
v -2.829 4.189 -0.000
v -2.884 4.189 0.000
v -0.769 4.189 2.568
v -0.187 4.189 2.988
v -0.077 4.189 2.568
v -0.769 4.189 2.568
v -1.297 4.189 0.000
v -1.297 4.189 2.568
v -2.829 4.189 2.568
v -2.884 4.189 0.000
v -2.884 4.189 2.988
v -1.297 4.189 2.568
v -0.187 4.189 2.988
v -0.769 4.189 2.568
v -1.297 4.189 2.568
v -2.829 4.189 2.568
v -2.884 4.189 2.988
v -0.187 4.189 2.988
v -1.297 4.189 2.568
v -2.884 4.189 2.988
v 2.984 -3.989 0.734
v 2.984 -3.989 0.780
v 2.992 -3.983 0.780
v 2.992 -3.983 0.780
v 2.992 -3.983 0.733
v 2.984 -3.989 0.734
v 2.992 -3.983 0.733
v 2.992 -3.983 0.711
v 2.984 -3.989 0.712
v 2.984 -3.989 0.712
v 2.984 -3.989 0.734
v 2.992 -3.983 0.733
v 2.992 -3.983 0.711
v 2.992 -3.983 0.686
v 2.984 -3.989 0.687
v 2.984 -3.989 0.687
v 2.984 -3.989 0.712
v 2.992 -3.983 0.711
v 2.992 -3.983 0.686
v 2.992 -3.983 0.658
v 2.984 -3.989 0.658
v 2.984 -3.989 0.658
v 2.984 -3.989 0.687
v 2.992 -3.983 0.686
v 2.183 2.003 2.888
v 2.649 2.003 2.888
v 2.649 2.203 2.888
v 2.649 2.203 2.888
v 2.181 2.203 2.888
v 2.183 2.003 2.888
v 2.181 2.203 2.888
v 1.740 2.203 2.888
v 1.742 2.003 2.888
v 1.742 2.003 2.888
v 2.183 2.003 2.888
v 2.181 2.203 2.888
v 1.740 2.203 2.888
v 1.316 2.203 2.888
v 1.316 2.003 2.888
v 1.316 2.003 2.888
v 1.742 2.003 2.888
v 1.740 2.203 2.888
v -1.748 -2.495 2.888
v -1.334 -2.495 2.888
v -1.334 -2.295 2.888
v -1.334 -2.295 2.888
v -1.750 -2.295 2.888
v -1.748 -2.495 2.888
v -1.750 -2.295 2.888
v -2.162 -2.295 2.888
v -2.158 -2.495 2.888
v -2.158 -2.495 2.888
v -1.748 -2.495 2.888
v -1.750 -2.295 2.888
v -2.162 -2.295 2.888
v -2.584 -2.295 2.888
v -2.584 -2.495 2.888
v -2.584 -2.495 2.888
v -2.158 -2.495 2.888
v -2.162 -2.295 2.888
v -0.498 -2.495 2.888
v -0.084 -2.495 2.888
v -0.084 -2.295 2.888
v -0.084 -2.295 2.888
v -0.500 -2.295 2.888
v -0.498 -2.495 2.888
v -0.500 -2.295 2.888
v -0.912 -2.295 2.888
v -0.908 -2.495 2.888
v -0.908 -2.495 2.888
v -0.498 -2.495 2.888
v -0.500 -2.295 2.888
v -0.912 -2.295 2.888
v -1.334 -2.295 2.888
v -1.334 -2.495 2.888
v -1.334 -2.495 2.888
v -0.908 -2.495 2.888
v -0.912 -2.295 2.888
v -1.713 2.003 2.888
v -1.284 2.003 2.888
v -1.284 2.203 2.888
v -1.284 2.203 2.888
v -1.714 2.203 2.888
v -1.713 2.003 2.888
v -1.714 2.203 2.888
v -2.148 2.203 2.888
v -2.145 2.003 2.888
v -2.145 2.003 2.888
v -1.713 2.003 2.888
v -1.714 2.203 2.888
v -2.148 2.203 2.888
v -2.584 2.203 2.888
v -2.584 2.003 2.888
v -2.584 2.003 2.888
v -2.145 2.003 2.888
v -2.148 2.203 2.888
v 3.013 -3.960 0.682
v 3.017 -3.950 0.658
v 3.013 -3.960 0.658
v 3.017 -3.950 0.658
v 3.013 -3.960 0.682
v 3.017 -3.950 0.683
v 3.017 -3.950 0.683
v 3.013 -3.960 0.710
v 3.017 -3.950 0.711
v 3.013 -3.960 0.710
v 3.017 -3.950 0.683
v 3.013 -3.960 0.682
v 3.017 -3.950 0.711
v 3.013 -3.960 0.739
v 3.017 -3.950 0.740
v 3.013 -3.960 0.739
v 3.017 -3.950 0.711
v 3.013 -3.960 0.710
v 3.017 -3.950 0.740
v 3.013 -3.960 0.780
v 3.017 -3.950 0.780
v 3.013 -3.960 0.780
v 3.017 -3.950 0.740
v 3.013 -3.960 0.739
v 2.954 -3.999 0.734
v 2.954 -3.999 0.780
v 2.964 -3.997 0.780
v 2.964 -3.997 0.780
v 2.964 -3.997 0.733
v 2.954 -3.999 0.734
v 2.964 -3.997 0.733
v 2.964 -3.997 0.711
v 2.954 -3.999 0.712
v 2.954 -3.999 0.712
v 2.954 -3.999 0.734
v 2.964 -3.997 0.733
v 2.964 -3.997 0.711
v 2.964 -3.997 0.686
v 2.954 -3.999 0.687
v 2.954 -3.999 0.687
v 2.954 -3.999 0.712
v 2.964 -3.997 0.711
v 2.964 -3.997 0.686
v 2.964 -3.997 0.658
v 2.954 -3.999 0.658
v 2.954 -3.999 0.658
v 2.954 -3.999 0.687
v 2.964 -3.997 0.686
v 2.974 -3.994 0.743
v 2.974 -3.994 0.780
v 2.984 -3.989 0.780
v 2.984 -3.989 0.780
v 2.984 -3.989 0.742
v 2.974 -3.994 0.743
v 2.984 -3.989 0.742
v 2.984 -3.989 0.714
v 2.974 -3.994 0.715
v 2.974 -3.994 0.715
v 2.974 -3.994 0.743
v 2.984 -3.989 0.742
v 2.984 -3.989 0.714
v 2.984 -3.989 0.686
v 2.974 -3.994 0.687
v 2.974 -3.994 0.687
v 2.974 -3.994 0.715
v 2.984 -3.989 0.714
v 2.984 -3.989 0.686
v 2.984 -3.989 0.658
v 2.974 -3.994 0.658
v 2.974 -3.994 0.658
v 2.974 -3.994 0.687
v 2.984 -3.989 0.686
v 3.007 -3.968 0.679
v 3.013 -3.960 0.658
v 3.007 -3.968 0.658
v 3.013 -3.960 0.658
v 3.007 -3.968 0.679
v 3.013 -3.960 0.680
v 3.013 -3.960 0.680
v 3.007 -3.968 0.701
v 3.013 -3.960 0.702
v 3.007 -3.968 0.701
v 3.013 -3.960 0.680
v 3.007 -3.968 0.679
v 3.013 -3.960 0.702
v 3.007 -3.968 0.726
v 3.013 -3.960 0.727
v 3.007 -3.968 0.726
v 3.013 -3.960 0.702
v 3.007 -3.968 0.701
v 3.013 -3.960 0.727
v 3.007 -3.968 0.780
v 3.013 -3.960 0.780
v 3.007 -3.968 0.780
v 3.013 -3.960 0.727
v 3.007 -3.968 0.726
v 2.992 -3.983 0.737
v 2.992 -3.983 0.780
v 3.000 -3.976 0.780
v 3.000 -3.976 0.780
v 3.000 -3.976 0.736
v 2.992 -3.983 0.737
v 3.000 -3.976 0.736
v 3.000 -3.976 0.708
v 2.992 -3.983 0.709
v 2.992 -3.983 0.709
v 2.992 -3.983 0.737
v 3.000 -3.976 0.736
v 3.000 -3.976 0.708
v 3.000 -3.976 0.680
v 2.992 -3.983 0.681
v 2.992 -3.983 0.681
v 2.992 -3.983 0.709
v 3.000 -3.976 0.708
v 3.000 -3.976 0.680
v 3.000 -3.976 0.658
v 2.992 -3.983 0.658
v 2.992 -3.983 0.658
v 2.992 -3.983 0.681
v 3.000 -3.976 0.680
v 3.021 -3.940 0.692
v 3.023 -3.930 0.658
v 3.021 -3.940 0.658
v 3.023 -3.930 0.658
v 3.021 -3.940 0.692
v 3.023 -3.930 0.692
v 3.023 -3.930 0.692
v 3.021 -3.940 0.720
v 3.023 -3.930 0.721
v 3.021 -3.940 0.720
v 3.023 -3.930 0.692
v 3.021 -3.940 0.692
v 3.023 -3.930 0.721
v 3.021 -3.940 0.739
v 3.023 -3.930 0.740
v 3.021 -3.940 0.739
v 3.023 -3.930 0.721
v 3.021 -3.940 0.720
v 3.023 -3.930 0.740
v 3.021 -3.940 0.780
v 3.023 -3.930 0.780
v 3.021 -3.940 0.780
v 3.023 -3.930 0.740
v 3.021 -3.940 0.739
v 3.017 -3.950 0.688
v 3.021 -3.940 0.658
v 3.017 -3.950 0.658
v 3.021 -3.940 0.658
v 3.017 -3.950 0.688
v 3.021 -3.940 0.689
v 3.021 -3.940 0.689
v 3.017 -3.950 0.710
v 3.021 -3.940 0.711
v 3.017 -3.950 0.710
v 3.021 -3.940 0.689
v 3.017 -3.950 0.688
v 3.021 -3.940 0.711
v 3.017 -3.950 0.732
v 3.021 -3.940 0.733
v 3.017 -3.950 0.732
v 3.021 -3.940 0.711
v 3.017 -3.950 0.710
v 3.021 -3.940 0.733
v 3.017 -3.950 0.780
v 3.021 -3.940 0.780
v 3.017 -3.950 0.780
v 3.021 -3.940 0.733
v 3.017 -3.950 0.732
v 0.863 2.003 2.888
v 1.316 2.003 2.888
v 1.316 2.203 2.888
v 1.316 2.203 2.888
v 0.861 2.203 2.888
v 0.863 2.003 2.888
v 0.861 2.203 2.888
v 0.440 2.203 2.888
v 0.443 2.003 2.888
v 0.443 2.003 2.888
v 0.863 2.003 2.888
v 0.861 2.203 2.888
v 0.440 2.203 2.888
v 0.016 2.203 2.888
v 0.016 2.003 2.888
v 0.016 2.003 2.888
v 0.443 2.003 2.888
v 0.440 2.203 2.888
v 2.964 -3.997 0.728
v 2.964 -3.997 0.780
v 2.974 -3.994 0.780
v 2.974 -3.994 0.780
v 2.974 -3.994 0.727
v 2.964 -3.997 0.728
v 2.974 -3.994 0.727
v 2.974 -3.994 0.702
v 2.964 -3.997 0.702
v 2.964 -3.997 0.702
v 2.964 -3.997 0.728
v 2.974 -3.994 0.727
v 2.974 -3.994 0.702
v 2.974 -3.994 0.683
v 2.964 -3.997 0.684
v 2.964 -3.997 0.684
v 2.964 -3.997 0.702
v 2.974 -3.994 0.702
v 2.974 -3.994 0.683
v 2.974 -3.994 0.658
v 2.964 -3.997 0.658
v 2.964 -3.997 0.658
v 2.964 -3.997 0.684
v 2.974 -3.994 0.683
v 3.000 -3.976 0.698
v 3.007 -3.968 0.658
v 3.000 -3.976 0.658
v 3.007 -3.968 0.658
v 3.000 -3.976 0.698
v 3.007 -3.968 0.699
v 3.007 -3.968 0.699
v 3.000 -3.976 0.726
v 3.007 -3.968 0.727
v 3.000 -3.976 0.726
v 3.007 -3.968 0.699
v 3.000 -3.976 0.698
v 3.007 -3.968 0.727
v 3.000 -3.976 0.748
v 3.007 -3.968 0.749
v 3.000 -3.976 0.748
v 3.007 -3.968 0.727
v 3.000 -3.976 0.726
v 3.007 -3.968 0.749
v 3.000 -3.976 0.780
v 3.007 -3.968 0.780
v 3.000 -3.976 0.780
v 3.007 -3.968 0.749
v 3.000 -3.976 0.748
v 3.023 -3.930 0.676
v 3.024 -3.920 0.658
v 3.023 -3.930 0.658
v 3.024 -3.920 0.658
v 3.023 -3.930 0.676
v 3.024 -3.920 0.677
v 3.024 -3.920 0.677
v 3.023 -3.930 0.695
v 3.024 -3.920 0.696
v 3.023 -3.930 0.695
v 3.024 -3.920 0.677
v 3.023 -3.930 0.676
v 3.024 -3.920 0.696
v 3.023 -3.930 0.723
v 3.024 -3.920 0.724
v 3.023 -3.930 0.723
v 3.024 -3.920 0.696
v 3.023 -3.930 0.695
v 3.024 -3.920 0.724
v 3.023 -3.930 0.780
v 3.024 -3.920 0.780
v 3.023 -3.930 0.780
v 3.024 -3.920 0.724
v 3.023 -3.930 0.723
v 2.944 -4.000 0.724
v 2.944 -4.000 0.780
v 2.954 -3.999 0.780
v 2.954 -3.999 0.780
v 2.954 -3.999 0.724
v 2.944 -4.000 0.724
v 2.954 -3.999 0.724
v 2.954 -3.999 0.698
v 2.944 -4.000 0.699
v 2.944 -4.000 0.699
v 2.944 -4.000 0.724
v 2.954 -3.999 0.724
v 2.954 -3.999 0.698
v 2.954 -3.999 0.677
v 2.944 -4.000 0.677
v 2.944 -4.000 0.677
v 2.944 -4.000 0.699
v 2.954 -3.999 0.698
v 2.954 -3.999 0.677
v 2.954 -3.999 0.658
v 2.944 -4.000 0.658
v 2.944 -4.000 0.658
v 2.944 -4.000 0.677
v 2.954 -3.999 0.677
v -2.829 4.337 2.568
v -1.297 4.337 2.568
v -1.297 4.337 0.450
v -1.297 4.337 0.450
v -2.829 4.337 0.450
v -2.829 4.337 2.568
v -2.884 2.268 2.988
v -0.875 4.189 2.988
v -2.884 4.189 2.988
v -0.875 4.189 2.988
v -2.884 2.268 2.988
v -0.896 2.239 2.988
v -0.896 2.239 2.988
v -0.863 2.203 2.988
v 1.094 2.203 2.988
v 1.094 2.203 2.988
v 1.138 4.189 2.988
v -0.875 4.189 2.988
v -0.875 4.189 2.988
v -0.896 2.239 2.988
v 1.094 2.203 2.988
v -2.584 2.203 2.988
v -0.863 2.203 2.988
v -0.896 2.239 2.988
v -1.514 0.832 2.988
v -1.514 1.112 2.988
v -2.884 0.383 2.988
v -2.584 2.203 2.988
v -0.896 2.239 2.988
v -2.884 2.268 2.988
v -0.961 0.506 2.988
v -1.514 0.832 2.988
v -2.884 0.383 2.988
v -2.584 2.003 2.988
v -2.584 2.203 2.988
v -2.884 2.268 2.988
v -1.514 0.832 2.988
v -0.961 0.506 2.988
v -1.234 0.832 2.988
v -2.584 2.003 2.988
v -2.884 2.268 2.988
v -2.884 0.383 2.988
v -1.234 1.112 2.988
v -1.234 0.832 2.988
v -0.961 0.506 2.988
v -1.514 1.112 2.988
v -2.584 2.003 2.988
v -2.884 0.383 2.988
v -1.234 1.112 2.988
v -0.961 0.506 2.988
v -0.740 2.003 2.988
v -2.584 2.003 2.988
v -1.514 1.112 2.988
v -0.740 2.003 2.988
v -1.514 1.112 2.988
v -1.234 1.112 2.988
v -0.740 2.003 2.988
v 0.028 0.832 2.988
v 0.028 1.112 2.988
v -0.961 0.506 2.988
v 0.308 0.832 2.988
v -0.581 -0.046 2.988
v 1.182 -0.046 2.988
v 0.308 1.112 2.988
v 1.185 -0.044 2.988
v 1.173 2.003 2.988
v 0.028 1.112 2.988
v -0.740 2.003 2.988
v -0.961 0.506 2.988
v -0.581 -0.046 2.988
v 0.028 0.832 2.988
v -0.961 0.506 2.988
v 0.308 1.112 2.988
v -0.740 2.003 2.988
v 0.028 1.112 2.988
v 0.028 0.832 2.988
v -0.581 -0.046 2.988
v 0.308 0.832 2.988
v -0.740 2.003 2.988
v 0.308 1.112 2.988
v 1.173 2.003 2.988
v 1.185 -0.044 2.988
v 0.308 0.832 2.988
v 1.182 -0.046 2.988
v 0.308 0.832 2.988
v 1.185 -0.044 2.988
v 0.308 1.112 2.988
v 2.649 2.203 2.988
v 2.649 2.087 2.988
v 3.147 2.102 2.988
v 2.649 2.203 2.988
v 3.154 3.811 2.988
v 2.869 3.815 2.988
v 2.869 3.815 2.988
v 2.869 4.189 2.988
v 1.138 4.189 2.988
v 2.869 3.815 2.988
v 1.094 2.203 2.988
v 2.649 2.203 2.988
v 3.154 3.811 2.988
v 2.649 2.203 2.988
v 3.147 2.102 2.988
v 1.094 2.203 2.988
v 2.869 3.815 2.988
v 1.138 4.189 2.988
v -1.234 -1.435 2.988
v -0.824 -2.295 2.988
v -0.709 -2.174 2.988
v -1.234 -1.435 2.988
v -1.011 -1.269 2.988
v -1.234 -1.249 2.988
v -1.514 -1.435 2.988
v -1.514 -1.225 2.988
v -2.884 -1.103 2.988
v -1.616 -2.881 2.988
v -1.616 -3.131 2.988
v -1.013 -2.495 2.988
v -1.011 -1.269 2.988
v -1.234 -1.435 2.988
v -0.709 -2.174 2.988
v -2.584 -2.495 2.988
v -1.616 -2.881 2.988
v -1.013 -2.495 2.988
v -1.514 -1.435 2.988
v -0.824 -2.295 2.988
v -1.234 -1.435 2.988
v -1.616 -2.881 2.988
v -2.584 -2.495 2.988
v -2.884 -2.881 2.988
v -0.824 -2.295 2.988
v -1.514 -1.435 2.988
v -2.584 -2.295 2.988
v -2.584 -2.295 2.988
v -2.884 -2.881 2.988
v -2.584 -2.495 2.988
v -2.584 -2.295 2.988
v -1.514 -1.435 2.988
v -2.884 -1.103 2.988
v -2.884 -2.881 2.988
v -2.584 -2.295 2.988
v -2.884 -1.103 2.988
v -2.884 -1.103 2.988
v -1.514 -1.225 2.988
v -1.514 -1.155 2.988
v -1.234 -1.155 2.988
v -1.234 -1.249 2.988
v -1.011 -1.269 2.988
v -1.514 -1.155 2.988
v -0.547 -0.246 2.988
v -2.584 -0.246 2.988
v -2.584 -0.046 2.988
v -0.581 -0.046 2.988
v -0.961 0.506 2.988
v -0.547 -0.246 2.988
v -1.514 -1.155 2.988
v -1.234 -1.155 2.988
v -0.547 -0.246 2.988
v -1.234 -1.155 2.988
v -1.011 -1.269 2.988
v -2.584 -0.046 2.988
v -0.961 0.506 2.988
v -2.884 0.383 2.988
v -1.514 -1.155 2.988
v -2.584 -0.246 2.988
v -2.884 -1.103 2.988
v -2.584 -0.246 2.988
v -2.584 -0.046 2.988
v -2.884 0.383 2.988
v -2.884 0.383 2.988
v -2.884 -1.103 2.988
v -2.584 -0.246 2.988
v 0.028 -1.435 2.988
v 0.028 -1.155 2.988
v -1.011 -1.269 2.988
v 0.028 -1.435 2.988
v -0.709 -2.174 2.988
v -0.308 -2.295 2.988
v 0.308 -1.435 2.988
v 0.991 -2.295 2.988
v 1.213 -2.139 2.988
v 0.028 -1.155 2.988
v -0.547 -0.246 2.988
v -1.011 -1.269 2.988
v -0.709 -2.174 2.988
v 0.028 -1.435 2.988
v -1.011 -1.269 2.988
v 0.308 -1.155 2.988
v -0.547 -0.246 2.988
v 0.028 -1.155 2.988
v 0.308 -1.435 2.988
v 0.028 -1.435 2.988
v -0.308 -2.295 2.988
v -0.547 -0.246 2.988
v 0.308 -1.155 2.988
v 1.069 -0.246 2.988
v 0.991 -2.295 2.988
v 0.308 -1.435 2.988
v -0.308 -2.295 2.988
v 1.213 -2.139 2.988
v 1.069 -0.246 2.988
v 0.308 -1.155 2.988
v 0.308 -1.155 2.988
v 0.308 -1.435 2.988
v 1.213 -2.139 2.988
v 0.599 -2.569 2.988
v 0.706 -2.495 2.988
v 0.353 -2.495 2.988
v -1.616 -3.131 2.988
v 0.595 -4.255 2.988
v -1.013 -2.495 2.988
v 0.595 -4.255 2.988
v -1.616 -3.131 2.988
v -1.616 -4.255 2.988
v 0.353 -2.495 2.988
v 0.595 -4.255 2.988
v 0.599 -2.569 2.988
v -1.013 -2.495 2.988
v 0.595 -4.255 2.988
v 0.353 -2.495 2.988
v -0.709 -2.174 2.988
v -0.824 -2.295 2.988
v -0.308 -2.295 2.988
v 1.856 -1.155 2.988
v 1.069 -0.246 2.988
v 1.576 -1.155 2.988
v 1.213 -2.139 2.988
v 1.576 -1.155 2.988
v 1.069 -0.246 2.988
v 2.519 -1.695 2.988
v 1.996 -2.295 2.988
v 2.499 -2.295 2.988
v 2.499 -2.295 2.988
v 2.499 -2.395 2.988
v 2.508 -2.397 2.988
v 2.649 -0.246 2.988
v 3.132 -1.695 2.988
v 3.138 -0.109 2.988
v 3.138 -0.109 2.988
v 2.649 -0.093 2.988
v 2.649 -0.246 2.988
v 1.069 -0.246 2.988
v 1.856 -1.155 2.988
v 2.649 -0.246 2.988
v 1.576 -1.155 2.988
v 1.213 -2.139 2.988
v 1.576 -1.435 2.988
v 2.499 -2.295 2.988
v 2.508 -2.397 2.988
v 2.519 -1.695 2.988
v 3.132 -1.695 2.988
v 2.649 -0.246 2.988
v 2.519 -1.695 2.988
v 2.519 -1.695 2.988
v 1.856 -1.155 2.988
v 1.856 -1.435 2.988
v 1.996 -2.295 2.988
v 1.576 -1.435 2.988
v 1.213 -2.139 2.988
v 1.856 -1.435 2.988
v 1.996 -2.295 2.988
v 2.519 -1.695 2.988
v 1.856 -1.155 2.988
v 2.519 -1.695 2.988
v 2.649 -0.246 2.988
v 1.576 -1.435 2.988
v 1.996 -2.295 2.988
v 1.856 -1.435 2.988
v 1.185 -0.044 2.988
v 1.182 -0.046 2.988
v 1.258 -0.046 2.988
v 1.856 1.112 2.988
v 1.173 2.003 2.988
v 1.576 1.112 2.988
v 1.185 -0.044 2.988
v 1.576 1.112 2.988
v 1.173 2.003 2.988
v 1.576 0.832 2.988
v 1.185 -0.044 2.988
v 1.258 -0.046 2.988
v 2.649 -0.046 2.988
v 2.649 -0.093 2.988
v 3.138 -0.109 2.988
v 2.649 2.003 2.988
v 3.147 2.102 2.988
v 2.649 2.087 2.988
v 1.173 2.003 2.988
v 1.856 1.112 2.988
v 2.649 2.003 2.988
v 1.576 1.112 2.988
v 1.185 -0.044 2.988
v 1.576 0.832 2.988
v 2.649 2.003 2.988
v 3.138 -0.109 2.988
v 3.147 2.102 2.988
v 2.649 -0.046 2.988
v 1.856 1.112 2.988
v 1.856 0.832 2.988
v 1.856 0.832 2.988
v 1.576 0.832 2.988
v 1.258 -0.046 2.988
v 3.138 -0.109 2.988
v 2.649 2.003 2.988
v 2.649 -0.046 2.988
v 1.856 0.832 2.988
v 1.258 -0.046 2.988
v 2.649 -0.046 2.988
v 1.856 1.112 2.988
v 2.649 -0.046 2.988
v 2.649 2.003 2.988
v 0.595 -4.255 2.988
v 0.706 -2.495 2.988
v 0.599 -2.569 2.988
v 2.489 -3.695 2.988
v 0.595 -4.255 2.988
v 3.094 -4.255 2.988
v 3.094 -4.255 2.988
v 3.094 -3.695 2.988
v 2.489 -3.695 2.988
v 2.508 -2.397 2.988
v 2.499 -2.395 2.988
v 2.499 -2.495 2.988
v 0.706 -2.495 2.988
v 0.595 -4.255 2.988
v 2.489 -3.695 2.988
v 2.489 -3.695 2.988
v 2.508 -2.397 2.988
v 2.499 -2.495 2.988
v 0.706 -2.495 2.988
v 2.489 -3.695 2.988
v 2.499 -2.495 2.988
v 1.213 -2.139 2.988
v 0.991 -2.295 2.988
v 1.996 -2.295 2.988
v 1.856 0.832 2.863
v 1.856 1.112 2.863
v 1.576 1.112 2.863
v 1.576 1.112 2.863
v 1.576 0.832 2.863
v 1.856 0.832 2.863
v 1.576 0.832 2.988
v 1.856 0.832 2.988
v 1.856 0.832 2.863
v 1.856 0.832 2.863
v 1.576 0.832 2.863
v 1.576 0.832 2.988
v 1.576 0.832 2.863
v 1.576 1.112 2.988
v 1.576 0.832 2.988
v 1.576 1.112 2.988
v 1.576 0.832 2.863
v 1.576 1.112 2.863
v 1.856 1.112 2.988
v 1.576 1.112 2.988
v 1.576 1.112 2.863
v 1.576 1.112 2.863
v 1.856 1.112 2.863
v 1.856 1.112 2.988
v 1.856 0.832 2.988
v 1.856 1.112 2.863
v 1.856 0.832 2.863
v 1.856 1.112 2.863
v 1.856 0.832 2.988
v 1.856 1.112 2.988
v 0.028 1.112 2.863
v 0.308 0.832 2.863
v 0.308 1.112 2.863
v 0.308 0.832 2.863
v 0.028 1.112 2.863
v 0.028 0.832 2.863
v 0.028 0.832 2.988
v 0.308 0.832 2.988
v 0.308 0.832 2.863
v 0.308 0.832 2.863
v 0.028 0.832 2.863
v 0.028 0.832 2.988
v 0.028 0.832 2.863
v 0.028 1.112 2.988
v 0.028 0.832 2.988
v 0.028 1.112 2.988
v 0.028 0.832 2.863
v 0.028 1.112 2.863
v 0.308 1.112 2.988
v 0.028 1.112 2.988
v 0.028 1.112 2.863
v 0.028 1.112 2.863
v 0.308 1.112 2.863
v 0.308 1.112 2.988
v 0.308 0.832 2.988
v 0.308 1.112 2.863
v 0.308 0.832 2.863
v 0.308 1.112 2.863
v 0.308 0.832 2.988
v 0.308 1.112 2.988
v -1.234 0.832 2.863
v -1.234 1.112 2.863
v -1.514 1.112 2.863
v -1.514 1.112 2.863
v -1.514 0.832 2.863
v -1.234 0.832 2.863
v -1.514 0.832 2.988
v -1.234 0.832 2.988
v -1.234 0.832 2.863
v -1.234 0.832 2.863
v -1.514 0.832 2.863
v -1.514 0.832 2.988
v -1.514 0.832 2.863
v -1.514 1.112 2.988
v -1.514 0.832 2.988
v -1.514 1.112 2.988
v -1.514 0.832 2.863
v -1.514 1.112 2.863
v -1.234 1.112 2.988
v -1.514 1.112 2.988
v -1.514 1.112 2.863
v -1.514 1.112 2.863
v -1.234 1.112 2.863
v -1.234 1.112 2.988
v -1.234 0.832 2.988
v -1.234 1.112 2.863
v -1.234 0.832 2.863
v -1.234 1.112 2.863
v -1.234 0.832 2.988
v -1.234 1.112 2.988
v 1.856 -1.435 2.863
v 1.856 -1.155 2.863
v 1.576 -1.155 2.863
v 1.576 -1.155 2.863
v 1.576 -1.435 2.863
v 1.856 -1.435 2.863
v 1.576 -1.435 2.988
v 1.856 -1.435 2.988
v 1.856 -1.435 2.863
v 1.856 -1.435 2.863
v 1.576 -1.435 2.863
v 1.576 -1.435 2.988
v 1.576 -1.155 2.863
v 1.576 -1.155 2.988
v 1.576 -1.435 2.988
v 1.576 -1.435 2.988
v 1.576 -1.435 2.863
v 1.576 -1.155 2.863
v 1.856 -1.155 2.988
v 1.576 -1.155 2.988
v 1.576 -1.155 2.863
v 1.576 -1.155 2.863
v 1.856 -1.155 2.863
v 1.856 -1.155 2.988
v 1.856 -1.155 2.988
v 1.856 -1.155 2.863
v 1.856 -1.435 2.863
v 1.856 -1.435 2.863
v 1.856 -1.435 2.988
v 1.856 -1.155 2.988
v 0.308 -1.435 2.863
v 0.308 -1.155 2.863
v 0.028 -1.155 2.863
v 0.028 -1.155 2.863
v 0.028 -1.435 2.863
v 0.308 -1.435 2.863
v 0.028 -1.435 2.988
v 0.308 -1.435 2.988
v 0.308 -1.435 2.863
v 0.308 -1.435 2.863
v 0.028 -1.435 2.863
v 0.028 -1.435 2.988
v 0.028 -1.155 2.863
v 0.028 -1.155 2.988
v 0.028 -1.435 2.988
v 0.028 -1.435 2.988
v 0.028 -1.435 2.863
v 0.028 -1.155 2.863
v 0.308 -1.155 2.988
v 0.028 -1.155 2.988
v 0.028 -1.155 2.863
v 0.028 -1.155 2.863
v 0.308 -1.155 2.863
v 0.308 -1.155 2.988
v 0.308 -1.155 2.988
v 0.308 -1.155 2.863
v 0.308 -1.435 2.863
v 0.308 -1.435 2.863
v 0.308 -1.435 2.988
v 0.308 -1.155 2.988
v -1.234 -1.435 2.863
v -1.234 -1.155 2.863
v -1.514 -1.155 2.863
v -1.514 -1.155 2.863
v -1.514 -1.435 2.863
v -1.234 -1.435 2.863
v -1.514 -1.435 2.988
v -1.234 -1.435 2.988
v -1.234 -1.435 2.863
v -1.234 -1.435 2.863
v -1.514 -1.435 2.863
v -1.514 -1.435 2.988
v -1.514 -1.155 2.863
v -1.514 -1.155 2.988
v -1.514 -1.435 2.988
v -1.514 -1.435 2.988
v -1.514 -1.435 2.863
v -1.514 -1.155 2.863
v -1.234 -1.155 2.988
v -1.514 -1.155 2.988
v -1.514 -1.155 2.863
v -1.514 -1.155 2.863
v -1.234 -1.155 2.863
v -1.234 -1.155 2.988
v -1.234 -1.155 2.988
v -1.234 -1.155 2.863
v -1.234 -1.435 2.863
v -1.234 -1.435 2.863
v -1.234 -1.435 2.988
v -1.234 -1.155 2.988
v -2.064 4.307 0.450
v -1.297 4.307 0.450
v -1.297 4.307 0.000
v -1.297 4.307 0.000
v -2.066 4.307 0.000
v -2.064 4.307 0.450
v -2.066 4.307 0.000
v -2.829 4.307 -0.000
v -2.829 4.307 0.450
v -2.829 4.307 0.450
v -2.064 4.307 0.450
v -2.066 4.307 0.000
v -1.396 4.337 0.450
v -1.297 4.337 0.450
v -1.297 4.307 0.450
v -1.297 4.307 0.450
v -1.397 4.307 0.450
v -1.396 4.337 0.450
v -1.397 4.307 0.450
v -1.503 4.307 0.450
v -1.503 4.337 0.450
v -1.503 4.337 0.450
v -1.396 4.337 0.450
v -1.397 4.307 0.450
v -1.503 4.307 0.450
v -1.603 4.307 0.450
v -1.603 4.337 0.450
v -1.603 4.337 0.450
v -1.503 4.337 0.450
v -1.503 4.307 0.450
v -1.603 4.307 0.450
v -1.691 4.307 0.450
v -1.690 4.337 0.450
v -1.690 4.337 0.450
v -1.603 4.337 0.450
v -1.603 4.307 0.450
v -1.691 4.307 0.450
v -1.785 4.307 0.450
v -1.784 4.337 0.450
v -1.784 4.337 0.450
v -1.690 4.337 0.450
v -1.691 4.307 0.450
v -2.387 4.307 0.450
v -2.288 4.337 0.450
v -2.285 4.307 0.450
v -2.288 4.337 0.450
v -2.387 4.307 0.450
v -2.387 4.337 0.450
v -1.785 4.307 0.450
v -1.878 4.307 0.450
v -1.878 4.337 0.450
v -1.878 4.337 0.450
v -1.784 4.337 0.450
v -1.785 4.307 0.450
v -1.878 4.307 0.450
v -1.953 4.307 0.450
v -1.953 4.337 0.450
v -1.953 4.337 0.450
v -1.878 4.337 0.450
v -1.878 4.307 0.450
v -1.953 4.307 0.450
v -2.022 4.307 0.450
v -2.022 4.337 0.450
v -2.022 4.337 0.450
v -1.953 4.337 0.450
v -1.953 4.307 0.450
v -2.022 4.307 0.450
v -2.103 4.307 0.450
v -2.103 4.337 0.450
v -2.103 4.337 0.450
v -2.022 4.337 0.450
v -2.022 4.307 0.450
v -2.103 4.307 0.450
v -2.191 4.307 0.450
v -2.190 4.337 0.450
v -2.190 4.337 0.450
v -2.103 4.337 0.450
v -2.103 4.307 0.450
v -2.190 4.337 0.450
v -2.285 4.307 0.450
v -2.288 4.337 0.450
v -2.285 4.307 0.450
v -2.190 4.337 0.450
v -2.191 4.307 0.450
v -2.650 4.337 0.450
v -2.741 4.307 0.450
v -2.740 4.337 0.450
v -2.741 4.307 0.450
v -2.650 4.337 0.450
v -2.649 4.307 0.450
v -2.387 4.307 0.450
v -2.478 4.307 0.450
v -2.478 4.337 0.450
v -2.478 4.337 0.450
v -2.387 4.337 0.450
v -2.387 4.307 0.450
v -2.563 4.337 0.450
v -2.649 4.307 0.450
v -2.650 4.337 0.450
v -2.649 4.307 0.450
v -2.563 4.337 0.450
v -2.561 4.307 0.450
v -2.478 4.337 0.450
v -2.561 4.307 0.450
v -2.563 4.337 0.450
v -2.561 4.307 0.450
v -2.478 4.337 0.450
v -2.478 4.307 0.450
v -2.741 4.307 0.450
v -2.829 4.307 0.450
v -2.829 4.337 0.450
v -2.829 4.337 0.450
v -2.740 4.337 0.450
v -2.741 4.307 0.450
v -0.004 4.307 0.450
v 0.758 4.307 0.450
v 0.758 4.307 0.000
v 0.758 4.307 0.000
v -0.004 4.307 0.000
v -0.004 4.307 0.450
v -0.004 4.307 0.000
v -0.769 4.307 0.000
v -0.769 4.307 0.450
v -0.769 4.307 0.450
v -0.004 4.307 0.450
v -0.004 4.307 0.000
v 0.696 4.337 0.450
v 0.758 4.337 0.450
v 0.758 4.307 0.450
v 0.758 4.307 0.450
v 0.695 4.307 0.450
v 0.696 4.337 0.450
v 0.695 4.307 0.450
v 0.639 4.307 0.450
v 0.640 4.337 0.450
v 0.640 4.337 0.450
v 0.696 4.337 0.450
v 0.695 4.307 0.450
v 0.639 4.307 0.450
v 0.564 4.307 0.450
v 0.565 4.337 0.450
v 0.565 4.337 0.450
v 0.640 4.337 0.450
v 0.639 4.307 0.450
v 0.564 4.307 0.450
v 0.464 4.307 0.450
v 0.465 4.337 0.450
v 0.465 4.337 0.450
v 0.565 4.337 0.450
v 0.564 4.307 0.450
v 0.464 4.307 0.450
v 0.345 4.307 0.450
v 0.346 4.337 0.450
v 0.346 4.337 0.450
v 0.465 4.337 0.450
v 0.464 4.307 0.450
v -0.636 4.307 0.450
v -0.546 4.337 0.450
v -0.543 4.307 0.450
v -0.546 4.337 0.450
v -0.636 4.307 0.450
v -0.635 4.337 0.450
v 0.345 4.307 0.450
v 0.227 4.307 0.450
v 0.227 4.337 0.450
v 0.227 4.337 0.450
v 0.346 4.337 0.450
v 0.345 4.307 0.450
v 0.227 4.307 0.450
v 0.114 4.307 0.450
v 0.115 4.337 0.450
v 0.115 4.337 0.450
v 0.227 4.337 0.450
v 0.227 4.307 0.450
v -0.216 4.337 0.450
v -0.334 4.307 0.450
v -0.334 4.337 0.450
v -0.334 4.307 0.450
v -0.216 4.337 0.450
v -0.214 4.307 0.450
v 0.114 4.307 0.450
v 0.002 4.307 0.450
v 0.002 4.337 0.450
v 0.002 4.337 0.450
v 0.115 4.337 0.450
v 0.114 4.307 0.450
v 0.002 4.307 0.450
v -0.105 4.307 0.450
v -0.104 4.337 0.450
v -0.104 4.337 0.450
v 0.002 4.337 0.450
v 0.002 4.307 0.450
v -0.104 4.337 0.450
v -0.214 4.307 0.450
v -0.216 4.337 0.450
v -0.214 4.307 0.450
v -0.104 4.337 0.450
v -0.105 4.307 0.450
v -0.334 4.337 0.450
v -0.444 4.307 0.450
v -0.444 4.337 0.450
v -0.444 4.307 0.450
v -0.334 4.337 0.450
v -0.334 4.307 0.450
v -0.444 4.337 0.450
v -0.543 4.307 0.450
v -0.546 4.337 0.450
v -0.543 4.307 0.450
v -0.444 4.337 0.450
v -0.444 4.307 0.450
v -0.717 4.307 0.450
v -0.769 4.307 0.450
v -0.769 4.337 0.450
v -0.769 4.337 0.450
v -0.717 4.337 0.450
v -0.717 4.307 0.450
v -0.636 4.307 0.450
v -0.717 4.307 0.450
v -0.717 4.337 0.450
v -0.717 4.337 0.450
v -0.635 4.337 0.450
v -0.636 4.307 0.450
v 2.037 4.307 0.450
v 2.804 4.307 0.450
v 2.804 4.307 -0.000
v 2.804 4.307 -0.000
v 2.036 4.307 0.000
v 2.037 4.307 0.450
v 2.036 4.307 0.000
v 1.261 4.307 0.000
v 1.261 4.307 0.450
v 1.261 4.307 0.450
v 2.037 4.307 0.450
v 2.036 4.307 0.000
v 2.698 4.337 0.450
v 2.804 4.337 0.450
v 2.804 4.307 0.450
v 2.804 4.307 0.450
v 2.698 4.307 0.450
v 2.698 4.337 0.450
v 2.698 4.307 0.450
v 2.616 4.307 0.450
v 2.617 4.337 0.450
v 2.617 4.337 0.450
v 2.698 4.337 0.450
v 2.698 4.307 0.450
v 2.616 4.307 0.450
v 2.529 4.307 0.450
v 2.530 4.337 0.450
v 2.530 4.337 0.450
v 2.617 4.337 0.450
v 2.616 4.307 0.450
v 2.529 4.307 0.450
v 2.429 4.307 0.450
v 2.430 4.337 0.450
v 2.430 4.337 0.450
v 2.530 4.337 0.450
v 2.529 4.307 0.450
v 2.429 4.307 0.450
v 2.335 4.307 0.450
v 2.336 4.337 0.450
v 2.336 4.337 0.450
v 2.430 4.337 0.450
v 2.429 4.307 0.450
v 1.379 4.307 0.450
v 1.476 4.337 0.450
v 1.478 4.307 0.450
v 1.476 4.337 0.450
v 1.379 4.307 0.450
v 1.379 4.337 0.450
v 2.335 4.307 0.450
v 2.241 4.307 0.450
v 2.242 4.337 0.450
v 2.242 4.337 0.450
v 2.336 4.337 0.450
v 2.335 4.307 0.450
v 2.241 4.307 0.450
v 2.154 4.307 0.450
v 2.154 4.337 0.450
v 2.154 4.337 0.450
v 2.242 4.337 0.450
v 2.241 4.307 0.450
v 1.695 4.307 0.450
v 1.788 4.337 0.450
v 1.791 4.307 0.450
v 1.788 4.337 0.450
v 1.695 4.307 0.450
v 1.695 4.337 0.450
v 2.154 4.307 0.450
v 2.079 4.307 0.450
v 2.079 4.337 0.450
v 2.079 4.337 0.450
v 2.154 4.337 0.450
v 2.154 4.307 0.450
v 2.079 4.307 0.450
v 1.991 4.307 0.450
v 1.992 4.337 0.450
v 1.992 4.337 0.450
v 2.079 4.337 0.450
v 2.079 4.307 0.450
v 1.991 4.307 0.450
v 1.891 4.307 0.450
v 1.892 4.337 0.450
v 1.892 4.337 0.450
v 1.992 4.337 0.450
v 1.991 4.307 0.450
v 1.892 4.337 0.450
v 1.791 4.307 0.450
v 1.788 4.337 0.450
v 1.791 4.307 0.450
v 1.892 4.337 0.450
v 1.891 4.307 0.450
v 1.695 4.307 0.450
v 1.623 4.307 0.450
v 1.623 4.337 0.450
v 1.623 4.337 0.450
v 1.695 4.337 0.450
v 1.695 4.307 0.450
v 1.623 4.337 0.450
v 1.559 4.307 0.450
v 1.558 4.337 0.450
v 1.559 4.307 0.450
v 1.623 4.337 0.450
v 1.623 4.307 0.450
v 1.558 4.337 0.450
v 1.478 4.307 0.450
v 1.476 4.337 0.450
v 1.478 4.307 0.450
v 1.558 4.337 0.450
v 1.559 4.307 0.450
v 1.379 4.307 0.450
v 1.261 4.307 0.450
v 1.261 4.337 0.450
v 1.261 4.337 0.450
v 1.379 4.337 0.450
v 1.379 4.307 0.450
v 1.267 4.242 0.150
v 1.267 4.242 0.595
v 1.267 4.082 0.595
v 1.267 4.082 0.595
v 1.267 4.082 0.150
v 1.267 4.242 0.150
v 2.425 4.242 0.150
v 2.787 4.082 0.150
v 2.787 4.242 0.150
v 2.787 4.082 0.150
v 2.425 4.242 0.150
v 2.422 4.082 0.150
v 2.425 4.242 0.150
v 2.058 4.242 0.150
v 2.061 4.082 0.150
v 2.061 4.082 0.150
v 2.422 4.082 0.150
v 2.425 4.242 0.150
v 2.058 4.242 0.150
v 1.663 4.242 0.150
v 1.662 4.082 0.150
v 1.662 4.082 0.150
v 2.061 4.082 0.150
v 2.058 4.242 0.150
v 1.662 4.082 0.150
v 1.267 4.242 0.150
v 1.267 4.082 0.150
v 1.267 4.242 0.150
v 1.662 4.082 0.150
v 1.663 4.242 0.150
v 2.027 4.082 0.595
v 2.787 4.082 0.595
v 2.787 4.082 0.150
v 2.787 4.082 0.150
v 2.027 4.082 0.150
v 2.027 4.082 0.595
v 2.027 4.082 0.150
v 1.267 4.082 0.150
v 1.267 4.082 0.595
v 1.267 4.082 0.595
v 2.027 4.082 0.595
v 2.027 4.082 0.150
v 2.368 4.082 0.595
v 2.787 4.242 0.595
v 2.787 4.082 0.595
v 2.787 4.242 0.595
v 2.368 4.082 0.595
v 2.368 4.242 0.595
v 2.368 4.242 0.595
v 1.985 4.082 0.595
v 1.985 4.242 0.595
v 1.985 4.082 0.595
v 2.368 4.242 0.595
v 2.368 4.082 0.595
v 1.985 4.082 0.595
v 1.616 4.082 0.595
v 1.616 4.242 0.595
v 1.616 4.242 0.595
v 1.985 4.242 0.595
v 1.985 4.082 0.595
v 1.616 4.082 0.595
v 1.267 4.082 0.595
v 1.267 4.242 0.595
v 1.267 4.242 0.595
v 1.616 4.242 0.595
v 1.616 4.082 0.595
v 2.029 4.242 0.595
v 1.267 4.242 0.595
v 1.267 4.242 0.150
v 1.267 4.242 0.150
v 2.030 4.242 0.150
v 2.029 4.242 0.595
v 2.030 4.242 0.150
v 2.787 4.242 0.150
v 2.787 4.242 0.595
v 2.787 4.242 0.595
v 2.029 4.242 0.595
v 2.030 4.242 0.150
v 2.787 4.242 0.595
v 2.787 4.242 0.150
v 2.787 4.082 0.150
v 2.787 4.082 0.150
v 2.787 4.082 0.595
v 2.787 4.242 0.595
v -2.866 -2.891 2.500
v -2.884 -2.881 2.988
v -2.884 -2.891 2.500
v -2.884 -2.881 2.988
v -2.866 -2.891 2.500
v -2.345 -2.887 2.703
v -2.884 -2.881 2.988
v -2.345 -2.887 2.703
v -2.408 -2.881 2.988
v -2.345 -2.887 2.703
v -1.616 -2.881 2.988
v -2.408 -2.881 2.988
v -2.108 -2.871 2.020
v -1.815 -2.871 2.020
v -1.815 -2.891 2.020
v -1.815 -2.891 2.020
v -2.109 -2.891 2.020
v -2.108 -2.871 2.020
v -2.109 -2.891 2.020
v -2.159 -2.891 2.020
v -2.158 -2.871 2.020
v -2.158 -2.871 2.020
v -2.108 -2.871 2.020
v -2.109 -2.891 2.020
v -2.159 -2.891 2.020
v -2.215 -2.891 2.020
v -2.215 -2.871 2.020
v -2.215 -2.871 2.020
v -2.158 -2.871 2.020
v -2.159 -2.891 2.020
v -2.215 -2.891 2.020
v -2.265 -2.891 2.020
v -2.265 -2.871 2.020
v -2.265 -2.871 2.020
v -2.215 -2.871 2.020
v -2.215 -2.891 2.020
v -2.265 -2.891 2.020
v -2.315 -2.891 2.020
v -2.315 -2.871 2.020
v -2.315 -2.871 2.020
v -2.265 -2.871 2.020
v -2.265 -2.891 2.020
v -2.315 -2.891 2.020
v -2.353 -2.891 2.020
v -2.352 -2.871 2.020
v -2.352 -2.871 2.020
v -2.315 -2.871 2.020
v -2.315 -2.891 2.020
v -2.353 -2.891 2.020
v -2.378 -2.891 2.020
v -2.377 -2.871 2.020
v -2.377 -2.871 2.020
v -2.352 -2.871 2.020
v -2.353 -2.891 2.020
v -2.378 -2.891 2.020
v -2.409 -2.891 2.020
v -2.408 -2.871 2.020
v -2.408 -2.871 2.020
v -2.377 -2.871 2.020
v -2.378 -2.891 2.020
v -2.409 -2.891 2.020
v -2.459 -2.891 2.020
v -2.458 -2.871 2.020
v -2.458 -2.871 2.020
v -2.408 -2.871 2.020
v -2.409 -2.891 2.020
v -2.459 -2.891 2.020
v -2.528 -2.891 2.020
v -2.527 -2.871 2.020
v -2.527 -2.871 2.020
v -2.458 -2.871 2.020
v -2.459 -2.891 2.020
v -2.528 -2.891 2.020
v -2.603 -2.891 2.020
v -2.602 -2.871 2.020
v -2.602 -2.871 2.020
v -2.527 -2.871 2.020
v -2.528 -2.891 2.020
v -2.603 -2.891 2.020
v -2.671 -2.891 2.020
v -2.671 -2.871 2.020
v -2.671 -2.871 2.020
v -2.602 -2.871 2.020
v -2.603 -2.891 2.020
v -2.671 -2.891 2.020
v -2.721 -2.891 2.020
v -2.721 -2.871 2.020
v -2.721 -2.871 2.020
v -2.671 -2.871 2.020
v -2.671 -2.891 2.020
v -2.721 -2.891 2.020
v -2.753 -2.891 2.020
v -2.752 -2.871 2.020
v -2.752 -2.871 2.020
v -2.721 -2.871 2.020
v -2.721 -2.891 2.020
v -2.753 -2.891 2.020
v -2.784 -2.891 2.020
v -2.784 -2.871 2.020
v -2.784 -2.871 2.020
v -2.752 -2.871 2.020
v -2.753 -2.891 2.020
v -2.784 -2.891 2.020
v -2.828 -2.891 2.020
v -2.827 -2.871 2.020
v -2.827 -2.871 2.020
v -2.784 -2.871 2.020
v -2.784 -2.891 2.020
v -2.828 -2.891 2.020
v -2.875 -2.891 2.020
v -2.875 -2.871 2.020
v -2.875 -2.871 2.020
v -2.827 -2.871 2.020
v -2.828 -2.891 2.020
v -1.815 -2.891 0.056
v -1.815 -2.871 0.000
v -1.815 -2.891 0.000
v -1.815 -2.871 0.000
v -1.815 -2.891 0.056
v -1.815 -2.871 0.056
v -1.815 -2.871 0.056
v -1.815 -2.891 0.087
v -1.815 -2.871 0.088
v -1.815 -2.891 0.087
v -1.815 -2.871 0.056
v -1.815 -2.891 0.056
v -1.815 -2.871 0.088
v -1.815 -2.891 0.119
v -1.815 -2.871 0.119
v -1.815 -2.891 0.119
v -1.815 -2.871 0.088
v -1.815 -2.891 0.087
v -1.815 -2.871 0.119
v -1.815 -2.891 0.162
v -1.815 -2.871 0.163
v -1.815 -2.891 0.162
v -1.815 -2.871 0.119
v -1.815 -2.891 0.119
v -1.815 -2.871 0.163
v -1.815 -2.891 0.212
v -1.815 -2.871 0.213
v -1.815 -2.891 0.212
v -1.815 -2.871 0.163
v -1.815 -2.891 0.162
v -1.815 -2.871 0.213
v -1.815 -2.891 0.256
v -1.815 -2.871 0.256
v -1.815 -2.891 0.256
v -1.815 -2.871 0.213
v -1.815 -2.891 0.212
v -1.815 -2.871 0.256
v -1.815 -2.891 0.300
v -1.815 -2.871 0.300
v -1.815 -2.891 0.300
v -1.815 -2.871 0.256
v -1.815 -2.891 0.256
v -1.815 -2.871 0.300
v -1.815 -2.891 0.356
v -1.815 -2.871 0.356
v -1.815 -2.891 0.356
v -1.815 -2.871 0.300
v -1.815 -2.891 0.300
v -1.815 -2.871 0.356
v -1.815 -2.891 0.412
v -1.815 -2.871 0.413
v -1.815 -2.891 0.412
v -1.815 -2.871 0.356
v -1.815 -2.891 0.356
v -1.815 -2.871 0.413
v -1.815 -2.891 0.462
v -1.815 -2.871 0.463
v -1.815 -2.891 0.462
v -1.815 -2.871 0.413
v -1.815 -2.891 0.412
v -1.815 -2.871 0.463
v -1.815 -2.891 0.506
v -1.815 -2.871 0.506
v -1.815 -2.891 0.506
v -1.815 -2.871 0.463
v -1.815 -2.891 0.462
v -1.815 -2.871 0.506
v -1.815 -2.891 0.544
v -1.815 -2.871 0.544
v -1.815 -2.891 0.544
v -1.815 -2.871 0.506
v -1.815 -2.891 0.506
v -1.815 -2.871 0.544
v -1.815 -2.891 0.594
v -1.815 -2.871 0.594
v -1.815 -2.891 0.594
v -1.815 -2.871 0.544
v -1.815 -2.891 0.544
v -1.815 -2.871 0.594
v -1.815 -2.891 0.662
v -1.815 -2.871 0.663
v -1.815 -2.891 0.662
v -1.815 -2.871 0.594
v -1.815 -2.891 0.594
v -1.815 -2.871 0.663
v -1.815 -2.891 0.731
v -1.815 -2.871 0.731
v -1.815 -2.891 0.731
v -1.815 -2.871 0.663
v -1.815 -2.891 0.662
v -1.815 -2.871 0.731
v -1.815 -2.891 0.787
v -1.815 -2.871 0.788
v -1.815 -2.891 0.787
v -1.815 -2.871 0.731
v -1.815 -2.891 0.731
v -1.815 -2.871 0.788
v -1.815 -2.891 0.844
v -1.815 -2.871 0.844
v -1.815 -2.891 0.844
v -1.815 -2.871 0.788
v -1.815 -2.891 0.787
v -1.815 -2.871 0.844
v -1.815 -2.891 0.906
v -1.815 -2.871 0.906
v -1.815 -2.891 0.906
v -1.815 -2.871 0.844
v -1.815 -2.891 0.844
v -1.815 -2.871 0.906
v -1.815 -2.891 0.962
v -1.815 -2.871 0.963
v -1.815 -2.891 0.962
v -1.815 -2.871 0.906
v -1.815 -2.891 0.906
v -1.815 -2.871 0.963
v -1.815 -2.891 1.006
v -1.815 -2.871 1.006
v -1.815 -2.891 1.006
v -1.815 -2.871 0.963
v -1.815 -2.891 0.962
v -1.815 -2.871 1.006
v -1.815 -2.891 1.044
v -1.815 -2.871 1.044
v -1.815 -2.891 1.044
v -1.815 -2.871 1.006
v -1.815 -2.891 1.006
v -1.815 -2.871 1.044
v -1.815 -2.891 1.087
v -1.815 -2.871 1.088
v -1.815 -2.891 1.087
v -1.815 -2.871 1.044
v -1.815 -2.891 1.044
v -1.815 -2.871 1.088
v -1.815 -2.891 1.137
v -1.815 -2.871 1.138
v -1.815 -2.891 1.137
v -1.815 -2.871 1.088
v -1.815 -2.891 1.087
v -1.815 -2.871 1.138
v -1.815 -2.891 1.187
v -1.815 -2.871 1.188
v -1.815 -2.891 1.187
v -1.815 -2.871 1.138
v -1.815 -2.891 1.137
v -1.815 -2.871 1.188
v -1.815 -2.891 1.231
v -1.815 -2.871 1.231
v -1.815 -2.891 1.231
v -1.815 -2.871 1.188
v -1.815 -2.891 1.187
v -1.815 -2.871 1.231
v -1.815 -2.891 1.262
v -1.815 -2.871 1.263
v -1.815 -2.891 1.262
v -1.815 -2.871 1.231
v -1.815 -2.891 1.231
v -1.815 -2.871 1.263
v -1.815 -2.891 1.294
v -1.815 -2.871 1.294
v -1.815 -2.891 1.294
v -1.815 -2.871 1.263
v -1.815 -2.891 1.262
v -1.815 -2.871 1.294
v -1.815 -2.891 1.337
v -1.815 -2.871 1.338
v -1.815 -2.891 1.337
v -1.815 -2.871 1.294
v -1.815 -2.891 1.294
v -1.815 -2.871 1.338
v -1.815 -2.891 1.387
v -1.815 -2.871 1.388
v -1.815 -2.891 1.387
v -1.815 -2.871 1.338
v -1.815 -2.891 1.337
v -1.815 -2.871 1.388
v -1.815 -2.891 1.431
v -1.815 -2.871 1.431
v -1.815 -2.891 1.431
v -1.815 -2.871 1.388
v -1.815 -2.891 1.387
v -1.815 -2.871 1.431
v -1.815 -2.891 1.469
v -1.815 -2.871 1.469
v -1.815 -2.891 1.469
v -1.815 -2.871 1.431
v -1.815 -2.891 1.431
v -1.815 -2.871 1.469
v -1.815 -2.891 2.020
v -1.815 -2.871 2.020
v -1.815 -2.891 2.020
v -1.815 -2.871 1.469
v -1.815 -2.891 1.469
v -1.815 -2.871 2.020
v -2.875 -2.871 2.020
v -2.875 -2.871 -0.000
v -2.875 -2.871 -0.000
v -1.815 -2.871 -0.000
v -1.815 -2.871 2.020
v -2.875 -2.891 1.964
v -2.875 -2.871 2.020
v -2.875 -2.891 2.020
v -2.875 -2.871 2.020
v -2.875 -2.891 1.964
v -2.875 -2.871 1.964
v -2.875 -2.871 1.964
v -2.875 -2.891 1.933
v -2.875 -2.871 1.932
v -2.875 -2.891 1.933
v -2.875 -2.871 1.964
v -2.875 -2.891 1.964
v -2.875 -2.871 1.932
v -2.875 -2.891 1.908
v -2.875 -2.871 1.907
v -2.875 -2.891 1.908
v -2.875 -2.871 1.932
v -2.875 -2.891 1.933
v -2.875 -2.871 1.907
v -2.875 -2.891 1.870
v -2.875 -2.871 1.870
v -2.875 -2.891 1.870
v -2.875 -2.871 1.907
v -2.875 -2.891 1.908
v -2.875 -2.871 1.870
v -2.875 -2.891 1.814
v -2.875 -2.871 1.814
v -2.875 -2.891 1.814
v -2.875 -2.871 1.870
v -2.875 -2.891 1.870
v -2.875 -2.871 1.814
v -2.875 -2.891 1.758
v -2.875 -2.871 1.757
v -2.875 -2.891 1.758
v -2.875 -2.871 1.814
v -2.875 -2.891 1.814
v -2.875 -2.871 1.757
v -2.875 -2.891 1.701
v -2.875 -2.871 1.701
v -2.875 -2.891 1.701
v -2.875 -2.871 1.757
v -2.875 -2.891 1.758
v -2.875 -2.871 1.701
v -2.875 -2.891 1.639
v -2.875 -2.871 1.639
v -2.875 -2.891 1.639
v -2.875 -2.871 1.701
v -2.875 -2.891 1.701
v -2.875 -2.871 1.639
v -2.875 -2.891 1.589
v -2.875 -2.871 1.589
v -2.875 -2.891 1.589
v -2.875 -2.871 1.639
v -2.875 -2.891 1.639
v -2.875 -2.871 1.589
v -2.875 -2.891 1.551
v -2.875 -2.871 1.551
v -2.875 -2.891 1.551
v -2.875 -2.871 1.589
v -2.875 -2.891 1.589
v -2.875 -2.871 1.551
v -2.875 -2.891 1.501
v -2.875 -2.871 1.501
v -2.875 -2.891 1.501
v -2.875 -2.871 1.551
v -2.875 -2.891 1.551
v -2.875 -2.871 1.501
v -2.875 -2.891 1.439
v -2.875 -2.871 1.439
v -2.875 -2.891 1.439
v -2.875 -2.871 1.501
v -2.875 -2.891 1.501
v -2.875 -2.871 1.439
v -2.875 -2.891 1.383
v -2.875 -2.871 1.382
v -2.875 -2.891 1.383
v -2.875 -2.871 1.439
v -2.875 -2.891 1.439
v -2.875 -2.871 1.382
v -2.875 -2.891 1.326
v -2.875 -2.871 1.326
v -2.875 -2.891 1.326
v -2.875 -2.871 1.382
v -2.875 -2.891 1.383
v -2.875 -2.871 1.326
v -2.875 -2.891 1.258
v -2.875 -2.871 1.257
v -2.875 -2.891 1.258
v -2.875 -2.871 1.326
v -2.875 -2.891 1.326
v -2.875 -2.871 1.257
v -2.875 -2.891 1.189
v -2.875 -2.871 1.189
v -2.875 -2.891 1.189
v -2.875 -2.871 1.257
v -2.875 -2.891 1.258
v -2.875 -2.871 1.189
v -2.875 -2.891 1.133
v -2.875 -2.871 1.132
v -2.875 -2.891 1.133
v -2.875 -2.871 1.189
v -2.875 -2.891 1.189
v -2.875 -2.871 1.132
v -2.875 -2.891 1.089
v -2.875 -2.871 1.089
v -2.875 -2.891 1.089
v -2.875 -2.871 1.132
v -2.875 -2.891 1.133
v -2.875 -2.871 1.089
v -2.875 -2.891 1.045
v -2.875 -2.871 1.045
v -2.875 -2.891 1.045
v -2.875 -2.871 1.089
v -2.875 -2.891 1.089
v -2.875 -2.871 1.045
v -2.875 -2.891 0.989
v -2.875 -2.871 0.989
v -2.875 -2.891 0.989
v -2.875 -2.871 1.045
v -2.875 -2.891 1.045
v -2.875 -2.871 0.989
v -2.875 -2.891 0.939
v -2.875 -2.871 0.939
v -2.875 -2.891 0.939
v -2.875 -2.871 0.989
v -2.875 -2.891 0.989
v -2.875 -2.871 0.939
v -2.875 -2.891 0.901
v -2.875 -2.871 0.901
v -2.875 -2.891 0.901
v -2.875 -2.871 0.939
v -2.875 -2.891 0.939
v -2.875 -2.871 0.901
v -2.875 -2.891 0.864
v -2.875 -2.871 0.864
v -2.875 -2.891 0.864
v -2.875 -2.871 0.901
v -2.875 -2.891 0.901
v -2.875 -2.871 0.864
v -2.875 -2.891 0.833
v -2.875 -2.871 0.832
v -2.875 -2.891 0.833
v -2.875 -2.871 0.864
v -2.875 -2.891 0.864
v -2.875 -2.871 0.832
v -2.875 -2.891 0.808
v -2.875 -2.871 0.807
v -2.875 -2.891 0.808
v -2.875 -2.871 0.832
v -2.875 -2.891 0.833
v -2.875 -2.871 0.807
v -2.875 -2.891 0.783
v -2.875 -2.871 0.782
v -2.875 -2.891 0.783
v -2.875 -2.871 0.807
v -2.875 -2.891 0.808
v -2.875 -2.871 0.782
v -2.875 -2.891 0.745
v -2.875 -2.871 0.745
v -2.875 -2.891 0.745
v -2.875 -2.871 0.782
v -2.875 -2.891 0.783
v -2.875 -2.871 0.745
v -2.875 -2.891 0.689
v -2.875 -2.871 0.689
v -2.875 -2.891 0.689
v -2.875 -2.871 0.745
v -2.875 -2.891 0.745
v -2.875 -2.871 0.689
v -2.875 -2.891 0.633
v -2.875 -2.871 0.632
v -2.875 -2.891 0.633
v -2.875 -2.871 0.689
v -2.875 -2.891 0.689
v -2.875 -2.871 0.632
v -2.875 -2.891 0.589
v -2.875 -2.871 0.589
v -2.875 -2.891 0.589
v -2.875 -2.871 0.632
v -2.875 -2.891 0.633
v -2.875 -2.871 0.589
v -2.875 -2.891 0.551
v -2.875 -2.871 0.551
v -2.875 -2.891 0.551
v -2.875 -2.871 0.589
v -2.875 -2.891 0.589
v -2.875 -2.871 0.551
v -2.875 -2.891 -0.000
v -2.875 -2.871 -0.000
v -2.875 -2.891 -0.000
v -2.875 -2.871 0.551
v -2.875 -2.891 0.551
v -2.876 -2.891 2.065
v -2.884 -2.891 2.500
v -3.036 -2.891 2.500
v -3.036 -2.891 2.500
v -3.036 -2.891 2.057
v -2.876 -2.891 2.065
v -2.875 -2.891 1.612
v -3.036 -2.891 1.119
v -2.875 -2.891 1.120
v -3.036 -2.891 1.119
v -2.875 -2.891 1.612
v -3.036 -2.891 1.615
v -2.875 -2.891 2.020
v -3.036 -2.891 1.615
v -2.875 -2.891 1.612
v -3.036 -2.891 2.057
v -2.875 -2.891 2.020
v -2.876 -2.891 2.065
v -3.036 -2.891 1.615
v -2.875 -2.891 2.020
v -3.036 -2.891 2.057
v -3.036 -2.891 1.119
v -3.036 -2.891 0.565
v -2.875 -2.891 0.566
v -2.875 -2.891 0.566
v -2.875 -2.891 1.120
v -3.036 -2.891 1.119
v -3.036 -2.891 0.565
v -3.036 -2.891 -0.000
v -2.875 -2.891 0.000
v -2.875 -2.891 0.000
v -2.875 -2.891 0.566
v -3.036 -2.891 0.565
v -2.875 -2.891 2.020
v -2.866 -2.891 2.500
v -2.884 -2.891 2.500
v -2.449 -2.891 2.310
v -2.875 -2.891 2.020
v -2.519 -2.891 2.020
v -2.875 -2.891 2.020
v -2.449 -2.891 2.310
v -2.866 -2.891 2.500
v -2.519 -2.891 2.020
v -1.815 -2.891 2.020
v -2.449 -2.891 2.310
v -2.189 -2.886 2.764
v -2.866 -2.891 2.500
v -2.119 -2.891 2.159
v -2.189 -2.886 2.764
v -1.815 -2.891 2.020
v -1.616 -2.881 2.988
v -1.815 -2.891 2.020
v -2.189 -2.886 2.764
v -2.119 -2.891 2.159
v -1.616 -2.883 2.507
v -1.616 -2.881 2.988
v -1.713 -2.886 2.516
v -1.616 -2.888 0.961
v -1.687 -2.891 0.726
v -1.616 -2.889 0.726
v -1.687 -2.891 0.726
v -1.616 -2.888 0.961
v -1.710 -2.891 0.953
v -1.713 -2.886 2.516
v -1.764 -2.888 2.269
v -1.616 -2.883 2.254
v -1.616 -2.883 2.254
v -1.616 -2.883 2.507
v -1.713 -2.886 2.516
v -1.775 -2.891 1.615
v -1.754 -2.891 1.402
v -1.616 -2.886 1.411
v -1.616 -2.886 1.411
v -1.616 -2.886 1.623
v -1.775 -2.891 1.615
v -1.616 -2.884 2.026
v -1.815 -2.891 2.020
v -1.795 -2.891 1.813
v -1.795 -2.891 1.813
v -1.616 -2.885 1.813
v -1.616 -2.884 2.026
v -1.815 -2.891 2.020
v -1.616 -2.884 2.026
v -1.814 -2.891 2.026
v -1.764 -2.888 2.269
v -1.814 -2.891 2.026
v -1.616 -2.884 2.026
v -1.616 -2.884 2.026
v -1.616 -2.883 2.254
v -1.764 -2.888 2.269
v -1.616 -2.885 1.813
v -1.775 -2.891 1.615
v -1.616 -2.886 1.623
v -1.775 -2.891 1.615
v -1.616 -2.885 1.813
v -1.795 -2.891 1.813
v -1.732 -2.891 1.180
v -1.710 -2.891 0.953
v -1.616 -2.888 0.961
v -1.616 -2.888 0.961
v -1.616 -2.887 1.182
v -1.732 -2.891 1.180
v -1.616 -2.886 1.411
v -1.732 -2.891 1.180
v -1.616 -2.887 1.182
v -1.732 -2.891 1.180
v -1.616 -2.886 1.411
v -1.754 -2.891 1.402
v -1.687 -2.891 0.726
v -1.616 -2.891 -0.000
v -1.616 -2.889 0.726
v -1.741 -2.891 1.274
v -1.815 -2.891 2.020
v -1.815 -2.891 1.266
v -1.815 -2.891 1.266
v -1.815 -2.891 1.006
v -1.715 -2.891 1.007
v -1.715 -2.891 1.007
v -1.741 -2.891 1.274
v -1.815 -2.891 1.266
v -1.815 -2.891 1.006
v -1.815 -2.891 0.764
v -1.692 -2.891 0.776
v -1.692 -2.891 0.776
v -1.715 -2.891 1.007
v -1.815 -2.891 1.006
v -1.815 -2.891 0.764
v -1.815 -2.891 0.589
v -1.674 -2.891 0.593
v -1.674 -2.891 0.593
v -1.692 -2.891 0.776
v -1.815 -2.891 0.764
v -1.674 -2.891 0.593
v -1.815 -2.891 0.427
v -1.658 -2.891 0.429
v -1.815 -2.891 0.427
v -1.674 -2.891 0.593
v -1.815 -2.891 0.589
v -1.815 -2.891 0.427
v -1.815 -2.891 0.224
v -1.640 -2.891 0.241
v -1.640 -2.891 0.241
v -1.658 -2.891 0.429
v -1.815 -2.891 0.427
v -1.640 -2.891 0.241
v -1.815 -2.891 0.000
v -1.616 -2.891 0.000
v -1.815 -2.891 0.000
v -1.640 -2.891 0.241
v -1.815 -2.891 0.224

usemtl Patch_1_Mat_CR2_concrete
f 3 2 1
f 6 5 4

usemtl Patch_2_Mat_CR2_concrete
f 9 8 7
f 12 11 10

usemtl Patch_3_Mat_CR2_concrete
f 15 14 13
f 18 17 16

usemtl Patch_4_Mat_CR2_concrete
f 21 20 19
f 24 23 22

usemtl Patch_5_Mat_CR2_concrete
f 27 26 25
f 30 29 28

usemtl Patch_6_Mat_CR2_concrete
f 33 32 31
f 36 35 34

usemtl Patch_7_Mat_CR2_concrete
f 39 38 37
f 42 41 40

usemtl Patch_8_Mat_CR2_concrete
f 45 44 43
f 48 47 46

usemtl Patch_9_Mat_CR2_concrete
f 51 50 49
f 54 53 52

usemtl Patch_10_Mat_CR2_concrete
f 57 56 55
f 60 59 58

usemtl Patch_11_Mat_CR2_concrete
f 63 62 61
f 66 65 64

usemtl Patch_12_Mat_CR2_concrete
f 69 68 67
f 72 71 70

usemtl Patch_13_Mat_CR2_concrete
f 75 74 73
f 78 77 76

usemtl Patch_14_Mat_CR2_concrete
f 81 80 79
f 84 83 82

usemtl Patch_15_Mat_CR2_concrete
f 87 86 85
f 90 89 88

usemtl Patch_16_Mat_CR2_concrete
f 93 92 91
f 96 95 94

usemtl Patch_17_Mat_CR2_concrete
f 99 98 97
f 102 101 100

usemtl Patch_18_Mat_CR2_concrete
f 105 104 103
f 108 107 106

usemtl Patch_19_Mat_CR2_concrete
f 111 110 109
f 114 113 112

usemtl Patch_20_Mat_CR2_concrete
f 117 116 115
f 120 119 118

usemtl Patch_21_Mat_CR2_concrete
f 123 122 121
f 126 125 124

usemtl Patch_22_Mat_CR2_concrete
f 129 128 127
f 132 131 130

usemtl Patch_23_Mat_CR2_concrete
f 135 134 133
f 138 137 136

usemtl Patch_24_Mat_CR2_concrete
f 141 140 139
f 144 143 142

usemtl Patch_25_Mat_CR2_concrete
f 147 146 145
f 150 149 148

usemtl Patch_26_Mat_CR2_concrete
f 153 152 151
f 156 155 154

usemtl Patch_27_Mat_CR2_concrete
f 159 158 157
f 162 161 160

usemtl Patch_28_Mat_CR2_concrete
f 165 164 163
f 168 167 166

usemtl Patch_29_Mat_CR2_concrete
f 171 170 169
f 174 173 172

usemtl Patch_30_Mat_CR2_concrete
f 177 176 175
f 180 179 178

usemtl Patch_31_Mat_CR2_concrete
f 183 182 181
f 186 185 184

usemtl Patch_32_Mat_CR2_concrete
f 189 188 187
f 192 191 190

usemtl Patch_33_Mat_CR2_windows
f 195 194 193
f 198 197 196

usemtl Patch_34_Mat_CR2_concrete
f 201 200 199
f 204 203 202

usemtl Patch_35_Mat_CR2_concrete
f 207 206 205
f 210 209 208
f 213 212 211

usemtl Patch_36_Mat_CR2_concrete
f 216 215 214
f 219 218 217

usemtl Patch_37_Mat_CR2_concrete
f 222 221 220
f 225 224 223
f 228 227 226

usemtl Patch_38_Mat_CR2_concrete
f 231 230 229
f 234 233 232
f 237 236 235
f 240 239 238
f 243 242 241

usemtl Patch_39_Mat_CR2_concrete
f 246 245 244
f 249 248 247
f 252 251 250
f 255 254 253

usemtl Patch_40_Mat_CR2_concrete
f 258 257 256
f 261 260 259

usemtl Patch_41_Mat_CR2_concrete
f 264 263 262
f 267 266 265

usemtl Patch_42_Mat_CR2_concrete
f 270 269 268
f 273 272 271

usemtl Patch_43_Mat_CR2_concrete
f 276 275 274

usemtl Patch_44_Mat_CR2_concrete
f 279 278 277
f 282 281 280

usemtl Patch_45_Mat_CR2_concrete
f 285 284 283
f 288 287 286

usemtl Patch_46_Mat_CR2_concrete
f 291 290 289

usemtl Patch_47_Mat_CR2_concrete
f 294 293 292
f 297 296 295

usemtl Patch_48_Mat_CR2_ceiling
f 300 299 298
f 303 302 301

usemtl Patch_49_Mat_CR2_ceiling
f 306 305 304
f 309 308 307

usemtl Patch_50_Mat_CR2_ceiling
f 312 311 310
f 315 314 313

usemtl Patch_51_Mat_CR2_ceiling
f 318 317 316
f 321 320 319
f 324 323 322

usemtl Patch_52_Mat_CR2_ceiling
f 327 326 325
f 330 329 328

usemtl Patch_53_Mat_CR2_ceiling
f 333 332 331
f 336 335 334

usemtl Patch_54_Mat_CR2_ceiling
f 339 338 337
f 342 341 340

usemtl Patch_55_Mat_CR2_ceiling
f 345 344 343
f 348 347 346
f 351 350 349

usemtl Patch_56_Mat_CR2_ceiling
f 354 353 352
f 357 356 355

usemtl Patch_57_Mat_CR2_ceiling
f 360 359 358
f 363 362 361

usemtl Patch_58_Mat_CR2_ceiling
f 366 365 364
f 369 368 367

usemtl Patch_59_Mat_CR2_ceiling
f 372 371 370
f 375 374 373

usemtl Patch_60_Mat_CR2_ceiling
f 378 377 376
f 381 380 379
f 384 383 382

usemtl Patch_61_Mat_CR2_ceiling
f 387 386 385
f 390 389 388

usemtl Patch_62_Mat_CR2_ceiling
f 393 392 391
f 396 395 394

usemtl Patch_63_Mat_CR2_ceiling
f 399 398 397
f 402 401 400

usemtl Patch_64_Mat_CR2_ceiling
f 405 404 403
f 408 407 406

usemtl Patch_65_Mat_CR2_concrete
f 411 410 409
f 414 413 412

usemtl Patch_66_Mat_CR2_concrete
f 417 416 415
f 420 419 418

usemtl Patch_67_Mat_CR2_concrete
f 423 422 421
f 426 425 424
f 429 428 427

usemtl Patch_68_Mat_CR2_concrete
f 432 431 430
f 435 434 433
f 438 437 436

usemtl Patch_69_Mat_CR2_ceiling
f 441 440 439
f 444 443 442

usemtl Patch_70_Mat_CR2_ceiling
f 447 446 445
f 450 449 448

usemtl Patch_71_Mat_CR2_ceiling
f 453 452 451
f 456 455 454

usemtl Patch_72_Mat_CR2_ceiling
f 459 458 457
f 462 461 460
f 465 464 463

usemtl Patch_73_Mat_CR2_ceiling
f 468 467 466
f 471 470 469

usemtl Patch_74_Mat_CR2_ceiling
f 474 473 472
f 477 476 475

usemtl Patch_75_Mat_CR2_ceiling
f 480 479 478
f 483 482 481

usemtl Patch_76_Mat_CR2_ceiling
f 486 485 484
f 489 488 487

usemtl Patch_77_Mat_CR2_ceiling
f 492 491 490
f 495 494 493

usemtl Patch_78_Mat_CR2_ceiling
f 498 497 496
f 501 500 499
f 504 503 502

usemtl Patch_79_Mat_CR2_ceiling
f 507 506 505
f 510 509 508

usemtl Patch_80_Mat_CR2_ceiling
f 513 512 511
f 516 515 514

usemtl Patch_81_Mat_CR2_ceiling
f 519 518 517
f 522 521 520
f 525 524 523

usemtl Patch_82_Mat_CR2_ceiling
f 528 527 526
f 531 530 529

usemtl Patch_83_Mat_CR2_ceiling
f 534 533 532
f 537 536 535

usemtl Patch_84_Mat_CR2_ceiling
f 540 539 538
f 543 542 541

usemtl Patch_85_Mat_CR2_ceiling
f 546 545 544
f 549 548 547

usemtl Patch_86_Mat_CR2_concrete
f 552 551 550
f 555 554 553

usemtl Patch_87_Mat_CR2_concrete
f 558 557 556
f 561 560 559

usemtl Patch_88_Mat_CR2_concrete
f 564 563 562
f 567 566 565

usemtl Patch_89_Mat_CR2_concrete
f 570 569 568
f 573 572 571

usemtl Patch_90_Mat_CR2_concrete
f 576 575 574
f 579 578 577

usemtl Patch_91_Mat_CR2_concrete
f 582 581 580
f 585 584 583

usemtl Patch_92_Mat_CR2_concrete
f 588 587 586
f 591 590 589

usemtl Patch_93_Mat_CR2_concrete
f 594 593 592
f 597 596 595

usemtl Patch_94_Mat_CR2_concrete
f 600 599 598
f 603 602 601

usemtl Patch_95_Mat_CR2_concrete
f 606 605 604
f 609 608 607

usemtl Patch_96_Mat_CR2_concrete
f 612 611 610
f 615 614 613

usemtl Patch_97_Mat_CR2_concrete
f 618 617 616
f 621 620 619

usemtl Patch_98_Mat_CR2_concrete
f 624 623 622
f 627 626 625

usemtl Patch_99_Mat_CR2_concrete
f 630 629 628
f 633 632 631

usemtl Patch_100_Mat_CR2_concrete
f 636 635 634
f 639 638 637

usemtl Patch_101_Mat_CR2_concrete
f 642 641 640
f 645 644 643

usemtl Patch_102_Mat_CR2_concrete
f 648 647 646
f 651 650 649

usemtl Patch_103_Mat_CR2_concrete
f 654 653 652
f 657 656 655

usemtl Patch_104_Mat_CR2_concrete
f 660 659 658
f 663 662 661

usemtl Patch_105_Mat_CR2_concrete
f 666 665 664
f 669 668 667

usemtl Patch_106_Mat_CR2_concrete
f 672 671 670
f 675 674 673

usemtl Patch_107_Mat_CR2_concrete
f 678 677 676
f 681 680 679

usemtl Patch_108_Mat_CR2_concrete
f 684 683 682
f 687 686 685

usemtl Patch_109_Mat_CR2_concrete
f 690 689 688
f 693 692 691

usemtl Patch_110_Mat_CR2_plaster
f 696 695 694
f 699 698 697

usemtl Patch_111_Mat_CR2_plaster
f 702 701 700
f 705 704 703

usemtl Patch_112_Mat_CR2_plaster
f 708 707 706
f 711 710 709
f 714 713 712

usemtl Patch_113_Mat_CR2_plaster
f 717 716 715
f 720 719 718

usemtl Patch_114_Mat_CR2_plaster
f 723 722 721
f 726 725 724
f 729 728 727

usemtl Patch_115_Mat_CR2_floor
f 732 731 730
f 735 734 733
f 738 737 736
f 741 740 739
f 744 743 742
f 747 746 745

usemtl Patch_116_Mat_CR2_floor
f 750 749 748
f 753 752 751
f 756 755 754
f 759 758 757

usemtl Patch_117_Mat_CR2_floor
f 762 761 760
f 765 764 763
f 768 767 766
f 771 770 769

usemtl Patch_118_Mat_CR2_floor
f 774 773 772
f 777 776 775
f 780 779 778
f 783 782 781
f 786 785 784

usemtl Patch_119_Mat_CR2_floor
f 789 788 787
f 792 791 790

usemtl Patch_120_Mat_CR2_floor
f 795 794 793
f 798 797 796
f 801 800 799
f 804 803 802

usemtl Patch_121_Mat_CR2_floor
f 807 806 805
f 810 809 808
f 813 812 811
f 816 815 814
f 819 818 817
f 822 821 820
f 825 824 823
f 828 827 826
f 831 830 829

usemtl Patch_122_Mat_CR2_floor
f 834 833 832
f 837 836 835
f 840 839 838
f 843 842 841

usemtl Patch_123_Mat_CR2_floor
f 846 845 844
f 849 848 847
f 852 851 850

usemtl Patch_124_Mat_CR2_floor
f 855 854 853
f 858 857 856
f 861 860 859
f 864 863 862
f 867 866 865
f 870 869 868
f 873 872 871
f 876 875 874

usemtl Patch_125_Mat_CR2_floor
f 879 878 877
f 882 881 880
f 885 884 883
f 888 887 886
f 891 890 889
f 894 893 892

usemtl Patch_126_Mat_CR2_floor
f 897 896 895
f 900 899 898
f 903 902 901

usemtl Patch_127_Mat_CR2_floor
f 906 905 904
f 909 908 907
f 912 911 910
f 915 914 913
f 918 917 916
f 921 920 919
f 924 923 922
f 927 926 925
f 930 929 928

usemtl Patch_128_Mat_CR2_concrete
f 933 932 931
f 936 935 934

usemtl Patch_129_Mat_CR2_concrete
f 939 938 937
f 942 941 940
f 945 944 943
f 948 947 946
f 951 950 949
f 954 953 952

usemtl Patch_130_Mat_CR2_ceiling
f 957 956 955
f 960 959 958

usemtl Patch_131_Mat_CR2_ceiling
f 963 962 961
f 966 965 964
f 969 968 967

usemtl Patch_132_Mat_CR2_ceiling
f 972 971 970
f 975 974 973

usemtl Patch_133_Mat_CR2_ceiling
f 978 977 976
f 981 980 979

usemtl Patch_134_Mat_CR2_ceiling
f 984 983 982
f 987 986 985

usemtl Patch_135_Mat_CR2_ceiling
f 990 989 988
f 993 992 991

usemtl Patch_136_Mat_CR2_ceiling
f 996 995 994
f 999 998 997

usemtl Patch_137_Mat_CR2_ceiling
f 1002 1001 1000
f 1005 1004 1003

usemtl Patch_138_Mat_CR2_ceiling
f 1008 1007 1006
f 1011 1010 1009

usemtl Patch_139_Mat_CR2_ceiling
f 1014 1013 1012
f 1017 1016 1015

usemtl Patch_140_Mat_CR2_ceiling
f 1020 1019 1018
f 1023 1022 1021
f 1026 1025 1024

usemtl Patch_141_Mat_CR2_ceiling
f 1029 1028 1027
f 1032 1031 1030

usemtl Patch_142_Mat_CR2_ceiling
f 1035 1034 1033
f 1038 1037 1036

usemtl Patch_143_Mat_CR2_ceiling
f 1041 1040 1039
f 1044 1043 1042

usemtl Patch_144_Mat_CR2_ceiling
f 1047 1046 1045
f 1050 1049 1048
f 1053 1052 1051

usemtl Patch_145_Mat_CR2_ceiling
f 1056 1055 1054
f 1059 1058 1057

usemtl Patch_146_Mat_CR2_ceiling
f 1062 1061 1060
f 1065 1064 1063

usemtl Patch_147_Mat_CR2_ceiling
f 1068 1067 1066
f 1071 1070 1069

usemtl Patch_148_Mat_CR2_ceiling
f 1074 1073 1072
f 1077 1076 1075

usemtl Patch_149_Mat_CR2_ceiling
f 1080 1079 1078
f 1083 1082 1081

usemtl Patch_150_Mat_CR2_concrete
f 1086 1085 1084
f 1089 1088 1087
f 1092 1091 1090
f 1095 1094 1093
f 1098 1097 1096
f 1101 1100 1099
f 1104 1103 1102
f 1107 1106 1105
f 1110 1109 1108

usemtl Patch_151_Mat_CR2_concrete
f 1113 1112 1111
f 1116 1115 1114

usemtl Patch_152_Mat_CR2_concrete
f 1119 1118 1117
f 1122 1121 1120

usemtl Patch_153_Mat_CR2_concrete
f 1125 1124 1123
f 1128 1127 1126

usemtl Patch_154_Mat_CR2_concrete
f 1131 1130 1129
f 1134 1133 1132

usemtl Patch_155_Mat_CR2_concrete
f 1137 1136 1135
f 1140 1139 1138

usemtl Patch_156_Mat_CR2_plaster
f 1143 1142 1141
f 1146 1145 1144
f 1149 1148 1147

usemtl Patch_157_Mat_CR2_plaster
f 1152 1151 1150
f 1155 1154 1153

usemtl Patch_158_Mat_CR2_plaster
f 1158 1157 1156
f 1161 1160 1159

usemtl Patch_159_Mat_CR2_plaster
f 1164 1163 1162
f 1167 1166 1165
f 1170 1169 1168
f 1173 1172 1171
f 1176 1175 1174
f 1179 1178 1177
f 1182 1181 1180

usemtl Patch_160_Mat_CR2_concrete
f 1185 1184 1183
f 1188 1187 1186

usemtl Patch_161_Mat_CR2_concrete
f 1191 1190 1189
f 1194 1193 1192

usemtl Patch_162_Mat_CR2_concrete
f 1197 1196 1195
f 1200 1199 1198

usemtl Patch_163_Mat_CR2_concrete
f 1203 1202 1201
f 1206 1205 1204

usemtl Patch_164_Mat_CR2_concrete
f 1209 1208 1207
f 1212 1211 1210
f 1215 1214 1213
f 1218 1217 1216

usemtl Patch_165_Mat_CR2_concrete
f 1221 1220 1219
f 1224 1223 1222

usemtl Patch_166_Mat_CR2_concrete
f 1227 1226 1225
f 1230 1229 1228

usemtl Patch_167_Mat_CR2_ceiling
f 1233 1232 1231
f 1236 1235 1234

usemtl Patch_168_Mat_CR2_ceiling
f 1239 1238 1237
f 1242 1241 1240

usemtl Patch_169_Mat_CR2_ceiling
f 1245 1244 1243
f 1248 1247 1246

usemtl Patch_170_Mat_CR2_concrete
f 1251 1250 1249
f 1254 1253 1252

usemtl Patch_171_Mat_CR2_ceiling
f 1257 1256 1255
f 1260 1259 1258

usemtl Patch_172_Mat_CR2_ceiling
f 1263 1262 1261
f 1266 1265 1264

usemtl Patch_173_Mat_CR2_ceiling
f 1269 1268 1267
f 1272 1271 1270

usemtl Patch_174_Mat_CR2_ceiling
f 1275 1274 1273
f 1278 1277 1276

usemtl Patch_175_Mat_CR2_ceiling
f 1281 1280 1279
f 1284 1283 1282
f 1287 1286 1285

usemtl Patch_176_Mat_CR2_ceiling
f 1290 1289 1288
f 1293 1292 1291

usemtl Patch_177_Mat_CR2_ceiling
f 1296 1295 1294
f 1299 1298 1297

usemtl Patch_178_Mat_CR2_ceiling
f 1302 1301 1300
f 1305 1304 1303

usemtl Patch_179_Mat_CR2_ceiling
f 1308 1307 1306
f 1311 1310 1309
f 1314 1313 1312

usemtl Patch_180_Mat_CR2_ceiling
f 1317 1316 1315
f 1320 1319 1318

usemtl Patch_181_Mat_CR2_ceiling
f 1323 1322 1321
f 1326 1325 1324

usemtl Patch_182_Mat_CR2_ceiling
f 1329 1328 1327
f 1332 1331 1330

usemtl Patch_183_Mat_CR2_ceiling
f 1335 1334 1333
f 1338 1337 1336

usemtl Patch_184_Mat_CR2_ceiling
f 1341 1340 1339
f 1344 1343 1342
f 1347 1346 1345

usemtl Patch_185_Mat_CR2_ceiling
f 1350 1349 1348
f 1353 1352 1351

usemtl Patch_186_Mat_CR2_ceiling
f 1356 1355 1354
f 1359 1358 1357

usemtl Patch_187_Mat_CR2_concrete
f 1362 1361 1360
f 1365 1364 1363

usemtl Patch_188_Mat_CR2_ceiling
f 1368 1367 1366
f 1371 1370 1369

usemtl Patch_189_Mat_CR2_ceiling
f 1374 1373 1372
f 1377 1376 1375

usemtl Patch_190_Mat_CR2_ceiling
f 1380 1379 1378
f 1383 1382 1381

usemtl Patch_191_Mat_CR2_ceiling
f 1386 1385 1384
f 1389 1388 1387
f 1392 1391 1390

usemtl Patch_192_Mat_CR2_ceiling
f 1395 1394 1393
f 1398 1397 1396

usemtl Patch_193_Mat_CR2_ceiling
f 1401 1400 1399
f 1404 1403 1402

usemtl Patch_194_Mat_CR2_ceiling
f 1407 1406 1405
f 1410 1409 1408

usemtl Patch_195_Mat_CR2_ceiling
f 1413 1412 1411
f 1416 1415 1414
f 1419 1418 1417

usemtl Patch_196_Mat_CR2_ceiling
f 1422 1421 1420
f 1425 1424 1423

usemtl Patch_197_Mat_CR2_ceiling
f 1428 1427 1426
f 1431 1430 1429

usemtl Patch_198_Mat_CR2_ceiling
f 1434 1433 1432
f 1437 1436 1435

usemtl Patch_199_Mat_CR2_ceiling
f 1440 1439 1438
f 1443 1442 1441

usemtl Patch_200_Mat_CR2_ceiling
f 1446 1445 1444
f 1449 1448 1447
f 1452 1451 1450

usemtl Patch_201_Mat_CR2_ceiling
f 1455 1454 1453
f 1458 1457 1456

usemtl Patch_202_Mat_CR2_ceiling
f 1461 1460 1459
f 1464 1463 1462

usemtl Patch_203_Mat_CR2_ceiling
f 1467 1466 1465
f 1470 1469 1468

usemtl Patch_204_Mat_CR2_ceiling
f 1473 1472 1471
f 1476 1475 1474

usemtl Patch_205_Mat_CR2_concrete
f 1479 1478 1477
f 1482 1481 1480

usemtl Patch_206_Mat_CR2_ceiling
f 1485 1484 1483
f 1488 1487 1486

usemtl Patch_207_Mat_CR2_ceiling
f 1491 1490 1489
f 1494 1493 1492

usemtl Patch_208_Mat_CR2_ceiling
f 1497 1496 1495
f 1500 1499 1498

usemtl Patch_209_Mat_CR2_ceiling
f 1503 1502 1501
f 1506 1505 1504

usemtl Patch_210_Mat_CR2_ceiling
f 1509 1508 1507
f 1512 1511 1510

usemtl Patch_211_Mat_CR2_ceiling
f 1515 1514 1513
f 1518 1517 1516
f 1521 1520 1519

usemtl Patch_212_Mat_CR2_ceiling
f 1524 1523 1522
f 1527 1526 1525
f 1530 1529 1528

usemtl Patch_213_Mat_CR2_ceiling
f 1533 1532 1531
f 1536 1535 1534

usemtl Patch_214_Mat_CR2_ceiling
f 1539 1538 1537
f 1542 1541 1540

usemtl Patch_215_Mat_CR2_ceiling
f 1545 1544 1543
f 1548 1547 1546

usemtl Patch_216_Mat_CR2_ceiling
f 1551 1550 1549
f 1554 1553 1552

usemtl Patch_217_Mat_CR2_ceiling
f 1557 1556 1555
f 1560 1559 1558

usemtl Patch_218_Mat_CR2_ceiling
f 1563 1562 1561
f 1566 1565 1564
f 1569 1568 1567

usemtl Patch_219_Mat_CR2_ceiling
f 1572 1571 1570
f 1575 1574 1573

usemtl Patch_220_Mat_CR2_ceiling
f 1578 1577 1576
f 1581 1580 1579

usemtl Patch_221_Mat_CR2_ceiling
f 1584 1583 1582
f 1587 1586 1585

usemtl Patch_222_Mat_CR2_ceiling
f 1590 1589 1588
f 1593 1592 1591

usemtl Patch_223_Mat_CR2_ceiling
f 1596 1595 1594
f 1599 1598 1597

usemtl Patch_224_Mat_CR2_ceiling
f 1602 1601 1600
f 1605 1604 1603

usemtl Patch_225_Mat_CR2_concrete
f 1608 1607 1606
f 1611 1610 1609
f 1614 1613 1612
f 1617 1616 1615
f 1620 1619 1618
f 1623 1622 1621
f 1626 1625 1624
f 1629 1628 1627
f 1632 1631 1630
f 1635 1634 1633
f 1638 1637 1636
f 1641 1640 1639
f 1644 1643 1642
f 1647 1646 1645
f 1650 1649 1648
f 1653 1652 1651
f 1656 1655 1654
f 1659 1658 1657
f 1662 1661 1660
f 1665 1664 1663
f 1668 1667 1666
f 1671 1670 1669
f 1674 1673 1672
f 1677 1676 1675
f 1680 1679 1678
f 1683 1682 1681

usemtl Patch_226_Mat_CR2_ceiling
f 1686 1685 1684
f 1689 1688 1687

usemtl Patch_227_Mat_CR2_ceiling
f 1692 1691 1690
f 1695 1694 1693

usemtl Patch_228_Mat_CR2_ceiling
f 1698 1697 1696
f 1701 1700 1699

usemtl Patch_229_Mat_CR2_concrete
f 1704 1703 1702
f 1707 1706 1705

usemtl Patch_230_Mat_CR2_concrete
f 1710 1709 1708
f 1713 1712 1711
f 1716 1715 1714

usemtl Patch_231_Mat_CR2_concrete
f 1719 1718 1717

usemtl Patch_232_Mat_CR2_concrete
f 1722 1721 1720
f 1725 1724 1723

usemtl Patch_233_Mat_CR2_concrete
f 1728 1727 1726
f 1731 1730 1729

usemtl Patch_234_Mat_CR2_concrete
f 1734 1733 1732
f 1737 1736 1735
f 1740 1739 1738
f 1743 1742 1741
f 1746 1745 1744
f 1749 1748 1747
f 1752 1751 1750
f 1755 1754 1753
f 1758 1757 1756
f 1761 1760 1759
f 1764 1763 1762
f 1767 1766 1765
f 1770 1769 1768
f 1773 1772 1771
f 1776 1775 1774
f 1779 1778 1777
f 1782 1781 1780
f 1785 1784 1783
f 1788 1787 1786
f 1791 1790 1789
f 1794 1793 1792
f 1797 1796 1795
f 1800 1799 1798
f 1803 1802 1801
f 1806 1805 1804

usemtl Patch_235_Mat_CR2_ceiling
f 1809 1808 1807
f 1812 1811 1810

usemtl Patch_236_Mat_CR2_ceiling
f 1815 1814 1813
f 1818 1817 1816

usemtl Patch_237_Mat_CR2_ceiling
f 1821 1820 1819
f 1824 1823 1822

usemtl Patch_238_Mat_CR2_concrete
f 1827 1826 1825
f 1830 1829 1828

usemtl Patch_239_Mat_CR2_ceiling
f 1833 1832 1831
f 1836 1835 1834

usemtl Patch_240_Mat_CR2_ceiling
f 1839 1838 1837
f 1842 1841 1840

usemtl Patch_241_Mat_CR2_ceiling
f 1845 1844 1843
f 1848 1847 1846

usemtl Patch_242_Mat_CR2_concrete
f 1851 1850 1849
f 1854 1853 1852

usemtl Patch_243_Mat_CR2_ceiling
f 1857 1856 1855
f 1860 1859 1858

usemtl Patch_244_Mat_CR2_ceiling
f 1863 1862 1861
f 1866 1865 1864

usemtl Patch_245_Mat_CR2_ceiling
f 1869 1868 1867
f 1872 1871 1870

usemtl Patch_246_Mat_CR2_concrete
f 1875 1874 1873
f 1878 1877 1876

usemtl Patch_247_Mat_CR2_concrete
f 1881 1880 1879
f 1884 1883 1882

usemtl Patch_248_Mat_CR2_concrete
f 1887 1886 1885
f 1890 1889 1888

usemtl Patch_249_Mat_CR2_concrete
f 1893 1892 1891
f 1896 1895 1894

usemtl Patch_250_Mat_CR2_concrete
f 1899 1898 1897
f 1902 1901 1900

usemtl Patch_251_Mat_CR2_concrete
f 1905 1904 1903
f 1908 1907 1906

usemtl Patch_252_Mat_CR2_concrete
f 1911 1910 1909
f 1914 1913 1912

usemtl Patch_253_Mat_CR2_concrete
f 1917 1916 1915
f 1920 1919 1918

usemtl Patch_254_Mat_CR2_concrete
f 1923 1922 1921
f 1926 1925 1924

usemtl Patch_255_Mat_CR2_concrete
f 1929 1928 1927
f 1932 1931 1930

usemtl Patch_256_Mat_CR2_concrete
f 1935 1934 1933
f 1938 1937 1936

usemtl Patch_257_Mat_CR2_concrete
f 1941 1940 1939
f 1944 1943 1942

usemtl Patch_258_Mat_CR2_concrete
f 1947 1946 1945
f 1950 1949 1948

usemtl Patch_259_Mat_CR2_concrete
f 1953 1952 1951
f 1956 1955 1954

usemtl Patch_260_Mat_CR2_concrete
f 1959 1958 1957
f 1962 1961 1960

usemtl Patch_261_Mat_CR2_concrete
f 1965 1964 1963
f 1968 1967 1966

usemtl Patch_262_Mat_CR2_concrete
f 1971 1970 1969
f 1974 1973 1972

usemtl Patch_263_Mat_CR2_concrete
f 1977 1976 1975
f 1980 1979 1978

usemtl Patch_264_Mat_CR2_concrete
f 1983 1982 1981
f 1986 1985 1984

usemtl Patch_265_Mat_CR2_concrete
f 1989 1988 1987
f 1992 1991 1990

usemtl Patch_266_Mat_CR2_concrete
f 1995 1994 1993
f 1998 1997 1996

usemtl Patch_267_Mat_CR2_concrete
f 2001 2000 1999
f 2004 2003 2002

usemtl Patch_268_Mat_CR2_concrete
f 2007 2006 2005
f 2010 2009 2008

usemtl Patch_269_Mat_CR2_concrete
f 2013 2012 2011
f 2016 2015 2014

usemtl Patch_270_Mat_CR2_concrete
f 2019 2018 2017
f 2022 2021 2020

usemtl Patch_271_Mat_CR2_concrete
f 2025 2024 2023
f 2028 2027 2026

usemtl Patch_272_Mat_CR2_concrete
f 2031 2030 2029
f 2034 2033 2032

usemtl Patch_273_Mat_CR2_concrete
f 2037 2036 2035
f 2040 2039 2038

usemtl Patch_274_Mat_CR2_concrete
f 2043 2042 2041
f 2046 2045 2044

usemtl Patch_275_Mat_CR2_concrete
f 2049 2048 2047
f 2052 2051 2050

usemtl Patch_276_Mat_CR2_concrete
f 2055 2054 2053
f 2058 2057 2056

usemtl Patch_277_Mat_CR2_concrete
f 2061 2060 2059
f 2064 2063 2062

usemtl Patch_278_Mat_CR2_concrete
f 2067 2066 2065
f 2070 2069 2068

usemtl Patch_279_Mat_CR2_concrete
f 2073 2072 2071
f 2076 2075 2074

usemtl Patch_280_Mat_CR2_concrete
f 2079 2078 2077
f 2082 2081 2080

usemtl Patch_281_Mat_CR2_concrete
f 2085 2084 2083
f 2088 2087 2086

usemtl Patch_282_Mat_CR2_concrete
f 2091 2090 2089
f 2094 2093 2092

usemtl Patch_283_Mat_CR2_concrete
f 2097 2096 2095
f 2100 2099 2098

usemtl Patch_284_Mat_CR2_concrete
f 2103 2102 2101
f 2106 2105 2104

usemtl Patch_285_Mat_CR2_concrete
f 2109 2108 2107
f 2112 2111 2110

usemtl Patch_286_Mat_CR2_concrete
f 2115 2114 2113
f 2118 2117 2116

usemtl Patch_287_Mat_CR2_concrete
f 2121 2120 2119
f 2124 2123 2122

usemtl Patch_288_Mat_CR2_concrete
f 2127 2126 2125
f 2130 2129 2128

usemtl Patch_289_Mat_CR2_concrete
f 2133 2132 2131
f 2136 2135 2134

usemtl Patch_290_Mat_CR2_concrete
f 2139 2138 2137
f 2142 2141 2140

usemtl Patch_291_Mat_CR2_concrete
f 2145 2144 2143
f 2148 2147 2146

usemtl Patch_292_Mat_CR2_concrete
f 2151 2150 2149
f 2154 2153 2152

usemtl Patch_293_Mat_CR2_concrete
f 2157 2156 2155
f 2160 2159 2158

usemtl Patch_294_Mat_CR2_concrete
f 2163 2162 2161
f 2166 2165 2164

usemtl Patch_295_Mat_CR2_concrete
f 2169 2168 2167
f 2172 2171 2170

usemtl Patch_296_Mat_CR2_concrete
f 2175 2174 2173
f 2178 2177 2176
f 2181 2180 2179
f 2184 2183 2182

usemtl Patch_297_Mat_CR2_concrete
f 2187 2186 2185
f 2190 2189 2188

usemtl Patch_298_Mat_CR2_concrete
f 2193 2192 2191
f 2196 2195 2194

usemtl Patch_299_Mat_CR2_concrete
f 2199 2198 2197
f 2202 2201 2200

usemtl Patch_300_Mat_CR2_concrete
f 2205 2204 2203
f 2208 2207 2206

usemtl Patch_301_Mat_CR2_concrete
f 2211 2210 2209
f 2214 2213 2212

usemtl Patch_302_Mat_CR2_concrete
f 2217 2216 2215
f 2220 2219 2218

usemtl Patch_303_Mat_CR2_concrete
f 2223 2222 2221
f 2226 2225 2224

usemtl Patch_304_Mat_CR2_concrete
f 2229 2228 2227
f 2232 2231 2230

usemtl Patch_305_Mat_CR2_concrete
f 2235 2234 2233
f 2238 2237 2236

usemtl Patch_306_Mat_CR2_concrete
f 2241 2240 2239
f 2244 2243 2242
f 2247 2246 2245
f 2250 2249 2248

usemtl Patch_307_Mat_CR2_concrete
f 2253 2252 2251
f 2256 2255 2254

usemtl Patch_308_Mat_CR2_concrete
f 2259 2258 2257
f 2262 2261 2260

usemtl Patch_309_Mat_CR2_concrete
f 2265 2264 2263
f 2268 2267 2266

usemtl Patch_310_Mat_CR2_concrete
f 2271 2270 2269
f 2274 2273 2272

usemtl Patch_311_Mat_CR2_concrete
f 2277 2276 2275
f 2280 2279 2278

usemtl Patch_312_Mat_CR2_concrete
f 2283 2282 2281
f 2286 2285 2284

usemtl Patch_313_Mat_CR2_concrete
f 2289 2288 2287
f 2292 2291 2290

usemtl Patch_314_Mat_CR2_concrete
f 2295 2294 2293
f 2298 2297 2296

usemtl Patch_315_Mat_CR2_concrete
f 2301 2300 2299
f 2304 2303 2302
f 2307 2306 2305
f 2310 2309 2308

usemtl Patch_316_Mat_CR2_concrete
f 2313 2312 2311
f 2316 2315 2314

usemtl Patch_317_Mat_CR2_concrete
f 2319 2318 2317
f 2322 2321 2320

usemtl Patch_318_Mat_CR2_concrete
f 2325 2324 2323
f 2328 2327 2326

usemtl Patch_319_Mat_CR2_concrete
f 2331 2330 2329
f 2334 2333 2332

usemtl Patch_320_Mat_CR2_concrete
f 2337 2336 2335
f 2340 2339 2338
f 2343 2342 2341
f 2346 2345 2344

usemtl Patch_321_Mat_CR2_concrete
f 2349 2348 2347
f 2352 2351 2350

usemtl Patch_322_Mat_CR2_concrete
f 2355 2354 2353
f 2358 2357 2356

usemtl Patch_323_Mat_CR2_concrete
f 2361 2360 2359
f 2364 2363 2362

usemtl Patch_324_Mat_CR2_concrete
f 2367 2366 2365
f 2370 2369 2368
f 2373 2372 2371
f 2376 2375 2374

usemtl Patch_325_Mat_CR2_concrete
f 2379 2378 2377
f 2382 2381 2380

usemtl Patch_326_Mat_CR2_concrete
f 2385 2384 2383
f 2388 2387 2386

usemtl Patch_327_Mat_CR2_concrete
f 2391 2390 2389
f 2394 2393 2392

usemtl Patch_328_Mat_CR2_concrete
f 2397 2396 2395
f 2400 2399 2398

usemtl Patch_329_Mat_CR2_concrete
f 2403 2402 2401
f 2406 2405 2404

usemtl Patch_330_Mat_CR2_concrete
f 2409 2408 2407
f 2412 2411 2410

usemtl Patch_331_Mat_CR2_concrete
f 2415 2414 2413
f 2418 2417 2416

usemtl Patch_332_Mat_CR2_concrete
f 2421 2420 2419
f 2424 2423 2422

usemtl Patch_333_Mat_CR2_concrete
f 2427 2426 2425
f 2430 2429 2428

usemtl Patch_334_Mat_CR2_concrete
f 2433 2432 2431
f 2436 2435 2434

usemtl Patch_335_Mat_CR2_concrete
f 2439 2438 2437
f 2442 2441 2440

usemtl Patch_336_Mat_CR2_concrete
f 2445 2444 2443
f 2448 2447 2446
f 2451 2450 2449
f 2454 2453 2452

usemtl Patch_337_Mat_CR2_concrete
f 2457 2456 2455
f 2460 2459 2458

usemtl Patch_338_Mat_CR2_concrete
f 2463 2462 2461
f 2466 2465 2464

usemtl Patch_339_Mat_CR2_windows
f 2469 2468 2467
f 2472 2471 2470

usemtl Patch_340_Mat_CR2_concrete
f 2475 2474 2473
f 2478 2477 2476
f 2481 2480 2479
f 2484 2483 2482
f 2487 2486 2485
f 2490 2489 2488
f 2493 2492 2491
f 2496 2495 2494

usemtl Patch_341_Mat_CR2_concrete
f 2499 2498 2497
f 2502 2501 2500
f 2505 2504 2503
f 2508 2507 2506

usemtl Patch_342_Mat_CR2_concrete
f 2511 2510 2509
f 2514 2513 2512
f 2517 2516 2515
f 2520 2519 2518
f 2523 2522 2521
f 2526 2525 2524
f 2529 2528 2527
f 2532 2531 2530

usemtl Patch_343_Mat_CR2_concrete
f 2535 2534 2533
f 2538 2537 2536

usemtl Patch_344_Mat_CR2_concrete
f 2541 2540 2539
f 2544 2543 2542

usemtl Patch_345_Mat_CR2_concrete
f 2547 2546 2545
f 2550 2549 2548

usemtl Patch_346_Mat_CR2_concrete
f 2553 2552 2551
f 2556 2555 2554

usemtl Patch_347_Mat_CR2_ceiling
f 2559 2558 2557
f 2562 2561 2560

usemtl Patch_348_Mat_CR2_ceiling
f 2565 2564 2563
f 2568 2567 2566

usemtl Patch_349_Mat_CR2_ceiling
f 2571 2570 2569
f 2574 2573 2572

usemtl Patch_350_Mat_CR2_ceiling
f 2577 2576 2575
f 2580 2579 2578

usemtl Patch_351_Mat_CR2_ceiling
f 2583 2582 2581
f 2586 2585 2584

usemtl Patch_352_Mat_CR2_ceiling
f 2589 2588 2587
f 2592 2591 2590

usemtl Patch_353_Mat_CR2_ceiling
f 2595 2594 2593
f 2598 2597 2596

usemtl Patch_354_Mat_CR2_ceiling
f 2601 2600 2599
f 2604 2603 2602

usemtl Patch_355_Mat_CR2_ceiling
f 2607 2606 2605
f 2610 2609 2608

usemtl Patch_356_Mat_CR2_ceiling
f 2613 2612 2611
f 2616 2615 2614

usemtl Patch_357_Mat_CR2_ceiling
f 2619 2618 2617
f 2622 2621 2620

usemtl Patch_358_Mat_CR2_ceiling
f 2625 2624 2623
f 2628 2627 2626

usemtl Patch_359_Mat_CR2_concrete
f 2631 2630 2629
f 2634 2633 2632

usemtl Patch_360_Mat_CR2_concrete
f 2637 2636 2635
f 2640 2639 2638

usemtl Patch_361_Mat_CR2_concrete
f 2643 2642 2641
f 2646 2645 2644

usemtl Patch_362_Mat_CR2_concrete
f 2649 2648 2647
f 2652 2651 2650

usemtl Patch_363_Mat_CR2_concrete
f 2655 2654 2653
f 2658 2657 2656

usemtl Patch_364_Mat_CR2_concrete
f 2661 2660 2659
f 2664 2663 2662

usemtl Patch_365_Mat_CR2_concrete
f 2667 2666 2665
f 2670 2669 2668

usemtl Patch_366_Mat_CR2_concrete
f 2673 2672 2671
f 2676 2675 2674

usemtl Patch_367_Mat_CR2_concrete
f 2679 2678 2677
f 2682 2681 2680

usemtl Patch_368_Mat_CR2_concrete
f 2685 2684 2683
f 2688 2687 2686

usemtl Patch_369_Mat_CR2_concrete
f 2691 2690 2689
f 2694 2693 2692

usemtl Patch_370_Mat_CR2_concrete
f 2697 2696 2695
f 2700 2699 2698

usemtl Patch_371_Mat_CR2_concrete
f 2703 2702 2701
f 2706 2705 2704

usemtl Patch_372_Mat_CR2_concrete
f 2709 2708 2707
f 2712 2711 2710

usemtl Patch_373_Mat_CR2_concrete
f 2715 2714 2713
f 2718 2717 2716

usemtl Patch_374_Mat_CR2_concrete
f 2721 2720 2719
f 2724 2723 2722

usemtl Patch_375_Mat_CR2_concrete
f 2727 2726 2725
f 2730 2729 2728

usemtl Patch_376_Mat_CR2_concrete
f 2733 2732 2731
f 2736 2735 2734

usemtl Patch_377_Mat_CR2_concrete
f 2739 2738 2737
f 2742 2741 2740

usemtl Patch_378_Mat_CR2_concrete
f 2745 2744 2743
f 2748 2747 2746

usemtl Patch_379_Mat_CR2_concrete
f 2751 2750 2749
f 2754 2753 2752

usemtl Patch_380_Mat_CR2_concrete
f 2757 2756 2755
f 2760 2759 2758

usemtl Patch_381_Mat_CR2_concrete
f 2763 2762 2761
f 2766 2765 2764

usemtl Patch_382_Mat_CR2_concrete
f 2769 2768 2767
f 2772 2771 2770

usemtl Patch_383_Mat_CR2_concrete
f 2775 2774 2773
f 2778 2777 2776

usemtl Patch_384_Mat_CR2_concrete
f 2781 2780 2779
f 2784 2783 2782

usemtl Patch_385_Mat_CR2_concrete
f 2787 2786 2785
f 2790 2789 2788

usemtl Patch_386_Mat_CR2_concrete
f 2793 2792 2791
f 2796 2795 2794

usemtl Patch_387_Mat_CR2_ceiling
f 2799 2798 2797
f 2802 2801 2800

usemtl Patch_388_Mat_CR2_ceiling
f 2805 2804 2803
f 2808 2807 2806

usemtl Patch_389_Mat_CR2_ceiling
f 2811 2810 2809
f 2814 2813 2812

usemtl Patch_390_Mat_CR2_concrete
f 2817 2816 2815
f 2820 2819 2818

usemtl Patch_391_Mat_CR2_concrete
f 2823 2822 2821
f 2826 2825 2824

usemtl Patch_392_Mat_CR2_concrete
f 2829 2828 2827
f 2832 2831 2830

usemtl Patch_393_Mat_CR2_concrete
f 2835 2834 2833
f 2838 2837 2836

usemtl Patch_394_Mat_CR2_concrete
f 2841 2840 2839
f 2844 2843 2842

usemtl Patch_395_Mat_CR2_concrete
f 2847 2846 2845
f 2850 2849 2848

usemtl Patch_396_Mat_CR2_concrete
f 2853 2852 2851
f 2856 2855 2854

usemtl Patch_397_Mat_CR2_concrete
f 2859 2858 2857
f 2862 2861 2860

usemtl Patch_398_Mat_CR2_concrete
f 2865 2864 2863
f 2868 2867 2866

usemtl Patch_399_Mat_CR2_concrete
f 2871 2870 2869
f 2874 2873 2872

usemtl Patch_400_Mat_CR2_concrete
f 2877 2876 2875
f 2880 2879 2878

usemtl Patch_401_Mat_CR2_concrete
f 2883 2882 2881
f 2886 2885 2884

usemtl Patch_402_Mat_CR2_concrete
f 2889 2888 2887
f 2892 2891 2890

usemtl Patch_403_Mat_CR2_concrete
f 2895 2894 2893
f 2898 2897 2896

usemtl Patch_404_Mat_CR2_concrete
f 2901 2900 2899
f 2904 2903 2902

usemtl Patch_405_Mat_CR2_concrete
f 2907 2906 2905
f 2910 2909 2908

usemtl Patch_406_Mat_CR2_windows
f 2913 2912 2911
f 2916 2915 2914

usemtl Patch_407_Mat_CR2_ceiling
f 2919 2918 2917
f 2922 2921 2920

usemtl Patch_408_Mat_CR2_ceiling
f 2925 2924 2923
f 2928 2927 2926
f 2931 2930 2929

usemtl Patch_409_Mat_CR2_ceiling
f 2934 2933 2932
f 2937 2936 2935
f 2940 2939 2938
f 2943 2942 2941
f 2946 2945 2944
f 2949 2948 2947
f 2952 2951 2950
f 2955 2954 2953
f 2958 2957 2956
f 2961 2960 2959
f 2964 2963 2962
f 2967 2966 2965

usemtl Patch_410_Mat_CR2_ceiling
f 2970 2969 2968
f 2973 2972 2971
f 2976 2975 2974
f 2979 2978 2977
f 2982 2981 2980
f 2985 2984 2983
f 2988 2987 2986
f 2991 2990 2989
f 2994 2993 2992
f 2997 2996 2995

usemtl Patch_411_Mat_CR2_ceiling
f 3000 2999 2998
f 3003 3002 3001
f 3006 3005 3004
f 3009 3008 3007
f 3012 3011 3010
f 3015 3014 3013

usemtl Patch_412_Mat_CR2_ceiling
f 3018 3017 3016
f 3021 3020 3019
f 3024 3023 3022
f 3027 3026 3025
f 3030 3029 3028
f 3033 3032 3031
f 3036 3035 3034
f 3039 3038 3037
f 3042 3041 3040
f 3045 3044 3043
f 3048 3047 3046
f 3051 3050 3049

usemtl Patch_413_Mat_CR2_ceiling
f 3054 3053 3052
f 3057 3056 3055
f 3060 3059 3058
f 3063 3062 3061
f 3066 3065 3064
f 3069 3068 3067
f 3072 3071 3070
f 3075 3074 3073
f 3078 3077 3076
f 3081 3080 3079

usemtl Patch_414_Mat_CR2_ceiling
f 3084 3083 3082
f 3087 3086 3085
f 3090 3089 3088
f 3093 3092 3091
f 3096 3095 3094
f 3099 3098 3097
f 3102 3101 3100
f 3105 3104 3103
f 3108 3107 3106
f 3111 3110 3109
f 3114 3113 3112
f 3117 3116 3115

usemtl Patch_415_Mat_CR2_ceiling
f 3120 3119 3118
f 3123 3122 3121
f 3126 3125 3124
f 3129 3128 3127
f 3132 3131 3130

usemtl Patch_416_Mat_CR2_ceiling
f 3135 3134 3133
f 3138 3137 3136
f 3141 3140 3139
f 3144 3143 3142
f 3147 3146 3145
f 3150 3149 3148
f 3153 3152 3151
f 3156 3155 3154
f 3159 3158 3157
f 3162 3161 3160
f 3165 3164 3163
f 3168 3167 3166
f 3171 3170 3169
f 3174 3173 3172
f 3177 3176 3175
f 3180 3179 3178

usemtl Patch_417_Mat_CR2_ceiling
f 3183 3182 3181
f 3186 3185 3184
f 3189 3188 3187
f 3192 3191 3190
f 3195 3194 3193
f 3198 3197 3196
f 3201 3200 3199
f 3204 3203 3202
f 3207 3206 3205
f 3210 3209 3208
f 3213 3212 3211
f 3216 3215 3214
f 3219 3218 3217

usemtl Patch_418_Mat_CR2_ceiling
f 3222 3221 3220
f 3225 3224 3223
f 3228 3227 3226
f 3231 3230 3229
f 3234 3233 3232
f 3237 3236 3235
f 3240 3239 3238
f 3243 3242 3241

usemtl Patch_419_Mat_CR2_ceiling
f 3246 3245 3244
f 3249 3248 3247

usemtl Patch_420_Mat_CR2_ceiling
f 3252 3251 3250
f 3255 3254 3253

usemtl Patch_421_Mat_CR2_ceiling
f 3258 3257 3256
f 3261 3260 3259

usemtl Patch_422_Mat_CR2_ceiling
f 3264 3263 3262
f 3267 3266 3265

usemtl Patch_423_Mat_CR2_concrete
f 3270 3269 3268
f 3273 3272 3271

usemtl Patch_424_Mat_CR2_ceiling
f 3276 3275 3274
f 3279 3278 3277

usemtl Patch_425_Mat_CR2_ceiling
f 3282 3281 3280
f 3285 3284 3283

usemtl Patch_426_Mat_CR2_ceiling
f 3288 3287 3286
f 3291 3290 3289

usemtl Patch_427_Mat_CR2_ceiling
f 3294 3293 3292
f 3297 3296 3295

usemtl Patch_428_Mat_CR2_ceiling
f 3300 3299 3298
f 3303 3302 3301

usemtl Patch_429_Mat_CR2_ceiling
f 3306 3305 3304
f 3309 3308 3307

usemtl Patch_430_Mat_CR2_ceiling
f 3312 3311 3310
f 3315 3314 3313

usemtl Patch_431_Mat_CR2_ceiling
f 3318 3317 3316
f 3321 3320 3319

usemtl Patch_432_Mat_CR2_ceiling
f 3324 3323 3322
f 3327 3326 3325

usemtl Patch_433_Mat_CR2_ceiling
f 3330 3329 3328
f 3333 3332 3331

usemtl Patch_434_Mat_CR2_ceiling
f 3336 3335 3334
f 3339 3338 3337

usemtl Patch_435_Mat_CR2_ceiling
f 3342 3341 3340
f 3345 3344 3343

usemtl Patch_436_Mat_CR2_ceiling
f 3348 3347 3346
f 3351 3350 3349

usemtl Patch_437_Mat_CR2_ceiling
f 3354 3353 3352
f 3357 3356 3355

usemtl Patch_438_Mat_CR2_concrete
f 3360 3359 3358
f 3363 3362 3361

usemtl Patch_439_Mat_CR2_ceiling
f 3366 3365 3364
f 3369 3368 3367

usemtl Patch_440_Mat_CR2_ceiling
f 3372 3371 3370
f 3375 3374 3373

usemtl Patch_441_Mat_CR2_ceiling
f 3378 3377 3376
f 3381 3380 3379

usemtl Patch_442_Mat_CR2_ceiling
f 3384 3383 3382
f 3387 3386 3385

usemtl Patch_443_Mat_CR2_ceiling
f 3390 3389 3388
f 3393 3392 3391

usemtl Patch_444_Mat_CR2_ceiling
f 3396 3395 3394
f 3399 3398 3397

usemtl Patch_445_Mat_CR2_ceiling
f 3402 3401 3400
f 3405 3404 3403

usemtl Patch_446_Mat_CR2_ceiling
f 3408 3407 3406
f 3411 3410 3409

usemtl Patch_447_Mat_CR2_ceiling
f 3414 3413 3412
f 3417 3416 3415

usemtl Patch_448_Mat_CR2_ceiling
f 3420 3419 3418
f 3423 3422 3421

usemtl Patch_449_Mat_CR2_concrete
f 3426 3425 3424
f 3429 3428 3427

usemtl Patch_450_Mat_CR2_concrete
f 3432 3431 3430
f 3435 3434 3433

usemtl Patch_451_Mat_CR2_concrete
f 3438 3437 3436
f 3441 3440 3439

usemtl Patch_452_Mat_CR2_concrete
f 3444 3443 3442
f 3447 3446 3445

usemtl Patch_453_Mat_CR2_concrete
f 3450 3449 3448
f 3453 3452 3451

usemtl Patch_454_Mat_CR2_concrete
f 3456 3455 3454
f 3459 3458 3457

usemtl Patch_455_Mat_CR2_concrete
f 3462 3461 3460
f 3465 3464 3463

usemtl Patch_456_Mat_CR2_concrete
f 3468 3467 3466
f 3471 3470 3469

usemtl Patch_457_Mat_CR2_concrete
f 3474 3473 3472
f 3477 3476 3475

usemtl Patch_458_Mat_CR2_concrete
f 3480 3479 3478
f 3483 3482 3481

usemtl Patch_459_Mat_CR2_concrete
f 3486 3485 3484
f 3489 3488 3487

usemtl Patch_460_Mat_CR2_concrete
f 3492 3491 3490
f 3495 3494 3493

usemtl Patch_461_Mat_CR2_concrete
f 3498 3497 3496
f 3501 3500 3499

usemtl Patch_462_Mat_CR2_concrete
f 3504 3503 3502
f 3507 3506 3505

usemtl Patch_463_Mat_CR2_concrete
f 3510 3509 3508
f 3513 3512 3511

usemtl Patch_464_Mat_CR2_concrete
f 3516 3515 3514
f 3519 3518 3517

usemtl Patch_465_Mat_CR2_concrete
f 3522 3521 3520
f 3525 3524 3523

usemtl Patch_466_Mat_CR2_concrete
f 3528 3527 3526
f 3531 3530 3529

usemtl Patch_467_Mat_CR2_concrete
f 3534 3533 3532
f 3537 3536 3535

usemtl Patch_468_Mat_CR2_concrete
f 3540 3539 3538
f 3543 3542 3541

usemtl Patch_469_Mat_CR2_concrete
f 3546 3545 3544
f 3549 3548 3547

usemtl Patch_470_Mat_CR2_concrete
f 3552 3551 3550
f 3555 3554 3553

usemtl Patch_471_Mat_CR2_concrete
f 3558 3557 3556
f 3561 3560 3559

usemtl Patch_472_Mat_CR2_concrete
f 3564 3563 3562
f 3567 3566 3565

usemtl Patch_473_Mat_CR2_concrete
f 3570 3569 3568
f 3573 3572 3571

usemtl Patch_474_Mat_CR2_concrete
f 3576 3575 3574
f 3579 3578 3577

usemtl Patch_475_Mat_CR2_concrete
f 3582 3581 3580
f 3585 3584 3583

usemtl Patch_476_Mat_CR2_concrete
f 3588 3587 3586
f 3591 3590 3589

usemtl Patch_477_Mat_CR2_concrete
f 3594 3593 3592
f 3597 3596 3595

usemtl Patch_478_Mat_CR2_concrete
f 3600 3599 3598
f 3603 3602 3601

usemtl Patch_479_Mat_CR2_concrete
f 3606 3605 3604
f 3609 3608 3607

usemtl Patch_480_Mat_CR2_concrete
f 3612 3611 3610
f 3615 3614 3613

usemtl Patch_481_Mat_CR2_concrete
f 3618 3617 3616
f 3621 3620 3619

usemtl Patch_482_Mat_CR2_concrete
f 3624 3623 3622
f 3627 3626 3625

usemtl Patch_483_Mat_CR2_concrete
f 3630 3629 3628
f 3633 3632 3631

usemtl Patch_484_Mat_CR2_concrete
f 3636 3635 3634
f 3639 3638 3637

usemtl Patch_485_Mat_CR2_concrete
f 3642 3641 3640
f 3645 3644 3643

usemtl Patch_486_Mat_CR2_concrete
f 3648 3647 3646
f 3651 3650 3649

usemtl Patch_487_Mat_CR2_concrete
f 3654 3653 3652
f 3657 3656 3655

usemtl Patch_488_Mat_CR2_concrete
f 3660 3659 3658
f 3663 3662 3661

usemtl Patch_489_Mat_CR2_concrete
f 3666 3665 3664
f 3669 3668 3667

usemtl Patch_490_Mat_CR2_concrete
f 3672 3671 3670
f 3675 3674 3673

usemtl Patch_491_Mat_CR2_concrete
f 3678 3677 3676
f 3681 3680 3679

usemtl Patch_492_Mat_CR2_concrete
f 3684 3683 3682
f 3687 3686 3685

usemtl Patch_493_Mat_CR2_concrete
f 3690 3689 3688
f 3693 3692 3691

usemtl Patch_494_Mat_CR2_concrete
f 3696 3695 3694
f 3699 3698 3697

usemtl Patch_495_Mat_CR2_concrete
f 3702 3701 3700
f 3705 3704 3703

usemtl Patch_496_Mat_CR2_concrete
f 3708 3707 3706
f 3711 3710 3709

usemtl Patch_497_Mat_CR2_concrete
f 3714 3713 3712
f 3717 3716 3715

usemtl Patch_498_Mat_CR2_concrete
f 3720 3719 3718
f 3723 3722 3721

usemtl Patch_499_Mat_CR2_concrete
f 3726 3725 3724
f 3729 3728 3727

usemtl Patch_500_Mat_CR2_concrete
f 3732 3731 3730
f 3735 3734 3733

usemtl Patch_501_Mat_CR2_concrete
f 3738 3737 3736
f 3741 3740 3739

usemtl Patch_502_Mat_CR2_concrete
f 3744 3743 3742
f 3747 3746 3745

usemtl Patch_503_Mat_CR2_concrete
f 3750 3749 3748
f 3753 3752 3751

usemtl Patch_504_Mat_CR2_concrete
f 3756 3755 3754
f 3759 3758 3757

usemtl Patch_505_Mat_CR2_concrete
f 3762 3761 3760
f 3765 3764 3763

usemtl Patch_506_Mat_CR2_concrete
f 3768 3767 3766
f 3771 3770 3769

usemtl Patch_507_Mat_CR2_concrete
f 3774 3773 3772
f 3777 3776 3775

usemtl Patch_508_Mat_CR2_concrete
f 3780 3779 3778
f 3783 3782 3781

usemtl Patch_509_Mat_CR2_concrete
f 3786 3785 3784
f 3789 3788 3787

usemtl Patch_510_Mat_CR2_concrete
f 3792 3791 3790
f 3795 3794 3793

usemtl Patch_511_Mat_CR2_concrete
f 3798 3797 3796
f 3801 3800 3799

usemtl Patch_512_Mat_CR2_concrete
f 3804 3803 3802
f 3807 3806 3805

usemtl Patch_513_Mat_CR2_concrete
f 3810 3809 3808
f 3813 3812 3811

usemtl Patch_514_Mat_CR2_concrete
f 3816 3815 3814
f 3819 3818 3817

usemtl Patch_515_Mat_CR2_concrete
f 3822 3821 3820
f 3825 3824 3823

usemtl Patch_516_Mat_CR2_concrete
f 3828 3827 3826
f 3831 3830 3829

usemtl Patch_517_Mat_CR2_concrete
f 3834 3833 3832
f 3837 3836 3835

usemtl Patch_518_Mat_CR2_concrete
f 3840 3839 3838
f 3843 3842 3841

usemtl Patch_519_Mat_CR2_plaster
f 3846 3845 3844
f 3849 3848 3847
f 3852 3851 3850

usemtl Patch_520_Mat_CR2_plaster
f 3855 3854 3853

usemtl Patch_521_Mat_CR2_plaster
f 3858 3857 3856
f 3861 3860 3859

usemtl Patch_522_Mat_CR2_plaster
f 3864 3863 3862
f 3867 3866 3865

usemtl Patch_523_Mat_CR2_plaster
f 3870 3869 3868
f 3873 3872 3871

usemtl Patch_524_Mat_CR2_plaster
f 3876 3875 3874
f 3879 3878 3877

usemtl Patch_525_Mat_CR2_plaster
f 3882 3881 3880
f 3885 3884 3883

usemtl Patch_526_Mat_CR2_plaster
f 3888 3887 3886
f 3891 3890 3889

usemtl Patch_527_Mat_CR2_plaster
f 3894 3893 3892
f 3897 3896 3895

usemtl Patch_528_Mat_CR2_plaster
f 3900 3899 3898
f 3903 3902 3901

usemtl Patch_529_Mat_CR2_plaster
f 3906 3905 3904
f 3909 3908 3907

usemtl Patch_530_Mat_CR2_plaster
f 3912 3911 3910
f 3915 3914 3913

usemtl Patch_531_Mat_CR2_plaster
f 3918 3917 3916
f 3921 3920 3919

usemtl Patch_532_Mat_CR2_plaster
f 3924 3923 3922
f 3927 3926 3925

usemtl Patch_533_Mat_CR2_plaster
f 3930 3929 3928
f 3933 3932 3931

usemtl Patch_534_Mat_CR2_plaster
f 3936 3935 3934
f 3939 3938 3937

usemtl Patch_535_Mat_CR2_plaster
f 3942 3941 3940
f 3945 3944 3943

usemtl Patch_536_Mat_CR2_plaster
f 3948 3947 3946
f 3951 3950 3949

usemtl Patch_537_Mat_CR2_plaster
f 3954 3953 3952
f 3957 3956 3955

usemtl Patch_538_Mat_CR2_plaster
f 3960 3959 3958
f 3963 3962 3961

usemtl Patch_539_Mat_CR2_plaster
f 3966 3965 3964
f 3969 3968 3967

usemtl Patch_540_Mat_CR2_plaster
f 3972 3971 3970
f 3975 3974 3973

usemtl Patch_541_Mat_CR2_plaster
f 3978 3977 3976
f 3981 3980 3979

usemtl Patch_542_Mat_CR2_plaster
f 3984 3983 3982
f 3987 3986 3985

usemtl Patch_543_Mat_CR2_plaster
f 3990 3989 3988
f 3993 3992 3991

usemtl Patch_544_Mat_CR2_plaster
f 3996 3995 3994
f 3999 3998 3997

usemtl Patch_545_Mat_CR2_plaster
f 4002 4001 4000
f 4005 4004 4003

usemtl Patch_546_Mat_CR2_plaster
f 4008 4007 4006
f 4011 4010 4009

usemtl Patch_547_Mat_CR2_plaster
f 4014 4013 4012
f 4017 4016 4015

usemtl Patch_548_Mat_CR2_plaster
f 4020 4019 4018
f 4023 4022 4021

usemtl Patch_549_Mat_CR2_plaster
f 4026 4025 4024
f 4029 4028 4027

usemtl Patch_550_Mat_CR2_plaster
f 4032 4031 4030
f 4035 4034 4033

usemtl Patch_551_Mat_CR2_plaster
f 4038 4037 4036
f 4041 4040 4039

usemtl Patch_552_Mat_CR2_plaster
f 4044 4043 4042
f 4047 4046 4045

usemtl Patch_553_Mat_CR2_plaster
f 4050 4049 4048
f 4053 4052 4051

usemtl Patch_554_Mat_CR2_plaster
f 4056 4055 4054
f 4059 4058 4057

usemtl Patch_555_Mat_CR2_plaster
f 4062 4061 4060
f 4065 4064 4063

usemtl Patch_556_Mat_CR2_plaster
f 4068 4067 4066
f 4071 4070 4069

usemtl Patch_557_Mat_CR2_plaster
f 4074 4073 4072
f 4077 4076 4075

usemtl Patch_558_Mat_CR2_plaster
f 4080 4079 4078
f 4083 4082 4081

usemtl Patch_559_Mat_CR2_plaster
f 4086 4085 4084
f 4089 4088 4087

usemtl Patch_560_Mat_CR2_plaster
f 4092 4091 4090
f 4095 4094 4093

usemtl Patch_561_Mat_CR2_plaster
f 4098 4097 4096
f 4101 4100 4099

usemtl Patch_562_Mat_CR2_plaster
f 4104 4103 4102
f 4107 4106 4105

usemtl Patch_563_Mat_CR2_plaster
f 4110 4109 4108
f 4113 4112 4111

usemtl Patch_564_Mat_CR2_plaster
f 4116 4115 4114
f 4119 4118 4117

usemtl Patch_565_Mat_CR2_plaster
f 4122 4121 4120
f 4125 4124 4123

usemtl Patch_566_Mat_CR2_plaster
f 4128 4127 4126
f 4131 4130 4129

usemtl Patch_567_Mat_CR2_plaster
f 4134 4133 4132
f 4137 4136 4135

usemtl Patch_568_Mat_CR2_plaster
f 4140 4139 4138
f 4143 4142 4141

usemtl Patch_569_Mat_CR2_plaster
f 4146 4145 4144
f 4149 4148 4147

usemtl Patch_570_Mat_CR2_plaster
f 4152 4151 4150
f 4155 4154 4153

usemtl Patch_571_Mat_CR2_plaster
f 4158 4157 4156
f 4161 4160 4159

usemtl Patch_572_Mat_CR2_plaster
f 4164 4163 4162
f 4167 4166 4165

usemtl Patch_573_Mat_CR2_plaster
f 4170 4169 4168
f 4173 4172 4171

usemtl Patch_574_Mat_CR2_plaster
f 4176 4175 4174
f 4179 4178 4177

usemtl Patch_575_Mat_CR2_plaster
f 4182 4181 4180
f 4185 4184 4183

usemtl Patch_576_Mat_CR2_plaster
f 4188 4187 4186
f 4191 4190 4189

usemtl Patch_577_Mat_CR2_plaster
f 4194 4193 4192
f 4197 4196 4195

usemtl Patch_578_Mat_CR2_plaster
f 4200 4199 4198
f 4203 4202 4201

usemtl Patch_579_Mat_CR2_plaster
f 4206 4205 4204
f 4209 4208 4207

usemtl Patch_580_Mat_CR2_plaster
f 4212 4211 4210
f 4215 4214 4213

usemtl Patch_581_Mat_CR2_plaster
f 4218 4217 4216
f 4221 4220 4219

usemtl Patch_582_Mat_CR2_plaster
f 4224 4223 4222
f 4227 4226 4225

usemtl Patch_583_Mat_CR2_plaster
f 4230 4229 4228
f 4233 4232 4231

usemtl Patch_584_Mat_CR2_plaster
f 4236 4235 4234
f 4239 4238 4237

usemtl Patch_585_Mat_CR2_plaster
f 4242 4241 4240
f 4245 4244 4243

usemtl Patch_586_Mat_CR2_plaster
f 4248 4247 4246
f 4251 4250 4249

usemtl Patch_587_Mat_CR2_plaster
f 4254 4253 4252
f 4257 4256 4255

usemtl Patch_588_Mat_CR2_plaster
f 4260 4259 4258
f 4263 4262 4261

usemtl Patch_589_Mat_CR2_plaster
f 4266 4265 4264
f 4269 4268 4267

usemtl Patch_590_Mat_CR2_plaster
f 4272 4271 4270
f 4275 4274 4273

usemtl Patch_591_Mat_CR2_plaster
f 4278 4277 4276
f 4281 4280 4279

usemtl Patch_592_Mat_CR2_plaster
f 4284 4283 4282
f 4287 4286 4285

usemtl Patch_593_Mat_CR2_plaster
f 4290 4289 4288
f 4293 4292 4291

usemtl Patch_594_Mat_CR2_plaster
f 4296 4295 4294
f 4299 4298 4297

usemtl Patch_595_Mat_CR2_plaster
f 4302 4301 4300
f 4305 4304 4303

usemtl Patch_596_Mat_CR2_plaster
f 4308 4307 4306
f 4311 4310 4309

usemtl Patch_597_Mat_CR2_plaster
f 4314 4313 4312
f 4317 4316 4315

usemtl Patch_598_Mat_CR2_plaster
f 4320 4319 4318
f 4323 4322 4321

usemtl Patch_599_Mat_CR2_plaster
f 4326 4325 4324
f 4329 4328 4327

usemtl Patch_600_Mat_CR2_plaster
f 4332 4331 4330
f 4335 4334 4333

usemtl Patch_601_Mat_CR2_plaster
f 4338 4337 4336
f 4341 4340 4339

usemtl Patch_602_Mat_CR2_plaster
f 4344 4343 4342
f 4347 4346 4345

usemtl Patch_603_Mat_CR2_plaster
f 4350 4349 4348
f 4353 4352 4351

usemtl Patch_604_Mat_CR2_plaster
f 4356 4355 4354
f 4359 4358 4357

usemtl Patch_605_Mat_CR2_plaster
f 4362 4361 4360
f 4365 4364 4363
f 4368 4367 4366

usemtl Patch_606_Mat_CR2_plaster
f 4371 4370 4369
f 4374 4373 4372

usemtl Patch_607_Mat_CR2_plaster
f 4377 4376 4375
f 4380 4379 4378

usemtl Patch_608_Mat_CR2_plaster
f 4383 4382 4381
f 4386 4385 4384
f 4389 4388 4387

usemtl Patch_609_Mat_CR2_plaster
f 4392 4391 4390

usemtl Patch_610_Mat_CR2_plaster
f 4395 4394 4393

usemtl Patch_611_Mat_CR2_plaster
f 4398 4397 4396
f 4401 4400 4399

usemtl Patch_612_Mat_CR2_plaster
f 4404 4403 4402

usemtl Patch_613_Mat_CR2_plaster
f 4407 4406 4405
f 4410 4409 4408

usemtl Patch_614_Mat_CR2_plaster
f 4413 4412 4411
f 4416 4415 4414

usemtl Patch_615_Mat_CR2_plaster
f 4419 4418 4417
f 4422 4421 4420

usemtl Patch_616_Mat_CR2_plaster
f 4425 4424 4423
f 4428 4427 4426
f 4431 4430 4429

usemtl Patch_617_Mat_CR2_plaster
f 4434 4433 4432
f 4437 4436 4435

usemtl Patch_618_Mat_CR2_plaster
f 4440 4439 4438
f 4443 4442 4441

usemtl Patch_619_Mat_CR2_plaster
f 4446 4445 4444
f 4449 4448 4447

usemtl Patch_620_Mat_CR2_plaster
f 4452 4451 4450
f 4455 4454 4453

usemtl Patch_621_Mat_CR2_plaster
f 4458 4457 4456

usemtl Patch_622_Mat_CR2_plaster
f 4461 4460 4459

usemtl Patch_623_Mat_CR2_plaster
f 4464 4463 4462
f 4467 4466 4465

usemtl Patch_624_Mat_CR2_plaster
f 4470 4469 4468
f 4473 4472 4471

usemtl Patch_625_Mat_CR2_plaster
f 4476 4475 4474
f 4479 4478 4477

usemtl Patch_626_Mat_CR2_plaster
f 4482 4481 4480
f 4485 4484 4483

usemtl Patch_627_Mat_CR2_plaster
f 4488 4487 4486
f 4491 4490 4489

usemtl Patch_628_Mat_CR2_plaster
f 4494 4493 4492
f 4497 4496 4495

