mtllib mesh.mtl

v 4.800142878032387 -4.935198009067864 2.73600005
v 6.10173802 -5.293447527326678 2.73600005
v 6.10173802 -3.90599995 2.73600005
v 6.10173802 -3.90599995 2.73600005
v 4.762125358936732 -3.9059999499999996 2.73600005
v 4.800142878032387 -4.935198009067864 2.73600005
v 3.3523867563436456 -4.852740760475678 2.73600005
v 4.239402102889744 -5.49219543712491 2.73600005
v 4.800142878032387 -4.935198009067864 2.73600005
v 3.3523867563436456 -4.852740760475678 2.73600005
v 4.762125358936732 -3.9059999499999996 2.73600005
v 3.3603182790777364 -3.9059999500000004 2.73600005
v 4.762125358936732 -3.9059999499999996 2.73600005
v 3.3523867563436456 -4.852740760475678 2.73600005
v 4.800142878032387 -4.935198009067864 2.73600005
v 4.800142878032387 -4.935198009067864 2.73600005
v 4.239402102889744 -5.49219543712491 2.73600005
v 4.240904737304973 -6.15999997 2.73600005
v 4.800142878032387 -4.935198009067864 2.73600005
v 6.101738019999999 -6.15999997 2.73600005
v 6.10173802 -5.293447527326678 2.73600005
v 6.101738019999999 -6.15999997 2.73600005
v 4.800142878032387 -4.935198009067864 2.73600005
v 4.240904737304973 -6.15999997 2.73600005
v 1.8997659330157504 -4.935762335339368 2.73600005
v 2.396458373509607 -5.462285355311162 2.73600005
v 3.3523867563436456 -4.852740760475678 2.73600005
v 3.3523867563436456 -4.852740760475678 2.73600005
v 3.3603182790777364 -3.9059999500000004 2.73600005
v 1.940566571528206 -3.90599995 2.73600005
v 1.940566571528206 -3.90599995 2.73600005
v 1.8997659330157504 -4.935762335339368 2.73600005
v 3.3523867563436456 -4.852740760475678 2.73600005
v 2.3889350836507863 -6.15999997 2.73600005
v 3.3523867563436456 -4.852740760475678 2.73600005
v 2.396458373509607 -5.462285355311162 2.73600005
v 3.3523867563436456 -4.852740760475678 2.73600005
v 2.3889350836507863 -6.15999997 2.73600005
v 4.240904737304973 -6.15999997 2.73600005
v 3.3523867563436456 -4.852740760475678 2.73600005
v 4.240904737304973 -6.15999997 2.73600005
v 4.239402102889744 -5.49219543712491 2.73600005
v 1.8997659330157504 -4.935762335339368 2.73600005
v 1.940566571528206 -3.90599995 2.73600005
v 0.5707378400000009 -3.90599995 2.73600005
v 0.5707378400000009 -3.90599995 2.73600005
v 0.5707378400000012 -5.239789474606245 2.73600005
v 1.8997659330157504 -4.935762335339368 2.73600005
v 0.5707378400000005 -6.15999997 2.73600005
v 1.8997659330157504 -4.935762335339368 2.73600005
v 0.5707378400000012 -5.239789474606245 2.73600005
v 1.8997659330157504 -4.935762335339368 2.73600005
v 0.5707378400000005 -6.15999997 2.73600005
v 2.3889350836507863 -6.15999997 2.73600005
v 1.8997659330157504 -4.935762335339368 2.73600005
v 2.3889350836507863 -6.15999997 2.73600005
v 2.396458373509607 -5.462285355311162 2.73600005
v 3.383858415189999 0.93000002 2.73600005
v 0.57073784 0.93000002 2.73600005
v 0.57073784 0.93000002 2.27600003
v 0.57073784 0.93000002 2.27600003
v 3.3839385894353122 0.93000002 2.27600003
v 3.383858415189999 0.93000002 2.73600005
v 3.3839385894353122 0.93000002 2.27600003
v 6.101738020000001 0.93000002 2.27600003
v 6.101738020000001 0.93000002 2.73600005
v 6.101738020000001 0.93000002 2.73600005
v 3.383858415189999 0.93000002 2.73600005
v 3.3839385894353122 0.93000002 2.27600003
v 3.266850250846519 0.93000002 2.27600003
v 6.10173802 0.49900001999999993 2.27600003
v 6.10173802 0.93000002 2.27600003
v 6.10173802 0.49900001999999993 2.27600003
v 3.266850250846519 0.93000002 2.27600003
v 3.2665935483652926 0.49900002 2.27600003
v 3.2665935483652926 0.49900002 2.27600003
v 0.5707378400000008 0.9300000200000001 2.27600003
v 0.5707378400000005 0.49900002000000004 2.27600003
v 0.5707378400000008 0.9300000200000001 2.27600003
v 3.2665935483652926 0.49900002 2.27600003
v 3.266850250846519 0.93000002 2.27600003
v 3.3325196871218328 0.49900002 2.73600005
v 6.10173802 0.49900002 2.73600005
v 6.10173802 0.49900002 2.27600003
v 6.10173802 0.49900002 2.27600003
v 3.332341365429848 0.49900002 2.27600003
v 3.3325196871218328 0.49900002 2.73600005
v 3.332341365429848 0.49900002 2.27600003
v 0.5707378399999996 0.49900002 2.27600003
v 0.5707378399999999 0.49900002 2.73600005
v 0.5707378399999999 0.49900002 2.73600005
v 3.3325196871218328 0.49900002 2.73600005
v 3.332341365429848 0.49900002 2.27600003
v 4.646491527750684 0.9300000199999999 2.73600005
v 6.10173802 0.9300000199999999 2.73600005
v 6.10173802 1.90299993 2.73600005
v 6.10173802 1.90299993 2.73600005
v 4.697508978567701 2.0319726889644754 2.73600005
v 4.646491527750684 0.9300000199999999 2.73600005
v 4.646491527750684 0.9300000199999999 2.73600005
v 3.3157140151925457 2.1588849685794393 2.73600005
v 3.256290454108058 0.9300000199999998 2.73600005
v 3.3157140151925457 2.1588849685794393 2.73600005
v 4.646491527750684 0.9300000199999999 2.73600005
v 4.697508978567701 2.0319726889644754 2.73600005
v 3.256290454108058 0.9300000199999998 2.73600005
v 1.9539633639289373 2.2839562591831424 2.73600005
v 1.8885643672362011 0.9300000199999998 2.73600005
v 1.9539633639289373 2.2839562591831424 2.73600005
v 3.256290454108058 0.9300000199999998 2.73600005
v 3.3157140151925457 2.1588849685794393 2.73600005
v 1.9539633639289373 2.2839562591831424 2.73600005
v 0.5707378399999992 2.41099993 2.73600005
v 0.5707378399999996 0.9300000199999999 2.73600005
v 0.5707378399999996 0.9300000199999999 2.73600005
v 1.8885643672362011 0.9300000199999998 2.73600005
v 1.9539633639289373 2.2839562591831424 2.73600005
v 3.3399561728781673 -3.48300019 2.73600005
v 0.57073784 -3.48300019 2.73600005
v 0.57073784 -3.48300019 2.27600003
v 0.57073784 -3.48300019 2.27600003
v 3.340134494570152 -3.48300019 2.27600003
v 3.3399561728781673 -3.48300019 2.73600005
v 3.340134494570152 -3.48300019 2.27600003
v 6.101738020000001 -3.48300019 2.27600003
v 6.101738020000001 -3.48300019 2.73600005
v 6.101738020000001 -3.48300019 2.73600005
v 3.3399561728781673 -3.48300019 2.73600005
v 3.340134494570152 -3.48300019 2.27600003
v 3.2678285250376735 -3.90599995 2.27600003
v 6.10173802 -3.90599995 2.27600003
v 6.10173802 -3.48300019 2.27600003
v 6.10173802 -3.48300019 2.27600003
v 3.2677993189969614 -3.48300019 2.27600003
v 3.2678285250376735 -3.90599995 2.27600003
v 3.2677993189969614 -3.48300019 2.27600003
v 0.5707378399999998 -3.48300019 2.27600003
v 0.5707378399999996 -3.90599995 2.27600003
v 0.5707378399999996 -3.90599995 2.27600003
v 3.2678285250376735 -3.90599995 2.27600003
v 3.2677993189969614 -3.48300019 2.27600003
v 3.288617444810001 -3.90599995 2.73600005
v 6.10173802 -3.90599995 2.73600005
v 6.10173802 -3.90599995 2.27600003
v 6.10173802 -3.90599995 2.27600003
v 3.288537270564688 -3.90599995 2.27600003
v 3.288617444810001 -3.90599995 2.73600005
v 3.288537270564688 -3.90599995 2.27600003
v 0.5707378399999996 -3.90599995 2.27600003
v 0.5707378399999999 -3.90599995 2.73600005
v 0.5707378399999999 -3.90599995 2.73600005
v 3.288617444810001 -3.90599995 2.73600005
v 3.288537270564688 -3.90599995 2.27600003
v 6.10173802 0.49900002 2.73600005
v 4.716416615512471 -0.8538477053115486 2.73600005
v 6.10173802 -0.3303856447148595 2.73600005
v 4.125548959978564 -0.14820781409466566 2.73600005
v 6.10173802 0.49900002 2.73600005
v 4.1187018001961535 0.49900002 2.73600005
v 4.716416615512471 -0.8538477053115486 2.73600005
v 6.10173802 0.49900002 2.73600005
v 4.125548959978564 -0.14820781409466566 2.73600005
v 6.10173802 -0.3303856447148595 2.73600005
v 4.7015743144489885 -1.0822184370661736 2.73600005
v 5.3558384858432095 -1.987353638293129 2.73600005
v 5.3558384858432095 -1.987353638293129 2.73600005
v 6.101738020000001 -2.0059473946677713 2.73600005
v 6.10173802 -0.3303856447148595 2.73600005
v 4.7015743144489885 -1.0822184370661736 2.73600005
v 6.10173802 -0.3303856447148595 2.73600005
v 4.716416615512471 -0.8538477053115486 2.73600005
v 4.7015743144489885 -1.0822184370661736 2.73600005
v 4.125548959978564 -0.14820781409466566 2.73600005
v 3.079094474082923 -0.8691115279063374 2.73600005
v 4.7015743144489885 -1.0822184370661736 2.73600005
v 3.2894193781540166 -1.8835319615195008 2.73600005
v 3.5572893966736356 -2.0546867306640673 2.73600005
v 4.125548959978564 -0.14820781409466566 2.73600005
v 4.7015743144489885 -1.0822184370661736 2.73600005
v 4.716416615512471 -0.8538477053115486 2.73600005
v 3.2894193781540166 -1.8835319615195008 2.73600005
v 4.7015743144489885 -1.0822184370661736 2.73600005
v 3.079094474082923 -0.8691115279063374 2.73600005
v 4.7015743144489885 -1.0822184370661736 2.73600005
v 3.5572893966736356 -2.0546867306640673 2.73600005
v 3.56715203395851 -2.075967138710464 2.73600005
v 4.7015743144489885 -1.0822184370661736 2.73600005
v 4.7681074327753725 -2.635271002874955 2.73600005
v 5.3558384858432095 -1.987353638293129 2.73600005
v 4.7681074327753725 -2.635271002874955 2.73600005
v 4.7015743144489885 -1.0822184370661736 2.73600005
v 3.56715203395851 -2.075967138710464 2.73600005
v 6.101738020000001 -3.4830001900000003 2.73600005
v 4.7681074327753725 -2.635271002874955 2.73600005
v 4.859233190745621 -3.4830001900000003 2.73600005
v 5.3558384858432095 -1.987353638293129 2.73600005
v 6.101738020000001 -3.4830001900000003 2.73600005
v 6.101738020000001 -2.0059473946677713 2.73600005
v 6.101738020000001 -3.4830001900000003 2.73600005
v 5.3558384858432095 -1.987353638293129 2.73600005
v 4.7681074327753725 -2.635271002874955 2.73600005
v 2.2475757534888543 0.49900001999999977 2.73600005
v 3.079094474082923 -0.8691115279063374 2.73600005
v 4.125548959978564 -0.14820781409466566 2.73600005
v 4.125548959978564 -0.14820781409466566 2.73600005
v 4.1187018001961535 0.49900002 2.73600005
v 2.2475757534888543 0.49900001999999977 2.73600005
v 3.079094474082923 -0.8691115279063374 2.73600005
v 2.2475757534888543 0.49900001999999977 2.73600005
v 2.2941162690357855 -0.460005323469562 2.73600005
v 4.7681074327753725 -2.635271002874955 2.73600005
v 3.56715203395851 -2.075967138710464 2.73600005
v 3.3393980166339263 -3.4830001900000003 2.73600005
v 3.3393980166339263 -3.4830001900000003 2.73600005
v 4.859233190745621 -3.4830001900000003 2.73600005
v 4.7681074327753725 -2.635271002874955 2.73600005
v 3.3393980166339263 -3.4830001900000003 2.73600005
v 2.03410528857921 -2.211207214207717 2.73600005
v 2.134719243597758 -3.4830001900000003 2.73600005
v 3.2894193781540166 -1.8835319615195008 2.73600005
v 3.3393980166339263 -3.4830001900000003 2.73600005
v 3.56715203395851 -2.075967138710464 2.73600005
v 3.56715203395851 -2.075967138710464 2.73600005
v 3.5572893966736356 -2.0546867306640673 2.73600005
v 3.2894193781540166 -1.8835319615195008 2.73600005
v 2.03410528857921 -2.211207214207717 2.73600005
v 3.3393980166339263 -3.4830001900000003 2.73600005
v 3.2894193781540166 -1.8835319615195008 2.73600005
v 3.079094474082923 -0.8691115279063374 2.73600005
v 2.2941162690357855 -0.460005323469562 2.73600005
v 1.7483369841537737 -0.9247850847570394 2.73600005
v 3.079094474082923 -0.8691115279063374 2.73600005
v 1.8819456515340374 -2.095535801258285 2.73600005
v 2.03410528857921 -2.211207214207717 2.73600005
v 2.03410528857921 -2.211207214207717 2.73600005
v 3.2894193781540166 -1.8835319615195008 2.73600005
v 3.079094474082923 -0.8691115279063374 2.73600005
v 1.8819456515340374 -2.095535801258285 2.73600005
v 3.079094474082923 -0.8691115279063374 2.73600005
v 1.7483369841537737 -0.9247850847570394 2.73600005
v 1.7483369841537737 -0.9247850847570394 2.73600005
v 2.2941162690357855 -0.460005323469562 2.73600005
v 2.2475757534888543 0.49900001999999977 2.73600005
v 1.7483369841537737 -0.9247850847570394 2.73600005
v 0.5707378400000003 0.49900002 2.73600005
v 0.5707378399999998 -0.7116270699235261 2.73600005
v 0.5707378400000003 0.49900002 2.73600005
v 1.7483369841537737 -0.9247850847570394 2.73600005
v 2.2475757534888543 0.49900001999999977 2.73600005
v 0.5707378400000002 -2.2855913364486984 2.73600005
v 1.7483369841537737 -0.9247850847570394 2.73600005
v 0.5707378399999998 -0.7116270699235261 2.73600005
v 1.7483369841537737 -0.9247850847570394 2.73600005
v 0.5707378400000002 -2.2855913364486984 2.73600005
v 1.8819456515340374 -2.095535801258285 2.73600005
v 0.5707378400000005 -3.4830001900000003 2.73600005
v 1.8819456515340374 -2.095535801258285 2.73600005
v 0.5707378400000002 -2.2855913364486984 2.73600005
v 1.8819456515340374 -2.095535801258285 2.73600005
v 0.5707378400000005 -3.4830001900000003 2.73600005
v 2.134719243597758 -3.4830001900000003 2.73600005
v 1.8819456515340374 -2.095535801258285 2.73600005
v 2.134719243597758 -3.4830001900000003 2.73600005
v 2.03410528857921 -2.211207214207717 2.73600005
v -1.2769751218103738 0.4973391723951554 0.0
v -1.7176049120744683 1.0537849048478627 0.0
v -1.41319302159639 1.6910709222450946 0.0
v -0.05112377 2.49574572 0.0
v -0.9964566732766159 2.5635080905445364 0.0
v -0.9733476022923024 2.611886909749707 0.0
v -0.1154714599999998 1.5980490699999998 0.0
v -1.2769751218103738 0.4973391723951554 0.0
v -1.41319302159639 1.6910709222450946 0.0
v -0.05112377 2.49574572 0.0
v -0.9733476022923024 2.611886909749707 0.0
v -0.00026213999999999404 2.52300007 0.0
v -1.2769751218103738 0.4973391723951554 0.0
v -0.1154714599999998 1.5980490699999998 0.0
v -0.00026213999999968873 0.5779056346528384 0.0
v -0.1154714599999998 1.5980490699999998 0.0
v -0.05112377 2.49574572 0.0
v -0.00026213999999999404 2.52300007 0.0
v -0.00026213999999999404 2.52300007 0.0
v -0.00026213999999968873 0.5779056346528384 0.0
v -0.1154714599999998 1.5980490699999998 0.0
v -0.0002621399999991336 -0.8091994238867828 0.0
v -1.2769751218103738 0.4973391723951554 0.0
v -0.00026213999999968873 0.5779056346528384 0.0
v -1.2769751218103738 0.4973391723951554 0.0
v -0.0002621399999991336 -0.8091994238867828 0.0
v -1.44788293599195 -0.6030568390344138 0.0
v -1.78405854 1.7289706300000003 0.0
v -2.3900469400000004 2.5244441700000007 0.0
v -1.67695229 2.6122866700000005 0.0
v -1.74129991 1.7145899200000003 0.0
v -1.41319302159639 1.6910709222450946 0.0
v -1.7176049120744683 1.0537849048478627 0.0
v -1.86360582 1.6683718100000002 0.0
v -3.0835192328828267 1.6451773614661624 0.0
v -2.5087414400000005 2.4619983700000003 0.0
v -3.0835192328828267 1.6451773614661624 0.0
v -2.9071984613540636 2.4619983700000003 0.0
v -2.5087414400000005 2.4619983700000003 0.0
v -2.5087414400000005 2.56199827 0.0
v -2.8856122639661583 2.5619982700000006 0.0
v -2.8380744914323777 2.7822210546885344 0.0
v -1.67695229 2.6122866700000005 0.0
v -0.9733476022923024 2.611886909749707 0.0
v -0.9964566732766159 2.5635080905445364 0.0
v -1.78405854 1.7289706300000003 0.0
v -1.67695229 2.6122866700000005 0.0
v -1.74129991 1.7145899200000003 0.0
v -1.86360582 1.6683718100000002 0.0
v -2.5087414400000005 2.4619983700000003 0.0
v -2.4695942200000003 2.4638451500000005 0.0
v -0.9733476022923024 2.611886909749707 0.0
v -1.67695229 2.6122866700000005 0.0
v -2.8380744914323777 2.7822210546885344 0.0
v -1.86360582 1.6683718100000002 0.0
v -1.78405854 1.7289706300000003 0.0
v -1.74129991 1.7145899200000003 0.0
v -2.3900469400000004 2.5244441700000007 0.0
v -2.8380744914323777 2.7822210546885344 0.0
v -1.67695229 2.6122866700000005 0.0
v -1.86360582 1.6683718100000002 0.0
v -1.74129991 1.7145899200000003 0.0
v -1.7176049120744683 1.0537849048478627 0.0
v -2.8380744914323777 2.7822210546885344 0.0
v -2.3900469400000004 2.5244441700000007 0.0
v -2.5087414400000005 2.56199827 0.0
v -2.313448657749396 0.9880138096322741 0.0
v -1.86360582 1.6683718100000002 0.0
v -1.7176049120744683 1.0537849048478627 0.0
v -2.4695942200000003 2.4638451500000005 0.0
v -2.5087414400000005 2.56199827 0.0
v -2.3900469400000004 2.5244441700000007 0.0
v -3.0835192328828267 1.6451773614661624 0.0
v -1.86360582 1.6683718100000002 0.0
v -2.313448657749396 0.9880138096322741 0.0
v -2.5087414400000005 2.56199827 0.0
v -2.4695942200000003 2.4638451500000005 0.0
v -2.5087414400000005 2.4619983700000003 0.0
v -3.009174916834812 -0.210514692920508 0.0
v -1.2769751218103738 0.4973391723951554 0.0
v -1.44788293599195 -0.6030568390344138 0.0
v -1.44788293599195 -0.6030568390344138 0.0
v -1.6990962453826621 -0.8191967213673692 0.0
v -2.9725914229715933 -0.34518717821917677 0.0
v -1.2769751218103738 0.4973391723951554 0.0
v -3.009174916834812 -0.210514692920508 0.0
v -2.313448657749396 0.9880138096322741 0.0
v -1.2769751218103738 0.4973391723951554 0.0
v -2.313448657749396 0.9880138096322741 0.0
v -1.7176049120744683 1.0537849048478627 0.0
v -3.009174916834812 -0.210514692920508 0.0
v -1.44788293599195 -0.6030568390344138 0.0
v -2.9725914229715933 -0.34518717821917677 0.0
v -0.9127148299999994 -1.9833576200000005 0.0
v -0.912714829999999 -2.155677973346576 0.0
v -1.7042003966524066 -1.5318937623921174 0.0
v -1.7042003966524066 -1.5318937623921174 0.0
v -1.6990962453826621 -0.8191967213673692 0.0
v -1.44788293599195 -0.6030568390344138 0.0
v -0.012714849999999167 -1.98335762 0.0
v -0.00026213999999935567 -2.874798580526118 0.0
v -0.012714849999999167 -2.8649843726506057 0.0
v -1.44788293599195 -0.6030568390344138 0.0
v -0.9127148299999994 -1.9833576200000005 0.0
v -1.7042003966524066 -1.5318937623921174 0.0
v -0.9127148299999994 -1.9833576200000005 0.0
v -1.44788293599195 -0.6030568390344138 0.0
v -0.0002621399999991336 -0.8091994238867828 0.0
v -0.00026213999999935567 -2.874798580526118 0.0
v -0.012714849999999167 -1.98335762 0.0
v -0.0002621399999991336 -0.8091994238867828 0.0
v -0.9127148299999994 -1.9833576200000005 0.0
v -0.0002621399999991336 -0.8091994238867828 0.0
v -0.012714849999999167 -1.98335762 0.0
v -5.318257549999999 1.6070335900000008 0.0
v -4.798956268895624 2.0158258818694286 0.0
v -4.946127543758278 1.7551221129906964 0.0
v -5.28128268 1.5141203700000005 0.0
v -5.02448840225028 1.6163112535991275 0.0
v -5.34190068 1.0540372828466096 0.0
v -5.441900389999999 1.4788138000000006 0.0
v -5.44190039 0.9649418586571161 0.0
v -6.251262229999998 0.8765442275528068 0.0
v -6.03711328 3.050918810000001 0.0
v -4.993644762802957 2.9791223924489305 0.0
v -4.984253464227141 2.9402588542726313 0.0
v -4.798956268895624 2.0158258818694286 0.0
v -5.318257549999999 1.6070335900000008 0.0
v -6.13118894 2.155849220000001 0.0
v -5.34190068 1.478813800000001 0.0
v -5.28128268 1.5141203700000005 0.0
v -5.34190068 1.0540372828466096 0.0
v -4.993644762802957 2.9791223924489305 0.0
v -6.03711328 3.050918810000001 0.0
v -6.25126223 3.093999910000001 0.0
v -5.28128268 1.5141203700000005 0.0
v -5.34190068 1.478813800000001 0.0
v -5.318257549999999 1.6070335900000008 0.0
v -6.25126223 3.093999910000001 0.0
v -6.03711328 3.050918810000001 0.0
v -6.13118894 2.155849220000001 0.0
v -5.441900389999999 1.4788138000000006 0.0
v -5.318257549999999 1.6070335900000008 0.0
v -5.34190068 1.478813800000001 0.0
v -6.251262229999998 0.8765442275528068 0.0
v -6.25126223 3.093999910000001 0.0
v -6.13118894 2.155849220000001 0.0
v -5.318257549999999 1.6070335900000008 0.0
v -5.441900389999999 1.4788138000000006 0.0
v -6.13118894 2.155849220000001 0.0
v -5.441900389999999 1.4788138000000006 0.0
v -6.251262229999998 0.8765442275528068 0.0
v -6.13118894 2.155849220000001 0.0
v -3.50874164 2.561998270000001 0.0
v -3.5087416400000007 2.4707759300000003 0.0
v -3.5562864200000006 2.5587957500000003 0.0
v -4.3723118 1.9721931900000007 0.0
v -3.5087416400000007 2.4707759300000003 0.0
v -3.5087416400000007 2.4619983700000008 0.0
v -3.5087416400000007 2.4619983700000008 0.0
v -2.9071984613540636 2.4619983700000003 0.0
v -3.0835192328828267 1.6451773614661624 0.0
v -4.35215024 1.8838671800000004 0.0
v -3.783490599201568 1.378700744302541 0.0
v -4.4545094982706335 1.8431334723064743 0.0
v -4.553242924523675 1.9114699000337592 0.0
v -4.687019645502334 2.0040608651373293 0.0
v -4.510118119999999 1.9854677600000006 0.0
v -4.41604285 2.8805375500000006 0.0
v -4.984253464227141 2.9402588542726313 0.0
v -4.993644762802957 2.9791223924489305 0.0
v -2.8380744914323777 2.7822210546885344 0.0
v -2.8856122639661583 2.5619982700000006 0.0
v -3.50874164 2.561998270000001 0.0
v -3.783490599201568 1.378700744302541 0.0
v -3.5087416400000007 2.4619983700000008 0.0
v -3.0835192328828267 1.6451773614661624 0.0
v -3.5087416400000007 2.4619983700000008 0.0
v -3.783490599201568 1.378700744302541 0.0
v -4.35215024 1.8838671800000004 0.0
v -4.38912512 1.9767803100000005 0.0
v -4.553242924523675 1.9114699000337592 0.0
v -4.510118119999999 1.9854677600000006 0.0
v -4.41604285 2.8805375500000006 0.0
v -4.993644762802957 2.9791223924489305 0.0
v -2.8380744914323777 2.7822210546885344 0.0
v -4.41604285 2.8805375500000006 0.0
v -3.50874164 2.561998270000001 0.0
v -3.5562864200000006 2.5587957500000003 0.0
v -3.5087416400000007 2.4619983700000008 0.0
v -4.35215024 1.8838671800000004 0.0
v -4.3723118 1.9721931900000007 0.0
v -3.50874164 2.561998270000001 0.0
v -4.41604285 2.8805375500000006 0.0
v -2.8380744914323777 2.7822210546885344 0.0
v -4.3723118 1.9721931900000007 0.0
v -4.35215024 1.8838671800000004 0.0
v -4.38912512 1.9767803100000005 0.0
v -4.41604285 2.8805375500000006 0.0
v -3.5562864200000006 2.5587957500000003 0.0
v -4.42231185 2.0587958500000005 0.0
v -4.42231185 2.0587958500000005 0.0
v -4.3723118 1.9721931900000007 0.0
v -4.38912512 1.9767803100000005 0.0
v -4.510118119999999 1.9854677600000006 0.0
v -4.41604285 2.8805375500000006 0.0
v -4.42231185 2.0587958500000005 0.0
v -4.42231185 2.0587958500000005 0.0
v -4.38912512 1.9767803100000005 0.0
v -4.510118119999999 1.9854677600000006 0.0
v -3.9662355064918073 0.434913766015147 0.0
v -3.4630262521012765 -1.1285593581974807 0.0
v -4.63228688443861 -1.0647797301772142 0.0
v -4.63228688443861 -1.0647797301772142 0.0
v -4.9205452232398015 -0.48728386886915265 0.0
v -4.691096927445217 0.16051637475646552 0.0
v -3.4630262521012765 -1.1285593581974807 0.0
v -3.9662355064918073 0.434913766015147 0.0
v -3.009174916834812 -0.210514692920508 0.0
v -3.4630262521012765 -1.1285593581974807 0.0
v -3.009174916834812 -0.210514692920508 0.0
v -2.9725914229715933 -0.34518717821917677 0.0
v -3.9662355064918073 0.434913766015147 0.0
v -4.63228688443861 -1.0647797301772142 0.0
v -4.691096927445217 0.16051637475646552 0.0
v -2.313448657749396 0.9880138096322741 0.0
v -3.009174916834812 -0.210514692920508 0.0
v -3.9662355064918073 0.434913766015147 0.0
v -2.313448657749396 0.9880138096322741 0.0
v -3.783490599201568 1.378700744302541 0.0
v -3.0835192328828267 1.6451773614661624 0.0
v -3.783490599201568 1.378700744302541 0.0
v -2.313448657749396 0.9880138096322741 0.0
v -3.9662355064918073 0.434913766015147 0.0
v -3.1457756950983513 -2.1003276166600067 0.0
v -1.7042003966524066 -1.5318937623921174 0.0
v -2.758064290567402 -2.3319934937018907 0.0
v -1.7042003966524066 -1.5318937623921174 0.0
v -3.1457756950983513 -2.1003276166600067 0.0
v -3.4630262521012765 -1.1285593581974807 0.0
v -3.4630262521012765 -1.1285593581974807 0.0
v -2.9725914229715933 -0.34518717821917677 0.0
v -1.6990962453826621 -0.8191967213673692 0.0
v -1.7042003966524066 -1.5318937623921174 0.0
v -3.4630262521012765 -1.1285593581974807 0.0
v -1.6990962453826621 -0.8191967213673692 0.0
v -5.02448840225028 1.6163112535991275 0.0
v -5.341900679999999 0.916123780459557 0.0
v -5.34190068 1.0540372828466096 0.0
v -3.783490599201568 1.378700744302541 0.0
v -5.02448840225028 1.6163112535991275 0.0
v -4.4545094982706335 1.8431334723064743 0.0
v -5.02448840225028 1.6163112535991275 0.0
v -3.783490599201568 1.378700744302541 0.0
v -3.9662355064918073 0.434913766015147 0.0
v -5.341900679999999 0.916123780459557 0.0
v -3.9662355064918073 0.434913766015147 0.0
v -4.691096927445217 0.16051637475646552 0.0
v -5.341900679999999 0.916123780459557 0.0
v -5.02448840225028 1.6163112535991275 0.0
v -3.9662355064918073 0.434913766015147 0.0
v -4.946127543758278 1.7551221129906964 0.0
v -4.687019645502334 2.0040608651373293 0.0
v -4.553242924523675 1.9114699000337592 0.0
v -4.687019645502334 2.0040608651373293 0.0
v -4.946127543758278 1.7551221129906964 0.0
v -4.798956268895624 2.0158258818694286 0.0
v -0.012714849999998723 -3.6133573500000002 0.0
v -0.012714849999999167 -2.8649843726506057 0.0
v -0.00026213999999935567 -2.874798580526118 0.0
v -0.012714849999998723 -3.6133573500000002 0.0
v -2.379610073347158 -3.647999810000001 0.0
v -2.3895724762015487 -3.6133573500000002 0.0
v -0.012714849999998723 -3.6133573500000002 0.0
v -0.00026213999999935567 -2.874798580526118 0.0
v -0.0002621399999989116 -3.647999810000001 0.0
v -2.379610073347158 -3.647999810000001 0.0
v -0.012714849999998723 -3.6133573500000002 0.0
v -0.0002621399999989116 -3.647999810000001 0.0
v -2.623948352845167 -2.7983574899999994 0.0
v -1.7042003966524066 -1.5318937623921174 0.0
v -0.912714829999999 -2.155677973346576 0.0
v -0.912714829999999 -2.155677973346576 0.0
v -0.9127148299999983 -2.7983574899999994 0.0
v -2.623948352845167 -2.7983574899999994 0.0
v -1.7042003966524066 -1.5318937623921174 0.0
v -2.623948352845167 -2.7983574899999994 0.0
v -2.758064290567402 -2.3319934937018907 0.0
v -4.52168292 -3.0531010499999995 0.0
v -4.607335492852505 -3.05310105 0.0
v -4.506904303832745 -2.6594863077389066 0.0
v -2.8027147799999996 -2.7983574899999994 0.0
v -3.1457756950983513 -2.1003276166600067 0.0
v -2.758064290567402 -2.3319934937018907 0.0
v -2.758064290567402 -2.3319934937018907 0.0
v -2.623948352845167 -2.7983574899999994 0.0
v -2.8027147799999996 -2.7983574899999994 0.0
v -2.8027147799999996 -3.6133573500000002 0.0
v -2.3895724762015487 -3.6133573500000002 0.0
v -2.379610073347158 -3.647999810000001 0.0
v -4.52168292 -3.6231009399999996 0.0
v -4.759124497171736 -3.6479998100000004 0.0
v -4.752771525977151 -3.62310094 0.0
v -2.8027147799999996 -2.7983574899999994 0.0
v -4.52168292 -3.0531010499999995 0.0
v -4.506904303832745 -2.6594863077389066 0.0
v -3.1457756950983513 -2.1003276166600067 0.0
v -2.8027147799999996 -2.7983574899999994 0.0
v -4.506904303832745 -2.6594863077389066 0.0
v -2.8027147799999996 -3.6133573500000002 0.0
v -4.759124497171736 -3.6479998100000004 0.0
v -4.52168292 -3.6231009399999996 0.0
v -2.8027147799999996 -3.6133573500000002 0.0
v -4.52168292 -3.0531010499999995 0.0
v -2.8027147799999996 -2.7983574899999994 0.0
v -4.759124497171736 -3.6479998100000004 0.0
v -2.8027147799999996 -3.6133573500000002 0.0
v -2.379610073347158 -3.647999810000001 0.0
v -4.52168292 -3.0531010499999995 0.0
v -2.8027147799999996 -3.6133573500000002 0.0
v -4.52168292 -3.6231009399999996 0.0
v -4.942222737958792 -1.8078843103573559 0.0
v -3.1457756950983513 -2.1003276166600067 0.0
v -4.506904303832745 -2.6594863077389066 0.0
v -3.4630262521012765 -1.1285593581974807 0.0
v -4.942222737958792 -1.8078843103573559 0.0
v -4.63228688443861 -1.0647797301772142 0.0
v -3.1457756950983513 -2.1003276166600067 0.0
v -4.942222737958792 -1.8078843103573559 0.0
v -3.4630262521012765 -1.1285593581974807 0.0
v -5.34190068 -0.09118617999999934 0.0
v -5.341900679999999 0.916123780459557 0.0
v -4.691096927445217 0.16051637475646552 0.0
v -5.441900389999999 -0.0911861799999989 0.0
v -4.9205452232398015 -0.48728386886915265 0.0
v -6.25126223 -0.5377720145787701 0.0
v -5.441900389999999 -0.0911861799999989 0.0
v -6.251262229999998 0.8765442275528068 0.0
v -5.44190039 0.9649418586571161 0.0
v -4.9205452232398015 -0.48728386886915265 0.0
v -5.34190068 -0.09118617999999934 0.0
v -4.691096927445217 0.16051637475646552 0.0
v -6.251262229999998 0.8765442275528068 0.0
v -5.441900389999999 -0.0911861799999989 0.0
v -6.25126223 -0.5377720145787701 0.0
v -4.9205452232398015 -0.48728386886915265 0.0
v -5.441900389999999 -0.0911861799999989 0.0
v -5.34190068 -0.09118617999999934 0.0
v -6.251262229999999 -1.1499999599999997 0.0
v -4.63228688443861 -1.0647797301772142 0.0
v -4.942222737958792 -1.8078843103573559 0.0
v -4.942222737958792 -1.8078843103573559 0.0
v -6.251262229999999 -1.875064548479399 0.0
v -6.251262229999999 -1.1499999599999997 0.0
v -6.251262229999999 -1.1499999599999997 0.0
v -6.25126223 -0.5377720145787701 0.0
v -4.9205452232398015 -0.48728386886915265 0.0
v -4.63228688443861 -1.0647797301772142 0.0
v -6.251262229999999 -1.1499999599999997 0.0
v -4.9205452232398015 -0.48728386886915265 0.0
v -6.15168304 -3.05310105 0.0
v -4.506904303832745 -2.6594863077389066 0.0
v -4.607335492852505 -3.05310105 0.0
v -6.15168304 -3.62310094 0.0
v -4.752771525977151 -3.62310094 0.0
v -4.759124497171736 -3.6479998100000004 0.0
v -4.942222737958792 -1.8078843103573559 0.0
v -6.251262229999999 -2.1870000399999987 0.0
v -6.251262229999999 -1.875064548479399 0.0
v -4.506904303832745 -2.6594863077389066 0.0
v -6.15168304 -3.05310105 0.0
v -4.942222737958792 -1.8078843103573559 0.0
v -6.15168304 -3.62310094 0.0
v -4.759124497171736 -3.6479998100000004 0.0
v -6.25126223 -3.647999810000001 0.0
v -6.251262229999999 -2.1870000399999987 0.0
v -4.942222737958792 -1.8078843103573559 0.0
v -6.15168304 -3.05310105 0.0
v -6.15168304 -3.05310105 0.0
v -6.15168304 -3.62310094 0.0
v -6.25126223 -3.647999810000001 0.0
v -6.251262229999999 -2.1870000399999987 0.0
v -6.15168304 -3.05310105 0.0
v -6.25126223 -3.647999810000001 0.0
v -5.066396678145733 -3.64799981 1.4372004285826527
v -5.031414163975978 -3.64799981 2.7680000399999996
v -6.25126223 -3.64799981 2.76800004
v -6.25126223 -3.64799981 2.76800004
v -6.25126223 -3.64799981 1.2816337224832763
v -5.066396678145733 -3.64799981 1.4372004285826527
v -3.795666095947347 -3.64799981 1.4893277899742947
v -3.1587738388878233 -3.64799981 1.1284260016095933
v -2.495518148809333 -3.64799981 1.5031268417477603
v -2.495518148809333 -3.64799981 1.5031268417477603
v -2.4961458987445755 -3.64799981 2.7680000400000004
v -3.7925600279326614 -3.64799981 2.76800004
v -3.7925600279326614 -3.64799981 2.76800004
v -3.795666095947347 -3.64799981 1.4893277899742947
v -2.495518148809333 -3.64799981 1.5031268417477603
v -6.25126223 -3.64799981 0.0
v -5.066396678145733 -3.64799981 1.4372004285826527
v -6.25126223 -3.64799981 1.2816337224832763
v -5.066396678145733 -3.64799981 1.4372004285826527
v -6.25126223 -3.64799981 0.0
v -4.712096520325812 -3.64799981 0.0
v -5.066396678145733 -3.64799981 1.4372004285826527
v -4.712096520325812 -3.64799981 0.0
v -4.6987978462773965 -3.64799981 1.156415982603959
v -4.712096520325812 -3.64799981 0.0
v -3.795666095947347 -3.64799981 1.4893277899742947
v -4.6987978462773965 -3.64799981 1.156415982603959
v -3.795666095947347 -3.64799981 1.4893277899742947
v -4.712096520325812 -3.64799981 0.0
v -3.1493693920299033 -3.64799981 2.220446049250313e-16
v -3.795666095947347 -3.64799981 1.4893277899742947
v -3.1493693920299033 -3.64799981 2.220446049250313e-16
v -3.1587738388878233 -3.64799981 1.1284260016095933
v -5.066396678145733 -3.64799981 1.4372004285826527
v -4.6987978462773965 -3.64799981 1.156415982603959
v -3.795666095947347 -3.64799981 1.4893277899742947
v -3.795666095947347 -3.64799981 1.4893277899742947
v -3.7925600279326614 -3.64799981 2.76800004
v -5.031414163975978 -3.64799981 2.7680000399999996
v -5.031414163975978 -3.64799981 2.7680000399999996
v -5.066396678145733 -3.64799981 1.4372004285826527
v -3.795666095947347 -3.64799981 1.4893277899742947
v -1.1988130705866602 -3.64799981 1.4490303760392438
v -0.00026213999999974424 -3.64799981 1.2716310518172813
v -0.0002621400000000218 -3.64799981 2.7680000400000004
v -0.0002621400000000218 -3.64799981 2.7680000400000004
v -1.2382936761359986 -3.64799981 2.7680000400000004
v -1.1988130705866602 -3.64799981 1.4490303760392438
v -3.1493693920299033 -3.64799981 2.220446049250313e-16
v -2.495518148809333 -3.64799981 1.5031268417477603
v -3.1587738388878233 -3.64799981 1.1284260016095933
v -2.495518148809333 -3.64799981 1.5031268417477603
v -3.1493693920299033 -3.64799981 2.220446049250313e-16
v -1.585167594591376 -3.64799981 -1.1102230246251565e-16
v -2.495518148809333 -3.64799981 1.5031268417477603
v -1.585167594591376 -3.64799981 -1.1102230246251565e-16
v -1.591739346690498 -3.64799981 1.1465679783436926
v -2.495518148809333 -3.64799981 1.5031268417477603
v -1.591739346690498 -3.64799981 1.1465679783436926
v -1.1988130705866602 -3.64799981 1.4490303760392438
v -2.495518148809333 -3.64799981 1.5031268417477603
v -1.2382936761359986 -3.64799981 2.7680000400000004
v -2.4961458987445755 -3.64799981 2.7680000400000004
v -1.2382936761359986 -3.64799981 2.7680000400000004
v -2.495518148809333 -3.64799981 1.5031268417477603
v -1.1988130705866602 -3.64799981 1.4490303760392438
v -1.1988130705866602 -3.64799981 1.4490303760392438
v -1.591739346690498 -3.64799981 1.1465679783436926
v -1.585167594591376 -3.64799981 -1.1102230246251565e-16
v -1.1988130705866602 -3.64799981 1.4490303760392438
v -0.0002621399999992172 -3.64799981 -1.3143899093220044e-16
v -0.00026213999999974424 -3.64799981 1.2716310518172813
v -0.0002621399999992172 -3.64799981 -1.3143899093220044e-16
v -1.1988130705866602 -3.64799981 1.4490303760392438
v -1.585167594591376 -3.64799981 -1.1102230246251565e-16
v -1.2396634230482713 0.9300000200000003 2.76800004
v -0.0002621400000000218 0.93000002 2.76800004
v -0.00026214 2.52300007 2.76800004
v -0.00026214 2.52300007 2.76800004
v -1.1146243742391395 2.6247918870358866 2.76800004
v -1.2396634230482713 0.9300000200000003 2.76800004
v -4.914451439912745 1.9784814081915865 2.76800004
v -4.4778218509393275 2.932004363989188 2.76800004
v -6.251262229999999 3.09399991 2.76800004
v -6.251262229999999 3.09399991 2.76800004
v -6.251262229999999 1.991552644574772 2.76800004
v -4.914451439912745 1.9784814081915865 2.76800004
v -1.2396634230482713 0.9300000200000003 2.76800004
v -2.3322751928554792 2.736018636771192 2.76800004
v -2.3818669299505237 0.93000002 2.76800004
v -2.3322751928554792 2.736018636771192 2.76800004
v -1.2396634230482713 0.9300000200000003 2.76800004
v -1.1146243742391395 2.6247918870358866 2.76800004
v -4.914451439912745 1.9784814081915865 2.76800004
v -6.251262229999999 1.991552644574772 2.76800004
v -6.25126223 0.9300000200000001 2.76800004
v -6.25126223 0.9300000200000001 2.76800004
v -4.557243857974216 0.9300000200000003 2.76800004
v -4.914451439912745 1.9784814081915865 2.76800004
v -2.3322751928554792 2.736018636771192 2.76800004
v -3.497959806443371 2.8424985149132427 2.76800004
v -3.5831702541112542 0.9300000200000001 2.76800004
v -3.5831702541112542 0.9300000200000001 2.76800004
v -2.3818669299505237 0.93000002 2.76800004
v -2.3322751928554792 2.736018636771192 2.76800004
v -3.497959806443371 2.8424985149132427 2.76800004
v -4.4778218509393275 2.932004363989188 2.76800004
v -4.914451439912745 1.9784814081915865 2.76800004
v -4.914451439912745 1.9784814081915865 2.76800004
v -4.557243857974216 0.9300000200000003 2.76800004
v -3.5831702541112542 0.9300000200000001 2.76800004
v -3.5831702541112542 0.9300000200000001 2.76800004
v -3.497959806443371 2.8424985149132427 2.76800004
v -4.914451439912745 1.9784814081915865 2.76800004
v -6.25126223 3.09399991 2.76800004
v -6.25126223 1.4958248670183132 1.5425860594168774
v -6.25126223 1.4232145419922337 2.76800004
v -6.25126223 1.7510574051874344 1.3227806840768608
v -6.25126223 3.09399991 2.76800004
v -6.25126223 3.09399991 1.4867167855458991
v -6.25126223 1.4958248670183132 1.5425860594168774
v -6.25126223 3.09399991 2.76800004
v -6.25126223 1.7510574051874344 1.3227806840768608
v -6.25126223 -0.15256152705957823 1.5884193630366146
v -6.25126223 -1.1499999599999995 1.2937557665357857
v -6.25126223 -1.1499999599999993 2.03299994
v -6.25126223 -1.1499999599999993 2.03299994
v -6.25126223 -1.7854086026529559 2.03299994
v -6.25126223 -1.7231781341718873 2.76800004
v -6.25126223 -1.1499999599999993 2.03299994
v -6.25126223 -0.008709286682149764 2.7680000400000004
v -6.25126223 -0.15256152705957823 1.5884193630366146
v -6.25126223 -0.008709286682149764 2.7680000400000004
v -6.25126223 -1.1499999599999993 2.03299994
v -6.25126223 -1.7231781341718873 2.76800004
v -6.25126223 1.7510574051874344 1.3227806840768608
v -6.25126223 3.09399991 1.4867167855458991
v -6.25126223 3.09399991 -4.440892098500626e-16
v -6.25126223 3.09399991 -4.440892098500626e-16
v -6.25126223 1.7546060074344505 -2.220446049250313e-16
v -6.25126223 1.7510574051874344 1.3227806840768608
v -6.25126223 0.3331345433474321 1.182811653555874
v -6.25126223 1.4958248670183132 1.5425860594168774
v -6.25126223 1.7510574051874344 1.3227806840768608
v -6.25126223 0.3331345433474321 1.182811653555874
v -6.25126223 1.7546060074344505 -2.220446049250313e-16
v -6.25126223 0.31858516039757734 0.0
v -6.25126223 1.7546060074344505 -2.220446049250313e-16
v -6.25126223 0.3331345433474321 1.182811653555874
v -6.25126223 1.7510574051874344 1.3227806840768608
v -6.25126223 -2.18700004 2.03299994
v -6.25126223 -2.18700004 1.6580394809199872
v -6.25126223 -3.64799981 2.1565030685407476
v -6.25126223 -2.18700004 2.03299994
v -6.25126223 -3.647999810000001 2.76800004
v -6.25126223 -1.7231781341718873 2.76800004
v -6.25126223 -1.7231781341718873 2.76800004
v -6.25126223 -1.7854086026529559 2.03299994
v -6.25126223 -2.18700004 2.03299994
v -6.25126223 -3.647999810000001 2.76800004
v -6.25126223 -2.18700004 2.03299994
v -6.25126223 -3.64799981 2.1565030685407476
v -6.25126223 0.49900002000000004 2.27600003
v -6.25126223 0.3331345433474321 1.182811653555874
v -6.25126223 -0.15256152705957823 1.5884193630366146
v -6.25126223 0.49900002000000004 2.27600003
v -6.25126223 -0.008709286682149764 2.7680000400000004
v -6.25126223 0.49900002 2.7680000400000004
v -6.25126223 0.9300000199999998 2.27600003
v -6.25126223 0.93000002 2.7680000400000004
v -6.25126223 1.4232145419922337 2.76800004
v -6.25126223 -0.008709286682149764 2.7680000400000004
v -6.25126223 0.49900002000000004 2.27600003
v -6.25126223 -0.15256152705957823 1.5884193630366146
v -6.25126223 0.9300000199999998 2.27600003
v -6.25126223 1.4232145419922337 2.76800004
v -6.25126223 1.4958248670183132 1.5425860594168774
v -6.25126223 0.9300000199999998 2.27600003
v -6.25126223 0.3331345433474321 1.182811653555874
v -6.25126223 0.49900002000000004 2.27600003
v -6.25126223 0.3331345433474321 1.182811653555874
v -6.25126223 0.9300000199999998 2.27600003
v -6.25126223 1.4958248670183132 1.5425860594168774
v -6.25126223 -3.6479998099999995 0.8720553771288437
v -6.25126223 -2.187000039999999 6.111156783719877e-16
v -6.25126223 -3.64799981 -3.3306690738754696e-16
v -6.25126223 -2.187000039999999 6.111156783719877e-16
v -6.25126223 -3.6479998099999995 0.8720553771288437
v -6.25126223 -2.18700004 1.0376968335569448
v -6.25126223 -1.1499999600000002 -1.1102230246251565e-16
v -6.25126223 0.3331345433474321 1.182811653555874
v -6.25126223 0.31858516039757734 0.0
v -6.25126223 0.3331345433474321 1.182811653555874
v -6.25126223 -1.1499999600000002 -1.1102230246251565e-16
v -6.25126223 -1.1499999599999995 1.2937557665357857
v -6.25126223 0.3331345433474321 1.182811653555874
v -6.25126223 -1.1499999599999995 1.2937557665357857
v -6.25126223 -0.15256152705957823 1.5884193630366146
v -6.25126223 -2.18700004 1.6580394809199872
v -6.25126223 -2.18700004 1.0376968335569448
v -6.25126223 -3.6479998099999995 0.8720553771288437
v -6.25126223 -3.6479998099999995 0.8720553771288437
v -6.25126223 -3.64799981 2.1565030685407476
v -6.25126223 -2.18700004 1.6580394809199872
v -6.25126223 -2.18700004 1.0104584792575664
v -6.25126223 -1.14999996 0.0
v -6.25126223 -2.18700004 -1.1102230246251565e-16
v -6.25126223 -1.14999996 0.0
v -6.25126223 -2.18700004 1.0104584792575664
v -6.25126223 -1.1499999599999997 1.0179370939476509
v -6.25126223 -1.1499999599999997 1.0179370939476509
v -6.25126223 -2.18700004 2.03299994
v -6.25126223 -1.1499999599999997 2.03299994
v -6.25126223 -2.18700004 2.03299994
v -6.25126223 -1.1499999599999997 1.0179370939476509
v -6.25126223 -2.18700004 1.0104584792575664
v -3.133583166561945 0.49900002 2.27600003
v -0.00026214 0.49900002 2.76800004
v -0.0002621399999999871 0.49900002 2.27600003
v -0.00026214 0.49900002 2.76800004
v -3.133583166561945 0.49900002 2.27600003
v -3.1344319062536705 0.49900002 2.76800004
v -3.1344319062536705 0.49900002 2.76800004
v -6.25126223 0.49900002 2.27600003
v -6.251262229999999 0.49900002 2.76800004
v -6.25126223 0.49900002 2.27600003
v -3.1344319062536705 0.49900002 2.76800004
v -3.133583166561945 0.49900002 2.27600003
v -3.2134949143441727 0.49900002 2.27600003
v -0.0002621399999999906 0.4990000199999999 2.27600003
v -0.00026214 0.93000002 2.27600003
v -0.00026214 0.93000002 2.27600003
v -3.213723433555096 0.9300000200000001 2.27600003
v -3.2134949143441727 0.49900002 2.27600003
v -3.213723433555096 0.9300000200000001 2.27600003
v -6.251262229999999 0.9300000200000003 2.27600003
v -6.251262229999999 0.49900002000000004 2.27600003
v -6.251262229999999 0.49900002000000004 2.27600003
v -3.2134949143441727 0.49900002 2.27600003
v -3.213723433555096 0.9300000200000001 2.27600003
v -3.1089155708704315 0.93000002 2.76800004
v -6.25126223 0.93000002 2.76800004
v -6.25126223 0.93000002 2.27600003
v -6.25126223 0.93000002 2.27600003
v -3.107558841892256 0.93000002 2.27600003
v -3.1089155708704315 0.93000002 2.76800004
v -3.107558841892256 0.93000002 2.27600003
v -0.00026214000000090304 0.93000002 2.27600003
v -0.00026214000000024504 0.93000002 2.76800004
v -0.00026214000000024504 0.93000002 2.76800004
v -3.1089155708704315 0.93000002 2.76800004
v -3.107558841892256 0.93000002 2.27600003
v -0.00026214 0.49900002 2.76800004
v -1.4127830936071641 -0.9194472886203218 2.76800004
v -0.0002621400000000218 -0.7093534331623148 2.76800004
v -1.4127830936071641 -0.9194472886203218 2.76800004
v -0.00026214 0.49900002 2.76800004
v -1.7365131672489795 0.4990000200000001 2.76800004
v -1.4127830936071641 -0.9194472886203218 2.76800004
v -1.7365131672489795 0.4990000200000001 2.76800004
v -1.723155603458601 -0.6307859698617574 2.76800004
v -2.3984000464934896 -2.3252915125391853 2.76800004
v -2.9383495494231444 -1.0310763406103165 2.76800004
v -2.9258632727119482 -1.9888492644440219 2.76800004
v -1.4127830936071641 -0.9194472886203218 2.76800004
v -2.3984000464934896 -2.3252915125391853 2.76800004
v -1.4073781878198286 -2.0746536404961944 2.76800004
v -2.9383495494231444 -1.0310763406103165 2.76800004
v -1.4127830936071641 -0.9194472886203218 2.76800004
v -1.723155603458601 -0.6307859698617574 2.76800004
v -2.3984000464934896 -2.3252915125391853 2.76800004
v -1.4127830936071641 -0.9194472886203218 2.76800004
v -2.9383495494231444 -1.0310763406103165 2.76800004
v -3.354471219401826 -0.675617731458482 2.76800004
v -2.9383495494231444 -1.0310763406103165 2.76800004
v -1.723155603458601 -0.6307859698617574 2.76800004
v -1.723155603458601 -0.6307859698617574 2.76800004
v -1.7365131672489795 0.4990000200000001 2.76800004
v -3.365600446636981 0.49900002 2.76800004
v -3.365600446636981 0.49900002 2.76800004
v -3.354471219401826 -0.675617731458482 2.76800004
v -1.723155603458601 -0.6307859698617574 2.76800004
v -1.4127830936071641 -0.9194472886203218 2.76800004
v -1.4073781878198286 -2.0746536404961944 2.76800004
v -1.186626869514079 -2.2439219280247955 2.76800004
v -1.4127830936071641 -0.9194472886203218 2.76800004
v -0.0002621400000000218 -2.155808214550802 2.76800004
v -0.0002621400000000218 -0.7093534331623148 2.76800004
v -0.0002621400000000218 -2.155808214550802 2.76800004
v -1.4127830936071641 -0.9194472886203218 2.76800004
v -1.186626869514079 -2.2439219280247955 2.76800004
v -1.186626869514079 -2.2439219280247955 2.76800004
v -1.1685949801667115 -3.6479998100000004 2.76800004
v -0.00026214000000024384 -3.647999810000001 2.76800004
v -0.00026214000000024384 -3.647999810000001 2.76800004
v -0.0002621400000000218 -2.155808214550802 2.76800004
v -1.186626869514079 -2.2439219280247955 2.76800004
v -3.6996117277345957 -2.3765099150068343 2.76800004
v -3.354471219401826 -0.675617731458482 2.76800004
v -4.559167371939113 -1.0516769140093152 2.76800004
v -4.559167371939113 -1.0516769140093152 2.76800004
v -4.550949667978897 -1.9934315678175816 2.76800004
v -3.6996117277345957 -2.3765099150068343 2.76800004
v -3.6996117277345957 -2.3765099150068343 2.76800004
v -2.9258632727119482 -1.9888492644440219 2.76800004
v -2.9383495494231444 -1.0310763406103165 2.76800004
v -3.354471219401826 -0.675617731458482 2.76800004
v -3.6996117277345957 -2.3765099150068343 2.76800004
v -2.9383495494231444 -1.0310763406103165 2.76800004
v -1.186626869514079 -2.2439219280247955 2.76800004
v -1.4073781878198286 -2.0746536404961944 2.76800004
v -2.3984000464934896 -2.3252915125391853 2.76800004
v -2.3984000464934896 -2.3252915125391853 2.76800004
v -2.414376037675517 -3.647999810000001 2.76800004
v -1.1685949801667115 -3.6479998100000004 2.76800004
v -1.1685949801667115 -3.6479998100000004 2.76800004
v -1.186626869514079 -2.2439219280247955 2.76800004
v -2.3984000464934896 -2.3252915125391853 2.76800004
v -4.863964933440545 -0.7716802281113886 2.76800004
v -4.559167371939113 -1.0516769140093152 2.76800004
v -3.354471219401826 -0.675617731458482 2.76800004
v -3.354471219401826 -0.675617731458482 2.76800004
v -3.365600446636981 0.49900002 2.76800004
v -4.860204990730132 0.49900002 2.76800004
v -4.860204990730132 0.49900002 2.76800004
v -4.863964933440545 -0.7716802281113886 2.76800004
v -3.354471219401826 -0.675617731458482 2.76800004
v -5.002614785419991 -2.3289455957968075 2.76800004
v -6.251262230000001 -0.9746437515191644 2.76800004
v -6.25126223 -2.087482431929906 2.76800004
v -4.559167371939113 -1.0516769140093152 2.76800004
v -5.002614785419991 -2.3289455957968075 2.76800004
v -4.550949667978897 -1.9934315678175816 2.76800004
v -5.002614785419991 -2.3289455957968075 2.76800004
v -4.559167371939113 -1.0516769140093152 2.76800004
v -4.863964933440545 -0.7716802281113886 2.76800004
v -6.251262230000001 -0.9746437515191644 2.76800004
v -5.002614785419991 -2.3289455957968075 2.76800004
v -4.863964933440545 -0.7716802281113886 2.76800004
v -3.6996117277345957 -2.3765099150068343 2.76800004
v -4.550949667978897 -1.9934315678175816 2.76800004
v -5.002614785419991 -2.3289455957968075 2.76800004
v -3.6996117277345957 -2.3765099150068343 2.76800004
v -5.003272817354045 -3.647999810000001 2.76800004
v -3.6877565114710844 -3.6479998100000004 2.76800004
v -5.003272817354045 -3.647999810000001 2.76800004
v -3.6996117277345957 -2.3765099150068343 2.76800004
v -5.002614785419991 -2.3289455957968075 2.76800004
v -2.3984000464934896 -2.3252915125391853 2.76800004
v -2.9258632727119482 -1.9888492644440219 2.76800004
v -3.6996117277345957 -2.3765099150068343 2.76800004
v -3.6996117277345957 -2.3765099150068343 2.76800004
v -3.6877565114710844 -3.6479998100000004 2.76800004
v -2.414376037675517 -3.647999810000001 2.76800004
v -2.414376037675517 -3.647999810000001 2.76800004
v -2.3984000464934896 -2.3252915125391853 2.76800004
v -3.6996117277345957 -2.3765099150068343 2.76800004
v -4.863964933440545 -0.7716802281113886 2.76800004
v -4.860204990730132 0.49900002 2.76800004
v -6.25126223 0.49900002000000043 2.76800004
v -6.25126223 0.49900002000000043 2.76800004
v -6.251262230000001 -0.9746437515191644 2.76800004
v -4.863964933440545 -0.7716802281113886 2.76800004
v -5.002614785419991 -2.3289455957968075 2.76800004
v -6.25126223 -2.087482431929906 2.76800004
v -6.25126223 -3.64799981 2.76800004
v -6.25126223 -3.64799981 2.76800004
v -5.003272817354045 -3.647999810000001 2.76800004
v -5.002614785419991 -2.3289455957968075 2.76800004
v -1.2305488246814844 2.6353810474424844 1.329124935873141
v -0.00026213999999985527 2.52300007 1.4602590884418618
v -0.00026213999999979976 2.52300007 0.0
v -0.00026213999999979976 2.52300007 0.0
v -1.2656977124354594 2.6385917351716053 4.440892098500626e-16
v -1.2305488246814844 2.6353810474424844 1.329124935873141
v -1.2305488246814844 2.6353810474424844 1.329124935873141
v -1.5359006897899317 2.663273522824072 1.5814043799268562
v -1.5254905302232926 2.662322603073417 2.7680000400000004
v -1.2305488246814844 2.6353810474424844 1.329124935873141
v -0.00026214 2.52300007 2.76800004
v -0.00026213999999985527 2.52300007 1.4602590884418618
v -0.00026214 2.52300007 2.76800004
v -1.2305488246814844 2.6353810474424844 1.329124935873141
v -1.5254905302232926 2.662322603073417 2.7680000400000004
v -3.061417468245818 2.802622398823788 2.7680000400000004
v -2.5318301172400735 2.7542470527453173 1.27292757008636
v -3.070938630565247 2.8034921128027888 1.621057085357981
v -2.5318301172400735 2.7542470527453173 1.27292757008636
v -3.061417468245818 2.802622398823788 2.7680000400000004
v -1.5254905302232926 2.662322603073417 2.7680000400000004
v -2.5318301172400735 2.7542470527453173 1.27292757008636
v -1.5254905302232926 2.662322603073417 2.7680000400000004
v -1.5359006897899317 2.663273522824072 1.5814043799268562
v -2.5318301172400735 2.7542470527453173 1.27292757008636
v -1.5359006897899317 2.663273522824072 1.5814043799268562
v -1.2305488246814844 2.6353810474424844 1.329124935873141
v -2.5318301172400735 2.7542470527453173 1.27292757008636
v -1.2656977124354594 2.6385917351716053 4.440892098500626e-16
v -2.5265486195901796 2.753764612452623 4.440892098500626e-16
v -1.2656977124354594 2.6385917351716053 4.440892098500626e-16
v -2.5318301172400735 2.7542470527453173 1.27292757008636
v -1.2305488246814844 2.6353810474424844 1.329124935873141
v -4.6372857115030754 2.9465706473929183 2.7680000400000004
v -3.807161888492056 2.8707426897389485 1.2724933992242833
v -4.636158125449575 2.9464676476413807 1.6657875846438688
v -3.807161888492056 2.8707426897389485 1.2724933992242833
v -4.6372857115030754 2.9465706473929183 2.7680000400000004
v -3.061417468245818 2.802622398823788 2.7680000400000004
v -3.807161888492056 2.8707426897389485 1.2724933992242833
v -3.061417468245818 2.802622398823788 2.7680000400000004
v -3.070938630565247 2.8034921128027888 1.621057085357981
v -3.807161888492056 2.8707426897389485 1.2724933992242833
v -3.070938630565247 2.8034921128027888 1.621057085357981
v -2.5318301172400735 2.7542470527453173 1.27292757008636
v -3.807161888492056 2.8707426897389485 1.2724933992242833
v -2.5265486195901796 2.753764612452623 4.440892098500626e-16
v -3.8501787563091203 2.8746720809223114 2.220446049250313e-16
v -2.5265486195901796 2.753764612452623 4.440892098500626e-16
v -3.807161888492056 2.8707426897389485 1.2724933992242833
v -2.5318301172400735 2.7542470527453173 1.27292757008636
v -5.097893261727275 2.988645008886138 1.3302058259891822
v -4.636158125449575 2.9464676476413807 1.6657875846438688
v -3.807161888492056 2.8707426897389485 1.2724933992242833
v -3.807161888492056 2.8707426897389485 1.2724933992242833
v -3.8501787563091203 2.8746720809223114 2.220446049250313e-16
v -5.038537003125667 2.98322309020488 3.885780586188048e-16
v -5.038537003125667 2.98322309020488 3.885780586188048e-16
v -5.097893261727275 2.988645008886138 1.3302058259891822
v -3.807161888492056 2.8707426897389485 1.2724933992242833
v -6.25126223 3.09399991 2.7680000400000004
v -5.097893261727275 2.988645008886138 1.3302058259891822
v -6.25126223 3.09399991 1.5259876717815815
v -5.097893261727275 2.988645008886138 1.3302058259891822
v -6.25126223 3.09399991 2.7680000400000004
v -4.6372857115030754 2.9465706473929183 2.7680000400000004
v -5.097893261727275 2.988645008886138 1.3302058259891822
v -4.6372857115030754 2.9465706473929183 2.7680000400000004
v -4.636158125449575 2.9464676476413807 1.6657875846438688
v -5.097893261727275 2.988645008886138 1.3302058259891822
v -5.038537003125667 2.98322309020488 3.885780586188048e-16
v -6.25126223 3.09399991 3.8432186756735074e-16
v -6.25126223 3.09399991 3.8432186756735074e-16
v -6.25126223 3.09399991 1.5259876717815815
v -5.097893261727275 2.988645008886138 1.3302058259891822
v -0.00026214 0.93000002 2.27600003
v -0.00026214 1.2788740149640792 1.3334442366500185
v -0.00026214 2.52300007 1.4920278113710277
v -0.00026214 0.93000002 2.27600003
v -0.00026214 2.52300007 2.76800004
v -0.00026214 0.93000002 2.76800004
v -0.00026214 0.93000002 2.27600003
v -0.00026214 0.8527653442531795 2.27600003
v -0.00026214 0.8020088050264194 1.7465519392179087
v -0.00026214 2.52300007 2.76800004
v -0.00026214 0.93000002 2.27600003
v -0.00026214 2.52300007 1.4920278113710277
v -0.00026214 1.2788740149640792 1.3334442366500185
v -0.00026214 0.93000002 2.27600003
v -0.00026214 0.8020088050264194 1.7465519392179087
v -0.00026214 1.2788740149640792 1.3334442366500185
v -0.00026214 1.161005218091183 0.0
v -0.00026214 2.52300007 0.0
v -0.00026214 2.52300007 0.0
v -0.00026214 2.52300007 1.4920278113710277
v -0.00026214 1.2788740149640792 1.3334442366500185
v -0.00026214 -1.4879999699999997 0.04999999999999982
v -0.00026214 -1.4879999699999997 1.0286003665160093
v -0.00026214 -2.384394191510297 1.4843331092238692
v -0.00026214 -2.384394191510297 1.4843331092238692
v -0.00026214 -3.64799981 0.9868673035043698
v -0.00026214 -3.64799981 0.0
v -0.00026214 -1.4879999699999997 0.04999999999999982
v -0.00026214 -0.9381818603550949 0.0
v -0.00026214 -0.9408628301097481 0.04999999999999982
v -0.00026214 -1.4879999699999997 0.04999999999999982
v -0.00026214 -2.384394191510297 1.4843331092238692
v -0.00026214 -3.64799981 0.0
v -0.00026214 -0.9381818603550949 0.0
v -0.00026214 -1.4879999699999997 0.04999999999999982
v -0.00026214 -3.64799981 0.0
v -0.00026214 -0.01200000000000001 2.19499993
v -0.00026214 -0.01200000000000001 1.3985529318585879
v -0.00026214 0.8020088050264194 1.7465519392179087
v -0.00026214 0.8020088050264194 1.7465519392179087
v -0.00026214 0.8527653442531795 2.27600003
v -0.00026214 0.49900002 2.27600003
v -0.00026214 -0.01200000000000001 2.19499993
v -0.00026214 0.49900002 2.76800004
v -0.00026214 -0.9508237367908814 2.76800004
v -0.00026214 -0.9508237367908814 2.76800004
v -0.00026214 -0.9111762915162154 2.1937816131120162
v -0.00026214 -0.01200000000000001 2.19499993
v -0.00026214 -0.01200000000000001 2.19499993
v -0.00026214 0.8020088050264194 1.7465519392179087
v -0.00026214 0.49900002 2.27600003
v -0.00026214 0.49900002 2.76800004
v -0.00026214 -0.01200000000000001 2.19499993
v -0.00026214 0.49900002 2.27600003
v -0.00026214 1.2788740149640792 1.3334442366500185
v -0.00026214 0.8020088050264194 1.7465519392179087
v -0.00026214 -0.01200000000000001 1.3985529318585879
v -0.00026214 -0.01200000000000001 0.04999999999999982
v -0.00026214 -0.9408628301097481 0.04999999999999982
v -0.00026214 -0.9381818603550949 0.0
v -0.00026214 -0.01200000000000001 0.04999999999999982
v -0.00026214 1.2788740149640792 1.3334442366500185
v -0.00026214 -0.01200000000000001 1.3985529318585879
v -0.00026214 -0.01200000000000001 0.04999999999999982
v -0.00026214 -0.9381818603550949 0.0
v -0.00026214 1.161005218091183 0.0
v -0.00026214 1.2788740149640792 1.3334442366500185
v -0.00026214 -0.01200000000000001 0.04999999999999982
v -0.00026214 1.161005218091183 0.0
v -0.00026214 -2.384394191510297 1.4843331092238692
v -0.00026214 -1.4879999699999997 1.0286003665160093
v -0.00026214 -1.4879999699999997 2.19300006
v -0.00026214 -1.4879999699999997 2.19300006
v -0.00026214 -0.9111762915162154 2.1937816131120162
v -0.00026214 -0.9508237367908814 2.76800004
v -0.00026214 -1.4879999699999997 2.19300006
v -0.00026214 -2.528394619320662 2.76800004
v -0.00026214 -2.384394191510297 1.4843331092238692
v -0.00026214 -2.528394619320662 2.76800004
v -0.00026214 -1.4879999699999997 2.19300006
v -0.00026214 -0.9508237367908814 2.76800004
v -0.00026214 -2.384394191510297 1.4843331092238692
v -0.00026214 -2.528394619320662 2.76800004
v -0.00026214 -3.64799981 2.76800004
v -0.00026214 -3.64799981 2.76800004
v -0.00026214 -3.64799981 0.9868673035043698
v -0.00026214 -2.384394191510297 1.4843331092238692
v 4.8783361699023695 2.0153644426783552 1.3433309977931465
v 4.60284306768891 2.0406673700639844 1.5746223884475643
v 4.602861809777609 2.0406656486789267 2.7360000500000003
v 4.8783361699023695 2.0153644426783552 1.3433309977931465
v 6.10173802 1.90299993 2.73600005
v 6.10173802 1.90299993 1.4877115098090397
v 6.10173802 1.90299993 2.73600005
v 4.8783361699023695 2.0153644426783552 1.3433309977931465
v 4.602861809777609 2.0406656486789267 2.7360000500000003
v 4.60284306768891 2.0406673700639844 1.5746223884475643
v 3.5304159459323587 2.13916546446331 1.2680956934663767
v 3.1903339366014527 2.170400621779848 1.516710454441262
v 4.60284306768891 2.0406673700639844 1.5746223884475643
v 3.1469032197017515 2.1743895574997967 2.7360000500000003
v 4.602861809777609 2.0406656486789267 2.7360000500000003
v 3.1469032197017515 2.1743895574997967 2.7360000500000003
v 4.60284306768891 2.0406673700639844 1.5746223884475643
v 3.1903339366014527 2.170400621779848 1.516710454441262
v 4.8783361699023695 2.0153644426783552 1.3433309977931465
v 6.10173802 1.90299993 1.4877115098090397
v 6.101738020000001 1.90299993 0.04999999999999982
v 6.101738020000001 1.90299993 0.04999999999999982
v 4.85907637011422 2.017133377405163 0.04999999999999982
v 4.8783361699023695 2.0153644426783552 1.3433309977931465
v 3.5304159459323587 2.13916546446331 1.2680956934663767
v 4.60284306768891 2.0406673700639844 1.5746223884475643
v 4.8783361699023695 2.0153644426783552 1.3433309977931465
v 3.5304159459323587 2.13916546446331 1.2680956934663767
v 4.85907637011422 2.017133377405163 0.04999999999999982
v 3.577142468239733 2.134873822344407 0.04999999999999982
v 4.85907637011422 2.017133377405163 0.04999999999999982
v 3.5304159459323587 2.13916546446331 1.2680956934663767
v 4.8783361699023695 2.0153644426783552 1.3433309977931465
v 1.8239945817011751 2.2958933662565513 1.4470459807410185
v 0.5707378400000003 2.41099993 1.3007613222470846
v 0.5707378400000007 2.41099993 2.7360000500000003
v 0.5707378400000007 2.41099993 2.7360000500000003
v 1.8502388996562127 2.2934829317804564 2.7360000500000003
v 1.8239945817011751 2.2958933662565513 1.4470459807410185
v 2.1087719529100593 2.2697377163078807 1.2014530568123014
v 3.1903339366014527 2.170400621779848 1.516710454441262
v 3.5304159459323587 2.13916546446331 1.2680956934663767
v 2.1087719529100593 2.2697377163078807 1.2014530568123014
v 3.577142468239733 2.134873822344407 0.04999999999999982
v 2.1029354151559554 2.270273778698514 0.050000000000000266
v 3.577142468239733 2.134873822344407 0.04999999999999982
v 2.1087719529100593 2.2697377163078807 1.2014530568123014
v 3.5304159459323587 2.13916546446331 1.2680956934663767
v 3.1903339366014527 2.170400621779848 1.516710454441262
v 2.1087719529100593 2.2697377163078807 1.2014530568123014
v 1.8239945817011751 2.2958933662565513 1.4470459807410185
v 3.1903339366014527 2.170400621779848 1.516710454441262
v 1.8502388996562127 2.2934829317804564 2.7360000500000003
v 3.1469032197017515 2.1743895574997967 2.7360000500000003
v 1.8502388996562127 2.2934829317804564 2.7360000500000003
v 3.1903339366014527 2.170400621779848 1.516710454441262
v 1.8239945817011751 2.2958933662565513 1.4470459807410185
v 1.8239945817011751 2.2958933662565513 1.4470459807410185
v 2.1087719529100593 2.2697377163078807 1.2014530568123014
v 2.1029354151559554 2.270273778698514 0.050000000000000266
v 1.8239945817011751 2.2958933662565513 1.4470459807410185
v 0.5707378400000004 2.41099993 0.05000000000000015
v 0.5707378400000003 2.41099993 1.3007613222470846
v 0.5707378400000004 2.41099993 0.05000000000000015
v 1.8239945817011751 2.2958933662565513 1.4470459807410185
v 2.1029354151559554 2.270273778698514 0.050000000000000266
v 6.10173802 -4.975032245387261 1.439801398929379
v 6.10173802 -4.878154369987836 2.73600005
v 6.10173802 -6.159999970000001 2.73600005
v 6.10173802 -6.159999970000001 2.73600005
v 6.10173802 -6.159999970000001 1.251367680081627
v 6.10173802 -4.975032245387261 1.439801398929379
v 6.10173802 -3.48300019 2.27600003
v 6.10173802 -2.9240191479179765 1.1557504273205537
v 6.10173802 -2.10464848202461 1.5714335623382156
v 6.10173802 -3.48300019 2.27600003
v 6.10173802 -2.106596596889555 2.7360000499999995
v 6.10173802 -3.48300019 2.73600005
v 6.10173802 -3.48300019 2.27600003
v 6.10173802 -3.5790434973817633 2.2760000299999996
v 6.10173802 -3.5355709838077387 1.5554544106245245
v 6.10173802 -2.106596596889555 2.7360000499999995
v 6.10173802 -3.48300019 2.27600003
v 6.10173802 -2.10464848202461 1.5714335623382156
v 6.10173802 -2.9240191479179765 1.1557504273205537
v 6.10173802 -3.48300019 2.27600003
v 6.10173802 -3.5355709838077387 1.5554544106245245
v 6.10173802 -6.159999970000001 0.050000000000000266
v 6.10173802 -4.975032245387261 1.439801398929379
v 6.10173802 -6.159999970000001 1.251367680081627
v 6.10173802 -4.975032245387261 1.439801398929379
v 6.10173802 -6.159999970000001 0.050000000000000266
v 6.10173802 -4.509998980589409 0.050000000000000266
v 6.10173802 -4.975032245387261 1.439801398929379
v 6.10173802 -4.509998980589409 0.050000000000000266
v 6.10173802 -4.521118861138978 1.0712685688845442
v 6.10173802 -2.9240191479179765 1.1557504273205537
v 6.10173802 -3.5355709838077387 1.5554544106245245
v 6.10173802 -4.521118861138978 1.0712685688845442
v 6.10173802 -4.521118861138978 1.0712685688845442
v 6.10173802 -4.509998980589409 0.050000000000000266
v 6.10173802 -2.9106918841991236 0.050000000000000044
v 6.10173802 -2.9106918841991236 0.050000000000000044
v 6.10173802 -2.9240191479179765 1.1557504273205537
v 6.10173802 -4.521118861138978 1.0712685688845442
v 6.10173802 -3.90599995 2.27600003
v 6.10173802 -4.521118861138978 1.0712685688845442
v 6.10173802 -3.5355709838077387 1.5554544106245245
v 6.10173802 -3.5355709838077387 1.5554544106245245
v 6.10173802 -3.5790434973817633 2.2760000299999996
v 6.10173802 -3.90599995 2.27600003
v 6.10173802 -3.90599995 2.27600003
v 6.10173802 -3.9059999500000004 2.7360000499999995
v 6.10173802 -4.878154369987836 2.73600005
v 6.10173802 -4.521118861138978 1.0712685688845442
v 6.10173802 -3.90599995 2.27600003
v 6.10173802 -4.975032245387261 1.439801398929379
v 6.10173802 -4.975032245387261 1.439801398929379
v 6.10173802 -3.90599995 2.27600003
v 6.10173802 -4.878154369987836 2.73600005
v 6.10173802 -1.3576391290579617 1.1498281817651546
v 6.10173802 -2.10464848202461 1.5714335623382156
v 6.10173802 -2.9240191479179765 1.1557504273205537
v 6.10173802 -2.9240191479179765 1.1557504273205537
v 6.10173802 -2.9106918841991236 0.050000000000000044
v 6.10173802 -1.3834602960482751 0.04999999999999982
v 6.10173802 -1.3834602960482751 0.04999999999999982
v 6.10173802 -1.3576391290579617 1.1498281817651546
v 6.10173802 -2.9240191479179765 1.1557504273205537
v 6.10173802 -2.10464848202461 1.5714335623382156
v 6.10173802 -1.3576391290579617 1.1498281817651546
v 6.10173802 -0.7369606534846487 1.5153663700109488
v 6.10173802 -0.7369606534846487 1.5153663700109488
v 6.10173802 -0.6750823433505357 2.7360000499999995
v 6.10173802 -2.106596596889555 2.7360000499999995
v 6.10173802 -2.106596596889555 2.7360000499999995
v 6.10173802 -2.10464848202461 1.5714335623382156
v 6.10173802 -0.7369606534846487 1.5153663700109488
v 6.10173802 -1.3834602960482751 0.04999999999999982
v 6.10173802 -0.7369606534846487 1.5153663700109488
v 6.10173802 -1.3576391290579617 1.1498281817651546
v 6.10173802 -0.7369606534846487 1.5153663700109488
v 6.10173802 -1.3834602960482751 0.04999999999999982
v 6.10173802 0.23014368932159943 0.04999999999999949
v 6.10173802 -0.7369606534846487 1.5153663700109488
v 6.10173802 0.23014368932159943 0.04999999999999949
v 6.10173802 0.23319462695609364 1.092444974320753
v 6.10173802 0.9300000200000007 2.2760000299999996
v 6.10173802 1.9029999300000022 1.177450912432043
v 6.10173802 1.9029999300000022 2.7360000499999995
v 6.10173802 1.9029999300000022 2.7360000499999995
v 6.10173802 0.930000020000001 2.736000049999999
v 6.10173802 0.9300000200000007 2.2760000299999996
v 6.10173802 0.9300000200000007 2.2760000299999996
v 6.10173802 0.6532087852288602 2.2760000299999996
v 6.10173802 0.6561938022647786 1.4458583044430982
v 6.10173802 1.9029999300000022 1.177450912432043
v 6.10173802 0.9300000200000007 2.2760000299999996
v 6.10173802 0.6561938022647786 1.4458583044430982
v 6.10173802 0.6561938022647786 1.4458583044430982
v 6.10173802 0.23319462695609364 1.092444974320753
v 6.10173802 0.23014368932159943 0.04999999999999949
v 6.10173802 0.6561938022647786 1.4458583044430982
v 6.10173802 1.9029999300000018 0.04999999999999951
v 6.10173802 1.9029999300000022 1.177450912432043
v 6.10173802 1.9029999300000018 0.04999999999999951
v 6.10173802 0.6561938022647786 1.4458583044430982
v 6.10173802 0.23014368932159943 0.04999999999999949
v 6.10173802 0.49900002000000176 2.2760000299999996
v 6.10173802 0.23319462695609364 1.092444974320753
v 6.10173802 0.6561938022647786 1.4458583044430982
v 6.10173802 0.6561938022647786 1.4458583044430982
v 6.10173802 0.6532087852288602 2.2760000299999996
v 6.10173802 0.49900002000000176 2.2760000299999996
v 6.10173802 0.49900002000000176 2.2760000299999996
v 6.10173802 0.49900002000000176 2.7360000499999995
v 6.10173802 -0.6750823433505357 2.7360000499999995
v 6.10173802 0.23319462695609364 1.092444974320753
v 6.10173802 0.49900002000000176 2.2760000299999996
v 6.10173802 -0.7369606534846487 1.5153663700109488
v 6.10173802 -0.7369606534846487 1.5153663700109488
v 6.10173802 0.49900002000000176 2.2760000299999996
v 6.10173802 -0.6750823433505357 2.7360000499999995
v 1.8738803492412544 -6.15999997 1.3581405249027947
v 2.028131014765886 -6.15999997 1.4995272345058135
v 2.028051417810038 -6.15999997 2.7360000500000003
v 1.8738803492412544 -6.15999997 1.3581405249027947
v 0.57073784 -6.15999997 2.73600005
v 0.5707378399999998 -6.15999997 1.449500051473547
v 0.57073784 -6.15999997 2.73600005
v 1.8738803492412544 -6.15999997 1.3581405249027947
v 2.028051417810038 -6.15999997 2.7360000500000003
v 2.028131014765886 -6.15999997 1.4995272345058135
v 3.238641171495013 -6.15999997 1.3106482972517541
v 3.4197481664342386 -6.15999997 1.4680208818158953
v 2.028131014765886 -6.15999997 1.4995272345058135
v 3.434608047879714 -6.15999997 2.7360000500000003
v 2.028051417810038 -6.15999997 2.7360000500000003
v 3.434608047879714 -6.15999997 2.7360000500000003
v 2.028131014765886 -6.15999997 1.4995272345058135
v 3.4197481664342386 -6.15999997 1.4680208818158953
v 1.8738803492412544 -6.15999997 1.3581405249027947
v 0.5707378399999998 -6.15999997 1.449500051473547
v 0.5707378399999996 -6.15999997 0.04999999999999938
v 0.5707378399999996 -6.15999997 0.04999999999999938
v 1.8798851045681082 -6.15999997 0.0499999999999996
v 1.8738803492412544 -6.15999997 1.3581405249027947
v 3.238641171495013 -6.15999997 1.3106482972517541
v 2.028131014765886 -6.15999997 1.4995272345058135
v 1.8738803492412544 -6.15999997 1.3581405249027947
v 3.238641171495013 -6.15999997 1.3106482972517541
v 1.8798851045681082 -6.15999997 0.0499999999999996
v 3.2203131349063145 -6.15999997 0.0499999999999996
v 1.8798851045681082 -6.15999997 0.0499999999999996
v 3.238641171495013 -6.15999997 1.3106482972517541
v 1.8738803492412544 -6.15999997 1.3581405249027947
v 4.7844295997543425 -6.15999997 1.4383314456987835
v 6.101738020000001 -6.15999997 1.3636877056166463
v 6.101738019999999 -6.15999997 2.7360000500000003
v 6.101738019999999 -6.15999997 2.7360000500000003
v 4.768936555743157 -6.15999997 2.7360000500000003
v 4.7844295997543425 -6.15999997 1.4383314456987835
v 4.6394134581187485 -6.15999997 1.3000626834974869
v 3.4197481664342386 -6.15999997 1.4680208818158953
v 3.238641171495013 -6.15999997 1.3106482972517541
v 4.6394134581187485 -6.15999997 1.3000626834974869
v 3.2203131349063145 -6.15999997 0.0499999999999996
v 4.655272526967138 -6.15999997 0.04999999999999949
v 3.2203131349063145 -6.15999997 0.0499999999999996
v 4.6394134581187485 -6.15999997 1.3000626834974869
v 3.238641171495013 -6.15999997 1.3106482972517541
v 3.4197481664342386 -6.15999997 1.4680208818158953
v 4.6394134581187485 -6.15999997 1.3000626834974869
v 4.7844295997543425 -6.15999997 1.4383314456987835
v 3.4197481664342386 -6.15999997 1.4680208818158953
v 4.768936555743157 -6.15999997 2.7360000500000003
v 3.434608047879714 -6.15999997 2.7360000500000003
v 4.768936555743157 -6.15999997 2.7360000500000003
v 3.4197481664342386 -6.15999997 1.4680208818158953
v 4.7844295997543425 -6.15999997 1.4383314456987835
v 4.7844295997543425 -6.15999997 1.4383314456987835
v 4.6394134581187485 -6.15999997 1.3000626834974869
v 4.655272526967138 -6.15999997 0.04999999999999949
v 4.7844295997543425 -6.15999997 1.4383314456987835
v 6.101738019999999 -6.15999997 0.049999999999999996
v 6.101738020000001 -6.15999997 1.3636877056166463
v 6.101738019999999 -6.15999997 0.049999999999999996
v 4.7844295997543425 -6.15999997 1.4383314456987835
v 4.655272526967138 -6.15999997 0.04999999999999949
v 0.57059608 -0.013012238656580565 2.19499855849203
v 0.57073784 -0.012 2.19499993
v -0.0002621400000000773 -0.011999999999999983 2.19499993
v 0.57073784 -0.014384258766349807 2.1949966995069943
v -0.00026213999999994314 -1.48799997 2.19300006
v 0.5707378400000002 -1.48799997 2.19300006
v -0.0002621400000000773 -0.011999999999999983 2.19499993
v 0.57073784 -0.014384258766349807 2.1949966995069943
v 0.57059608 -0.013012238656580565 2.19499855849203
v 0.57073784 -0.014384258766349807 2.1949966995069943
v -0.0002621400000000773 -0.011999999999999983 2.19499993
v -0.00026213999999994314 -1.48799997 2.19300006
v -0.0002621399999999519 -0.012 2.19499993
v 0.57055471 -0.012 0.05
v -0.0002621400000000218 -0.012 0.04999999999999999
v 0.57055471 -0.012 0.05
v -0.0002621399999999519 -0.012 2.19499993
v 0.5707378399999999 -0.012 2.19499993
v 0.57055471 -0.012 0.05
v 0.5707378399999999 -0.012 2.19499993
v 0.57073784 -0.012 0.05
v 0.57073784 -1.48799997 2.19300006
v -0.00026214 -1.48799997 2.19300006
v -0.0002621400000000218 -1.48799997 0.04999999999999999
v -0.0002621400000000218 -1.48799997 0.04999999999999999
v 0.57073784 -1.48799997 0.04999999999999983
v 0.57073784 -1.48799997 2.19300006
v 0.57073784 -0.15026035 0.05
v 0.57073784 -0.04105007 0.05
v 0.5230718 -0.06901557 0.05
v -4.41604285 2.88053755 1.10000001
v -4.51011812 1.98546776 1.10000001
v -6.13118894 2.15584922 1.10000001
v -6.13118894 2.15584922 1.10000001
v -6.03711328 3.05091881 1.10000001
v -4.41604285 2.88053755 1.10000001
v -4.41604285 2.88053755 1.10000001
v -6.03711328 3.05091881 1.10000001
v -6.03711328 3.05091881 -1.1102230246251565e-16
v -6.03711328 3.05091881 -1.1102230246251565e-16
v -4.41604285 2.88053755 -1.6448509225741707e-16
v -4.41604285 2.88053755 1.10000001
v -4.51011812 1.98546776 1.10000001
v -4.41604285 2.88053755 0.0
v -4.5101181200000005 1.9854677600000001 -5.551115123125783e-17
v -4.41604285 2.88053755 0.0
v -4.51011812 1.98546776 1.10000001
v -4.416042849999999 2.88053755 1.10000001
v -6.13118894 2.15584922 9.81615664201558e-17
v -4.51011812 1.98546776 1.10000001
v -4.51011812 1.98546776 0.0
v -4.51011812 1.98546776 1.10000001
v -6.13118894 2.15584922 9.81615664201558e-17
v -6.13118894 2.15584922 1.10000001
v -6.13118894 2.1558492200000003 2.4511046858191407e-16
v -6.03711328 3.05091881 1.10000001
v -6.131188940000001 2.15584922 1.1000000100000003
v -6.03711328 3.05091881 1.10000001
v -6.13118894 2.1558492200000003 2.4511046858191407e-16
v -6.037113279999999 3.05091881 0.0
v -6.15168304 -3.62310094 1.10000001
v -4.52168292 -3.62310094 1.10000001
v -4.52168292 -3.62310094 0.0
v -4.52168292 -3.62310094 0.0
v -6.15168304 -3.62310094 -1.3759846772329984e-16
v -6.15168304 -3.62310094 1.10000001
v -4.52168292 -3.05310105 1.10000001
v -6.15168304 -3.05310105 1.10000001
v -6.15168304 -3.05310105 0.0
v -6.15168304 -3.05310105 0.0
v -4.52168292 -3.05310105 -1.3759846772329984e-16
v -4.52168292 -3.05310105 1.10000001
v -6.15168304 -3.05310105 1.10000001
v -4.52168292 -3.62310094 1.10000001
v -6.15168304 -3.62310094 1.10000001
v -4.52168292 -3.62310094 1.10000001
v -6.15168304 -3.05310105 1.10000001
v -4.52168292 -3.05310105 1.10000001
v -4.52168292 -3.05310105 1.10000001
v -4.52168292 -3.05310105 0.0
v -4.52168292 -3.62310094 0.0
v -4.52168292 -3.62310094 0.0
v -4.52168292 -3.62310094 1.10000001
v -4.52168292 -3.05310105 1.10000001
v -6.15168304 -3.05310105 5.551115123125783e-17
v -6.15168304 -3.05310105 1.10000001
v -6.15168304 -3.62310094 1.10000001
v -6.15168304 -3.62310094 1.10000001
v -6.15168304 -3.62310094 -1.1197385770464987e-18
v -6.15168304 -3.05310105 5.551115123125783e-17
v -0.051123769999999985 2.49574572 1.10000001
v -0.05112377 2.49574572 0.0
v -0.11547146 1.59804907 5.551115123125783e-17
v -0.11547146 1.59804907 5.551115123125783e-17
v -0.11547146 1.59804907 1.10000001
v -0.051123769999999985 2.49574572 1.10000001
v -0.05112377000000001 2.49574572 1.10000001
v -0.11547146 1.59804907 1.10000001
v -1.7412999100000004 1.7145899199999999 1.10000001
v -1.7412999100000004 1.7145899199999999 1.10000001
v -1.6769522900000002 2.61228667 1.10000001
v -0.05112377000000001 2.49574572 1.10000001
v -0.05112377000000016 2.49574572 3.3060420662503386e-16
v -1.67695229 2.61228667 1.10000001
v -1.6769522900000002 2.61228667 0.0
v -1.67695229 2.61228667 1.10000001
v -0.05112377000000016 2.49574572 3.3060420662503386e-16
v -0.05112377000000001 2.49574572 1.1000000100000003
v -1.74129991 1.71458992 -5.447877876551923e-17
v -1.67695229 2.61228667 1.10000001
v -1.74129991 1.7145899199999999 1.10000001
v -1.67695229 2.61228667 1.10000001
v -1.74129991 1.71458992 -5.447877876551923e-17
v -1.67695229 2.61228667 -1.1102230246251565e-16
v -0.01271485 -1.98335762 1.10000001
v -0.01271485 -1.98335762 0.0
v -0.01271485 -3.61335735 -1.1102230246251565e-16
v -0.01271485 -3.61335735 -1.1102230246251565e-16
v -0.01271485 -3.61335735 1.10000001
v -0.01271485 -1.98335762 1.10000001
v -0.012714849999999861 -1.98335762 -2.213888313702771e-17
v -0.91271483 -1.98335762 1.10000001
v -0.9127148300000001 -1.98335762 -1.1102230246251565e-16
v -0.91271483 -1.98335762 1.10000001
v -0.012714849999999861 -1.98335762 -2.213888313702771e-17
v -0.012714849999999722 -1.98335762 1.10000001
v -0.9127148300000003 -2.79835749 1.10000001
v -0.9127148300000001 -1.9833576199999996 1.10000001
v -0.01271485 -1.9833576199999996 1.10000001
v -0.9127148300000003 -2.79835749 1.10000001
v -0.01271485 -3.61335735 1.10000001
v -1.1440240385083518 -3.61335735 1.10000001
v -1.1440240385083518 -3.61335735 1.10000001
v -1.3475079723052577 -2.79835749 1.10000001
v -0.9127148300000003 -2.79835749 1.10000001
v -0.01271485 -3.61335735 1.10000001
v -0.9127148300000003 -2.79835749 1.10000001
v -0.01271485 -1.9833576199999996 1.10000001
v -1.3475079723052577 -2.79835749 1.10000001
v -2.802714780000001 -3.61335735 1.10000001
v -2.802714780000001 -2.7983574899999994 1.10000001
v -2.802714780000001 -3.61335735 1.10000001
v -1.3475079723052577 -2.79835749 1.10000001
v -1.1440240385083518 -3.61335735 1.10000001
v -1.4134354231632842 -3.61335735 1.10000001
v -0.01271485 -3.61335735 1.10000001
v -0.01271485 -3.61335735 -2.220446049250313e-16
v -0.01271485 -3.61335735 -2.220446049250313e-16
v -1.4206434554064509 -3.61335735 -1.1102230246251565e-16
v -1.4134354231632842 -3.61335735 1.10000001
v -1.4206434554064509 -3.61335735 -1.1102230246251565e-16
v -2.8027147800000005 -3.61335735 -2.707463327217842e-16
v -2.8027147800000005 -3.61335735 1.10000001
v -2.8027147800000005 -3.61335735 1.10000001
v -1.4134354231632842 -3.61335735 1.10000001
v -1.4206434554064509 -3.61335735 -1.1102230246251565e-16
v -5.44190039 1.4788138000000002 -1.1102230246251565e-16
v -5.44190039 1.4788138 1.00000001
v -5.44190039 -0.09118618000000017 1.00000001
v -5.44190039 -0.09118618000000017 1.00000001
v -5.44190039 -0.09118618000000006 -1.3259676570824207e-16
v -5.44190039 1.4788138000000002 -1.1102230246251565e-16
v -5.44190039 -0.09118618 1.00000001
v -5.34190068 -0.09118618 1.00000001
v -5.34190068 -0.09118618 -9.8879238130678e-17
v -5.34190068 -0.09118618 -9.8879238130678e-17
v -5.44190039 -0.09118618 -2.2327067276673054e-16
v -5.44190039 -0.09118618 1.00000001
v -5.34190068 1.4788138 1.00000001
v -5.34190068 -0.09118618 1.00000001
v -5.44190039 -0.09118618 1.00000001
v -5.44190039 -0.09118618 1.00000001
v -5.44190039 1.4788137999999997 1.00000001
v -5.34190068 1.4788138 1.00000001
v -5.34190068 1.4788138000000002 1.00000001
v -5.34190068 1.4788138 0.0
v -5.34190068 -0.09118618000000017 -1.1102230246251565e-16
v -5.34190068 -0.09118618000000017 -1.1102230246251565e-16
v -5.34190068 -0.09118618000000006 1.0000000100000002
v -5.34190068 1.4788138000000002 1.00000001
v -5.34190068 1.4788138 1.00000001
v -5.44190039 1.4788138 1.00000001
v -5.44190039 1.4788138 -9.8879238130678e-17
v -5.44190039 1.4788138 -9.8879238130678e-17
v -5.34190068 1.4788138 -2.2327067276673054e-16
v -5.34190068 1.4788138 1.00000001
v -3.5562864200000006 2.55879575 1.00000001
v -3.55628642 2.55879575 0.0
v -3.5087416399999998 2.47077593 0.0
v -3.5087416399999998 2.47077593 0.0
v -3.50874164 2.47077593 1.00000001
v -3.5562864200000006 2.55879575 1.00000001
v -4.3723118 1.97219319 1.00000001
v -3.50874164 2.47077593 1.00000001
v -3.50874164 2.47077593 -1.6653345369377348e-16
v -3.50874164 2.47077593 -1.6653345369377348e-16
v -4.3723118 1.97219319 -2.6959284175950296e-16
v -4.3723118 1.97219319 1.00000001
v -3.50874164 2.47077593 1.00000001
v -4.3723118 1.97219319 1.00000001
v -4.42231185 2.05879585 1.00000001
v -4.42231185 2.05879585 1.00000001
v -3.55628642 2.55879575 1.00000001
v -3.50874164 2.47077593 1.00000001
v -4.422311850000002 2.058795849999999 -2.1337098754514727e-16
v -4.42231185 2.05879585 1.00000001
v -4.3723117999999985 1.9721931900000005 1.00000001
v -4.3723117999999985 1.9721931900000005 1.00000001
v -4.3723118 1.97219319 -2.221123398604212e-16
v -4.422311850000002 2.058795849999999 -2.1337098754514727e-16
v -3.55628642 2.55879575 -1.1811718261039316e-17
v -4.42231185 2.05879585 1.00000001
v -4.42231185 2.05879585 -5.551115123125783e-17
v -4.42231185 2.05879585 1.00000001
v -3.55628642 2.55879575 -1.1811718261039316e-17
v -3.55628642 2.55879575 1.0000000100000002
v -2.50874144 2.56199827 1.00000001
v -2.50874144 2.56199827 0.0
v -2.50874144 2.46199837 -1.734723475976807e-18
v -2.50874144 2.46199837 -1.734723475976807e-18
v -2.50874144 2.46199837 1.00000001
v -2.50874144 2.56199827 1.00000001
v -2.50874144 2.56199827 1.00000001
v -3.50874164 2.56199827 1.00000001
v -3.50874164 2.56199827 0.0
v -3.50874164 2.56199827 0.0
v -2.50874144 2.56199827 -3.052092003884332e-17
v -2.50874144 2.56199827 1.00000001
v -3.50874164 2.47077593 1.00000001
v -3.50874164 2.46199837 1.00000001
v -3.50874164 2.46199837 -4.640385298237959e-17
v -3.50874164 2.47077593 1.00000001
v -3.50874164 2.47077593 -1.3234411728415028e-18
v -3.50874164 2.56199827 1.0755285551056204e-16
v -3.50874164 2.56199827 1.0755285551056204e-16
v -3.50874164 2.56199827 1.00000001
v -3.50874164 2.47077593 1.00000001
v -3.50874164 2.47077593 -1.3234411728415028e-18
v -3.50874164 2.47077593 1.00000001
v -3.50874164 2.46199837 -4.640385298237959e-17
v -3.50874164 2.46199837 1.00000001
v -2.50874144 2.46199837 1.00000001
v -2.50874144 2.46199837 0.0
v -2.50874144 2.46199837 0.0
v -3.50874164 2.46199837 -3.052092003884332e-17
v -3.50874164 2.46199837 1.00000001
v -3.50874164 2.47077593 1.00000001
v -3.50874164 2.56199827 1.00000001
v -2.5087414400000005 2.56199827 1.00000001
v -3.50874164 2.47077593 1.00000001
v -2.50874144 2.46199837 1.00000001
v -3.50874164 2.46199837 1.00000001
v -2.50874144 2.46199837 1.00000001
v -3.50874164 2.47077593 1.00000001
v -2.5087414400000005 2.56199827 1.00000001
v -1.78405854 1.72897063 1.0000000100000002
v -1.86360582 1.66837181 1.00000001
v -2.46959422 2.4638451499999996 1.0000000099999997
v -2.46959422 2.4638451499999996 1.0000000099999997
v -2.39004694 2.52444417 1.00000001
v -1.78405854 1.72897063 1.0000000100000002
v -2.39004694 2.52444417 1.00000001
v -2.39004694 2.52444417 0.0
v -1.7840585399999997 1.72897063 0.0
v -1.7840585399999997 1.72897063 0.0
v -1.78405854 1.72897063 1.00000001
v -2.39004694 2.52444417 1.00000001
v -2.4695942200000003 2.46384515 1.6653345369377348e-16
v -2.46959422 2.46384515 1.00000001
v -1.86360582 1.6683718100000005 1.00000001
v -1.86360582 1.6683718100000005 1.00000001
v -1.86360582 1.66837181 -3.504882459792719e-17
v -2.4695942200000003 2.46384515 1.6653345369377348e-16
v -2.39004694 2.52444417 -2.2167722558069276e-16
v -2.46959422 2.46384515 1.00000001
v -2.46959422 2.46384515 -2.7582103268031233e-16
v -2.46959422 2.46384515 1.00000001
v -2.39004694 2.52444417 -2.2167722558069276e-16
v -2.39004694 2.52444417 1.00000001
v -1.86360582 1.66837181 2.210841930456316e-16
v -1.78405854 1.72897063 1.00000001
v -1.78405854 1.72897063 2.0122792321330962e-16
v -1.78405854 1.72897063 1.00000001
v -1.86360582 1.66837181 2.210841930456316e-16
v -1.86360582 1.6683718100000002 1.00000001
v -4.38912512 1.97678031 1.00000001
v -5.28128268 1.51412037 1.00000001
v -5.31825755 1.60703359 1.00000001
v -5.28128268 1.51412037 1.00000001
v -4.38912512 1.97678031 1.00000001
v -4.352150240000001 1.88386718 1.00000001
v -5.28128268 1.51412037 1.9730520606798043e-17
v -4.35215024 1.88386718 1.00000001
v -4.35215024 1.88386718 -5.551115123125783e-17
v -4.35215024 1.88386718 1.00000001
v -5.28128268 1.51412037 1.9730520606798043e-17
v -5.28128268 1.5141203700000003 1.00000001
v -5.31825755 1.60703359 -4.978656376053436e-16
v -5.31825755 1.60703359 1.00000001
v -5.28128268 1.51412037 1.00000001
v -5.28128268 1.51412037 1.00000001
v -5.28128268 1.51412037 -4.444296607628186e-16
v -5.31825755 1.60703359 -4.978656376053436e-16
v -4.38912512 1.97678031 4.764726057733807e-17
v -5.31825755 1.60703359 1.00000001
v -5.31825755 1.6070335900000001 0.0
v -5.31825755 1.60703359 1.00000001
v -4.38912512 1.97678031 4.764726057733807e-17
v -4.38912512 1.9767803099999999 1.00000001
v -4.38912512 1.9767803099999999 1.00000001
v -4.38912512 1.97678031 0.0
v -4.35215024 1.8838671800000002 -1.734723475976807e-18
v -4.35215024 1.8838671800000002 -1.734723475976807e-18
v -4.35215024 1.88386718 1.00000001
v -4.38912512 1.9767803099999999 1.00000001
v -0.91271483 -1.98335762 -2.220446049250313e-16
v -0.91271483 -1.98335762 1.10000001
v -0.91271483 -2.79835749 1.10000001
v -0.91271483 -2.79835749 1.10000001
v -0.91271483 -2.79835749 -2.4019741118320573e-16
v -0.91271483 -1.98335762 -2.220446049250313e-16
v -2.80271478 -3.61335735 3.635817636717251e-17
v -2.80271478 -2.79835749 1.10000001
v -2.80271478 -3.61335735 1.10000001
v -2.80271478 -2.79835749 1.10000001
v -2.80271478 -3.61335735 3.635817636717251e-17
v -2.80271478 -2.79835749 5.551115123125783e-17
v -1.8673631361014655 -2.79835749 2.220446049250313e-16
v -2.80271478 -2.79835749 1.10000001
v -2.8027147800000005 -2.79835749 0.0
v -2.80271478 -2.79835749 1.10000001
v -1.8673631361014655 -2.79835749 2.220446049250313e-16
v -1.8625318694129884 -2.79835749 1.10000001
v -1.8625318694129884 -2.79835749 1.10000001
v -0.9127148300000004 -2.79835749 4.070404603785277e-16
v -0.9127148300000003 -2.79835749 1.1000000100000005
v -0.9127148300000004 -2.79835749 4.070404603785277e-16
v -1.8625318694129884 -2.79835749 1.10000001
v -1.8673631361014655 -2.79835749 2.220446049250313e-16
v 0.57073784 1.3552788640698525 1.418471827466633
v 0.57073784 1.033423187737613 2.73600005
v 0.57073784 2.41099993 2.73600005
v 0.57073784 2.41099993 2.73600005
v 0.57073784 2.41099993 1.4242946886926653
v 0.57073784 1.3552788640698525 1.418471827466633
v 0.57073784 0.4990000200000001 2.27600003
v 0.57073784 1.1617542454502197 1.210816952470495
v 0.57073784 -0.01200000000000001 1.2628422091310632
v 0.57073784 0.4990000200000001 2.27600003
v 0.57073784 -0.01200000000000001 2.19499993
v 0.57073784 0.49900002 2.73600005
v 0.57073784 0.9300000199999999 2.27600003
v 0.57073784 0.93000002 2.73600005
v 0.57073784 1.033423187737613 2.73600005
v 0.57073784 -0.01200000000000001 2.19499993
v 0.57073784 0.4990000200000001 2.27600003
v 0.57073784 -0.01200000000000001 1.2628422091310632
v 0.57073784 0.9300000199999999 2.27600003
v 0.57073784 1.033423187737613 2.73600005
v 0.57073784 1.3552788640698525 1.418471827466633
v 0.57073784 0.9300000199999999 2.27600003
v 0.57073784 1.1617542454502197 1.210816952470495
v 0.57073784 0.4990000200000001 2.27600003
v 0.57073784 1.1617542454502197 1.210816952470495
v 0.57073784 0.9300000199999999 2.27600003
v 0.57073784 1.3552788640698525 1.418471827466633
v 0.57073784 2.41099993 0.04999999999999982
v 0.57073784 1.3552788640698525 1.418471827466633
v 0.57073784 2.41099993 1.4242946886926653
v 0.57073784 1.1617542454502197 1.210816952470495
v 0.57073784 2.41099993 0.04999999999999982
v 0.57073784 1.2456908029766514 0.04999999999999982
v 0.57073784 1.3552788640698525 1.418471827466633
v 0.57073784 2.41099993 0.04999999999999982
v 0.57073784 1.1617542454502197 1.210816952470495
v 0.57073784 1.1617542454502197 1.210816952470495
v 0.57073784 1.2456908029766514 0.04999999999999982
v 0.57073784 0.04261165999999983 0.04999999999999992
v 0.57073784 0.04261165999999983 0.04999999999999992
v 0.57073784 -0.011999999999999858 0.050000000000000155
v 0.57073784 -0.01200000000000001 1.2628422091310632
v 0.57073784 -0.01200000000000001 1.2628422091310632
v 0.57073784 1.1617542454502197 1.210816952470495
v 0.57073784 0.04261165999999983 0.04999999999999992
v 0.57073784 -1.48799997 0.05
v 0.57073784 -2.951132506714193 1.4264387783341497
v 0.57073784 -1.48799997 1.3441745791936124
v 0.57073784 -3.1243667494871405 1.2291118928979976
v 0.57073784 -1.48799997 0.05
v 0.57073784 -3.109217798256264 0.04999999999999993
v 0.57073784 -1.48799997 0.05
v 0.57073784 -3.1243667494871405 1.2291118928979976
v 0.57073784 -2.951132506714193 1.4264387783341497
v 0.57073784 -1.5540588849460506 2.7360000500000003
v 0.57073784 0.4990000200000002 2.736000050000001
v 0.57073784 -0.014384259999999927 2.194997610000001
v 0.57073784 -0.014384259999999927 2.194997610000001
v 0.57073784 -1.4128201668669493 2.1931019694834086
v 0.57073784 -1.5540588849460506 2.7360000500000003
v 0.57073784 -4.665779238263254 1.3494430889459497
v 0.57073784 -4.575653048153635 1.4413866249802918
v 0.57073784 -3.1243667494871405 1.2291118928979976
v 0.57073784 -3.1243667494871405 1.2291118928979976
v 0.57073784 -3.109217798256264 0.04999999999999993
v 0.57073784 -4.698700828817107 0.0499999999999996
v 0.57073784 -4.698700828817107 0.0499999999999996
v 0.57073784 -4.665779238263254 1.3494430889459497
v 0.57073784 -3.1243667494871405 1.2291118928979976
v 0.57073784 -3.90599995 2.2760000300000005
v 0.57073784 -3.1243667494871405 1.2291118928979976
v 0.57073784 -4.575653048153635 1.4413866249802918
v 0.57073784 -3.90599995 2.2760000300000005
v 0.57073784 -4.495206650817206 2.73600005
v 0.57073784 -3.90599995 2.7360000500000003
v 0.57073784 -3.4830001899999994 2.2760000300000005
v 0.57073784 -3.4830001899999994 2.7360000500000003
v 0.57073784 -3.028241784076063 2.7360000500000003
v 0.57073784 -4.495206650817206 2.73600005
v 0.57073784 -3.90599995 2.2760000300000005
v 0.57073784 -4.575653048153635 1.4413866249802918
v 0.57073784 -3.4830001899999994 2.2760000300000005
v 0.57073784 -3.028241784076063 2.7360000500000003
v 0.57073784 -2.951132506714193 1.4264387783341497
v 0.57073784 -3.4830001899999994 2.2760000300000005
v 0.57073784 -3.1243667494871405 1.2291118928979976
v 0.57073784 -3.90599995 2.2760000300000005
v 0.57073784 -3.1243667494871405 1.2291118928979976
v 0.57073784 -3.4830001899999994 2.2760000300000005
v 0.57073784 -2.951132506714193 1.4264387783341497
v 0.57073784 -1.48799997 2.1930000600000006
v 0.57073784 -1.48799997 1.3441745791936124
v 0.57073784 -2.951132506714193 1.4264387783341497
v 0.57073784 -1.48799997 2.1930000600000006
v 0.57073784 -3.028241784076063 2.7360000500000003
v 0.57073784 -1.5540588849460506 2.7360000500000003
v 0.57073784 -1.5540588849460506 2.7360000500000003
v 0.57073784 -1.4128201668669493 2.1931019694834086
v 0.57073784 -1.48799997 2.1930000600000006
v 0.57073784 -3.028241784076063 2.7360000500000003
v 0.57073784 -1.48799997 2.1930000600000006
v 0.57073784 -2.951132506714193 1.4264387783341497
v 0.57073784 -4.665779238263254 1.3494430889459497
v 0.57073784 -4.698700828817107 0.0499999999999996
v 0.57073784 -6.159999970000001 0.049999999999998934
v 0.57073784 -6.159999970000001 0.049999999999998934
v 0.57073784 -6.159999970000001 1.4579816937998593
v 0.57073784 -4.665779238263254 1.3494430889459497
v 0.57073784 -6.15999997 2.7360000499999995
v 0.57073784 -4.665779238263254 1.3494430889459497
v 0.57073784 -6.159999970000001 1.4579816937998593
v 0.57073784 -4.575653048153635 1.4413866249802918
v 0.57073784 -6.15999997 2.7360000499999995
v 0.57073784 -4.495206650817206 2.73600005
v 0.57073784 -4.665779238263254 1.3494430889459497
v 0.57073784 -6.15999997 2.7360000499999995
v 0.57073784 -4.575653048153635 1.4413866249802918
v 0.57073784 0.49900002 2.73600005
v 0.5705960800000001 -0.013012240000000026 2.19499955
v 0.57073784 -0.01438426000000014 2.19499761
v 0.57073784 0.49900002 2.73600005
v 0.5707378399999999 -0.011999999999999976 2.19499993
v 0.57059608 -0.013012239999999894 2.19499955
v 0.57152548 -0.15160281 0.05000022
v 0.57073784 -1.48799997 0.05
v 0.57073784 -0.15026035 0.05
v 0.5707378421461132 -0.041050073657961386 0.049999999999999746
v 0.58776034 -0.031063030000000047 2.19000005
v 0.5230718 -0.06901557 2.19000005
v 0.5230718 -0.06901557 2.19000005
v 0.5230718016358396 -0.06901557278822118 0.04999999999999954
v 0.5707378421461132 -0.041050073657961386 0.049999999999999746
v 0.58776034 -0.031063030000000047 2.19000005
v 0.5832808210706742 -0.03369115182492016 0.0499999999999997
v 0.5877603416358396 -0.03106303278822124 0.04999999999999948
v 0.58776034 -0.031063030000000047 2.19000005
v 0.5707378421461132 -0.041050073657961386 0.049999999999999746
v 0.57159093 -0.04054956999999999 0.050000239999999696
v 0.5832808210706742 -0.03369115182492016 0.0499999999999997
v 0.58776034 -0.031063030000000047 2.19000005
v 0.57159093 -0.04054956999999999 0.050000239999999696
v 0.8923949480531757 -0.5012788619354708 2.2199999600000004
v 0.5726411599999998 0.043728310000000215 2.2199999600000004
v 0.57264116 0.04372831 0.05
v 0.57264116 0.04372831 0.05
v 1.0479478312483435 -0.7664123494002328 0.04999999999999982
v 0.8923949480531757 -0.5012788619354708 2.2199999600000004
v 1.0479478312483435 -0.7664123494002328 0.04999999999999982
v 1.3671141300000005 -1.3104181700000002 0.04999999999999971
v 1.36711413 -1.31041817 2.21999996
v 1.36711413 -1.31041817 2.21999996
v 0.8923949480531757 -0.5012788619354708 2.2199999600000004
v 1.0479478312483435 -0.7664123494002328 0.04999999999999982
v 0.5707378491655645 0.04261164437767076 0.04999999999999977
v 0.54676575 0.0285473 2.21999996
v 0.5467657499999999 0.028547300000000022 0.04999999999999969
v 0.5726411600000001 0.04372830999999998 2.21999996
v 0.5707378491655645 0.04261164437767076 0.04999999999999977
v 0.57264116 0.04372831 0.04999999999999982
v 0.5707378491655645 0.04261164437767076 0.04999999999999977
v 0.5726411600000001 0.04372830999999998 2.21999996
v 0.54676575 0.0285473 2.21999996
v 0.5230717999999999 -0.06901556999999986 1.124334374030676
v 0.5230718 -0.06901557 2.19000005
v 1.24670007 -1.3024101300000002 2.19000005
v 1.24670007 -1.3024101300000002 2.19000005
v 1.24670007 -1.30241013 1.120010666537178
v 0.5230717999999999 -0.06901556999999986 1.124334374030676
v 1.24670007 -1.30241013 1.120010666537178
v 1.24670007 -1.30241013 0.049999999999999746
v 0.5715254536307821 -0.15160282547072768 0.050000219999999373
v 0.5230717999999999 -0.06901556999999986 1.124334374030676
v 0.5707378310522881 -0.15026035524959103 0.0499999999999996
v 0.5230718000000001 -0.0690155699999998 0.04999999999999949
v 0.5715254536307821 -0.15160282547072768 0.050000219999999373
v 0.5230717999999999 -0.06901556999999986 1.124334374030676
v 1.24670007 -1.30241013 1.120010666537178
v 0.5230717999999999 -0.06901556999999986 1.124334374030676
v 0.5715254536307821 -0.15160282547072768 0.050000219999999373
v 0.5707378310522881 -0.15026035524959103 0.0499999999999996
v 1.24670007 -1.30241013 2.1900000500000005
v 1.30690908 -1.26708574 0.05
v 1.246700061056678 -1.3024101147564568 0.05000000000000015
v 1.30690908 -1.26708574 0.05
v 1.24670007 -1.30241013 2.1900000500000005
v 1.31138866 -1.26445761 2.19000005
v 1.30690908 -1.26708574 0.05
v 1.31138866 -1.26445761 2.19000005
v 1.3113886510566783 -1.264457594756457 0.05000000000000015
v 1.34123877 -1.32559913 1.1437842043521245
v 0.54676575 0.0285473 2.21999996
v 1.34123877 -1.3255991300000003 2.21999996
v 0.54676575 0.0285473 2.21999996
v 1.34123877 -1.32559913 1.1437842043521245
v 0.54676575 0.028547300000000053 1.1208068547041883
v 1.34123877 -1.32559913 1.1437842043521245
v 1.34123877 -1.32559913 0.04999999999999971
v 1.3069091445472099 -1.2670857021303756 0.04999999999999952
v 0.54676575 0.028547300000000053 1.1208068547041883
v 0.5832808296963672 -0.033691144311174925 0.04999999999999971
v 0.5716067024329906 -0.013793076838641949 0.05000024999999997
v 0.54676575 0.028547300000000053 1.1208068547041883
v 0.570737863250963 -0.012312176358740268 0.04999999999999949
v 0.5705547103441447 -0.011999999798091299 0.04999999999999971
v 0.5705547103441447 -0.011999999798091299 0.04999999999999971
v 0.5467657500000002 0.028547300000000164 0.0499999999999996
v 0.54676575 0.028547300000000053 1.1208068547041883
v 0.54676575 0.028547300000000053 1.1208068547041883
v 1.34123877 -1.32559913 1.1437842043521245
v 1.3069091445472099 -1.2670857021303756 0.04999999999999952
v 0.570737863250963 -0.012312176358740268 0.04999999999999949
v 0.54676575 0.028547300000000053 1.1208068547041883
v 0.5716067024329906 -0.013793076838641949 0.05000024999999997
v 0.5832808296963672 -0.033691144311174925 0.04999999999999971
v 0.54676575 0.028547300000000053 1.1208068547041883
v 1.3069091445472099 -1.2670857021303756 0.04999999999999952
v 0.58776034 -0.031063030000000123 2.19000005
v 1.24670007 -1.30241013 2.19000005
v 0.5230718 -0.06901556999999992 2.1900000500000005
v 1.24670007 -1.30241013 2.19000005
v 0.58776034 -0.031063030000000123 2.19000005
v 1.31138866 -1.26445761 2.1900000499999996
v 1.3412387699999997 -1.32559913 2.21999996
v 1.36711413 -1.31041817 2.21999996
v 1.3671141300000003 -1.31041817 0.05000000000000018
v 1.3671141300000003 -1.31041817 0.05000000000000018
v 1.34123877 -1.32559913 0.04999999999999982
v 1.3412387699999997 -1.32559913 2.21999996
v 0.5726411600000001 0.043728309999999875 2.21999996
v 1.34123877 -1.32559913 2.21999996
v 0.54676575 0.0285472999999999 2.21999996
v 1.34123877 -1.32559913 2.21999996
v 0.5726411600000001 0.043728309999999875 2.21999996
v 1.36711413 -1.31041817 2.21999996
v 0.57073784 -0.011999999999999997 0.05
v 0.57073784 0.04261166 0.05
v 0.54676575 0.0285473 0.049999999999999996
v 0.54676575 0.0285473 0.049999999999999996
v 0.57055471 -0.012000000000000004 0.05
v 0.57073784 -0.011999999999999997 0.05
v 0.5707378400004393 -0.15026034999999996 0.04999999843885911
v 0.57073784 -0.04105007000000001 0.05000000000000002
v 0.57159093 -0.04054956999999999 0.05000024
v 0.57159093 -0.04054956999999999 0.05000024
v 0.57152548 -0.15160281 0.05000022
v 0.5707378400004393 -0.15026034999999996 0.04999999843885911
v 0.58776034 -0.03106303 0.05
v 0.58328082 -0.03369115 0.05
v 0.57160668 -0.013793089999999997 0.05
v 0.57160668 -0.013793089999999997 0.05
v 0.57073784 -0.012312189999999997 0.05
v 0.57073784 -0.011999999999999999 0.05
v 0.57073784 -0.011999999999999999 0.05
v 0.57073784 0.04261166 0.05
v 0.57264116 0.043728310000000006 0.05
v 1.31138866 -1.2644576100000002 0.05
v 1.34123877 -1.3255991300000003 0.05
v 1.30690908 -1.26708574 0.05
v 0.58776034 -0.03106303 0.05
v 0.57160668 -0.013793089999999997 0.05
v 0.57073784 -0.011999999999999999 0.05
v 1.34123877 -1.3255991300000003 0.05
v 1.31138866 -1.2644576100000002 0.05
v 1.36711413 -1.3104181700000002 0.05
v 0.58776034 -0.03106303 0.05
v 0.57073784 -0.011999999999999999 0.05
v 0.57264116 0.043728310000000006 0.05
v 0.58776034 -0.03106303 0.05
v 1.36711413 -1.3104181700000002 0.05
v 1.31138866 -1.2644576100000002 0.05
v 1.36711413 -1.3104181700000002 0.05
v 0.58776034 -0.03106303 0.05
v 0.57264116 0.043728310000000006 0.05
v 1.30690908 -1.26708574 0.05
v 1.24670007 -1.30241013 0.05
v 0.57152548 -0.15160280999999992 0.05
v 0.57152548 -0.15160280999999992 0.05
v 0.57159093 -0.040549570000000146 0.05
v 0.58328082 -0.03369114999999988 0.05
v 0.58328082 -0.03369114999999988 0.05
v 1.30690908 -1.26708574 0.05
v 0.57152548 -0.15160280999999992 0.05
v 4.706230556039886 -4.808500275259691 0.05
v 4.972836015062242 -4.51413772614213 0.05
v 6.101738020000001 -4.530750878811988 0.05
v 4.706230556039886 -4.808500275259691 0.05
v 6.10173802 -6.15999997 0.05
v 4.8526691354073295 -6.15999997 0.05
v 6.10173802 -6.15999997 0.05
v 4.706230556039886 -4.808500275259691 0.05
v 6.101738020000001 -4.530750878811988 0.05
v 4.706230556039886 -4.808500275259691 0.05
v 3.492207720616516 -4.806624186812558 0.05
v 3.285070138574847 -3.849222293119919 0.05
v 3.285070138574847 -3.849222293119919 0.05
v 3.5966748357307163 -3.4023163334159587 0.05
v 4.635686825496922 -3.446545920098707 0.05
v 4.635686825496922 -3.446545920098707 0.05
v 4.972836015062242 -4.51413772614213 0.05
v 4.706230556039886 -4.808500275259691 0.05
v 4.706230556039886 -4.808500275259691 0.05
v 3.285070138574847 -3.849222293119919 0.05
v 4.635686825496922 -3.446545920098707 0.05
v 3.366123141185553 -4.983024952673461 0.05
v 3.492207720616516 -4.806624186812558 0.05
v 4.706230556039886 -4.808500275259691 0.05
v 4.706230556039886 -4.808500275259691 0.05
v 4.8526691354073295 -6.15999997 0.05
v 3.4716401784988737 -6.15999997 0.05
v 3.4716401784988737 -6.15999997 0.05
v 3.366123141185553 -4.983024952673461 0.05
v 4.706230556039886 -4.808500275259691 0.05
v 2.0490250632075018 -5.067633112980534 0.05
v 3.366123141185553 -4.983024952673461 0.05
v 3.4716401784988737 -6.15999997 0.05
v 3.4716401784988737 -6.15999997 0.05
v 1.9376979244827464 -6.159999969999999 0.049999999999999996
v 2.0490250632075018 -5.067633112980534 0.05
v 6.101738020000001 -4.530750878811988 0.05
v 4.635686825496922 -3.446545920098707 0.05
v 5.070838103812881 -2.874230420828092 0.05
v 5.070838103812881 -2.874230420828092 0.05
v 6.10173802 -2.8764837757856965 0.05000000000000001
v 6.101738020000001 -4.530750878811988 0.05
v 4.635686825496922 -3.446545920098707 0.05
v 6.101738020000001 -4.530750878811988 0.05
v 4.972836015062242 -4.51413772614213 0.05
v 4.635686825496922 -3.446545920098707 0.05
v 3.5966748357307163 -3.4023163334159587 0.05
v 3.3031894894923255 -2.484728780989632 0.05
v 3.3031894894923255 -2.484728780989632 0.05
v 3.61675677881252 -1.9972148487475125 0.05
v 4.5976488045899995 -1.959396350438327 0.05000000000000001
v 4.5976488045899995 -1.959396350438327 0.05000000000000001
v 5.070838103812881 -2.874230420828092 0.05
v 4.635686825496922 -3.446545920098707 0.05
v 4.635686825496922 -3.446545920098707 0.05
v 3.3031894894923255 -2.484728780989632 0.05
v 4.5976488045899995 -1.959396350438327 0.05000000000000001
v 2.100152417839707 -3.773072239242734 0.05
v 2.0490250632075018 -5.067633112980534 0.05
v 1.8091851139301554 -4.740739173388802 0.05
v 2.0490250632075018 -5.067633112980534 0.05
v 2.100152417839707 -3.773072239242734 0.05
v 3.285070138574847 -3.849222293119919 0.05
v 3.285070138574847 -3.849222293119919 0.05
v 3.492207720616516 -4.806624186812558 0.05
v 3.366123141185553 -4.983024952673461 0.05
v 2.0490250632075018 -5.067633112980534 0.05
v 3.285070138574847 -3.849222293119919 0.05
v 3.366123141185553 -4.983024952673461 0.05
v 0.57073784 -6.159999970000001 0.049999999999999996
v 2.0490250632075018 -5.067633112980534 0.05
v 1.9376979244827464 -6.159999969999999 0.049999999999999996
v 2.0490250632075018 -5.067633112980534 0.05
v 0.57073784 -6.159999970000001 0.049999999999999996
v 0.5707378400000003 -4.747653073423395 0.049999999999999996
v 2.0490250632075018 -5.067633112980534 0.05
v 0.5707378400000003 -4.747653073423395 0.049999999999999996
v 1.8091851139301554 -4.740739173388802 0.05
v 5.070838103812881 -2.874230420828092 0.05
v 4.5976488045899995 -1.959396350438327 0.05000000000000001
v 5.02976135920909 -1.236204449860356 0.05000000000000001
v 5.070838103812881 -2.874230420828092 0.05
v 6.10173802 -1.2180830518691637 0.05000000000000001
v 6.10173802 -2.8764837757856965 0.05000000000000001
v 6.10173802 -1.2180830518691637 0.05000000000000001
v 5.070838103812881 -2.874230420828092 0.05
v 5.02976135920909 -1.236204449860356 0.05000000000000001
v 4.5976488045899995 -1.959396350438327 0.05000000000000001
v 3.61675677881252 -1.9972148487475125 0.05
v 3.222659183502283 -1.0284156427925804 0.05000000000000001
v 4.5976488045899995 -1.959396350438327 0.05000000000000001
v 3.544123391489472 -0.5406537402243683 0.05000000000000001
v 4.57365188240991 -0.5004750654362922 0.05000000000000001
v 4.57365188240991 -0.5004750654362922 0.05000000000000001
v 5.02976135920909 -1.236204449860356 0.05000000000000001
v 4.5976488045899995 -1.959396350438327 0.05000000000000001
v 3.544123391489472 -0.5406537402243683 0.05000000000000001
v 4.5976488045899995 -1.959396350438327 0.05000000000000001
v 3.222659183502283 -1.0284156427925804 0.05000000000000001
v 2.174878345355317 -2.487420346125962 0.05
v 3.285070138574847 -3.849222293119919 0.05
v 2.100152417839707 -3.773072239242734 0.05
v 2.100152417839707 -3.773072239242734 0.05
v 1.8492255937763713 -3.3409954803549695 0.05
v 2.174878345355317 -2.487420346125962 0.05
v 3.285070138574847 -3.849222293119919 0.05
v 3.3031894894923255 -2.484728780989632 0.05
v 3.5966748357307163 -3.4023163334159587 0.05
v 3.3031894894923255 -2.484728780989632 0.05
v 3.285070138574847 -3.849222293119919 0.05
v 2.174878345355317 -2.487420346125962 0.05
v 0.5707378400000003 -3.31272524710952 0.05
v 2.100152417839707 -3.773072239242734 0.05
v 1.8091851139301554 -4.740739173388802 0.05
v 1.8091851139301554 -4.740739173388802 0.05
v 0.5707378400000003 -4.747653073423395 0.049999999999999996
v 0.5707378400000003 -3.31272524710952 0.05
v 2.100152417839707 -3.773072239242734 0.05
v 0.5707378400000003 -3.31272524710952 0.05
v 1.8492255937763713 -3.3409954803549695 0.05
v 5.02976135920909 -1.236204449860356 0.05000000000000001
v 4.57365188240991 -0.5004750654362922 0.05000000000000001
v 4.955495715380101 0.36913692799679776 0.05000000000000001
v 4.955495715380101 0.36913692799679776 0.05000000000000001
v 6.10173802 0.4074189511834194 0.05000000000000001
v 6.10173802 -1.2180830518691637 0.05000000000000001
v 6.10173802 -1.2180830518691637 0.05000000000000001
v 5.02976135920909 -1.236204449860356 0.05000000000000001
v 4.955495715380101 0.36913692799679776 0.05000000000000001
v 3.3470258321210067 0.7931976858865939 0.05000000000000001
v 3.544123391489472 -0.5406537402243683 0.05000000000000001
v 3.1528221651574704 0.5509714947872673 0.05000000000000001
v 3.544123391489472 -0.5406537402243683 0.05000000000000001
v 3.3470258321210067 0.7931976858865939 0.05000000000000001
v 4.572300446697978 0.8876671562315988 0.05000000000000001
v 4.572300446697978 0.8876671562315988 0.05000000000000001
v 4.955495715380101 0.36913692799679776 0.05000000000000001
v 4.57365188240991 -0.5004750654362922 0.05000000000000001
v 3.544123391489472 -0.5406537402243683 0.05000000000000001
v 4.572300446697978 0.8876671562315988 0.05000000000000001
v 4.57365188240991 -0.5004750654362922 0.05000000000000001
v 3.222659183502283 -1.0284156427925804 0.05000000000000001
v 1.8510048138090125 -1.9288328214612425 0.05
v 2.2028551025206893 -1.0623330663306818 0.05
v 3.3031894894923255 -2.484728780989632 0.05
v 3.222659183502283 -1.0284156427925804 0.05000000000000001
v 3.61675677881252 -1.9972148487475125 0.05
v 1.8510048138090125 -1.9288328214612425 0.05
v 3.3031894894923255 -2.484728780989632 0.05
v 2.174878345355317 -2.487420346125962 0.05
v 3.222659183502283 -1.0284156427925804 0.05000000000000001
v 3.3031894894923255 -2.484728780989632 0.05
v 1.8510048138090125 -1.9288328214612425 0.05
v 1.8510048138090125 -1.9288328214612425 0.05
v 2.174878345355317 -2.487420346125962 0.05
v 1.8492255937763713 -3.3409954803549695 0.05
v 1.8510048138090125 -1.9288328214612425 0.05
v 0.5707378400000003 -3.31272524710952 0.05
v 0.5707378400000005 -1.9161092490368392 0.05
v 0.5707378400000003 -3.31272524710952 0.05
v 1.8510048138090125 -1.9288328214612425 0.05
v 1.8492255937763713 -3.3409954803549695 0.05
v 1.8087572526003632 0.9993538413965117 0.05000000000000001
v 0.5707378400000007 0.9313968879729382 0.05
v 0.5707378400000009 2.41099993 0.05000000000000001
v 0.5707378400000009 2.41099993 0.05000000000000001
v 2.109001951345173 2.269716591881694 0.05000000000000001
v 1.8087572526003632 0.9993538413965117 0.05000000000000001
v 6.101738020000001 1.9029999300000018 0.05000000000000002
v 4.572300446697978 0.8876671562315988 0.05000000000000001
v 4.818290398672197 2.0208794039497784 0.05000000000000001
v 4.955495715380101 0.36913692799679776 0.05000000000000001
v 6.101738020000001 1.9029999300000018 0.05000000000000002
v 6.10173802 0.4074189511834194 0.05000000000000001
v 6.101738020000001 1.9029999300000018 0.05000000000000002
v 4.955495715380101 0.36913692799679776 0.05000000000000001
v 4.572300446697978 0.8876671562315988 0.05000000000000001
v 3.544123391489472 -0.5406537402243683 0.05000000000000001
v 1.8111280815209017 -0.4812419692799881 0.05
v 2.2224244017176744 0.5105535665365071 0.05000000000000001
v 2.2224244017176744 0.5105535665365071 0.05000000000000001
v 3.1528221651574704 0.5509714947872673 0.05000000000000001
v 3.544123391489472 -0.5406537402243683 0.05000000000000001
v 3.544123391489472 -0.5406537402243683 0.05000000000000001
v 3.222659183502283 -1.0284156427925804 0.05000000000000001
v 2.2028551025206893 -1.0623330663306818 0.05
v 1.8111280815209017 -0.4812419692799881 0.05
v 3.544123391489472 -0.5406537402243683 0.05000000000000001
v 2.2028551025206893 -1.0623330663306818 0.05
v 4.572300446697978 0.8876671562315988 0.05000000000000001
v 3.3470258321210067 0.7931976858865939 0.05000000000000001
v 3.2054744922577862 2.1690100229689437 0.05000000000000001
v 3.2054744922577862 2.1690100229689437 0.05000000000000001
v 4.818290398672197 2.0208794039497784 0.05000000000000001
v 4.572300446697978 0.8876671562315988 0.05000000000000001
v 3.2054744922577862 2.1690100229689437 0.05000000000000001
v 1.8087572526003632 0.9993538413965117 0.05000000000000001
v 2.109001951345173 2.269716591881694 0.05000000000000001
v 1.8087572526003632 0.9993538413965117 0.05000000000000001
v 3.2054744922577862 2.1690100229689437 0.05000000000000001
v 3.3470258321210067 0.7931976858865939 0.05000000000000001
v 3.3470258321210067 0.7931976858865939 0.05000000000000001
v 3.1528221651574704 0.5509714947872673 0.05000000000000001
v 2.2224244017176744 0.5105535665365071 0.05000000000000001
v 1.8087572526003632 0.9993538413965117 0.05000000000000001
v 3.3470258321210067 0.7931976858865939 0.05000000000000001
v 2.2224244017176744 0.5105535665365071 0.05000000000000001
v 1.2467000700000006 -1.3024101300000002 0.05
v 1.3069090799999998 -1.2670857399999995 0.05
v 1.341238769999999 -1.3255991299999987 0.05
v 1.3671141299999998 -1.3104181699999997 0.05
v 0.8749451283913972 -0.4715363624875254 0.05
v 1.8111280815209017 -0.4812419692799881 0.05
v 1.3671141299999998 -1.3104181699999997 0.05
v 2.2028551025206893 -1.0623330663306818 0.05
v 1.8510048138090125 -1.9288328214612425 0.05
v 1.2467000700000006 -1.3024101300000002 0.05
v 0.5707378400000005 -1.9161092490368392 0.05
v 0.5707378400000004 -1.48799997 0.05
v 0.5707378400000004 -1.48799997 0.05
v 0.5713387740315767 -0.4683888111619451 0.05
v 0.7585212277579817 -0.4703293712717437 0.05
v 2.2028551025206893 -1.0623330663306818 0.05
v 1.3671141299999998 -1.3104181699999997 0.05
v 1.8111280815209017 -0.4812419692799881 0.05
v 0.5707378400000004 -1.48799997 0.05
v 0.7585212277579817 -0.4703293712717437 0.05
v 1.2467000700000006 -1.3024101300000002 0.05
v 1.341238769999999 -1.3255991299999987 0.05
v 1.3671141299999998 -1.3104181699999997 0.05
v 1.8510048138090125 -1.9288328214612425 0.05
v 1.341238769999999 -1.3255991299999987 0.05
v 0.5707378400000005 -1.9161092490368392 0.05
v 1.2467000700000006 -1.3024101300000002 0.05
v 0.5707378400000005 -1.9161092490368392 0.05
v 1.341238769999999 -1.3255991299999987 0.05
v 1.8510048138090125 -1.9288328214612425 0.05
v 1.8087572526003632 0.9993538413965117 0.05000000000000001
v 2.2224244017176744 0.5105535665365071 0.05000000000000001
v 1.8111280815209017 -0.4812419692799881 0.05
v 1.8111280815209017 -0.4812419692799881 0.05
v 0.8749451283913972 -0.4715363624875254 0.05
v 0.5726411599999989 0.04372831000000044 0.05
v 0.5726411599999989 0.04372831000000044 0.05
v 0.570737840000001 0.04261165999999972 0.05
v 0.5707378400000007 0.9313968879729382 0.05
v 0.5726411599999989 0.04372831000000044 0.05
v 1.8087572526003632 0.9993538413965117 0.05000000000000001
v 1.8111280815209017 -0.4812419692799881 0.05
v 1.8087572526003632 0.9993538413965117 0.05000000000000001
v 0.5726411599999989 0.04372831000000044 0.05
v 0.5707378400000007 0.9313968879729382 0.05
v 0.5713387740315767 -0.4683888111619451 0.05
v 0.5715254799999993 -0.15160280999999898 0.05
v 0.7585212277579817 -0.4703293712717437 0.05
v 0.58328082 -0.033691149999999996 0.05000000000000003
v 0.57159093 -0.04054956999999999 0.05000024
v 0.57160668 -0.01379309 0.05000025
v -0.0002621400000000773 -1.48799997 0.05
v 0.57073784 -0.15026035000000007 0.05
v 0.57073784 -1.48799997 0.05
v 0.57073784 -0.15026035000000007 0.05
v -0.0002621400000000773 -1.48799997 0.05
v -0.0002621400000000147 -0.012000000000000007 0.05
v 0.57073784 -0.04105007000000008 0.05
v 0.57055471 -0.012000000000000122 0.05
v 0.57073784 -0.012312190000000306 0.05
v 0.57055471 -0.012000000000000122 0.05
v 0.57073784 -0.04105007000000008 0.05
v 0.5230718 -0.06901556999999994 0.05
v 0.57073784 -0.15026035000000007 0.05
v -0.0002621400000000147 -0.012000000000000007 0.05
v 0.5230718 -0.06901556999999994 0.05
v 0.57055471 -0.012000000000000122 0.05
v 0.5230718 -0.06901556999999994 0.05
v -0.0002621400000000147 -0.012000000000000007 0.05
v 0.57073784 -0.04105007 0.05
v 0.57073784 -0.01231219 0.05
v 0.5716066800015668 -0.01379309 0.05000024443095145
v 0.5716066800015668 -0.01379309 0.05000024443095145
v 0.57159093 -0.04054957 0.050000239999999994
v 0.57073784 -0.04105007 0.05
v 0.5877603399999999 -0.03106302999999985 0.05
v 1.30690908 -1.26708574 0.05
v 0.5832808199999998 -0.033691149999999635 0.049999999999999996
v 1.30690908 -1.26708574 0.05
v 0.5877603399999999 -0.03106302999999985 0.05
v 1.31138866 -1.26445761 0.05000000000000001
v -1.74129991 1.71458992 1.10000001
v -0.11547146 1.59804907 1.10000001
v -0.11547145999999997 1.59804907 1.1102230246251565e-16
v -0.11547145999999997 1.59804907 1.1102230246251565e-16
v -1.74129991 1.71458992 8.12462362848567e-17
v -1.74129991 1.71458992 1.10000001

usemtl Patch_1_Mat_CR1_paintedConcrete
f 3 2 1
f 6 5 4

usemtl Patch_2_Mat_CR1_paintedConcrete
f 9 8 7
f 12 11 10
f 15 14 13

usemtl Patch_3_Mat_CR1_paintedConcrete
f 18 17 16
f 21 20 19
f 24 23 22

usemtl Patch_4_Mat_CR1_paintedConcrete
f 27 26 25
f 30 29 28
f 33 32 31

usemtl Patch_5_Mat_CR1_paintedConcrete
f 36 35 34
f 39 38 37
f 42 41 40

usemtl Patch_6_Mat_CR1_paintedConcrete
f 45 44 43
f 48 47 46

usemtl Patch_7_Mat_CR1_paintedConcrete
f 51 50 49
f 54 53 52
f 57 56 55

usemtl Patch_8_Mat_CR1_paintedConcrete
f 60 59 58
f 63 62 61

usemtl Patch_9_Mat_CR1_paintedConcrete
f 66 65 64
f 69 68 67

usemtl Patch_10_Mat_CR1_paintedConcrete
f 72 71 70
f 75 74 73

usemtl Patch_11_Mat_CR1_paintedConcrete
f 78 77 76
f 81 80 79

usemtl Patch_12_Mat_CR1_paintedConcrete
f 84 83 82
f 87 86 85

usemtl Patch_13_Mat_CR1_paintedConcrete
f 90 89 88
f 93 92 91

usemtl Patch_14_Mat_CR1_paintedConcrete
f 96 95 94
f 99 98 97

usemtl Patch_15_Mat_CR1_paintedConcrete
f 102 101 100
f 105 104 103

usemtl Patch_16_Mat_CR1_paintedConcrete
f 108 107 106
f 111 110 109

usemtl Patch_17_Mat_CR1_paintedConcrete
f 114 113 112
f 117 116 115

usemtl Patch_18_Mat_CR1_paintedConcrete
f 120 119 118
f 123 122 121

usemtl Patch_19_Mat_CR1_paintedConcrete
f 126 125 124
f 129 128 127

usemtl Patch_20_Mat_CR1_paintedConcrete
f 132 131 130
f 135 134 133

usemtl Patch_21_Mat_CR1_paintedConcrete
f 138 137 136
f 141 140 139

usemtl Patch_22_Mat_CR1_paintedConcrete
f 144 143 142
f 147 146 145

usemtl Patch_23_Mat_CR1_paintedConcrete
f 150 149 148
f 153 152 151

usemtl Patch_24_Mat_CR1_paintedConcrete
f 156 155 154
f 159 158 157
f 162 161 160

usemtl Patch_25_Mat_CR1_paintedConcrete
f 165 164 163
f 168 167 166
f 171 170 169

usemtl Patch_26_Mat_CR1_paintedConcrete
f 174 173 172
f 177 176 175
f 180 179 178
f 183 182 181

usemtl Patch_27_Mat_CR1_paintedConcrete
f 186 185 184
f 189 188 187
f 192 191 190

usemtl Patch_28_Mat_CR1_paintedConcrete
f 195 194 193
f 198 197 196
f 201 200 199

usemtl Patch_29_Mat_CR1_paintedConcrete
f 204 203 202
f 207 206 205
f 210 209 208

usemtl Patch_30_Mat_CR1_paintedConcrete
f 213 212 211
f 216 215 214

usemtl Patch_31_Mat_CR1_paintedConcrete
f 219 218 217
f 222 221 220
f 225 224 223
f 228 227 226

usemtl Patch_32_Mat_CR1_paintedConcrete
f 231 230 229
f 234 233 232
f 237 236 235
f 240 239 238

usemtl Patch_33_Mat_CR1_paintedConcrete
f 243 242 241
f 246 245 244
f 249 248 247

usemtl Patch_34_Mat_CR1_paintedConcrete
f 252 251 250
f 255 254 253

usemtl Patch_35_Mat_CR1_paintedConcrete
f 258 257 256
f 261 260 259
f 264 263 262

usemtl Patch_36_Mat_CR1_concrete
f 267 266 265
f 270 269 268
f 273 272 271
f 276 275 274
f 279 278 277
f 282 281 280
f 285 284 283

usemtl Patch_37_Mat_CR1_concrete
f 288 287 286
f 291 290 289

usemtl Patch_38_Mat_CR1_concrete
f 294 293 292
f 297 296 295
f 300 299 298
f 303 302 301
f 306 305 304
f 309 308 307
f 312 311 310
f 315 314 313
f 318 317 316
f 321 320 319
f 324 323 322
f 327 326 325
f 330 329 328
f 333 332 331
f 336 335 334
f 339 338 337
f 342 341 340

usemtl Patch_39_Mat_CR1_concrete
f 345 344 343
f 348 347 346
f 351 350 349
f 354 353 352
f 357 356 355

usemtl Patch_40_Mat_CR1_concrete
f 360 359 358
f 363 362 361
f 366 365 364
f 369 368 367
f 372 371 370
f 375 374 373
f 378 377 376

usemtl Patch_41_Mat_CR1_concrete
f 381 380 379
f 384 383 382
f 387 386 385
f 390 389 388
f 393 392 391
f 396 395 394
f 399 398 397
f 402 401 400
f 405 404 403
f 408 407 406
f 411 410 409
f 414 413 412
f 417 416 415

usemtl Patch_42_Mat_CR1_concrete
f 420 419 418
f 423 422 421
f 426 425 424
f 429 428 427
f 432 431 430
f 435 434 433
f 438 437 436
f 441 440 439
f 444 443 442
f 447 446 445
f 450 449 448
f 453 452 451
f 456 455 454
f 459 458 457
f 462 461 460
f 465 464 463
f 468 467 466
f 471 470 469
f 474 473 472

usemtl Patch_43_Mat_CR1_concrete
f 477 476 475
f 480 479 478
f 483 482 481
f 486 485 484
f 489 488 487

usemtl Patch_44_Mat_CR1_concrete
f 492 491 490
f 495 494 493
f 498 497 496

usemtl Patch_45_Mat_CR1_concrete
f 501 500 499
f 504 503 502
f 507 506 505
f 510 509 508

usemtl Patch_46_Mat_CR1_concrete
f 513 512 511
f 516 515 514
f 519 518 517
f 522 521 520
f 525 524 523
f 528 527 526
f 531 530 529

usemtl Patch_47_Mat_CR1_concrete
f 534 533 532
f 537 536 535
f 540 539 538
f 543 542 541
f 546 545 544
f 549 548 547
f 552 551 550

usemtl Patch_48_Mat_CR1_concrete
f 555 554 553
f 558 557 556
f 561 560 559
f 564 563 562
f 567 566 565
f 570 569 568
f 573 572 571
f 576 575 574
f 579 578 577
f 582 581 580
f 585 584 583

usemtl Patch_49_Mat_CR1_concrete
f 588 587 586
f 591 590 589
f 594 593 592

usemtl Patch_50_Mat_CR1_concrete
f 597 596 595
f 600 599 598
f 603 602 601
f 606 605 604
f 609 608 607
f 612 611 610

usemtl Patch_51_Mat_CR1_concrete
f 615 614 613
f 618 617 616
f 621 620 619
f 624 623 622

usemtl Patch_52_Mat_CR1_concrete
f 627 626 625
f 630 629 628
f 633 632 631
f 636 635 634
f 639 638 637
f 642 641 640
f 645 644 643
f 648 647 646

usemtl Patch_53_Mat_CR1_concrete
f 651 650 649
f 654 653 652

usemtl Patch_54_Mat_CR1_concrete
f 657 656 655
f 660 659 658
f 663 662 661

usemtl Patch_55_Mat_CR1_concrete
f 666 665 664
f 669 668 667
f 672 671 670

usemtl Patch_56_Mat_CR1_concrete
f 675 674 673
f 678 677 676
f 681 680 679

usemtl Patch_57_Mat_CR1_concrete
f 684 683 682
f 687 686 685
f 690 689 688

usemtl Patch_58_Mat_CR1_concrete
f 693 692 691
f 696 695 694

usemtl Patch_59_Mat_CR1_concrete
f 699 698 697
f 702 701 700
f 705 704 703

usemtl Patch_60_Mat_CR1_concrete
f 708 707 706
f 711 710 709
f 714 713 712

usemtl Patch_61_Mat_CR1_concrete
f 717 716 715
f 720 719 718
f 723 722 721

usemtl Patch_62_Mat_CR1_concrete
f 726 725 724
f 729 728 727

usemtl Patch_63_Mat_CR1_concrete
f 732 731 730
f 735 734 733

usemtl Patch_64_Mat_CR1_concrete
f 738 737 736
f 741 740 739

usemtl Patch_65_Mat_CR1_concrete
f 744 743 742
f 747 746 745

usemtl Patch_66_Mat_CR1_concrete
f 750 749 748
f 753 752 751

usemtl Patch_67_Mat_CR1_concrete
f 756 755 754
f 759 758 757
f 762 761 760

usemtl Patch_68_Mat_CR1_concrete
f 765 764 763
f 768 767 766
f 771 770 769

usemtl Patch_69_Mat_CR1_concrete
f 774 773 772
f 777 776 775
f 780 779 778
f 783 782 781

usemtl Patch_70_Mat_CR1_concrete
f 786 785 784
f 789 788 787

usemtl Patch_71_Mat_CR1_concrete
f 792 791 790
f 795 794 793
f 798 797 796

usemtl Patch_72_Mat_CR1_concrete
f 801 800 799
f 804 803 802
f 807 806 805
f 810 809 808

usemtl Patch_73_Mat_CR1_concrete
f 813 812 811
f 816 815 814
f 819 818 817
f 822 821 820
f 825 824 823
f 828 827 826
f 831 830 829

usemtl Patch_74_Mat_CR1_concrete
f 834 833 832
f 837 836 835

usemtl Patch_75_Mat_CR1_concrete
f 840 839 838
f 843 842 841
f 846 845 844

usemtl Patch_76_Mat_CR1_concrete
f 849 848 847
f 852 851 850

usemtl Patch_77_Mat_CR1_concrete
f 855 854 853
f 858 857 856

usemtl Patch_78_Mat_CR1_concrete
f 861 860 859
f 864 863 862

usemtl Patch_79_Mat_CR1_concrete
f 867 866 865
f 870 869 868

usemtl Patch_80_Mat_CR1_concrete
f 873 872 871
f 876 875 874

usemtl Patch_81_Mat_CR1_concrete
f 879 878 877
f 882 881 880

usemtl Patch_82_Mat_CR1_concrete
f 885 884 883
f 888 887 886

usemtl Patch_83_Mat_CR1_concrete
f 891 890 889
f 894 893 892

usemtl Patch_84_Mat_CR1_concrete
f 897 896 895
f 900 899 898

usemtl Patch_85_Mat_CR1_concrete
f 903 902 901
f 906 905 904
f 909 908 907

usemtl Patch_86_Mat_CR1_concrete
f 912 911 910
f 915 914 913
f 918 917 916
f 921 920 919

usemtl Patch_87_Mat_CR1_concrete
f 924 923 922
f 927 926 925
f 930 929 928

usemtl Patch_88_Mat_CR1_concrete
f 933 932 931
f 936 935 934
f 939 938 937

usemtl Patch_89_Mat_CR1_concrete
f 942 941 940
f 945 944 943

usemtl Patch_90_Mat_CR1_concrete
f 948 947 946
f 951 950 949
f 954 953 952
f 957 956 955

usemtl Patch_91_Mat_CR1_concrete
f 960 959 958
f 963 962 961
f 966 965 964

usemtl Patch_92_Mat_CR1_concrete
f 969 968 967
f 972 971 970
f 975 974 973

usemtl Patch_93_Mat_CR1_concrete
f 978 977 976
f 981 980 979
f 984 983 982
f 987 986 985

usemtl Patch_94_Mat_CR1_concrete
f 990 989 988
f 993 992 991
f 996 995 994

usemtl Patch_95_Mat_CR1_concrete
f 999 998 997
f 1002 1001 1000
f 1005 1004 1003

usemtl Patch_96_Mat_CR1_concrete
f 1008 1007 1006
f 1011 1010 1009

usemtl Patch_97_Mat_CR1_concrete
f 1014 1013 1012
f 1017 1016 1015

usemtl Patch_98_Mat_CR1_concrete
f 1020 1019 1018
f 1023 1022 1021

usemtl Patch_99_Mat_CR1_concrete
f 1026 1025 1024
f 1029 1028 1027
f 1032 1031 1030

usemtl Patch_100_Mat_CR1_concrete
f 1035 1034 1033
f 1038 1037 1036
f 1041 1040 1039

usemtl Patch_101_Mat_CR1_concrete
f 1044 1043 1042
f 1047 1046 1045
f 1050 1049 1048

usemtl Patch_102_Mat_CR1_concrete
f 1053 1052 1051
f 1056 1055 1054
f 1059 1058 1057

usemtl Patch_103_Mat_CR1_concrete
f 1062 1061 1060
f 1065 1064 1063
f 1068 1067 1066

usemtl Patch_104_Mat_CR1_concrete
f 1071 1070 1069
f 1074 1073 1072
f 1077 1076 1075

usemtl Patch_105_Mat_CR1_concrete
f 1080 1079 1078
f 1083 1082 1081
f 1086 1085 1084

usemtl Patch_106_Mat_CR1_concrete
f 1089 1088 1087
f 1092 1091 1090

usemtl Patch_107_Mat_CR1_concrete
f 1095 1094 1093
f 1098 1097 1096
f 1101 1100 1099
f 1104 1103 1102
f 1107 1106 1105

usemtl Patch_108_Mat_CR1_concrete
f 1110 1109 1108
f 1113 1112 1111

usemtl Patch_109_Mat_CR1_concrete
f 1116 1115 1114
f 1119 1118 1117
f 1122 1121 1120
f 1125 1124 1123
f 1128 1127 1126

usemtl Patch_110_Mat_CR1_concrete
f 1131 1130 1129
f 1134 1133 1132
f 1137 1136 1135
f 1140 1139 1138
f 1143 1142 1141
f 1146 1145 1144

usemtl Patch_111_Mat_CR1_concrete
f 1149 1148 1147
f 1152 1151 1150
f 1155 1154 1153
f 1158 1157 1156
f 1161 1160 1159

usemtl Patch_112_Mat_CR1_concrete
f 1164 1163 1162
f 1167 1166 1165
f 1170 1169 1168
f 1173 1172 1171

usemtl Patch_113_Mat_CR1_concrete
f 1176 1175 1174
f 1179 1178 1177

usemtl Patch_114_Mat_CR1_paintedConcrete
f 1182 1181 1180
f 1185 1184 1183
f 1188 1187 1186

usemtl Patch_115_Mat_CR1_paintedConcrete
f 1191 1190 1189
f 1194 1193 1192
f 1197 1196 1195

usemtl Patch_116_Mat_CR1_paintedConcrete
f 1200 1199 1198
f 1203 1202 1201

usemtl Patch_117_Mat_CR1_paintedConcrete
f 1206 1205 1204
f 1209 1208 1207
f 1212 1211 1210

usemtl Patch_118_Mat_CR1_paintedConcrete
f 1215 1214 1213
f 1218 1217 1216

usemtl Patch_119_Mat_CR1_paintedConcrete
f 1221 1220 1219
f 1224 1223 1222
f 1227 1226 1225

usemtl Patch_120_Mat_CR1_paintedConcrete
f 1230 1229 1228
f 1233 1232 1231
f 1236 1235 1234

usemtl Patch_121_Mat_CR1_paintedConcrete
f 1239 1238 1237
f 1242 1241 1240
f 1245 1244 1243

usemtl Patch_122_Mat_CR1_paintedConcrete
f 1248 1247 1246
f 1251 1250 1249

usemtl Patch_123_Mat_CR1_paintedConcrete
f 1254 1253 1252
f 1257 1256 1255
f 1260 1259 1258
f 1263 1262 1261
f 1266 1265 1264

usemtl Patch_124_Mat_CR1_paintedConcrete
f 1269 1268 1267
f 1272 1271 1270
f 1275 1274 1273

usemtl Patch_125_Mat_CR1_paintedConcrete
f 1278 1277 1276
f 1281 1280 1279
f 1284 1283 1282

usemtl Patch_126_Mat_CR1_paintedConcrete
f 1287 1286 1285
f 1290 1289 1288
f 1293 1292 1291
f 1296 1295 1294
f 1299 1298 1297

usemtl Patch_127_Mat_CR1_paintedConcrete
f 1302 1301 1300
f 1305 1304 1303
f 1308 1307 1306

usemtl Patch_128_Mat_CR1_paintedConcrete
f 1311 1310 1309
f 1314 1313 1312
f 1317 1316 1315

usemtl Patch_129_Mat_CR1_paintedConcrete
f 1320 1319 1318
f 1323 1322 1321
f 1326 1325 1324

usemtl Patch_130_Mat_CR1_paintedConcrete
f 1329 1328 1327
f 1332 1331 1330
f 1335 1334 1333
f 1338 1337 1336

usemtl Patch_131_Mat_CR1_paintedConcrete
f 1341 1340 1339
f 1344 1343 1342
f 1347 1346 1345

usemtl Patch_132_Mat_CR1_paintedConcrete
f 1350 1349 1348
f 1353 1352 1351
f 1356 1355 1354
f 1359 1358 1357
f 1362 1361 1360

usemtl Patch_133_Mat_CR1_paintedConcrete
f 1365 1364 1363
f 1368 1367 1366
f 1371 1370 1369

usemtl Patch_134_Mat_CR1_paintedConcrete
f 1374 1373 1372
f 1377 1376 1375
f 1380 1379 1378

usemtl Patch_135_Mat_CR1_paintedConcrete
f 1383 1382 1381
f 1386 1385 1384

usemtl Patch_136_Mat_CR1_paintedConcrete
f 1389 1388 1387
f 1392 1391 1390
f 1395 1394 1393

usemtl Patch_137_Mat_CR1_paintedConcrete
f 1398 1397 1396
f 1401 1400 1399

usemtl Patch_138_Mat_CR1_paintedConcrete
f 1404 1403 1402
f 1407 1406 1405
f 1410 1409 1408

usemtl Patch_139_Mat_CR1_paintedConcrete
f 1413 1412 1411
f 1416 1415 1414
f 1419 1418 1417

usemtl Patch_140_Mat_CR1_paintedConcrete
f 1422 1421 1420
f 1425 1424 1423
f 1428 1427 1426

usemtl Patch_141_Mat_CR1_concrete
f 1431 1430 1429
f 1434 1433 1432
f 1437 1436 1435
f 1440 1439 1438

usemtl Patch_142_Mat_CR1_concrete
f 1443 1442 1441
f 1446 1445 1444
f 1449 1448 1447

usemtl Patch_143_Mat_CR1_concrete
f 1452 1451 1450
f 1455 1454 1453

usemtl Patch_144_Mat_CR1_concrete
f 1458 1457 1456

usemtl Patch_145_Mat_CR1_tablesEquipment
f 1461 1460 1459
f 1464 1463 1462

usemtl Patch_146_Mat_CR1_tablesEquipment
f 1467 1466 1465
f 1470 1469 1468

usemtl Patch_147_Mat_CR1_tablesEquipment
f 1473 1472 1471
f 1476 1475 1474

usemtl Patch_148_Mat_CR1_tablesEquipment
f 1479 1478 1477
f 1482 1481 1480

usemtl Patch_149_Mat_CR1_tablesEquipment
f 1485 1484 1483
f 1488 1487 1486

usemtl Patch_150_Mat_CR1_tablesEquipment
f 1491 1490 1489
f 1494 1493 1492

usemtl Patch_151_Mat_CR1_tablesEquipment
f 1497 1496 1495
f 1500 1499 1498

usemtl Patch_152_Mat_CR1_tablesEquipment
f 1503 1502 1501
f 1506 1505 1504

usemtl Patch_153_Mat_CR1_tablesEquipment
f 1509 1508 1507
f 1512 1511 1510

usemtl Patch_154_Mat_CR1_tablesEquipment
f 1515 1514 1513
f 1518 1517 1516

usemtl Patch_155_Mat_CR1_tablesEquipment
f 1521 1520 1519
f 1524 1523 1522

usemtl Patch_156_Mat_CR1_tablesEquipment
f 1527 1526 1525
f 1530 1529 1528

usemtl Patch_157_Mat_CR1_tablesEquipment
f 1533 1532 1531
f 1536 1535 1534

usemtl Patch_158_Mat_CR1_tablesEquipment
f 1539 1538 1537
f 1542 1541 1540

usemtl Patch_159_Mat_CR1_tablesEquipment
f 1545 1544 1543
f 1548 1547 1546

usemtl Patch_160_Mat_CR1_tablesEquipment
f 1551 1550 1549
f 1554 1553 1552

usemtl Patch_161_Mat_CR1_tablesEquipment
f 1557 1556 1555
f 1560 1559 1558
f 1563 1562 1561
f 1566 1565 1564

usemtl Patch_162_Mat_CR1_tablesEquipment
f 1569 1568 1567
f 1572 1571 1570

usemtl Patch_163_Mat_CR1_tablesEquipment
f 1575 1574 1573
f 1578 1577 1576

usemtl Patch_164_Mat_CR1_tablesEquipment
f 1581 1580 1579
f 1584 1583 1582

usemtl Patch_165_Mat_CR1_absorber
f 1587 1586 1585
f 1590 1589 1588

usemtl Patch_166_Mat_CR1_absorber
f 1593 1592 1591
f 1596 1595 1594

usemtl Patch_167_Mat_CR1_absorber
f 1599 1598 1597
f 1602 1601 1600

usemtl Patch_168_Mat_CR1_absorber
f 1605 1604 1603
f 1608 1607 1606

usemtl Patch_169_Mat_CR1_absorber
f 1611 1610 1609
f 1614 1613 1612

usemtl Patch_170_Mat_CR1_absorber
f 1617 1616 1615
f 1620 1619 1618

usemtl Patch_171_Mat_CR1_absorber
f 1623 1622 1621
f 1626 1625 1624

usemtl Patch_172_Mat_CR1_absorber
f 1629 1628 1627
f 1632 1631 1630

usemtl Patch_173_Mat_CR1_absorber
f 1635 1634 1633
f 1638 1637 1636

usemtl Patch_174_Mat_CR1_absorber
f 1641 1640 1639
f 1644 1643 1642

usemtl Patch_175_Mat_CR1_absorber
f 1647 1646 1645
f 1650 1649 1648

usemtl Patch_176_Mat_CR1_absorber
f 1653 1652 1651
f 1656 1655 1654

usemtl Patch_177_Mat_CR1_absorber
f 1659 1658 1657
f 1662 1661 1660
f 1665 1664 1663
f 1668 1667 1666

usemtl Patch_178_Mat_CR1_absorber
f 1671 1670 1669
f 1674 1673 1672

usemtl Patch_179_Mat_CR1_absorber
f 1677 1676 1675
f 1680 1679 1678
f 1683 1682 1681

usemtl Patch_180_Mat_CR1_absorber
f 1686 1685 1684
f 1689 1688 1687

usemtl Patch_181_Mat_CR1_absorber
f 1692 1691 1690
f 1695 1694 1693

usemtl Patch_182_Mat_CR1_absorber
f 1698 1697 1696
f 1701 1700 1699

usemtl Patch_183_Mat_CR1_absorber
f 1704 1703 1702
f 1707 1706 1705

usemtl Patch_184_Mat_CR1_absorber
f 1710 1709 1708
f 1713 1712 1711

usemtl Patch_185_Mat_CR1_absorber
f 1716 1715 1714
f 1719 1718 1717

usemtl Patch_186_Mat_CR1_absorber
f 1722 1721 1720
f 1725 1724 1723

usemtl Patch_187_Mat_CR1_absorber
f 1728 1727 1726
f 1731 1730 1729

usemtl Patch_188_Mat_CR1_absorber
f 1734 1733 1732
f 1737 1736 1735

usemtl Patch_189_Mat_CR1_absorber
f 1740 1739 1738
f 1743 1742 1741

usemtl Patch_190_Mat_CR1_tablesEquipment
f 1746 1745 1744
f 1749 1748 1747

usemtl Patch_191_Mat_CR1_tablesEquipment
f 1752 1751 1750
f 1755 1754 1753

usemtl Patch_192_Mat_CR1_tablesEquipment
f 1758 1757 1756
f 1761 1760 1759

usemtl Patch_193_Mat_CR1_tablesEquipment
f 1764 1763 1762
f 1767 1766 1765

usemtl Patch_194_Mat_CR1_paintedConcrete
f 1770 1769 1768
f 1773 1772 1771

usemtl Patch_195_Mat_CR1_paintedConcrete
f 1776 1775 1774
f 1779 1778 1777
f 1782 1781 1780
f 1785 1784 1783
f 1788 1787 1786
f 1791 1790 1789
f 1794 1793 1792

usemtl Patch_196_Mat_CR1_paintedConcrete
f 1797 1796 1795
f 1800 1799 1798
f 1803 1802 1801

usemtl Patch_197_Mat_CR1_paintedConcrete
f 1806 1805 1804
f 1809 1808 1807
f 1812 1811 1810

usemtl Patch_198_Mat_CR1_paintedConcrete
f 1815 1814 1813
f 1818 1817 1816
f 1821 1820 1819

usemtl Patch_199_Mat_CR1_paintedConcrete
f 1824 1823 1822
f 1827 1826 1825

usemtl Patch_200_Mat_CR1_paintedConcrete
f 1830 1829 1828
f 1833 1832 1831
f 1836 1835 1834

usemtl Patch_201_Mat_CR1_paintedConcrete
f 1839 1838 1837
f 1842 1841 1840
f 1845 1844 1843
f 1848 1847 1846
f 1851 1850 1849
f 1854 1853 1852
f 1857 1856 1855

usemtl Patch_202_Mat_CR1_paintedConcrete
f 1860 1859 1858
f 1863 1862 1861
f 1866 1865 1864
f 1869 1868 1867

usemtl Patch_203_Mat_CR1_paintedConcrete
f 1872 1871 1870
f 1875 1874 1873

usemtl Patch_204_Mat_CR1_paintedConcrete
f 1878 1877 1876
f 1881 1880 1879
f 1884 1883 1882

usemtl Patch_205_Mat_CR1_paintedConcrete
f 1887 1886 1885

usemtl Patch_206_Mat_CR1_paintedConcrete
f 1890 1889 1888

usemtl Patch_207_Mat_CR1_paintedConcrete
f 1893 1892 1891

usemtl Patch_208_Mat_CR1_tablesEquipment
f 1896 1895 1894
f 1899 1898 1897
f 1902 1901 1900
f 1905 1904 1903
f 1908 1907 1906

usemtl Patch_209_Mat_CR1_paintedConcrete
f 1911 1910 1909
f 1914 1913 1912

usemtl Patch_210_Mat_CR1_paintedConcrete
f 1917 1916 1915
f 1920 1919 1918

usemtl Patch_211_Mat_CR1_paintedConcrete
f 1923 1922 1921
f 1926 1925 1924
f 1929 1928 1927

usemtl Patch_212_Mat_CR1_tablesEquipment
f 1932 1931 1930
f 1935 1934 1933

usemtl Patch_213_Mat_CR1_tablesEquipment
f 1938 1937 1936
f 1941 1940 1939
f 1944 1943 1942
f 1947 1946 1945

usemtl Patch_214_Mat_CR1_tablesEquipment
f 1950 1949 1948
f 1953 1952 1951
f 1956 1955 1954

usemtl Patch_215_Mat_CR1_paintedConcrete
f 1959 1958 1957
f 1962 1961 1960

usemtl Patch_216_Mat_CR1_paintedConcrete
f 1965 1964 1963
f 1968 1967 1966
f 1971 1970 1969
f 1974 1973 1972
f 1977 1976 1975
f 1980 1979 1978
f 1983 1982 1981

usemtl Patch_217_Mat_CR1_tablesEquipment
f 1986 1985 1984
f 1989 1988 1987

usemtl Patch_218_Mat_CR1_paintedConcrete
f 1992 1991 1990
f 1995 1994 1993

usemtl Patch_219_Mat_CR1_paintedConcrete
f 1998 1997 1996
f 2001 2000 1999

usemtl Patch_220_Mat_CR1_paintedConcrete
f 2004 2003 2002
f 2007 2006 2005

usemtl Patch_221_Mat_CR1_tablesEquipment
f 2010 2009 2008
f 2013 2012 2011

usemtl Patch_222_Mat_CR1_paintedConcrete
f 2016 2015 2014
f 2019 2018 2017
f 2022 2021 2020
f 2025 2024 2023
f 2028 2027 2026
f 2031 2030 2029
f 2034 2033 2032
f 2037 2036 2035
f 2040 2039 2038

usemtl Patch_223_Mat_CR1_tablesEquipment
f 2043 2042 2041
f 2046 2045 2044
f 2049 2048 2047

usemtl Patch_224_Mat_CR1_paintedConcrete
f 2052 2051 2050
f 2055 2054 2053
f 2058 2057 2056

usemtl Patch_225_Mat_CR1_paintedConcrete
f 2061 2060 2059
f 2064 2063 2062
f 2067 2066 2065
f 2070 2069 2068

usemtl Patch_226_Mat_CR1_paintedConcrete
f 2073 2072 2071
f 2076 2075 2074
f 2079 2078 2077

usemtl Patch_227_Mat_CR1_paintedConcrete
f 2082 2081 2080
f 2085 2084 2083

usemtl Patch_228_Mat_CR1_paintedConcrete
f 2088 2087 2086
f 2091 2090 2089
f 2094 2093 2092

usemtl Patch_229_Mat_CR1_paintedConcrete
f 2097 2096 2095
f 2100 2099 2098
f 2103 2102 2101
f 2106 2105 2104

usemtl Patch_230_Mat_CR1_paintedConcrete
f 2109 2108 2107
f 2112 2111 2110
f 2115 2114 2113
f 2118 2117 2116

usemtl Patch_231_Mat_CR1_paintedConcrete
f 2121 2120 2119
f 2124 2123 2122
f 2127 2126 2125

usemtl Patch_232_Mat_CR1_paintedConcrete
f 2130 2129 2128
f 2133 2132 2131
f 2136 2135 2134

usemtl Patch_233_Mat_CR1_paintedConcrete
f 2139 2138 2137
f 2142 2141 2140
f 2145 2144 2143
f 2148 2147 2146

usemtl Patch_234_Mat_CR1_paintedConcrete
f 2151 2150 2149
f 2154 2153 2152
f 2157 2156 2155
f 2160 2159 2158

usemtl Patch_235_Mat_CR1_paintedConcrete
f 2163 2162 2161
f 2166 2165 2164
f 2169 2168 2167

usemtl Patch_236_Mat_CR1_paintedConcrete
f 2172 2171 2170
f 2175 2174 2173
f 2178 2177 2176

usemtl Patch_237_Mat_CR1_paintedConcrete
f 2181 2180 2179
f 2184 2183 2182
f 2187 2186 2185
f 2190 2189 2188

usemtl Patch_238_Mat_CR1_paintedConcrete
f 2193 2192 2191
f 2196 2195 2194
f 2199 2198 2197
f 2202 2201 2200

usemtl Patch_239_Mat_CR1_paintedConcrete
f 2205 2204 2203
f 2208 2207 2206
f 2211 2210 2209

usemtl Patch_240_Mat_CR1_paintedConcrete
f 2214 2213 2212
f 2217 2216 2215

usemtl Patch_241_Mat_CR1_paintedConcrete
f 2220 2219 2218
f 2223 2222 2221
f 2226 2225 2224

usemtl Patch_242_Mat_CR1_paintedConcrete
f 2229 2228 2227
f 2232 2231 2230
f 2235 2234 2233
f 2238 2237 2236

usemtl Patch_243_Mat_CR1_paintedConcrete
f 2241 2240 2239
f 2244 2243 2242

usemtl Patch_244_Mat_CR1_paintedConcrete
f 2247 2246 2245
f 2250 2249 2248
f 2253 2252 2251
f 2256 2255 2254

usemtl Patch_245_Mat_CR1_paintedConcrete
f 2259 2258 2257
f 2262 2261 2260
f 2265 2264 2263
f 2268 2267 2266
f 2271 2270 2269
f 2274 2273 2272
f 2277 2276 2275
f 2280 2279 2278
f 2283 2282 2281
f 2286 2285 2284

usemtl Patch_246_Mat_CR1_paintedConcrete
f 2289 2288 2287
f 2292 2291 2290
f 2295 2294 2293
f 2298 2297 2296
f 2301 2300 2299
f 2304 2303 2302

usemtl Patch_247_Mat_CR1_paintedConcrete
f 2307 2306 2305

usemtl Patch_248_Mat_CR1_concrete
f 2310 2309 2308
f 2313 2312 2311
f 2316 2315 2314
f 2319 2318 2317
f 2322 2321 2320
f 2325 2324 2323

usemtl Patch_249_Mat_CR1_paintedConcrete
f 2328 2327 2326
f 2331 2330 2329

usemtl Patch_250_Mat_CR1_paintedConcrete
f 2334 2333 2332
f 2337 2336 2335

usemtl Patch_251_Mat_CR1_tablesEquipment
f 2340 2339 2338
f 2343 2342 2341

