mtllib mesh.mtl

v 0.50511646 -0.04202657 2.19000005
v 0.5051164596277384 -0.04202656480667753 0.05000000000000022
v 0.57474423 -0.03703559 0.04999999999999982
v 0.57474423 -0.03703559 0.04999999999999982
v 0.5799244896277385 -0.036664264806677546 0.049999999999999996
v 0.57992449 -0.03666427000000001 2.19000005
v 0.57992449 -0.03666427000000001 2.19000005
v 0.50511646 -0.04202657 2.19000005
v 0.57474423 -0.03703559 0.04999999999999982
v 0.71175922 -1.52889796 1.1121167848762394
v 0.59950822 0.03708404 0.05
v 0.71175922 -1.5288979600000001 0.050000000000000044
v 0.59950822 0.03708404 0.05
v 0.71175922 -1.52889796 1.1121167848762394
v 0.5995082200000001 0.037084039999999985 1.1505630364622126
v 0.5995082200000001 0.037084039999999985 1.1505630364622126
v 0.71175922 -1.52889796 2.21999996
v 0.59950822 0.03708404000000021 2.2199999600000004
v 0.71175922 -1.52889796 2.21999996
v 0.5995082200000001 0.037084039999999985 1.1505630364622126
v 0.71175922 -1.52889796 1.1121167848762394
v 0.59950822 0.03708404 2.21999996
v 0.569585 0.03493912 2.21999996
v 0.569585 0.03493912 0.05000000000000013
v 0.569585 0.03493912 0.05000000000000013
v 0.59950822 0.03708404 0.04999999999999982
v 0.59950822 0.03708404 2.21999996
v 0.50511646 -0.04202657000000004 1.1243343853611887
v 0.50511646 -0.04202657 2.19000005
v 0.60735779 -1.4683668599999997 2.19000005
v 0.60735779 -1.4683668599999997 2.19000005
v 0.60735779 -1.4683668599999997 1.120010661605541
v 0.50511646 -0.04202657000000004 1.1243343853611887
v 0.60735779 -1.4683668599999997 1.120010661605541
v 0.60735779 -1.4683668599999997 0.04999999999999963
v 0.50511646 -0.042026570000000096 0.0499999999999996
v 0.50511646 -0.042026570000000096 0.0499999999999996
v 0.50511646 -0.04202657000000004 1.1243343853611887
v 0.60735779 -1.4683668599999997 1.120010661605541
v 0.60735779 -1.46836686 2.1900000500000005
v 0.67698557 -1.46337589 0.05
v 0.6073577874990862 -1.468366825110129 0.05000000000000057
v 0.67698557 -1.46337589 0.05
v 0.60735779 -1.46836686 2.1900000500000005
v 0.68216587 -1.4630046 2.1900000500000005
v 0.67698557 -1.46337589 0.05
v 0.68216587 -1.4630046 2.1900000500000005
v 0.6821658674990863 -1.463004565110129 0.05000000000000057
v 0.681836 -1.5310428800000002 1.1437842030918093
v 0.569585 0.03493912 2.21999996
v 0.681836 -1.5310428800000002 2.21999996
v 0.569585 0.03493912 2.21999996
v 0.681836 -1.5310428800000002 1.1437842030918093
v 0.5695850000000001 0.03493911999999999 1.1208068568845952
v 0.681836 -1.5310428800000002 1.1437842030918093
v 0.681836 -1.53104288 0.049999999999999836
v 0.6769855692235018 -1.46337589005566 0.04999999999999983
v 0.5747442121212548 -0.037035591281564306 0.04999999999999982
v 0.569585 0.03493912000000021 0.04999999999999971
v 0.5695850000000001 0.03493911999999999 1.1208068568845952
v 0.5695850000000001 0.03493911999999999 1.1208068568845952
v 0.681836 -1.5310428800000002 1.1437842030918093
v 0.6769855692235018 -1.46337589005566 0.04999999999999983
v 0.6769855692235018 -1.46337589005566 0.04999999999999983
v 0.5747442121212548 -0.037035591281564306 0.04999999999999982
v 0.5695850000000001 0.03493911999999999 1.1208068568845952
v 0.57992449 -0.03666426999999972 2.19000005
v 0.60735779 -1.46836686 2.19000005
v 0.50511646 -0.042026569999999756 2.19000005
v 0.60735779 -1.46836686 2.19000005
v 0.57992449 -0.03666426999999972 2.19000005
v 0.68216587 -1.4630046 2.19000005
v 0.681836 -1.53104288 2.21999996
v 0.71175922 -1.52889796 2.21999996
v 0.71175922 -1.52889796 0.05000000000000013
v 0.71175922 -1.52889796 0.05000000000000013
v 0.681836 -1.53104288 0.04999999999999982
v 0.681836 -1.53104288 2.21999996
v 0.59950822 0.03708404000000021 2.21999996
v 0.71175922 -1.52889796 2.21999996
v 0.681836 -1.53104288 2.21999996
v 0.681836 -1.53104288 2.21999996
v 0.569585 0.03493911999999999 2.21999996
v 0.59950822 0.03708404000000021 2.21999996
v 0.68216587 -1.4630046000000003 0.05
v 0.6818360000000001 -1.5310428800000002 0.05
v 0.71175922 -1.5288979600000001 0.050000000000000024
v 0.57992449 -0.03666427000000002 0.04999999999999999
v 0.569585 0.03493912 0.04999999999999998
v 0.57474423 -0.03703559 0.04999999999999998
v 0.6818360000000001 -1.5310428800000002 0.05
v 0.68216587 -1.4630046000000003 0.05
v 0.6769855700000001 -1.4633758900000002 0.049999999999999996
v 0.569585 0.03493912 0.04999999999999998
v 0.57992449 -0.03666427000000002 0.04999999999999999
v 0.59950822 0.03708404 0.05
v 0.57992449 -0.03666427000000002 0.04999999999999999
v 0.68216587 -1.4630046000000003 0.05
v 0.71175922 -1.5288979600000001 0.050000000000000024
v 0.71175922 -1.5288979600000001 0.050000000000000024
v 0.59950822 0.03708404 0.05
v 0.57992449 -0.03666427000000002 0.04999999999999999
v 0.60735779 -1.46836686 0.05
v 0.57474423 -0.03703559 0.05
v 0.50511646 -0.04202657 0.04999999999999999
v 0.57474423 -0.03703559 0.05
v 0.60735779 -1.46836686 0.05
v 0.67698557 -1.4633758900000002 0.05000000000000002
v 4.755229478865484 -4.923719016102813 2.73600005
v 6.10173802 -5.28438303806354 2.73600005
v 6.10173802 -3.90599995 2.73600005
v 6.10173802 -3.90599995 2.73600005
v 4.732521423003869 -3.9059999499999996 2.73600005
v 4.755229478865484 -4.923719016102813 2.73600005
v 3.3145052908686887 -4.862300220921497 2.73600005
v 4.244851297907919 -5.447238727682954 2.73600005
v 4.755229478865484 -4.923719016102813 2.73600005
v 3.3145052908686887 -4.862300220921497 2.73600005
v 4.732521423003869 -3.9059999499999996 2.73600005
v 3.286011782277876 -3.90599995 2.73600005
v 4.732521423003869 -3.9059999499999996 2.73600005
v 3.3145052908686887 -4.862300220921497 2.73600005
v 4.755229478865484 -4.923719016102813 2.73600005
v 4.755229478865484 -4.923719016102813 2.73600005
v 4.244851297907919 -5.447238727682954 2.73600005
v 4.25215740944981 -6.15999997 2.73600005
v 4.755229478865484 -4.923719016102813 2.73600005
v 6.101738019999999 -6.15999997 2.73600005
v 6.10173802 -5.28438303806354 2.73600005
v 6.101738019999999 -6.15999997 2.73600005
v 4.755229478865484 -4.923719016102813 2.73600005
v 4.25215740944981 -6.15999997 2.73600005
v 1.8670605239172546 -4.947386743374571 2.73600005
v 1.935338895132573 -3.9059999499999996 2.73600005
v 0.5707378400000009 -3.90599995 2.73600005
v 0.5707378400000009 -3.90599995 2.73600005
v 0.570737840000001 -5.24090149810337 2.73600005
v 1.8670605239172546 -4.947386743374571 2.73600005
v 4.25215740944981 -6.15999997 2.73600005
v 3.3145052908686887 -4.862300220921497 2.73600005
v 2.4054043271443835 -5.512295784517545 2.73600005
v 2.4054043271443835 -5.512295784517545 2.73600005
v 2.400410744177219 -6.15999997 2.73600005
v 4.25215740944981 -6.15999997 2.73600005
v 3.3145052908686887 -4.862300220921497 2.73600005
v 4.25215740944981 -6.15999997 2.73600005
v 4.244851297907919 -5.447238727682954 2.73600005
v 1.8670605239172546 -4.947386743374571 2.73600005
v 2.4054043271443835 -5.512295784517545 2.73600005
v 3.3145052908686887 -4.862300220921497 2.73600005
v 3.3145052908686887 -4.862300220921497 2.73600005
v 3.286011782277876 -3.90599995 2.73600005
v 1.935338895132573 -3.9059999499999996 2.73600005
v 1.935338895132573 -3.9059999499999996 2.73600005
v 1.8670605239172546 -4.947386743374571 2.73600005
v 3.3145052908686887 -4.862300220921497 2.73600005
v 0.5707378400000005 -6.15999997 2.73600005
v 1.8670605239172546 -4.947386743374571 2.73600005
v 0.570737840000001 -5.24090149810337 2.73600005
v 1.8670605239172546 -4.947386743374571 2.73600005
v 0.5707378400000005 -6.15999997 2.73600005
v 2.400410744177219 -6.15999997 2.73600005
v 1.8670605239172546 -4.947386743374571 2.73600005
v 2.400410744177219 -6.15999997 2.73600005
v 2.4054043271443835 -5.512295784517545 2.73600005
v 3.383858415189999 0.93000002 2.73600005
v 0.57073784 0.93000002 2.73600005
v 0.57073784 0.93000002 2.27600003
v 0.57073784 0.93000002 2.27600003
v 3.3839385894353122 0.93000002 2.27600003
v 3.383858415189999 0.93000002 2.73600005
v 3.3839385894353122 0.93000002 2.27600003
v 6.101738020000001 0.93000002 2.27600003
v 6.101738020000001 0.93000002 2.73600005
v 6.101738020000001 0.93000002 2.73600005
v 3.383858415189999 0.93000002 2.73600005
v 3.3839385894353122 0.93000002 2.27600003
v 3.266850250846519 0.93000002 2.27600003
v 6.10173802 0.49900001999999993 2.27600003
v 6.10173802 0.93000002 2.27600003
v 6.10173802 0.49900001999999993 2.27600003
v 3.266850250846519 0.93000002 2.27600003
v 3.2665935483652926 0.49900002 2.27600003
v 3.2665935483652926 0.49900002 2.27600003
v 0.5707378400000008 0.9300000200000001 2.27600003
v 0.5707378400000005 0.49900002000000004 2.27600003
v 0.5707378400000008 0.9300000200000001 2.27600003
v 3.2665935483652926 0.49900002 2.27600003
v 3.266850250846519 0.93000002 2.27600003
v 3.3325196871218328 0.49900002 2.73600005
v 6.10173802 0.49900002 2.73600005
v 6.10173802 0.49900002 2.27600003
v 6.10173802 0.49900002 2.27600003
v 3.332341365429848 0.49900002 2.27600003
v 3.3325196871218328 0.49900002 2.73600005
v 3.332341365429848 0.49900002 2.27600003
v 0.5707378399999996 0.49900002 2.27600003
v 0.5707378399999999 0.49900002 2.73600005
v 0.5707378399999999 0.49900002 2.73600005
v 3.3325196871218328 0.49900002 2.73600005
v 3.332341365429848 0.49900002 2.27600003
v 4.646491527750684 0.9300000199999999 2.73600005
v 6.10173802 0.9300000199999999 2.73600005
v 6.10173802 1.90299993 2.73600005
v 6.10173802 1.90299993 2.73600005
v 4.697508978567701 2.0319726889644754 2.73600005
v 4.646491527750684 0.9300000199999999 2.73600005
v 4.646491527750684 0.9300000199999999 2.73600005
v 3.3157140151925457 2.1588849685794393 2.73600005
v 3.256290454108058 0.9300000199999998 2.73600005
v 3.3157140151925457 2.1588849685794393 2.73600005
v 4.646491527750684 0.9300000199999999 2.73600005
v 4.697508978567701 2.0319726889644754 2.73600005
v 3.256290454108058 0.9300000199999998 2.73600005
v 1.9539633639289373 2.2839562591831424 2.73600005
v 1.8885643672362011 0.9300000199999998 2.73600005
v 1.9539633639289373 2.2839562591831424 2.73600005
v 3.256290454108058 0.9300000199999998 2.73600005
v 3.3157140151925457 2.1588849685794393 2.73600005
v 1.9539633639289373 2.2839562591831424 2.73600005
v 0.5707378399999992 2.41099993 2.73600005
v 0.5707378399999996 0.9300000199999999 2.73600005
v 0.5707378399999996 0.9300000199999999 2.73600005
v 1.8885643672362011 0.9300000199999998 2.73600005
v 1.9539633639289373 2.2839562591831424 2.73600005
v 3.383858415189999 -3.48300019 2.73600005
v 0.57073784 -3.48300019 2.73600005
v 0.57073784 -3.48300019 2.27600003
v 0.57073784 -3.48300019 2.27600003
v 3.3839385894353122 -3.48300019 2.27600003
v 3.383858415189999 -3.48300019 2.73600005
v 3.3839385894353122 -3.48300019 2.27600003
v 6.101738020000001 -3.48300019 2.27600003
v 6.101738020000001 -3.48300019 2.73600005
v 6.101738020000001 -3.48300019 2.73600005
v 3.383858415189999 -3.48300019 2.73600005
v 3.3839385894353122 -3.48300019 2.27600003
v 3.2678285250376735 -3.90599995 2.27600003
v 6.10173802 -3.90599995 2.27600003
v 6.10173802 -3.48300019 2.27600003
v 6.10173802 -3.48300019 2.27600003
v 3.2677993189969614 -3.48300019 2.27600003
v 3.2678285250376735 -3.90599995 2.27600003
v 3.2677993189969614 -3.48300019 2.27600003
v 0.5707378399999998 -3.48300019 2.27600003
v 0.5707378399999996 -3.90599995 2.27600003
v 0.5707378399999996 -3.90599995 2.27600003
v 3.2678285250376735 -3.90599995 2.27600003
v 3.2677993189969614 -3.48300019 2.27600003
v 3.3325196871218328 -3.90599995 2.73600005
v 6.10173802 -3.90599995 2.73600005
v 6.10173802 -3.90599995 2.27600003
v 6.10173802 -3.90599995 2.27600003
v 3.332341365429848 -3.90599995 2.27600003
v 3.3325196871218328 -3.90599995 2.73600005
v 3.332341365429848 -3.90599995 2.27600003
v 0.5707378399999996 -3.90599995 2.27600003
v 0.5707378399999999 -3.90599995 2.73600005
v 0.5707378399999999 -3.90599995 2.73600005
v 3.3325196871218328 -3.90599995 2.73600005
v 3.332341365429848 -3.90599995 2.27600003
v 6.10173802 0.49900002 2.73600005
v 4.801862712107001 -0.8633838342520723 2.73600005
v 6.10173802 -0.6310926453826127 2.73600005
v 4.801862712107001 -0.8633838342520723 2.73600005
v 6.10173802 0.49900002 2.73600005
v 4.316838824877987 0.4990000200000001 2.73600005
v 4.801862712107001 -0.8633838342520723 2.73600005
v 4.316838824877987 0.4990000200000001 2.73600005
v 4.296863769846982 -0.37801530530783195 2.73600005
v 3.913602812874824 -2.119703819735347 2.73600005
v 3.349256254782107 -0.899008463812657 2.73600005
v 3.3096572696449518 -1.8058708527583798 2.73600005
v 4.801862712107001 -0.8633838342520723 2.73600005
v 3.913602812874824 -2.119703819735347 2.73600005
v 4.71755490345665 -1.895815306177721 2.73600005
v 3.349256254782107 -0.899008463812657 2.73600005
v 4.801862712107001 -0.8633838342520723 2.73600005
v 4.296863769846982 -0.37801530530783195 2.73600005
v 3.913602812874824 -2.119703819735347 2.73600005
v 4.801862712107001 -0.8633838342520723 2.73600005
v 3.349256254782107 -0.899008463812657 2.73600005
v 4.316838824877987 0.4990000200000001 2.73600005
v 3.349256254782107 -0.899008463812657 2.73600005
v 4.296863769846982 -0.37801530530783195 2.73600005
v 3.349256254782107 -0.899008463812657 2.73600005
v 4.316838824877987 0.4990000200000001 2.73600005
v 2.433019060615 0.4990000200000002 2.73600005
v 3.349256254782107 -0.899008463812657 2.73600005
v 2.433019060615 0.4990000200000002 2.73600005
v 2.4394874268808375 -0.2858943347063312 2.73600005
v 4.801862712107001 -0.8633838342520723 2.73600005
v 4.71755490345665 -1.895815306177721 2.73600005
v 5.055781368246835 -2.150832986127389 2.73600005
v 4.801862712107001 -0.8633838342520723 2.73600005
v 6.101738020000001 -2.069644210377672 2.73600005
v 6.10173802 -0.6310926453826127 2.73600005
v 6.101738020000001 -2.069644210377672 2.73600005
v 4.801862712107001 -0.8633838342520723 2.73600005
v 5.055781368246835 -2.150832986127389 2.73600005
v 5.055781368246835 -2.150832986127389 2.73600005
v 4.963341355611117 -3.4830001900000003 2.73600005
v 6.101738020000001 -3.4830001900000003 2.73600005
v 6.101738020000001 -3.4830001900000003 2.73600005
v 6.101738020000001 -2.069644210377672 2.73600005
v 5.055781368246835 -2.150832986127389 2.73600005
v 3.913602812874824 -2.119703819735347 2.73600005
v 3.3096572696449518 -1.8058708527583798 2.73600005
v 2.7839648915470243 -2.0722654416610027 2.73600005
v 3.913602812874824 -2.119703819735347 2.73600005
v 2.7831294256756096 -3.4830001900000003 2.73600005
v 3.8885289028783756 -3.4830001900000003 2.73600005
v 2.7831294256756096 -3.4830001900000003 2.73600005
v 3.913602812874824 -2.119703819735347 2.73600005
v 2.7839648915470243 -2.0722654416610027 2.73600005
v 3.349256254782107 -0.899008463812657 2.73600005
v 2.4394874268808375 -0.2858943347063312 2.73600005
v 1.8579132618299725 -0.8427131632007785 2.73600005
v 1.8579132618299725 -0.8427131632007785 2.73600005
v 1.9625633555521174 -1.865235109843875 2.73600005
v 2.7839648915470243 -2.0722654416610027 2.73600005
v 2.7839648915470243 -2.0722654416610027 2.73600005
v 3.3096572696449518 -1.8058708527583798 2.73600005
v 3.349256254782107 -0.899008463812657 2.73600005
v 3.349256254782107 -0.899008463812657 2.73600005
v 1.8579132618299725 -0.8427131632007785 2.73600005
v 2.7839648915470243 -2.0722654416610027 2.73600005
v 5.055781368246835 -2.150832986127389 2.73600005
v 4.71755490345665 -1.895815306177721 2.73600005
v 3.913602812874824 -2.119703819735347 2.73600005
v 3.913602812874824 -2.119703819735347 2.73600005
v 3.8885289028783756 -3.4830001900000003 2.73600005
v 4.963341355611117 -3.4830001900000003 2.73600005
v 4.963341355611117 -3.4830001900000003 2.73600005
v 5.055781368246835 -2.150832986127389 2.73600005
v 3.913602812874824 -2.119703819735347 2.73600005
v 1.8579132618299725 -0.8427131632007785 2.73600005
v 2.4394874268808375 -0.2858943347063312 2.73600005
v 2.433019060615 0.4990000200000002 2.73600005
v 1.8579132618299725 -0.8427131632007785 2.73600005
v 0.5707378400000003 0.49900002 2.73600005
v 0.57073784 -0.5736903317443185 2.73600005
v 0.5707378400000003 0.49900002 2.73600005
v 1.8579132618299725 -0.8427131632007785 2.73600005
v 2.433019060615 0.4990000200000002 2.73600005
v 2.7839648915470243 -2.0722654416610027 2.73600005
v 1.9625633555521174 -1.865235109843875 2.73600005
v 1.6319156951767346 -2.1176179046316985 2.73600005
v 2.7839648915470243 -2.0722654416610027 2.73600005
v 1.7265524089444444 -3.4830001900000003 2.73600005
v 2.7831294256756096 -3.4830001900000003 2.73600005
v 1.7265524089444444 -3.4830001900000003 2.73600005
v 2.7839648915470243 -2.0722654416610027 2.73600005
v 1.6319156951767346 -2.1176179046316985 2.73600005
v 1.6319156951767346 -2.1176179046316985 2.73600005
v 1.9625633555521174 -1.865235109843875 2.73600005
v 1.8579132618299725 -0.8427131632007785 2.73600005
v 1.8579132618299725 -0.8427131632007785 2.73600005
v 0.57073784 -0.5736903317443185 2.73600005
v 0.5707378400000003 -2.048128422208179 2.73600005
v 0.5707378400000003 -2.048128422208179 2.73600005
v 1.6319156951767346 -2.1176179046316985 2.73600005
v 1.8579132618299725 -0.8427131632007785 2.73600005
v 1.6319156951767346 -2.1176179046316985 2.73600005
v 0.5707378400000003 -2.048128422208179 2.73600005
v 0.5707378400000005 -3.4830001900000003 2.73600005
v 0.5707378400000005 -3.4830001900000003 2.73600005
v 1.7265524089444444 -3.4830001900000003 2.73600005
v 1.6319156951767346 -2.1176179046316985 2.73600005
v -0.1154714599999998 1.5980490699999998 0.0
v -1.4195807333220847 1.5050742268892505 0.0
v -1.3214502841330908 1.6844947200601101 0.0
v -0.05112377 2.49574572 0.0
v -0.8465678196633595 2.552763913542093 0.0
v -0.82180278542291 2.598043994225888 0.0
v -1.4195807333220847 1.5050742268892505 0.0
v -0.1154714599999998 1.5980490699999998 0.0
v -0.8298333453757188 0.11600276499659179 0.0
v -0.05112377 2.49574572 0.0
v -0.82180278542291 2.598043994225888 0.0
v -0.00026213999999999404 2.52300007 0.0
v -0.8298333453757188 0.11600276499659179 0.0
v -0.1154714599999998 1.5980490699999998 0.0
v -0.0002621399999995777 0.11248893615661881 0.0
v -0.1154714599999998 1.5980490699999998 0.0
v -0.05112377 2.49574572 0.0
v -0.00026213999999999404 2.52300007 0.0
v -0.00026213999999999404 2.52300007 0.0
v -0.0002621399999995777 0.11248893615661881 0.0
v -0.1154714599999998 1.5980490699999998 0.0
v -2.4509587556184327 0.25802736726877945 0.0
v -0.8298333453757188 0.11600276499659179 0.0
v -1.4999704780156367 -0.4558409302972718 0.0
v -0.8298333453757188 0.11600276499659179 0.0
v -2.4509587556184327 0.25802736726877945 0.0
v -2.374568347277301 1.0819262524796391 0.0
v -0.8298333453757188 0.11600276499659179 0.0
v -2.374568347277301 1.0819262524796391 0.0
v -1.4195807333220847 1.5050742268892505 0.0
v -1.78405854 1.7289706300000003 0.0
v -2.3900469400000004 2.5244441700000007 0.0
v -1.67695229 2.6122866700000005 0.0
v -1.74129991 1.7145899200000003 0.0
v -1.3214502841330908 1.6844947200601101 0.0
v -1.4195807333220847 1.5050742268892505 0.0
v -1.86360582 1.6683718100000002 0.0
v -2.374568347277301 1.0819262524796391 0.0
v -3.1166799342977374 1.5706395865255083 0.0
v -3.1166799342977374 1.5706395865255083 0.0
v -3.014771103458832 2.4619983700000008 0.0
v -2.5087414400000005 2.4619983700000003 0.0
v -2.5087414400000005 2.56199827 0.0
v -3.003338139447097 2.5619982700000006 0.0
v -2.9767122600764777 2.794884971273718 0.0
v -1.67695229 2.6122866700000005 0.0
v -0.82180278542291 2.598043994225888 0.0
v -0.8465678196633595 2.552763913542093 0.0
v -1.78405854 1.7289706300000003 0.0
v -1.67695229 2.6122866700000005 0.0
v -1.74129991 1.7145899200000003 0.0
v -0.82180278542291 2.598043994225888 0.0
v -1.67695229 2.6122866700000005 0.0
v -2.9767122600764777 2.794884971273718 0.0
v -1.86360582 1.6683718100000002 0.0
v -1.78405854 1.7289706300000003 0.0
v -1.74129991 1.7145899200000003 0.0
v -2.5087414400000005 2.56199827 0.0
v -2.9767122600764777 2.794884971273718 0.0
v -1.67695229 2.6122866700000005 0.0
v -1.86360582 1.6683718100000002 0.0
v -1.74129991 1.7145899200000003 0.0
v -1.4195807333220847 1.5050742268892505 0.0
v -2.5087414400000005 2.56199827 0.0
v -1.67695229 2.6122866700000005 0.0
v -2.3900469400000004 2.5244441700000007 0.0
v -2.374568347277301 1.0819262524796391 0.0
v -1.86360582 1.6683718100000002 0.0
v -1.4195807333220847 1.5050742268892505 0.0
v -2.4695942200000003 2.4638451500000005 0.0
v -2.5087414400000005 2.56199827 0.0
v -2.3900469400000004 2.5244441700000007 0.0
v -2.5087414400000005 2.4619983700000003 0.0
v -1.86360582 1.6683718100000002 0.0
v -3.1166799342977374 1.5706395865255083 0.0
v -2.5087414400000005 2.56199827 0.0
v -2.4695942200000003 2.4638451500000005 0.0
v -2.5087414400000005 2.4619983700000003 0.0
v -1.86360582 1.6683718100000002 0.0
v -2.5087414400000005 2.4619983700000003 0.0
v -2.4695942200000003 2.4638451500000005 0.0
v -3.895874042288525 0.055184316593381744 0.0
v -2.4509587556184327 0.25802736726877945 0.0
v -3.3977134452669255 -0.2570154433593474 0.0
v -2.4509587556184327 0.25802736726877945 0.0
v -3.895874042288525 0.055184316593381744 0.0
v -3.768858179033681 1.2862088198533395 0.0
v -2.4509587556184327 0.25802736726877945 0.0
v -3.1166799342977374 1.5706395865255083 0.0
v -2.374568347277301 1.0819262524796391 0.0
v -3.1166799342977374 1.5706395865255083 0.0
v -2.4509587556184327 0.25802736726877945 0.0
v -3.768858179033681 1.2862088198533395 0.0
v -0.8298333453757188 0.11600276499659179 0.0
v -0.3007828797155976 -1.98335762 0.0
v -1.5048994671196847 -0.5011949990865436 0.0
v -1.5048994671196847 -0.5011949990865436 0.0
v -1.4999704780156367 -0.4558409302972718 0.0
v -0.8298333453757188 0.11600276499659179 0.0
v -0.012714849999999167 -1.98335762 0.0
v -0.00026213999999935567 -2.3532724703352064 0.0
v -0.012714849999999167 -2.3379442691592174 0.0
v -0.0002621399999995777 0.11248893615661881 0.0
v -0.3007828797155976 -1.98335762 0.0
v -0.8298333453757188 0.11600276499659179 0.0
v -0.00026213999999935567 -2.3532724703352064 0.0
v -0.012714849999999167 -1.98335762 0.0
v -0.0002621399999995777 0.11248893615661881 0.0
v -0.3007828797155976 -1.98335762 0.0
v -0.0002621399999995777 0.11248893615661881 0.0
v -0.012714849999999167 -1.98335762 0.0
v -3.2565812790414506 -1.0280811282914035 0.0
v -2.4509587556184327 0.25802736726877945 0.0
v -2.2996546779540714 -1.4203172574439997 0.0
v -2.4509587556184327 0.25802736726877945 0.0
v -3.2565812790414506 -1.0280811282914035 0.0
v -3.3977134452669255 -0.2570154433593474 0.0
v -1.5048994671196847 -0.5011949990865436 0.0
v -2.4509587556184327 0.25802736726877945 0.0
v -1.4999704780156367 -0.4558409302972718 0.0
v -2.2996546779540714 -1.4203172574439997 0.0
v -2.4509587556184327 0.25802736726877945 0.0
v -1.5048994671196847 -0.5011949990865436 0.0
v -5.318257549999999 1.6070335900000008 0.0
v -4.781015214951869 2.0139402005486855 0.0
v -4.738707870826143 1.8376644301608436 0.0
v -5.28128268 1.5141203700000005 0.0
v -4.746352711498975 1.7269949193232963 0.0
v -5.333327035571479 0.9177513326170976 0.0
v -5.333327035571479 0.9177513326170976 0.0
v -5.34190068 0.9173039863888963 0.0
v -5.34190068 1.478813800000001 0.0
v -5.441900389999999 1.4788138000000006 0.0
v -5.441900389999999 0.9120863110511013 0.0
v -6.251262229999999 0.869856315464907 0.0
v -6.03711328 3.050918810000001 0.0
v -5.013091631446313 2.9808987736237795 0.0
v -5.003831656998601 2.9423166039491364 0.0
v -4.781015214951869 2.0139402005486855 0.0
v -5.318257549999999 1.6070335900000008 0.0
v -6.13118894 2.155849220000001 0.0
v -5.34190068 1.478813800000001 0.0
v -5.28128268 1.5141203700000005 0.0
v -5.333327035571479 0.9177513326170976 0.0
v -5.013091631446313 2.9808987736237795 0.0
v -6.03711328 3.050918810000001 0.0
v -6.25126223 3.093999910000001 0.0
v -5.28128268 1.5141203700000005 0.0
v -5.34190068 1.478813800000001 0.0
v -5.318257549999999 1.6070335900000008 0.0
v -6.25126223 3.093999910000001 0.0
v -6.03711328 3.050918810000001 0.0
v -6.13118894 2.155849220000001 0.0
v -5.441900389999999 1.4788138000000006 0.0
v -5.318257549999999 1.6070335900000008 0.0
v -5.34190068 1.478813800000001 0.0
v -6.251262229999999 0.869856315464907 0.0
v -6.25126223 3.093999910000001 0.0
v -6.13118894 2.155849220000001 0.0
v -5.318257549999999 1.6070335900000008 0.0
v -5.441900389999999 1.4788138000000006 0.0
v -6.13118894 2.155849220000001 0.0
v -5.441900389999999 1.4788138000000006 0.0
v -6.251262229999999 0.869856315464907 0.0
v -6.13118894 2.155849220000001 0.0
v -3.50874164 2.561998270000001 0.0
v -3.5087416400000007 2.4707759300000003 0.0
v -3.5562864200000006 2.5587957500000003 0.0
v -4.3723118 1.9721931900000007 0.0
v -3.5087416400000007 2.4707759300000003 0.0
v -3.5087416400000007 2.4619983700000008 0.0
v -3.5087416400000007 2.4619983700000008 0.0
v -3.014771103458832 2.4619983700000008 0.0
v -3.1166799342977374 1.5706395865255083 0.0
v -4.35215024 1.8838671800000004 0.0
v -3.768858179033681 1.2862088198533395 0.0
v -4.692590583007783 1.7483894747737863 0.0
v -4.738707870826143 1.8376644301608436 0.0
v -4.781015214951869 2.0139402005486855 0.0
v -4.510118119999999 1.9854677600000006 0.0
v -4.41604285 2.8805375500000006 0.0
v -5.003831656998601 2.9423166039491364 0.0
v -5.013091631446313 2.9808987736237795 0.0
v -2.9767122600764777 2.794884971273718 0.0
v -3.003338139447097 2.5619982700000006 0.0
v -3.50874164 2.561998270000001 0.0
v -3.768858179033681 1.2862088198533395 0.0
v -3.5087416400000007 2.4619983700000008 0.0
v -3.1166799342977374 1.5706395865255083 0.0
v -3.5087416400000007 2.4619983700000008 0.0
v -3.768858179033681 1.2862088198533395 0.0
v -4.35215024 1.8838671800000004 0.0
v -4.38912512 1.9767803100000005 0.0
v -4.738707870826143 1.8376644301608436 0.0
v -4.510118119999999 1.9854677600000006 0.0
v -4.41604285 2.8805375500000006 0.0
v -5.013091631446313 2.9808987736237795 0.0
v -2.9767122600764777 2.794884971273718 0.0
v -2.9767122600764777 2.794884971273718 0.0
v -3.50874164 2.561998270000001 0.0
v -3.5562864200000006 2.5587957500000003 0.0
v -3.5087416400000007 2.4619983700000008 0.0
v -4.35215024 1.8838671800000004 0.0
v -4.3723118 1.9721931900000007 0.0
v -4.41604285 2.8805375500000006 0.0
v -2.9767122600764777 2.794884971273718 0.0
v -3.5562864200000006 2.5587957500000003 0.0
v -4.3723118 1.9721931900000007 0.0
v -4.35215024 1.8838671800000004 0.0
v -4.38912512 1.9767803100000005 0.0
v -4.41604285 2.8805375500000006 0.0
v -3.5562864200000006 2.5587957500000003 0.0
v -4.42231185 2.0587958500000005 0.0
v -4.42231185 2.0587958500000005 0.0
v -4.3723118 1.9721931900000007 0.0
v -4.38912512 1.9767803100000005 0.0
v -4.510118119999999 1.9854677600000006 0.0
v -4.41604285 2.8805375500000006 0.0
v -4.42231185 2.0587958500000005 0.0
v -4.42231185 2.0587958500000005 0.0
v -4.38912512 1.9767803100000005 0.0
v -4.510118119999999 1.9854677600000006 0.0
v -4.677220521803879 -1.7142861258501778 0.0
v -3.2565812790414506 -1.0280811282914035 0.0
v -4.09991821968541 -1.9307260535698791 0.0
v -4.09991821968541 -1.9307260535698791 0.0
v -4.349349516686269 -1.973749266044021 0.0
v -4.677220521803879 -1.7142861258501778 0.0
v -3.895874042288525 0.055184316593381744 0.0
v -4.972325124060914 -0.5247119790806908 0.0
v -4.703025676364327 -0.11406888421337635 0.0
v -3.2565812790414506 -1.0280811282914035 0.0
v -3.895874042288525 0.055184316593381744 0.0
v -3.3977134452669255 -0.2570154433593474 0.0
v -4.972325124060914 -0.5247119790806908 0.0
v -3.2565812790414506 -1.0280811282914035 0.0
v -4.677220521803879 -1.7142861258501778 0.0
v -3.895874042288525 0.055184316593381744 0.0
v -3.2565812790414506 -1.0280811282914035 0.0
v -4.972325124060914 -0.5247119790806908 0.0
v -0.012714849999998723 -3.6133573500000002 0.0
v -0.012714849999999167 -2.3637399956737655 0.0
v -0.0002621399999984675 -2.3663660531237936 0.0
v -0.012714849999998723 -3.6133573500000002 0.0
v -2.5702153588553145 -3.6479998100000004 0.0
v -2.575985709552042 -3.6133573500000002 0.0
v -0.012714849999998723 -3.6133573500000002 0.0
v -0.0002621399999984675 -2.3663660531237936 0.0
v -0.0002621399999989116 -3.647999810000001 0.0
v -2.5702153588553145 -3.6479998100000004 0.0
v -0.012714849999998723 -3.6133573500000002 0.0
v -0.0002621399999989116 -3.647999810000001 0.0
v -2.1787192016779993 -1.9069677858883358 0.0
v -0.9127148299999992 -2.1739458342017595 0.0
v -0.9127148299999983 -2.7983574899999994 0.0
v -0.9127148299999983 -2.7983574899999994 0.0
v -2.6323346820637656 -2.798357489999999 0.0
v -2.1787192016779993 -1.9069677858883358 0.0
v -0.9127148299999994 -1.9833576200000005 0.0
v -0.9127148299999992 -2.1739458342017595 0.0
v -2.1787192016779993 -1.9069677858883358 0.0
v -0.9127148299999994 -1.9833576200000005 0.0
v -2.2996546779540714 -1.4203172574439997 0.0
v -1.5048994671196847 -0.5011949990865436 0.0
v -1.5048994671196847 -0.5011949990865436 0.0
v -0.3007828797155976 -1.98335762 0.0
v -0.9127148299999994 -1.9833576200000005 0.0
v -2.2996546779540714 -1.4203172574439997 0.0
v -0.9127148299999994 -1.9833576200000005 0.0
v -2.1787192016779993 -1.9069677858883358 0.0
v -0.00026213999999935567 -2.3532724703352064 0.0
v -0.0002621399999984675 -2.3663660531237936 0.0
v -0.012714849999999167 -2.3637399956737655 0.0
v -0.012714849999999167 -2.3637399956737655 0.0
v -0.012714849999999167 -2.3379442691592174 0.0
v -0.00026213999999935567 -2.3532724703352064 0.0
v -2.1787192016779993 -1.9069677858883358 0.0
v -2.6323346820637656 -2.798357489999999 0.0
v -2.8027147799999996 -2.7983574899999994 0.0
v -2.8027147799999996 -2.7983574899999994 0.0
v -2.8027147800000005 -2.838543958946003 0.0
v -4.09991821968541 -1.9307260535698791 0.0
v -2.1787192016779993 -1.9069677858883358 0.0
v -3.2565812790414506 -1.0280811282914035 0.0
v -2.2996546779540714 -1.4203172574439997 0.0
v -3.2565812790414506 -1.0280811282914035 0.0
v -2.1787192016779993 -1.9069677858883358 0.0
v -2.8027147799999996 -2.7983574899999994 0.0
v -3.2565812790414506 -1.0280811282914035 0.0
v -2.8027147799999996 -2.7983574899999994 0.0
v -4.09991821968541 -1.9307260535698791 0.0
v -3.768858179033681 1.2862088198533395 0.0
v -4.703025676364327 -0.11406888421337635 0.0
v -5.333327035571479 0.9177513326170976 0.0
v -3.768858179033681 1.2862088198533395 0.0
v -4.746352711498975 1.7269949193232963 0.0
v -4.692590583007783 1.7483894747737863 0.0
v -4.703025676364327 -0.11406888421337635 0.0
v -3.768858179033681 1.2862088198533395 0.0
v -3.895874042288525 0.055184316593381744 0.0
v -3.768858179033681 1.2862088198533395 0.0
v -5.333327035571479 0.9177513326170976 0.0
v -4.746352711498975 1.7269949193232963 0.0
v -4.52168292 -3.0531010499999995 0.0
v -4.688505412824446 -3.0531010499999995 0.0
v -4.349349516686269 -1.973749266044021 0.0
v -4.52168292 -3.0531010499999995 0.0
v -4.09991821968541 -1.9307260535698791 0.0
v -2.8027147800000005 -2.838543958946003 0.0
v -2.8027147799999996 -3.6133573500000002 0.0
v -2.575985709552042 -3.6133573500000002 0.0
v -2.5702153588553145 -3.6479998100000004 0.0
v -4.52168292 -3.6231009399999996 0.0
v -4.875435591713665 -3.647999810000001 0.0
v -4.867611823139598 -3.6231009399999996 0.0
v -4.09991821968541 -1.9307260535698791 0.0
v -4.52168292 -3.0531010499999995 0.0
v -4.349349516686269 -1.973749266044021 0.0
v -4.52168292 -3.0531010499999995 0.0
v -2.8027147800000005 -2.838543958946003 0.0
v -2.8027147799999996 -3.6133573500000002 0.0
v -4.875435591713665 -3.647999810000001 0.0
v -4.52168292 -3.6231009399999996 0.0
v -2.5702153588553145 -3.6479998100000004 0.0
v -4.52168292 -3.0531010499999995 0.0
v -2.8027147799999996 -3.6133573500000002 0.0
v -4.52168292 -3.6231009399999996 0.0
v -2.8027147799999996 -3.6133573500000002 0.0
v -2.5702153588553145 -3.6479998100000004 0.0
v -4.52168292 -3.6231009399999996 0.0
v -6.251262229999999 -1.1499999599999997 0.0
v -4.677220521803879 -1.7142861258501778 0.0
v -6.251262229999999 -1.9456952201817872 0.0
v -6.251262229999999 -1.1499999599999997 0.0
v -6.25126223 -0.5887183365994024 0.0
v -4.972325124060914 -0.5247119790806908 0.0
v -4.677220521803879 -1.7142861258501778 0.0
v -6.251262229999999 -1.1499999599999997 0.0
v -4.972325124060914 -0.5247119790806908 0.0
v -5.34190068 -0.09118617999999934 0.0
v -5.34190068 0.9173039863888963 0.0
v -5.333327035571479 0.9177513326170976 0.0
v -5.34190068 -0.09118617999999934 0.0
v -4.703025676364327 -0.11406888421337635 0.0
v -4.972325124060914 -0.5247119790806908 0.0
v -5.441900389999999 -0.0911861799999989 0.0
v -6.251262229999999 0.869856315464907 0.0
v -5.441900389999999 0.9120863110511013 0.0
v -4.703025676364327 -0.11406888421337635 0.0
v -5.34190068 -0.09118617999999934 0.0
v -5.333327035571479 0.9177513326170976 0.0
v -6.251262229999999 0.869856315464907 0.0
v -5.441900389999999 -0.0911861799999989 0.0
v -6.25126223 -0.5887183365994024 0.0
v -5.441900389999999 -0.0911861799999989 0.0
v -5.34190068 -0.09118617999999934 0.0
v -4.972325124060914 -0.5247119790806908 0.0
v -4.972325124060914 -0.5247119790806908 0.0
v -6.25126223 -0.5887183365994024 0.0
v -5.441900389999999 -0.0911861799999989 0.0
v -4.677220521803879 -1.7142861258501778 0.0
v -4.349349516686269 -1.973749266044021 0.0
v -4.688505412824446 -3.0531010499999995 0.0
v -6.15168304 -3.62310094 0.0
v -4.867611823139598 -3.6231009399999996 0.0
v -4.875435591713665 -3.647999810000001 0.0
v -6.251262229999999 -2.1870000399999987 0.0
v -6.251262229999999 -1.9456952201817872 0.0
v -4.677220521803879 -1.7142861258501778 0.0
v -6.251262229999999 -2.1870000399999987 0.0
v -4.688505412824446 -3.0531010499999995 0.0
v -6.15168304 -3.05310105 0.0
v -6.15168304 -3.62310094 0.0
v -4.875435591713665 -3.647999810000001 0.0
v -6.25126223 -3.647999810000001 0.0
v -4.688505412824446 -3.0531010499999995 0.0
v -6.251262229999999 -2.1870000399999987 0.0
v -4.677220521803879 -1.7142861258501778 0.0
v -6.15168304 -3.05310105 0.0
v -6.15168304 -3.62310094 0.0
v -6.25126223 -3.647999810000001 0.0
v -6.25126223 -3.647999810000001 0.0
v -6.251262229999999 -2.1870000399999987 0.0
v -6.15168304 -3.05310105 0.0
v -5.0865329906228585 -3.64799981 1.337728025764069
v -6.25126223 -3.64799981 1.4965829493786869
v -6.25126223 -3.64799981 0.0
v -6.25126223 -3.64799981 0.0
v -4.9982063813043505 -3.64799981 0.0
v -5.0865329906228585 -3.64799981 1.337728025764069
v -5.0865329906228585 -3.64799981 1.337728025764069
v -4.657898947350473 -3.64799981 1.6721202499997574
v -4.677292764900126 -3.64799981 2.76800004
v -5.0865329906228585 -3.64799981 1.337728025764069
v -6.25126223 -3.64799981 2.76800004
v -6.25126223 -3.64799981 1.4965829493786869
v -6.25126223 -3.64799981 2.76800004
v -5.0865329906228585 -3.64799981 1.337728025764069
v -4.677292764900126 -3.64799981 2.76800004
v -3.0796220084567043 -3.64799981 2.7680000400000004
v -3.766501321558586 -3.64799981 1.2945159731894433
v -3.109035819917766 -3.64799981 1.6270430000890057
v -3.766501321558586 -3.64799981 1.2945159731894433
v -3.0796220084567043 -3.64799981 2.7680000400000004
v -4.677292764900126 -3.64799981 2.76800004
v -3.766501321558586 -3.64799981 1.2945159731894433
v -4.677292764900126 -3.64799981 2.76800004
v -4.657898947350473 -3.64799981 1.6721202499997574
v -3.766501321558586 -3.64799981 1.2945159731894433
v -4.657898947350473 -3.64799981 1.6721202499997574
v -5.0865329906228585 -3.64799981 1.337728025764069
v -3.766501321558586 -3.64799981 1.2945159731894433
v -4.9982063813043505 -3.64799981 0.0
v -3.830105536289184 -3.64799981 0.0
v -4.9982063813043505 -3.64799981 0.0
v -3.766501321558586 -3.64799981 1.2945159731894433
v -5.0865329906228585 -3.64799981 1.337728025764069
v -0.0002621400000000218 -3.64799981 2.7680000400000004
v -1.2084636906563035 -3.64799981 1.3249738846148358
v -0.0002621400000000218 -3.64799981 1.4702024137138785
v -1.2084636906563035 -3.64799981 1.3249738846148358
v -0.0002621400000000218 -3.64799981 2.7680000400000004
v -1.548650094900752 -3.64799981 2.7680000400000004
v -1.2084636906563035 -3.64799981 1.3249738846148358
v -1.548650094900752 -3.64799981 2.7680000400000004
v -1.5543695102043706 -3.64799981 1.5991139468097653
v -2.5041241138684946 -3.64799981 1.2650318359155805
v -3.109035819917766 -3.64799981 1.6270430000890057
v -3.766501321558586 -3.64799981 1.2945159731894433
v -3.766501321558586 -3.64799981 1.2945159731894433
v -3.830105536289184 -3.64799981 0.0
v -2.493715480389815 -3.64799981 -1.1102230246251565e-16
v -2.493715480389815 -3.64799981 -1.1102230246251565e-16
v -2.5041241138684946 -3.64799981 1.2650318359155805
v -3.766501321558586 -3.64799981 1.2945159731894433
v -1.2084636906563035 -3.64799981 1.3249738846148358
v -1.5543695102043706 -3.64799981 1.5991139468097653
v -2.5041241138684946 -3.64799981 1.2650318359155805
v -2.5041241138684946 -3.64799981 1.2650318359155805
v -2.493715480389815 -3.64799981 -1.1102230246251565e-16
v -1.2516361655276291 -3.64799981 -1.6653345369377348e-16
v -1.2516361655276291 -3.64799981 -1.6653345369377348e-16
v -1.2084636906563035 -3.64799981 1.3249738846148358
v -2.5041241138684946 -3.64799981 1.2650318359155805
v -1.548650094900752 -3.64799981 2.7680000400000004
v -2.5041241138684946 -3.64799981 1.2650318359155805
v -1.5543695102043706 -3.64799981 1.5991139468097653
v -2.5041241138684946 -3.64799981 1.2650318359155805
v -1.548650094900752 -3.64799981 2.7680000400000004
v -3.0796220084567043 -3.64799981 2.7680000400000004
v -2.5041241138684946 -3.64799981 1.2650318359155805
v -3.0796220084567043 -3.64799981 2.7680000400000004
v -3.109035819917766 -3.64799981 1.6270430000890057
v -1.2084636906563035 -3.64799981 1.3249738846148358
v -1.2516361655276291 -3.64799981 -1.6653345369377348e-16
v -0.0002621399999992172 -3.64799981 -1.3143899093220044e-16
v -0.0002621399999992172 -3.64799981 -1.3143899093220044e-16
v -0.0002621400000000218 -3.64799981 1.4702024137138785
v -1.2084636906563035 -3.64799981 1.3249738846148358
v -1.2429893424695257 0.93000002 2.76800004
v -0.0002621400000000218 0.93000002 2.76800004
v -0.00026214 2.52300007 2.76800004
v -0.00026214 2.52300007 2.76800004
v -1.1142787529208742 2.624760316132897 2.76800004
v -1.2429893424695257 0.93000002 2.76800004
v -4.879675523575015 1.997033827368992 2.76800004
v -3.7554044056752813 1.8219627276857986 2.76800004
v -3.2773214778979045 2.822344227841823 2.76800004
v -3.2773214778979045 2.822344227841823 2.76800004
v -5.169368900149328 2.9951739766537404 2.76800004
v -4.879675523575015 1.997033827368992 2.76800004
v -1.1142787529208742 2.624760316132897 2.76800004
v -2.354681451596823 2.7380653444934926 2.76800004
v -2.375896960882941 0.9300000200000003 2.76800004
v -2.375896960882941 0.9300000200000003 2.76800004
v -1.2429893424695257 0.93000002 2.76800004
v -1.1142787529208742 2.624760316132897 2.76800004
v -3.4675992044198463 0.9300000200000001 2.76800004
v -4.879675523575015 1.997033827368992 2.76800004
v -5.443314570421004 0.9300000200000001 2.76800004
v -4.879675523575015 1.997033827368992 2.76800004
v -3.4675992044198463 0.9300000200000001 2.76800004
v -3.7554044056752813 1.8219627276857986 2.76800004
v -2.354681451596823 2.7380653444934926 2.76800004
v -3.2773214778979045 2.822344227841823 2.76800004
v -3.7554044056752813 1.8219627276857986 2.76800004
v -3.7554044056752813 1.8219627276857986 2.76800004
v -3.4675992044198463 0.9300000200000001 2.76800004
v -2.375896960882941 0.9300000200000003 2.76800004
v -2.375896960882941 0.9300000200000003 2.76800004
v -2.354681451596823 2.7380653444934926 2.76800004
v -3.7554044056752813 1.8219627276857986 2.76800004
v -4.879675523575015 1.997033827368992 2.76800004
v -5.169368900149328 2.9951739766537404 2.76800004
v -6.251262229999999 3.09399991 2.76800004
v -4.879675523575015 1.997033827368992 2.76800004
v -6.25126223 0.9300000200000001 2.76800004
v -5.443314570421004 0.9300000200000001 2.76800004
v -6.25126223 0.9300000200000001 2.76800004
v -4.879675523575015 1.997033827368992 2.76800004
v -6.251262229999999 3.09399991 2.76800004
v -6.25126223 1.9640117223658997 1.419014929598523
v -6.25126223 1.8480407799668677 2.76800004
v -6.25126223 3.09399991 2.76800004
v -6.25126223 3.09399991 2.76800004
v -6.25126223 3.09399991 1.3029414117152773
v -6.25126223 1.9640117223658997 1.419014929598523
v -6.25126223 -0.8648434843270952 1.558272892705849
v -6.25126223 -1.1499999599999997 1.4049850183542918
v -6.25126223 -1.1499999599999993 2.03299994
v -6.25126223 -1.1499999599999993 2.03299994
v -6.25126223 -2.120518142485457 2.0329999400000003
v -6.25126223 -2.2453535257508124 2.76800004
v -6.25126223 -0.5828880993319863 2.76800004
v -6.25126223 -0.8648434843270952 1.558272892705849
v -6.25126223 -1.1499999599999993 2.03299994
v -6.25126223 -1.1499999599999993 2.03299994
v -6.25126223 -2.2453535257508124 2.76800004
v -6.25126223 -0.5828880993319863 2.76800004
v -6.25126223 0.9300000199999998 2.27600003
v -6.25126223 1.6214085985065207 1.1438790189983221
v -6.25126223 0.6033915899228489 1.4747203945560838
v -6.25126223 0.6033915899228489 1.4747203945560838
v -6.25126223 0.6332329224770712 2.27600003
v -6.25126223 0.9300000199999998 2.27600003
v -6.25126223 0.9300000199999998 2.27600003
v -6.25126223 0.93000002 2.7680000400000004
v -6.25126223 1.8480407799668677 2.76800004
v -6.25126223 1.6214085985065207 1.1438790189983221
v -6.25126223 0.9300000199999998 2.27600003
v -6.25126223 1.9640117223658997 1.419014929598523
v -6.25126223 1.9640117223658997 1.419014929598523
v -6.25126223 0.9300000199999998 2.27600003
v -6.25126223 1.8480407799668677 2.76800004
v -6.25126223 3.09399991 -4.440892098500626e-16
v -6.25126223 1.9640117223658997 1.419014929598523
v -6.25126223 3.09399991 1.3029414117152773
v -6.25126223 1.9640117223658997 1.419014929598523
v -6.25126223 3.09399991 -4.440892098500626e-16
v -6.25126223 1.6314090818598719 0.0
v -6.25126223 1.9640117223658997 1.419014929598523
v -6.25126223 1.6314090818598719 0.0
v -6.25126223 1.6214085985065207 1.1438790189983221
v -6.25126223 0.2133595925648778 1.2020320158586804
v -6.25126223 0.6033915899228489 1.4747203945560838
v -6.25126223 1.6214085985065207 1.1438790189983221
v -6.25126223 1.6214085985065207 1.1438790189983221
v -6.25126223 1.6314090818598719 0.0
v -6.25126223 0.16378777246421794 1.1102230246251565e-16
v -6.25126223 0.16378777246421794 1.1102230246251565e-16
v -6.25126223 0.2133595925648778 1.2020320158586804
v -6.25126223 1.6214085985065207 1.1438790189983221
v -6.25126223 -1.1499999600000002 -1.1102230246251565e-16
v -6.25126223 0.2133595925648778 1.2020320158586804
v -6.25126223 0.16378777246421794 1.1102230246251565e-16
v -6.25126223 -0.8648434843270952 1.558272892705849
v -6.25126223 -1.1499999600000002 -1.1102230246251565e-16
v -6.25126223 -1.1499999599999997 1.4049850183542918
v -6.25126223 -1.1499999600000002 -1.1102230246251565e-16
v -6.25126223 -0.8648434843270952 1.558272892705849
v -6.25126223 0.2133595925648778 1.2020320158586804
v -6.25126223 0.49900002000000004 2.27600003
v -6.25126223 -0.5828880993319863 2.76800004
v -6.25126223 0.49900002 2.7680000400000004
v -6.25126223 0.49900002000000004 2.27600003
v -6.25126223 0.6332329224770712 2.27600003
v -6.25126223 0.6033915899228489 1.4747203945560838
v -6.25126223 0.49900002000000004 2.27600003
v -6.25126223 0.2133595925648778 1.2020320158586804
v -6.25126223 -0.8648434843270952 1.558272892705849
v -6.25126223 -0.5828880993319863 2.76800004
v -6.25126223 0.49900002000000004 2.27600003
v -6.25126223 -0.8648434843270952 1.558272892705849
v -6.25126223 0.2133595925648778 1.2020320158586804
v -6.25126223 0.49900002000000004 2.27600003
v -6.25126223 0.6033915899228489 1.4747203945560838
v -6.25126223 -3.6479998100000004 1.365105562796331
v -6.25126223 -2.187000039999999 6.111156783719877e-16
v -6.25126223 -3.64799981 -3.3306690738754696e-16
v -6.25126223 -2.187000039999999 6.111156783719877e-16
v -6.25126223 -3.6479998100000004 1.365105562796331
v -6.25126223 -2.18700004 1.378564109262682
v -6.25126223 -2.18700004 2.03299994
v -6.25126223 -2.18700004 1.378564109262682
v -6.25126223 -3.6479998100000004 1.365105562796331
v -6.25126223 -2.18700004 2.03299994
v -6.25126223 -3.647999810000001 2.76800004
v -6.25126223 -2.2453535257508124 2.76800004
v -6.25126223 -2.2453535257508124 2.76800004
v -6.25126223 -2.120518142485457 2.0329999400000003
v -6.25126223 -2.18700004 2.03299994
v -6.25126223 -3.647999810000001 2.76800004
v -6.25126223 -2.18700004 2.03299994
v -6.25126223 -3.6479998100000004 1.365105562796331
v -6.25126223 -2.18700004 1.0104584792575664
v -6.25126223 -1.14999996 0.0
v -6.25126223 -2.18700004 -1.1102230246251565e-16
v -6.25126223 -1.14999996 0.0
v -6.25126223 -2.18700004 1.0104584792575664
v -6.25126223 -1.1499999599999997 1.0179370939476509
v -6.25126223 -1.1499999599999997 1.0179370939476509
v -6.25126223 -2.18700004 2.03299994
v -6.25126223 -1.1499999599999997 2.03299994
v -6.25126223 -2.18700004 2.03299994
v -6.25126223 -1.1499999599999997 1.0179370939476509
v -6.25126223 -2.18700004 1.0104584792575664
v -3.133583166561945 0.49900002 2.27600003
v -0.00026214 0.49900002 2.76800004
v -0.0002621399999999871 0.49900002 2.27600003
v -0.00026214 0.49900002 2.76800004
v -3.133583166561945 0.49900002 2.27600003
v -3.1344319062536705 0.49900002 2.76800004
v -3.1344319062536705 0.49900002 2.76800004
v -6.25126223 0.49900002 2.27600003
v -6.251262229999999 0.49900002 2.76800004
v -6.25126223 0.49900002 2.27600003
v -3.1344319062536705 0.49900002 2.76800004
v -3.133583166561945 0.49900002 2.27600003
v -3.2134949143441727 0.49900002 2.27600003
v -0.0002621399999999906 0.4990000199999999 2.27600003
v -0.00026214 0.93000002 2.27600003
v -0.00026214 0.93000002 2.27600003
v -3.213723433555096 0.9300000200000001 2.27600003
v -3.2134949143441727 0.49900002 2.27600003
v -3.213723433555096 0.9300000200000001 2.27600003
v -6.251262229999999 0.9300000200000003 2.27600003
v -6.251262229999999 0.49900002000000004 2.27600003
v -6.251262229999999 0.49900002000000004 2.27600003
v -3.2134949143441727 0.49900002 2.27600003
v -3.213723433555096 0.9300000200000001 2.27600003
v -3.1089155708704315 0.93000002 2.76800004
v -6.25126223 0.93000002 2.76800004
v -6.25126223 0.93000002 2.27600003
v -6.25126223 0.93000002 2.27600003
v -3.107558841892256 0.93000002 2.27600003
v -3.1089155708704315 0.93000002 2.76800004
v -3.107558841892256 0.93000002 2.27600003
v -0.00026214000000090304 0.93000002 2.27600003
v -0.00026214000000024504 0.93000002 2.76800004
v -0.00026214000000024504 0.93000002 2.76800004
v -3.1089155708704315 0.93000002 2.76800004
v -3.107558841892256 0.93000002 2.27600003
v -0.00026214 0.49900002 2.76800004
v -1.1606087110856325 -0.9552542607675429 2.76800004
v -0.0002621400000000218 -0.7282605605902952 2.76800004
v -1.1606087110856325 -0.9552542607675429 2.76800004
v -0.00026214 0.49900002 2.76800004
v -1.6329118718702706 0.49900002 2.76800004
v -1.1606087110856325 -0.9552542607675429 2.76800004
v -1.6329118718702706 0.49900002 2.76800004
v -1.6270020334146578 -0.6247578090431645 2.76800004
v -1.6329118718702706 0.49900002 2.76800004
v -2.494327568770449 -1.0307405224913933 2.76800004
v -1.6270020334146578 -0.6247578090431645 2.76800004
v -2.494327568770449 -1.0307405224913933 2.76800004
v -1.6329118718702706 0.49900002 2.76800004
v -3.2090307354082377 0.4990000200000002 2.76800004
v -2.494327568770449 -1.0307405224913933 2.76800004
v -3.2090307354082377 0.4990000200000002 2.76800004
v -3.18921383009204 -0.6829435132204927 2.76800004
v -1.1606087110856325 -0.9552542607675429 2.76800004
v -1.1893754906869933 -2.1769796695665526 2.76800004
v -0.00026214000000024384 -2.365225832984737 2.76800004
v -0.00026214000000024384 -2.365225832984737 2.76800004
v -0.0002621400000000218 -0.7282605605902952 2.76800004
v -1.1606087110856325 -0.9552542607675429 2.76800004
v -1.1606087110856325 -0.9552542607675429 2.76800004
v -1.6270020334146578 -0.6247578090431645 2.76800004
v -2.494327568770449 -1.0307405224913933 2.76800004
v -1.1893754906869933 -2.1769796695665526 2.76800004
v -2.444961136887862 -2.104207130605812 2.76800004
v -1.5434032577924177 -2.4305891104008612 2.76800004
v -2.444961136887862 -2.104207130605812 2.76800004
v -1.1893754906869933 -2.1769796695665526 2.76800004
v -1.1606087110856325 -0.9552542607675429 2.76800004
v -2.444961136887862 -2.104207130605812 2.76800004
v -1.1606087110856325 -0.9552542607675429 2.76800004
v -2.494327568770449 -1.0307405224913933 2.76800004
v -2.494327568770449 -1.0307405224913933 2.76800004
v -3.803608009740872 -2.136684425263472 2.76800004
v -2.444961136887862 -2.104207130605812 2.76800004
v -3.803608009740872 -2.136684425263472 2.76800004
v -3.0943072363624875 -2.499923070850195 2.76800004
v -2.444961136887862 -2.104207130605812 2.76800004
v -3.8227999270814026 -1.0547251505209423 2.76800004
v -2.494327568770449 -1.0307405224913933 2.76800004
v -3.18921383009204 -0.6829435132204927 2.76800004
v -3.803608009740872 -2.136684425263472 2.76800004
v -2.494327568770449 -1.0307405224913933 2.76800004
v -3.8227999270814026 -1.0547251505209423 2.76800004
v -1.1893754906869933 -2.1769796695665526 2.76800004
v -1.5434032577924177 -2.4305891104008612 2.76800004
v -1.5431635977692735 -3.64799981 2.76800004
v -1.1893754906869933 -2.1769796695665526 2.76800004
v -0.00026214000000024384 -3.647999810000001 2.76800004
v -0.00026214000000024384 -2.365225832984737 2.76800004
v -0.00026214000000024384 -3.647999810000001 2.76800004
v -1.1893754906869933 -2.1769796695665526 2.76800004
v -1.5431635977692735 -3.64799981 2.76800004
v -5.084267873592583 -0.9718990735983064 2.76800004
v -4.727658653243606 -0.7236221268274137 2.76800004
v -4.7150598910330395 0.49900002000000043 2.76800004
v -5.084267873592583 -0.9718990735983064 2.76800004
v -6.25126223 0.49900002000000043 2.76800004
v -6.25126223 -0.7878486032543204 2.76800004
v -6.25126223 0.49900002000000043 2.76800004
v -5.084267873592583 -0.9718990735983064 2.76800004
v -4.7150598910330395 0.49900002000000043 2.76800004
v -3.2090307354082377 0.4990000200000002 2.76800004
v -3.8227999270814026 -1.0547251505209423 2.76800004
v -3.18921383009204 -0.6829435132204927 2.76800004
v -3.8227999270814026 -1.0547251505209423 2.76800004
v -3.2090307354082377 0.4990000200000002 2.76800004
v -4.7150598910330395 0.49900002000000043 2.76800004
v -3.8227999270814026 -1.0547251505209423 2.76800004
v -4.7150598910330395 0.49900002000000043 2.76800004
v -4.727658653243606 -0.7236221268274137 2.76800004
v -3.8227999270814026 -1.0547251505209423 2.76800004
v -4.727658653243606 -0.7236221268274137 2.76800004
v -5.084267873592583 -0.9718990735983064 2.76800004
v -3.803608009740872 -2.136684425263472 2.76800004
v -5.102502599348778 -2.2102052145330418 2.76800004
v -4.6553466034050235 -2.5246647204710047 2.76800004
v -5.102502599348778 -2.2102052145330418 2.76800004
v -3.803608009740872 -2.136684425263472 2.76800004
v -3.8227999270814026 -1.0547251505209423 2.76800004
v -5.102502599348778 -2.2102052145330418 2.76800004
v -3.8227999270814026 -1.0547251505209423 2.76800004
v -5.084267873592583 -0.9718990735983064 2.76800004
v -4.651751788343547 -3.6479998100000004 2.76800004
v -3.803608009740872 -2.136684425263472 2.76800004
v -4.6553466034050235 -2.5246647204710047 2.76800004
v -3.803608009740872 -2.136684425263472 2.76800004
v -4.651751788343547 -3.6479998100000004 2.76800004
v -3.071959252036317 -3.64799981 2.76800004
v -3.803608009740872 -2.136684425263472 2.76800004
v -3.071959252036317 -3.64799981 2.76800004
v -3.0943072363624875 -2.499923070850195 2.76800004
v -3.071959252036317 -3.64799981 2.76800004
v -2.444961136887862 -2.104207130605812 2.76800004
v -3.0943072363624875 -2.499923070850195 2.76800004
v -2.444961136887862 -2.104207130605812 2.76800004
v -3.071959252036317 -3.64799981 2.76800004
v -1.5431635977692735 -3.64799981 2.76800004
v -2.444961136887862 -2.104207130605812 2.76800004
v -1.5431635977692735 -3.64799981 2.76800004
v -1.5434032577924177 -2.4305891104008612 2.76800004
v -5.102502599348778 -2.2102052145330418 2.76800004
v -5.084267873592583 -0.9718990735983064 2.76800004
v -6.25126223 -0.7878486032543204 2.76800004
v -6.25126223 -0.7878486032543204 2.76800004
v -6.25126223 -2.420537880242123 2.76800004
v -5.102502599348778 -2.2102052145330418 2.76800004
v -6.25126223 -3.64799981 2.76800004
v -5.102502599348778 -2.2102052145330418 2.76800004
v -6.25126223 -2.420537880242123 2.76800004
v -5.102502599348778 -2.2102052145330418 2.76800004
v -6.25126223 -3.64799981 2.76800004
v -4.651751788343547 -3.6479998100000004 2.76800004
v -5.102502599348778 -2.2102052145330418 2.76800004
v -4.651751788343547 -3.6479998100000004 2.76800004
v -4.6553466034050235 -2.5246647204710047 2.76800004
v -1.2635857424197106 2.6383988165147962 1.325079715121259
v -0.00026213999999985527 2.52300007 1.4590029304097485
v -0.00026213999999979976 2.52300007 0.0
v -0.00026213999999979976 2.52300007 0.0
v -1.307331712193042 2.642394807777247 2.220446049250313e-16
v -1.2635857424197106 2.6383988165147962 1.325079715121259
v -1.2635857424197106 2.6383988165147962 1.325079715121259
v -1.5736858410631576 2.666725020987686 1.5902254855293068
v -1.5573599430221752 2.6652337259892795 2.76800004
v -1.2635857424197106 2.6383988165147962 1.325079715121259
v -0.00026214 2.52300007 2.76800004
v -0.00026213999999985527 2.52300007 1.4590029304097485
v -0.00026214 2.52300007 2.76800004
v -1.2635857424197106 2.6383988165147962 1.325079715121259
v -1.5573599430221752 2.6652337259892795 2.76800004
v -3.1209661705280407 2.808061896341914 2.7680000400000004
v -2.587130179239856 2.7592984566965635 1.2778532490843624
v -3.12072152134423 2.8080395487746763 1.6177274777066113
v -2.587130179239856 2.7592984566965635 1.2778532490843624
v -3.1209661705280407 2.808061896341914 2.7680000400000004
v -1.5573599430221752 2.6652337259892795 2.76800004
v -2.587130179239856 2.7592984566965635 1.2778532490843624
v -1.5573599430221752 2.6652337259892795 2.76800004
v -1.5736858410631576 2.666725020987686 1.5902254855293068
v -2.587130179239856 2.7592984566965635 1.2778532490843624
v -1.5736858410631576 2.666725020987686 1.5902254855293068
v -1.2635857424197106 2.6383988165147962 1.325079715121259
v -2.587130179239856 2.7592984566965635 1.2778532490843624
v -1.307331712193042 2.642394807777247 2.220446049250313e-16
v -2.5673792166570815 2.7574942979520047 0.0
v -1.307331712193042 2.642394807777247 2.220446049250313e-16
v -2.587130179239856 2.7592984566965635 1.2778532490843624
v -1.2635857424197106 2.6383988165147962 1.325079715121259
v -4.681412170128709 2.950601394545732 2.7680000400000004
v -3.84543248056994 2.874238530666569 1.268252262094166
v -4.678601572633386 2.9503446595118126 1.647413870978689
v -3.84543248056994 2.874238530666569 1.268252262094166
v -4.681412170128709 2.950601394545732 2.7680000400000004
v -3.1209661705280407 2.808061896341914 2.7680000400000004
v -3.84543248056994 2.874238530666569 1.268252262094166
v -3.1209661705280407 2.808061896341914 2.7680000400000004
v -3.12072152134423 2.8080395487746763 1.6177274777066113
v -3.84543248056994 2.874238530666569 1.268252262094166
v -3.12072152134423 2.8080395487746763 1.6177274777066113
v -2.587130179239856 2.7592984566965635 1.2778532490843624
v -3.84543248056994 2.874238530666569 1.268252262094166
v -2.5673792166570815 2.7574942979520047 0.0
v -3.8898750929909096 2.878298157000945 3.3306690738754696e-16
v -2.5673792166570815 2.7574942979520047 0.0
v -3.84543248056994 2.874238530666569 1.268252262094166
v -2.587130179239856 2.7592984566965635 1.2778532490843624
v -5.125022905391322 2.99112317589436 1.3236023305999771
v -4.678601572633386 2.9503446595118126 1.647413870978689
v -3.84543248056994 2.874238530666569 1.268252262094166
v -3.84543248056994 2.874238530666569 1.268252262094166
v -3.8898750929909096 2.878298157000945 3.3306690738754696e-16
v -5.058907553367385 2.9850838454058506 7.216449660063518e-16
v -5.058907553367385 2.9850838454058506 7.216449660063518e-16
v -5.125022905391322 2.99112317589436 1.3236023305999771
v -3.84543248056994 2.874238530666569 1.268252262094166
v -6.25126223 3.09399991 2.7680000400000004
v -5.125022905391322 2.99112317589436 1.3236023305999771
v -6.25126223 3.09399991 1.5043067931893326
v -5.125022905391322 2.99112317589436 1.3236023305999771
v -6.25126223 3.09399991 2.7680000400000004
v -4.681412170128709 2.950601394545732 2.7680000400000004
v -5.125022905391322 2.99112317589436 1.3236023305999771
v -4.681412170128709 2.950601394545732 2.7680000400000004
v -4.678601572633386 2.9503446595118126 1.647413870978689
v -5.125022905391322 2.99112317589436 1.3236023305999771
v -5.058907553367385 2.9850838454058506 7.216449660063518e-16
v -6.25126223 3.09399991 3.8432186756735074e-16
v -6.25126223 3.09399991 3.8432186756735074e-16
v -6.25126223 3.09399991 1.5043067931893326
v -5.125022905391322 2.99112317589436 1.3236023305999771
v -0.00026214 2.52300007 2.76800004
v -0.00026214 1.2798057609460756 1.3348421070895782
v -0.00026214 2.52300007 1.4854943697651521
v -0.00026214 1.2798057609460756 1.3348421070895782
v -0.00026214 2.52300007 2.76800004
v -0.00026214 0.9631731287509064 2.76800004
v -0.00026214 1.2798057609460756 1.3348421070895782
v -0.00026214 0.9631731287509064 2.76800004
v -0.00026214 0.9047005111453841 1.6488658410518942
v -0.00026214 1.2798057609460756 1.3348421070895782
v -0.00026214 1.2151004654564221 0.0
v -0.00026214 2.52300007 0.0
v -0.00026214 2.52300007 0.0
v -0.00026214 2.52300007 1.4854943697651521
v -0.00026214 1.2798057609460756 1.3348421070895782
v -0.00026214 -1.4879999699999997 0.04999999999999982
v -0.00026214 -1.4879999699999997 1.0534861240452003
v -0.00026214 -2.2914437752395767 1.510899701185023
v -0.00026214 -2.2914437752395767 1.510899701185023
v -0.00026214 -3.64799981 1.0123403109643128
v -0.00026214 -3.64799981 0.0
v -0.00026214 -1.4879999699999997 0.04999999999999982
v -0.00026214 -0.9368151234266282 0.0
v -0.00026214 -0.9385052603697379 0.04999999999999982
v -0.00026214 -1.4879999699999997 0.04999999999999982
v -0.00026214 -2.2914437752395767 1.510899701185023
v -0.00026214 -3.64799981 0.0
v -0.00026214 -0.9368151234266282 0.0
v -0.00026214 -1.4879999699999997 0.04999999999999982
v -0.00026214 -3.64799981 0.0
v -0.00026214 0.49900002 2.27600003
v -0.00026214 -0.01200000000000001 1.3293360330991264
v -0.00026214 0.9047005111453841 1.6488658410518942
v -0.00026214 0.9631731287509064 2.76800004
v -0.00026214 0.93000002 2.76800004
v -0.00026214 0.93000002 2.27600003
v -0.00026214 -0.01200000000000001 2.19499993
v -0.00026214 0.49900002 2.76800004
v -0.00026214 -0.7763870764006096 2.76800004
v -0.00026214 -0.7763870764006096 2.76800004
v -0.00026214 -0.777568393458909 2.193962641860335
v -0.00026214 -0.01200000000000001 2.19499993
v -0.00026214 0.9047005111453841 1.6488658410518942
v -0.00026214 0.9631731287509064 2.76800004
v -0.00026214 0.93000002 2.27600003
v -0.00026214 0.49900002 2.76800004
v -0.00026214 -0.01200000000000001 2.19499993
v -0.00026214 0.49900002 2.27600003
v -0.00026214 0.49900002 2.27600003
v -0.00026214 0.9047005111453841 1.6488658410518942
v -0.00026214 0.93000002 2.27600003
v -0.00026214 -0.01200000000000001 1.3293360330991264
v -0.00026214 0.49900002 2.27600003
v -0.00026214 -0.01200000000000001 2.19499993
v -0.00026214 1.2798057609460756 1.3348421070895782
v -0.00026214 0.9047005111453841 1.6488658410518942
v -0.00026214 -0.01200000000000001 1.3293360330991264
v -0.00026214 -0.01200000000000001 0.04999999999999982
v -0.00026214 -0.9385052603697379 0.04999999999999982
v -0.00026214 -0.9368151234266282 0.0
v -0.00026214 1.2151004654564221 0.0
v -0.00026214 1.2798057609460756 1.3348421070895782
v -0.00026214 -0.01200000000000001 1.3293360330991264
v -0.00026214 -0.01200000000000001 0.04999999999999982
v -0.00026214 -0.9368151234266282 0.0
v -0.00026214 1.2151004654564221 0.0
v -0.00026214 1.2151004654564221 0.0
v -0.00026214 -0.01200000000000001 1.3293360330991264
v -0.00026214 -0.01200000000000001 0.04999999999999982
v -0.00026214 -2.2914437752395767 1.510899701185023
v -0.00026214 -1.4879999699999997 1.0534861240452003
v -0.00026214 -1.4879999699999997 2.19300006
v -0.00026214 -1.4879999699999997 2.19300006
v -0.00026214 -0.777568393458909 2.193962641860335
v -0.00026214 -0.7763870764006096 2.76800004
v -0.00026214 -2.459732562908333 2.76800004
v -0.00026214 -2.2914437752395767 1.510899701185023
v -0.00026214 -1.4879999699999997 2.19300006
v -0.00026214 -1.4879999699999997 2.19300006
v -0.00026214 -0.7763870764006096 2.76800004
v -0.00026214 -2.459732562908333 2.76800004
v -0.00026214 -2.2914437752395767 1.510899701185023
v -0.00026214 -2.459732562908333 2.76800004
v -0.00026214 -3.64799981 2.76800004
v -0.00026214 -3.64799981 2.76800004
v -0.00026214 -3.64799981 1.0123403109643128
v -0.00026214 -2.2914437752395767 1.510899701185023
v 4.8331999386459445 2.019510022995126 1.3520550562577083
v 4.644975575826796 2.0367976695690464 1.5179505479631308
v 4.640081531196883 2.0372471677775232 2.7360000500000003
v 4.8331999386459445 2.019510022995126 1.3520550562577083
v 6.10173802 1.90299993 2.73600005
v 6.101738020000001 1.90299993 1.460827357026323
v 6.10173802 1.90299993 2.73600005
v 4.8331999386459445 2.019510022995126 1.3520550562577083
v 4.640081531196883 2.0372471677775232 2.7360000500000003
v 4.644975575826796 2.0367976695690464 1.5179505479631308
v 3.4930844030200783 2.142594215716657 1.286351315361233
v 3.2371181690805937 2.16610367921504 1.4979680622073528
v 3.2371181690805937 2.16610367921504 1.4979680622073528
v 3.215429567195417 2.1680956895927483 2.7360000500000003
v 4.640081531196883 2.0372471677775232 2.7360000500000003
v 4.640081531196883 2.0372471677775232 2.7360000500000003
v 4.644975575826796 2.0367976695690464 1.5179505479631308
v 3.2371181690805937 2.16610367921504 1.4979680622073528
v 4.8331999386459445 2.019510022995126 1.3520550562577083
v 6.101738020000001 1.90299993 1.460827357026323
v 6.101738020000001 1.90299993 0.04999999999999982
v 6.101738020000001 1.90299993 0.04999999999999982
v 4.833736082675805 2.0194607803340694 0.04999999999999982
v 4.8331999386459445 2.019510022995126 1.3520550562577083
v 3.4930844030200783 2.142594215716657 1.286351315361233
v 4.644975575826796 2.0367976695690464 1.5179505479631308
v 4.8331999386459445 2.019510022995126 1.3520550562577083
v 3.4930844030200783 2.142594215716657 1.286351315361233
v 4.833736082675805 2.0194607803340694 0.04999999999999982
v 3.5069062140778664 2.1413247382643243 0.050000000000000044
v 4.833736082675805 2.0194607803340694 0.04999999999999982
v 3.4930844030200783 2.142594215716657 1.286351315361233
v 4.8331999386459445 2.019510022995126 1.3520550562577083
v 1.8657486414924493 2.2920584247118616 1.442401036315156
v 0.5707378400000007 2.41099993 1.3447239040169023
v 0.5707378400000007 2.41099993 2.7360000500000003
v 0.5707378400000007 2.41099993 2.7360000500000003
v 1.8923284693674334 2.2896171750063714 2.7360000500000003
v 1.8657486414924493 2.2920584247118616 1.442401036315156
v 2.0708428700365684 2.2732213491903037 1.2530506485247914
v 3.2371181690805937 2.16610367921504 1.4979680622073528
v 3.4930844030200783 2.142594215716657 1.286351315361233
v 2.0708428700365684 2.2732213491903037 1.2530506485247914
v 3.5069062140778664 2.1413247382643243 0.050000000000000044
v 2.0629506455438835 2.2739462180949874 0.04999999999999982
v 3.5069062140778664 2.1413247382643243 0.050000000000000044
v 2.0708428700365684 2.2732213491903037 1.2530506485247914
v 3.4930844030200783 2.142594215716657 1.286351315361233
v 3.2371181690805937 2.16610367921504 1.4979680622073528
v 2.0708428700365684 2.2732213491903037 1.2530506485247914
v 1.8657486414924493 2.2920584247118616 1.442401036315156
v 3.2371181690805937 2.16610367921504 1.4979680622073528
v 1.8923284693674334 2.2896171750063714 2.7360000500000003
v 3.215429567195417 2.1680956895927483 2.7360000500000003
v 1.8923284693674334 2.2896171750063714 2.7360000500000003
v 3.2371181690805937 2.16610367921504 1.4979680622073528
v 1.8657486414924493 2.2920584247118616 1.442401036315156
v 1.8657486414924493 2.2920584247118616 1.442401036315156
v 2.0708428700365684 2.2732213491903037 1.2530506485247914
v 2.0629506455438835 2.2739462180949874 0.04999999999999982
v 1.8657486414924493 2.2920584247118616 1.442401036315156
v 0.5707378400000004 2.41099993 0.05000000000000015
v 0.5707378400000007 2.41099993 1.3447239040169023
v 0.5707378400000004 2.41099993 0.05000000000000015
v 1.8657486414924493 2.2920584247118616 1.442401036315156
v 2.0629506455438835 2.2739462180949874 0.04999999999999982
v 6.10173802 -4.9171560845259545 1.3277365081128276
v 6.10173802 -6.159999970000001 1.5467722742035195
v 6.10173802 -6.159999970000001 0.050000000000000266
v 6.10173802 -6.159999970000001 0.050000000000000266
v 6.10173802 -4.890260388543949 0.04999999999999982
v 6.10173802 -4.9171560845259545 1.3277365081128276
v 6.10173802 -4.9171560845259545 1.3277365081128276
v 6.10173802 -4.481939404137977 1.6720249662611126
v 6.10173802 -4.442887468379511 2.7360000500000003
v 6.10173802 -4.9171560845259545 1.3277365081128276
v 6.10173802 -6.159999970000001 2.73600005
v 6.10173802 -6.159999970000001 1.5467722742035195
v 6.10173802 -6.159999970000001 2.73600005
v 6.10173802 -4.9171560845259545 1.3277365081128276
v 6.10173802 -4.442887468379511 2.7360000500000003
v 6.10173802 -1.2274618730051836 2.7360000499999995
v 6.10173802 -2.158499769199925 1.2301600207157468
v 6.10173802 -1.219208495834304 1.643088666783505
v 6.10173802 -2.815369096230401 1.6407360163207518
v 6.10173802 -1.2274618730051836 2.7360000499999995
v 6.10173802 -2.8470510922647705 2.73600005
v 6.10173802 -2.158499769199925 1.2301600207157468
v 6.10173802 -1.2274618730051836 2.7360000499999995
v 6.10173802 -2.815369096230401 1.6407360163207518
v 6.10173802 -3.554863622368769 1.2050239918930217
v 6.10173802 -4.481939404137977 1.6720249662611126
v 6.10173802 -4.9171560845259545 1.3277365081128276
v 6.10173802 -3.554863622368769 1.2050239918930217
v 6.10173802 -4.890260388543949 0.04999999999999982
v 6.10173802 -3.576337796609844 0.050000000000000044
v 6.10173802 -4.890260388543949 0.04999999999999982
v 6.10173802 -3.554863622368769 1.2050239918930217
v 6.10173802 -4.9171560845259545 1.3277365081128276
v 6.10173802 -2.158499769199925 1.2301600207157468
v 6.10173802 -2.815369096230401 1.6407360163207518
v 6.10173802 -3.554863622368769 1.2050239918930217
v 6.10173802 -3.554863622368769 1.2050239918930217
v 6.10173802 -3.576337796609844 0.050000000000000044
v 6.10173802 -2.1514209979164405 0.04999999999999982
v 6.10173802 -2.1514209979164405 0.04999999999999982
v 6.10173802 -2.158499769199925 1.2301600207157468
v 6.10173802 -3.554863622368769 1.2050239918930217
v 6.10173802 -3.48300019 2.27600003
v 6.10173802 -3.554863622368769 1.2050239918930217
v 6.10173802 -2.815369096230401 1.6407360163207518
v 6.10173802 -3.48300019 2.27600003
v 6.10173802 -2.8470510922647705 2.73600005
v 6.10173802 -3.48300019 2.73600005
v 6.10173802 -3.90599995 2.27600003
v 6.10173802 -3.9059999500000004 2.7360000499999995
v 6.10173802 -4.442887468379511 2.7360000500000003
v 6.10173802 -2.8470510922647705 2.73600005
v 6.10173802 -3.48300019 2.27600003
v 6.10173802 -2.815369096230401 1.6407360163207518
v 6.10173802 -3.90599995 2.27600003
v 6.10173802 -4.442887468379511 2.7360000500000003
v 6.10173802 -4.481939404137977 1.6720249662611126
v 6.10173802 -3.90599995 2.27600003
v 6.10173802 -3.554863622368769 1.2050239918930217
v 6.10173802 -3.48300019 2.27600003
v 6.10173802 -3.554863622368769 1.2050239918930217
v 6.10173802 -3.90599995 2.27600003
v 6.10173802 -4.481939404137977 1.6720249662611126
v 6.10173802 -0.7576572357915138 1.2878507364879073
v 6.10173802 -1.219208495834304 1.643088666783505
v 6.10173802 -2.158499769199925 1.2301600207157468
v 6.10173802 -2.158499769199925 1.2301600207157468
v 6.10173802 -2.1514209979164405 0.04999999999999982
v 6.10173802 -0.7640295460775469 0.0499999999999996
v 6.10173802 -0.7640295460775469 0.0499999999999996
v 6.10173802 -0.7576572357915138 1.2878507364879073
v 6.10173802 -2.158499769199925 1.2301600207157468
v 6.10173802 0.4383755275594069 2.7360000499999995
v 6.10173802 -0.7576572357915138 1.2878507364879073
v 6.10173802 0.36658683579175927 1.5722220652725254
v 6.10173802 -0.7576572357915138 1.2878507364879073
v 6.10173802 0.4383755275594069 2.7360000499999995
v 6.10173802 -1.2274618730051836 2.7360000499999995
v 6.10173802 -0.7576572357915138 1.2878507364879073
v 6.10173802 -1.2274618730051836 2.7360000499999995
v 6.10173802 -1.219208495834304 1.643088666783505
v 6.10173802 0.6066902381490469 1.325549293049316
v 6.10173802 0.5649868937706775 0.049999999999999656
v 6.10173802 1.9029999300000018 0.04999999999999951
v 6.10173802 1.9029999300000018 0.04999999999999951
v 6.10173802 1.9029999300000027 1.368073660642235
v 6.10173802 0.6066902381490469 1.325549293049316
v 6.10173802 0.6066902381490469 1.325549293049316
v 6.10173802 0.36658683579175927 1.5722220652725254
v 6.10173802 -0.7576572357915138 1.2878507364879073
v 6.10173802 -0.7576572357915138 1.2878507364879073
v 6.10173802 -0.7640295460775469 0.0499999999999996
v 6.10173802 0.5649868937706775 0.049999999999999656
v 6.10173802 0.5649868937706775 0.049999999999999656
v 6.10173802 0.6066902381490469 1.325549293049316
v 6.10173802 -0.7576572357915138 1.2878507364879073
v 6.10173802 0.9300000200000007 2.2760000299999996
v 6.10173802 0.6066902381490469 1.325549293049316
v 6.10173802 1.9029999300000027 1.368073660642235
v 6.10173802 0.9300000200000007 2.2760000299999996
v 6.10173802 1.9029999300000022 2.7360000499999995
v 6.10173802 0.930000020000001 2.736000049999999
v 6.10173802 0.49900002000000176 2.2760000299999996
v 6.10173802 0.49900002000000176 2.7360000499999995
v 6.10173802 0.4383755275594069 2.7360000499999995
v 6.10173802 1.9029999300000022 2.7360000499999995
v 6.10173802 0.9300000200000007 2.2760000299999996
v 6.10173802 1.9029999300000027 1.368073660642235
v 6.10173802 0.49900002000000176 2.2760000299999996
v 6.10173802 0.4383755275594069 2.7360000499999995
v 6.10173802 0.36658683579175927 1.5722220652725254
v 6.10173802 0.6066902381490469 1.325549293049316
v 6.10173802 0.9300000200000007 2.2760000299999996
v 6.10173802 0.36658683579175927 1.5722220652725254
v 6.10173802 0.9300000200000007 2.2760000299999996
v 6.10173802 0.49900002000000176 2.2760000299999996
v 6.10173802 0.36658683579175927 1.5722220652725254
v 1.9500647361103833 -6.15999997 1.3882360549414117
v 2.002842916810617 -6.15999997 1.444018265861759
v 1.97228371946743 -6.15999997 2.73600005
v 1.9500647361103833 -6.15999997 1.3882360549414117
v 0.57073784 -6.15999997 2.73600005
v 0.5707378399999999 -6.15999997 1.3952695734981362
v 0.57073784 -6.15999997 2.73600005
v 1.9500647361103833 -6.15999997 1.3882360549414117
v 1.97228371946743 -6.15999997 2.73600005
v 2.002842916810617 -6.15999997 1.444018265861759
v 3.3649234816302886 -6.15999997 1.4073280188383164
v 3.4177796164956114 -6.15999997 2.7360000500000003
v 3.4177796164956114 -6.15999997 2.7360000500000003
v 1.97228371946743 -6.15999997 2.73600005
v 2.002842916810617 -6.15999997 1.444018265861759
v 1.9500647361103833 -6.15999997 1.3882360549414117
v 0.5707378399999999 -6.15999997 1.3952695734981362
v 0.5707378399999996 -6.15999997 0.04999999999999938
v 0.5707378399999996 -6.15999997 0.04999999999999938
v 1.9835577819741388 -6.15999997 0.0499999999999996
v 1.9500647361103833 -6.15999997 1.3882360549414117
v 1.9500647361103833 -6.15999997 1.3882360549414117
v 3.3649234816302886 -6.15999997 1.4073280188383164
v 2.002842916810617 -6.15999997 1.444018265861759
v 3.3180215820522623 -6.15999997 0.04999999999999982
v 1.9500647361103833 -6.15999997 1.3882360549414117
v 1.9835577819741388 -6.15999997 0.0499999999999996
v 1.9500647361103833 -6.15999997 1.3882360549414117
v 3.3180215820522623 -6.15999997 0.04999999999999982
v 3.3790248103437888 -6.15999997 1.3916924900235985
v 3.3649234816302886 -6.15999997 1.4073280188383164
v 1.9500647361103833 -6.15999997 1.3882360549414117
v 3.3790248103437888 -6.15999997 1.3916924900235985
v 4.7783116719648335 -6.15999997 1.4187283210589139
v 6.101738019999999 -6.15999997 1.3917286019208683
v 6.101738019999999 -6.15999997 2.7360000500000003
v 6.101738019999999 -6.15999997 2.7360000500000003
v 4.747636689359307 -6.15999997 2.7360000500000003
v 4.7783116719648335 -6.15999997 1.4187283210589139
v 4.704558281518136 -6.15999997 1.3435193900470097
v 3.3790248103437888 -6.15999997 1.3916924900235985
v 3.3180215820522623 -6.15999997 0.04999999999999982
v 3.3180215820522623 -6.15999997 0.04999999999999982
v 4.74740498613452 -6.15999997 0.04999999999999971
v 4.704558281518136 -6.15999997 1.3435193900470097
v 3.3649234816302886 -6.15999997 1.4073280188383164
v 3.3790248103437888 -6.15999997 1.3916924900235985
v 4.704558281518136 -6.15999997 1.3435193900470097
v 3.4177796164956114 -6.15999997 2.7360000500000003
v 4.7783116719648335 -6.15999997 1.4187283210589139
v 4.747636689359307 -6.15999997 2.7360000500000003
v 4.7783116719648335 -6.15999997 1.4187283210589139
v 3.4177796164956114 -6.15999997 2.7360000500000003
v 3.3649234816302886 -6.15999997 1.4073280188383164
v 4.7783116719648335 -6.15999997 1.4187283210589139
v 3.3649234816302886 -6.15999997 1.4073280188383164
v 4.704558281518136 -6.15999997 1.3435193900470097
v 4.7783116719648335 -6.15999997 1.4187283210589139
v 4.704558281518136 -6.15999997 1.3435193900470097
v 4.74740498613452 -6.15999997 0.04999999999999971
v 4.7783116719648335 -6.15999997 1.4187283210589139
v 6.101738019999999 -6.15999997 0.049999999999999996
v 6.101738019999999 -6.15999997 1.3917286019208683
v 6.101738019999999 -6.15999997 0.049999999999999996
v 4.7783116719648335 -6.15999997 1.4187283210589139
v 4.74740498613452 -6.15999997 0.04999999999999971
v 0.57059608 -0.013012238656580565 2.19499855849203
v 0.57073784 -0.012 2.19499993
v -0.0002621400000000773 -0.011999999999999983 2.19499993
v 0.57073784 -0.014384258766349807 2.1949966995069943
v -0.00026213999999994314 -1.48799997 2.19300006
v 0.5707378400000002 -1.48799997 2.19300006
v -0.0002621400000000773 -0.011999999999999983 2.19499993
v 0.57073784 -0.014384258766349807 2.1949966995069943
v 0.57059608 -0.013012238656580565 2.19499855849203
v 0.57073784 -0.014384258766349807 2.1949966995069943
v -0.0002621400000000773 -0.011999999999999983 2.19499993
v -0.00026213999999994314 -1.48799997 2.19300006
v -0.0002621399999999113 -0.012 0.049999999999999795
v 0.57073784 -0.012 2.19499993
v 0.57073784 -0.012 0.050000000000000044
v 0.57073784 -0.012 2.19499993
v -0.0002621399999999113 -0.012 0.049999999999999795
v -0.0002621399999999108 -0.012 2.19499993
v 0.57073784 -1.48799997 2.19300006
v -0.00026214 -1.48799997 2.19300006
v -0.0002621400000000218 -1.48799997 0.04999999999999999
v -0.0002621400000000218 -1.48799997 0.04999999999999999
v 0.57073784 -1.48799997 0.04999999999999983
v 0.57073784 -1.48799997 2.19300006
v 0.57073784 -0.012000000000000205 0.05
v 0.57073784 -1.48799997 0.05
v -0.0002621400000000773 -1.48799997 0.05
v -0.0002621400000000773 -1.48799997 0.05
v -0.0002621400000000147 -0.012000000000000007 0.05
v 0.57073784 -0.012000000000000205 0.05
v -4.41604285 2.88053755 1.10000001
v -4.51011812 1.98546776 1.10000001
v -6.13118894 2.15584922 1.10000001
v -6.13118894 2.15584922 1.10000001
v -6.03711328 3.05091881 1.10000001
v -4.41604285 2.88053755 1.10000001
v -4.41604285 2.88053755 1.10000001
v -6.03711328 3.05091881 1.10000001
v -6.03711328 3.05091881 -1.1102230246251565e-16
v -6.03711328 3.05091881 -1.1102230246251565e-16
v -4.41604285 2.88053755 -1.6448509225741707e-16
v -4.41604285 2.88053755 1.10000001
v -4.51011812 1.98546776 1.10000001
v -4.41604285 2.88053755 0.0
v -4.5101181200000005 1.9854677600000001 -5.551115123125783e-17
v -4.41604285 2.88053755 0.0
v -4.51011812 1.98546776 1.10000001
v -4.416042849999999 2.88053755 1.10000001
v -6.13118894 2.15584922 9.81615664201558e-17
v -4.51011812 1.98546776 1.10000001
v -4.51011812 1.98546776 0.0
v -4.51011812 1.98546776 1.10000001
v -6.13118894 2.15584922 9.81615664201558e-17
v -6.13118894 2.15584922 1.10000001
v -6.13118894 2.1558492200000003 2.4511046858191407e-16
v -6.03711328 3.05091881 1.10000001
v -6.131188940000001 2.15584922 1.1000000100000003
v -6.03711328 3.05091881 1.10000001
v -6.13118894 2.1558492200000003 2.4511046858191407e-16
v -6.037113279999999 3.05091881 0.0
v -6.15168304 -3.62310094 1.10000001
v -4.52168292 -3.62310094 1.10000001
v -4.52168292 -3.62310094 0.0
v -4.52168292 -3.62310094 0.0
v -6.15168304 -3.62310094 -1.3759846772329984e-16
v -6.15168304 -3.62310094 1.10000001
v -4.52168292 -3.05310105 1.10000001
v -6.15168304 -3.05310105 1.10000001
v -6.15168304 -3.05310105 0.0
v -6.15168304 -3.05310105 0.0
v -4.52168292 -3.05310105 -1.3759846772329984e-16
v -4.52168292 -3.05310105 1.10000001
v -6.15168304 -3.05310105 1.10000001
v -4.52168292 -3.62310094 1.10000001
v -6.15168304 -3.62310094 1.10000001
v -4.52168292 -3.62310094 1.10000001
v -6.15168304 -3.05310105 1.10000001
v -4.52168292 -3.05310105 1.10000001
v -4.52168292 -3.05310105 1.10000001
v -4.52168292 -3.05310105 0.0
v -4.52168292 -3.62310094 0.0
v -4.52168292 -3.62310094 0.0
v -4.52168292 -3.62310094 1.10000001
v -4.52168292 -3.05310105 1.10000001
v -6.15168304 -3.05310105 5.551115123125783e-17
v -6.15168304 -3.05310105 1.10000001
v -6.15168304 -3.62310094 1.10000001
v -6.15168304 -3.62310094 1.10000001
v -6.15168304 -3.62310094 -1.1197385770464987e-18
v -6.15168304 -3.05310105 5.551115123125783e-17
v -0.051123769999999985 2.49574572 1.10000001
v -0.05112377 2.49574572 0.0
v -0.11547146 1.59804907 5.551115123125783e-17
v -0.11547146 1.59804907 5.551115123125783e-17
v -0.11547146 1.59804907 1.10000001
v -0.051123769999999985 2.49574572 1.10000001
v -0.05112377000000001 2.49574572 1.10000001
v -0.11547146 1.59804907 1.10000001
v -1.7412999100000004 1.7145899199999999 1.10000001
v -1.7412999100000004 1.7145899199999999 1.10000001
v -1.6769522900000002 2.61228667 1.10000001
v -0.05112377000000001 2.49574572 1.10000001
v -1.74129991 1.71458992 1.10000001
v -0.11547146 1.59804907 1.10000001
v -0.11547145999999997 1.59804907 1.1102230246251565e-16
v -0.11547145999999997 1.59804907 1.1102230246251565e-16
v -1.74129991 1.71458992 8.12462362848567e-17
v -1.74129991 1.71458992 1.10000001
v -0.05112377000000016 2.49574572 3.3060420662503386e-16
v -1.67695229 2.61228667 1.10000001
v -1.6769522900000002 2.61228667 0.0
v -1.67695229 2.61228667 1.10000001
v -0.05112377000000016 2.49574572 3.3060420662503386e-16
v -0.05112377000000001 2.49574572 1.1000000100000003
v -1.74129991 1.71458992 -5.447877876551923e-17
v -1.67695229 2.61228667 1.10000001
v -1.74129991 1.7145899199999999 1.10000001
v -1.67695229 2.61228667 1.10000001
v -1.74129991 1.71458992 -5.447877876551923e-17
v -1.67695229 2.61228667 -1.1102230246251565e-16
v -0.01271485 -1.98335762 1.10000001
v -0.01271485 -1.98335762 0.0
v -0.01271485 -3.61335735 -1.1102230246251565e-16
v -0.01271485 -3.61335735 -1.1102230246251565e-16
v -0.01271485 -3.61335735 1.10000001
v -0.01271485 -1.98335762 1.10000001
v -1.4068667760944547 -3.61335735 1.10000001
v -0.01271485 -3.61335735 1.10000001
v -0.01271485 -3.61335735 -2.220446049250313e-16
v -0.01271485 -3.61335735 -2.220446049250313e-16
v -1.4089675307910303 -3.61335735 -1.6653345369377348e-16
v -1.4068667760944547 -3.61335735 1.10000001
v -1.4089675307910303 -3.61335735 -1.6653345369377348e-16
v -2.8027147800000005 -3.61335735 -2.707463327217842e-16
v -2.8027147800000005 -3.61335735 1.10000001
v -2.8027147800000005 -3.61335735 1.10000001
v -1.4068667760944547 -3.61335735 1.10000001
v -1.4089675307910303 -3.61335735 -1.6653345369377348e-16
v -5.44190039 1.4788138000000002 -1.1102230246251565e-16
v -5.44190039 1.4788138 1.00000001
v -5.44190039 -0.09118618000000017 1.00000001
v -5.44190039 -0.09118618000000017 1.00000001
v -5.44190039 -0.09118618000000006 -1.3259676570824207e-16
v -5.44190039 1.4788138000000002 -1.1102230246251565e-16
v -5.44190039 -0.09118618 1.00000001
v -5.34190068 -0.09118618 1.00000001
v -5.34190068 -0.09118618 -9.8879238130678e-17
v -5.34190068 -0.09118618 -9.8879238130678e-17
v -5.44190039 -0.09118618 -2.2327067276673054e-16
v -5.44190039 -0.09118618 1.00000001
v -5.34190068 1.4788138 1.00000001
v -5.34190068 -0.09118618 1.00000001
v -5.44190039 -0.09118618 1.00000001
v -5.44190039 -0.09118618 1.00000001
v -5.44190039 1.4788137999999997 1.00000001
v -5.34190068 1.4788138 1.00000001
v -5.34190068 1.4788138000000002 1.00000001
v -5.34190068 1.4788138 0.0
v -5.34190068 -0.09118618000000017 -1.1102230246251565e-16
v -5.34190068 -0.09118618000000017 -1.1102230246251565e-16
v -5.34190068 -0.09118618000000006 1.0000000100000002
v -5.34190068 1.4788138000000002 1.00000001
v -5.34190068 1.4788138 1.00000001
v -5.44190039 1.4788138 1.00000001
v -5.44190039 1.4788138 -9.8879238130678e-17
v -5.44190039 1.4788138 -9.8879238130678e-17
v -5.34190068 1.4788138 -2.2327067276673054e-16
v -5.34190068 1.4788138 1.00000001
v -3.5562864200000006 2.55879575 1.00000001
v -3.55628642 2.55879575 0.0
v -3.5087416399999998 2.47077593 0.0
v -3.5087416399999998 2.47077593 0.0
v -3.50874164 2.47077593 1.00000001
v -3.5562864200000006 2.55879575 1.00000001
v -3.50874164 2.47077593 1.00000001
v -4.3723118 1.97219319 1.00000001
v -4.42231185 2.05879585 1.00000001
v -4.42231185 2.05879585 1.00000001
v -3.55628642 2.55879575 1.00000001
v -3.50874164 2.47077593 1.00000001
v -4.422311850000002 2.058795849999999 -2.1337098754514727e-16
v -4.42231185 2.05879585 1.00000001
v -4.3723117999999985 1.9721931900000005 1.00000001
v -4.3723117999999985 1.9721931900000005 1.00000001
v -4.3723118 1.97219319 -2.221123398604212e-16
v -4.422311850000002 2.058795849999999 -2.1337098754514727e-16
v -3.55628642 2.55879575 -1.1811718261039316e-17
v -4.42231185 2.05879585 1.00000001
v -4.42231185 2.05879585 -5.551115123125783e-17
v -4.42231185 2.05879585 1.00000001
v -3.55628642 2.55879575 -1.1811718261039316e-17
v -3.55628642 2.55879575 1.0000000100000002
v -2.50874144 2.56199827 1.00000001
v -2.50874144 2.56199827 0.0
v -2.50874144 2.46199837 -1.734723475976807e-18
v -2.50874144 2.46199837 -1.734723475976807e-18
v -2.50874144 2.46199837 1.00000001
v -2.50874144 2.56199827 1.00000001
v -2.50874144 2.56199827 1.00000001
v -3.50874164 2.56199827 1.00000001
v -3.50874164 2.56199827 0.0
v -3.50874164 2.56199827 0.0
v -2.50874144 2.56199827 -3.052092003884332e-17
v -2.50874144 2.56199827 1.00000001
v -3.50874164 2.47077593 1.00000001
v -3.50874164 2.46199837 1.00000001
v -3.50874164 2.46199837 -4.640385298237959e-17
v -3.50874164 2.47077593 1.00000001
v -3.50874164 2.47077593 -1.3234411728415028e-18
v -3.50874164 2.56199827 1.0755285551056204e-16
v -3.50874164 2.56199827 1.0755285551056204e-16
v -3.50874164 2.56199827 1.00000001
v -3.50874164 2.47077593 1.00000001
v -3.50874164 2.47077593 -1.3234411728415028e-18
v -3.50874164 2.47077593 1.00000001
v -3.50874164 2.46199837 -4.640385298237959e-17
v -3.50874164 2.46199837 1.00000001
v -2.50874144 2.46199837 1.00000001
v -2.50874144 2.46199837 0.0
v -2.50874144 2.46199837 0.0
v -3.50874164 2.46199837 -3.052092003884332e-17
v -3.50874164 2.46199837 1.00000001
v -3.50874164 2.47077593 1.00000001
v -3.50874164 2.56199827 1.00000001
v -2.5087414400000005 2.56199827 1.00000001
v -3.50874164 2.47077593 1.00000001
v -2.50874144 2.46199837 1.00000001
v -3.50874164 2.46199837 1.00000001
v -2.50874144 2.46199837 1.00000001
v -3.50874164 2.47077593 1.00000001
v -2.5087414400000005 2.56199827 1.00000001
v -1.78405854 1.72897063 1.0000000100000002
v -1.86360582 1.66837181 1.00000001
v -2.46959422 2.4638451499999996 1.0000000099999997
v -2.46959422 2.4638451499999996 1.0000000099999997
v -2.39004694 2.52444417 1.00000001
v -1.78405854 1.72897063 1.0000000100000002
v -2.39004694 2.52444417 1.00000001
v -2.39004694 2.52444417 0.0
v -1.7840585399999997 1.72897063 0.0
v -1.7840585399999997 1.72897063 0.0
v -1.78405854 1.72897063 1.00000001
v -2.39004694 2.52444417 1.00000001
v -2.4695942200000003 2.46384515 1.6653345369377348e-16
v -2.46959422 2.46384515 1.00000001
v -1.86360582 1.6683718100000005 1.00000001
v -1.86360582 1.6683718100000005 1.00000001
v -1.86360582 1.66837181 -3.504882459792719e-17
v -2.4695942200000003 2.46384515 1.6653345369377348e-16
v -2.39004694 2.52444417 -2.2167722558069276e-16
v -2.46959422 2.46384515 1.00000001
v -2.46959422 2.46384515 -2.7582103268031233e-16
v -2.46959422 2.46384515 1.00000001
v -2.39004694 2.52444417 -2.2167722558069276e-16
v -2.39004694 2.52444417 1.00000001
v -1.86360582 1.66837181 2.210841930456316e-16
v -1.78405854 1.72897063 1.00000001
v -1.78405854 1.72897063 2.0122792321330962e-16
v -1.78405854 1.72897063 1.00000001
v -1.86360582 1.66837181 2.210841930456316e-16
v -1.86360582 1.6683718100000002 1.00000001
v -4.38912512 1.97678031 1.00000001
v -5.28128268 1.51412037 1.00000001
v -5.31825755 1.60703359 1.00000001
v -5.28128268 1.51412037 1.00000001
v -4.38912512 1.97678031 1.00000001
v -4.352150240000001 1.88386718 1.00000001
v -5.28128268 1.51412037 1.9730520606798043e-17
v -4.35215024 1.88386718 1.00000001
v -4.35215024 1.88386718 -5.551115123125783e-17
v -4.35215024 1.88386718 1.00000001
v -5.28128268 1.51412037 1.9730520606798043e-17
v -5.28128268 1.5141203700000003 1.00000001
v -5.31825755 1.60703359 -4.978656376053436e-16
v -5.31825755 1.60703359 1.00000001
v -5.28128268 1.51412037 1.00000001
v -5.28128268 1.51412037 1.00000001
v -5.28128268 1.51412037 -4.444296607628186e-16
v -5.31825755 1.60703359 -4.978656376053436e-16
v -4.38912512 1.97678031 4.764726057733807e-17
v -5.31825755 1.60703359 1.00000001
v -5.31825755 1.6070335900000001 0.0
v -5.31825755 1.60703359 1.00000001
v -4.38912512 1.97678031 4.764726057733807e-17
v -4.38912512 1.9767803099999999 1.00000001
v -4.38912512 1.9767803099999999 1.00000001
v -4.38912512 1.97678031 0.0
v -4.35215024 1.8838671800000002 -1.734723475976807e-18
v -4.35215024 1.8838671800000002 -1.734723475976807e-18
v -4.35215024 1.88386718 1.00000001
v -4.38912512 1.9767803099999999 1.00000001
v -2.80271478 -3.61335735 3.635817636717251e-17
v -2.80271478 -2.79835749 1.10000001
v -2.80271478 -3.61335735 1.10000001
v -2.80271478 -2.79835749 1.10000001
v -2.80271478 -3.61335735 3.635817636717251e-17
v -2.80271478 -2.79835749 5.551115123125783e-17
v -1.8556326138772195 -2.79835749 3.3306690738754696e-16
v -2.80271478 -2.79835749 1.10000001
v -2.8027147800000005 -2.79835749 0.0
v -2.80271478 -2.79835749 1.10000001
v -1.8556326138772195 -2.79835749 3.3306690738754696e-16
v -1.8469055868785038 -2.79835749 1.10000001
v -1.8469055868785038 -2.79835749 1.10000001
v -0.9127148300000004 -2.79835749 4.070404603785277e-16
v -0.9127148300000003 -2.79835749 1.1000000100000005
v -0.9127148300000004 -2.79835749 4.070404603785277e-16
v -1.8469055868785038 -2.79835749 1.10000001
v -1.8556326138772195 -2.79835749 3.3306690738754696e-16
v 0.57073784 2.41099993 0.05
v 0.57073784 1.327791038965157 1.4176736573850668
v 0.57073784 2.41099993 1.389206574374128
v 0.57073784 1.1252249570784838 1.208975377528113
v 0.57073784 2.41099993 0.05
v 0.57073784 1.2042834556347648 0.050000000000000044
v 0.57073784 1.327791038965157 1.4176736573850668
v 0.57073784 2.41099993 0.05
v 0.57073784 1.1252249570784838 1.208975377528113
v 0.57073784 0.4990000199999997 2.2760000300000005
v 0.57073784 1.1252249570784838 1.208975377528113
v 0.57073784 -0.011999999999999955 1.2762160046111442
v 0.57073784 0.4990000199999997 2.2760000300000005
v 0.57073784 -0.011999999999999959 2.19499993
v 0.57073784 0.49900002 2.73600005
v 0.57073784 0.9300000199999998 2.2760000300000005
v 0.57073784 0.9300000199999998 2.7360000500000003
v 0.57073784 1.0544803443127773 2.7360000500000003
v 0.57073784 -0.011999999999999959 2.19499993
v 0.57073784 0.4990000199999997 2.2760000300000005
v 0.57073784 -0.011999999999999955 1.2762160046111442
v 0.57073784 0.9300000199999998 2.2760000300000005
v 0.57073784 1.0544803443127773 2.7360000500000003
v 0.57073784 1.327791038965157 1.4176736573850668
v 0.57073784 0.9300000199999998 2.2760000300000005
v 0.57073784 1.1252249570784838 1.208975377528113
v 0.57073784 0.4990000199999997 2.2760000300000005
v 0.57073784 1.1252249570784838 1.208975377528113
v 0.57073784 0.9300000199999998 2.2760000300000005
v 0.57073784 1.327791038965157 1.4176736573850668
v 0.57073784 1.1252249570784838 1.208975377528113
v 0.57073784 1.2042834556347648 0.050000000000000044
v 0.57073784 -0.012000000000000233 0.050000000000000044
v 0.57073784 -0.012000000000000233 0.050000000000000044
v 0.57073784 -0.011999999999999955 1.2762160046111442
v 0.57073784 1.1252249570784838 1.208975377528113
v 0.57073784 1.327791038965157 1.4176736573850668
v 0.57073784 1.0544803443127773 2.7360000500000003
v 0.57073784 2.41099993 2.7360000500000003
v 0.57073784 2.41099993 2.7360000500000003
v 0.57073784 2.41099993 1.389206574374128
v 0.57073784 1.327791038965157 1.4176736573850668
v 0.57073784 -1.48799997 0.05
v 0.57073784 -2.855888010203043 1.472194217437537
v 0.57073784 -1.48799997 1.2973517067697027
v 0.57073784 -3.1428568821507 1.1740551328083475
v 0.57073784 -1.48799997 0.05
v 0.57073784 -3.1377553206455353 0.04999999999999982
v 0.57073784 -2.855888010203043 1.472194217437537
v 0.57073784 -1.48799997 0.05
v 0.57073784 -3.1428568821507 1.1740551328083475
v 0.57073784 -1.470819703102854 2.7360000500000003
v 0.57073784 0.4990000200000002 2.736000050000001
v 0.57073784 -0.014384259999999927 2.194997610000001
v 0.57073784 -0.014384259999999927 2.194997610000001
v 0.57073784 -1.3335962364692517 2.193209360956703
v 0.57073784 -1.470819703102854 2.7360000500000003
v 0.57073784 -4.687800879960734 1.3278148189910866
v 0.57073784 -4.496323385826597 1.5129171995631123
v 0.57073784 -3.1428568821507 1.1740551328083475
v 0.57073784 -3.1428568821507 1.1740551328083475
v 0.57073784 -3.1377553206455353 0.04999999999999982
v 0.57073784 -4.721054331750585 0.04999999999999938
v 0.57073784 -4.721054331750585 0.04999999999999938
v 0.57073784 -4.687800879960734 1.3278148189910866
v 0.57073784 -3.1428568821507 1.1740551328083475
v 0.57073784 -3.90599995 2.2760000300000005
v 0.57073784 -3.1428568821507 1.1740551328083475
v 0.57073784 -4.496323385826597 1.5129171995631123
v 0.57073784 -3.90599995 2.2760000300000005
v 0.57073784 -4.419545140089616 2.73600005
v 0.57073784 -3.90599995 2.7360000500000003
v 0.57073784 -3.4830001899999994 2.2760000300000005
v 0.57073784 -3.4830001899999994 2.7360000500000003
v 0.57073784 -2.9425270812055375 2.7360000500000003
v 0.57073784 -4.419545140089616 2.73600005
v 0.57073784 -3.90599995 2.2760000300000005
v 0.57073784 -4.496323385826597 1.5129171995631123
v 0.57073784 -3.4830001899999994 2.2760000300000005
v 0.57073784 -2.9425270812055375 2.7360000500000003
v 0.57073784 -2.855888010203043 1.472194217437537
v 0.57073784 -3.4830001899999994 2.2760000300000005
v 0.57073784 -3.1428568821507 1.1740551328083475
v 0.57073784 -3.90599995 2.2760000300000005
v 0.57073784 -3.1428568821507 1.1740551328083475
v 0.57073784 -3.4830001899999994 2.2760000300000005
v 0.57073784 -2.855888010203043 1.472194217437537
v 0.57073784 -1.48799997 2.1930000600000006
v 0.57073784 -1.48799997 1.2973517067697027
v 0.57073784 -2.855888010203043 1.472194217437537
v 0.57073784 -1.48799997 2.1930000600000006
v 0.57073784 -2.9425270812055375 2.7360000500000003
v 0.57073784 -1.470819703102854 2.7360000500000003
v 0.57073784 -1.470819703102854 2.7360000500000003
v 0.57073784 -1.3335962364692517 2.193209360956703
v 0.57073784 -1.48799997 2.1930000600000006
v 0.57073784 -2.9425270812055375 2.7360000500000003
v 0.57073784 -1.48799997 2.1930000600000006
v 0.57073784 -2.855888010203043 1.472194217437537
v 0.57073784 -6.15999997 2.7360000499999995
v 0.57073784 -4.687800879960734 1.3278148189910866
v 0.57073784 -6.15999997 1.5040499934500817
v 0.57073784 -4.496323385826597 1.5129171995631123
v 0.57073784 -6.15999997 2.7360000499999995
v 0.57073784 -4.419545140089616 2.73600005
v 0.57073784 -6.15999997 2.7360000499999995
v 0.57073784 -4.496323385826597 1.5129171995631123
v 0.57073784 -4.687800879960734 1.3278148189910866
v 0.57073784 -4.687800879960734 1.3278148189910866
v 0.57073784 -4.721054331750585 0.04999999999999938
v 0.57073784 -6.159999970000001 0.049999999999998934
v 0.57073784 -6.159999970000001 0.049999999999998934
v 0.57073784 -6.15999997 1.5040499934500817
v 0.57073784 -4.687800879960734 1.3278148189910866
v 0.57073784 0.49900002 2.73600005
v 0.5705960800000001 -0.013012240000000026 2.19499955
v 0.57073784 -0.01438426000000014 2.19499761
v 0.57073784 0.49900002 2.73600005
v 0.5707378399999999 -0.011999999999999976 2.19499993
v 0.57059608 -0.013012239999999894 2.19499955
v 4.773357807214572 -6.159999970000001 0.05
v 4.885233082813592 -4.5850544638591195 0.05
v 6.10173802 -4.689472119674107 0.05
v 6.10173802 -4.689472119674107 0.05
v 6.10173802 -6.15999997 0.05
v 4.773357807214572 -6.159999970000001 0.05
v 4.885233082813592 -4.5850544638591195 0.05
v 4.773357807214572 -6.159999970000001 0.05
v 4.7661734604047865 -4.651846958255477 0.05
v 6.10173802 -4.689472119674107 0.05
v 5.133386806586253 -3.1097092317816983 0.05
v 6.10173802 -3.0039157846754305 0.05000000000000001
v 5.133386806586253 -3.1097092317816983 0.05
v 6.10173802 -4.689472119674107 0.05
v 4.885233082813592 -4.5850544638591195 0.05
v 4.773357807214572 -6.159999970000001 0.05
v 4.17991589181275 -4.525249613336494 0.05
v 4.7661734604047865 -4.651846958255477 0.05
v 3.3575176965164713 -5.045043306300024 0.049999999999999996
v 4.773357807214572 -6.159999970000001 0.05
v 3.380159298130133 -6.159999970000001 0.049999999999999996
v 4.17991589181275 -4.525249613336494 0.05
v 4.773357807214572 -6.159999970000001 0.05
v 3.3575176965164713 -5.045043306300024 0.049999999999999996
v 1.8978125539124195 -4.872794660715371 0.049999999999999996
v 1.9894791557605367 -6.159999970000001 0.049999999999999996
v 0.57073784 -6.159999970000001 0.04999999999999999
v 0.57073784 -6.159999970000001 0.04999999999999999
v 0.5707378400000005 -4.891690915728384 0.04999999999999999
v 1.8978125539124195 -4.872794660715371 0.049999999999999996
v 5.133386806586253 -3.1097092317816983 0.05
v 3.666160000274625 -3.415594612590814 0.05
v 4.634155205390732 -2.790968694534518 0.05
v 4.17991589181275 -4.525249613336494 0.05
v 5.133386806586253 -3.1097092317816983 0.05
v 4.885233082813592 -4.5850544638591195 0.05
v 4.885233082813592 -4.5850544638591195 0.05
v 4.7661734604047865 -4.651846958255477 0.05
v 4.17991589181275 -4.525249613336494 0.05
v 3.666160000274625 -3.415594612590814 0.05
v 5.133386806586253 -3.1097092317816983 0.05
v 4.17991589181275 -4.525249613336494 0.05
v 6.101738020000001 0.31218592355118147 0.05000000000000002
v 4.680001295435195 -0.5609761360824322 0.05000000000000001
v 5.119129902203361 0.26523629982431873 0.05000000000000001
v 5.154275628312094 -1.3967666368377163 0.05000000000000001
v 6.101738020000001 0.31218592355118147 0.05000000000000002
v 6.101738020000001 -1.464431991401596 0.05000000000000001
v 4.680001295435195 -0.5609761360824322 0.05000000000000001
v 6.101738020000001 0.31218592355118147 0.05000000000000002
v 5.154275628312094 -1.3967666368377163 0.05000000000000001
v 1.8978125539124195 -4.872794660715371 0.049999999999999996
v 2.145042336979561 -4.588611712103526 0.049999999999999996
v 2.5089680436168593 -4.536850255579649 0.049999999999999996
v 1.9894791557605367 -6.159999970000001 0.049999999999999996
v 3.3575176965164713 -5.045043306300024 0.049999999999999996
v 3.380159298130133 -6.159999970000001 0.049999999999999996
v 3.3575176965164713 -5.045043306300024 0.049999999999999996
v 1.9894791557605367 -6.159999970000001 0.049999999999999996
v 1.8978125539124195 -4.872794660715371 0.049999999999999996
v 3.3575176965164713 -5.045043306300024 0.049999999999999996
v 1.8978125539124195 -4.872794660715371 0.049999999999999996
v 2.5089680436168593 -4.536850255579649 0.049999999999999996
v 3.666160000274625 -3.415594612590814 0.05
v 2.9582545695312787 -2.9764018471748286 0.05
v 3.180300952245164 -1.8907445612674674 0.05
v 3.180300952245164 -1.8907445612674674 0.05
v 3.479503752200098 -1.7095330966749736 0.05
v 4.514264977471545 -2.1234175079402404 0.05
v 4.514264977471545 -2.1234175079402404 0.05
v 4.634155205390732 -2.790968694534518 0.05
v 3.666160000274625 -3.415594612590814 0.05
v 2.9582545695312787 -2.9764018471748286 0.05
v 3.666160000274625 -3.415594612590814 0.05
v 3.2195081347701575 -3.309629092773641 0.05
v 3.180300952245164 -1.8907445612674674 0.05
v 4.514264977471545 -2.1234175079402404 0.05
v 3.666160000274625 -3.415594612590814 0.05
v 3.666160000274625 -3.415594612590814 0.05
v 4.17991589181275 -4.525249613336494 0.05
v 3.3575176965164713 -5.045043306300024 0.049999999999999996
v 3.666160000274625 -3.415594612590814 0.05
v 2.5089680436168593 -4.536850255579649 0.049999999999999996
v 3.2195081347701575 -3.309629092773641 0.05
v 2.5089680436168593 -4.536850255579649 0.049999999999999996
v 3.666160000274625 -3.415594612590814 0.05
v 3.3575176965164713 -5.045043306300024 0.049999999999999996
v 2.5089680436168593 -4.536850255579649 0.049999999999999996
v 2.145042336979561 -4.588611712103526 0.049999999999999996
v 1.552052641913065 -3.454464359881883 0.049999999999999996
v 3.2195081347701575 -3.309629092773641 0.05
v 1.9320246953708469 -2.9553253476467596 0.049999999999999996
v 2.9582545695312787 -2.9764018471748286 0.05
v 1.9320246953708469 -2.9553253476467596 0.049999999999999996
v 3.2195081347701575 -3.309629092773641 0.05
v 2.5089680436168593 -4.536850255579649 0.049999999999999996
v 1.9320246953708469 -2.9553253476467596 0.049999999999999996
v 2.5089680436168593 -4.536850255579649 0.049999999999999996
v 1.552052641913065 -3.454464359881883 0.049999999999999996
v 1.552052641913065 -3.454464359881883 0.049999999999999996
v 2.145042336979561 -4.588611712103526 0.049999999999999996
v 1.8978125539124195 -4.872794660715371 0.049999999999999996
v 1.552052641913065 -3.454464359881883 0.049999999999999996
v 0.5707378400000005 -4.891690915728384 0.04999999999999999
v 0.5707378400000014 -3.5112626975156394 0.049999999999999996
v 0.5707378400000005 -4.891690915728384 0.04999999999999999
v 1.552052641913065 -3.454464359881883 0.049999999999999996
v 1.8978125539124195 -4.872794660715371 0.049999999999999996
v 5.133386806586253 -3.1097092317816983 0.05
v 4.514264977471545 -2.1234175079402404 0.05
v 5.154275628312094 -1.3967666368377163 0.05000000000000001
v 5.154275628312094 -1.3967666368377163 0.05000000000000001
v 6.101738020000001 -1.464431991401596 0.05000000000000001
v 6.10173802 -3.0039157846754305 0.05000000000000001
v 4.514264977471545 -2.1234175079402404 0.05
v 5.133386806586253 -3.1097092317816983 0.05
v 4.634155205390732 -2.790968694534518 0.05
v 5.133386806586253 -3.1097092317816983 0.05
v 5.154275628312094 -1.3967666368377163 0.05000000000000001
v 6.10173802 -3.0039157846754305 0.05000000000000001
v 2.085411730022889 -1.4821007599054066 0.05
v 1.9320246953708469 -2.9553253476467596 0.049999999999999996
v 1.5896352536933607 -1.9689550125292141 0.049999999999999996
v 1.9320246953708469 -2.9553253476467596 0.049999999999999996
v 2.085411730022889 -1.4821007599054066 0.05
v 3.180300952245164 -1.8907445612674674 0.05
v 1.9320246953708469 -2.9553253476467596 0.049999999999999996
v 3.180300952245164 -1.8907445612674674 0.05
v 2.9582545695312787 -2.9764018471748286 0.05
v 1.5896352536933607 -1.9689550125292141 0.049999999999999996
v 1.9320246953708469 -2.9553253476467596 0.049999999999999996
v 1.552052641913065 -3.454464359881883 0.049999999999999996
v 1.5896352536933607 -1.9689550125292141 0.049999999999999996
v 0.5707378400000014 -3.5112626975156394 0.049999999999999996
v 0.5707378400000012 -1.8817231083711934 0.049999999999999996
v 0.5707378400000014 -3.5112626975156394 0.049999999999999996
v 1.5896352536933607 -1.9689550125292141 0.049999999999999996
v 1.552052641913065 -3.454464359881883 0.049999999999999996
v 3.479503752200098 -1.7095330966749736 0.05
v 3.634865268283105 -0.5983311216278978 0.05
v 4.680001295435195 -0.5609761360824322 0.05000000000000001
v 4.680001295435195 -0.5609761360824322 0.05000000000000001
v 5.154275628312094 -1.3967666368377163 0.05000000000000001
v 4.514264977471545 -2.1234175079402404 0.05
v 4.514264977471545 -2.1234175079402404 0.05
v 3.479503752200098 -1.7095330966749736 0.05
v 4.680001295435195 -0.5609761360824322 0.05000000000000001
v 6.101738020000001 1.90299993 0.05000000000000002
v 4.615422244558703 0.8722601752500114 0.05000000000000001
v 4.881775840844531 2.0150485228118296 0.05000000000000001
v 5.119129902203361 0.26523629982431873 0.05000000000000001
v 6.101738020000001 1.90299993 0.05000000000000002
v 6.101738020000001 0.31218592355118147 0.05000000000000002
v 6.101738020000001 1.90299993 0.05000000000000002
v 5.119129902203361 0.26523629982431873 0.05000000000000001
v 4.615422244558703 0.8722601752500114 0.05000000000000001
v 2.085411730022889 -1.4821007599054066 0.05
v 2.0357575936823373 -0.4981933341825111 0.05
v 3.452822103612871 -0.3914656057788129 0.05
v 3.452822103612871 -0.3914656057788129 0.05
v 3.634865268283105 -0.5983311216278978 0.05
v 3.479503752200098 -1.7095330966749736 0.05
v 3.452822103612871 -0.3914656057788129 0.05
v 3.180300952245164 -1.8907445612674674 0.05
v 2.085411730022889 -1.4821007599054066 0.05
v 3.180300952245164 -1.8907445612674674 0.05
v 3.452822103612871 -0.3914656057788129 0.05
v 3.479503752200098 -1.7095330966749736 0.05
v 1.9895546154706838 -0.44821128210272176 0.05
v 2.0357575936823373 -0.4981933341825111 0.05
v 2.085411730022889 -1.4821007599054066 0.05
v 0.5707378400000016 -1.4879999700000008 0.049999999999999996
v 1.5896352536933607 -1.9689550125292141 0.049999999999999996
v 0.5707378400000012 -1.8817231083711934 0.049999999999999996
v 1.9895546154706838 -0.44821128210272176 0.05
v 0.5707378400000016 -1.4879999700000008 0.049999999999999996
v 0.5707378400000009 -0.4337099944870678 0.049999999999999996
v 0.5707378400000016 -1.4879999700000008 0.049999999999999996
v 1.9895546154706838 -0.44821128210272176 0.05
v 2.085411730022889 -1.4821007599054066 0.05
v 0.5707378400000016 -1.4879999700000008 0.049999999999999996
v 2.085411730022889 -1.4821007599054066 0.05
v 1.5896352536933607 -1.9689550125292141 0.049999999999999996
v 2.0357575936823373 -0.4981933341825111 0.05
v 1.9895546154706838 -0.44821128210272176 0.05
v 2.0557473124638683 0.7830300501211775 0.05
v 3.452822103612871 -0.3914656057788129 0.05
v 3.263306931900691 0.9418784707418152 0.05000000000000001
v 3.5086205156618533 0.699752776347999 0.05000000000000001
v 2.0557473124638683 0.7830300501211775 0.05
v 3.452822103612871 -0.3914656057788129 0.05
v 2.0357575936823373 -0.4981933341825111 0.05
v 3.263306931900691 0.9418784707418152 0.05000000000000001
v 3.452822103612871 -0.3914656057788129 0.05
v 2.0557473124638683 0.7830300501211775 0.05
v 4.680001295435195 -0.5609761360824322 0.05000000000000001
v 3.5086205156618533 0.699752776347999 0.05000000000000001
v 4.615422244558703 0.8722601752500114 0.05000000000000001
v 4.680001295435195 -0.5609761360824322 0.05000000000000001
v 4.615422244558703 0.8722601752500114 0.05000000000000001
v 5.119129902203361 0.26523629982431873 0.05000000000000001
v 3.452822103612871 -0.3914656057788129 0.05
v 4.680001295435195 -0.5609761360824322 0.05000000000000001
v 3.634865268283105 -0.5983311216278978 0.05
v 3.5086205156618533 0.699752776347999 0.05000000000000001
v 4.680001295435195 -0.5609761360824322 0.05000000000000001
v 3.452822103612871 -0.3914656057788129 0.05
v 0.5707378400000016 -0.01200000000000101 0.049999999999999996
v 2.0557473124638683 0.7830300501211775 0.05
v 1.9895546154706838 -0.44821128210272176 0.05
v 1.9895546154706838 -0.44821128210272176 0.05
v 0.5707378400000009 -0.4337099944870678 0.049999999999999996
v 0.5707378400000016 -0.01200000000000101 0.049999999999999996
v 0.5707378400000016 -0.01200000000000101 0.049999999999999996
v 0.5707378400000013 0.9374518591836232 0.05
v 1.8356156122431242 1.0066044500812152 0.05
v 2.0557473124638683 0.7830300501211775 0.05
v 0.5707378400000016 -0.01200000000000101 0.049999999999999996
v 1.8356156122431242 1.0066044500812152 0.05
v 3.263306931900691 0.9418784707418152 0.05000000000000001
v 2.0557473124638683 0.7830300501211775 0.05
v 1.8356156122431242 1.0066044500812152 0.05
v 3.263306931900691 0.9418784707418152 0.05000000000000001
v 1.974174055953553 2.28209998884968 0.05
v 3.319179268947308 2.1585666990350294 0.05000000000000001
v 1.974174055953553 2.28209998884968 0.05
v 3.263306931900691 0.9418784707418152 0.05000000000000001
v 1.8356156122431242 1.0066044500812152 0.05
v 4.615422244558703 0.8722601752500114 0.05000000000000001
v 3.5086205156618533 0.699752776347999 0.05000000000000001
v 3.263306931900691 0.9418784707418152 0.05000000000000001
v 4.615422244558703 0.8722601752500114 0.05000000000000001
v 3.319179268947308 2.1585666990350294 0.05000000000000001
v 4.881775840844531 2.0150485228118296 0.05000000000000001
v 3.319179268947308 2.1585666990350294 0.05000000000000001
v 4.615422244558703 0.8722601752500114 0.05000000000000001
v 3.263306931900691 0.9418784707418152 0.05000000000000001
v 1.8356156122431242 1.0066044500812152 0.05
v 0.5707378400000013 0.9374518591836232 0.05
v 0.5707378400000015 2.4109999299999982 0.05
v 0.5707378400000015 2.4109999299999982 0.05
v 1.974174055953553 2.28209998884968 0.05
v 1.8356156122431242 1.0066044500812152 0.05
v -4.3723118 1.97219319 1.00000001
v -3.50874164 2.47077593 1.00000001
v -3.50874164 2.47077593 -1.6653345369377348e-16
v -3.50874164 2.47077593 -1.6653345369377348e-16
v -4.3723118 1.97219319 -2.6959284175950296e-16
v -4.3723118 1.97219319 1.00000001
v -0.9127148300000003 -2.79835749 1.10000001
v -0.9127148300000001 -1.9833576199999996 1.10000001
v -0.01271485 -1.9833576199999996 1.10000001
v -0.9127148300000003 -2.79835749 1.10000001
v -0.01271485 -3.61335735 1.10000001
v -1.1440240385083518 -3.61335735 1.10000001
v -1.1440240385083518 -3.61335735 1.10000001
v -1.3475079723052577 -2.79835749 1.10000001
v -0.9127148300000003 -2.79835749 1.10000001
v -0.01271485 -3.61335735 1.10000001
v -0.9127148300000003 -2.79835749 1.10000001
v -0.01271485 -1.9833576199999996 1.10000001
v -1.3475079723052577 -2.79835749 1.10000001
v -2.802714780000001 -3.61335735 1.10000001
v -2.802714780000001 -2.7983574899999994 1.10000001
v -2.802714780000001 -3.61335735 1.10000001
v -1.3475079723052577 -2.79835749 1.10000001
v -1.1440240385083518 -3.61335735 1.10000001
v -0.91271483 -1.98335762 -2.220446049250313e-16
v -0.91271483 -1.98335762 1.10000001
v -0.91271483 -2.79835749 1.10000001
v -0.91271483 -2.79835749 1.10000001
v -0.91271483 -2.79835749 -2.4019741118320573e-16
v -0.91271483 -1.98335762 -2.220446049250313e-16
v -0.012714849999999861 -1.98335762 -2.213888313702771e-17
v -0.91271483 -1.98335762 1.10000001
v -0.9127148300000001 -1.98335762 -1.1102230246251565e-16
v -0.91271483 -1.98335762 1.10000001
v -0.012714849999999861 -1.98335762 -2.213888313702771e-17
v -0.012714849999999722 -1.98335762 1.10000001

usemtl Patch_1_Mat_CR1_tablesEquipment
f 3 2 1
f 6 5 4
f 9 8 7

usemtl Patch_2_Mat_CR1_paintedConcrete
f 12 11 10
f 15 14 13

usemtl Patch_3_Mat_CR1_paintedConcrete
f 18 17 16
f 21 20 19

usemtl Patch_4_Mat_CR1_paintedConcrete
f 24 23 22
f 27 26 25

usemtl Patch_5_Mat_CR1_tablesEquipment
f 30 29 28
f 33 32 31

usemtl Patch_6_Mat_CR1_tablesEquipment
f 36 35 34
f 39 38 37

usemtl Patch_7_Mat_CR1_tablesEquipment
f 42 41 40
f 45 44 43
f 48 47 46

usemtl Patch_8_Mat_CR1_paintedConcrete
f 51 50 49
f 54 53 52

usemtl Patch_9_Mat_CR1_paintedConcrete
f 57 56 55
f 60 59 58
f 63 62 61
f 66 65 64

usemtl Patch_10_Mat_CR1_paintedConcrete
f 69 68 67
f 72 71 70

usemtl Patch_11_Mat_CR1_paintedConcrete
f 75 74 73
f 78 77 76

usemtl Patch_12_Mat_CR1_paintedConcrete
f 81 80 79
f 84 83 82

usemtl Patch_13_Mat_CR1_paintedConcrete
f 87 86 85
f 90 89 88
f 93 92 91
f 96 95 94
f 99 98 97
f 102 101 100

usemtl Patch_14_Mat_CR1_paintedConcrete
f 105 104 103
f 108 107 106

usemtl Patch_15_Mat_CR1_paintedConcrete
f 111 110 109
f 114 113 112

usemtl Patch_16_Mat_CR1_paintedConcrete
f 117 116 115
f 120 119 118
f 123 122 121

usemtl Patch_17_Mat_CR1_paintedConcrete
f 126 125 124
f 129 128 127
f 132 131 130

usemtl Patch_18_Mat_CR1_paintedConcrete
f 135 134 133
f 138 137 136

usemtl Patch_19_Mat_CR1_paintedConcrete
f 141 140 139
f 144 143 142
f 147 146 145

usemtl Patch_20_Mat_CR1_paintedConcrete
f 150 149 148
f 153 152 151
f 156 155 154

usemtl Patch_21_Mat_CR1_paintedConcrete
f 159 158 157
f 162 161 160
f 165 164 163

usemtl Patch_22_Mat_CR1_paintedConcrete
f 168 167 166
f 171 170 169

usemtl Patch_23_Mat_CR1_paintedConcrete
f 174 173 172
f 177 176 175

usemtl Patch_24_Mat_CR1_paintedConcrete
f 180 179 178
f 183 182 181

usemtl Patch_25_Mat_CR1_paintedConcrete
f 186 185 184
f 189 188 187

usemtl Patch_26_Mat_CR1_paintedConcrete
f 192 191 190
f 195 194 193

usemtl Patch_27_Mat_CR1_paintedConcrete
f 198 197 196
f 201 200 199

usemtl Patch_28_Mat_CR1_paintedConcrete
f 204 203 202
f 207 206 205

usemtl Patch_29_Mat_CR1_paintedConcrete
f 210 209 208
f 213 212 211

usemtl Patch_30_Mat_CR1_paintedConcrete
f 216 215 214
f 219 218 217

usemtl Patch_31_Mat_CR1_paintedConcrete
f 222 221 220
f 225 224 223

usemtl Patch_32_Mat_CR1_paintedConcrete
f 228 227 226
f 231 230 229

usemtl Patch_33_Mat_CR1_paintedConcrete
f 234 233 232
f 237 236 235

usemtl Patch_34_Mat_CR1_paintedConcrete
f 240 239 238
f 243 242 241

usemtl Patch_35_Mat_CR1_paintedConcrete
f 246 245 244
f 249 248 247

usemtl Patch_36_Mat_CR1_paintedConcrete
f 252 251 250
f 255 254 253

usemtl Patch_37_Mat_CR1_paintedConcrete
f 258 257 256
f 261 260 259

usemtl Patch_38_Mat_CR1_paintedConcrete
f 264 263 262
f 267 266 265
f 270 269 268

usemtl Patch_39_Mat_CR1_paintedConcrete
f 273 272 271
f 276 275 274
f 279 278 277
f 282 281 280

usemtl Patch_40_Mat_CR1_paintedConcrete
f 285 284 283
f 288 287 286
f 291 290 289

usemtl Patch_41_Mat_CR1_paintedConcrete
f 294 293 292
f 297 296 295
f 300 299 298

usemtl Patch_42_Mat_CR1_paintedConcrete
f 303 302 301
f 306 305 304

usemtl Patch_43_Mat_CR1_paintedConcrete
f 309 308 307
f 312 311 310
f 315 314 313

usemtl Patch_44_Mat_CR1_paintedConcrete
f 318 317 316
f 321 320 319
f 324 323 322
f 327 326 325

usemtl Patch_45_Mat_CR1_paintedConcrete
f 330 329 328
f 333 332 331
f 336 335 334

usemtl Patch_46_Mat_CR1_paintedConcrete
f 339 338 337
f 342 341 340
f 345 344 343

usemtl Patch_47_Mat_CR1_paintedConcrete
f 348 347 346
f 351 350 349
f 354 353 352

usemtl Patch_48_Mat_CR1_paintedConcrete
f 357 356 355
f 360 359 358
f 363 362 361

usemtl Patch_49_Mat_CR1_paintedConcrete
f 366 365 364
f 369 368 367

usemtl Patch_50_Mat_CR1_concrete
f 372 371 370
f 375 374 373
f 378 377 376
f 381 380 379
f 384 383 382
f 387 386 385
f 390 389 388

usemtl Patch_51_Mat_CR1_concrete
f 393 392 391
f 396 395 394
f 399 398 397

usemtl Patch_52_Mat_CR1_concrete
f 402 401 400
f 405 404 403
f 408 407 406
f 411 410 409
f 414 413 412
f 417 416 415
f 420 419 418
f 423 422 421
f 426 425 424
f 429 428 427
f 432 431 430
f 435 434 433
f 438 437 436
f 441 440 439
f 444 443 442
f 447 446 445
f 450 449 448

usemtl Patch_53_Mat_CR1_concrete
f 453 452 451
f 456 455 454
f 459 458 457
f 462 461 460

usemtl Patch_54_Mat_CR1_concrete
f 465 464 463
f 468 467 466
f 471 470 469
f 474 473 472
f 477 476 475
f 480 479 478

usemtl Patch_55_Mat_CR1_concrete
f 483 482 481
f 486 485 484
f 489 488 487
f 492 491 490

usemtl Patch_56_Mat_CR1_concrete
f 495 494 493
f 498 497 496
f 501 500 499
f 504 503 502
f 507 506 505
f 510 509 508
f 513 512 511
f 516 515 514
f 519 518 517
f 522 521 520
f 525 524 523
f 528 527 526
f 531 530 529
f 534 533 532

usemtl Patch_57_Mat_CR1_concrete
f 537 536 535
f 540 539 538
f 543 542 541
f 546 545 544
f 549 548 547
f 552 551 550
f 555 554 553
f 558 557 556
f 561 560 559
f 564 563 562
f 567 566 565
f 570 569 568
f 573 572 571
f 576 575 574
f 579 578 577
f 582 581 580
f 585 584 583
f 588 587 586
f 591 590 589

usemtl Patch_58_Mat_CR1_concrete
f 594 593 592
f 597 596 595
f 600 599 598
f 603 602 601
f 606 605 604
f 609 608 607

usemtl Patch_59_Mat_CR1_concrete
f 612 611 610
f 615 614 613
f 618 617 616
f 621 620 619
f 624 623 622
f 627 626 625

usemtl Patch_60_Mat_CR1_concrete
f 630 629 628
f 633 632 631
f 636 635 634
f 639 638 637
f 642 641 640
f 645 644 643

usemtl Patch_61_Mat_CR1_concrete
f 648 647 646
f 651 650 649
f 654 653 652
f 657 656 655
f 660 659 658

usemtl Patch_62_Mat_CR1_concrete
f 663 662 661
f 666 665 664
f 669 668 667
f 672 671 670

usemtl Patch_63_Mat_CR1_concrete
f 675 674 673
f 678 677 676
f 681 680 679
f 684 683 682
f 687 686 685
f 690 689 688
f 693 692 691
f 696 695 694
f 699 698 697

usemtl Patch_64_Mat_CR1_concrete
f 702 701 700
f 705 704 703
f 708 707 706

usemtl Patch_65_Mat_CR1_concrete
f 711 710 709
f 714 713 712
f 717 716 715
f 720 719 718
f 723 722 721
f 726 725 724
f 729 728 727

usemtl Patch_66_Mat_CR1_concrete
f 732 731 730
f 735 734 733
f 738 737 736
f 741 740 739
f 744 743 742
f 747 746 745
f 750 749 748
f 753 752 751

usemtl Patch_67_Mat_CR1_concrete
f 756 755 754
f 759 758 757

usemtl Patch_68_Mat_CR1_concrete
f 762 761 760
f 765 764 763
f 768 767 766

usemtl Patch_69_Mat_CR1_concrete
f 771 770 769
f 774 773 772
f 777 776 775

usemtl Patch_70_Mat_CR1_concrete
f 780 779 778
f 783 782 781
f 786 785 784

usemtl Patch_71_Mat_CR1_concrete
f 789 788 787
f 792 791 790
f 795 794 793

usemtl Patch_72_Mat_CR1_concrete
f 798 797 796
f 801 800 799
f 804 803 802

usemtl Patch_73_Mat_CR1_concrete
f 807 806 805
f 810 809 808
f 813 812 811

usemtl Patch_74_Mat_CR1_concrete
f 816 815 814
f 819 818 817
f 822 821 820

usemtl Patch_75_Mat_CR1_concrete
f 825 824 823
f 828 827 826

usemtl Patch_76_Mat_CR1_concrete
f 831 830 829
f 834 833 832

usemtl Patch_77_Mat_CR1_concrete
f 837 836 835
f 840 839 838

usemtl Patch_78_Mat_CR1_concrete
f 843 842 841
f 846 845 844

usemtl Patch_79_Mat_CR1_concrete
f 849 848 847
f 852 851 850

usemtl Patch_80_Mat_CR1_concrete
f 855 854 853
f 858 857 856
f 861 860 859

usemtl Patch_81_Mat_CR1_concrete
f 864 863 862
f 867 866 865
f 870 869 868

usemtl Patch_82_Mat_CR1_concrete
f 873 872 871
f 876 875 874

usemtl Patch_83_Mat_CR1_concrete
f 879 878 877
f 882 881 880
f 885 884 883
f 888 887 886

usemtl Patch_84_Mat_CR1_concrete
f 891 890 889
f 894 893 892
f 897 896 895
f 900 899 898
f 903 902 901

usemtl Patch_85_Mat_CR1_concrete
f 906 905 904
f 909 908 907
f 912 911 910

usemtl Patch_86_Mat_CR1_concrete
f 915 914 913
f 918 917 916
f 921 920 919

usemtl Patch_87_Mat_CR1_concrete
f 924 923 922
f 927 926 925
f 930 929 928

usemtl Patch_88_Mat_CR1_concrete
f 933 932 931
f 936 935 934
f 939 938 937
f 942 941 940
f 945 944 943

usemtl Patch_89_Mat_CR1_concrete
f 948 947 946
f 951 950 949

usemtl Patch_90_Mat_CR1_concrete
f 954 953 952
f 957 956 955
f 960 959 958
f 963 962 961

usemtl Patch_91_Mat_CR1_concrete
f 966 965 964
f 969 968 967

usemtl Patch_92_Mat_CR1_concrete
f 972 971 970
f 975 974 973

usemtl Patch_93_Mat_CR1_concrete
f 978 977 976
f 981 980 979

usemtl Patch_94_Mat_CR1_concrete
f 984 983 982
f 987 986 985

usemtl Patch_95_Mat_CR1_concrete
f 990 989 988
f 993 992 991

usemtl Patch_96_Mat_CR1_concrete
f 996 995 994
f 999 998 997

usemtl Patch_97_Mat_CR1_concrete
f 1002 1001 1000
f 1005 1004 1003

usemtl Patch_98_Mat_CR1_concrete
f 1008 1007 1006
f 1011 1010 1009

usemtl Patch_99_Mat_CR1_concrete
f 1014 1013 1012
f 1017 1016 1015
f 1020 1019 1018

usemtl Patch_100_Mat_CR1_concrete
f 1023 1022 1021
f 1026 1025 1024
f 1029 1028 1027

usemtl Patch_101_Mat_CR1_concrete
f 1032 1031 1030
f 1035 1034 1033

usemtl Patch_102_Mat_CR1_concrete
f 1038 1037 1036
f 1041 1040 1039
f 1044 1043 1042
f 1047 1046 1045

usemtl Patch_103_Mat_CR1_concrete
f 1050 1049 1048
f 1053 1052 1051
f 1056 1055 1054
f 1059 1058 1057

usemtl Patch_104_Mat_CR1_concrete
f 1062 1061 1060
f 1065 1064 1063
f 1068 1067 1066

usemtl Patch_105_Mat_CR1_concrete
f 1071 1070 1069
f 1074 1073 1072
f 1077 1076 1075

usemtl Patch_106_Mat_CR1_concrete
f 1080 1079 1078
f 1083 1082 1081
f 1086 1085 1084

usemtl Patch_107_Mat_CR1_concrete
f 1089 1088 1087
f 1092 1091 1090
f 1095 1094 1093
f 1098 1097 1096

usemtl Patch_108_Mat_CR1_concrete
f 1101 1100 1099
f 1104 1103 1102
f 1107 1106 1105

usemtl Patch_109_Mat_CR1_concrete
f 1110 1109 1108
f 1113 1112 1111
f 1116 1115 1114

usemtl Patch_110_Mat_CR1_concrete
f 1119 1118 1117
f 1122 1121 1120

usemtl Patch_111_Mat_CR1_concrete
f 1125 1124 1123
f 1128 1127 1126
f 1131 1130 1129

usemtl Patch_112_Mat_CR1_concrete
f 1134 1133 1132
f 1137 1136 1135

usemtl Patch_113_Mat_CR1_concrete
f 1140 1139 1138
f 1143 1142 1141
f 1146 1145 1144

usemtl Patch_114_Mat_CR1_concrete
f 1149 1148 1147
f 1152 1151 1150
f 1155 1154 1153

usemtl Patch_115_Mat_CR1_concrete
f 1158 1157 1156
f 1161 1160 1159
f 1164 1163 1162

usemtl Patch_116_Mat_CR1_concrete
f 1167 1166 1165
f 1170 1169 1168
f 1173 1172 1171

usemtl Patch_117_Mat_CR1_concrete
f 1176 1175 1174
f 1179 1178 1177
f 1182 1181 1180

usemtl Patch_118_Mat_CR1_concrete
f 1185 1184 1183
f 1188 1187 1186
f 1191 1190 1189

usemtl Patch_119_Mat_CR1_concrete
f 1194 1193 1192
f 1197 1196 1195
f 1200 1199 1198

usemtl Patch_120_Mat_CR1_concrete
f 1203 1202 1201
f 1206 1205 1204

usemtl Patch_121_Mat_CR1_concrete
f 1209 1208 1207
f 1212 1211 1210
f 1215 1214 1213

usemtl Patch_122_Mat_CR1_concrete
f 1218 1217 1216
f 1221 1220 1219

usemtl Patch_123_Mat_CR1_concrete
f 1224 1223 1222
f 1227 1226 1225
f 1230 1229 1228
f 1233 1232 1231
f 1236 1235 1234

usemtl Patch_124_Mat_CR1_concrete
f 1239 1238 1237
f 1242 1241 1240
f 1245 1244 1243
f 1248 1247 1246
f 1251 1250 1249
f 1254 1253 1252
f 1257 1256 1255
f 1260 1259 1258

usemtl Patch_125_Mat_CR1_concrete
f 1263 1262 1261
f 1266 1265 1264
f 1269 1268 1267
f 1272 1271 1270
f 1275 1274 1273

usemtl Patch_126_Mat_CR1_concrete
f 1278 1277 1276
f 1281 1280 1279
f 1284 1283 1282
f 1287 1286 1285

usemtl Patch_127_Mat_CR1_concrete
f 1290 1289 1288
f 1293 1292 1291

usemtl Patch_128_Mat_CR1_paintedConcrete
f 1296 1295 1294
f 1299 1298 1297
f 1302 1301 1300

usemtl Patch_129_Mat_CR1_paintedConcrete
f 1305 1304 1303
f 1308 1307 1306
f 1311 1310 1309

usemtl Patch_130_Mat_CR1_paintedConcrete
f 1314 1313 1312
f 1317 1316 1315

usemtl Patch_131_Mat_CR1_paintedConcrete
f 1320 1319 1318
f 1323 1322 1321
f 1326 1325 1324

usemtl Patch_132_Mat_CR1_paintedConcrete
f 1329 1328 1327
f 1332 1331 1330

usemtl Patch_133_Mat_CR1_paintedConcrete
f 1335 1334 1333
f 1338 1337 1336
f 1341 1340 1339

usemtl Patch_134_Mat_CR1_paintedConcrete
f 1344 1343 1342
f 1347 1346 1345
f 1350 1349 1348

usemtl Patch_135_Mat_CR1_paintedConcrete
f 1353 1352 1351
f 1356 1355 1354
f 1359 1358 1357

usemtl Patch_136_Mat_CR1_paintedConcrete
f 1362 1361 1360
f 1365 1364 1363

usemtl Patch_137_Mat_CR1_paintedConcrete
f 1368 1367 1366
f 1371 1370 1369
f 1374 1373 1372

usemtl Patch_138_Mat_CR1_paintedConcrete
f 1377 1376 1375
f 1380 1379 1378
f 1383 1382 1381

usemtl Patch_139_Mat_CR1_paintedConcrete
f 1386 1385 1384
f 1389 1388 1387
f 1392 1391 1390

usemtl Patch_140_Mat_CR1_paintedConcrete
f 1395 1394 1393
f 1398 1397 1396
f 1401 1400 1399

usemtl Patch_141_Mat_CR1_paintedConcrete
f 1404 1403 1402
f 1407 1406 1405
f 1410 1409 1408
f 1413 1412 1411
f 1416 1415 1414
f 1419 1418 1417
f 1422 1421 1420

usemtl Patch_142_Mat_CR1_paintedConcrete
f 1425 1424 1423
f 1428 1427 1426
f 1431 1430 1429

usemtl Patch_143_Mat_CR1_paintedConcrete
f 1434 1433 1432
f 1437 1436 1435
f 1440 1439 1438

usemtl Patch_144_Mat_CR1_paintedConcrete
f 1443 1442 1441
f 1446 1445 1444

usemtl Patch_145_Mat_CR1_paintedConcrete
f 1449 1448 1447
f 1452 1451 1450
f 1455 1454 1453

usemtl Patch_146_Mat_CR1_paintedConcrete
f 1458 1457 1456
f 1461 1460 1459
f 1464 1463 1462
f 1467 1466 1465
f 1470 1469 1468
f 1473 1472 1471
f 1476 1475 1474

usemtl Patch_147_Mat_CR1_paintedConcrete
f 1479 1478 1477
f 1482 1481 1480
f 1485 1484 1483

usemtl Patch_148_Mat_CR1_paintedConcrete
f 1488 1487 1486
f 1491 1490 1489

usemtl Patch_149_Mat_CR1_paintedConcrete
f 1494 1493 1492
f 1497 1496 1495

usemtl Patch_150_Mat_CR1_paintedConcrete
f 1500 1499 1498
f 1503 1502 1501
f 1506 1505 1504
f 1509 1508 1507

usemtl Patch_151_Mat_CR1_paintedConcrete
f 1512 1511 1510
f 1515 1514 1513

usemtl Patch_152_Mat_CR1_paintedConcrete
f 1518 1517 1516
f 1521 1520 1519

usemtl Patch_153_Mat_CR1_paintedConcrete
f 1524 1523 1522
f 1527 1526 1525
f 1530 1529 1528
f 1533 1532 1531

usemtl Patch_154_Mat_CR1_paintedConcrete
f 1536 1535 1534
f 1539 1538 1537
f 1542 1541 1540

usemtl Patch_155_Mat_CR1_concrete
f 1545 1544 1543
f 1548 1547 1546
f 1551 1550 1549
f 1554 1553 1552

usemtl Patch_156_Mat_CR1_concrete
f 1557 1556 1555
f 1560 1559 1558

usemtl Patch_157_Mat_CR1_concrete
f 1563 1562 1561
f 1566 1565 1564

usemtl Patch_158_Mat_CR1_concrete
f 1569 1568 1567
f 1572 1571 1570

usemtl Patch_159_Mat_CR1_tablesEquipment
f 1575 1574 1573
f 1578 1577 1576

usemtl Patch_160_Mat_CR1_tablesEquipment
f 1581 1580 1579
f 1584 1583 1582

usemtl Patch_161_Mat_CR1_tablesEquipment
f 1587 1586 1585
f 1590 1589 1588

usemtl Patch_162_Mat_CR1_tablesEquipment
f 1593 1592 1591
f 1596 1595 1594

usemtl Patch_163_Mat_CR1_tablesEquipment
f 1599 1598 1597
f 1602 1601 1600

usemtl Patch_164_Mat_CR1_tablesEquipment
f 1605 1604 1603
f 1608 1607 1606

usemtl Patch_165_Mat_CR1_tablesEquipment
f 1611 1610 1609
f 1614 1613 1612

usemtl Patch_166_Mat_CR1_tablesEquipment
f 1617 1616 1615
f 1620 1619 1618

usemtl Patch_167_Mat_CR1_tablesEquipment
f 1623 1622 1621
f 1626 1625 1624

usemtl Patch_168_Mat_CR1_tablesEquipment
f 1629 1628 1627
f 1632 1631 1630

usemtl Patch_169_Mat_CR1_tablesEquipment
f 1635 1634 1633
f 1638 1637 1636

usemtl Patch_170_Mat_CR1_tablesEquipment
f 1641 1640 1639
f 1644 1643 1642

usemtl Patch_171_Mat_CR1_tablesEquipment
f 1647 1646 1645
f 1650 1649 1648

usemtl Patch_172_Mat_CR1_tablesEquipment
f 1653 1652 1651
f 1656 1655 1654

usemtl Patch_173_Mat_CR1_tablesEquipment
f 1659 1658 1657
f 1662 1661 1660

usemtl Patch_174_Mat_CR1_tablesEquipment
f 1665 1664 1663
f 1668 1667 1666

usemtl Patch_175_Mat_CR1_tablesEquipment
f 1671 1670 1669
f 1674 1673 1672

usemtl Patch_176_Mat_CR1_tablesEquipment
f 1677 1676 1675
f 1680 1679 1678

usemtl Patch_177_Mat_CR1_absorber
f 1683 1682 1681
f 1686 1685 1684

usemtl Patch_178_Mat_CR1_absorber
f 1689 1688 1687
f 1692 1691 1690

usemtl Patch_179_Mat_CR1_absorber
f 1695 1694 1693
f 1698 1697 1696

usemtl Patch_180_Mat_CR1_absorber
f 1701 1700 1699
f 1704 1703 1702

usemtl Patch_181_Mat_CR1_absorber
f 1707 1706 1705
f 1710 1709 1708

usemtl Patch_182_Mat_CR1_absorber
f 1713 1712 1711
f 1716 1715 1714

usemtl Patch_183_Mat_CR1_absorber
f 1719 1718 1717
f 1722 1721 1720

usemtl Patch_184_Mat_CR1_absorber
f 1725 1724 1723
f 1728 1727 1726

usemtl Patch_185_Mat_CR1_absorber
f 1731 1730 1729
f 1734 1733 1732

usemtl Patch_186_Mat_CR1_absorber
f 1737 1736 1735
f 1740 1739 1738

usemtl Patch_187_Mat_CR1_absorber
f 1743 1742 1741
f 1746 1745 1744

usemtl Patch_188_Mat_CR1_absorber
f 1749 1748 1747
f 1752 1751 1750
f 1755 1754 1753
f 1758 1757 1756

usemtl Patch_189_Mat_CR1_absorber
f 1761 1760 1759
f 1764 1763 1762

usemtl Patch_190_Mat_CR1_absorber
f 1767 1766 1765
f 1770 1769 1768
f 1773 1772 1771

usemtl Patch_191_Mat_CR1_absorber
f 1776 1775 1774
f 1779 1778 1777

usemtl Patch_192_Mat_CR1_absorber
f 1782 1781 1780
f 1785 1784 1783

usemtl Patch_193_Mat_CR1_absorber
f 1788 1787 1786
f 1791 1790 1789

usemtl Patch_194_Mat_CR1_absorber
f 1794 1793 1792
f 1797 1796 1795

usemtl Patch_195_Mat_CR1_absorber
f 1800 1799 1798
f 1803 1802 1801

usemtl Patch_196_Mat_CR1_absorber
f 1806 1805 1804
f 1809 1808 1807

usemtl Patch_197_Mat_CR1_absorber
f 1812 1811 1810
f 1815 1814 1813

usemtl Patch_198_Mat_CR1_absorber
f 1818 1817 1816
f 1821 1820 1819

usemtl Patch_199_Mat_CR1_absorber
f 1824 1823 1822
f 1827 1826 1825

usemtl Patch_200_Mat_CR1_absorber
f 1830 1829 1828
f 1833 1832 1831

usemtl Patch_201_Mat_CR1_tablesEquipment
f 1836 1835 1834
f 1839 1838 1837

usemtl Patch_202_Mat_CR1_tablesEquipment
f 1842 1841 1840
f 1845 1844 1843

usemtl Patch_203_Mat_CR1_tablesEquipment
f 1848 1847 1846
f 1851 1850 1849

usemtl Patch_204_Mat_CR1_paintedConcrete
f 1854 1853 1852
f 1857 1856 1855
f 1860 1859 1858

usemtl Patch_205_Mat_CR1_paintedConcrete
f 1863 1862 1861
f 1866 1865 1864
f 1869 1868 1867
f 1872 1871 1870
f 1875 1874 1873
f 1878 1877 1876
f 1881 1880 1879

usemtl Patch_206_Mat_CR1_paintedConcrete
f 1884 1883 1882
f 1887 1886 1885

usemtl Patch_207_Mat_CR1_paintedConcrete
f 1890 1889 1888
f 1893 1892 1891

usemtl Patch_208_Mat_CR1_paintedConcrete
f 1896 1895 1894
f 1899 1898 1897
f 1902 1901 1900

usemtl Patch_209_Mat_CR1_paintedConcrete
f 1905 1904 1903
f 1908 1907 1906

usemtl Patch_210_Mat_CR1_paintedConcrete
f 1911 1910 1909
f 1914 1913 1912
f 1917 1916 1915

usemtl Patch_211_Mat_CR1_paintedConcrete
f 1920 1919 1918
f 1923 1922 1921
f 1926 1925 1924
f 1929 1928 1927
f 1932 1931 1930
f 1935 1934 1933
f 1938 1937 1936

usemtl Patch_212_Mat_CR1_paintedConcrete
f 1941 1940 1939
f 1944 1943 1942
f 1947 1946 1945
f 1950 1949 1948

usemtl Patch_213_Mat_CR1_paintedConcrete
f 1953 1952 1951
f 1956 1955 1954
f 1959 1958 1957

usemtl Patch_214_Mat_CR1_paintedConcrete
f 1962 1961 1960
f 1965 1964 1963

usemtl Patch_215_Mat_CR1_paintedConcrete
f 1968 1967 1966

usemtl Patch_216_Mat_CR1_paintedConcrete
f 1971 1970 1969

usemtl Patch_217_Mat_CR1_paintedConcrete
f 1974 1973 1972
f 1977 1976 1975
f 1980 1979 1978

usemtl Patch_218_Mat_CR1_paintedConcrete
f 1983 1982 1981
f 1986 1985 1984

usemtl Patch_219_Mat_CR1_paintedConcrete
f 1989 1988 1987
f 1992 1991 1990
f 1995 1994 1993

usemtl Patch_220_Mat_CR1_paintedConcrete
f 1998 1997 1996
f 2001 2000 1999

usemtl Patch_221_Mat_CR1_paintedConcrete
f 2004 2003 2002
f 2007 2006 2005
f 2010 2009 2008
f 2013 2012 2011

usemtl Patch_222_Mat_CR1_paintedConcrete
f 2016 2015 2014
f 2019 2018 2017
f 2022 2021 2020

usemtl Patch_223_Mat_CR1_paintedConcrete
f 2025 2024 2023
f 2028 2027 2026
f 2031 2030 2029
f 2034 2033 2032

usemtl Patch_224_Mat_CR1_paintedConcrete
f 2037 2036 2035
f 2040 2039 2038
f 2043 2042 2041
f 2046 2045 2044
f 2049 2048 2047

usemtl Patch_225_Mat_CR1_paintedConcrete
f 2052 2051 2050
f 2055 2054 2053
f 2058 2057 2056

usemtl Patch_226_Mat_CR1_paintedConcrete
f 2061 2060 2059
f 2064 2063 2062
f 2067 2066 2065
f 2070 2069 2068

usemtl Patch_227_Mat_CR1_paintedConcrete
f 2073 2072 2071
f 2076 2075 2074
f 2079 2078 2077

usemtl Patch_228_Mat_CR1_paintedConcrete
f 2082 2081 2080
f 2085 2084 2083
f 2088 2087 2086
f 2091 2090 2089

usemtl Patch_229_Mat_CR1_paintedConcrete
f 2094 2093 2092
f 2097 2096 2095
f 2100 2099 2098

usemtl Patch_230_Mat_CR1_paintedConcrete
f 2103 2102 2101
f 2106 2105 2104
f 2109 2108 2107

usemtl Patch_231_Mat_CR1_paintedConcrete
f 2112 2111 2110
f 2115 2114 2113
f 2118 2117 2116

usemtl Patch_232_Mat_CR1_paintedConcrete
f 2121 2120 2119
f 2124 2123 2122
f 2127 2126 2125

usemtl Patch_233_Mat_CR1_paintedConcrete
f 2130 2129 2128
f 2133 2132 2131
f 2136 2135 2134
f 2139 2138 2137

usemtl Patch_234_Mat_CR1_paintedConcrete
f 2142 2141 2140
f 2145 2144 2143
f 2148 2147 2146
f 2151 2150 2149
f 2154 2153 2152

usemtl Patch_235_Mat_CR1_paintedConcrete
f 2157 2156 2155
f 2160 2159 2158
f 2163 2162 2161
f 2166 2165 2164

usemtl Patch_236_Mat_CR1_paintedConcrete
f 2169 2168 2167
f 2172 2171 2170
f 2175 2174 2173
f 2178 2177 2176

usemtl Patch_237_Mat_CR1_paintedConcrete
f 2181 2180 2179
f 2184 2183 2182
f 2187 2186 2185
f 2190 2189 2188

usemtl Patch_238_Mat_CR1_paintedConcrete
f 2193 2192 2191
f 2196 2195 2194
f 2199 2198 2197

usemtl Patch_239_Mat_CR1_paintedConcrete
f 2202 2201 2200
f 2205 2204 2203
f 2208 2207 2206

usemtl Patch_240_Mat_CR1_paintedConcrete
f 2211 2210 2209
f 2214 2213 2212

usemtl Patch_241_Mat_CR1_absorber
f 2217 2216 2215
f 2220 2219 2218

usemtl Patch_242_Mat_CR1_tablesEquipment
f 2223 2222 2221
f 2226 2225 2224
f 2229 2228 2227
f 2232 2231 2230

usemtl Patch_243_Mat_CR1_tablesEquipment
f 2235 2234 2233
f 2238 2237 2236

usemtl Patch_244_Mat_CR1_tablesEquipment
f 2241 2240 2239
f 2244 2243 2242

usemtl Patch_245_Mat_CR1_tablesEquipment
f 2247 2246 2245
f 2250 2249 2248

