mtllib mesh.mtl

v -1.30349243 4.08237756 0.15
v -1.30349243 4.24237787 0.15
v -2.8234923900000006 4.24237787 0.15
v -2.8234923900000006 4.24237787 0.15
v -2.82349239 4.08237756 0.15
v -1.30349243 4.08237756 0.15
v -1.30349243 4.24237787 0.59500002
v -1.30349243 4.08237756 0.59500002
v -2.8234923900000006 4.08237756 0.59500002
v -2.8234923900000006 4.08237756 0.59500002
v -2.82349239 4.24237787 0.59500002
v -1.30349243 4.24237787 0.59500002
v -1.30349243 4.24237787 0.5950000200000001
v -1.30349243 4.24237787 0.15
v -1.30349243 4.082377559999999 0.15
v -1.30349243 4.082377559999999 0.15
v -1.30349243 4.08237756 0.59500002
v -1.30349243 4.24237787 0.5950000200000001
v -1.30349243 4.24237787 0.1500000000000001
v -2.82349239 4.24237787 0.59500002
v -2.82349239 4.24237787 0.1499999999999999
v -2.82349239 4.24237787 0.59500002
v -1.30349243 4.24237787 0.1500000000000001
v -1.30349243 4.24237787 0.5950000200000001
v -2.82349239 4.24237787 0.14999999999999997
v -2.82349239 4.24237787 0.59500002
v -2.82349239 4.082377559999999 0.59500002
v -2.82349239 4.082377559999999 0.59500002
v -2.82349239 4.08237756 0.14999999999999997
v -2.82349239 4.24237787 0.14999999999999997
v -2.82349239 4.08237756 0.1500000000000001
v -1.30349243 4.08237756 0.59500002
v -1.30349243 4.08237756 0.1499999999999999
v -1.30349243 4.08237756 0.59500002
v -2.82349239 4.08237756 0.1500000000000001
v -2.82349239 4.08237756 0.5950000200000001
v 0.7565076 4.08237756 0.15
v 0.7565076 4.24237787 0.15
v -0.7634924 4.24237787 0.15
v -0.7634924 4.24237787 0.15
v -0.7634924000000001 4.08237756 0.15
v 0.7565076 4.08237756 0.15
v 0.7565076 4.24237787 0.59500002
v 0.7565076 4.08237756 0.59500002
v -0.7634924 4.08237756 0.59500002
v -0.7634924 4.08237756 0.59500002
v -0.7634924000000001 4.24237787 0.59500002
v 0.7565076 4.24237787 0.59500002
v -0.7634924000000001 4.08237756 0.15000000000000002
v 0.7565076 4.08237756 0.59500002
v 0.7565076 4.08237756 0.14999999999999997
v 0.7565076 4.08237756 0.59500002
v -0.7634924000000001 4.08237756 0.15000000000000002
v -0.7634924000000001 4.08237756 0.5950000200000001
v 0.7565076 4.24237787 0.5950000200000001
v 0.7565076 4.24237787 0.15
v 0.7565076 4.082377559999999 0.15
v 0.7565076 4.082377559999999 0.15
v 0.7565076 4.08237756 0.59500002
v 0.7565076 4.24237787 0.5950000200000001
v -0.7634924 4.24237787 0.14999999999999997
v -0.7634924 4.24237787 0.59500002
v -0.7634924 4.082377559999999 0.59500002
v -0.7634924 4.082377559999999 0.59500002
v -0.7634924 4.08237756 0.14999999999999997
v -0.7634924 4.24237787 0.14999999999999997
v 0.7565076000000001 4.24237787 0.15000000000000002
v -0.7634924 4.24237787 0.59500002
v -0.7634924 4.24237787 0.14999999999999997
v -0.7634924 4.24237787 0.59500002
v 0.7565076000000001 4.24237787 0.15000000000000002
v 0.7565076000000001 4.24237787 0.5950000200000001
v 2.80350756 4.18937762 2.56800004
v 2.80350756 4.33737789 2.56800004
v 1.2605076500000003 4.33737789 2.56800004
v 1.2605076500000003 4.33737789 2.56800004
v 1.2605076500000003 4.18937762 2.56800004
v 2.80350756 4.18937762 2.56800004
v 2.80350756 4.33737789 1.5075900621334437
v 2.80350756 4.33737789 0.45
v 1.2605076499999999 4.33737789 0.44999999999999984
v 1.2605076499999999 4.33737789 0.44999999999999984
v 1.26050765 4.33737789 1.5147711112541276
v 2.80350756 4.33737789 1.5075900621334437
v 1.26050765 4.33737789 1.5147711112541276
v 1.2605076500000005 4.33737789 2.5680000399999994
v 2.8035075600000003 4.33737789 2.5680000399999994
v 2.8035075600000003 4.33737789 2.5680000399999994
v 2.80350756 4.33737789 1.5075900621334437
v 1.26050765 4.33737789 1.5147711112541276
v 2.86850766 3.81537758 1.12599997
v 2.8685076600000006 3.44638072 0.916
v 2.86850766 3.81537758 0.61000002
v 2.8685076600000006 3.44638072 0.916
v 2.86850766 3.81537758 1.12599997
v 2.8685076600000006 3.44638072 1.12599997
v 3.1492749060143144 2.752063779139633 1.5239698844331078
v 3.15350751 3.81137782 1.3446201515240883
v 3.15350751 3.81137782 2.98799998
v 3.15350751 3.81137782 2.98799998
v 3.1493853835250145 2.779713514073377 2.98799998
v 3.1492749060143144 2.752063779139633 1.5239698844331078
v 3.1449838253213778 1.678114493105419 1.586892677827016
v 3.1478764104118833 2.4020555967661346 1.3369464771402955
v 3.1492749060143144 2.752063779139633 1.5239698844331078
v 3.1449838253213778 1.678114493105419 1.586892677827016
v 3.1493853835250145 2.779713514073377 2.98799998
v 3.14492138246164 1.662486619981646 2.98799998
v 3.1493853835250145 2.779713514073377 2.98799998
v 3.1449838253213778 1.678114493105419 1.586892677827016
v 3.1492749060143144 2.752063779139633 1.5239698844331078
v 3.152049124556049 3.4463807205811374 0.9160000000000004
v 3.1478764104118833 2.4020555967661346 1.3369464771402955
v 3.1476986168118755 2.3575583422388924 2.220446049250313e-16
v 3.152049124556049 3.4463807205811374 0.9160000000000004
v 3.15350751 3.81137782 0.0
v 3.1535075100000003 3.81137782 0.6100000199999998
v 3.152049124556049 3.446380720581137 1.1259999700000003
v 3.15350751 3.8113778200000006 1.12599997
v 3.15350751 3.81137782 1.3446201515240883
v 3.15350751 3.81137782 0.0
v 3.152049124556049 3.4463807205811374 0.9160000000000004
v 3.1476986168118755 2.3575583422388924 2.220446049250313e-16
v 3.152049124556049 3.446380720581137 1.1259999700000003
v 3.15350751 3.81137782 1.3446201515240883
v 3.1492749060143144 2.752063779139633 1.5239698844331078
v 3.1478764104118833 2.4020555967661346 1.3369464771402955
v 3.152049124556049 3.4463807205811374 0.9160000000000004
v 3.1492749060143144 2.752063779139633 1.5239698844331078
v 3.152049124556049 3.4463807205811374 0.9160000000000004
v 3.152049124556049 3.446380720581137 1.1259999700000003
v 3.1492749060143144 2.752063779139633 1.5239698844331078
v 3.14251501118905 1.0602325737256915 4.440892098500626e-16
v 3.1449838253213778 1.678114493105419 1.586892677827016
v 3.1424172005262916 1.0357530314023198 1.3226156022358206
v 3.1449838253213778 1.678114493105419 1.586892677827016
v 3.14251501118905 1.0602325737256915 4.440892098500626e-16
v 3.1476986168118755 2.3575583422388924 2.220446049250313e-16
v 3.1449838253213778 1.678114493105419 1.586892677827016
v 3.1476986168118755 2.3575583422388924 2.220446049250313e-16
v 3.1478764104118833 2.4020555967661346 1.3369464771402955
v 3.135873327924258 -0.6020132591316736 1.5332866850552151
v 3.136076319224917 -0.5512096555610867 2.9879999800000006
v 3.13150769 -1.6946223399999996 2.9879999800000006
v 3.13150769 -1.6946223399999996 2.9879999800000006
v 3.13150769 -1.6946223399999987 1.433307672198377
v 3.135873327924258 -0.6020132591316736 1.5332866850552151
v 3.1404962302537403 0.5549826147342533 1.559467079223881
v 3.1424172005262916 1.0357530314023198 1.3226156022358206
v 3.1449838253213778 1.678114493105419 1.586892677827016
v 3.1449838253213778 1.678114493105419 1.586892677827016
v 3.14492138246164 1.662486619981646 2.98799998
v 3.140441978303124 0.541404719607234 2.9879999800000006
v 3.140441978303124 0.541404719607234 2.9879999800000006
v 3.1404962302537403 0.5549826147342533 1.559467079223881
v 3.1449838253213778 1.678114493105419 1.586892677827016
v 3.1369842872205855 -0.3239681631567161 2.220446049250313e-16
v 3.1404962302537403 0.5549826147342533 1.559467079223881
v 3.1370593740369515 -0.30517582654096276 1.333055671535714
v 3.1404962302537403 0.5549826147342533 1.559467079223881
v 3.1369842872205855 -0.3239681631567161 2.220446049250313e-16
v 3.14251501118905 1.0602325737256915 4.440892098500626e-16
v 3.1404962302537403 0.5549826147342533 1.559467079223881
v 3.14251501118905 1.0602325737256915 4.440892098500626e-16
v 3.1424172005262916 1.0357530314023198 1.3226156022358206
v 3.135873327924258 -0.6020132591316736 1.5332866850552151
v 3.1370593740369515 -0.30517582654096276 1.333055671535714
v 3.1404962302537403 0.5549826147342533 1.559467079223881
v 3.1404962302537403 0.5549826147342533 1.559467079223881
v 3.140441978303124 0.541404719607234 2.9879999800000006
v 3.136076319224917 -0.5512096555610867 2.9879999800000006
v 3.136076319224917 -0.5512096555610867 2.9879999800000006
v 3.135873327924258 -0.6020132591316736 1.5332866850552151
v 3.1404962302537403 0.5549826147342533 1.559467079223881
v 3.13150769 -1.6946223399999991 5.253796897403462e-16
v 3.135873327924258 -0.6020132591316736 1.5332866850552151
v 3.13150769 -1.6946223399999987 1.433307672198377
v 3.135873327924258 -0.6020132591316736 1.5332866850552151
v 3.13150769 -1.6946223399999991 5.253796897403462e-16
v 3.1369842872205855 -0.3239681631567161 2.220446049250313e-16
v 3.135873327924258 -0.6020132591316736 1.5332866850552151
v 3.1369842872205855 -0.3239681631567161 2.220446049250313e-16
v 3.1370593740369515 -0.30517582654096276 1.333055671535714
v 3.15350751 3.81137782 1.12599997
v 3.15204927 3.44638072 1.12599997
v 2.8685076599999997 3.44638072 1.12599997
v 2.8685076599999997 3.44638072 1.12599997
v 2.86850766 3.81537758 1.12599997
v 3.15350751 3.81137782 1.12599997
v 2.86850766 3.81537758 1.0635161338177134e-16
v 3.15350751 3.81137782 0.61000002
v 3.15350751 3.81137782 5.551115123125783e-17
v 3.15350751 3.81137782 0.61000002
v 2.86850766 3.81537758 1.0635161338177134e-16
v 2.86850766 3.81537758 0.61000002
v 3.15350751 3.81137782 0.61000002
v 2.86850766 3.8153775800000003 0.6100000200000001
v 2.86850766 3.44638072 0.9159999999999999
v 2.86850766 3.44638072 0.916
v 3.15204927 3.44638072 1.12599997
v 3.15204927 3.44638072 0.916
v 3.15204927 3.44638072 1.12599997
v 2.86850766 3.44638072 0.916
v 2.8685076599999997 3.44638072 1.12599997
v 2.6486548 2.20337772 2.98799998
v 2.6486548 2.20337772 2.88800008
v 2.6486548 2.00337772 2.88800008
v 2.6486548 2.00337772 2.88800008
v 2.6486548 2.00337772 2.98799998
v 2.6486548 2.20337772 2.98799998
v 3.15350751 3.81137782 0.6100000200000001
v 2.86850766 3.44638072 0.916
v 3.15204927 3.44638072 0.916
v -2.58434536 2.20337772 2.98799998
v -2.58434536 2.20337772 2.88800008
v -1.2843452499999999 2.20337772 2.88800008
v 2.6486548 2.20337772 2.98799998
v 0.015654710000000245 2.20337772 2.88800008
v 1.31565467 2.20337772 2.88800008
v 1.31565467 2.20337772 2.88800008
v 2.6486548000000005 2.20337772 2.88800008
v 2.6486548 2.20337772 2.98799998
v 0.015654710000000245 2.20337772 2.88800008
v -2.58434536 2.20337772 2.98799998
v -1.2843452499999999 2.20337772 2.88800008
v -2.58434536 2.20337772 2.98799998
v 0.015654710000000245 2.20337772 2.88800008
v 2.6486548 2.20337772 2.98799998
v -2.58434536 2.20337772 2.88800008
v -2.58434536 2.20337772 2.98799998
v -2.58434536 2.00337772 2.98799998
v -2.58434536 2.00337772 2.98799998
v -2.58434536 2.00337772 2.88800008
v -2.58434536 2.20337772 2.88800008
v 2.86850766 4.18937762 2.98799998
v 2.86850766 3.81537758 2.98799998
v 2.86850766 3.8153775799999994 1.1259999699999999
v 2.86850766 4.18937762 -7.979727989493313e-16
v 2.86850766 3.81537758 0.6100000199999991
v 2.86850766 3.81537758 -4.387535794011005e-16
v 2.86850766 3.8153775799999994 1.1259999699999999
v 2.86850766 4.18937762 -7.979727989493313e-16
v 2.86850766 4.18937762 2.98799998
v 2.86850766 4.18937762 -7.979727989493313e-16
v 2.86850766 3.8153775799999994 1.1259999699999999
v 2.86850766 3.81537758 0.6100000199999991
v 2.6486548 2.00337772 2.98799998
v 2.6486548 2.00337772 2.88800008
v 1.3156546699999998 2.00337772 2.88800008
v -1.2843452500000005 2.00337772 2.88800008
v -2.5843453600000004 2.00337772 2.88800008
v -2.58434536 2.00337772 2.98799998
v 0.01565471000000011 2.00337772 2.88800008
v 2.6486548 2.00337772 2.98799998
v 1.3156546699999998 2.00337772 2.88800008
v 0.01565471000000011 2.00337772 2.88800008
v -1.2843452500000005 2.00337772 2.88800008
v -2.58434536 2.00337772 2.98799998
v 2.6486548 2.00337772 2.98799998
v 0.01565471000000011 2.00337772 2.88800008
v -2.58434536 2.00337772 2.98799998
v 3.0235077 -3.91962238 0.78000002
v 3.0235077 -3.69462216 0.658
v 3.0235077 -3.91962238 0.658
v 3.0235077 -3.69462216 0.658
v 3.0235077 -3.91962238 0.78000002
v 3.0235077 -3.69462216 0.78000002
v 2.86850766 3.81537758 1.12599997
v 3.15350751 3.81137782 2.98799998
v 3.1535075100000003 3.81137782 1.12599997
v 3.15350751 3.81137782 2.98799998
v 2.86850766 3.81537758 1.12599997
v 2.8685076599999997 3.81537758 2.98799998
v -3.03649237 3.78537786 1.2659724925899731
v -2.88449234 3.78537786 0.0
v -3.03649237 3.78537786 -3.469446951953614e-18
v -2.88449234 3.78537786 0.0
v -3.03649237 3.78537786 1.2659724925899731
v -2.88449234 3.78537786 1.2682985758113277
v -2.88449234 3.78537786 1.2682985758113277
v -3.03649237 3.78537786 2.4999999199999996
v -2.88449234 3.78537786 2.4999999199999996
v -3.03649237 3.78537786 2.4999999199999996
v -2.88449234 3.78537786 1.2682985758113277
v -3.03649237 3.78537786 1.2659724925899731
v -3.0364923700000004 2.807847231633819 2.49999992
v -2.88449234 3.78537786 2.49999992
v -3.03649237 3.78537786 2.49999992
v -2.88449234 3.78537786 2.49999992
v -3.0364923700000004 2.807847231633819 2.49999992
v -2.88449234 2.805848451687288 2.49999992
v -2.88449234 1.689883712348272 2.49999992
v -3.03649237 0.514959141129242 2.49999992
v -2.88449234 0.5120970667176317 2.49999992
v -3.03649237 0.514959141129242 2.49999992
v -2.88449234 1.689883712348272 2.49999992
v -3.03649237 1.687567005397534 2.49999992
v -3.0364923700000004 2.807847231633819 2.49999992
v -3.03649237 1.687567005397534 2.49999992
v -2.88449234 1.689883712348272 2.49999992
v -2.88449234 1.689883712348272 2.49999992
v -2.88449234 2.805848451687288 2.49999992
v -3.0364923700000004 2.807847231633819 2.49999992
v -2.88449234 0.5120970667176317 2.49999992
v -3.03649237 -0.6192707253012771 2.49999992
v -2.88449234 -0.6170191219851525 2.49999992
v -3.03649237 -0.6192707253012771 2.49999992
v -2.88449234 0.5120970667176317 2.49999992
v -3.03649237 0.514959141129242 2.49999992
v -2.88449234 -0.6170191219851525 2.49999992
v -3.03649237 -1.7423007826406334 2.49999992
v -2.88449234 -1.7446516589547925 2.49999992
v -3.03649237 -1.7423007826406334 2.49999992
v -2.88449234 -0.6170191219851525 2.49999992
v -3.03649237 -0.6192707253012771 2.49999992
v -2.88449234 -1.7446516589547925 2.49999992
v -3.03649237 -2.8906222000000006 2.49999992
v -2.88449234 -2.890622200000001 2.49999992
v -3.03649237 -2.8906222000000006 2.49999992
v -2.88449234 -1.7446516589547925 2.49999992
v -3.03649237 -1.7423007826406334 2.49999992
v -3.03649237 2.4904013820344675 1.1780575931151518
v -3.03649237 3.7853778599999997 1.422794224510224
v -3.03649237 3.78537786 0.0
v -3.03649237 3.78537786 0.0
v -3.03649237 2.47378467012655 5.551115123125783e-17
v -3.03649237 2.4904013820344675 1.1780575931151518
v -3.03649237 1.1123664904209534 1.091398401708678
v -3.03649237 2.060754883069757 1.5590951349796542
v -3.03649237 2.4904013820344675 1.1780575931151518
v -3.03649237 1.1123664904209534 1.091398401708678
v -3.03649237 2.47378467012655 5.551115123125783e-17
v -3.03649237 1.1107110814378622 0.0
v -3.03649237 2.47378467012655 5.551115123125783e-17
v -3.03649237 1.1123664904209534 1.091398401708678
v -3.03649237 2.4904013820344675 1.1780575931151518
v -3.03649237 2.4904013820344675 1.1780575931151518
v -3.03649237 2.060754883069757 1.5590951349796542
v -3.03649237 2.059138692939436 2.4999999199999996
v -3.03649237 2.4904013820344675 1.1780575931151518
v -3.03649237 3.7853778600000005 2.49999992
v -3.03649237 3.7853778599999997 1.422794224510224
v -3.03649237 3.7853778600000005 2.49999992
v -3.03649237 2.4904013820344675 1.1780575931151518
v -3.03649237 2.059138692939436 2.4999999199999996
v -3.03649237 0.36849930039054 2.4999999199999996
v -3.03649237 1.1123664904209534 1.091398401708678
v -3.03649237 0.3750238274422487 1.5700905105916745
v -3.03649237 1.1123664904209534 1.091398401708678
v -3.03649237 0.36849930039054 2.4999999199999996
v -3.03649237 2.059138692939436 2.4999999199999996
v -3.03649237 1.1123664904209534 1.091398401708678
v -3.03649237 2.059138692939436 2.4999999199999996
v -3.03649237 2.060754883069757 1.5590951349796542
v -3.03649237 -0.2937794079047207 1.093549522527497
v -3.03649237 0.3750238274422487 1.5700905105916745
v -3.03649237 1.1123664904209534 1.091398401708678
v -3.03649237 1.1123664904209534 1.091398401708678
v -3.03649237 1.1107110814378622 0.0
v -3.03649237 -0.2745509090116056 0.0
v -3.03649237 -0.2745509090116056 0.0
v -3.03649237 -0.2937794079047207 1.093549522527497
v -3.03649237 1.1123664904209534 1.091398401708678
v -3.03649237 -1.6288907134995376 1.1863237772452393
v -3.03649237 -1.272898257325992 1.5010355900528565
v -3.03649237 -0.2937794079047207 1.093549522527497
v -3.03649237 -0.2937794079047207 1.093549522527497
v -3.03649237 -0.2745509090116056 0.0
v -3.03649237 -1.6217132175679807 2.220446049250313e-16
v -3.03649237 -1.6217132175679807 2.220446049250313e-16
v -3.03649237 -1.6288907134995376 1.1863237772452393
v -3.03649237 -0.2937794079047207 1.093549522527497
v -3.03649237 -1.2712385929851067 2.49999992
v -3.03649237 -0.2937794079047207 1.093549522527497
v -3.03649237 -1.272898257325992 1.5010355900528565
v -3.03649237 0.3750238274422487 1.5700905105916745
v -3.03649237 -1.2712385929851067 2.49999992
v -3.03649237 0.36849930039054 2.4999999199999996
v -3.03649237 -1.2712385929851067 2.49999992
v -3.03649237 0.3750238274422487 1.5700905105916745
v -3.03649237 -0.2937794079047207 1.093549522527497
v -3.03649237 -2.8906221999999997 2.4999999199999996
v -3.03649237 -1.6288907134995376 1.1863237772452393
v -3.03649237 -2.8906221999999993 1.3760752104476586
v -3.03649237 -1.6288907134995376 1.1863237772452393
v -3.03649237 -2.8906221999999997 2.4999999199999996
v -3.03649237 -1.2712385929851067 2.49999992
v -3.03649237 -1.6288907134995376 1.1863237772452393
v -3.03649237 -1.2712385929851067 2.49999992
v -3.03649237 -1.272898257325992 1.5010355900528565
v -3.03649237 -1.6288907134995376 1.1863237772452393
v -3.03649237 -1.6217132175679807 2.220446049250313e-16
v -3.03649237 -2.8906221999999997 0.0
v -3.03649237 -2.8906221999999997 0.0
v -3.03649237 -2.8906221999999993 1.3760752104476586
v -3.03649237 -1.6288907134995376 1.1863237772452393
v 1.462520721670148 -3.0389169522756077 0.0
v 2.502964200297944 -2.730846002214866 0.0
v 2.4885076 -3.69462216 0.0
v 2.56350767 -3.69462216 0.0
v 3.09350769 -3.69462216 0.0
v 3.09350769 -4.25462209 0.0
v 2.4885076 -3.69462216 0.0
v 1.465117382890859 -4.25462209 0.0
v 1.462520721670148 -3.0389169522756077 0.0
v 2.4885076 -3.69462216 0.0
v 2.56350767 -3.69462216 0.0
v 3.09350769 -4.25462209 0.0
v 1.465117382890859 -4.25462209 0.0
v 2.4885076 -3.69462216 0.0
v 3.09350769 -4.25462209 0.0
v 2.51850751 -1.69462234 0.0
v 1.9846522185743916 -0.1761944919135015 0.0
v 3.137783878519327 -0.12385062497677901 0.0
v 3.137783878519327 -0.12385062497677901 0.0
v 3.13150769 -1.69462234 0.0
v 2.51850751 -1.69462234 0.0
v 2.51850751 -1.69462234 0.0
v 2.516937295337161 -1.7993036221451675 0.0
v 1.6591546817624563 -1.2555162240953346 0.0
v 1.9846522185743916 -0.1761944919135015 0.0
v 2.51850751 -1.69462234 0.0
v 1.6591546817624563 -1.2555162240953346 0.0
v -1.6164924200000006 -4.25462209 0.0
v -0.02229218701930713 -3.3503519601034597 0.0
v -0.009525875228864944 -4.25462209 0.0
v -0.44368994884279744 -2.932192418814452 0.0
v -1.6164924200000006 -4.25462209 0.0
v -1.6164924200000006 -3.208410465301318 0.0
v -1.6164924200000006 -4.25462209 0.0
v -0.44368994884279744 -2.932192418814452 0.0
v -0.02229218701930713 -3.3503519601034597 0.0
v 1.465117382890859 -4.25462209 0.0
v 1.1321546072453892 -2.832200949527834 0.0
v 1.462520721670148 -3.0389169522756077 0.0
v -0.02229218701930713 -3.3503519601034597 0.0
v 1.465117382890859 -4.25462209 0.0
v -0.009525875228864944 -4.25462209 0.0
v 1.1321546072453892 -2.832200949527834 0.0
v 1.465117382890859 -4.25462209 0.0
v -0.02229218701930713 -3.3503519601034597 0.0
v 1.1321546072453892 -2.832200949527834 0.0
v -0.44368994884279744 -2.932192418814452 0.0
v -0.36742842537454234 -2.0183551843778798 0.0
v -0.36742842537454234 -2.0183551843778798 0.0
v 0.8601870117308098 -1.8587811340834743 0.0
v 1.1321546072453892 -2.832200949527834 0.0
v -0.44368994884279744 -2.932192418814452 0.0
v 1.1321546072453892 -2.832200949527834 0.0
v -0.02229218701930713 -3.3503519601034597 0.0
v -1.6164924200000006 -2.8906222 0.0
v -1.8154924799999996 -2.8906221999999997 0.0
v -1.8154924799999996 -2.87062226 0.0
v -1.8154924799999996 -2.87062226 0.0
v -1.9450627274496433 -2.8706222599999993 0.0
v -1.6511677350586624 -1.8485591668597827 0.0
v -1.6164924200000006 -2.8906222 0.0
v -0.6560868021282138 -1.69668261687139 0.0
v -0.36742842537454234 -2.0183551843778798 0.0
v -1.6164924200000006 -2.8906222 0.0
v -0.44368994884279744 -2.932192418814452 0.0
v -1.6164924200000006 -3.208410465301318 0.0
v -1.6164924200000006 -2.8906222 0.0
v -1.8154924799999996 -2.87062226 0.0
v -1.6511677350586624 -1.8485591668597827 0.0
v -0.44368994884279744 -2.932192418814452 0.0
v -1.6164924200000006 -2.8906222 0.0
v -0.36742842537454234 -2.0183551843778798 0.0
v -0.6560868021282138 -1.69668261687139 0.0
v -1.6164924200000006 -2.8906222 0.0
v -1.6511677350586624 -1.8485591668597827 0.0
v 0.8601870117308098 -1.8587811340834743 0.0
v 1.6591546817624563 -1.2555162240953346 0.0
v 2.516937295337161 -1.7993036221451675 0.0
v 2.516937295337161 -1.7993036221451675 0.0
v 2.502964200297944 -2.730846002214866 0.0
v 1.462520721670148 -3.0389169522756077 0.0
v 2.516937295337161 -1.7993036221451675 0.0
v 1.1321546072453892 -2.832200949527834 0.0
v 0.8601870117308098 -1.8587811340834743 0.0
v 1.6591546817624563 -1.2555162240953346 0.0
v 0.8601870117308098 -1.8587811340834743 0.0
v 1.0717334343909533 -1.4551448472000061 0.0
v 1.1321546072453892 -2.832200949527834 0.0
v 2.516937295337161 -1.7993036221451675 0.0
v 1.462520721670148 -3.0389169522756077 0.0
v -0.5296679967679618 -0.8300680559568528 0.0
v -0.36742842537454234 -2.0183551843778798 0.0
v -0.6560868021282138 -1.69668261687139 0.0
v 0.8601870117308098 -1.8587811340834743 0.0
v -0.5296679967679618 -0.8300680559568528 0.0
v 0.2512725257766544 -0.4393404759202697 0.0
v 0.2512725257766544 -0.4393404759202697 0.0
v 1.0717334343909533 -1.4551448472000061 0.0
v 0.8601870117308098 -1.8587811340834743 0.0
v -0.5296679967679618 -0.8300680559568528 0.0
v 0.8601870117308098 -1.8587811340834743 0.0
v -0.36742842537454234 -2.0183551843778798 0.0
v 2.80350756 4.18937762 0.0
v 1.7837442229584504 4.307377780000002 0.0
v 2.80350756 4.307377780000001 0.0
v 2.80350756 4.18937762 0.0
v 2.86850766 4.18937762 0.0
v 2.8685076599999997 3.81537758 0.0
v 2.8685076599999997 3.81537758 0.0
v 3.15350751 3.8113778200000006 0.0
v 3.1491211623374347 2.713585613886475 0.0
v 2.8685076599999997 3.81537758 0.0
v 1.7837442229584504 4.307377780000002 0.0
v 2.80350756 4.18937762 0.0
v 2.8685076599999997 3.81537758 0.0
v 3.1491211623374347 2.713585613886475 0.0
v 1.706107709970113 2.8363228469985446 0.0
v 1.7837442229584504 4.307377780000002 0.0
v 2.8685076599999997 3.81537758 0.0
v 1.706107709970113 2.8363228469985446 0.0
v -2.875492310000001 -2.87062226 0.0
v -1.6511677350586624 -1.8485591668597827 0.0
v -1.9450627274496433 -2.8706222599999993 0.0
v -2.875492310000001 -2.87062226 0.0
v -2.8754923100000007 -2.8906222 0.0
v -3.036492369999999 -2.8906222 0.0
v -2.875492310000001 -2.87062226 0.0
v -3.0364923699999995 -1.2159842103430925 0.0
v -2.157267853147556 -1.2418444563431175 0.0
v -1.6511677350586624 -1.8485591668597827 0.0
v -2.875492310000001 -2.87062226 0.0
v -2.157267853147556 -1.2418444563431175 0.0
v -3.0364923699999995 -1.2159842103430925 0.0
v -2.875492310000001 -2.87062226 0.0
v -3.036492369999999 -2.8906222 0.0
v -0.5296679967679618 -0.8300680559568528 0.0
v -2.157267853147556 -1.2418444563431175 0.0
v -1.4610042159520078 -0.18969364748207462 0.0
v -1.6511677350586624 -1.8485591668597827 0.0
v -0.5296679967679618 -0.8300680559568528 0.0
v -0.6560868021282138 -1.69668261687139 0.0
v -2.157267853147556 -1.2418444563431175 0.0
v -0.5296679967679618 -0.8300680559568528 0.0
v -1.6511677350586624 -1.8485591668597827 0.0
v 1.5783703505589222 0.2899835368531537 0.0
v 0.2512725257766544 -0.4393404759202697 0.0
v 0.41609025163250646 0.10755841915501094 0.0
v 0.2512725257766544 -0.4393404759202697 0.0
v 1.5783703505589222 0.2899835368531537 0.0
v 1.9846522185743916 -0.1761944919135015 0.0
v 0.2512725257766544 -0.4393404759202697 0.0
v 1.6591546817624563 -1.2555162240953346 0.0
v 1.0717334343909533 -1.4551448472000061 0.0
v 1.6591546817624563 -1.2555162240953346 0.0
v 0.2512725257766544 -0.4393404759202697 0.0
v 1.9846522185743916 -0.1761944919135015 0.0
v -1.2969959732623477 0.5700920742100917 0.0
v -1.4610042159520078 -0.18969364748207462 0.0
v -1.5362102242171034 0.14919888217610056 0.0
v -0.5296679967679618 -0.8300680559568528 0.0
v 0.05687754089335895 0.6774184671434758 0.0
v 0.2512725257766544 -0.4393404759202697 0.0
v 0.05687754089335895 0.6774184671434758 0.0
v 0.41609025163250646 0.10755841915501094 0.0
v 0.2512725257766544 -0.4393404759202697 0.0
v -1.2969959732623477 0.5700920742100917 0.0
v -0.5296679967679618 -0.8300680559568528 0.0
v -1.4610042159520078 -0.18969364748207462 0.0
v -0.5296679967679618 -0.8300680559568528 0.0
v -1.2969959732623477 0.5700920742100917 0.0
v 0.05687754089335895 0.6774184671434758 0.0
v -3.0364923699999995 0.37466872603036405 0.0
v -1.4610042159520078 -0.18969364748207462 0.0
v -2.157267853147556 -1.2418444563431175 0.0
v -2.157267853147556 -1.2418444563431175 0.0
v -3.0364923699999995 -1.2159842103430925 0.0
v -3.0364923699999995 0.37466872603036405 0.0
v -1.4610042159520078 -0.18969364748207462 0.0
v -3.0364923699999995 0.37466872603036405 0.0
v -1.5362102242171034 0.14919888217610056 0.0
v 1.9846522185743916 -0.1761944919135015 0.0
v 1.5783703505589222 0.2899835368531537 0.0
v 1.7848626543898027 1.2849634843837099 0.0
v 1.7848626543898027 1.2849634843837099 0.0
v 3.1439150069713038 1.4106162132777362 0.0
v 3.137783878519327 -0.12385062497677901 0.0
v 3.137783878519327 -0.12385062497677901 0.0
v 1.9846522185743916 -0.1761944919135015 0.0
v 1.7848626543898027 1.2849634843837099 0.0
v -1.2969959732623477 0.5700920742100917 0.0
v -1.5146783594837598 1.6130729879112897 0.0
v -0.2882248620137774 2.0727340183378304 0.0
v -0.2882248620137774 2.0727340183378304 0.0
v 0.22622072050734304 1.4635975445786686 0.0
v 0.05687754089335895 0.6774184671434758 0.0
v 0.05687754089335895 0.6774184671434758 0.0
v -1.2969959732623477 0.5700920742100917 0.0
v -0.2882248620137774 2.0727340183378304 0.0
v 1.5783703505589222 0.2899835368531537 0.0
v 0.22622072050734304 1.4635975445786686 0.0
v 1.7848626543898027 1.2849634843837099 0.0
v 0.22622072050734304 1.4635975445786686 0.0
v 1.3848529377521541 1.7604829065069523 0.0
v 1.7848626543898027 1.2849634843837099 0.0
v 0.05687754089335895 0.6774184671434758 0.0
v 1.5783703505589222 0.2899835368531537 0.0
v 0.41609025163250646 0.10755841915501094 0.0
v 0.22622072050734304 1.4635975445786686 0.0
v 1.5783703505589222 0.2899835368531537 0.0
v 0.05687754089335895 0.6774184671434758 0.0
v -1.8234358417384575 2.873607975648501 0.0
v -1.6859243322461201 1.7352138324067643 0.0
v -3.0364923699999995 1.475467617891909 0.0
v -3.0364923699999995 1.475467617891909 0.0
v -3.0364923699999995 3.1523880238254827 0.0
v -1.8234358417384575 2.873607975648501 0.0
v -1.2969959732623477 0.5700920742100917 0.0
v -1.5362102242171034 0.14919888217610056 0.0
v -3.0364923699999995 0.37466872603036405 0.0
v -3.0364923699999995 0.37466872603036405 0.0
v -3.0364923699999995 1.475467617891909 0.0
v -1.6859243322461201 1.7352138324067643 0.0
v -1.6859243322461201 1.7352138324067643 0.0
v -1.5146783594837598 1.6130729879112897 0.0
v -1.2969959732623477 0.5700920742100917 0.0
v -1.2969959732623477 0.5700920742100917 0.0
v -3.0364923699999995 0.37466872603036405 0.0
v -1.6859243322461201 1.7352138324067643 0.0
v 1.3848529377521541 1.7604829065069523 0.0
v 1.4938466442592668 2.6626837790890634 0.0
v 1.706107709970113 2.8363228469985446 0.0
v 1.7848626543898027 1.2849634843837099 0.0
v 3.1491211623374347 2.713585613886475 0.0
v 3.1439150069713038 1.4106162132777362 0.0
v 1.706107709970113 2.8363228469985446 0.0
v 1.7848626543898027 1.2849634843837099 0.0
v 1.3848529377521541 1.7604829065069523 0.0
v 3.1491211623374347 2.713585613886475 0.0
v 1.7848626543898027 1.2849634843837099 0.0
v 1.706107709970113 2.8363228469985446 0.0
v -0.2882248620137774 2.0727340183378304 0.0
v -0.21519904813030682 2.730869320370469 0.0
v 0.3087575082675229 3.1184623454970843 0.0
v 0.3087575082675229 3.1184623454970843 0.0
v 1.4938466442592668 2.6626837790890634 0.0
v 1.3848529377521541 1.7604829065069523 0.0
v 0.3087575082675229 3.1184623454970843 0.0
v 0.22622072050734304 1.4635975445786686 0.0
v -0.2882248620137774 2.0727340183378304 0.0
v 0.22622072050734304 1.4635975445786686 0.0
v 0.3087575082675229 3.1184623454970843 0.0
v 1.3848529377521541 1.7604829065069523 0.0
v -0.2882248620137774 2.0727340183378304 0.0
v -1.6859243322461201 1.7352138324067643 0.0
v -1.8234358417384575 2.873607975648501 0.0
v -1.8234358417384575 2.873607975648501 0.0
v -1.2793128540979324 3.3458585192073436 0.0
v -0.21519904813030682 2.730869320370469 0.0
v -1.6859243322461201 1.7352138324067643 0.0
v -0.2882248620137774 2.0727340183378304 0.0
v -1.5146783594837598 1.6130729879112897 0.0
v -0.2882248620137774 2.0727340183378304 0.0
v -1.8234358417384575 2.873607975648501 0.0
v -0.21519904813030682 2.730869320370469 0.0
v 1.706107709970113 2.8363228469985446 0.0
v 1.4938466442592668 2.6626837790890634 0.0
v 0.3087575082675229 3.1184623454970843 0.0
v 0.7575075899999997 4.189377620000001 0.0
v 0.3543466395694188 4.307377780000002 0.0
v 0.7575075899999999 4.307377780000001 0.0
v 1.26050765 4.18937762 0.0
v 1.2605076499999996 4.307377780000001 0.0
v 1.7837442229584504 4.307377780000002 0.0
v 1.26050765 4.18937762 0.0
v 1.706107709970113 2.8363228469985446 0.0
v 0.3087575082675229 3.1184623454970843 0.0
v 0.3543466395694188 4.307377780000002 0.0
v 0.7575075899999997 4.189377620000001 0.0
v 0.3087575082675229 3.1184623454970843 0.0
v 1.706107709970113 2.8363228469985446 0.0
v 1.26050765 4.18937762 0.0
v 1.7837442229584504 4.307377780000002 0.0
v 0.3087575082675229 3.1184623454970843 0.0
v 0.7575075899999997 4.189377620000001 0.0
v 1.26050765 4.18937762 0.0
v -0.76949237 4.18937762 0.0
v -0.21519904813030682 2.730869320370469 0.0
v -1.2793128540979324 3.3458585192073436 0.0
v -1.2793128540979324 3.3458585192073436 0.0
v -1.259573080301817 4.189377620000001 0.0
v -0.76949237 4.18937762 0.0
v -0.76949237 4.18937762 0.0
v -0.7694923700000005 4.30737778 0.0
v 0.3543466395694188 4.307377780000002 0.0
v -0.21519904813030682 2.730869320370469 0.0
v -0.76949237 4.18937762 0.0
v 0.3087575082675229 3.1184623454970843 0.0
v 0.3087575082675229 3.1184623454970843 0.0
v -0.76949237 4.18937762 0.0
v 0.3543466395694188 4.307377780000002 0.0
v -2.8844923399999995 3.785377860000002 0.0
v -1.8234358417384575 2.873607975648501 0.0
v -3.0364923699999995 3.1523880238254827 0.0
v -3.0364923699999995 3.1523880238254827 0.0
v -3.0364923699999995 3.7853778600000014 0.0
v -2.8844923399999995 3.785377860000002 0.0
v -2.8844923399999995 3.785377860000002 0.0
v -2.8844923399999995 4.189377620000001 0.0
v -2.8294924100000007 4.189377620000001 0.0
v -1.2974924100000003 4.18937762 0.0
v -2.8294924100000003 4.307377780000002 0.0
v -1.2974924100000007 4.307377780000001 0.0
v -1.2974924100000003 4.18937762 0.0
v -1.259573080301817 4.189377620000001 0.0
v -1.2793128540979324 3.3458585192073436 0.0
v -1.8234358417384575 2.873607975648501 0.0
v -2.8844923399999995 3.785377860000002 0.0
v -1.2793128540979324 3.3458585192073436 0.0
v -2.8294924100000003 4.307377780000002 0.0
v -1.2974924100000003 4.18937762 0.0
v -2.8294924100000007 4.189377620000001 0.0
v -1.2974924100000003 4.18937762 0.0
v -1.2793128540979324 3.3458585192073436 0.0
v -2.8844923399999995 3.785377860000002 0.0
v -2.8294924100000007 4.189377620000001 0.0
v -1.2974924100000003 4.18937762 0.0
v -2.8844923399999995 3.785377860000002 0.0
v 3.09350769 -3.69462216 1.3183898417423734e-16
v 3.09350769 -4.25462209 0.5779999899999995
v 3.09350769 -4.25462209 -3.122502256758253e-17
v 3.09350769 -3.9416222 1.11100002
v 3.09350769 -3.69462216 2.98799998
v 3.09350769 -4.25462209 2.98799998
v 3.09350769 -4.25462209 2.98799998
v 3.09350769 -4.25462209 1.11100002
v 3.09350769 -3.9416222 1.11100002
v 3.09350769 -4.25462209 0.5779999899999995
v 3.09350769 -3.69462216 1.3183898417423734e-16
v 3.09350769 -3.9416222 0.9069999699999998
v 3.09350769 -3.69462216 2.98799998
v 3.09350769 -3.9416222 1.11100002
v 3.09350769 -3.69462216 1.3183898417423734e-16
v 3.09350769 -3.9416222 1.11100002
v 3.09350769 -3.9416222 0.9069999699999998
v 3.09350769 -3.69462216 1.3183898417423734e-16
v -2.58434536 -0.04562225 2.98799998
v -2.58434536 -0.04562225 2.88800008
v -1.2843452499999999 -0.04562225 2.88800008
v 2.6486548 -0.04562225 2.98799998
v 0.015654710000000245 -0.04562225 2.88800008
v 1.31565467 -0.04562225 2.88800008
v 1.31565467 -0.04562225 2.88800008
v 2.6486548000000005 -0.04562225 2.88800008
v 2.6486548 -0.04562225 2.98799998
v 0.015654710000000245 -0.04562225 2.88800008
v -2.58434536 -0.04562225 2.98799998
v -1.2843452499999999 -0.04562225 2.88800008
v -2.58434536 -0.04562225 2.98799998
v 0.015654710000000245 -0.04562225 2.88800008
v 2.6486548 -0.04562225 2.98799998
v 1.31565467 -0.24562224 2.88800008
v 1.31565467 -0.04562225 2.88800008
v 0.015654710000000155 -0.04562224999999995 2.88800008
v 0.015654710000000155 -0.04562224999999995 2.88800008
v 0.01565471000000018 -0.24562223999999994 2.88800008
v 1.31565467 -0.24562224 2.88800008
v 3.09350769 -3.69462216 2.98799998
v 2.56350767 -3.69462216 0.7800000199999997
v 2.4885076 -3.69462216 2.98799998
v 2.56350767 -3.69462216 0.7800000199999997
v 3.09350769 -3.69462216 2.98799998
v 3.0235077 -3.69462216 0.7800000199999998
v 2.56350767 -3.69462216 0.7800000199999997
v 2.4885076 -3.69462216 -8.621575675604731e-16
v 2.4885076 -3.69462216 2.98799998
v 2.4885076 -3.69462216 -8.621575675604731e-16
v 2.56350767 -3.69462216 0.7800000199999997
v 2.5635076699999995 -3.69462216 0.6579999999999991
v 3.09350769 -3.69462216 -7.077671781985373e-16
v 3.0235077 -3.69462216 0.7800000199999998
v 3.09350769 -3.69462216 2.98799998
v 2.4885076 -3.69462216 -8.621575675604731e-16
v 2.5635076699999995 -3.69462216 0.6579999999999991
v 2.56350767 -3.69462216 -4.3502659164391633e-16
v 3.0235077 -3.69462216 0.7800000199999998
v 3.09350769 -3.69462216 -7.077671781985373e-16
v 3.0235077 -3.69462216 0.6579999999999994
v 3.0235077 -3.69462216 0.6579999999999994
v 2.56350767 -3.69462216 -4.3502659164391633e-16
v 2.5635076699999995 -3.69462216 0.6579999999999991
v 2.56350767 -3.69462216 -4.3502659164391633e-16
v 3.0235077 -3.69462216 0.6579999999999994
v 3.09350769 -3.69462216 -7.077671781985373e-16
v 2.4885076 -3.6946221600000007 2.98799998
v 2.51850751 -1.69462234 2.780444246478579
v 2.51850751 -1.69462234 2.98799998
v 2.4982026519435596 -3.048283482916993 1.4846006340920084
v 2.4885076 -3.6946221600000007 2.98799998
v 2.4885076 -3.6946221599999998 1.4597804160287622
v 2.51850751 -1.69462234 2.780444246478579
v 2.4885076 -3.6946221600000007 2.98799998
v 2.4982026519435596 -3.048283482916993 1.4846006340920084
v 2.4982026519435596 -3.048283482916993 1.4846006340920084
v 2.4885076 -3.6946221599999998 1.4597804160287622
v 2.4885076 -3.69462216 -5.988283305119281e-16
v 2.4885076 -3.69462216 -5.988283305119281e-16
v 2.51850751 -1.6946223400000004 -5.551115123125783e-16
v 2.51850751 -1.69462234 0.5257521415582271
v 2.51850751 -1.69462234 0.5257521415582271
v 2.4982026519435596 -3.048283482916993 1.4846006340920084
v 2.4885076 -3.69462216 -5.988283305119281e-16
v 2.4982026519435596 -3.048283482916993 1.4846006340920084
v 2.51850751 -1.69462234 0.5257521415582271
v 2.51850751 -1.69462234 2.780444246478579
v 3.13150769 -1.69462234 2.080182847191878e-19
v 2.51850751 -1.69462234 2.98799998
v 2.51850751 -1.69462234 1.3877787807814457e-17
v 2.51850751 -1.69462234 2.98799998
v 3.13150769 -1.69462234 2.080182847191878e-19
v 3.1315076900000003 -1.69462234 2.98799998
v -0.5124996896552378 -4.25462209 1.449191368779335
v -0.022337394068255745 -4.25462209 1.7529652637971802
v -0.027735461359546243 -4.25462209 2.98799998
v -0.5124996896552378 -4.25462209 1.449191368779335
v -1.61649242 -4.25462209 2.98799998
v -1.61649242 -4.25462209 1.62829668620361
v -1.61649242 -4.25462209 2.98799998
v -0.5124996896552378 -4.25462209 1.449191368779335
v -0.027735461359546243 -4.25462209 2.98799998
v 1.5571557292808045 -4.25462209 2.9879999799999997
v 0.7019159926334154 -4.25462209 1.4180247765537497
v 1.5327076704367046 -4.25462209 1.7050150002041067
v 0.7019159926334154 -4.25462209 1.4180247765537497
v 1.5571557292808045 -4.25462209 2.9879999799999997
v -0.027735461359546243 -4.25462209 2.98799998
v 0.7019159926334154 -4.25462209 1.4180247765537497
v -0.027735461359546243 -4.25462209 2.98799998
v -0.022337394068255745 -4.25462209 1.7529652637971802
v -0.5124996896552378 -4.25462209 1.449191368779335
v -1.61649242 -4.25462209 1.62829668620361
v -1.6164924199999997 -4.25462209 0.0
v -1.6164924199999997 -4.25462209 0.0
v -0.45524477582193734 -4.25462209 -2.220446049250313e-16
v -0.5124996896552378 -4.25462209 1.449191368779335
v 0.7019159926334154 -4.25462209 1.4180247765537497
v -0.022337394068255745 -4.25462209 1.7529652637971802
v -0.5124996896552378 -4.25462209 1.449191368779335
v 0.7019159926334154 -4.25462209 1.4180247765537497
v -0.45524477582193734 -4.25462209 -2.220446049250313e-16
v 0.6675349700927947 -4.25462209 -2.220446049250313e-16
v -0.45524477582193734 -4.25462209 -2.220446049250313e-16
v 0.7019159926334154 -4.25462209 1.4180247765537497
v -0.5124996896552378 -4.25462209 1.449191368779335
v 3.09350769 -4.25462209 2.98799998
v 1.8883412798662311 -4.25462209 1.4544739101621926
v 3.09350769 -4.25462209 1.5650696856950648
v 1.8883412798662311 -4.25462209 1.4544739101621926
v 3.09350769 -4.25462209 2.98799998
v 1.5571557292808045 -4.25462209 2.9879999799999997
v 1.8883412798662311 -4.25462209 1.4544739101621926
v 1.5571557292808045 -4.25462209 2.9879999799999997
v 1.5327076704367046 -4.25462209 1.7050150002041067
v 1.8883412798662311 -4.25462209 1.4544739101621926
v 1.5327076704367046 -4.25462209 1.7050150002041067
v 0.7019159926334154 -4.25462209 1.4180247765537497
v 0.7019159926334154 -4.25462209 1.4180247765537497
v 0.6675349700927947 -4.25462209 -2.220446049250313e-16
v 1.8510478160383785 -4.25462209 -2.220446049250313e-16
v 1.8510478160383785 -4.25462209 -2.220446049250313e-16
v 1.8883412798662311 -4.25462209 1.4544739101621926
v 0.7019159926334154 -4.25462209 1.4180247765537497
v 2.90150759 -4.25462209 0.5779999899999996
v 1.8510478160383785 -4.25462209 -2.220446049250313e-16
v 3.09350769 -4.25462209 -1.211694571856412e-16
v 3.09350769 -4.25462209 -1.211694571856412e-16
v 3.093507690000001 -4.25462209 0.5779999899999995
v 2.90150759 -4.25462209 0.5779999899999996
v 2.90150759 -4.25462209 1.11100002
v 3.093507690000001 -4.25462209 1.11100002
v 3.09350769 -4.25462209 1.5650696856950648
v 1.8510478160383785 -4.25462209 -2.220446049250313e-16
v 2.90150759 -4.25462209 0.5779999899999996
v 1.8883412798662311 -4.25462209 1.4544739101621926
v 2.90150759 -4.25462209 1.11100002
v 3.09350769 -4.25462209 1.5650696856950648
v 1.8883412798662311 -4.25462209 1.4544739101621926
v 1.8883412798662311 -4.25462209 1.4544739101621926
v 2.90150759 -4.25462209 0.5779999899999996
v 2.90150759 -4.25462209 1.11100002
v -1.61649242 -2.8874240582469186 0.9556076162473304
v -1.61649242 -2.8906222 0.0
v -1.61649242 -4.25462209 1.1102230246251565e-16
v -1.61649242 -4.25462209 1.1102230246251565e-16
v -1.61649242 -4.25462209 0.9955488953199073
v -1.61649242 -2.8874240582469186 0.9556076162473304
v -1.61649242 -4.25462209 0.9955488953199073
v -1.61649242 -4.25462209 1.9622746017242099
v -1.61649242 -2.884003498602313 1.9776738974130825
v -1.61649242 -2.884003498602313 1.9776738974130825
v -1.61649242 -2.8874240582469186 0.9556076162473304
v -1.61649242 -4.25462209 0.9955488953199073
v -1.61649242 -2.884003498602313 1.9776738974130825
v -1.61649242 -4.25462209 2.98799998
v -1.61649242 -2.88062223 2.9879999800000006
v -1.61649242 -4.25462209 2.98799998
v -1.61649242 -2.884003498602313 1.9776738974130825
v -1.61649242 -4.25462209 1.9622746017242099
v -2.88449234 3.78537786 2.49999992
v -2.88449234 4.18937762 -4.440892098500626e-16
v -2.88449234 3.78537786 -4.440892098500626e-16
v -2.88449234 3.78537786 2.49999992
v -2.88449234 2.611526880677625 2.49999992
v -2.88449234 2.7873023528333563 2.98799998
v -2.88449234 4.18937762 -4.440892098500626e-16
v -2.88449234 3.78537786 2.49999992
v -2.88449234 4.189377620000001 2.98799998
v -2.88449234 3.78537786 2.49999992
v -2.88449234 2.7873023528333563 2.98799998
v -2.88449234 4.189377620000001 2.98799998
v -2.88449234 2.611526880677625 2.49999992
v -2.88449234 -0.07271258754089567 2.49999992
v -2.88449234 -0.07328093462759462 2.98799998
v -2.88449234 -0.07328093462759462 2.98799998
v -2.88449234 2.7873023528333563 2.98799998
v -2.88449234 2.611526880677625 2.49999992
v -2.88449234 -0.07271258754089567 2.49999992
v -2.88449234 -2.8906222000000006 2.49999992
v -2.88449234 -2.8806222300000015 2.98799998
v -2.88449234 -2.8806222300000015 2.98799998
v -2.88449234 -0.07328093462759462 2.98799998
v -2.88449234 -0.07271258754089567 2.49999992
v -1.28434525 -0.24562224 2.88800008
v -1.28434525 -0.04562225 2.88800008
v -2.5843453599999995 -0.04562225 2.88800008
v -2.5843453599999995 -0.04562225 2.88800008
v -2.58434536 -0.24562224 2.88800008
v -1.28434525 -0.24562224 2.88800008
v -2.58434536 -0.24562223999999996 2.88800008
v -2.58434536 -0.04562225 2.98799998
v -2.58434536 -0.24562224 2.98799998
v -2.58434536 -0.04562225 2.98799998
v -2.58434536 -0.24562223999999996 2.88800008
v -2.58434536 -0.04562225000000001 2.88800008
v 2.49865466 -2.49462215 2.98799998
v 2.49865466 -2.49462215 2.88800008
v 1.16565472 -2.49462215 2.88800008
v -1.3343453 -2.49462215 2.88800008
v -2.58434536 -2.49462215 2.88800008
v -2.5843453599999995 -2.49462215 2.98799998
v -0.0843452899999997 -2.49462215 2.88800008
v 2.49865466 -2.49462215 2.98799998
v 1.16565472 -2.49462215 2.88800008
v -0.0843452899999997 -2.49462215 2.88800008
v -1.3343453 -2.49462215 2.88800008
v -2.5843453599999995 -2.49462215 2.98799998
v 2.49865466 -2.49462215 2.98799998
v -0.0843452899999997 -2.49462215 2.88800008
v -2.5843453599999995 -2.49462215 2.98799998
v 2.49865466 -2.29462234 2.98799998
v 2.49865466 -2.29462234 2.88800008
v 2.49865466 -2.49462215 2.88800008
v 2.49865466 -2.49462215 2.88800008
v 2.49865466 -2.49462215 2.98799998
v 2.49865466 -2.29462234 2.98799998
v 2.6486548 -0.24562224 2.98799998
v 2.6486548 -0.24562224 2.88800008
v 1.3156546699999998 -0.24562224 2.88800008
v -1.2843452500000005 -0.24562224 2.88800008
v -2.5843453600000004 -0.24562224 2.88800008
v -2.58434536 -0.24562224 2.98799998
v 0.01565471000000011 -0.24562224 2.88800008
v 2.6486548 -0.24562224 2.98799998
v 1.3156546699999998 -0.24562224 2.88800008
v 0.01565471000000011 -0.24562224 2.88800008
v -1.2843452500000005 -0.24562224 2.88800008
v -2.58434536 -0.24562224 2.98799998
v 2.6486548 -0.24562224 2.98799998
v 0.01565471000000011 -0.24562224 2.88800008
v -2.58434536 -0.24562224 2.98799998
v -2.58434536 -2.29462234 2.88800008
v -2.58434536 -2.29462234 2.98799998
v -2.58434536 -2.49462215 2.98799998
v -2.58434536 -2.49462215 2.98799998
v -2.58434536 -2.49462215 2.88800008
v -2.58434536 -2.29462234 2.88800008
v -2.58434536 -2.29462234 2.98799998
v -2.58434536 -2.29462234 2.88800008
v -1.3343453000000003 -2.29462234 2.88800008
v 1.1656547199999994 -2.29462234 2.88800008
v 2.49865466 -2.29462234 2.88800008
v 2.4986546599999997 -2.29462234 2.98799998
v -0.08434529000000067 -2.29462234 2.88800008
v -2.58434536 -2.29462234 2.98799998
v -1.3343453000000003 -2.29462234 2.88800008
v -0.08434529000000067 -2.29462234 2.88800008
v 1.1656547199999994 -2.29462234 2.88800008
v 2.4986546599999997 -2.29462234 2.98799998
v -2.58434536 -2.29462234 2.98799998
v -0.08434529000000067 -2.29462234 2.88800008
v 2.4986546599999997 -2.29462234 2.98799998
v 1.16565472 -2.49462215 2.88800008
v 1.16565472 -2.29462234 2.88800008
v -0.08434528999999989 -2.29462234 2.88800008
v -0.08434528999999989 -2.29462234 2.88800008
v -0.0843452899999999 -2.49462215 2.88800008
v 1.16565472 -2.49462215 2.88800008
v 3.02282324 -3.93006438 0.658
v 3.01741795 -3.95023679 0.658
v 3.0207817 -3.9403277 0.658
v 3.01741795 -3.95023679 0.658
v 3.02282324 -3.93006438 0.658
v 3.0235077 -3.91962238 0.658
v 2.64350764 -3.99962215 0.658
v 2.56350767 -3.69462216 0.658
v 2.56350767 -3.91962238 0.658
v 2.56623348 -3.9403277 0.658
v 2.56350767 -3.91962238 0.658
v 2.56419193 -3.93006438 0.658
v 2.56350767 -3.91962238 0.658
v 2.56623348 -3.9403277 0.658
v 2.56959722 -3.95023679 0.658
v 2.586939 -3.97619063 0.658
v 2.57422562 -3.95962226 0.658
v 2.58003942 -3.9683232799999995 0.658
v 2.60350756 -3.9889042 0.658
v 2.586939 -3.97619063 0.658
v 2.59480673 -3.9830906 0.658
v 2.63306544 -3.99893769 0.658
v 2.60350756 -3.9889042 0.658
v 2.61289284 -3.9935325999999995 0.658
v 2.61289284 -3.9935325999999995 0.658
v 2.62280212 -3.99689634 0.658
v 2.63306544 -3.99893769 0.658
v 3.00007618 -3.97619063 0.658
v 3.01741795 -3.95023679 0.658
v 2.95394973 -3.99893769 0.658
v 2.97412234 -3.9935326 0.658
v 2.95394973 -3.99893769 0.658
v 2.96421306 -3.99689634 0.658
v 2.95394973 -3.99893769 0.658
v 2.97412234 -3.9935326 0.658
v 2.98350762 -3.9889042 0.658
v 2.98350762 -3.9889042 0.658
v 2.99220844 -3.9830906 0.658
v 3.00007618 -3.97619063 0.658
v 3.00007618 -3.97619063 0.658
v 3.00697595 -3.96832328 0.658
v 3.01278955 -3.95962226 0.658
v 2.95394973 -3.99893769 0.658
v 3.0235077 -3.91962238 0.658
v 2.94350754 -3.99962215 0.658
v 2.94350754 -3.99962215 0.658
v 2.56350767 -3.69462216 0.658
v 2.64350764 -3.99962215 0.658
v 2.56350767 -3.91962238 0.658
v 2.57422562 -3.95962226 0.658
v 2.586939 -3.97619063 0.658
v 2.56350767 -3.91962238 0.658
v 2.586939 -3.97619063 0.658
v 2.63306544 -3.99893769 0.658
v 2.56350767 -3.91962238 0.658
v 2.63306544 -3.99893769 0.658
v 2.64350764 -3.99962215 0.658
v 3.00007618 -3.97619063 0.658
v 2.95394973 -3.99893769 0.658
v 2.98350762 -3.9889042 0.658
v 3.01741795 -3.95023679 0.658
v 3.00007618 -3.97619063 0.658
v 3.01278955 -3.95962226 0.658
v 2.56350767 -3.69462216 0.658
v 2.94350754 -3.99962215 0.658
v 3.0235077 -3.69462216 0.658
v 2.63306544 -3.99893769 0.658
v 2.586939 -3.97619063 0.658
v 2.60350756 -3.9889042 0.658
v 3.0235077 -3.91962238 0.658
v 2.95394973 -3.99893769 0.658
v 3.01741795 -3.95023679 0.658
v 3.0235077 -3.69462216 0.658
v 2.94350754 -3.99962215 0.658
v 3.0235077 -3.91962238 0.658
v 2.57422562 -3.95962226 0.658
v 2.56350767 -3.91962238 0.658
v 2.56959722 -3.95023679 0.658
v 0.015654710000000006 -0.24562224 2.88800008
v 0.01565471 -0.04562225 2.88800008
v -1.2843452499999999 -0.04562224999999995 2.88800008
v -1.2843452499999999 -0.04562224999999995 2.88800008
v -1.2843452499999999 -0.24562223999999994 2.88800008
v 0.015654710000000006 -0.24562224 2.88800008
v 2.90150759 -3.9416222 1.11100002
v 3.09350769 -4.25462209 1.11100002
v 2.90150759 -4.25462209 1.11100002
v 3.09350769 -4.25462209 1.11100002
v 2.90150759 -3.9416222 1.11100002
v 3.09350769 -3.9416221999999994 1.11100002
v 2.90150759 -3.9416222 0.90699997
v 2.90150759 -3.9416222 1.11100002
v 2.90150759 -4.25462209 1.11100002
v 2.90150759 -4.25462209 1.11100002
v 2.90150759 -4.25462209 0.5779999900000001
v 2.90150759 -3.9416222 0.90699997
v 3.09350769 -3.9416222 0.90699997
v 2.90150759 -3.9416222 1.11100002
v 2.90150759 -3.9416222 0.90699997
v 2.90150759 -3.9416222 1.11100002
v 3.09350769 -3.9416222 0.90699997
v 3.09350769 -3.9416222 1.11100002
v 2.56350767 -3.91962238 0.658
v 2.56350767 -3.69462216 0.78000002
v 2.56350767 -3.91962238 0.78000002
v 2.56350767 -3.69462216 0.78000002
v 2.56350767 -3.91962238 0.658
v 2.56350767 -3.69462216 0.658
v 2.586939 -3.97619063 0.78000002
v 2.60350756 -3.9889042 0.78000002
v 2.59480673 -3.9830906 0.78000002
v 2.57422562 -3.95962226 0.78000002
v 2.586939 -3.97619063 0.78000002
v 2.58003942 -3.9683232800000003 0.78000002
v 2.56623348 -3.9403277 0.78000002
v 2.56350767 -3.91962238 0.78000002
v 2.56959722 -3.95023679 0.78000002
v 2.56350767 -3.91962238 0.78000002
v 2.56623348 -3.9403277 0.78000002
v 2.56419193 -3.93006438 0.78000002
v 2.94350754 -3.99962215 0.78000002
v 2.56350767 -3.69462216 0.78000002
v 3.0235077 -3.69462216 0.78000002
v 2.94350754 -3.99962215 0.78000002
v 3.0235077 -3.69462216 0.78000002
v 3.0235077 -3.91962238 0.78000002
v 3.01741795 -3.95023679 0.78000002
v 3.02282324 -3.93006438 0.78000002
v 3.0207817 -3.9403277 0.78000002
v 3.00007618 -3.97619063 0.78000002
v 3.01741795 -3.95023679 0.78000002
v 3.01278955 -3.95962226 0.78000002
v 3.01278955 -3.95962226 0.78000002
v 3.00697595 -3.96832328 0.78000002
v 3.00007618 -3.97619063 0.78000002
v 3.00007618 -3.97619063 0.78000002
v 2.99220844 -3.9830906 0.78000002
v 2.98350762 -3.9889042 0.78000002
v 2.95394973 -3.99893769 0.78000002
v 2.97412234 -3.9935326 0.78000002
v 2.96421306 -3.9968963400000006 0.78000002
v 3.0235077 -3.91962238 0.78000002
v 2.95394973 -3.99893769 0.78000002
v 2.94350754 -3.99962215 0.78000002
v 2.60350756 -3.9889042 0.78000002
v 2.63306544 -3.99893769 0.78000002
v 2.61289284 -3.9935326 0.78000002
v 2.63306544 -3.99893769 0.78000002
v 2.62280212 -3.99689634 0.78000002
v 2.61289284 -3.9935326 0.78000002
v 2.56350767 -3.91962238 0.78000002
v 2.586939 -3.97619063 0.78000002
v 2.57422562 -3.95962226 0.78000002
v 2.56350767 -3.91962238 0.78000002
v 2.57422562 -3.95962226 0.78000002
v 2.56959722 -3.95023679 0.78000002
v 2.95394973 -3.99893769 0.78000002
v 3.0235077 -3.91962238 0.78000002
v 3.01741795 -3.95023679 0.78000002
v 3.01741795 -3.95023679 0.78000002
v 3.0235077 -3.91962238 0.78000002
v 3.02282324 -3.93006438 0.78000002
v 2.95394973 -3.99893769 0.78000002
v 3.00007618 -3.97619063 0.78000002
v 2.98350762 -3.9889042 0.78000002
v 2.97412234 -3.9935326 0.78000002
v 2.95394973 -3.99893769 0.78000002
v 2.98350762 -3.9889042 0.78000002
v 2.586939 -3.97619063 0.78000002
v 2.56350767 -3.91962238 0.78000002
v 2.63306544 -3.99893769 0.78000002
v 2.586939 -3.97619063 0.78000002
v 2.63306544 -3.99893769 0.78000002
v 2.60350756 -3.9889042 0.78000002
v 2.64350764 -3.99962215 0.78000002
v 2.56350767 -3.69462216 0.78000002
v 2.94350754 -3.99962215 0.78000002
v 3.01741795 -3.95023679 0.78000002
v 3.00007618 -3.97619063 0.78000002
v 2.95394973 -3.99893769 0.78000002
v 2.63306544 -3.99893769 0.78000002
v 2.56350767 -3.91962238 0.78000002
v 2.64350764 -3.99962215 0.78000002
v 2.56350767 -3.69462216 0.78000002
v 2.64350764 -3.99962215 0.78000002
v 2.56350767 -3.91962238 0.78000002
v 1.16565472 -2.49462215 2.88800008
v 2.49865466 -2.29462234 2.88800008
v 1.1656547199999998 -2.29462234 2.88800008
v 2.49865466 -2.29462234 2.88800008
v 1.16565472 -2.49462215 2.88800008
v 2.49865466 -2.49462215 2.88800008
v 3.09350769 -4.25462209 0.5779999900000001
v 2.90150759 -3.9416222 0.90699997
v 2.90150759 -4.25462209 0.57799999
v 2.90150759 -3.9416222 0.90699997
v 3.09350769 -4.25462209 0.5779999900000001
v 3.09350769 -3.9416222 0.9069999700000001
v 1.31565467 -0.24562224 2.88800008
v 2.6486548 -0.04562225 2.88800008
v 1.3156546699999998 -0.04562225 2.88800008
v 2.6486548 -0.04562225 2.88800008
v 1.31565467 -0.24562224 2.88800008
v 2.6486548 -0.24562224 2.88800008
v 2.6486548 -0.24562223999999996 2.98799998
v 2.6486548 -0.04562225 2.88800008
v 2.6486548 -0.24562224 2.88800008
v 2.6486548 -0.04562225 2.88800008
v 2.6486548 -0.24562223999999996 2.98799998
v 2.6486548 -0.04562225000000001 2.98799998
v -1.2843452499999997 2.00337772 2.88800008
v 0.01565471 2.20337772 2.88800008
v -1.2843452499999997 2.20337772 2.88800008
v 0.01565471 2.20337772 2.88800008
v -1.2843452499999997 2.00337772 2.88800008
v 0.01565471000000001 2.00337772 2.88800008
v 2.63306544 -3.99893769 0.658
v 2.64350764 -3.99962215 0.78000002
v 2.64350764 -3.99962215 0.658
v 2.64350764 -3.99962215 0.78000002
v 2.63306544 -3.99893769 0.658
v 2.63306544 -3.99893769 0.78000002
v 2.59480673 -3.9830906 0.658
v 2.60350756 -3.9889042 0.78000002
v 2.60350756 -3.9889042 0.658
v 2.60350756 -3.9889042 0.78000002
v 2.59480673 -3.9830906 0.658
v 2.59480673 -3.9830906 0.78000002
v 2.64350764 -3.99962215 0.7800000200000001
v 2.94350754 -3.99962215 0.78000002
v 2.94350754 -3.99962215 0.658
v 2.94350754 -3.99962215 0.658
v 2.64350764 -3.99962215 0.658
v 2.64350764 -3.99962215 0.7800000200000001
v 2.60350756 -3.9889042000000003 0.78000002
v 2.61289284 -3.9935326 0.78000002
v 2.61289284 -3.9935325999999995 0.6580000000000001
v 2.61289284 -3.9935325999999995 0.6580000000000001
v 2.60350756 -3.9889042 0.658
v 2.60350756 -3.9889042000000003 0.78000002
v 2.62280212 -3.99689634 0.78000002
v 2.63306544 -3.99893769 0.78000002
v 2.63306544 -3.99893769 0.658
v 2.63306544 -3.99893769 0.658
v 2.62280212 -3.99689634 0.658
v 2.62280212 -3.99689634 0.78000002
v 2.61289284 -3.9935326 0.658
v 2.62280212 -3.99689634 0.78000002
v 2.62280212 -3.99689634 0.658
v 2.62280212 -3.99689634 0.78000002
v 2.61289284 -3.9935326 0.658
v 2.61289284 -3.9935326 0.78000002
v 2.586939 -3.97619063 0.658
v 2.59480673 -3.9830906 0.78000002
v 2.59480673 -3.9830906 0.658
v 2.59480673 -3.9830906 0.78000002
v 2.586939 -3.97619063 0.658
v 2.586939 -3.97619063 0.78000002
v 2.586939 -3.97619063 0.658
v 2.58003942 -3.96832328 0.78000002
v 2.586939 -3.97619063 0.78000002
v 2.58003942 -3.96832328 0.78000002
v 2.586939 -3.97619063 0.658
v 2.58003942 -3.96832328 0.658
v 2.58003942 -3.96832328 0.658
v 2.57422562 -3.95962226 0.78000002
v 2.58003942 -3.96832328 0.78000002
v 2.57422562 -3.95962226 0.78000002
v 2.58003942 -3.96832328 0.658
v 2.57422562 -3.95962226 0.658
v 2.56959722 -3.95023679 0.6579999999999999
v 2.56959722 -3.95023679 0.78000002
v 2.57422562 -3.95962226 0.78000002
v 2.57422562 -3.95962226 0.78000002
v 2.57422562 -3.95962226 0.658
v 2.56959722 -3.95023679 0.6579999999999999
v 2.5662334799999997 -3.9403277 0.6579999999999999
v 2.56623348 -3.9403277 0.78000002
v 2.5695972200000003 -3.95023679 0.78000002
v 2.5695972200000003 -3.95023679 0.78000002
v 2.56959722 -3.95023679 0.658
v 2.5662334799999997 -3.9403277 0.6579999999999999
v 2.564191929999999 -3.9300643800000006 0.658
v 2.56419193 -3.93006438 0.78000002
v 2.566233480000001 -3.9403276999999997 0.78000002
v 2.566233480000001 -3.9403276999999997 0.78000002
v 2.56623348 -3.9403277 0.658
v 2.564191929999999 -3.9300643800000006 0.658
v 2.56419193 -3.93006438 0.658
v 2.56350767 -3.91962238 0.78000002
v 2.5641919300000007 -3.93006438 0.78000002
v 2.56350767 -3.91962238 0.78000002
v 2.56419193 -3.93006438 0.658
v 2.563507669999999 -3.91962238 0.658
v 1.26050765 4.30737778 0.45
v 1.26050765 4.30737778 0.0
v 1.26050765 4.18937762 -1.734723475976807e-18
v 1.26050765 4.30737778 0.45
v 1.26050765 4.18937762 2.56800004
v 1.26050765 4.33737789 2.56800004
v 1.26050765 4.33737789 2.56800004
v 1.26050765 4.33737789 0.44999999999999996
v 1.26050765 4.30737778 0.45
v 1.26050765 4.18937762 2.56800004
v 1.26050765 4.30737778 0.45
v 1.26050765 4.18937762 -1.734723475976807e-18
v -0.7694923699999999 4.18937762 2.56800004
v 0.75750759 4.33737789 2.56800004
v -0.7694923700000001 4.33737789 2.56800004
v 0.75750759 4.33737789 2.56800004
v -0.7694923699999999 4.18937762 2.56800004
v 0.75750759 4.18937762 2.56800004
v -2.82949241 4.30737778 0.45
v -2.82949241 4.30737778 0.0
v -2.82949241 4.18937762 -1.734723475976807e-18
v -2.82949241 4.30737778 0.45
v -2.82949241 4.18937762 2.56800004
v -2.82949241 4.33737789 2.56800004
v -2.82949241 4.33737789 2.56800004
v -2.82949241 4.33737789 0.44999999999999996
v -2.82949241 4.30737778 0.45
v -2.82949241 4.18937762 2.56800004
v -2.82949241 4.30737778 0.45
v -2.82949241 4.18937762 -1.734723475976807e-18
v 0.75750759 4.30737778 0.4499999999999997
v 0.75750759 4.18937762 2.56800004
v 0.75750759 4.18937762 -4.4267140810639767e-16
v 0.75750759 4.18937762 -4.4267140810639767e-16
v 0.75750759 4.3073777799999995 -4.475586568020162e-16
v 0.75750759 4.30737778 0.4499999999999997
v 0.75750759 4.30737778 0.4499999999999997
v 0.75750759 4.33737789 0.4499999999999996
v 0.75750759 4.33737789 2.56800004
v 0.75750759 4.18937762 2.56800004
v 0.75750759 4.30737778 0.4499999999999997
v 0.75750759 4.33737789 2.56800004
v -1.29749241 4.30737778 0.4499999999999997
v -1.29749241 4.18937762 2.56800004
v -1.29749241 4.18937762 -4.4267140810639767e-16
v -1.29749241 4.18937762 -4.4267140810639767e-16
v -1.29749241 4.3073777799999995 -4.475586568020162e-16
v -1.29749241 4.30737778 0.4499999999999997
v -1.29749241 4.30737778 0.4499999999999997
v -1.29749241 4.33737789 0.4499999999999996
v -1.29749241 4.33737789 2.56800004
v -1.29749241 4.18937762 2.56800004
v -1.29749241 4.30737778 0.4499999999999997
v -1.29749241 4.33737789 2.56800004
v -0.76949237 4.30737778 0.45
v -0.76949237 4.30737778 0.0
v -0.76949237 4.18937762 -1.734723475976807e-18
v -0.76949237 4.30737778 0.45
v -0.76949237 4.18937762 2.56800004
v -0.76949237 4.33737789 2.56800004
v -0.76949237 4.33737789 2.56800004
v -0.76949237 4.33737789 0.44999999999999996
v -0.76949237 4.30737778 0.45
v -0.76949237 4.18937762 2.56800004
v -0.76949237 4.30737778 0.45
v -0.76949237 4.18937762 -1.734723475976807e-18
v -2.8294924099999994 4.18937762 2.56800004
v -1.29749241 4.33737789 2.56800004
v -2.82949241 4.33737789 2.56800004
v -1.29749241 4.33737789 2.56800004
v -2.8294924099999994 4.18937762 2.56800004
v -1.29749241 4.18937762 2.56800004
v 2.80350756 4.30737778 0.4499999999999997
v 2.80350756 4.18937762 2.56800004
v 2.80350756 4.18937762 -4.4267140810639767e-16
v 2.80350756 4.18937762 -4.4267140810639767e-16
v 2.80350756 4.3073777799999995 -4.475586568020162e-16
v 2.80350756 4.30737778 0.4499999999999997
v 2.80350756 4.30737778 0.4499999999999997
v 2.80350756 4.33737789 0.4499999999999996
v 2.80350756 4.33737789 2.56800004
v 2.80350756 4.18937762 2.56800004
v 2.80350756 4.30737778 0.4499999999999997
v 2.80350756 4.33737789 2.56800004
v -0.7694923699999998 4.33737789 1.5140488443609557
v -0.7694923699999999 4.33737789 2.56800004
v 0.75750759 4.33737789 2.56800004
v 0.75750759 4.33737789 2.56800004
v 0.7575075900000001 4.33737789 1.5027847280086515
v -0.7694923699999998 4.33737789 1.5140488443609557
v 0.7575075900000001 4.33737789 1.5027847280086515
v 0.7575075900000002 4.33737789 0.45000000000000007
v -0.7694923699999996 4.33737789 0.45000000000000057
v -0.7694923699999996 4.33737789 0.45000000000000057
v -0.7694923699999998 4.33737789 1.5140488443609557
v 0.7575075900000001 4.33737789 1.5027847280086515
v 2.80350756 4.18937762 2.5680000400000003
v 2.86850766 4.18937762 4.440892098500626e-16
v 2.80350756 4.18937762 4.440892098500626e-16
v 1.26050765 4.18937762 2.56800004
v 1.26050765 4.18937762 0.0
v 0.7575075900000001 4.18937762 0.0
v 0.7575075900000005 4.18937762 2.5680000400000003
v 0.07691619759213612 4.18937762 2.5680000400000003
v 0.1739811674533972 4.18937762 2.98799998
v 2.86850766 4.18937762 4.440892098500626e-16
v 2.80350756 4.18937762 2.5680000400000003
v 2.86850766 4.18937762 2.98799998
v 1.26050765 4.18937762 2.56800004
v 0.7575075900000001 4.18937762 0.0
v 0.7575075900000005 4.18937762 2.5680000400000003
v 1.26050765 4.18937762 2.56800004
v 0.1739811674533972 4.18937762 2.98799998
v 2.86850766 4.18937762 2.98799998
v 2.86850766 4.18937762 2.98799998
v 2.80350756 4.18937762 2.5680000400000003
v 1.26050765 4.18937762 2.56800004
v 0.1739811674533972 4.18937762 2.98799998
v 1.26050765 4.18937762 2.56800004
v 0.7575075900000005 4.18937762 2.5680000400000003
v -1.2974924100000003 4.18937762 2.56800004
v -0.7694923699999996 4.18937762 1.7210059275096374
v -1.29749241 4.18937762 1.6785060918481678
v -2.82949241 4.18937762 2.56800004
v -2.82949241 4.18937762 1.5551921840814722
v -2.884492339999999 4.18937762 1.5507651238365672
v -0.7694923699999997 4.18937762 2.56800004
v 0.1739811674533972 4.18937762 2.98799998
v 0.07691619759213612 4.18937762 2.5680000400000003
v -0.7694923699999996 4.18937762 1.7210059275096374
v -1.2974924100000003 4.18937762 2.56800004
v -0.7694923699999997 4.18937762 2.56800004
v -2.82949241 4.18937762 2.56800004
v -2.884492339999999 4.18937762 1.5507651238365672
v -2.884492339999999 4.18937762 2.98799998
v -1.2974924100000003 4.18937762 2.56800004
v 0.1739811674533972 4.18937762 2.98799998
v -0.7694923699999997 4.18937762 2.56800004
v -2.884492339999999 4.18937762 2.98799998
v -1.2974924100000003 4.18937762 2.56800004
v -2.82949241 4.18937762 2.56800004
v 0.1739811674533972 4.18937762 2.98799998
v -1.2974924100000003 4.18937762 2.56800004
v -2.884492339999999 4.18937762 2.98799998
v -2.884492339999999 4.18937762 1.5507651238365672
v -2.82949241 4.18937762 0.0
v -2.8844923399999995 4.18937762 0.0
v -2.82949241 4.18937762 0.0
v -2.884492339999999 4.18937762 1.5507651238365672
v -2.82949241 4.18937762 1.5551921840814722
v -1.29749241 4.18937762 1.6785060918481678
v -0.76949237 4.18937762 0.0
v -1.2974924100000003 4.18937762 -4.440892098500626e-16
v -0.76949237 4.18937762 0.0
v -1.29749241 4.18937762 1.6785060918481678
v -0.7694923699999996 4.18937762 1.7210059275096374
v 2.98350762 -3.9889042 0.78000002
v 2.99220844 -3.9830906 0.78000002
v 2.99220844 -3.9830906 0.658
v 2.99220844 -3.9830906 0.658
v 2.98350762 -3.9889042 0.658
v 2.98350762 -3.9889042 0.78000002
v 2.6486548 2.00337772 2.88800008
v 2.6486548 2.20337772 2.88800008
v 1.3156546699999998 2.20337772 2.88800008
v 1.3156546699999998 2.20337772 2.88800008
v 1.3156546699999998 2.00337772 2.88800008
v 2.6486548 2.00337772 2.88800008
v -1.3343453 -2.4946221499999996 2.88800008
v -1.3343453 -2.29462234 2.88800008
v -2.58434536 -2.29462234 2.88800008
v -2.58434536 -2.29462234 2.88800008
v -2.58434536 -2.49462215 2.88800008
v -1.3343453 -2.4946221499999996 2.88800008
v -0.08434528999999999 -2.49462215 2.88800008
v -0.08434529 -2.29462234 2.88800008
v -1.3343453 -2.29462234 2.88800008
v -1.3343453 -2.29462234 2.88800008
v -1.3343453 -2.49462215 2.88800008
v -0.08434528999999999 -2.49462215 2.88800008
v -1.28434525 2.00337772 2.88800008
v -1.28434525 2.20337772 2.88800008
v -2.58434536 2.20337772 2.88800008
v -2.58434536 2.20337772 2.88800008
v -2.5843453600000004 2.00337772 2.88800008
v -1.28434525 2.00337772 2.88800008
v 3.01741795 -3.95023679 0.7800000200000001
v 3.01741795 -3.95023679 0.658
v 3.01278955 -3.95962226 0.658
v 3.01278955 -3.95962226 0.658
v 3.01278955 -3.95962226 0.78000002
v 3.01741795 -3.95023679 0.7800000200000001
v 2.95394973 -3.99893769 0.658
v 2.96421306 -3.99689634 0.78000002
v 2.96421306 -3.99689634 0.658
v 2.96421306 -3.99689634 0.78000002
v 2.95394973 -3.99893769 0.658
v 2.95394973 -3.99893769 0.78000002
v 2.97412234 -3.9935326 0.78000002
v 2.98350762 -3.9889042 0.78000002
v 2.98350762 -3.9889042 0.6580000000000001
v 2.98350762 -3.9889042 0.6580000000000001
v 2.97412234 -3.9935326 0.658
v 2.97412234 -3.9935326 0.78000002
v 3.01278955 -3.95962226 0.78000002
v 3.01278955 -3.95962226 0.658
v 3.00697595 -3.96832328 0.658
v 3.00697595 -3.96832328 0.658
v 3.00697595 -3.96832328 0.78000002
v 3.01278955 -3.95962226 0.78000002
v 2.99220844 -3.9830906 0.658
v 3.00007618 -3.97619063 0.78000002
v 3.0000761800000006 -3.97619063 0.6580000000000001
v 3.00007618 -3.97619063 0.78000002
v 2.99220844 -3.9830906 0.658
v 2.9922084399999997 -3.9830906 0.78000002
v 3.0207817 -3.9403277 0.78000002
v 3.02282324 -3.93006438 0.658
v 3.0207817 -3.9403277 0.658
v 3.02282324 -3.93006438 0.658
v 3.0207817 -3.9403277 0.78000002
v 3.02282324 -3.93006438 0.78000002
v 3.01741795 -3.95023679 0.78000002
v 3.0207817 -3.9403277 0.658
v 3.01741795 -3.95023679 0.658
v 3.0207817 -3.9403277 0.658
v 3.01741795 -3.95023679 0.78000002
v 3.0207817 -3.9403277 0.78000002
v 0.0156547100000004 2.00337772 2.88800008
v 1.31565467 2.20337772 2.88800008
v 0.01565471000000033 2.20337772 2.88800008
v 1.31565467 2.20337772 2.88800008
v 0.0156547100000004 2.00337772 2.88800008
v 1.31565467 2.00337772 2.88800008
v 2.96421306 -3.99689634 0.658
v 2.97412234 -3.9935326 0.78000002
v 2.97412234 -3.9935326 0.658
v 2.97412234 -3.9935326 0.78000002
v 2.96421306 -3.99689634 0.658
v 2.96421306 -3.99689634 0.78000002
v 3.00007618 -3.97619063 0.78000002
v 3.00697595 -3.96832328 0.658
v 3.00007618 -3.97619063 0.658
v 3.00697595 -3.96832328 0.658
v 3.00007618 -3.97619063 0.78000002
v 3.00697595 -3.96832328 0.78000002
v 3.02282324 -3.93006438 0.78000002
v 3.0235077 -3.91962238 0.658
v 3.0228232399999997 -3.93006438 0.6580000000000001
v 3.0235077 -3.91962238 0.658
v 3.02282324 -3.93006438 0.78000002
v 3.0235077000000006 -3.91962238 0.7800000200000001
v 2.94350754 -3.99962215 0.78000002
v 2.95394973 -3.99893769 0.78000002
v 2.95394973 -3.99893769 0.658
v 2.95394973 -3.99893769 0.658
v 2.94350754 -3.99962215 0.658
v 2.94350754 -3.99962215 0.78000002
v -2.82949241 4.33737789 1.5139099036798598
v -2.8294924099999994 4.33737789 2.56800004
v -1.29749241 4.33737789 2.56800004
v -1.29749241 4.33737789 2.56800004
v -1.2974924099999998 4.33737789 1.5111219116573456
v -2.82949241 4.33737789 1.5139099036798598
v -1.2974924099999998 4.33737789 1.5111219116573456
v -1.29749241 4.33737789 0.4500000000000003
v -2.8294924099999994 4.33737789 0.45000000000000057
v -2.8294924099999994 4.33737789 0.45000000000000057
v -2.82949241 4.33737789 1.5139099036798598
v -1.2974924099999998 4.33737789 1.5111219116573456
v 2.4885076 -3.69462216 2.98799998
v 1.709956783299875 -2.49462215 2.98799998
v 1.2401125968040398 -2.987588658858574 2.98799998
v 2.4885076 -3.69462216 2.98799998
v 1.3503565562311104 -4.25462209 2.98799998
v 3.09350769 -4.25462209 2.98799998
v 3.09350769 -4.25462209 2.98799998
v 3.09350769 -3.69462216 2.98799998
v 2.4885076 -3.69462216 2.98799998
v 2.5065195044669757 -2.4938250345483435 2.98799998
v 2.49865466 -2.4929771970899672 2.98799998
v 2.49865466 -2.49462215 2.98799998
v 1.3503565562311104 -4.25462209 2.98799998
v 2.4885076 -3.69462216 2.98799998
v 1.2401125968040398 -2.987588658858574 2.98799998
v 2.4885076 -3.69462216 2.98799998
v 2.5065195044669757 -2.4938250345483435 2.98799998
v 2.49865466 -2.49462215 2.98799998
v 1.709956783299875 -2.49462215 2.98799998
v 2.4885076 -3.69462216 2.98799998
v 2.49865466 -2.49462215 2.98799998
v 2.51850751 -1.6946223399999998 2.98799998
v 1.7237484233884184 -2.29462234 2.98799998
v 2.4986546599999997 -2.29462234 2.98799998
v 2.4986546599999997 -2.29462234 2.98799998
v 2.49865466 -2.4929771970899672 2.98799998
v 2.5065195044669757 -2.4938250345483435 2.98799998
v 2.51850751 -1.6946223399999998 2.98799998
v 3.13150769 -1.6946223399999998 2.98799998
v 3.1350908226283565 -0.7978546016715087 2.98799998
v 2.51850751 -1.6946223399999998 2.98799998
v 1.85599737 -1.15497204 2.98799998
v 1.85599737 -1.4349719999999997 2.98799998
v 2.4986546599999997 -2.29462234 2.98799998
v 2.5065195044669757 -2.4938250345483435 2.98799998
v 2.51850751 -1.6946223399999998 2.98799998
v 1.85599737 -1.15497204 2.98799998
v 2.51850751 -1.6946223399999998 2.98799998
v 3.1350908226283565 -0.7978546016715087 2.98799998
v 1.7772721599091237 -0.6491256241503995 2.98799998
v 1.85599737 -1.15497204 2.98799998
v 3.1350908226283565 -0.7978546016715087 2.98799998
v 1.85599737 -1.4349719999999997 2.98799998
v 1.7237484233884184 -2.29462234 2.98799998
v 2.51850751 -1.6946223399999998 2.98799998
v 1.370566548126509 -1.5930052128354115 2.98799998
v 1.85599737 -1.4349719999999997 2.98799998
v 1.57599741 -1.4349719999999997 2.98799998
v 1.85599737 -1.15497204 2.98799998
v 1.7772721599091237 -0.6491256241503995 2.98799998
v 1.57599741 -1.15497204 2.98799998
v 1.85599737 -1.4349719999999997 2.98799998
v 1.370566548126509 -1.5930052128354115 2.98799998
v 1.7237484233884184 -2.29462234 2.98799998
v 1.57599741 -1.15497204 2.98799998
v 1.7772721599091237 -0.6491256241503995 2.98799998
v 1.370566548126509 -1.5930052128354115 2.98799998
v 1.370566548126509 -1.5930052128354115 2.98799998
v 1.57599741 -1.4349719999999997 2.98799998
v 1.57599741 -1.15497204 2.98799998
v -0.0658700479351042 -2.8097973627989985 2.98799998
v -0.28868804511366797 -2.4946221500000005 2.98799998
v -1.284949819319374 -2.4946221500000005 2.98799998
v -1.284949819319374 -2.4946221500000005 2.98799998
v -1.6431767644677098 -2.88062223 2.98799998
v -1.6164924200000002 -2.88062223 2.98799998
v -1.6164924200000002 -2.88062223 2.98799998
v -1.6164924200000002 -4.25462209 2.98799998
v -0.30547753985106274 -4.25462209 2.98799998
v -1.6164924200000002 -2.88062223 2.98799998
v -0.0658700479351042 -2.8097973627989985 2.98799998
v -1.284949819319374 -2.4946221500000005 2.98799998
v -0.0658700479351042 -2.8097973627989985 2.98799998
v -1.6164924200000002 -2.88062223 2.98799998
v -0.30547753985106274 -4.25462209 2.98799998
v 1.2401125968040398 -2.987588658858574 2.98799998
v -0.0658700479351042 -2.8097973627989985 2.98799998
v -0.30547753985106274 -4.25462209 2.98799998
v -0.30547753985106274 -4.25462209 2.98799998
v 1.3503565562311104 -4.25462209 2.98799998
v 1.2401125968040398 -2.987588658858574 2.98799998
v 1.2401125968040398 -2.987588658858574 2.98799998
v -0.28868804511366797 -2.4946221500000005 2.98799998
v -0.0658700479351042 -2.8097973627989985 2.98799998
v -0.28868804511366797 -2.4946221500000005 2.98799998
v 1.2401125968040398 -2.987588658858574 2.98799998
v 1.709956783299875 -2.49462215 2.98799998
v 1.370566548126509 -1.5930052128354115 2.98799998
v 0.22586743507546697 -1.4713771241237221 2.98799998
v -0.1892972996573361 -2.29462234 2.98799998
v -0.1892972996573361 -2.29462234 2.98799998
v 1.7237484233884184 -2.29462234 2.98799998
v 1.370566548126509 -1.5930052128354115 2.98799998
v 0.30799735999999955 -1.15497204 2.98799998
v 1.5487600515096398 -0.2456222400000002 2.98799998
v 0.21380327500790525 -0.2456222400000002 2.98799998
v 0.30799735999999955 -1.15497204 2.98799998
v -0.08729528927399649 -0.7427903755496528 2.98799998
v 0.08986952084475983 -1.1549720399999999 2.98799998
v 0.30799735999999955 -1.4349719999999995 2.98799998
v 0.2102197062728529 -1.4349719999999995 2.98799998
v 0.22586743507546697 -1.4713771241237221 2.98799998
v 0.30799735999999955 -1.15497204 2.98799998
v 1.7772721599091237 -0.6491256241503995 2.98799998
v 1.5487600515096398 -0.2456222400000002 2.98799998
v -0.08729528927399649 -0.7427903755496528 2.98799998
v 0.30799735999999955 -1.15497204 2.98799998
v 0.21380327500790525 -0.2456222400000002 2.98799998
v 0.30799735999999955 -1.4349719999999995 2.98799998
v 0.22586743507546697 -1.4713771241237221 2.98799998
v 1.370566548126509 -1.5930052128354115 2.98799998
v 1.7772721599091237 -0.6491256241503995 2.98799998
v 0.30799735999999955 -1.15497204 2.98799998
v 1.370566548126509 -1.5930052128354115 2.98799998
v 0.30799735999999955 -1.15497204 2.98799998
v 0.30799735999999955 -1.4349719999999995 2.98799998
v 1.370566548126509 -1.5930052128354115 2.98799998
v -2.5843453599999995 -2.4946221500000005 2.98799998
v -2.584345359999999 -1.4963175143418692 2.98799998
v -2.884492340000001 -1.4906113820023514 2.98799998
v -2.5843453599999995 -2.4946221500000005 2.98799998
v -1.6431767644677098 -2.88062223 2.98799998
v -1.284949819319374 -2.4946221500000005 2.98799998
v -2.5843453599999995 -2.4946221500000005 2.98799998
v -2.884492340000001 -1.4906113820023514 2.98799998
v -2.884492340000001 -2.88062223 2.98799998
v -1.6431767644677098 -2.88062223 2.98799998
v -2.5843453599999995 -2.4946221500000005 2.98799998
v -2.884492340000001 -2.88062223 2.98799998
v -1.5624264352220136 -1.5157453447502935 2.98799998
v -2.584345359999999 -1.4963175143418692 2.98799998
v -2.584345359999999 -2.2946223400000005 2.98799998
v -2.584345359999999 -2.2946223400000005 2.98799998
v -1.223956509763883 -2.29462234 2.98799998
v -1.5624264352220136 -1.5157453447502935 2.98799998
v 1.8446536035616898 0.7552107808669639 2.98799998
v 1.4959777447859006 -0.045622249999999864 2.98799998
v 2.6486548 -0.04562224999999964 2.98799998
v 2.6486548 -0.24562223999999988 2.98799998
v 1.5487600515096398 -0.2456222400000002 2.98799998
v 1.7772721599091237 -0.6491256241503995 2.98799998
v 3.1412640301538586 0.7471435675465785 2.98799998
v 1.8446536035616898 0.7552107808669639 2.98799998
v 2.6486548 -0.04562224999999964 2.98799998
v 2.6486548 -0.24562223999999988 2.98799998
v 1.7772721599091237 -0.6491256241503995 2.98799998
v 3.1350908226283565 -0.7978546016715087 2.98799998
v 3.1350908226283565 -0.7978546016715087 2.98799998
v 3.1412640301538586 0.7471435675465785 2.98799998
v 2.6486548 -0.04562224999999964 2.98799998
v 2.6486548 -0.04562224999999964 2.98799998
v 2.6486548 -0.24562223999999988 2.98799998
v 3.1350908226283565 -0.7978546016715087 2.98799998
v 1.8446536035616898 0.7552107808669639 2.98799998
v 1.803632091742105 0.8320279899999998 2.98799998
v 1.57599741 0.8320279899999994 2.98799998
v 1.5759974100000003 1.1120279600000003 2.98799998
v 1.6541080175343812 1.1120279600000003 2.98799998
v 1.5012265958074849 1.3983149256535692 2.98799998
v 0.30799735999999966 1.1120279600000003 2.98799998
v 0.4140340936240112 1.4941870553376 2.98799998
v 0.22796204213740023 1.11202796 2.98799998
v 0.30799735999999966 0.8320279900000002 2.98799998
v 0.09163094477580425 0.8320279900000002 2.98799998
v 0.02024449191808586 0.6854128372916468 2.98799998
v 0.30799735999999966 0.8320279900000002 2.98799998
v 0.3125475005426404 -0.045622249999999864 2.98799998
v 1.4959777447859006 -0.045622249999999864 2.98799998
v 1.4959777447859006 -0.045622249999999864 2.98799998
v 1.8446536035616898 0.7552107808669639 2.98799998
v 1.57599741 0.8320279899999994 2.98799998
v 0.30799735999999966 1.1120279600000003 2.98799998
v 1.5759974100000003 1.1120279600000003 2.98799998
v 1.5012265958074849 1.3983149256535692 2.98799998
v 0.4140340936240112 1.4941870553376 2.98799998
v 0.30799735999999966 1.1120279600000003 2.98799998
v 1.5012265958074849 1.3983149256535692 2.98799998
v 0.3125475005426404 -0.045622249999999864 2.98799998
v 0.30799735999999966 0.8320279900000002 2.98799998
v 0.02024449191808586 0.6854128372916468 2.98799998
v 1.5759974100000003 1.1120279600000003 2.98799998
v 0.30799735999999966 1.1120279600000003 2.98799998
v 1.57599741 0.8320279899999994 2.98799998
v 1.57599741 0.8320279899999994 2.98799998
v 0.30799735999999966 1.1120279600000003 2.98799998
v 0.30799735999999966 0.8320279900000002 2.98799998
v 1.57599741 0.8320279899999994 2.98799998
v 0.30799735999999966 0.8320279900000002 2.98799998
v 1.4959777447859006 -0.045622249999999864 2.98799998
v 0.02799735999999986 -1.1549720399999996 2.98799998
v 0.08986952084475983 -1.1549720399999999 2.98799998
v -0.08729528927399649 -0.7427903755496528 2.98799998
v -1.2340026800000006 -1.15497204 2.98799998
v -1.1995002523010776 -0.7119660633915467 2.98799998
v -1.3995283841905684 -1.15497204 2.98799998
v -1.5140026500000003 -1.4349719999999992 2.98799998
v -1.5140026500000006 -1.4085002984624673 2.98799998
v -1.5624264352220136 -1.5157453447502935 2.98799998
v -1.23400268 -1.4349719999999997 2.98799998
v -1.223956509763883 -2.29462234 2.98799998
v -0.1892972996573361 -2.29462234 2.98799998
v 0.02799735999999997 -1.4349719999999997 2.98799998
v 0.22586743507546697 -1.4713771241237221 2.98799998
v 0.2102197062728529 -1.4349719999999995 2.98799998
v -1.2340026800000006 -1.15497204 2.98799998
v 0.02799735999999986 -1.1549720399999996 2.98799998
v -0.08729528927399649 -0.7427903755496528 2.98799998
v -1.1995002523010776 -0.7119660633915467 2.98799998
v -1.2340026800000006 -1.15497204 2.98799998
v -0.08729528927399649 -0.7427903755496528 2.98799998
v -1.23400268 -1.4349719999999997 2.98799998
v -1.5140026500000003 -1.4349719999999992 2.98799998
v -1.5624264352220136 -1.5157453447502935 2.98799998
v 0.22586743507546697 -1.4713771241237221 2.98799998
v 0.02799735999999997 -1.4349719999999997 2.98799998
v -0.1892972996573361 -2.29462234 2.98799998
v -1.23400268 -1.4349719999999997 2.98799998
v 0.02799735999999986 -1.1549720399999996 2.98799998
v -1.2340026800000006 -1.15497204 2.98799998
v -1.23400268 -1.4349719999999997 2.98799998
v -0.1892972996573361 -2.29462234 2.98799998
v 0.02799735999999997 -1.4349719999999997 2.98799998
v 0.02799735999999986 -1.1549720399999996 2.98799998
v -1.23400268 -1.4349719999999997 2.98799998
v 0.02799735999999997 -1.4349719999999997 2.98799998
v -1.223956509763883 -2.29462234 2.98799998
v -1.23400268 -1.4349719999999997 2.98799998
v -1.5624264352220136 -1.5157453447502935 2.98799998
v 1.7760621136443802 2.715675959788759 2.98799998
v 1.9991813502789446 2.326897177524779 2.98799998
v 3.147147322854844 2.219583367188147 2.98799998
v 3.147147322854844 2.219583367188147 2.98799998
v 3.15350751 3.8113778200000006 2.98799998
v 2.8685076600000006 3.8153775799999994 2.98799998
v 2.8685076600000006 3.8153775799999994 2.98799998
v 2.86850766 4.18937762 2.98799998
v 2.5463931634231556 4.189377620000001 2.98799998
v 2.8685076600000006 3.8153775799999994 2.98799998
v 1.7760621136443802 2.715675959788759 2.98799998
v 3.147147322854844 2.219583367188147 2.98799998
v 1.7760621136443802 2.715675959788759 2.98799998
v 2.8685076600000006 3.8153775799999994 2.98799998
v 2.5463931634231556 4.189377620000001 2.98799998
v 1.9991813502789446 2.326897177524779 2.98799998
v 1.9329437057189125 2.2033777200000007 2.98799998
v 2.6486548 2.2033777200000007 2.98799998
v 1.8559973699999996 1.1120279600000007 2.98799998
v 1.8256931625455919 2.0033777200000005 2.98799998
v 1.5012265958074849 1.3983149256535692 2.98799998
v 1.5012265958074849 1.3983149256535692 2.98799998
v 1.6541080175343812 1.1120279600000003 2.98799998
v 1.8559973699999996 1.1120279600000007 2.98799998
v 1.8559973700000003 0.8320279899999996 2.98799998
v 1.803632091742105 0.8320279899999998 2.98799998
v 1.8446536035616898 0.7552107808669639 2.98799998
v 2.6486547999999996 2.0033777200000005 2.98799998
v 3.1412640301538586 0.7471435675465785 2.98799998
v 3.147147322854844 2.219583367188147 2.98799998
v 3.147147322854844 2.219583367188147 2.98799998
v 1.9991813502789446 2.326897177524779 2.98799998
v 2.6486548 2.2033777200000007 2.98799998
v 1.8256931625455919 2.0033777200000005 2.98799998
v 1.8559973699999996 1.1120279600000007 2.98799998
v 2.6486547999999996 2.0033777200000005 2.98799998
v 3.1412640301538586 0.7471435675465785 2.98799998
v 1.8559973700000003 0.8320279899999996 2.98799998
v 1.8446536035616898 0.7552107808669639 2.98799998
v 3.147147322854844 2.219583367188147 2.98799998
v 2.6486548 2.2033777200000007 2.98799998
v 2.6486547999999996 2.0033777200000005 2.98799998
v 3.1412640301538586 0.7471435675465785 2.98799998
v 1.8559973699999996 1.1120279600000007 2.98799998
v 1.8559973700000003 0.8320279899999996 2.98799998
v 1.8559973699999996 1.1120279600000007 2.98799998
v 3.1412640301538586 0.7471435675465785 2.98799998
v 2.6486547999999996 2.0033777200000005 2.98799998
v 0.4140340936240112 1.4941870553376 2.98799998
v 0.1544177434248013 2.0033777200000005 2.98799998
v 0.1536154980689255 2.0007873735863253 2.98799998
v 1.8256931625455919 2.0033777200000005 2.98799998
v 0.4140340936240112 1.4941870553376 2.98799998
v 1.5012265958074849 1.3983149256535692 2.98799998
v 0.4140340936240112 1.4941870553376 2.98799998
v 1.8256931625455919 2.0033777200000005 2.98799998
v 0.1544177434248013 2.0033777200000005 2.98799998
v 1.9329437057189125 2.2033777200000007 2.98799998
v 0.9989618390035777 3.036107207878282 2.98799998
v 0.21635890709624706 2.2033777200000007 2.98799998
v 0.9989618390035777 3.036107207878282 2.98799998
v 0.3769206990890177 2.72181096366471 2.98799998
v 0.21635890709624706 2.2033777200000007 2.98799998
v 1.7760621136443802 2.715675959788759 2.98799998
v 1.9329437057189125 2.2033777200000007 2.98799998
v 1.9991813502789446 2.326897177524779 2.98799998
v 0.9989618390035777 3.036107207878282 2.98799998
v 1.9329437057189125 2.2033777200000007 2.98799998
v 1.7760621136443802 2.715675959788759 2.98799998
v -1.1995002523010776 -0.7119660633915467 2.98799998
v 0.21380327500790525 -0.2456222400000002 2.98799998
v -1.4748068330039614 -0.24562223999999966 2.98799998
v 0.21380327500790525 -0.2456222400000002 2.98799998
v -1.1995002523010776 -0.7119660633915467 2.98799998
v -0.08729528927399649 -0.7427903755496528 2.98799998
v 0.02024449191808586 0.6854128372916468 2.98799998
v -1.2291406785860481 0.762721928611252 2.98799998
v -1.55756467801472 -0.045622249999999864 2.98799998
v -1.55756467801472 -0.045622249999999864 2.98799998
v 0.3125475005426404 -0.045622249999999864 2.98799998
v 0.02024449191808586 0.6854128372916468 2.98799998
v 0.1544177434248013 2.0033777200000005 2.98799998
v 0.10618130283863603 2.0033777200000005 2.98799998
v 0.1536154980689255 2.0007873735863253 2.98799998
v -1.2305185118881288 2.2033777200000007 2.98799998
v -0.3666172536880934 3.4276163778094753 2.98799998
v -1.402418322768519 2.702980736588972 2.98799998
v -0.3666172536880934 3.4276163778094753 2.98799998
v -1.2305185118881288 2.2033777200000007 2.98799998
v 0.21635890709624706 2.2033777200000007 2.98799998
v -0.3666172536880934 3.4276163778094753 2.98799998
v 0.21635890709624706 2.2033777200000007 2.98799998
v 0.3769206990890177 2.72181096366471 2.98799998
v 0.02024449191808586 0.6854128372916468 2.98799998
v 0.09163094477580425 0.8320279900000002 2.98799998
v 0.02799735999999997 0.8320279900000003 2.98799998
v 0.027997360000000082 1.1120279600000005 2.98799998
v 0.22796204213740023 1.11202796 2.98799998
v 0.4140340936240112 1.4941870553376 2.98799998
v 0.4140340936240112 1.4941870553376 2.98799998
v 0.1536154980689255 2.0007873735863253 2.98799998
v 0.10618130283863603 2.0033777200000005 2.98799998
v -1.2340026800000006 1.1120279600000003 2.98799998
v -1.21847094892123 2.00337772 2.98799998
v -1.5035282592328643 1.3842274489006934 2.98799998
v -1.5035282592328643 1.3842274489006934 2.98799998
v -1.3833552973290377 1.1120279600000005 2.98799998
v -1.2340026800000006 1.1120279600000003 2.98799998
v -1.2340026799999997 0.8320279900000004 2.98799998
v -1.2597385122139173 0.8320279900000002 2.98799998
v -1.2291406785860481 0.762721928611252 2.98799998
v -1.2291406785860481 0.762721928611252 2.98799998
v 0.02024449191808586 0.6854128372916468 2.98799998
v 0.02799735999999997 0.8320279900000003 2.98799998
v 0.027997360000000082 1.1120279600000005 2.98799998
v 0.4140340936240112 1.4941870553376 2.98799998
v 0.10618130283863603 2.0033777200000005 2.98799998
v 0.027997360000000082 1.1120279600000005 2.98799998
v -1.21847094892123 2.00337772 2.98799998
v -1.2340026800000006 1.1120279600000003 2.98799998
v 0.02799735999999997 0.8320279900000003 2.98799998
v -1.2340026799999997 0.8320279900000004 2.98799998
v -1.2291406785860481 0.762721928611252 2.98799998
v -1.2340026800000006 1.1120279600000003 2.98799998
v 0.02799735999999997 0.8320279900000003 2.98799998
v 0.027997360000000082 1.1120279600000005 2.98799998
v -1.21847094892123 2.00337772 2.98799998
v 0.027997360000000082 1.1120279600000005 2.98799998
v 0.10618130283863603 2.0033777200000005 2.98799998
v 0.02799735999999997 0.8320279900000003 2.98799998
v -1.2340026800000006 1.1120279600000003 2.98799998
v -1.2340026799999997 0.8320279900000004 2.98799998
v -1.5140026500000001 -1.1549720400000005 2.98799998
v -1.5624264352220136 -1.5157453447502935 2.98799998
v -1.5140026500000006 -1.4085002984624673 2.98799998
v -1.5140026500000001 -1.1549720400000005 2.98799998
v -1.3995283841905684 -1.15497204 2.98799998
v -1.1995002523010776 -0.7119660633915467 2.98799998
v -1.5140026500000001 -1.1549720400000005 2.98799998
v -1.4748068330039614 -0.24562223999999966 2.98799998
v -2.5843453599999995 -0.24562223999999988 2.98799998
v -2.5843453599999995 -0.24562223999999988 2.98799998
v -2.58434536 -0.0836849081579325 2.98799998
v -2.8844923400000013 -0.08446504158630574 2.98799998
v -2.5843453599999995 -0.24562223999999988 2.98799998
v -2.884492340000001 -1.4906113820023514 2.98799998
v -2.584345359999999 -1.4963175143418692 2.98799998
v -1.5624264352220136 -1.5157453447502935 2.98799998
v -1.5140026500000001 -1.1549720400000005 2.98799998
v -2.584345359999999 -1.4963175143418692 2.98799998
v -1.4748068330039614 -0.24562223999999966 2.98799998
v -1.5140026500000001 -1.1549720400000005 2.98799998
v -1.1995002523010776 -0.7119660633915467 2.98799998
v -2.884492340000001 -1.4906113820023514 2.98799998
v -2.5843453599999995 -0.24562223999999988 2.98799998
v -2.8844923400000013 -0.08446504158630574 2.98799998
v -2.584345359999999 -1.4963175143418692 2.98799998
v -1.5140026500000001 -1.1549720400000005 2.98799998
v -2.5843453599999995 -0.24562223999999988 2.98799998
v 0.9913548580727563 4.18937762 2.98799998
v 1.7760621136443802 2.715675959788759 2.98799998
v 2.5463931634231556 4.189377620000001 2.98799998
v 1.7760621136443802 2.715675959788759 2.98799998
v 0.9913548580727563 4.18937762 2.98799998
v 0.9989618390035777 3.036107207878282 2.98799998
v -1.6487252650169582 2.875015892332456 2.98799998
v -1.767050351711206 4.18937762 2.98799998
v -2.8844923400000013 4.18937762 2.98799998
v -2.8844923400000013 4.18937762 2.98799998
v -2.8844923400000018 2.7018346323140014 2.98799998
v -1.6487252650169582 2.875015892332456 2.98799998
v -1.51400265 0.8320279899999994 2.98799998
v -1.55756467801472 -0.045622249999999864 2.98799998
v -1.2291406785860481 0.762721928611252 2.98799998
v -1.2291406785860481 0.762721928611252 2.98799998
v -1.2597385122139173 0.8320279900000002 2.98799998
v -1.51400265 0.8320279899999994 2.98799998
v -1.51400265 1.11202796 2.98799998
v -1.3833552973290377 1.1120279600000005 2.98799998
v -1.5035282592328643 1.3842274489006934 2.98799998
v -2.5843453599999995 -0.04562225000000031 2.98799998
v -2.8844923400000013 1.4124666799027923 2.98799998
v -2.8844923400000013 -0.08446504158630574 2.98799998
v -2.8844923400000013 -0.08446504158630574 2.98799998
v -2.58434536 -0.0836849081579325 2.98799998
v -2.5843453599999995 -0.04562225000000031 2.98799998
v -1.55756467801472 -0.045622249999999864 2.98799998
v -1.51400265 0.8320279899999994 2.98799998
v -2.5843453599999995 -0.04562225000000031 2.98799998
v -2.8844923400000013 1.4124666799027923 2.98799998
v -1.51400265 1.11202796 2.98799998
v -1.5035282592328643 1.3842274489006934 2.98799998
v -2.8844923400000013 1.4124666799027923 2.98799998
v -1.51400265 0.8320279899999994 2.98799998
v -1.51400265 1.11202796 2.98799998
v -1.51400265 0.8320279899999994 2.98799998
v -2.8844923400000013 1.4124666799027923 2.98799998
v -2.5843453599999995 -0.04562225000000031 2.98799998
v -0.3666172536880934 3.4276163778094753 2.98799998
v 0.3769206990890177 2.72181096366471 2.98799998
v 0.9989618390035777 3.036107207878282 2.98799998
v -0.3666172536880934 3.4276163778094753 2.98799998
v 0.9913548580727563 4.18937762 2.98799998
v -0.3611108850815574 4.18937762 2.98799998
v 0.9913548580727563 4.18937762 2.98799998
v -0.3666172536880934 3.4276163778094753 2.98799998
v 0.9989618390035777 3.036107207878282 2.98799998
v -1.6487252650169582 2.875015892332456 2.98799998
v -1.402418322768519 2.702980736588972 2.98799998
v -0.3666172536880934 3.4276163778094753 2.98799998
v -0.3666172536880934 3.4276163778094753 2.98799998
v -0.3611108850815574 4.18937762 2.98799998
v -1.767050351711206 4.18937762 2.98799998
v -1.767050351711206 4.18937762 2.98799998
v -1.6487252650169582 2.875015892332456 2.98799998
v -0.3666172536880934 3.4276163778094753 2.98799998
v -1.6487252650169582 2.875015892332456 2.98799998
v -1.2305185118881288 2.2033777200000007 2.98799998
v -1.402418322768519 2.702980736588972 2.98799998
v -2.5843453599999995 2.2033777200000007 2.98799998
v -1.6487252650169582 2.875015892332456 2.98799998
v -2.8844923400000018 2.7018346323140014 2.98799998
v -2.5843453599999995 2.00337772 2.98799998
v -1.5035282592328643 1.3842274489006934 2.98799998
v -1.21847094892123 2.00337772 2.98799998
v -1.2305185118881288 2.2033777200000007 2.98799998
v -1.6487252650169582 2.875015892332456 2.98799998
v -2.5843453599999995 2.2033777200000007 2.98799998
v -1.5035282592328643 1.3842274489006934 2.98799998
v -2.5843453599999995 2.00337772 2.98799998
v -2.8844923400000013 1.4124666799027923 2.98799998
v -2.5843453599999995 2.00337772 2.98799998
v -2.5843453599999995 2.2033777200000007 2.98799998
v -2.8844923400000018 2.7018346323140014 2.98799998
v -2.8844923400000018 2.7018346323140014 2.98799998
v -2.8844923400000013 1.4124666799027923 2.98799998
v -2.5843453599999995 2.00337772 2.98799998
v 1.57599741 0.83202799 2.86300005
v 1.85599737 1.11202796 2.86300005
v 1.57599741 1.11202796 2.86300005
v 1.85599737 1.11202796 2.86300005
v 1.57599741 0.83202799 2.86300005
v 1.85599737 0.83202799 2.86300005
v 1.57599741 0.83202799 2.86300005
v 1.85599737 0.83202799 2.98799998
v 1.85599737 0.83202799 2.86300005
v 1.85599737 0.83202799 2.98799998
v 1.57599741 0.83202799 2.86300005
v 1.57599741 0.83202799 2.98799998
v 1.57599741 1.11202796 2.86300005
v 1.57599741 1.11202796 2.98799998
v 1.57599741 0.8320279899999999 2.98799998
v 1.57599741 0.8320279899999999 2.98799998
v 1.57599741 0.83202799 2.86300005
v 1.57599741 1.11202796 2.86300005
v 1.85599737 1.11202796 2.86300005
v 1.57599741 1.11202796 2.98799998
v 1.57599741 1.11202796 2.86300005
v 1.57599741 1.11202796 2.98799998
v 1.85599737 1.11202796 2.86300005
v 1.85599737 1.11202796 2.98799998
v 1.85599737 1.11202796 2.98799998
v 1.85599737 1.11202796 2.86300005
v 1.85599737 0.8320279899999999 2.86300005
v 1.85599737 0.8320279899999999 2.86300005
v 1.85599737 0.83202799 2.98799998
v 1.85599737 1.11202796 2.98799998
v 0.30799736 0.83202799 2.86300005
v 0.30799736 1.11202796 2.86300005
v 0.02799735999999997 1.11202796 2.86300005
v 0.02799735999999997 1.11202796 2.86300005
v 0.02799735999999998 0.83202799 2.86300005
v 0.30799736 0.83202799 2.86300005
v 0.027997359999999916 0.83202799 2.98799998
v 0.30799736 0.83202799 2.98799998
v 0.30799736 0.83202799 2.86300005
v 0.30799736 0.83202799 2.86300005
v 0.02799735999999992 0.83202799 2.86300005
v 0.027997359999999916 0.83202799 2.98799998
v 0.02799736 1.11202796 2.86300005
v 0.02799736 1.11202796 2.98799998
v 0.02799736 0.8320279899999999 2.98799998
v 0.02799736 0.8320279899999999 2.98799998
v 0.02799736 0.83202799 2.86300005
v 0.02799736 1.11202796 2.86300005
v 0.30799736000000005 1.11202796 2.98799998
v 0.02799736 1.11202796 2.98799998
v 0.027997359999999992 1.11202796 2.86300005
v 0.027997359999999992 1.11202796 2.86300005
v 0.3079973600000001 1.11202796 2.86300005
v 0.30799736000000005 1.11202796 2.98799998
v 0.30799736 1.11202796 2.98799998
v 0.30799736 1.11202796 2.86300005
v 0.30799736 0.8320279899999999 2.86300005
v 0.30799736 0.8320279899999999 2.86300005
v 0.30799736 0.83202799 2.98799998
v 0.30799736 1.11202796 2.98799998
v -1.23400268 0.83202799 2.86300005
v -1.23400268 1.11202796 2.86300005
v -1.51400265 1.11202796 2.86300005
v -1.51400265 1.11202796 2.86300005
v -1.51400265 0.83202799 2.86300005
v -1.23400268 0.83202799 2.86300005
v -1.51400265 0.83202799 2.98799998
v -1.23400268 0.83202799 2.98799998
v -1.23400268 0.83202799 2.86300005
v -1.23400268 0.83202799 2.86300005
v -1.51400265 0.83202799 2.86300005
v -1.51400265 0.83202799 2.98799998
v -1.51400265 1.11202796 2.86300005
v -1.51400265 1.11202796 2.98799998
v -1.51400265 0.8320279899999999 2.98799998
v -1.51400265 0.8320279899999999 2.98799998
v -1.51400265 0.83202799 2.86300005
v -1.51400265 1.11202796 2.86300005
v -1.23400268 1.11202796 2.98799998
v -1.51400265 1.11202796 2.98799998
v -1.51400265 1.11202796 2.86300005
v -1.51400265 1.11202796 2.86300005
v -1.23400268 1.11202796 2.86300005
v -1.23400268 1.11202796 2.98799998
v -1.23400268 1.11202796 2.98799998
v -1.23400268 1.11202796 2.86300005
v -1.23400268 0.8320279899999999 2.86300005
v -1.23400268 0.8320279899999999 2.86300005
v -1.23400268 0.83202799 2.98799998
v -1.23400268 1.11202796 2.98799998
v 1.57599741 -1.434972 2.86300005
v 1.85599737 -1.15497204 2.86300005
v 1.5759974100000003 -1.15497204 2.86300005
v 1.85599737 -1.15497204 2.86300005
v 1.57599741 -1.434972 2.86300005
v 1.8559973699999999 -1.434972 2.86300005
v 1.57599741 -1.434972 2.86300005
v 1.85599737 -1.434972 2.98799998
v 1.85599737 -1.434972 2.86300005
v 1.85599737 -1.434972 2.98799998
v 1.57599741 -1.434972 2.86300005
v 1.57599741 -1.434972 2.98799998
v 1.57599741 -1.15497204 2.86300005
v 1.57599741 -1.15497204 2.98799998
v 1.57599741 -1.4349720000000001 2.98799998
v 1.57599741 -1.4349720000000001 2.98799998
v 1.57599741 -1.434972 2.86300005
v 1.57599741 -1.15497204 2.86300005
v 1.85599737 -1.15497204 2.86300005
v 1.57599741 -1.15497204 2.98799998
v 1.57599741 -1.15497204 2.86300005
v 1.57599741 -1.15497204 2.98799998
v 1.85599737 -1.15497204 2.86300005
v 1.85599737 -1.15497204 2.98799998
v 1.85599737 -1.15497204 2.98799998
v 1.85599737 -1.15497204 2.86300005
v 1.85599737 -1.4349720000000001 2.86300005
v 1.85599737 -1.4349720000000001 2.86300005
v 1.85599737 -1.434972 2.98799998
v 1.85599737 -1.15497204 2.98799998
v 0.02799735999999991 -1.434972 2.86300005
v 0.30799736 -1.15497204 2.86300005
v 0.027997359999999916 -1.15497204 2.86300005
v 0.30799736 -1.15497204 2.86300005
v 0.02799735999999991 -1.434972 2.86300005
v 0.30799736 -1.434972 2.86300005
v 0.027997359999999916 -1.434972 2.98799998
v 0.30799736 -1.434972 2.98799998
v 0.30799736 -1.434972 2.86300005
v 0.30799736 -1.434972 2.86300005
v 0.02799735999999992 -1.434972 2.86300005
v 0.027997359999999916 -1.434972 2.98799998
v 0.02799736 -1.15497204 2.86300005
v 0.02799736 -1.15497204 2.98799998
v 0.02799736 -1.4349720000000001 2.98799998
v 0.02799736 -1.4349720000000001 2.98799998
v 0.02799736 -1.434972 2.86300005
v 0.02799736 -1.15497204 2.86300005
v 0.30799736000000005 -1.15497204 2.98799998
v 0.02799736 -1.15497204 2.98799998
v 0.027997359999999992 -1.15497204 2.86300005
v 0.027997359999999992 -1.15497204 2.86300005
v 0.3079973600000001 -1.15497204 2.86300005
v 0.30799736000000005 -1.15497204 2.98799998
v 0.30799736 -1.15497204 2.98799998
v 0.30799736 -1.15497204 2.86300005
v 0.30799736 -1.4349720000000001 2.86300005
v 0.30799736 -1.4349720000000001 2.86300005
v 0.30799736 -1.434972 2.98799998
v 0.30799736 -1.15497204 2.98799998
v -1.23400268 -1.4349719999999997 2.86300005
v -1.23400268 -1.15497204 2.86300005
v -1.51400265 -1.15497204 2.86300005
v -1.51400265 -1.15497204 2.86300005
v -1.51400265 -1.434972 2.86300005
v -1.23400268 -1.4349719999999997 2.86300005
v -1.51400265 -1.434972 2.98799998
v -1.23400268 -1.434972 2.98799998
v -1.23400268 -1.434972 2.86300005
v -1.23400268 -1.434972 2.86300005
v -1.51400265 -1.434972 2.86300005
v -1.51400265 -1.434972 2.98799998
v -1.51400265 -1.15497204 2.86300005
v -1.51400265 -1.15497204 2.98799998
v -1.51400265 -1.4349720000000001 2.98799998
v -1.51400265 -1.4349720000000001 2.98799998
v -1.51400265 -1.434972 2.86300005
v -1.51400265 -1.15497204 2.86300005
v -1.23400268 -1.15497204 2.98799998
v -1.51400265 -1.15497204 2.98799998
v -1.51400265 -1.15497204 2.86300005
v -1.51400265 -1.15497204 2.86300005
v -1.23400268 -1.15497204 2.86300005
v -1.23400268 -1.15497204 2.98799998
v -1.23400268 -1.15497204 2.98799998
v -1.23400268 -1.15497204 2.86300005
v -1.23400268 -1.4349720000000001 2.86300005
v -1.23400268 -1.4349720000000001 2.86300005
v -1.23400268 -1.434972 2.98799998
v -1.23400268 -1.15497204 2.98799998
v -2.82949241 4.30737778 0.4500000000000002
v -1.29749241 4.30737778 0.45
v -1.29749241 4.30737778 0.0
v -1.29749241 4.30737778 0.0
v -2.8294924099999994 4.30737778 9.097551255602246e-17
v -2.82949241 4.30737778 0.4500000000000002
v -2.8294924099999994 4.33737789 0.45
v -1.29749241 4.30737778 0.45
v -2.8294924099999994 4.30737778 0.45
v -1.29749241 4.30737778 0.45
v -2.8294924099999994 4.33737789 0.45
v -1.29749241 4.33737789 0.45
v -0.76949237 4.30737778 0.45000000000000007
v 0.75750759 4.30737778 0.45
v 0.75750759 4.30737778 0.0
v 0.75750759 4.30737778 0.0
v -0.7694923699999999 4.30737778 -1.7803814882674293e-17
v -0.76949237 4.30737778 0.45000000000000007
v -0.7694923699999999 4.33737789 0.45
v 0.75750759 4.30737778 0.45
v -0.76949237 4.30737778 0.45
v 0.75750759 4.30737778 0.45
v -0.7694923699999999 4.33737789 0.45
v 0.75750759 4.33737789 0.45
v 1.2605076500000003 4.30737778 1.1455760665940167e-16
v 2.80350756 4.30737778 0.45
v 2.80350756 4.30737778 -5.551115123125783e-17
v 2.80350756 4.30737778 0.45
v 1.2605076500000003 4.30737778 1.1455760665940167e-16
v 1.26050765 4.30737778 0.4500000000000002
v 1.2605076500000003 4.33737789 0.45
v 2.80350756 4.30737778 0.45
v 1.26050765 4.30737778 0.45
v 2.80350756 4.30737778 0.45
v 1.2605076500000003 4.33737789 0.45
v 2.80350756 4.33737789 0.45
v 1.26650758 4.24237787 0.14999999999999997
v 1.26650758 4.24237787 0.59500002
v 1.26650758 4.082377559999999 0.59500002
v 1.26650758 4.082377559999999 0.59500002
v 1.26650758 4.08237756 0.14999999999999997
v 1.26650758 4.24237787 0.14999999999999997
v 2.78650763 4.08237756 0.15
v 2.78650763 4.24237787 0.15
v 1.2665075799999999 4.24237787 0.15
v 1.2665075799999999 4.24237787 0.15
v 1.2665075799999999 4.08237756 0.15
v 2.78650763 4.08237756 0.15
v 1.26650758 4.08237756 0.15000000000000008
v 2.78650763 4.08237756 0.59500002
v 2.78650763 4.08237756 0.15000000000000008
v 2.78650763 4.08237756 0.59500002
v 1.26650758 4.08237756 0.15000000000000008
v 1.26650758 4.08237756 0.59500002
v 2.78650763 4.24237787 0.59500002
v 2.78650763 4.08237756 0.59500002
v 1.2665075799999999 4.08237756 0.59500002
v 1.2665075799999999 4.08237756 0.59500002
v 1.2665075799999999 4.24237787 0.59500002
v 2.78650763 4.24237787 0.59500002
v 2.78650763 4.24237787 0.15000000000000008
v 1.26650758 4.24237787 0.59500002
v 1.2665075800000003 4.24237787 0.15000000000000008
v 1.26650758 4.24237787 0.59500002
v 2.78650763 4.24237787 0.15000000000000008
v 2.78650763 4.24237787 0.59500002
v 2.78650763 4.24237787 0.5950000200000001
v 2.78650763 4.24237787 0.15
v 2.78650763 4.082377559999999 0.15
v 2.78650763 4.082377559999999 0.15
v 2.78650763 4.08237756 0.59500002
v 2.78650763 4.24237787 0.5950000200000001
v -2.88449234 -2.88062223 2.98799998
v -2.86649247 -2.8906222 2.49999992
v -1.61649242 -2.88062223 2.98799998
v -2.86649247 -2.8906222 2.49999992
v -2.88449234 -2.88062223 2.98799998
v -2.88449234 -2.8906222 2.49999992
v -1.81549248 -2.87062226 2.01999996
v -1.81549248 -2.8906222 2.01999996
v -2.8754923100000003 -2.8906222 2.01999996
v -2.8754923100000003 -2.8906222 2.01999996
v -2.8754923100000003 -2.87062226 2.01999996
v -1.81549248 -2.87062226 2.01999996
v -1.81549248 -2.87062226 2.01999996
v -1.81549248 -2.87062226 0.0
v -1.81549248 -2.8906222 0.0
v -1.81549248 -2.8906222 0.0
v -1.81549248 -2.8906222 2.01999996
v -1.81549248 -2.87062226 2.01999996
v -1.81549248 -2.87062226 1.0106772354915683
v -1.81549248 -2.87062226 2.01999996
v -2.87549231 -2.87062226 2.01999996
v -2.87549231 -2.87062226 2.01999996
v -2.87549231 -2.87062226 0.9955566439861967
v -1.81549248 -2.87062226 1.0106772354915683
v -2.87549231 -2.87062226 0.9955566439861967
v -2.87549231 -2.87062226 -2.220446049250313e-16
v -1.81549248 -2.87062226 -1.47093534556656e-17
v -1.81549248 -2.87062226 -1.47093534556656e-17
v -1.81549248 -2.87062226 1.0106772354915683
v -2.87549231 -2.87062226 0.9955566439861967
v -2.87549231 -2.87062226 -6.08237418764368e-17
v -2.87549231 -2.87062226 2.01999996
v -2.87549231 -2.8906222 2.01999996
v -2.87549231 -2.8906222 2.01999996
v -2.87549231 -2.8906222 1.9300306666410335e-20
v -2.87549231 -2.87062226 -6.08237418764368e-17
v -3.03649237 -2.8906222 2.49999992
v -2.87549231 -2.8906222 2.01999996
v -2.88449234 -2.8906222 2.49999992
v -2.87549231 -2.8906222 2.01999996
v -3.03649237 -2.8906222 2.49999992
v -3.03649237 -2.8906222 1.2140617335882131
v -2.87549231 -2.8906222 2.01999996
v -3.03649237 -2.8906222 1.2140617335882131
v -2.87549231 -2.8906222 1.216954831476206
v -3.03649237 -2.8906222 1.2140617335882131
v -3.0364923700000004 -2.8906222 5.724587470723463e-16
v -2.87549231 -2.8906222 4.445019686631897e-16
v -2.87549231 -2.8906222 4.445019686631897e-16
v -2.87549231 -2.8906222 1.216954831476206
v -3.03649237 -2.8906222 1.2140617335882131
v -2.86649247 -2.8906222 2.49999992
v -2.88449234 -2.8906222 2.49999992
v -2.87549231 -2.8906222 2.01999996
v -2.87549231 -2.8906222 2.01999996
v -1.81549248 -2.8906222 2.01999996
v -2.86649247 -2.8906222 2.49999992
v -1.6164924200000002 -2.88062223 2.98799998
v -2.86649247 -2.8906222 2.49999992
v -1.8154924799999996 -2.8906222 2.01999996
v -1.61649242 -2.88062223 2.98799998
v -1.81549248 -2.8906222 2.01999996
v -1.61649242 -2.8906222 -2.7578406865811824e-24
v -1.81549248 -2.8906222 2.01999996
v -1.81549248 -2.8906222 6.557254739192331e-16
v -1.61649242 -2.8906222 4.421030343167071e-16

usemtl Patch_1_Mat_CR2_concrete
f 3 2 1
f 6 5 4

usemtl Patch_2_Mat_CR2_concrete
f 9 8 7
f 12 11 10

usemtl Patch_3_Mat_CR2_concrete
f 15 14 13
f 18 17 16

usemtl Patch_4_Mat_CR2_concrete
f 21 20 19
f 24 23 22

usemtl Patch_5_Mat_CR2_concrete
f 27 26 25
f 30 29 28

usemtl Patch_6_Mat_CR2_concrete
f 33 32 31
f 36 35 34

usemtl Patch_7_Mat_CR2_concrete
f 39 38 37
f 42 41 40

usemtl Patch_8_Mat_CR2_concrete
f 45 44 43
f 48 47 46

usemtl Patch_9_Mat_CR2_concrete
f 51 50 49
f 54 53 52

usemtl Patch_10_Mat_CR2_concrete
f 57 56 55
f 60 59 58

usemtl Patch_11_Mat_CR2_concrete
f 63 62 61
f 66 65 64

usemtl Patch_12_Mat_CR2_concrete
f 69 68 67
f 72 71 70

usemtl Patch_13_Mat_CR2_concrete
f 75 74 73
f 78 77 76

usemtl Patch_14_Mat_CR2_windows
f 81 80 79
f 84 83 82

usemtl Patch_15_Mat_CR2_windows
f 87 86 85
f 90 89 88

usemtl Patch_16_Mat_CR2_concrete
f 93 92 91
f 96 95 94

usemtl Patch_17_Mat_CR2_concrete
f 99 98 97
f 102 101 100

usemtl Patch_18_Mat_CR2_concrete
f 105 104 103
f 108 107 106
f 111 110 109

usemtl Patch_19_Mat_CR2_concrete
f 114 113 112
f 117 116 115
f 120 119 118
f 123 122 121
f 126 125 124
f 129 128 127
f 132 131 130

usemtl Patch_20_Mat_CR2_concrete
f 135 134 133
f 138 137 136
f 141 140 139

usemtl Patch_21_Mat_CR2_concrete
f 144 143 142
f 147 146 145

usemtl Patch_22_Mat_CR2_concrete
f 150 149 148
f 153 152 151
f 156 155 154

usemtl Patch_23_Mat_CR2_concrete
f 159 158 157
f 162 161 160
f 165 164 163

usemtl Patch_24_Mat_CR2_concrete
f 168 167 166
f 171 170 169
f 174 173 172

usemtl Patch_25_Mat_CR2_concrete
f 177 176 175
f 180 179 178
f 183 182 181

usemtl Patch_26_Mat_CR2_concrete
f 186 185 184
f 189 188 187

usemtl Patch_27_Mat_CR2_concrete
f 192 191 190
f 195 194 193

usemtl Patch_28_Mat_CR2_concrete
f 198 197 196

usemtl Patch_29_Mat_CR2_concrete
f 201 200 199
f 204 203 202

usemtl Patch_30_Mat_CR2_concrete
f 207 206 205
f 210 209 208

usemtl Patch_31_Mat_CR2_concrete
f 213 212 211

usemtl Patch_32_Mat_CR2_ceiling
f 216 215 214
f 219 218 217
f 222 221 220
f 225 224 223
f 228 227 226

usemtl Patch_33_Mat_CR2_concrete
f 231 230 229
f 234 233 232

usemtl Patch_34_Mat_CR2_concrete
f 237 236 235
f 240 239 238
f 243 242 241
f 246 245 244

usemtl Patch_35_Mat_CR2_ceiling
f 249 248 247
f 252 251 250
f 255 254 253
f 258 257 256
f 261 260 259

usemtl Patch_36_Mat_CR2_concrete
f 264 263 262
f 267 266 265

usemtl Patch_37_Mat_CR2_concrete
f 270 269 268
f 273 272 271

usemtl Patch_38_Mat_CR2_concrete
f 276 275 274
f 279 278 277

usemtl Patch_39_Mat_CR2_concrete
f 282 281 280
f 285 284 283

usemtl Patch_40_Mat_CR2_concrete
f 288 287 286
f 291 290 289

usemtl Patch_41_Mat_CR2_concrete
f 294 293 292
f 297 296 295

usemtl Patch_42_Mat_CR2_concrete
f 300 299 298
f 303 302 301

usemtl Patch_43_Mat_CR2_concrete
f 306 305 304
f 309 308 307

usemtl Patch_44_Mat_CR2_concrete
f 312 311 310
f 315 314 313

usemtl Patch_45_Mat_CR2_concrete
f 318 317 316
f 321 320 319

usemtl Patch_46_Mat_CR2_plaster
f 324 323 322
f 327 326 325

usemtl Patch_47_Mat_CR2_plaster
f 330 329 328
f 333 332 331
f 336 335 334

usemtl Patch_48_Mat_CR2_plaster
f 339 338 337
f 342 341 340
f 345 344 343

usemtl Patch_49_Mat_CR2_plaster
f 348 347 346
f 351 350 349
f 354 353 352

usemtl Patch_50_Mat_CR2_plaster
f 357 356 355
f 360 359 358
f 363 362 361

usemtl Patch_51_Mat_CR2_plaster
f 366 365 364
f 369 368 367
f 372 371 370

usemtl Patch_52_Mat_CR2_plaster
f 375 374 373
f 378 377 376
f 381 380 379

usemtl Patch_53_Mat_CR2_plaster
f 384 383 382
f 387 386 385
f 390 389 388

usemtl Patch_54_Mat_CR2_plaster
f 393 392 391
f 396 395 394

usemtl Patch_55_Mat_CR2_floor
f 399 398 397
f 402 401 400
f 405 404 403
f 408 407 406
f 411 410 409

usemtl Patch_56_Mat_CR2_floor
f 414 413 412
f 417 416 415
f 420 419 418
f 423 422 421

usemtl Patch_57_Mat_CR2_floor
f 426 425 424
f 429 428 427
f 432 431 430

usemtl Patch_58_Mat_CR2_floor
f 435 434 433
f 438 437 436
f 441 440 439

usemtl Patch_59_Mat_CR2_floor
f 444 443 442
f 447 446 445
f 450 449 448

usemtl Patch_60_Mat_CR2_floor
f 453 452 451
f 456 455 454
f 459 458 457
f 462 461 460
f 465 464 463
f 468 467 466
f 471 470 469

usemtl Patch_61_Mat_CR2_floor
f 474 473 472
f 477 476 475
f 480 479 478
f 483 482 481
f 486 485 484

usemtl Patch_62_Mat_CR2_floor
f 489 488 487
f 492 491 490
f 495 494 493
f 498 497 496

usemtl Patch_63_Mat_CR2_floor
f 501 500 499
f 504 503 502
f 507 506 505
f 510 509 508
f 513 512 511
f 516 515 514

usemtl Patch_64_Mat_CR2_floor
f 519 518 517
f 522 521 520
f 525 524 523
f 528 527 526
f 531 530 529

usemtl Patch_65_Mat_CR2_floor
f 534 533 532
f 537 536 535
f 540 539 538

usemtl Patch_66_Mat_CR2_floor
f 543 542 541
f 546 545 544
f 549 548 547
f 552 551 550

usemtl Patch_67_Mat_CR2_floor
f 555 554 553
f 558 557 556
f 561 560 559
f 564 563 562
f 567 566 565

usemtl Patch_68_Mat_CR2_floor
f 570 569 568
f 573 572 571
f 576 575 574

usemtl Patch_69_Mat_CR2_floor
f 579 578 577
f 582 581 580
f 585 584 583

usemtl Patch_70_Mat_CR2_floor
f 588 587 586
f 591 590 589
f 594 593 592

usemtl Patch_71_Mat_CR2_floor
f 597 596 595
f 600 599 598
f 603 602 601
f 606 605 604

usemtl Patch_72_Mat_CR2_floor
f 609 608 607
f 612 611 610

usemtl Patch_73_Mat_CR2_floor
f 615 614 613
f 618 617 616
f 621 620 619
f 624 623 622

usemtl Patch_74_Mat_CR2_floor
f 627 626 625
f 630 629 628
f 633 632 631
f 636 635 634

usemtl Patch_75_Mat_CR2_floor
f 639 638 637
f 642 641 640
f 645 644 643
f 648 647 646

usemtl Patch_76_Mat_CR2_floor
f 651 650 649
f 654 653 652
f 657 656 655
f 660 659 658

usemtl Patch_77_Mat_CR2_floor
f 663 662 661
f 666 665 664
f 669 668 667
f 672 671 670
f 675 674 673
f 678 677 676
f 681 680 679

usemtl Patch_78_Mat_CR2_floor
f 684 683 682
f 687 686 685
f 690 689 688
f 693 692 691
f 696 695 694

usemtl Patch_79_Mat_CR2_floor
f 699 698 697
f 702 701 700
f 705 704 703
f 708 707 706
f 711 710 709
f 714 713 712
f 717 716 715
f 720 719 718
f 723 722 721

usemtl Patch_80_Mat_CR2_concrete
f 726 725 724
f 729 728 727
f 732 731 730
f 735 734 733
f 738 737 736
f 741 740 739

usemtl Patch_81_Mat_CR2_ceiling
f 744 743 742
f 747 746 745
f 750 749 748
f 753 752 751
f 756 755 754

usemtl Patch_82_Mat_CR2_ceiling
f 759 758 757
f 762 761 760

usemtl Patch_83_Mat_CR2_concrete
f 765 764 763
f 768 767 766
f 771 770 769
f 774 773 772
f 777 776 775
f 780 779 778
f 783 782 781
f 786 785 784
f 789 788 787

usemtl Patch_84_Mat_CR2_concrete
f 792 791 790
f 795 794 793
f 798 797 796

usemtl Patch_85_Mat_CR2_concrete
f 801 800 799
f 804 803 802
f 807 806 805

usemtl Patch_86_Mat_CR2_concrete
f 810 809 808

usemtl Patch_87_Mat_CR2_concrete
f 813 812 811
f 816 815 814

usemtl Patch_88_Mat_CR2_plaster
f 819 818 817
f 822 821 820
f 825 824 823

usemtl Patch_89_Mat_CR2_plaster
f 828 827 826
f 831 830 829
f 834 833 832

usemtl Patch_90_Mat_CR2_plaster
f 837 836 835
f 840 839 838

usemtl Patch_91_Mat_CR2_plaster
f 843 842 841
f 846 845 844
f 849 848 847

usemtl Patch_92_Mat_CR2_plaster
f 852 851 850
f 855 854 853
f 858 857 856

usemtl Patch_93_Mat_CR2_plaster
f 861 860 859
f 864 863 862
f 867 866 865

usemtl Patch_94_Mat_CR2_plaster
f 870 869 868
f 873 872 871
f 876 875 874
f 879 878 877
f 882 881 880
f 885 884 883

usemtl Patch_95_Mat_CR2_concrete
f 888 887 886
f 891 890 889

usemtl Patch_96_Mat_CR2_concrete
f 894 893 892
f 897 896 895

usemtl Patch_97_Mat_CR2_concrete
f 900 899 898
f 903 902 901

usemtl Patch_98_Mat_CR2_concrete
f 906 905 904
f 909 908 907
f 912 911 910
f 915 914 913

usemtl Patch_99_Mat_CR2_concrete
f 918 917 916
f 921 920 919

usemtl Patch_100_Mat_CR2_concrete
f 924 923 922
f 927 926 925

usemtl Patch_101_Mat_CR2_ceiling
f 930 929 928
f 933 932 931

usemtl Patch_102_Mat_CR2_concrete
f 936 935 934
f 939 938 937

usemtl Patch_103_Mat_CR2_ceiling
f 942 941 940
f 945 944 943
f 948 947 946
f 951 950 949
f 954 953 952

usemtl Patch_104_Mat_CR2_concrete
f 957 956 955
f 960 959 958

usemtl Patch_105_Mat_CR2_ceiling
f 963 962 961
f 966 965 964
f 969 968 967
f 972 971 970
f 975 974 973

usemtl Patch_106_Mat_CR2_concrete
f 978 977 976
f 981 980 979

usemtl Patch_107_Mat_CR2_ceiling
f 984 983 982
f 987 986 985
f 990 989 988
f 993 992 991
f 996 995 994

usemtl Patch_108_Mat_CR2_ceiling
f 999 998 997
f 1002 1001 1000

usemtl Patch_109_Mat_CR2_concrete
f 1005 1004 1003
f 1008 1007 1006
f 1011 1010 1009
f 1014 1013 1012
f 1017 1016 1015
f 1020 1019 1018
f 1023 1022 1021
f 1026 1025 1024
f 1029 1028 1027
f 1032 1031 1030
f 1035 1034 1033
f 1038 1037 1036
f 1041 1040 1039
f 1044 1043 1042
f 1047 1046 1045
f 1050 1049 1048
f 1053 1052 1051
f 1056 1055 1054
f 1059 1058 1057
f 1062 1061 1060
f 1065 1064 1063
f 1068 1067 1066
f 1071 1070 1069
f 1074 1073 1072
f 1077 1076 1075
f 1080 1079 1078

usemtl Patch_110_Mat_CR2_ceiling
f 1083 1082 1081
f 1086 1085 1084

usemtl Patch_111_Mat_CR2_concrete
f 1089 1088 1087
f 1092 1091 1090

usemtl Patch_112_Mat_CR2_concrete
f 1095 1094 1093
f 1098 1097 1096

usemtl Patch_113_Mat_CR2_concrete
f 1101 1100 1099
f 1104 1103 1102

usemtl Patch_114_Mat_CR2_concrete
f 1107 1106 1105
f 1110 1109 1108

usemtl Patch_115_Mat_CR2_concrete
f 1113 1112 1111
f 1116 1115 1114
f 1119 1118 1117
f 1122 1121 1120
f 1125 1124 1123
f 1128 1127 1126
f 1131 1130 1129
f 1134 1133 1132
f 1137 1136 1135
f 1140 1139 1138
f 1143 1142 1141
f 1146 1145 1144
f 1149 1148 1147
f 1152 1151 1150
f 1155 1154 1153
f 1158 1157 1156
f 1161 1160 1159
f 1164 1163 1162
f 1167 1166 1165
f 1170 1169 1168
f 1173 1172 1171
f 1176 1175 1174
f 1179 1178 1177
f 1182 1181 1180
f 1185 1184 1183
f 1188 1187 1186

usemtl Patch_116_Mat_CR2_ceiling
f 1191 1190 1189
f 1194 1193 1192

usemtl Patch_117_Mat_CR2_concrete
f 1197 1196 1195
f 1200 1199 1198

usemtl Patch_118_Mat_CR2_ceiling
f 1203 1202 1201
f 1206 1205 1204

usemtl Patch_119_Mat_CR2_concrete
f 1209 1208 1207
f 1212 1211 1210

usemtl Patch_120_Mat_CR2_ceiling
f 1215 1214 1213
f 1218 1217 1216

usemtl Patch_121_Mat_CR2_concrete
f 1221 1220 1219
f 1224 1223 1222

usemtl Patch_122_Mat_CR2_concrete
f 1227 1226 1225
f 1230 1229 1228

usemtl Patch_123_Mat_CR2_concrete
f 1233 1232 1231
f 1236 1235 1234

usemtl Patch_124_Mat_CR2_concrete
f 1239 1238 1237
f 1242 1241 1240

usemtl Patch_125_Mat_CR2_concrete
f 1245 1244 1243
f 1248 1247 1246

usemtl Patch_126_Mat_CR2_concrete
f 1251 1250 1249
f 1254 1253 1252

usemtl Patch_127_Mat_CR2_concrete
f 1257 1256 1255
f 1260 1259 1258

usemtl Patch_128_Mat_CR2_concrete
f 1263 1262 1261
f 1266 1265 1264

usemtl Patch_129_Mat_CR2_concrete
f 1269 1268 1267
f 1272 1271 1270

usemtl Patch_130_Mat_CR2_concrete
f 1275 1274 1273
f 1278 1277 1276

usemtl Patch_131_Mat_CR2_concrete
f 1281 1280 1279
f 1284 1283 1282

usemtl Patch_132_Mat_CR2_concrete
f 1287 1286 1285
f 1290 1289 1288

usemtl Patch_133_Mat_CR2_concrete
f 1293 1292 1291
f 1296 1295 1294

usemtl Patch_134_Mat_CR2_concrete
f 1299 1298 1297
f 1302 1301 1300
f 1305 1304 1303
f 1308 1307 1306

usemtl Patch_135_Mat_CR2_concrete
f 1311 1310 1309
f 1314 1313 1312

usemtl Patch_136_Mat_CR2_concrete
f 1317 1316 1315
f 1320 1319 1318
f 1323 1322 1321
f 1326 1325 1324

usemtl Patch_137_Mat_CR2_concrete
f 1329 1328 1327
f 1332 1331 1330
f 1335 1334 1333
f 1338 1337 1336

usemtl Patch_138_Mat_CR2_concrete
f 1341 1340 1339
f 1344 1343 1342
f 1347 1346 1345
f 1350 1349 1348

usemtl Patch_139_Mat_CR2_concrete
f 1353 1352 1351
f 1356 1355 1354
f 1359 1358 1357
f 1362 1361 1360

usemtl Patch_140_Mat_CR2_concrete
f 1365 1364 1363
f 1368 1367 1366

usemtl Patch_141_Mat_CR2_concrete
f 1371 1370 1369
f 1374 1373 1372
f 1377 1376 1375
f 1380 1379 1378

usemtl Patch_142_Mat_CR2_windows
f 1383 1382 1381
f 1386 1385 1384

usemtl Patch_143_Mat_CR2_windows
f 1389 1388 1387
f 1392 1391 1390

usemtl Patch_144_Mat_CR2_concrete
f 1395 1394 1393
f 1398 1397 1396
f 1401 1400 1399
f 1404 1403 1402
f 1407 1406 1405
f 1410 1409 1408
f 1413 1412 1411
f 1416 1415 1414

usemtl Patch_145_Mat_CR2_concrete
f 1419 1418 1417
f 1422 1421 1420
f 1425 1424 1423
f 1428 1427 1426
f 1431 1430 1429
f 1434 1433 1432
f 1437 1436 1435
f 1440 1439 1438

usemtl Patch_146_Mat_CR2_concrete
f 1443 1442 1441
f 1446 1445 1444
f 1449 1448 1447
f 1452 1451 1450

usemtl Patch_147_Mat_CR2_concrete
f 1455 1454 1453
f 1458 1457 1456

usemtl Patch_148_Mat_CR2_ceiling
f 1461 1460 1459
f 1464 1463 1462

usemtl Patch_149_Mat_CR2_ceiling
f 1467 1466 1465
f 1470 1469 1468

usemtl Patch_150_Mat_CR2_ceiling
f 1473 1472 1471
f 1476 1475 1474

usemtl Patch_151_Mat_CR2_ceiling
f 1479 1478 1477
f 1482 1481 1480

usemtl Patch_152_Mat_CR2_concrete
f 1485 1484 1483
f 1488 1487 1486

usemtl Patch_153_Mat_CR2_concrete
f 1491 1490 1489
f 1494 1493 1492

usemtl Patch_154_Mat_CR2_concrete
f 1497 1496 1495
f 1500 1499 1498

usemtl Patch_155_Mat_CR2_concrete
f 1503 1502 1501
f 1506 1505 1504

usemtl Patch_156_Mat_CR2_concrete
f 1509 1508 1507
f 1512 1511 1510

usemtl Patch_157_Mat_CR2_concrete
f 1515 1514 1513
f 1518 1517 1516

usemtl Patch_158_Mat_CR2_concrete
f 1521 1520 1519
f 1524 1523 1522

usemtl Patch_159_Mat_CR2_ceiling
f 1527 1526 1525
f 1530 1529 1528

usemtl Patch_160_Mat_CR2_concrete
f 1533 1532 1531
f 1536 1535 1534

usemtl Patch_161_Mat_CR2_concrete
f 1539 1538 1537
f 1542 1541 1540

usemtl Patch_162_Mat_CR2_concrete
f 1545 1544 1543
f 1548 1547 1546

usemtl Patch_163_Mat_CR2_concrete
f 1551 1550 1549
f 1554 1553 1552

usemtl Patch_164_Mat_CR2_windows
f 1557 1556 1555
f 1560 1559 1558

usemtl Patch_165_Mat_CR2_windows
f 1563 1562 1561
f 1566 1565 1564

usemtl Patch_166_Mat_CR2_ceiling
f 1569 1568 1567
f 1572 1571 1570
f 1575 1574 1573
f 1578 1577 1576
f 1581 1580 1579
f 1584 1583 1582
f 1587 1586 1585

usemtl Patch_167_Mat_CR2_ceiling
f 1590 1589 1588
f 1593 1592 1591
f 1596 1595 1594
f 1599 1598 1597
f 1602 1601 1600
f 1605 1604 1603
f 1608 1607 1606
f 1611 1610 1609
f 1614 1613 1612
f 1617 1616 1615
f 1620 1619 1618
f 1623 1622 1621
f 1626 1625 1624

usemtl Patch_168_Mat_CR2_ceiling
f 1629 1628 1627
f 1632 1631 1630
f 1635 1634 1633
f 1638 1637 1636
f 1641 1640 1639

usemtl Patch_169_Mat_CR2_ceiling
f 1644 1643 1642
f 1647 1646 1645

usemtl Patch_170_Mat_CR2_ceiling
f 1650 1649 1648
f 1653 1652 1651
f 1656 1655 1654
f 1659 1658 1657

usemtl Patch_171_Mat_CR2_ceiling
f 1662 1661 1660
f 1665 1664 1663
f 1668 1667 1666
f 1671 1670 1669
f 1674 1673 1672
f 1677 1676 1675
f 1680 1679 1678
f 1683 1682 1681

usemtl Patch_172_Mat_CR2_ceiling
f 1686 1685 1684
f 1689 1688 1687
f 1692 1691 1690
f 1695 1694 1693
f 1698 1697 1696
f 1701 1700 1699

usemtl Patch_173_Mat_CR2_ceiling
f 1704 1703 1702
f 1707 1706 1705
f 1710 1709 1708
f 1713 1712 1711
f 1716 1715 1714
f 1719 1718 1717

usemtl Patch_174_Mat_CR2_ceiling
f 1722 1721 1720
f 1725 1724 1723
f 1728 1727 1726
f 1731 1730 1729
f 1734 1733 1732
f 1737 1736 1735
f 1740 1739 1738
f 1743 1742 1741
f 1746 1745 1744
f 1749 1748 1747
f 1752 1751 1750
f 1755 1754 1753

usemtl Patch_175_Mat_CR2_ceiling
f 1758 1757 1756
f 1761 1760 1759
f 1764 1763 1762
f 1767 1766 1765
f 1770 1769 1768
f 1773 1772 1771
f 1776 1775 1774
f 1779 1778 1777
f 1782 1781 1780
f 1785 1784 1783
f 1788 1787 1786
f 1791 1790 1789
f 1794 1793 1792

usemtl Patch_176_Mat_CR2_ceiling
f 1797 1796 1795
f 1800 1799 1798
f 1803 1802 1801
f 1806 1805 1804
f 1809 1808 1807

usemtl Patch_177_Mat_CR2_ceiling
f 1812 1811 1810
f 1815 1814 1813
f 1818 1817 1816
f 1821 1820 1819
f 1824 1823 1822
f 1827 1826 1825
f 1830 1829 1828
f 1833 1832 1831
f 1836 1835 1834
f 1839 1838 1837
f 1842 1841 1840

usemtl Patch_178_Mat_CR2_ceiling
f 1845 1844 1843
f 1848 1847 1846
f 1851 1850 1849
f 1854 1853 1852
f 1857 1856 1855
f 1860 1859 1858
f 1863 1862 1861

usemtl Patch_179_Mat_CR2_ceiling
f 1866 1865 1864
f 1869 1868 1867
f 1872 1871 1870
f 1875 1874 1873

usemtl Patch_180_Mat_CR2_ceiling
f 1878 1877 1876
f 1881 1880 1879
f 1884 1883 1882
f 1887 1886 1885

usemtl Patch_181_Mat_CR2_ceiling
f 1890 1889 1888
f 1893 1892 1891
f 1896 1895 1894
f 1899 1898 1897
f 1902 1901 1900
f 1905 1904 1903
f 1908 1907 1906
f 1911 1910 1909
f 1914 1913 1912
f 1917 1916 1915
f 1920 1919 1918
f 1923 1922 1921
f 1926 1925 1924

usemtl Patch_182_Mat_CR2_ceiling
f 1929 1928 1927
f 1932 1931 1930
f 1935 1934 1933
f 1938 1937 1936
f 1941 1940 1939
f 1944 1943 1942
f 1947 1946 1945
f 1950 1949 1948
f 1953 1952 1951

usemtl Patch_183_Mat_CR2_ceiling
f 1956 1955 1954
f 1959 1958 1957

usemtl Patch_184_Mat_CR2_ceiling
f 1962 1961 1960
f 1965 1964 1963

usemtl Patch_185_Mat_CR2_ceiling
f 1968 1967 1966
f 1971 1970 1969
f 1974 1973 1972
f 1977 1976 1975
f 1980 1979 1978
f 1983 1982 1981
f 1986 1985 1984
f 1989 1988 1987
f 1992 1991 1990

usemtl Patch_186_Mat_CR2_ceiling
f 1995 1994 1993
f 1998 1997 1996
f 2001 2000 1999

usemtl Patch_187_Mat_CR2_ceiling
f 2004 2003 2002
f 2007 2006 2005
f 2010 2009 2008

usemtl Patch_188_Mat_CR2_ceiling
f 2013 2012 2011
f 2016 2015 2014
f 2019 2018 2017
f 2022 2021 2020
f 2025 2024 2023
f 2028 2027 2026
f 2031 2030 2029

usemtl Patch_189_Mat_CR2_ceiling
f 2034 2033 2032
f 2037 2036 2035

usemtl Patch_190_Mat_CR2_ceiling
f 2040 2039 2038
f 2043 2042 2041

usemtl Patch_191_Mat_CR2_ceiling
f 2046 2045 2044
f 2049 2048 2047

usemtl Patch_192_Mat_CR2_ceiling
f 2052 2051 2050
f 2055 2054 2053

usemtl Patch_193_Mat_CR2_concrete
f 2058 2057 2056
f 2061 2060 2059

usemtl Patch_194_Mat_CR2_ceiling
f 2064 2063 2062
f 2067 2066 2065

usemtl Patch_195_Mat_CR2_ceiling
f 2070 2069 2068
f 2073 2072 2071

usemtl Patch_196_Mat_CR2_ceiling
f 2076 2075 2074
f 2079 2078 2077

usemtl Patch_197_Mat_CR2_ceiling
f 2082 2081 2080
f 2085 2084 2083

usemtl Patch_198_Mat_CR2_ceiling
f 2088 2087 2086
f 2091 2090 2089

usemtl Patch_199_Mat_CR2_ceiling
f 2094 2093 2092
f 2097 2096 2095

usemtl Patch_200_Mat_CR2_ceiling
f 2100 2099 2098
f 2103 2102 2101

usemtl Patch_201_Mat_CR2_ceiling
f 2106 2105 2104
f 2109 2108 2107

usemtl Patch_202_Mat_CR2_ceiling
f 2112 2111 2110
f 2115 2114 2113

usemtl Patch_203_Mat_CR2_ceiling
f 2118 2117 2116
f 2121 2120 2119

usemtl Patch_204_Mat_CR2_ceiling
f 2124 2123 2122
f 2127 2126 2125

usemtl Patch_205_Mat_CR2_ceiling
f 2130 2129 2128
f 2133 2132 2131

usemtl Patch_206_Mat_CR2_ceiling
f 2136 2135 2134
f 2139 2138 2137

usemtl Patch_207_Mat_CR2_ceiling
f 2142 2141 2140
f 2145 2144 2143

usemtl Patch_208_Mat_CR2_concrete
f 2148 2147 2146
f 2151 2150 2149

usemtl Patch_209_Mat_CR2_ceiling
f 2154 2153 2152
f 2157 2156 2155

usemtl Patch_210_Mat_CR2_ceiling
f 2160 2159 2158
f 2163 2162 2161

usemtl Patch_211_Mat_CR2_ceiling
f 2166 2165 2164
f 2169 2168 2167

usemtl Patch_212_Mat_CR2_ceiling
f 2172 2171 2170
f 2175 2174 2173

usemtl Patch_213_Mat_CR2_ceiling
f 2178 2177 2176
f 2181 2180 2179

usemtl Patch_214_Mat_CR2_ceiling
f 2184 2183 2182
f 2187 2186 2185

usemtl Patch_215_Mat_CR2_ceiling
f 2190 2189 2188
f 2193 2192 2191

usemtl Patch_216_Mat_CR2_ceiling
f 2196 2195 2194
f 2199 2198 2197

usemtl Patch_217_Mat_CR2_ceiling
f 2202 2201 2200
f 2205 2204 2203

usemtl Patch_218_Mat_CR2_ceiling
f 2208 2207 2206
f 2211 2210 2209

usemtl Patch_219_Mat_CR2_concrete
f 2214 2213 2212
f 2217 2216 2215

usemtl Patch_220_Mat_CR2_concrete
f 2220 2219 2218
f 2223 2222 2221

usemtl Patch_221_Mat_CR2_concrete
f 2226 2225 2224
f 2229 2228 2227

usemtl Patch_222_Mat_CR2_concrete
f 2232 2231 2230
f 2235 2234 2233

usemtl Patch_223_Mat_CR2_concrete
f 2238 2237 2236
f 2241 2240 2239

usemtl Patch_224_Mat_CR2_concrete
f 2244 2243 2242
f 2247 2246 2245

usemtl Patch_225_Mat_CR2_concrete
f 2250 2249 2248
f 2253 2252 2251

usemtl Patch_226_Mat_CR2_concrete
f 2256 2255 2254
f 2259 2258 2257

usemtl Patch_227_Mat_CR2_concrete
f 2262 2261 2260
f 2265 2264 2263

usemtl Patch_228_Mat_CR2_concrete
f 2268 2267 2266
f 2271 2270 2269

usemtl Patch_229_Mat_CR2_concrete
f 2274 2273 2272
f 2277 2276 2275

usemtl Patch_230_Mat_CR2_concrete
f 2280 2279 2278
f 2283 2282 2281

usemtl Patch_231_Mat_CR2_plaster
f 2286 2285 2284
f 2289 2288 2287

usemtl Patch_232_Mat_CR2_plaster
f 2292 2291 2290
f 2295 2294 2293

usemtl Patch_233_Mat_CR2_plaster
f 2298 2297 2296
f 2301 2300 2299

usemtl Patch_234_Mat_CR2_plaster
f 2304 2303 2302
f 2307 2306 2305

usemtl Patch_235_Mat_CR2_plaster
f 2310 2309 2308
f 2313 2312 2311

usemtl Patch_236_Mat_CR2_plaster
f 2316 2315 2314
f 2319 2318 2317

usemtl Patch_237_Mat_CR2_plaster
f 2322 2321 2320
f 2325 2324 2323
f 2328 2327 2326

usemtl Patch_238_Mat_CR2_plaster
f 2331 2330 2329
f 2334 2333 2332

usemtl Patch_239_Mat_CR2_plaster
f 2337 2336 2335
f 2340 2339 2338

usemtl Patch_240_Mat_CR2_plaster
f 2343 2342 2341

usemtl Patch_241_Mat_CR2_plaster
f 2346 2345 2344

usemtl Patch_242_Mat_CR2_plaster
f 2349 2348 2347

