mtllib mesh.mtl

v 4.753762020599641 -4.926954034344662 2.73600005
v 6.10173802 -5.29109654849546 2.73600005
v 6.10173802 -3.90599995 2.73600005
v 6.10173802 -3.90599995 2.73600005
v 4.724472267220897 -3.90599995 2.73600005
v 4.753762020599641 -4.926954034344662 2.73600005
v 3.2915542783990572 -4.8529090141775715 2.73600005
v 4.226958921920597 -5.471628948041422 2.73600005
v 4.753762020599641 -4.926954034344662 2.73600005
v 3.2915542783990572 -4.8529090141775715 2.73600005
v 4.724472267220897 -3.90599995 2.73600005
v 3.2844418005035068 -3.9059999500000004 2.73600005
v 4.724472267220897 -3.90599995 2.73600005
v 3.2915542783990572 -4.8529090141775715 2.73600005
v 4.753762020599641 -4.926954034344662 2.73600005
v 4.753762020599641 -4.926954034344662 2.73600005
v 4.226958921920597 -5.471628948041422 2.73600005
v 4.231374193491115 -6.15999997 2.73600005
v 4.753762020599641 -4.926954034344662 2.73600005
v 6.101738019999999 -6.15999997 2.73600005
v 6.10173802 -5.29109654849546 2.73600005
v 6.101738019999999 -6.15999997 2.73600005
v 4.753762020599641 -4.926954034344662 2.73600005
v 4.231374193491115 -6.15999997 2.73600005
v 1.8494502177315326 -4.940895981987063 2.73600005
v 1.8969013485426032 -3.90599995 2.73600005
v 0.5707378400000009 -3.90599995 2.73600005
v 0.5707378400000009 -3.90599995 2.73600005
v 0.5707378400000003 -5.258326843640948 2.73600005
v 1.8494502177315326 -4.940895981987063 2.73600005
v 2.3840734558833914 -6.159999969999999 2.73600005
v 3.2915542783990572 -4.8529090141775715 2.73600005
v 2.3883683099976123 -5.482788142941109 2.73600005
v 3.2915542783990572 -4.8529090141775715 2.73600005
v 2.3840734558833914 -6.159999969999999 2.73600005
v 4.231374193491115 -6.15999997 2.73600005
v 3.2915542783990572 -4.8529090141775715 2.73600005
v 4.231374193491115 -6.15999997 2.73600005
v 4.226958921920597 -5.471628948041422 2.73600005
v 1.8494502177315326 -4.940895981987063 2.73600005
v 2.3883683099976123 -5.482788142941109 2.73600005
v 3.2915542783990572 -4.8529090141775715 2.73600005
v 3.2915542783990572 -4.8529090141775715 2.73600005
v 3.2844418005035068 -3.9059999500000004 2.73600005
v 1.8969013485426032 -3.90599995 2.73600005
v 1.8969013485426032 -3.90599995 2.73600005
v 1.8494502177315326 -4.940895981987063 2.73600005
v 3.2915542783990572 -4.8529090141775715 2.73600005
v 0.5707378400000005 -6.15999997 2.73600005
v 1.8494502177315326 -4.940895981987063 2.73600005
v 0.5707378400000003 -5.258326843640948 2.73600005
v 1.8494502177315326 -4.940895981987063 2.73600005
v 0.5707378400000005 -6.15999997 2.73600005
v 2.3840734558833914 -6.159999969999999 2.73600005
v 1.8494502177315326 -4.940895981987063 2.73600005
v 2.3840734558833914 -6.159999969999999 2.73600005
v 2.3883683099976123 -5.482788142941109 2.73600005
v 3.383858415189999 0.93000002 2.73600005
v 0.57073784 0.93000002 2.73600005
v 0.57073784 0.93000002 2.27600003
v 0.57073784 0.93000002 2.27600003
v 3.3839385894353122 0.93000002 2.27600003
v 3.383858415189999 0.93000002 2.73600005
v 3.3839385894353122 0.93000002 2.27600003
v 6.101738020000001 0.93000002 2.27600003
v 6.101738020000001 0.93000002 2.73600005
v 6.101738020000001 0.93000002 2.73600005
v 3.383858415189999 0.93000002 2.73600005
v 3.3839385894353122 0.93000002 2.27600003
v 3.266850250846519 0.93000002 2.27600003
v 6.10173802 0.49900001999999993 2.27600003
v 6.10173802 0.93000002 2.27600003
v 6.10173802 0.49900001999999993 2.27600003
v 3.266850250846519 0.93000002 2.27600003
v 3.2665935483652926 0.49900002 2.27600003
v 3.2665935483652926 0.49900002 2.27600003
v 0.5707378400000008 0.9300000200000001 2.27600003
v 0.5707378400000005 0.49900002000000004 2.27600003
v 0.5707378400000008 0.9300000200000001 2.27600003
v 3.2665935483652926 0.49900002 2.27600003
v 3.266850250846519 0.93000002 2.27600003
v 3.3325196871218328 0.49900002 2.73600005
v 6.10173802 0.49900002 2.73600005
v 6.10173802 0.49900002 2.27600003
v 6.10173802 0.49900002 2.27600003
v 3.332341365429848 0.49900002 2.27600003
v 3.3325196871218328 0.49900002 2.73600005
v 3.332341365429848 0.49900002 2.27600003
v 0.5707378399999996 0.49900002 2.27600003
v 0.5707378399999999 0.49900002 2.73600005
v 0.5707378399999999 0.49900002 2.73600005
v 3.3325196871218328 0.49900002 2.73600005
v 3.332341365429848 0.49900002 2.27600003
v 4.646491527750684 0.9300000199999999 2.73600005
v 6.10173802 0.9300000199999999 2.73600005
v 6.10173802 1.90299993 2.73600005
v 6.10173802 1.90299993 2.73600005
v 4.697508978567701 2.0319726889644754 2.73600005
v 4.646491527750684 0.9300000199999999 2.73600005
v 4.646491527750684 0.9300000199999999 2.73600005
v 3.3157140151925457 2.1588849685794393 2.73600005
v 3.256290454108058 0.9300000199999998 2.73600005
v 3.3157140151925457 2.1588849685794393 2.73600005
v 4.646491527750684 0.9300000199999999 2.73600005
v 4.697508978567701 2.0319726889644754 2.73600005
v 3.256290454108058 0.9300000199999998 2.73600005
v 1.9539633639289373 2.2839562591831424 2.73600005
v 1.8885643672362011 0.9300000199999998 2.73600005
v 1.9539633639289373 2.2839562591831424 2.73600005
v 3.256290454108058 0.9300000199999998 2.73600005
v 3.3157140151925457 2.1588849685794393 2.73600005
v 1.9539633639289373 2.2839562591831424 2.73600005
v 0.5707378399999992 2.41099993 2.73600005
v 0.5707378399999996 0.9300000199999999 2.73600005
v 0.5707378399999996 0.9300000199999999 2.73600005
v 1.8885643672362011 0.9300000199999998 2.73600005
v 1.9539633639289373 2.2839562591831424 2.73600005
v 3.383858415189999 -3.48300019 2.73600005
v 0.57073784 -3.48300019 2.73600005
v 0.57073784 -3.48300019 2.27600003
v 0.57073784 -3.48300019 2.27600003
v 3.3839385894353122 -3.48300019 2.27600003
v 3.383858415189999 -3.48300019 2.73600005
v 3.3839385894353122 -3.48300019 2.27600003
v 6.101738020000001 -3.48300019 2.27600003
v 6.101738020000001 -3.48300019 2.73600005
v 6.101738020000001 -3.48300019 2.73600005
v 3.383858415189999 -3.48300019 2.73600005
v 3.3839385894353122 -3.48300019 2.27600003
v 3.2678285250376735 -3.90599995 2.27600003
v 6.10173802 -3.90599995 2.27600003
v 6.10173802 -3.48300019 2.27600003
v 6.10173802 -3.48300019 2.27600003
v 3.2677993189969614 -3.48300019 2.27600003
v 3.2678285250376735 -3.90599995 2.27600003
v 3.2677993189969614 -3.48300019 2.27600003
v 0.5707378399999998 -3.48300019 2.27600003
v 0.5707378399999996 -3.90599995 2.27600003
v 0.5707378399999996 -3.90599995 2.27600003
v 3.2678285250376735 -3.90599995 2.27600003
v 3.2677993189969614 -3.48300019 2.27600003
v 3.288617444810001 -3.90599995 2.73600005
v 6.10173802 -3.90599995 2.73600005
v 6.10173802 -3.90599995 2.27600003
v 6.10173802 -3.90599995 2.27600003
v 3.288537270564688 -3.90599995 2.27600003
v 3.288617444810001 -3.90599995 2.73600005
v 3.288537270564688 -3.90599995 2.27600003
v 0.5707378399999996 -3.90599995 2.27600003
v 0.5707378399999999 -3.90599995 2.73600005
v 0.5707378399999999 -3.90599995 2.73600005
v 3.288617444810001 -3.90599995 2.73600005
v 3.288537270564688 -3.90599995 2.27600003
v 4.870787770557785 -0.7451187476062535 2.73600005
v 6.10173802 -0.9198801736439537 2.73600005
v 6.10173802 0.49900002 2.73600005
v 6.10173802 0.49900002 2.73600005
v 4.8295910063436756 0.49900002 2.73600005
v 4.870787770557785 -0.7451187476062535 2.73600005
v 3.510564248525649 -0.7016262898231918 2.73600005
v 4.534745147567284 -1.0323101356541577 2.73600005
v 4.870787770557785 -0.7451187476062535 2.73600005
v 3.510564248525649 -0.7016262898231918 2.73600005
v 4.8295910063436756 0.49900002 2.73600005
v 3.5434083903405056 0.49900002 2.73600005
v 4.8295910063436756 0.49900002 2.73600005
v 3.510564248525649 -0.7016262898231918 2.73600005
v 4.870787770557785 -0.7451187476062535 2.73600005
v 3.4005137112200483 -2.3007752347916304 2.73600005
v 3.1090089423912644 -0.9802573719376126 2.73600005
v 3.0646373650575085 -2.019351633011359 2.73600005
v 4.534745147567284 -1.0323101356541577 2.73600005
v 3.4005137112200483 -2.3007752347916304 2.73600005
v 4.555812360125597 -2.0146247758181905 2.73600005
v 3.4005137112200483 -2.3007752347916304 2.73600005
v 4.534745147567284 -1.0323101356541577 2.73600005
v 3.510564248525649 -0.7016262898231918 2.73600005
v 3.1090089423912644 -0.9802573719376126 2.73600005
v 3.4005137112200483 -2.3007752347916304 2.73600005
v 3.510564248525649 -0.7016262898231918 2.73600005
v 4.777443432883129 -2.2150657050563103 2.73600005
v 4.534745147567284 -1.0323101356541577 2.73600005
v 4.555812360125597 -2.0146247758181905 2.73600005
v 4.870787770557785 -0.7451187476062535 2.73600005
v 4.777443432883129 -2.2150657050563103 2.73600005
v 6.10173802 -2.0716441554469647 2.73600005
v 6.10173802 -2.0716441554469647 2.73600005
v 6.10173802 -0.9198801736439537 2.73600005
v 4.870787770557785 -0.7451187476062535 2.73600005
v 4.534745147567284 -1.0323101356541577 2.73600005
v 4.777443432883129 -2.2150657050563103 2.73600005
v 4.870787770557785 -0.7451187476062535 2.73600005
v 4.777443432883129 -2.2150657050563103 2.73600005
v 4.777689814490821 -3.4830001900000003 2.73600005
v 6.101738020000001 -3.4830001900000003 2.73600005
v 6.101738020000001 -3.4830001900000003 2.73600005
v 6.10173802 -2.0716441554469647 2.73600005
v 4.777443432883129 -2.2150657050563103 2.73600005
v 2.0843392547249158 -0.6252661896176921 2.73600005
v 3.1090089423912644 -0.9802573719376126 2.73600005
v 3.510564248525649 -0.7016262898231918 2.73600005
v 2.0843392547249158 -0.6252661896176921 2.73600005
v 3.5434083903405056 0.49900002 2.73600005
v 2.106963432467303 0.49900002000000043 2.73600005
v 3.5434083903405056 0.49900002 2.73600005
v 2.0843392547249158 -0.6252661896176921 2.73600005
v 3.510564248525649 -0.7016262898231918 2.73600005
v 1.7748166510560455 -0.8692412431944789 2.73600005
v 2.0843392547249158 -0.6252661896176921 2.73600005
v 2.106963432467303 0.49900002000000043 2.73600005
v 1.7748166510560455 -0.8692412431944789 2.73600005
v 0.5707378400000003 0.49900002 2.73600005
v 0.5707378399999996 -0.6853528021515549 2.73600005
v 0.5707378400000003 0.49900002 2.73600005
v 1.7748166510560455 -0.8692412431944789 2.73600005
v 2.106963432467303 0.49900002000000043 2.73600005
v 3.4005137112200483 -2.3007752347916304 2.73600005
v 3.0646373650575085 -2.019351633011359 2.73600005
v 1.9965050180154198 -2.2587628268406 2.73600005
v 3.4005137112200483 -2.3007752347916304 2.73600005
v 1.982683187699409 -3.4830001900000003 2.73600005
v 3.399351466592628 -3.4830001900000003 2.73600005
v 1.982683187699409 -3.4830001900000003 2.73600005
v 3.4005137112200483 -2.3007752347916304 2.73600005
v 1.9965050180154198 -2.2587628268406 2.73600005
v 3.1090089423912644 -0.9802573719376126 2.73600005
v 2.0843392547249158 -0.6252661896176921 2.73600005
v 1.7748166510560455 -0.8692412431944789 2.73600005
v 3.0646373650575085 -2.019351633011359 2.73600005
v 1.7628745266398578 -2.0656057092778415 2.73600005
v 1.9965050180154198 -2.2587628268406 2.73600005
v 1.7748166510560455 -0.8692412431944789 2.73600005
v 3.0646373650575085 -2.019351633011359 2.73600005
v 3.1090089423912644 -0.9802573719376126 2.73600005
v 3.0646373650575085 -2.019351633011359 2.73600005
v 1.7748166510560455 -0.8692412431944789 2.73600005
v 1.7628745266398578 -2.0656057092778415 2.73600005
v 4.777443432883129 -2.2150657050563103 2.73600005
v 4.555812360125597 -2.0146247758181905 2.73600005
v 3.4005137112200483 -2.3007752347916304 2.73600005
v 3.4005137112200483 -2.3007752347916304 2.73600005
v 3.399351466592628 -3.4830001900000003 2.73600005
v 4.777689814490821 -3.4830001900000003 2.73600005
v 4.777689814490821 -3.4830001900000003 2.73600005
v 4.777443432883129 -2.2150657050563103 2.73600005
v 3.4005137112200483 -2.3007752347916304 2.73600005
v 0.57073784 -2.1879322854768346 2.73600005
v 1.7748166510560455 -0.8692412431944789 2.73600005
v 0.5707378399999996 -0.6853528021515549 2.73600005
v 1.7748166510560455 -0.8692412431944789 2.73600005
v 0.57073784 -2.1879322854768346 2.73600005
v 1.7628745266398578 -2.0656057092778415 2.73600005
v 0.5707378400000005 -3.4830001900000003 2.73600005
v 1.7628745266398578 -2.0656057092778415 2.73600005
v 0.57073784 -2.1879322854768346 2.73600005
v 1.7628745266398578 -2.0656057092778415 2.73600005
v 0.5707378400000005 -3.4830001900000003 2.73600005
v 1.982683187699409 -3.4830001900000003 2.73600005
v 1.7628745266398578 -2.0656057092778415 2.73600005
v 1.982683187699409 -3.4830001900000003 2.73600005
v 1.9965050180154198 -2.2587628268406 2.73600005
v -4.52168292 -3.64799981 1.10000001
v -4.370724311645117 -3.64799981 1.3014739055876412
v -4.717163276468808 -3.6479998099999995 2.094938147096723
v -4.52168292 -3.64799981 1.10000001
v -6.25126223 -3.647999809999999 1.6784257333335586
v -6.25126223 -3.6479998099999995 1.10000001
v -4.52168292 -3.64799981 1.10000001
v -4.52168292 -3.64799981 1.0025112596720755
v -4.472456816736529 -3.64799981 1.10000001
v -4.52168292 -3.64799981 1.10000001
v -4.717163276468808 -3.6479998099999995 2.094938147096723
v -6.25126223 -3.647999809999999 1.6784257333335586
v -4.370724311645117 -3.64799981 1.3014739055876412
v -4.52168292 -3.64799981 1.10000001
v -4.472456816736529 -3.64799981 1.10000001
v -4.717163276468808 -3.6479998099999995 2.094938147096723
v -4.370724311645117 -3.64799981 1.3014739055876412
v -3.2134474491084815 -3.64799981 1.475147646322323
v -4.717163276468808 -3.6479998099999995 2.094938147096723
v -3.0439027347375895 -3.647999809999999 2.76800004
v -4.630925603731473 -3.647999809999999 2.76800004
v -3.0439027347375895 -3.647999809999999 2.76800004
v -4.717163276468808 -3.6479998099999995 2.094938147096723
v -3.2134474491084815 -3.64799981 1.475147646322323
v -4.717163276468808 -3.6479998099999995 2.094938147096723
v -4.630925603731473 -3.647999809999999 2.76800004
v -6.25126223 -3.6479998099999986 2.7680000399999996
v -6.25126223 -3.6479998099999986 2.7680000399999996
v -6.25126223 -3.647999809999999 1.6784257333335586
v -4.717163276468808 -3.6479998099999995 2.094938147096723
v -4.472456816736529 -3.64799981 1.10000001
v -3.2134474491084815 -3.64799981 1.475147646322323
v -4.370724311645117 -3.64799981 1.3014739055876412
v -2.843588199596796 -3.6479998100000004 1.10000001
v -4.472456816736529 -3.64799981 1.10000001
v -4.52168292 -3.64799981 1.0025112596720755
v -4.52168292 -3.64799981 1.0025112596720755
v -4.52168292 -3.6479998100000004 0.0
v -2.8027147800000005 -3.647999810000001 -2.220446049250313e-16
v -2.8027147800000005 -3.647999810000001 -2.220446049250313e-16
v -2.80271478 -3.6479998100000004 1.0585421668599593
v -2.843588199596796 -3.6479998100000004 1.10000001
v -4.472456816736529 -3.64799981 1.10000001
v -2.843588199596796 -3.6479998100000004 1.10000001
v -3.2134474491084815 -3.64799981 1.475147646322323
v -4.52168292 -3.64799981 1.0025112596720755
v -2.8027147800000005 -3.647999810000001 -2.220446049250313e-16
v -2.843588199596796 -3.6479998100000004 1.10000001
v -1.5663257095669683 -3.6479998100000004 1.8156372265000993
v -2.843588199596796 -3.6479998100000004 1.10000001
v -1.7362684092886251 -3.6479998100000004 1.1000000099999996
v -3.0439027347375895 -3.647999809999999 2.76800004
v -1.5663257095669683 -3.6479998100000004 1.8156372265000993
v -1.8594488506827438 -3.6479998099999995 2.76800004
v -1.5663257095669683 -3.6479998100000004 1.8156372265000993
v -3.0439027347375895 -3.647999809999999 2.76800004
v -3.2134474491084815 -3.64799981 1.475147646322323
v -1.5663257095669683 -3.6479998100000004 1.8156372265000993
v -3.2134474491084815 -3.64799981 1.475147646322323
v -2.843588199596796 -3.6479998100000004 1.10000001
v -2.80271478 -3.6479998100000004 1.0585421668599593
v -2.8027147800000005 -3.6479998100000004 1.10000001
v -2.843588199596796 -3.6479998100000004 1.10000001
v -1.5663257095669683 -3.6479998100000004 1.8156372265000993
v -0.0002621400000012708 -3.6479998100000004 2.110034090516893
v -0.00026214000000115756 -3.64799981 2.7680000399999996
v -0.00026214000000115756 -3.64799981 2.7680000399999996
v -1.8594488506827438 -3.6479998099999995 2.76800004
v -1.5663257095669683 -3.6479998100000004 1.8156372265000993
v -1.5663257095669683 -3.6479998100000004 1.8156372265000993
v -1.7362684092886251 -3.6479998100000004 1.1000000099999996
v -0.00026214000000068793 -3.647999810000001 1.10000001
v -0.00026214000000068793 -3.647999810000001 1.10000001
v -0.0002621400000012708 -3.6479998100000004 2.110034090516893
v -1.5663257095669683 -3.6479998100000004 1.8156372265000993
v -1.2341432433898032 0.93000002 2.76800004
v -0.0002621400000000218 0.93000002 2.76800004
v -0.00026214 2.52300007 2.76800004
v -0.00026214 2.52300007 2.76800004
v -1.1579771857625438 2.6287519651173152 2.76800004
v -1.2341432433898032 0.93000002 2.76800004
v -1.2341432433898032 0.93000002 2.76800004
v -2.3167092012554624 2.7345967556985507 2.76800004
v -2.437003368018089 0.9300000200000001 2.76800004
v -2.3167092012554624 2.7345967556985507 2.76800004
v -1.2341432433898032 0.93000002 2.76800004
v -1.1579771857625438 2.6287519651173152 2.76800004
v -4.918655596488792 1.9788253468616817 2.76800004
v -4.471573036065796 2.931433563758569 2.76800004
v -6.251262229999999 3.09399991 2.76800004
v -6.251262229999999 3.09399991 2.76800004
v -6.251262229999999 1.999010305221476 2.76800004
v -4.918655596488792 1.9788253468616817 2.76800004
v -4.918655596488792 1.9788253468616817 2.76800004
v -6.251262229999999 1.999010305221476 2.76800004
v -6.25126223 0.9300000200000001 2.76800004
v -6.25126223 0.9300000200000001 2.76800004
v -4.5680385159798815 0.93000002 2.76800004
v -4.918655596488792 1.9788253468616817 2.76800004
v -2.3167092012554624 2.7345967556985507 2.76800004
v -3.5337147527620023 2.8457645632788164 2.76800004
v -3.5710689120437986 0.9300000200000001 2.76800004
v -3.5710689120437986 0.9300000200000001 2.76800004
v -2.437003368018089 0.9300000200000001 2.76800004
v -2.3167092012554624 2.7345967556985507 2.76800004
v -3.5337147527620023 2.8457645632788164 2.76800004
v -4.471573036065796 2.931433563758569 2.76800004
v -4.918655596488792 1.9788253468616817 2.76800004
v -4.918655596488792 1.9788253468616817 2.76800004
v -4.5680385159798815 0.93000002 2.76800004
v -3.5710689120437986 0.9300000200000001 2.76800004
v -3.5710689120437986 0.9300000200000001 2.76800004
v -3.5337147527620023 2.8457645632788164 2.76800004
v -4.918655596488792 1.9788253468616817 2.76800004
v -6.25126223 1.6588592304175862 1.532274390177654
v -6.25126223 1.6907583730525682 2.76800004
v -6.25126223 3.09399991 2.76800004
v -6.25126223 3.09399991 2.76800004
v -6.25126223 3.09399991 1.10000001
v -6.25126223 2.318574340084327 1.10000001
v -6.25126223 2.318574340084327 1.10000001
v -6.25126223 1.6588592304175862 1.532274390177654
v -6.25126223 3.09399991 2.76800004
v -6.25126223 0.93000002 2.27600003
v -6.25126223 0.9207701964379584 1.1980270925767873
v -6.25126223 0.24010165715033205 1.5528541068841761
v -6.25126223 0.49900002 2.27600003
v -6.25126223 0.28110013027311753 2.76800004
v -6.25126223 0.49900002 2.76800004
v -6.25126223 0.93000002 2.27600003
v -6.25126223 0.93000002 2.76800004
v -6.25126223 1.6907583730525682 2.76800004
v -6.25126223 0.9207701964379584 1.1980270925767873
v -6.25126223 0.93000002 2.27600003
v -6.25126223 1.6588592304175862 1.532274390177654
v -6.25126223 0.28110013027311753 2.76800004
v -6.25126223 0.49900002 2.27600003
v -6.25126223 0.24010165715033205 1.5528541068841761
v -6.25126223 1.6588592304175862 1.532274390177654
v -6.25126223 0.93000002 2.27600003
v -6.25126223 1.6907583730525682 2.76800004
v -6.25126223 0.24010165715033205 1.5528541068841761
v -6.25126223 0.49900002 2.27600003
v -6.25126223 0.93000002 2.27600003
v -6.25126223 2.15584922 1.10000001
v -6.25126223 1.6588592304175862 1.532274390177654
v -6.25126223 2.318574340084327 1.10000001
v -6.25126223 2.15584922 1.10000001
v -6.25126223 2.15584922 0.0
v -6.25126223 0.9205542307540879 0.0
v -6.25126223 1.6588592304175862 1.532274390177654
v -6.25126223 2.15584922 1.10000001
v -6.25126223 0.9207701964379584 1.1980270925767873
v -6.25126223 2.15584922 1.10000001
v -6.25126223 0.9205542307540879 0.0
v -6.25126223 0.9207701964379584 1.1980270925767873
v -6.25126223 -0.36164225641587944 1.2197707285844084
v -6.25126223 0.24010165715033205 1.5528541068841761
v -6.25126223 0.9207701964379584 1.1980270925767873
v -6.25126223 0.9207701964379584 1.1980270925767873
v -6.25126223 0.9205542307540879 0.0
v -6.25126223 -0.35703202530583145 0.0
v -6.25126223 -0.35703202530583145 0.0
v -6.25126223 -0.36164225641587944 1.2197707285844084
v -6.25126223 0.9207701964379584 1.1980270925767873
v -6.25126223 0.24010165715033205 1.5528541068841761
v -6.25126223 -0.36164225641587944 1.2197707285844084
v -6.25126223 -1.1214768467303369 1.5335130163845385
v -6.25126223 0.24010165715033205 1.5528541068841761
v -6.25126223 -1.1363721450370203 2.76800004
v -6.25126223 0.28110013027311753 2.76800004
v -6.25126223 -1.1363721450370203 2.76800004
v -6.25126223 0.24010165715033205 1.5528541068841761
v -6.25126223 -1.1214768467303369 1.5335130163845385
v -6.25126223 -1.6904781417052854 1.19468181350942
v -6.25126223 -1.1214768467303369 1.5335130163845385
v -6.25126223 -0.36164225641587944 1.2197707285844084
v -6.25126223 -0.36164225641587944 1.2197707285844084
v -6.25126223 -0.35703202530583145 0.0
v -6.25126223 -1.6670809047707253 0.0
v -6.25126223 -1.6670809047707253 0.0
v -6.25126223 -1.6904781417052854 1.19468181350942
v -6.25126223 -0.36164225641587944 1.2197707285844084
v -6.25126223 -3.0531010499999995 1.10000001
v -6.25126223 -1.6904781417052854 1.19468181350942
v -6.25126223 -1.6670809047707253 0.0
v -6.25126223 -1.6670809047707253 0.0
v -6.25126223 -3.0531010499999995 0.0
v -6.25126223 -3.0531010499999995 1.10000001
v -6.25126223 -3.0531010499999995 1.10000001
v -6.25126223 -3.0925473674542525 1.10000001
v -6.25126223 -2.4107738553823204 1.4862896701589594
v -6.25126223 -1.6904781417052854 1.19468181350942
v -6.25126223 -3.0531010499999995 1.10000001
v -6.25126223 -2.4107738553823204 1.4862896701589594
v -6.25126223 -1.1214768467303369 1.5335130163845385
v -6.25126223 -1.6904781417052854 1.19468181350942
v -6.25126223 -2.4107738553823204 1.4862896701589594
v -6.25126223 -2.4107738553823204 1.4862896701589594
v -6.25126223 -2.4855151360357004 2.76800004
v -6.25126223 -1.1363721450370203 2.76800004
v -6.25126223 -1.1363721450370203 2.76800004
v -6.25126223 -1.1214768467303369 1.5335130163845385
v -6.25126223 -2.4107738553823204 1.4862896701589594
v -6.25126223 -3.64799981 2.76800004
v -6.25126223 -3.0925473674542525 1.10000001
v -6.25126223 -3.64799981 1.10000001
v -6.25126223 -2.4107738553823204 1.4862896701589594
v -6.25126223 -3.64799981 2.76800004
v -6.25126223 -2.4855151360357004 2.76800004
v -6.25126223 -3.64799981 2.76800004
v -6.25126223 -2.4107738553823204 1.4862896701589594
v -6.25126223 -3.0925473674542525 1.10000001
v -3.133583166561945 0.49900002 2.27600003
v -0.00026214 0.49900002 2.76800004
v -0.0002621399999999871 0.49900002 2.27600003
v -0.00026214 0.49900002 2.76800004
v -3.133583166561945 0.49900002 2.27600003
v -3.1344319062536705 0.49900002 2.76800004
v -3.1344319062536705 0.49900002 2.76800004
v -6.25126223 0.49900002 2.27600003
v -6.251262229999999 0.49900002 2.76800004
v -6.25126223 0.49900002 2.27600003
v -3.1344319062536705 0.49900002 2.76800004
v -3.133583166561945 0.49900002 2.27600003
v -3.2134949143441727 0.49900002 2.27600003
v -0.0002621399999999906 0.4990000199999999 2.27600003
v -0.00026214 0.93000002 2.27600003
v -0.00026214 0.93000002 2.27600003
v -3.213723433555096 0.9300000200000001 2.27600003
v -3.2134949143441727 0.49900002 2.27600003
v -3.213723433555096 0.9300000200000001 2.27600003
v -6.251262229999999 0.9300000200000003 2.27600003
v -6.251262229999999 0.49900002000000004 2.27600003
v -6.251262229999999 0.49900002000000004 2.27600003
v -3.2134949143441727 0.49900002 2.27600003
v -3.213723433555096 0.9300000200000001 2.27600003
v -3.1089155708704315 0.93000002 2.76800004
v -6.25126223 0.93000002 2.76800004
v -6.25126223 0.93000002 2.27600003
v -6.25126223 0.93000002 2.27600003
v -3.107558841892256 0.93000002 2.27600003
v -3.1089155708704315 0.93000002 2.76800004
v -3.107558841892256 0.93000002 2.27600003
v -0.00026214000000090304 0.93000002 2.27600003
v -0.00026214000000024504 0.93000002 2.76800004
v -0.00026214000000024504 0.93000002 2.76800004
v -3.1089155708704315 0.93000002 2.76800004
v -3.107558841892256 0.93000002 2.27600003
v -1.4102108207513409 -0.806521404493467 2.76800004
v -0.0002621400000000218 -0.9659257955461449 2.76800004
v -0.00026214 0.49900002 2.76800004
v -0.00026214 0.49900002 2.76800004
v -1.4085942547440191 0.49900002 2.76800004
v -1.4102108207513409 -0.806521404493467 2.76800004
v -2.922776357903327 -0.6850969024937229 2.76800004
v -1.678493128137865 -1.0592531298113146 2.76800004
v -1.4102108207513409 -0.806521404493467 2.76800004
v -2.922776357903327 -0.6850969024937229 2.76800004
v -1.4085942547440191 0.49900002 2.76800004
v -2.890759357614936 0.49900002 2.76800004
v -1.4085942547440191 0.49900002 2.76800004
v -2.922776357903327 -0.6850969024937229 2.76800004
v -1.4102108207513409 -0.806521404493467 2.76800004
v -0.0002621400000000218 -0.9659257955461449 2.76800004
v -1.248068714328359 -2.333344052806198 2.76800004
v -0.00026214000000024384 -2.121647766820241 2.76800004
v -1.248068714328359 -2.333344052806198 2.76800004
v -0.0002621400000000218 -0.9659257955461449 2.76800004
v -1.4102108207513409 -0.806521404493467 2.76800004
v -1.4102108207513409 -0.806521404493467 2.76800004
v -1.678493128137865 -1.0592531298113146 2.76800004
v -1.693725128452273 -1.9819768805289062 2.76800004
v -1.248068714328359 -2.333344052806198 2.76800004
v -1.4102108207513409 -0.806521404493467 2.76800004
v -1.693725128452273 -1.9819768805289062 2.76800004
v -2.561985075390565 -2.3728902147538173 2.76800004
v -2.922776357903327 -0.6850969024937229 2.76800004
v -3.2938979456794075 -0.999446589277934 2.76800004
v -3.2938979456794075 -0.999446589277934 2.76800004
v -3.3365040116986893 -1.9841956622334171 2.76800004
v -2.561985075390565 -2.3728902147538173 2.76800004
v -2.561985075390565 -2.3728902147538173 2.76800004
v -1.693725128452273 -1.9819768805289062 2.76800004
v -1.678493128137865 -1.0592531298113146 2.76800004
v -2.922776357903327 -0.6850969024937229 2.76800004
v -2.561985075390565 -2.3728902147538173 2.76800004
v -1.678493128137865 -1.0592531298113146 2.76800004
v -1.248068714328359 -2.333344052806198 2.76800004
v -1.2755686149452463 -3.647999810000001 2.76800004
v -0.00026214000000024384 -3.647999810000001 2.76800004
v -0.00026214000000024384 -3.647999810000001 2.76800004
v -0.00026214000000024384 -2.121647766820241 2.76800004
v -1.248068714328359 -2.333344052806198 2.76800004
v -4.541769909424423 -0.6056811436371712 2.76800004
v -3.2938979456794075 -0.999446589277934 2.76800004
v -2.922776357903327 -0.6850969024937229 2.76800004
v -4.541769909424423 -0.6056811436371712 2.76800004
v -2.890759357614936 0.49900002 2.76800004
v -4.541725965856861 0.49900002000000043 2.76800004
v -2.890759357614936 0.49900002 2.76800004
v -4.541769909424423 -0.6056811436371712 2.76800004
v -2.922776357903327 -0.6850969024937229 2.76800004
v -1.248068714328359 -2.333344052806198 2.76800004
v -1.693725128452273 -1.9819768805289062 2.76800004
v -2.561985075390565 -2.3728902147538173 2.76800004
v -2.561985075390565 -2.3728902147538173 2.76800004
v -2.5631299775603753 -3.6479998100000004 2.76800004
v -1.2755686149452463 -3.647999810000001 2.76800004
v -1.2755686149452463 -3.647999810000001 2.76800004
v -1.248068714328359 -2.333344052806198 2.76800004
v -2.561985075390565 -2.3728902147538173 2.76800004
v -3.2938979456794075 -0.999446589277934 2.76800004
v -4.541769909424423 -0.6056811436371712 2.76800004
v -4.855038763300676 -0.9147300169088717 2.76800004
v -4.855038763300676 -0.9147300169088717 2.76800004
v -4.803871649656293 -2.056229093571705 2.76800004
v -3.8478985781777766 -2.2986052786789872 2.76800004
v -3.8478985781777766 -2.2986052786789872 2.76800004
v -3.3365040116986893 -1.9841956622334171 2.76800004
v -3.2938979456794075 -0.999446589277934 2.76800004
v -3.2938979456794075 -0.999446589277934 2.76800004
v -4.855038763300676 -0.9147300169088717 2.76800004
v -3.8478985781777766 -2.2986052786789872 2.76800004
v -2.561985075390565 -2.3728902147538173 2.76800004
v -3.3365040116986893 -1.9841956622334171 2.76800004
v -3.8478985781777766 -2.2986052786789872 2.76800004
v -2.561985075390565 -2.3728902147538173 2.76800004
v -3.839303147877395 -3.647999810000001 2.76800004
v -2.5631299775603753 -3.6479998100000004 2.76800004
v -3.839303147877395 -3.647999810000001 2.76800004
v -2.561985075390565 -2.3728902147538173 2.76800004
v -3.8478985781777766 -2.2986052786789872 2.76800004
v -4.855038763300676 -0.9147300169088717 2.76800004
v -4.541769909424423 -0.6056811436371712 2.76800004
v -4.541725965856861 0.49900002000000043 2.76800004
v -4.855038763300676 -0.9147300169088717 2.76800004
v -6.25126223 0.49900002000000043 2.76800004
v -6.25126223 -0.749337456092757 2.76800004
v -6.25126223 0.49900002000000043 2.76800004
v -4.855038763300676 -0.9147300169088717 2.76800004
v -4.541725965856861 0.49900002000000043 2.76800004
v -3.8478985781777766 -2.2986052786789872 2.76800004
v -4.803871649656293 -2.056229093571705 2.76800004
v -5.090865095616278 -2.2806900235138623 2.76800004
v -3.8478985781777766 -2.2986052786789872 2.76800004
v -5.056670322066521 -3.64799981 2.76800004
v -3.839303147877395 -3.647999810000001 2.76800004
v -5.056670322066521 -3.64799981 2.76800004
v -3.8478985781777766 -2.2986052786789872 2.76800004
v -5.090865095616278 -2.2806900235138623 2.76800004
v -5.090865095616278 -2.2806900235138623 2.76800004
v -6.25126223 -2.1793535915219624 2.76800004
v -6.25126223 -3.64799981 2.76800004
v -6.25126223 -3.64799981 2.76800004
v -5.056670322066521 -3.64799981 2.76800004
v -5.090865095616278 -2.2806900235138623 2.76800004
v -5.090865095616278 -2.2806900235138623 2.76800004
v -4.803871649656293 -2.056229093571705 2.76800004
v -4.855038763300676 -0.9147300169088717 2.76800004
v -4.855038763300676 -0.9147300169088717 2.76800004
v -6.25126223 -0.749337456092757 2.76800004
v -6.25126223 -2.1793535915219624 2.76800004
v -6.25126223 -2.1793535915219624 2.76800004
v -5.090865095616278 -2.2806900235138623 2.76800004
v -4.855038763300676 -0.9147300169088717 2.76800004
v -1.1134596055739632 2.6246854908253794 2.7680000400000004
v -0.00026214000000024384 2.5230000699999993 2.7680000400000004
v -0.00026213653199794185 2.5230001079658297 1.100000010000001
v -0.00026213653199794185 2.5230001079658297 1.100000010000001
v -1.2130000279407298 2.633778084607376 1.1000000100000003
v -1.1134596055739632 2.6246854908253794 2.7680000400000004
v -1.67695229 2.67615797 1.10000001
v -2.4419398559756287 2.746036023262811 1.521970178335618
v -1.5625608692134345 2.6657088447358697 1.10000001
v -1.67695229 2.67615797 1.10000001
v -1.6769522877129481 2.676157995037418 3.3306690738754696e-16
v -3.043228323127903 2.800960968383364 1.3322676295501878e-15
v -2.4419398559756287 2.746036023262811 1.521970178335618
v -1.67695229 2.67615797 1.10000001
v -3.0462746705130925 2.8012392099854946 1.2238935446610462
v -1.67695229 2.67615797 1.10000001
v -3.043228323127903 2.800960968383364 1.3322676295501878e-15
v -3.0462746705130925 2.8012392099854946 1.2238935446610462
v -1.1134596055739632 2.6246854908253794 2.7680000400000004
v -1.5625608692134345 2.6657088447358697 1.10000001
v -2.4419398559756287 2.746036023262811 1.521970178335618
v -2.4419398559756287 2.746036023262811 1.521970178335618
v -2.349869720953485 2.7376258152361075 2.7680000400000004
v -1.1134596055739632 2.6246854908253794 2.7680000400000004
v -1.5625608692134345 2.6657088447358697 1.10000001
v -1.1134596055739632 2.6246854908253794 2.7680000400000004
v -1.2130000279407298 2.633778084607376 1.1000000100000003
v -2.4419398559756287 2.746036023262811 1.521970178335618
v -3.0462746705130925 2.8012392099854946 1.2238935446610462
v -3.690401884703292 2.86007723390893 1.5264099891016878
v -3.690401884703292 2.86007723390893 1.5264099891016878
v -3.7860308272614054 2.868812465389562 2.7680000400000004
v -2.349869720953485 2.7376258152361075 2.7680000400000004
v -2.349869720953485 2.7376258152361075 2.7680000400000004
v -2.4419398559756287 2.746036023262811 1.521970178335618
v -3.690401884703292 2.86007723390893 1.5264099891016878
v -4.416042843901082 2.9263611767676765 1.1000000100000003
v -3.0462746705130925 2.8012392099854946 1.2238935446610462
v -3.043228323127903 2.800960968383364 1.3322676295501878e-15
v -3.043228323127903 2.800960968383364 1.3322676295501878e-15
v -4.416042841614031 2.9263612018050944 1.9984014443252818e-15
v -4.416042843901082 2.9263611767676765 1.1000000100000003
v -4.416042843901082 2.9263611767676765 1.1000000100000003
v -4.504604151193656 2.9344508410719765 1.1000000100000005
v -3.690401884703292 2.86007723390893 1.5264099891016878
v -3.0462746705130925 2.8012392099854946 1.2238935446610462
v -4.416042843901082 2.9263611767676765 1.1000000100000003
v -3.690401884703292 2.86007723390893 1.5264099891016878
v -5.057424244873225 2.9849483520606825 2.7680000400000004
v -4.504604151193656 2.9344508410719765 1.1000000100000005
v -4.973029845686833 2.977239353750992 1.1000000100000003
v -3.690401884703292 2.86007723390893 1.5264099891016878
v -5.057424244873225 2.9849483520606825 2.7680000400000004
v -3.7860308272614054 2.868812465389562 2.7680000400000004
v -5.057424244873225 2.9849483520606825 2.7680000400000004
v -3.690401884703292 2.86007723390893 1.5264099891016878
v -4.504604151193656 2.9344508410719765 1.1000000100000005
v -5.057424244873225 2.9849483520606825 2.7680000400000004
v -6.251262226531997 3.0939999479658304 1.1000000100000007
v -6.251262229999999 3.09399991 2.76800004
v -6.251262226531997 3.0939999479658304 1.1000000100000007
v -5.057424244873225 2.9849483520606825 2.7680000400000004
v -4.973029845686833 2.977239353750992 1.1000000100000003
v -0.00026214 1.0242707820393524 1.5555136251667232
v -0.00026214 1.59804907 1.0920411371632144
v -0.00026214 1.59804907 1.10000001
v -0.00026214 1.59804907 1.10000001
v -0.00026214 2.52300007 1.10000001
v -0.00026214 2.52300007 2.76800004
v -0.00026214 2.52300007 2.76800004
v -0.00026214 1.136844246745146 2.7680000400000004
v -0.00026214 1.0242707820393524 1.5555136251667232
v -0.00026214 1.0242707820393524 1.5555136251667232
v -0.00026214 1.59804907 1.10000001
v -0.00026214 2.52300007 2.76800004
v -0.00026214 0.49900001999999966 2.27600003
v -0.00026214 -0.01199999999999976 1.203545845060593
v -0.00026214 1.0242707820393524 1.5555136251667232
v -0.00026214 0.93000002 2.27600003
v -0.00026214 1.136844246745146 2.7680000400000004
v -0.00026214 0.93000002 2.76800004
v -0.00026214 -0.012000000000000038 2.19499993
v -0.00026214 0.4990000199999999 2.7680000400000004
v -0.00026214 -0.5889207378649767 2.76800004
v -0.00026214 -0.5889207378649767 2.76800004
v -0.00026214 -0.6563882818207465 2.1941268318839042
v -0.00026214 -0.012000000000000038 2.19499993
v -0.00026214 1.136844246745146 2.7680000400000004
v -0.00026214 0.93000002 2.27600003
v -0.00026214 1.0242707820393524 1.5555136251667232
v -0.00026214 0.4990000199999999 2.7680000400000004
v -0.00026214 -0.012000000000000038 2.19499993
v -0.00026214 0.49900001999999966 2.27600003
v -0.00026214 0.49900001999999966 2.27600003
v -0.00026214 1.0242707820393524 1.5555136251667232
v -0.00026214 0.93000002 2.27600003
v -0.00026214 -0.01199999999999976 1.203545845060593
v -0.00026214 0.49900001999999966 2.27600003
v -0.00026214 -0.012000000000000038 2.19499993
v -0.00026214 -2.220026269125268 1.7606794816386604
v -0.00026214 -2.7879812125334245 1.10000001
v -0.00026214 -1.9833576199999998 1.1000000099999998
v -0.00026214 -1.9833576199999998 1.1000000099999998
v -0.00026214 -1.9833576199999992 0.0
v -0.00026214 -1.4879999699999997 0.0
v -0.00026214 -1.9833576199999998 1.1000000099999998
v -0.00026214 -1.4879999699999993 1.6032532617150435
v -0.00026214 -2.220026269125268 1.7606794816386604
v -0.00026214 -1.4879999699999993 1.6032532617150435
v -0.00026214 -1.9833576199999998 1.1000000099999998
v -0.00026214 -1.4879999699999997 0.0
v -0.00026214 1.59804907 1.0920411371632144
v -0.00026214 -0.01199999999999976 1.203545845060593
v -0.00026214 -0.011999999999999844 2.220446049250313e-16
v -0.00026214 -0.011999999999999844 2.220446049250313e-16
v -0.00026214 1.59804907 0.0
v -0.00026214 1.59804907 1.0920411371632144
v -0.00026214 -0.01199999999999976 1.203545845060593
v -0.00026214 1.59804907 1.0920411371632144
v -0.00026214 1.0242707820393524 1.5555136251667232
v -0.00026214 -2.220026269125268 1.7606794816386604
v -0.00026214 -1.4879999699999993 1.6032532617150435
v -0.00026214 -1.487999969999999 2.19300006
v -0.00026214 -1.487999969999999 2.19300006
v -0.00026214 -0.6563882818207465 2.1941268318839042
v -0.00026214 -0.5889207378649767 2.76800004
v -0.00026214 -1.487999969999999 2.19300006
v -0.00026214 -2.48846219089915 2.76800004
v -0.00026214 -2.220026269125268 1.7606794816386604
v -0.00026214 -2.48846219089915 2.76800004
v -0.00026214 -1.487999969999999 2.19300006
v -0.00026214 -0.5889207378649767 2.76800004
v -0.00026214 -2.220026269125268 1.7606794816386604
v -0.00026214 -2.48846219089915 2.76800004
v -0.00026214 -3.64799981 2.76800004
v -0.00026214 -3.64799981 2.76800004
v -0.00026214 -3.64799981 1.1000000100000003
v -0.00026214 -2.7879812125334245 1.10000001
v -0.00026214 -2.7879812125334245 1.10000001
v -0.00026214 -2.220026269125268 1.7606794816386604
v -0.00026214 -3.64799981 2.76800004
v 4.731810679205986 2.0288222164717675 1.4145371674772824
v 4.731258352817331 2.028872945417041 2.7360000500000003
v 6.10173802 1.90299993 2.73600005
v 6.10173802 1.90299993 2.73600005
v 6.10173802 1.90299993 1.3734200718458642
v 4.731810679205986 2.0288222164717675 1.4145371674772824
v 4.731810679205986 2.0288222164717675 1.4145371674772824
v 4.666373334816272 2.0348323719351824 1.3490392787630712
v 3.354142836323848 2.1553554367589034 1.4307793237878723
v 3.354142836323848 2.1553554367589034 1.4307793237878723
v 3.3536116997226433 2.1554042195078873 2.7360000500000003
v 4.731258352817331 2.028872945417041 2.7360000500000003
v 4.731258352817331 2.028872945417041 2.7360000500000003
v 4.731810679205986 2.0288222164717675 1.4145371674772824
v 3.354142836323848 2.1553554367589034 1.4307793237878723
v 6.101738020000001 1.90299993 0.04999999999999982
v 4.731810679205986 2.0288222164717675 1.4145371674772824
v 6.10173802 1.90299993 1.3734200718458642
v 4.731810679205986 2.0288222164717675 1.4145371674772824
v 6.101738020000001 1.90299993 0.04999999999999982
v 4.673715388277081 2.0341580340149674 0.04999999999999982
v 4.731810679205986 2.0288222164717675 1.4145371674772824
v 4.673715388277081 2.0341580340149674 0.04999999999999982
v 4.666373334816272 2.0348323719351824 1.3490392787630712
v 3.280247772590104 2.162142399542322 1.35883355823386
v 3.354142836323848 2.1553554367589034 1.4307793237878723
v 4.666373334816272 2.0348323719351824 1.3490392787630712
v 4.666373334816272 2.0348323719351824 1.3490392787630712
v 4.673715388277081 2.0341580340149674 0.04999999999999982
v 3.270325843111567 2.163053688642135 0.04999999999999982
v 3.270325843111567 2.163053688642135 0.04999999999999982
v 3.280247772590104 2.162142399542322 1.35883355823386
v 4.666373334816272 2.0348323719351824 1.3490392787630712
v 3.354142836323848 2.1553554367589034 1.4307793237878723
v 3.280247772590104 2.162142399542322 1.35883355823386
v 1.9677722143775682 2.2826879721103506 1.431701220933261
v 3.354142836323848 2.1553554367589034 1.4307793237878723
v 1.9741591814110424 2.28210135501626 2.7360000500000003
v 3.3536116997226433 2.1554042195078873 2.7360000500000003
v 1.9741591814110424 2.28210135501626 2.7360000500000003
v 3.354142836323848 2.1553554367589034 1.4307793237878723
v 1.9677722143775682 2.2826879721103506 1.431701220933261
v 1.9068669654455226 2.288281872933091 1.3719639956308023
v 1.9677722143775682 2.2826879721103506 1.431701220933261
v 3.280247772590104 2.162142399542322 1.35883355823386
v 3.280247772590104 2.162142399542322 1.35883355823386
v 3.270325843111567 2.163053688642135 0.04999999999999982
v 1.9072778222108617 2.2882441374006377 0.050000000000000155
v 1.9072778222108617 2.2882441374006377 0.050000000000000155
v 1.9068669654455226 2.288281872933091 1.3719639956308023
v 3.280247772590104 2.162142399542322 1.35883355823386
v 0.5707378400000007 2.41099993 2.7360000500000003
v 1.9068669654455226 2.288281872933091 1.3719639956308023
v 0.5707378399999997 2.41099993 1.4260661536547887
v 1.9677722143775682 2.2826879721103506 1.431701220933261
v 0.5707378400000007 2.41099993 2.7360000500000003
v 1.9741591814110424 2.28210135501626 2.7360000500000003
v 0.5707378400000007 2.41099993 2.7360000500000003
v 1.9677722143775682 2.2826879721103506 1.431701220933261
v 1.9068669654455226 2.288281872933091 1.3719639956308023
v 1.9068669654455226 2.288281872933091 1.3719639956308023
v 1.9072778222108617 2.2882441374006377 0.050000000000000155
v 0.5707378400000004 2.41099993 0.05000000000000015
v 0.5707378400000004 2.41099993 0.05000000000000015
v 0.5707378399999997 2.41099993 1.4260661536547887
v 1.9068669654455226 2.288281872933091 1.3719639956308023
v 6.10173802 -4.988374101181411 1.4448136599382166
v 6.10173802 -4.873376702681596 2.73600005
v 6.10173802 -6.159999970000001 2.73600005
v 6.10173802 -6.159999970000001 2.73600005
v 6.10173802 -6.159999970000001 1.291913996355852
v 6.10173802 -4.988374101181411 1.4448136599382166
v 6.10173802 -3.48300019 2.27600003
v 6.10173802 -2.98717327214345 1.122275208163513
v 6.10173802 -2.1644574105395877 1.5518683904663477
v 6.10173802 -3.48300019 2.27600003
v 6.10173802 -2.1819836013462175 2.7360000499999995
v 6.10173802 -3.48300019 2.73600005
v 6.10173802 -3.48300019 2.27600003
v 6.10173802 -3.6095489043889173 2.27600003
v 6.10173802 -3.5765985652595766 1.517209000311126
v 6.10173802 -2.1819836013462175 2.7360000499999995
v 6.10173802 -3.48300019 2.27600003
v 6.10173802 -2.1644574105395877 1.5518683904663477
v 6.10173802 -2.98717327214345 1.122275208163513
v 6.10173802 -3.48300019 2.27600003
v 6.10173802 -3.5765985652595766 1.517209000311126
v 6.10173802 -6.159999970000001 0.050000000000000266
v 6.10173802 -4.988374101181411 1.4448136599382166
v 6.10173802 -6.159999970000001 1.291913996355852
v 6.10173802 -4.988374101181411 1.4448136599382166
v 6.10173802 -6.159999970000001 0.050000000000000266
v 6.10173802 -4.584009692307195 0.050000000000000266
v 6.10173802 -4.988374101181411 1.4448136599382166
v 6.10173802 -4.584009692307195 0.050000000000000266
v 6.10173802 -4.567733432166159 1.0897525268889503
v 6.10173802 -2.98717327214345 1.122275208163513
v 6.10173802 -3.5765985652595766 1.517209000311126
v 6.10173802 -4.567733432166159 1.0897525268889503
v 6.10173802 -4.567733432166159 1.0897525268889503
v 6.10173802 -4.584009692307195 0.050000000000000266
v 6.10173802 -2.9676286625688273 0.050000000000000044
v 6.10173802 -2.9676286625688273 0.050000000000000044
v 6.10173802 -2.98717327214345 1.122275208163513
v 6.10173802 -4.567733432166159 1.0897525268889503
v 6.10173802 -2.1644574105395877 1.5518683904663477
v 6.10173802 -1.3884967573590807 1.1334960965427885
v 6.10173802 -0.7773808998624203 1.5403456764979344
v 6.10173802 -2.1644574105395877 1.5518683904663477
v 6.10173802 -0.7712270886114981 2.7360000499999995
v 6.10173802 -2.1819836013462175 2.7360000499999995
v 6.10173802 -0.7712270886114981 2.7360000499999995
v 6.10173802 -2.1644574105395877 1.5518683904663477
v 6.10173802 -0.7773808998624203 1.5403456764979344
v 6.10173802 -3.90599995 2.27600003
v 6.10173802 -4.567733432166159 1.0897525268889503
v 6.10173802 -3.5765985652595766 1.517209000311126
v 6.10173802 -3.5765985652595766 1.517209000311126
v 6.10173802 -3.6095489043889173 2.27600003
v 6.10173802 -3.90599995 2.27600003
v 6.10173802 -3.90599995 2.27600003
v 6.10173802 -3.9059999500000004 2.7360000499999995
v 6.10173802 -4.873376702681596 2.73600005
v 6.10173802 -4.567733432166159 1.0897525268889503
v 6.10173802 -3.90599995 2.27600003
v 6.10173802 -4.988374101181411 1.4448136599382166
v 6.10173802 -4.988374101181411 1.4448136599382166
v 6.10173802 -3.90599995 2.27600003
v 6.10173802 -4.873376702681596 2.73600005
v 6.10173802 -2.9676286625688273 0.050000000000000044
v 6.10173802 -2.1644574105395877 1.5518683904663477
v 6.10173802 -2.98717327214345 1.122275208163513
v 6.10173802 -1.3884967573590807 1.1334960965427885
v 6.10173802 -2.9676286625688273 0.050000000000000044
v 6.10173802 -1.3856269702778228 0.04999999999999982
v 6.10173802 -2.9676286625688273 0.050000000000000044
v 6.10173802 -1.3884967573590807 1.1334960965427885
v 6.10173802 -2.1644574105395877 1.5518683904663477
v 6.10173802 -1.3856269702778228 0.04999999999999982
v 6.10173802 -0.7773808998624203 1.5403456764979344
v 6.10173802 -1.3884967573590807 1.1334960965427885
v 6.10173802 -0.7773808998624203 1.5403456764979344
v 6.10173802 -1.3856269702778228 0.04999999999999982
v 6.10173802 0.22420574162404847 0.04999999999999971
v 6.10173802 -0.7773808998624203 1.5403456764979344
v 6.10173802 0.22420574162404847 0.04999999999999971
v 6.10173802 0.2377081787892127 1.1504859523271325
v 6.10173802 0.49900002000000176 2.2760000299999996
v 6.10173802 0.2377081787892127 1.1504859523271325
v 6.10173802 0.6028489122926655 1.4584081838813994
v 6.10173802 0.6028489122926655 1.4584081838813994
v 6.10173802 0.630930659591034 2.2760000299999996
v 6.10173802 0.49900002000000176 2.2760000299999996
v 6.10173802 0.49900002000000176 2.2760000299999996
v 6.10173802 0.49900002000000176 2.7360000499999995
v 6.10173802 -0.7712270886114981 2.7360000499999995
v 6.10173802 0.2377081787892127 1.1504859523271325
v 6.10173802 0.49900002000000176 2.2760000299999996
v 6.10173802 -0.7773808998624203 1.5403456764979344
v 6.10173802 -0.7773808998624203 1.5403456764979344
v 6.10173802 0.49900002000000176 2.2760000299999996
v 6.10173802 -0.7712270886114981 2.7360000499999995
v 6.10173802 0.6028489122926655 1.4584081838813994
v 6.10173802 0.2377081787892127 1.1504859523271325
v 6.10173802 0.22420574162404847 0.04999999999999971
v 6.10173802 0.6028489122926655 1.4584081838813994
v 6.10173802 1.9029999300000018 0.04999999999999951
v 6.10173802 1.9029999300000018 1.1848513051181278
v 6.10173802 1.9029999300000018 0.04999999999999951
v 6.10173802 0.6028489122926655 1.4584081838813994
v 6.10173802 0.22420574162404847 0.04999999999999971
v 6.10173802 0.9300000200000007 2.2760000299999996
v 6.10173802 1.9029999300000018 1.1848513051181278
v 6.10173802 1.9029999300000022 2.7360000499999995
v 6.10173802 1.9029999300000022 2.7360000499999995
v 6.10173802 0.930000020000001 2.736000049999999
v 6.10173802 0.9300000200000007 2.2760000299999996
v 6.10173802 0.9300000200000007 2.2760000299999996
v 6.10173802 0.630930659591034 2.2760000299999996
v 6.10173802 0.6028489122926655 1.4584081838813994
v 6.10173802 1.9029999300000018 1.1848513051181278
v 6.10173802 0.9300000200000007 2.2760000299999996
v 6.10173802 0.6028489122926655 1.4584081838813994
v 1.891333363102885 -6.15999997 1.4287846836780917
v 1.860451459038245 -6.15999997 2.7360000500000003
v 0.57073784 -6.15999997 2.73600005
v 0.57073784 -6.15999997 2.73600005
v 0.5707378399999998 -6.15999997 1.3375860876298848
v 1.891333363102885 -6.15999997 1.4287846836780917
v 1.891333363102885 -6.15999997 1.4287846836780917
v 1.9898627850244 -6.15999997 1.3393795453786055
v 3.2385467746247945 -6.15999997 1.4921869102763474
v 3.2385467746247945 -6.15999997 1.4921869102763474
v 3.275133168774793 -6.15999997 2.7360000500000003
v 1.860451459038245 -6.15999997 2.7360000500000003
v 1.860451459038245 -6.15999997 2.7360000500000003
v 1.891333363102885 -6.15999997 1.4287846836780917
v 3.2385467746247945 -6.15999997 1.4921869102763474
v 0.5707378399999996 -6.15999997 0.04999999999999938
v 1.891333363102885 -6.15999997 1.4287846836780917
v 0.5707378399999998 -6.15999997 1.3375860876298848
v 1.891333363102885 -6.15999997 1.4287846836780917
v 0.5707378399999996 -6.15999997 0.04999999999999938
v 2.020644904509632 -6.15999997 0.049999999999999156
v 1.891333363102885 -6.15999997 1.4287846836780917
v 2.020644904509632 -6.15999997 0.049999999999999156
v 1.9898627850244 -6.15999997 1.3393795453786055
v 3.4081441241398966 -6.15999997 1.3278759354773555
v 3.2385467746247945 -6.15999997 1.4921869102763474
v 1.9898627850244 -6.15999997 1.3393795453786055
v 1.9898627850244 -6.15999997 1.3393795453786055
v 2.020644904509632 -6.15999997 0.049999999999999156
v 3.3599778827466302 -6.15999997 0.0499999999999996
v 3.3599778827466302 -6.15999997 0.0499999999999996
v 3.4081441241398966 -6.15999997 1.3278759354773555
v 1.9898627850244 -6.15999997 1.3393795453786055
v 6.101738019999999 -6.15999997 2.7360000500000003
v 4.723521090706451 -6.15999997 1.3851938983962733
v 6.10173802 -6.15999997 1.4128821854242943
v 4.723521090706451 -6.15999997 1.3851938983962733
v 6.101738019999999 -6.15999997 2.7360000500000003
v 4.669870615140574 -6.15999997 2.7360000500000003
v 4.723521090706451 -6.15999997 1.3851938983962733
v 4.669870615140574 -6.15999997 2.7360000500000003
v 4.688754073495807 -6.15999997 1.4190313438032198
v 4.723521090706451 -6.15999997 1.3851938983962733
v 4.688754073495807 -6.15999997 1.4190313438032198
v 3.4081441241398966 -6.15999997 1.3278759354773555
v 3.4081441241398966 -6.15999997 1.3278759354773555
v 3.3599778827466302 -6.15999997 0.0499999999999996
v 4.758328453053017 -6.15999997 0.04999999999999938
v 4.758328453053017 -6.15999997 0.04999999999999938
v 4.723521090706451 -6.15999997 1.3851938983962733
v 3.4081441241398966 -6.15999997 1.3278759354773555
v 4.669870615140574 -6.15999997 2.7360000500000003
v 3.4081441241398966 -6.15999997 1.3278759354773555
v 4.688754073495807 -6.15999997 1.4190313438032198
v 3.2385467746247945 -6.15999997 1.4921869102763474
v 4.669870615140574 -6.15999997 2.7360000500000003
v 3.275133168774793 -6.15999997 2.7360000500000003
v 4.669870615140574 -6.15999997 2.7360000500000003
v 3.2385467746247945 -6.15999997 1.4921869102763474
v 3.4081441241398966 -6.15999997 1.3278759354773555
v 6.10173802 -6.15999997 1.4128821854242943
v 4.758328453053017 -6.15999997 0.04999999999999938
v 6.101738019999999 -6.15999997 0.049999999999999996
v 4.758328453053017 -6.15999997 0.04999999999999938
v 6.10173802 -6.15999997 1.4128821854242943
v 4.723521090706451 -6.15999997 1.3851938983962733
v -4.41604285 2.92636111 1.10000001
v -4.51011812 1.98546776 1.10000001
v -6.251262230000001 2.15584922 1.10000001
v -6.251262230000001 2.15584922 1.10000001
v -6.25126223 3.09399991 1.10000001
v -4.41604285 2.92636111 1.10000001
v -4.51011812 1.9854677599999997 1.1000000100000003
v -4.41604285 2.92636111 0.0
v -4.5101181200000005 1.9854677599999997 -5.551115123125783e-17
v -4.41604285 2.92636111 0.0
v -4.51011812 1.9854677599999997 1.1000000100000003
v -4.416042849999999 2.92636111 1.1000000100000003
v -6.25126223 2.15584922 -1.494717555710127e-16
v -4.51011812 1.98546776 1.10000001
v -4.51011812 1.98546776 -3.3306690738754696e-16
v -4.51011812 1.98546776 1.10000001
v -6.25126223 2.15584922 -1.494717555710127e-16
v -6.251262230000001 2.15584922 1.1000000100000003
v -4.52168292 -3.05310105 1.10000001
v -6.25126223 -3.05310105 1.10000001
v -6.25126223 -3.05310105 -1.1102230246251565e-16
v -6.25126223 -3.05310105 -1.1102230246251565e-16
v -4.52168292 -3.05310105 -8.177322744583182e-17
v -4.52168292 -3.05310105 1.10000001
v -4.52168292 -3.0531010499999995 1.10000001
v -4.52168292 -3.64799981 1.10000001
v -6.251262230000001 -3.64799981 1.10000001
v -6.251262230000001 -3.64799981 1.10000001
v -6.25126223 -3.05310105 1.10000001
v -4.52168292 -3.0531010499999995 1.10000001
v -4.52168292 -3.05310105 1.1000000100000003
v -4.52168292 -3.05310105 0.0
v -4.52168292 -3.64799981 0.0
v -4.52168292 -3.64799981 0.0
v -4.52168292 -3.64799981 1.1000000100000003
v -4.52168292 -3.05310105 1.1000000100000003
v -0.00026213999999985527 2.52300007 1.10000001
v -0.00026214 1.59804907 1.10000001
v -1.7412999100000002 1.7145899199999999 1.10000001
v -1.7412999100000002 1.7145899199999999 1.10000001
v -1.6769522899999998 2.67615797 1.10000001
v -0.00026213999999985527 2.52300007 1.10000001
v -1.7412999100000004 1.71458992 1.10000001
v -0.00026214 1.59804907 1.10000001
v -0.0002621399999999663 1.59804907 -2.220446049250313e-16
v -0.0002621399999999663 1.59804907 -2.220446049250313e-16
v -1.7412999100000004 1.71458992 -2.0269728106123305e-16
v -1.7412999100000004 1.71458992 1.10000001
v -1.74129991 1.71458992 -4.567339452123481e-17
v -1.67695229 2.67615797 1.10000001
v -1.74129991 1.71458992 1.10000001
v -1.67695229 2.67615797 1.10000001
v -1.74129991 1.71458992 -4.567339452123481e-17
v -1.67695229 2.6761579700000007 -1.6653345369377348e-16
v -5.44190039 1.4788138000000002 1.00000001
v -5.44190039 1.4788138 0.0
v -5.44190039 -0.09118618000000017 -1.1102230246251565e-16
v -5.44190039 -0.09118618000000017 -1.1102230246251565e-16
v -5.44190039 -0.09118618000000006 1.0000000100000002
v -5.44190039 1.4788138000000002 1.00000001
v -3.50874164 2.56199827 1.00000001
v -2.50874144 2.56199827 1.00000001
v -2.50874144 2.56199827 0.0
v -2.50874144 2.56199827 0.0
v -3.50874164 2.56199827 -3.052092003884332e-17
v -3.50874164 2.56199827 1.00000001
v -2.39004694 2.52444417 0.0
v -2.39004694 2.52444417 1.00000001
v -1.7840585399999997 1.72897063 1.00000001
v -1.7840585399999997 1.72897063 1.00000001
v -1.78405854 1.72897063 -4.0262465447690384e-17
v -2.39004694 2.52444417 0.0
v -5.31825755 1.60703359 4.764726057733807e-17
v -4.38912512 1.97678031 1.00000001
v -4.38912512 1.9767803099999999 0.0
v -4.38912512 1.97678031 1.00000001
v -5.31825755 1.60703359 4.764726057733807e-17
v -5.31825755 1.6070335900000001 1.00000001
v -2.80271478 -3.64799981 -7.01321664137976e-18
v -2.80271478 -2.79835749 1.10000001
v -2.80271478 -3.64799981 1.10000001
v -2.80271478 -2.79835749 1.10000001
v -2.80271478 -3.64799981 -7.01321664137976e-18
v -2.80271478 -2.79835749 -1.6653345369377348e-16
v -1.8648022447149677 -2.79835749 2.220446049250313e-16
v -2.80271478 -2.79835749 1.10000001
v -2.8027147800000005 -2.79835749 0.0
v -2.80271478 -2.79835749 1.10000001
v -1.8648022447149677 -2.79835749 2.220446049250313e-16
v -1.8559712842264355 -2.79835749 1.1000000100000003
v -1.8559712842264355 -2.79835749 1.1000000100000003
v -0.9127148300000004 -2.79835749 4.070404603785277e-16
v -0.9127148300000003 -2.79835749 1.1000000100000005
v -0.9127148300000004 -2.79835749 4.070404603785277e-16
v -1.8559712842264355 -2.79835749 1.1000000100000003
v -1.8648022447149677 -2.79835749 2.220446049250313e-16
v -0.9127148299999999 -2.79835749 1.10000001
v -0.9127148299999999 -1.98335762 1.10000001
v -0.0002621399999999108 -1.9833576199999998 1.10000001
v -0.9127148299999999 -2.79835749 1.10000001
v -0.00026214 -3.64799981 1.10000001
v -1.149827540046178 -3.64799981 1.10000001
v -1.149827540046178 -3.64799981 1.10000001
v -1.3562713159117084 -2.79835749 1.10000001
v -0.9127148299999999 -2.79835749 1.10000001
v -0.00026214 -3.64799981 1.10000001
v -0.9127148299999999 -2.79835749 1.10000001
v -0.0002621399999999108 -1.9833576199999998 1.10000001
v -1.3562713159117084 -2.79835749 1.10000001
v -2.80271478 -3.64799981 1.10000001
v -2.80271478 -2.79835749 1.10000001
v -2.80271478 -3.64799981 1.10000001
v -1.3562713159117084 -2.79835749 1.10000001
v -1.149827540046178 -3.64799981 1.10000001
v -0.91271483 -1.98335762 -2.220446049250313e-16
v -0.91271483 -1.98335762 1.10000001
v -0.91271483 -2.79835749 1.10000001
v -0.91271483 -2.79835749 1.10000001
v -0.91271483 -2.79835749 -2.4019741118320573e-16
v -0.91271483 -1.98335762 -2.220446049250313e-16
v -0.00026214000000016367 -1.98335762 6.652804067786237e-17
v -0.91271483 -1.98335762 1.10000001
v -0.9127148300000001 -1.98335762 -5.551115123125783e-17
v -0.91271483 -1.98335762 1.10000001
v -0.00026214000000016367 -1.98335762 6.652804067786237e-17
v -0.0002621399999999108 -1.98335762 1.1000000100000003
v -2.80271478 -2.79835749 0.0
v -2.713112226063485 -2.2003388883294948 0.0
v -2.393254766595523 -2.79835749 0.0
v -2.80271478 -2.79835749 0.0
v -2.80271478 -3.64799981 0.0
v -4.219250556382477 -3.64799981 0.0
v -2.713112226063485 -2.2003388883294948 0.0
v -2.80271478 -2.79835749 0.0
v -3.6596057508344564 -2.191283747931419 0.0
v -2.80271478 -2.79835749 0.0
v -4.219250556382477 -3.64799981 0.0
v -3.6596057508344564 -2.191283747931419 0.0
v -3.6596057508344564 -2.191283747931419 0.0
v -4.351108877871861 -1.4623506466767353 0.0
v -4.3367260411252255 -1.3599832178761204 0.0
v -3.6596057508344564 -2.191283747931419 0.0
v -3.065044796689109 -0.4772714738423399 0.0
v -2.3749387029172886 -1.4025458610070307 0.0
v -2.3749387029172886 -1.4025458610070307 0.0
v -2.713112226063485 -2.2003388883294948 0.0
v -3.6596057508344564 -2.191283747931419 0.0
v -3.065044796689109 -0.4772714738423399 0.0
v -3.6596057508344564 -2.191283747931419 0.0
v -4.3367260411252255 -1.3599832178761204 0.0
v -4.52168292 -3.05310105 0.0
v -4.219250556382477 -3.64799981 0.0
v -4.52168292 -3.64799981 0.0
v -4.52168292 -3.05310105 0.0
v -5.105029717499228 -3.05310105 0.0
v -4.988882960099667 -1.9124029256988615 0.0
v -4.988882960099667 -1.9124029256988615 0.0
v -4.351108877871861 -1.4623506466767353 0.0
v -3.6596057508344564 -2.191283747931419 0.0
v -4.219250556382477 -3.64799981 0.0
v -4.52168292 -3.05310105 0.0
v -3.6596057508344564 -2.191283747931419 0.0
v -4.52168292 -3.05310105 0.0
v -4.988882960099667 -1.9124029256988615 0.0
v -3.6596057508344564 -2.191283747931419 0.0
v -0.9127148299999996 -1.98335762 0.0
v -2.3749387029172886 -1.4025458610070307 0.0
v -1.5241998579201628 -1.2468577261081277 0.0
v -1.5241998579201628 -1.2468577261081277 0.0
v -0.8593435824640725 -1.9833576200000003 0.0
v -0.9127148299999996 -1.98335762 0.0
v -0.9127148299999996 -1.98335762 0.0
v -0.9127148300000001 -2.79835749 0.0
v -2.393254766595523 -2.79835749 0.0
v -2.3749387029172886 -1.4025458610070307 0.0
v -2.393254766595523 -2.79835749 0.0
v -2.713112226063485 -2.2003388883294948 0.0
v -2.3749387029172886 -1.4025458610070307 0.0
v -0.9127148299999996 -1.98335762 0.0
v -2.393254766595523 -2.79835749 0.0
v -4.988882960099667 -1.9124029256988615 0.0
v -5.105029717499228 -3.05310105 0.0
v -6.25126223 -3.0531010499999995 0.0
v -6.25126223 -3.0531010499999995 0.0
v -6.25126223 -1.5842070641819426 0.0
v -4.988882960099667 -1.9124029256988615 0.0
v -3.787977049102183 0.4460100118895454 0.0
v -4.911950778722238 -0.44395201059128614 0.0
v -4.686282773580134 0.2666416311826213 0.0
v -3.065044796689109 -0.4772714738423399 0.0
v -3.787977049102183 0.4460100118895454 0.0
v -3.0554473830705056 -0.3672326450967197 0.0
v -4.911950778722238 -0.44395201059128614 0.0
v -3.065044796689109 -0.4772714738423399 0.0
v -4.3367260411252255 -1.3599832178761204 0.0
v -3.787977049102183 0.4460100118895454 0.0
v -3.065044796689109 -0.4772714738423399 0.0
v -4.911950778722238 -0.44395201059128614 0.0
v -0.00026213999999979976 -0.0119999999999999 0.0
v -1.336523709641975 0.07865414943416238 0.0
v -0.7510013536509552 1.6483017340115427 0.0
v -0.7510013536509552 1.6483017340115427 0.0
v -0.00026213999999979976 1.5980490700000007 0.0
v -0.00026213999999979976 -0.0119999999999999 0.0
v -0.00026213999999979976 -0.0119999999999999 0.0
v -0.00026213999999979976 -0.2733811368734196 0.0
v -1.1156779155598957 -0.21350908657898982 0.0
v -1.336523709641975 0.07865414943416238 0.0
v -0.00026213999999979976 -0.0119999999999999 0.0
v -1.1156779155598957 -0.21350908657898982 0.0
v -1.5241998579201628 -1.2468577261081277 0.0
v -1.1156779155598957 -0.21350908657898982 0.0
v -0.00026213999999979976 -0.2733811368734196 0.0
v -0.00026213999999979976 -0.2733811368734196 0.0
v -0.00026213999999979976 -1.98335762 0.0
v -0.8593435824640725 -1.9833576200000003 0.0
v -0.8593435824640725 -1.9833576200000003 0.0
v -1.5241998579201628 -1.2468577261081277 0.0
v -0.00026213999999979976 -0.2733811368734196 0.0
v -4.911950778722238 -0.44395201059128614 0.0
v -4.988882960099667 -1.9124029256988615 0.0
v -6.25126223 -1.5842070641819426 0.0
v -6.25126223 -1.5842070641819426 0.0
v -6.25126223 -0.64522583058747 0.0
v -4.911950778722238 -0.44395201059128614 0.0
v -4.988882960099667 -1.9124029256988615 0.0
v -4.3367260411252255 -1.3599832178761204 0.0
v -4.351108877871861 -1.4623506466767353 0.0
v -4.3367260411252255 -1.3599832178761204 0.0
v -4.988882960099667 -1.9124029256988615 0.0
v -4.911950778722238 -0.44395201059128614 0.0
v -2.1490041013382584 0.33305239827787564 0.0
v -3.065044796689109 -0.4772714738423399 0.0
v -3.0554473830705056 -0.3672326450967197 0.0
v -1.5241998579201628 -1.2468577261081277 0.0
v -2.1490041013382584 0.33305239827787564 0.0
v -1.336523709641975 0.07865414943416238 0.0
v -1.336523709641975 0.07865414943416238 0.0
v -1.1156779155598957 -0.21350908657898982 0.0
v -1.5241998579201628 -1.2468577261081277 0.0
v -3.065044796689109 -0.4772714738423399 0.0
v -2.1490041013382584 0.33305239827787564 0.0
v -2.3749387029172886 -1.4025458610070307 0.0
v -2.3749387029172886 -1.4025458610070307 0.0
v -2.1490041013382584 0.33305239827787564 0.0
v -1.5241998579201628 -1.2468577261081277 0.0
v -2.379372144941379 1.2350961259967765 0.0
v -3.787977049102183 0.4460100118895454 0.0
v -3.4980241633197835 1.36017018992296 0.0
v -3.4980241633197835 1.36017018992296 0.0
v -3.1639386148752933 1.5275229396648187 0.0
v -2.379372144941379 1.2350961259967765 0.0
v -3.787977049102183 0.4460100118895454 0.0
v -2.1490041013382584 0.33305239827787564 0.0
v -3.0554473830705056 -0.3672326450967197 0.0
v -2.1490041013382584 0.33305239827787564 0.0
v -3.787977049102183 0.4460100118895454 0.0
v -2.379372144941379 1.2350961259967765 0.0
v -5.121848984330588 0.8095349143430286 0.0
v -4.686282773580134 0.2666416311826213 0.0
v -4.911950778722238 -0.44395201059128614 0.0
v -4.911950778722238 -0.44395201059128614 0.0
v -6.25126223 -0.64522583058747 0.0
v -6.25126223 0.7629886327579647 0.0
v -6.25126223 0.7629886327579647 0.0
v -5.121848984330588 0.8095349143430286 0.0
v -4.911950778722238 -0.44395201059128614 0.0
v -3.787977049102183 0.4460100118895454 0.0
v -4.686282773580134 0.2666416311826213 0.0
v -5.121848984330588 0.8095349143430286 0.0
v -5.121848984330588 0.8095349143430286 0.0
v -4.753838202726263 2.009317241089892 0.0
v -4.7362343863106 2.0075946014041546 0.0
v -5.121848984330588 0.8095349143430286 0.0
v -3.4980241633197835 1.36017018992296 0.0
v -3.787977049102183 0.4460100118895454 0.0
v -3.4980241633197835 1.36017018992296 0.0
v -5.121848984330588 0.8095349143430286 0.0
v -4.7362343863106 2.0075946014041546 0.0
v -1.74129991 1.7145899200000008 0.0
v -2.379372144941379 1.2350961259967765 0.0
v -1.7396988495425636 1.7385151029669672 0.0
v -1.74129991 1.7145899200000008 0.0
v -0.7510013536509552 1.6483017340115427 0.0
v -1.336523709641975 0.07865414943416238 0.0
v -2.379372144941379 1.2350961259967765 0.0
v -1.74129991 1.7145899200000008 0.0
v -2.1490041013382584 0.33305239827787564 0.0
v -1.74129991 1.7145899200000008 0.0
v -1.336523709641975 0.07865414943416238 0.0
v -2.1490041013382584 0.33305239827787564 0.0
v -1.7396988495425636 1.7385151029669672 0.0
v -3.1639386148752933 1.5275229396648187 0.0
v -3.0159589650059875 2.7984699809498896 0.0
v -3.0159589650059875 2.7984699809498896 0.0
v -1.67695229 2.6761579700000007 0.0
v -1.7396988495425636 1.7385151029669672 0.0
v -3.1639386148752933 1.5275229396648187 0.0
v -1.7396988495425636 1.7385151029669672 0.0
v -2.379372144941379 1.2350961259967765 0.0
v -5.121848984330588 0.8095349143430286 0.0
v -6.25126223 0.7629886327579647 0.0
v -6.25126223 2.155849220000001 0.0
v -6.25126223 2.155849220000001 0.0
v -4.753838202726263 2.009317241089892 0.0
v -5.121848984330588 0.8095349143430286 0.0
v -4.51011812 1.9854677599999997 0.0
v -3.4980241633197835 1.36017018992296 0.0
v -4.7362343863106 2.0075946014041546 0.0
v -4.51011812 1.9854677599999997 0.0
v -4.41604285 2.92636111 0.0
v -3.0159589650059875 2.7984699809498896 0.0
v -3.4980241633197835 1.36017018992296 0.0
v -4.51011812 1.9854677599999997 0.0
v -3.1639386148752933 1.5275229396648187 0.0
v -4.51011812 1.9854677599999997 0.0
v -3.0159589650059875 2.7984699809498896 0.0
v -3.1639386148752933 1.5275229396648187 0.0
v -4.42231185 2.05879585 -1.1811718261039316e-17
v -3.55628642 2.55879575 1.00000001
v -3.55628642 2.55879575 -5.551115123125783e-17
v -3.55628642 2.55879575 1.00000001
v -4.42231185 2.05879585 -1.1811718261039316e-17
v -4.42231185 2.05879585 1.0000000100000002
v 0.57073784 -1.48799997 0.04999999999999983
v -0.00026214 -1.48799997 2.19300006
v -0.0002621400000000218 -1.48799997 1.6653345369377348e-16
v -0.00026214 -1.48799997 2.19300006
v 0.57073784 -1.48799997 0.04999999999999983
v 0.57073784 -1.48799997 2.19300006
v 0.57073784 -3.089380207645558 1.2934230530351272
v 0.57073784 -2.9726544748911103 1.4308274927865308
v 0.57073784 -1.4879999699999997 1.3558802794706766
v 0.57073784 -3.089380207645558 1.2934230530351272
v 0.57073784 -1.48799997 0.05
v 0.57073784 -3.0755721690642526 0.04999999999999993
v 0.57073784 -1.48799997 0.05
v 0.57073784 -3.089380207645558 1.2934230530351272
v 0.57073784 -1.4879999699999997 1.3558802794706766
v 0.57073784 -1.5265698075281295 2.7360000500000003
v 0.57073784 0.4990000200000002 2.736000050000001
v 0.57073784 -0.011999999999999789 2.1949999300000003
v 0.57073784 -0.011999999999999789 2.1949999300000003
v 0.57073784 -1.3901242711818167 2.193132674280335
v 0.57073784 -1.5265698075281295 2.7360000500000003
v 0.57073784 -4.630880400640523 1.372022276999406
v 0.57073784 -4.60779605310195 1.3971049534332707
v 0.57073784 -3.089380207645558 1.2934230530351272
v 0.57073784 -3.089380207645558 1.2934230530351272
v 0.57073784 -3.0755721690642526 0.04999999999999993
v 0.57073784 -4.6525831647704425 0.0499999999999996
v 0.57073784 -4.6525831647704425 0.0499999999999996
v 0.57073784 -4.630880400640523 1.372022276999406
v 0.57073784 -3.089380207645558 1.2934230530351272
v 0.57073784 -3.90599995 2.2760000300000005
v 0.57073784 -3.089380207645558 1.2934230530351272
v 0.57073784 -4.60779605310195 1.3971049534332707
v 0.57073784 -3.90599995 2.2760000300000005
v 0.57073784 -4.538017525066561 2.73600005
v 0.57073784 -3.90599995 2.7360000500000003
v 0.57073784 -3.4830001899999994 2.2760000300000005
v 0.57073784 -3.4830001899999994 2.7360000500000003
v 0.57073784 -3.0425699795007577 2.7360000500000003
v 0.57073784 -4.538017525066561 2.73600005
v 0.57073784 -3.90599995 2.2760000300000005
v 0.57073784 -4.60779605310195 1.3971049534332707
v 0.57073784 -3.4830001899999994 2.2760000300000005
v 0.57073784 -3.0425699795007577 2.7360000500000003
v 0.57073784 -2.9726544748911103 1.4308274927865308
v 0.57073784 -3.4830001899999994 2.2760000300000005
v 0.57073784 -3.089380207645558 1.2934230530351272
v 0.57073784 -3.90599995 2.2760000300000005
v 0.57073784 -3.089380207645558 1.2934230530351272
v 0.57073784 -3.4830001899999994 2.2760000300000005
v 0.57073784 -2.9726544748911103 1.4308274927865308
v 0.57073784 -1.48799997 2.1930000600000006
v 0.57073784 -1.4879999699999997 1.3558802794706766
v 0.57073784 -2.9726544748911103 1.4308274927865308
v 0.57073784 -1.48799997 2.1930000600000006
v 0.57073784 -3.0425699795007577 2.7360000500000003
v 0.57073784 -1.5265698075281295 2.7360000500000003
v 0.57073784 -1.5265698075281295 2.7360000500000003
v 0.57073784 -1.3901242711818167 2.193132674280335
v 0.57073784 -1.48799997 2.1930000600000006
v 0.57073784 -3.0425699795007577 2.7360000500000003
v 0.57073784 -1.48799997 2.1930000600000006
v 0.57073784 -2.9726544748911103 1.4308274927865308
v 0.57073784 -4.630880400640523 1.372022276999406
v 0.57073784 -4.6525831647704425 0.0499999999999996
v 0.57073784 -6.159999970000001 0.049999999999998934
v 0.57073784 -6.159999970000001 0.049999999999998934
v 0.57073784 -6.15999997 1.4240370327716199
v 0.57073784 -4.630880400640523 1.372022276999406
v 0.57073784 -4.60779605310195 1.3971049534332707
v 0.57073784 -4.630880400640523 1.372022276999406
v 0.57073784 -6.15999997 1.4240370327716199
v 0.57073784 -4.60779605310195 1.3971049534332707
v 0.57073784 -6.15999997 2.7360000499999995
v 0.57073784 -4.538017525066561 2.73600005
v 0.57073784 -6.15999997 2.7360000499999995
v 0.57073784 -4.60779605310195 1.3971049534332707
v 0.57073784 -6.15999997 1.4240370327716199
v 1.3063440000000002 -1.2924716900000002 1.1035565952051536
v 0.5707378399999999 -0.01200000000000001 0.04999999999999982
v 1.306344 -1.29247169 0.05
v 0.5707378399999999 -0.01200000000000001 0.04999999999999982
v 1.3063440000000002 -1.2924716900000002 1.1035565952051536
v 0.5707378400000002 -0.012000000000000344 1.1292562842042169
v 0.5707378400000002 -0.012000000000000344 1.1292562842042169
v 1.3063440000000002 -1.2924716900000004 2.19499993
v 0.5707378400000003 -0.01200000000000048 2.1949999299999994
v 1.3063440000000002 -1.2924716900000004 2.19499993
v 0.5707378400000002 -0.012000000000000344 1.1292562842042169
v 1.3063440000000002 -1.2924716900000002 1.1035565952051536
v 6.10173802 -6.15999997 0.05
v 5.212510976416614 -4.468556938980892 0.05
v 6.101738020000001 -4.481867639938501 0.05
v 4.703455118630298 -4.9843124302228965 0.05
v 6.10173802 -6.15999997 0.05
v 4.874139210298654 -6.15999997 0.05
v 5.212510976416614 -4.468556938980892 0.05
v 6.10173802 -6.15999997 0.05
v 4.703455118630298 -4.9843124302228965 0.05
v 6.10173802 -2.820195865510154 0.05000000000000001
v 4.644024758227005 -3.4246340577943952 0.05
v 4.911924632002624 -2.8705359243723696 0.05
v 5.212510976416614 -4.468556938980892 0.05
v 6.10173802 -2.820195865510154 0.05000000000000001
v 6.101738020000001 -4.481867639938501 0.05
v 4.644024758227005 -3.4246340577943952 0.05
v 6.10173802 -2.820195865510154 0.05000000000000001
v 5.212510976416614 -4.468556938980892 0.05
v 3.3674399569050983 -5.06016847216902 0.05
v 3.671991380672619 -4.772203095374039 0.05
v 4.703455118630298 -4.9843124302228965 0.05
v 4.703455118630298 -4.9843124302228965 0.05
v 4.874139210298654 -6.15999997 0.05
v 3.370549734855339 -6.15999997 0.049999999999999996
v 3.370549734855339 -6.15999997 0.049999999999999996
v 3.3674399569050983 -5.06016847216902 0.05
v 4.703455118630298 -4.9843124302228965 0.05
v 2.0126191727010445 -4.7621104768867655 0.049999999999999996
v 2.0204741238622383 -4.754791205031947 0.049999999999999996
v 3.3674399569050983 -5.06016847216902 0.05
v 3.3674399569050983 -5.06016847216902 0.05
v 3.370549734855339 -6.15999997 0.049999999999999996
v 1.9353240601525523 -6.159999970000001 0.049999999999999996
v 1.9353240601525523 -6.159999970000001 0.049999999999999996
v 2.0126191727010445 -4.7621104768867655 0.049999999999999996
v 3.3674399569050983 -5.06016847216902 0.05
v 5.056908070251369 -1.2616669067985715 0.05000000000000001
v 4.624531599679183 -0.6750888054627315 0.05000000000000001
v 5.029391772867831 0.3383026257763344 0.05000000000000001
v 5.056908070251369 -1.2616669067985715 0.05000000000000001
v 6.101738020000001 0.3863737920093411 0.05000000000000001
v 6.101738020000001 -1.2937293399951408 0.05000000000000001
v 6.101738020000001 0.3863737920093411 0.05000000000000001
v 5.056908070251369 -1.2616669067985715 0.05000000000000001
v 5.029391772867831 0.3383026257763344 0.05000000000000001
v 4.644024758227005 -3.4246340577943952 0.05
v 3.671991380672619 -4.772203095374039 0.05
v 3.603076415248271 -3.7101024601012877 0.05
v 4.703455118630298 -4.9843124302228965 0.05
v 4.644024758227005 -3.4246340577943952 0.05
v 5.212510976416614 -4.468556938980892 0.05
v 3.671991380672619 -4.772203095374039 0.05
v 4.644024758227005 -3.4246340577943952 0.05
v 4.703455118630298 -4.9843124302228965 0.05
v 3.136819167921019 -2.6957963616406926 0.05
v 3.603076415248271 -3.7101024601012877 0.05
v 3.304826657481645 -3.4951201726192593 0.05
v 4.550194208188458 -2.2157026150474852 0.05
v 3.136819167921019 -2.6957963616406926 0.05
v 3.5575525956995815 -2.0811742622844536 0.05
v 4.644024758227005 -3.4246340577943952 0.05
v 4.550194208188458 -2.2157026150474852 0.05
v 4.911924632002624 -2.8705359243723696 0.05
v 3.603076415248271 -3.7101024601012877 0.05
v 3.136819167921019 -2.6957963616406926 0.05
v 4.644024758227005 -3.4246340577943952 0.05
v 4.550194208188458 -2.2157026150474852 0.05
v 4.644024758227005 -3.4246340577943952 0.05
v 3.136819167921019 -2.6957963616406926 0.05
v 3.3674399569050983 -5.06016847216902 0.05
v 2.0204741238622383 -4.754791205031947 0.049999999999999996
v 2.1399381040468812 -4.00424270546444 0.05
v 3.671991380672619 -4.772203095374039 0.05
v 3.304826657481645 -3.4951201726192593 0.05
v 3.603076415248271 -3.7101024601012877 0.05
v 2.1399381040468812 -4.00424270546444 0.05
v 3.671991380672619 -4.772203095374039 0.05
v 3.3674399569050983 -5.06016847216902 0.05
v 3.304826657481645 -3.4951201726192593 0.05
v 3.671991380672619 -4.772203095374039 0.05
v 2.1399381040468812 -4.00424270546444 0.05
v 0.5707378400000009 -4.761034859721198 0.049999999999999996
v 1.9353240601525523 -6.159999970000001 0.049999999999999996
v 0.5707378400000009 -6.159999970000001 0.049999999999999996
v 1.9353240601525523 -6.159999970000001 0.049999999999999996
v 0.5707378400000009 -4.761034859721198 0.049999999999999996
v 2.0126191727010445 -4.7621104768867655 0.049999999999999996
v 6.10173802 -2.820195865510154 0.05000000000000001
v 4.550194208188458 -2.2157026150474852 0.05
v 5.056908070251369 -1.2616669067985715 0.05000000000000001
v 5.056908070251369 -1.2616669067985715 0.05000000000000001
v 6.101738020000001 -1.2937293399951408 0.05000000000000001
v 6.10173802 -2.820195865510154 0.05000000000000001
v 4.550194208188458 -2.2157026150474852 0.05
v 6.10173802 -2.820195865510154 0.05000000000000001
v 4.911924632002624 -2.8705359243723696 0.05
v 2.0126191727010445 -4.7621104768867655 0.049999999999999996
v 2.1399381040468812 -4.00424270546444 0.05
v 2.0204741238622383 -4.754791205031947 0.049999999999999996
v 2.1399381040468812 -4.00424270546444 0.05
v 2.0126191727010445 -4.7621104768867655 0.049999999999999996
v 0.5707378400000009 -4.761034859721198 0.049999999999999996
v 0.5707378400000009 -4.761034859721198 0.049999999999999996
v 0.5707378400000014 -3.318167170370696 0.049999999999999996
v 1.5922556153893552 -3.264328214472228 0.05
v 2.1399381040468812 -4.00424270546444 0.05
v 0.5707378400000009 -4.761034859721198 0.049999999999999996
v 1.5922556153893552 -3.264328214472228 0.05
v 4.550194208188458 -2.2157026150474852 0.05
v 3.5575525956995815 -2.0811742622844536 0.05
v 3.328032373198322 -1.4630902788826567 0.05
v 3.328032373198322 -1.4630902788826567 0.05
v 3.7035030982173147 -0.6847881350343359 0.05000000000000001
v 4.624531599679183 -0.6750888054627315 0.05000000000000001
v 4.624531599679183 -0.6750888054627315 0.05000000000000001
v 5.056908070251369 -1.2616669067985715 0.05000000000000001
v 4.550194208188458 -2.2157026150474852 0.05
v 4.550194208188458 -2.2157026150474852 0.05
v 3.328032373198322 -1.4630902788826567 0.05
v 4.624531599679183 -0.6750888054627315 0.05000000000000001
v 2.1399381040468812 -4.00424270546444 0.05
v 1.5922556153893552 -3.264328214472228 0.05
v 2.0233369791874285 -2.499377165550057 0.05
v 2.1399381040468812 -4.00424270546444 0.05
v 3.136819167921019 -2.6957963616406926 0.05
v 3.304826657481645 -3.4951201726192593 0.05
v 3.136819167921019 -2.6957963616406926 0.05
v 2.1399381040468812 -4.00424270546444 0.05
v 2.0233369791874285 -2.499377165550057 0.05
v 2.145061166303161 -1.2910606908498274 0.05
v 2.0233369791874285 -2.499377165550057 0.05
v 1.782362401435042 -1.8258607388280668 0.05
v 2.0233369791874285 -2.499377165550057 0.05
v 2.145061166303161 -1.2910606908498274 0.05
v 3.328032373198322 -1.4630902788826567 0.05
v 3.328032373198322 -1.4630902788826567 0.05
v 3.5575525956995815 -2.0811742622844536 0.05
v 3.136819167921019 -2.6957963616406926 0.05
v 2.0233369791874285 -2.499377165550057 0.05
v 3.328032373198322 -1.4630902788826567 0.05
v 3.136819167921019 -2.6957963616406926 0.05
v 6.101738020000001 1.9029999300000005 0.05000000000000001
v 4.583807822663582 0.833067157708105 0.05000000000000001
v 4.799069861791744 2.0226447325372856 0.05000000000000001
v 5.029391772867831 0.3383026257763344 0.05000000000000001
v 6.101738020000001 1.9029999300000005 0.05000000000000001
v 6.101738020000001 0.3863737920093411 0.05000000000000001
v 6.101738020000001 1.9029999300000005 0.05000000000000001
v 5.029391772867831 0.3383026257763344 0.05000000000000001
v 4.583807822663582 0.833067157708105 0.05000000000000001
v 0.5707378400000015 -1.7332820775450988 0.05
v 2.0233369791874285 -2.499377165550057 0.05
v 1.5922556153893552 -3.264328214472228 0.05
v 1.5922556153893552 -3.264328214472228 0.05
v 0.5707378400000014 -3.318167170370696 0.049999999999999996
v 0.5707378400000015 -1.7332820775450988 0.05
v 2.0233369791874285 -2.499377165550057 0.05
v 0.5707378400000015 -1.7332820775450988 0.05
v 1.782362401435042 -1.8258607388280668 0.05
v 4.583807822663582 0.833067157708105 0.05000000000000001
v 3.3424457754362136 -0.11406775567153238 0.05000000000000001
v 3.526525077256251 0.668964622801866 0.05000000000000001
v 4.624531599679183 -0.6750888054627315 0.05000000000000001
v 4.583807822663582 0.833067157708105 0.05000000000000001
v 5.029391772867831 0.3383026257763344 0.05000000000000001
v 3.3424457754362136 -0.11406775567153238 0.05000000000000001
v 4.624531599679183 -0.6750888054627315 0.05000000000000001
v 3.7035030982173147 -0.6847881350343359 0.05000000000000001
v 4.583807822663582 0.833067157708105 0.05000000000000001
v 4.624531599679183 -0.6750888054627315 0.05000000000000001
v 3.3424457754362136 -0.11406775567153238 0.05000000000000001
v 2.145061166303161 -1.2910606908498274 0.05
v 1.9683910343117663 -0.3714690594297029 0.05
v 2.0355100831782558 -0.27433939562393117 0.05
v 3.328032373198322 -1.4630902788826567 0.05
v 3.3424457754362136 -0.11406775567153238 0.05000000000000001
v 3.7035030982173147 -0.6847881350343359 0.05000000000000001
v 3.3424457754362136 -0.11406775567153238 0.05000000000000001
v 3.328032373198322 -1.4630902788826567 0.05
v 2.145061166303161 -1.2910606908498274 0.05
v 3.3424457754362136 -0.11406775567153238 0.05000000000000001
v 2.145061166303161 -1.2910606908498274 0.05
v 2.0355100831782558 -0.27433939562393117 0.05
v 1.9683910343117663 -0.3714690594297029 0.05
v 0.5707378400000019 -0.012000000000000854 0.05
v 2.0355100831782558 -0.27433939562393117 0.05
v 0.5707378400000019 -0.012000000000000854 0.05
v 1.9683910343117663 -0.3714690594297029 0.05
v 0.5707378400000015 -0.4008197269338335 0.05
v 0.5707378400000019 -0.012000000000000854 0.05
v 0.5707378400000019 0.9486157887524916 0.05
v 1.84163201191199 1.0187480706697913 0.05
v 2.0355100831782558 -0.27433939562393117 0.05
v 0.5707378400000019 -0.012000000000000854 0.05
v 1.9434031743472422 0.9225846572931988 0.05
v 1.9434031743472422 0.9225846572931988 0.05
v 0.5707378400000019 -0.012000000000000854 0.05
v 1.84163201191199 1.0187480706697913 0.05
v 4.583807822663582 0.833067157708105 0.05000000000000001
v 3.526525077256251 0.668964622801866 0.05000000000000001
v 3.181602106476644 1.086377906902474 0.05000000000000001
v 4.583807822663582 0.833067157708105 0.05000000000000001
v 3.315719108937034 2.1588845007396067 0.05000000000000001
v 4.799069861791744 2.0226447325372856 0.05000000000000001
v 3.315719108937034 2.1588845007396067 0.05000000000000001
v 4.583807822663582 0.833067157708105 0.05000000000000001
v 3.181602106476644 1.086377906902474 0.05000000000000001
v 1.782362401435042 -1.8258607388280668 0.05
v 0.5707378400000015 -1.7332820775450988 0.05
v 0.5707378400000018 -1.4879999700000006 0.05
v 0.5707378400000018 -1.4879999700000006 0.05
v 0.5707378400000015 -0.4008197269338335 0.05
v 1.9683910343117663 -0.3714690594297029 0.05
v 0.5707378400000018 -1.4879999700000006 0.05
v 2.145061166303161 -1.2910606908498274 0.05
v 1.782362401435042 -1.8258607388280668 0.05
v 2.145061166303161 -1.2910606908498274 0.05
v 0.5707378400000018 -1.4879999700000006 0.05
v 1.9683910343117663 -0.3714690594297029 0.05
v 3.3424457754362136 -0.11406775567153238 0.05000000000000001
v 2.0355100831782558 -0.27433939562393117 0.05
v 1.9434031743472422 0.9225846572931988 0.05
v 3.3424457754362136 -0.11406775567153238 0.05000000000000001
v 3.181602106476644 1.086377906902474 0.05000000000000001
v 3.526525077256251 0.668964622801866 0.05000000000000001
v 3.181602106476644 1.086377906902474 0.05000000000000001
v 3.3424457754362136 -0.11406775567153238 0.05000000000000001
v 1.9434031743472422 0.9225846572931988 0.05
v 3.181602106476644 1.086377906902474 0.05000000000000001
v 1.9434031743472422 0.9225846572931988 0.05
v 1.84163201191199 1.0187480706697913 0.05
v 3.181602106476644 1.086377906902474 0.05000000000000001
v 1.8975969381026183 2.2891332874579398 0.05000000000000001
v 3.315719108937034 2.1588845007396067 0.05000000000000001
v 1.8975969381026183 2.2891332874579398 0.05000000000000001
v 3.181602106476644 1.086377906902474 0.05000000000000001
v 1.84163201191199 1.0187480706697913 0.05
v 1.84163201191199 1.0187480706697913 0.05
v 0.5707378400000019 0.9486157887524916 0.05
v 0.5707378400000016 2.410999929999999 0.05
v 0.5707378400000016 2.410999929999999 0.05
v 1.8975969381026183 2.2891332874579398 0.05000000000000001
v 1.84163201191199 1.0187480706697913 0.05
v 0.57073784 -0.012000000000000177 0.05
v 0.57073784 -1.48799997 0.05
v -0.0002621400000000773 -1.48799997 -6.938893903907228e-18
v -0.0002621400000000773 -1.48799997 -6.938893903907228e-18
v -0.0002621400000000043 -0.012000000000000004 1.5333097274868078e-18
v 0.57073784 -0.012000000000000177 0.05
v -0.0002621399999999113 -0.012 2.19499993
v 0.57073784 -0.012 0.05
v -0.0002621400000000218 -0.012 0.0
v 0.57073784 -0.012 0.05
v -0.0002621399999999113 -0.012 2.19499993
v 0.57073784 -0.012 2.19499993
v 0.57073784 1.3575686825012157 1.4209467046374182
v 0.57073784 1.0228316565519997 2.73600005
v 0.57073784 2.41099993 2.73600005
v 0.57073784 2.41099993 2.73600005
v 0.57073784 2.41099993 1.4328176943133237
v 0.57073784 1.3575686825012157 1.4209467046374182
v 0.57073784 0.49900002 2.27600003
v 0.57073784 1.1581636240406727 1.2060750041982533
v 0.57073784 -0.012000000000000233 1.2662875351684701
v 0.57073784 0.49900002 2.27600003
v 0.57073784 -0.012000000000000233 2.19499993
v 0.57073784 0.49900002 2.73600005
v 0.57073784 0.93000002 2.27600003
v 0.57073784 0.9300000200000001 2.73600005
v 0.57073784 1.0228316565519997 2.73600005
v 0.57073784 -0.012000000000000233 2.19499993
v 0.57073784 0.49900002 2.27600003
v 0.57073784 -0.012000000000000233 1.2662875351684701
v 0.57073784 0.93000002 2.27600003
v 0.57073784 1.0228316565519997 2.73600005
v 0.57073784 1.3575686825012157 1.4209467046374182
v 0.57073784 0.93000002 2.27600003
v 0.57073784 1.1581636240406727 1.2060750041982533
v 0.57073784 0.49900002 2.27600003
v 0.57073784 1.1581636240406727 1.2060750041982533
v 0.57073784 0.93000002 2.27600003
v 0.57073784 1.3575686825012157 1.4209467046374182
v 0.57073784 2.41099993 0.04999999999999982
v 0.57073784 1.3575686825012157 1.4209467046374182
v 0.57073784 2.41099993 1.4328176943133237
v 0.57073784 1.1581636240406727 1.2060750041982533
v 0.57073784 2.41099993 0.04999999999999982
v 0.57073784 1.2439102649301867 0.04999999999999993
v 0.57073784 1.3575686825012157 1.4209467046374182
v 0.57073784 2.41099993 0.04999999999999982
v 0.57073784 1.1581636240406727 1.2060750041982533
v 0.57073784 1.1581636240406727 1.2060750041982533
v 0.57073784 1.2439102649301867 0.04999999999999993
v 0.57073784 -0.011999999999999908 0.04999999999999973
v 0.57073784 -0.011999999999999908 0.04999999999999973
v 0.57073784 -0.012000000000000233 1.2662875351684701
v 0.57073784 1.1581636240406727 1.2060750041982533
v 1.306344 -1.29247169 1.1250000000000002
v 1.306344 -1.29247169 0.05
v 0.5707378399999998 -0.01200000000000001 0.05
v 0.5707378399999998 -0.01200000000000001 0.05
v 0.5707378399999998 -0.01200000000000001 1.1250000000000002
v 1.306344 -1.29247169 1.1250000000000002
v 0.5707378399999998 -0.01200000000000001 1.1250000000000002
v 0.5707378399999998 -0.01200000000000001 2.19499993
v 1.306344 -1.29247169 2.19499993
v 1.306344 -1.29247169 2.19499993
v 1.306344 -1.29247169 1.1250000000000002
v 0.5707378399999998 -0.01200000000000001 1.1250000000000002
v -5.44190039 -0.09118618 0.0
v -5.44190039 1.4788138 0.0
v -5.44190039 1.4788138 1.00000001
v -5.44190039 1.4788138 1.00000001
v -5.44190039 -0.09118618 1.00000001
v -5.44190039 -0.09118618 0.0
v -2.50874144 2.56199827 0.0
v -2.50874144 2.56199827 1.00000001
v -3.50874164 2.56199827 1.00000001
v -3.50874164 2.56199827 1.00000001
v -3.50874164 2.56199827 0.0
v -2.50874144 2.56199827 0.0
v -1.7840585400000002 1.7289706300000003 1.00000001
v -2.39004694 2.52444417 1.00000001
v -2.39004694 2.52444417 0.0
v -2.39004694 2.52444417 0.0
v -1.7840585400000002 1.7289706300000003 0.0
v -1.7840585400000002 1.7289706300000003 1.00000001
v -4.38912512 1.97678031 0.0
v -4.38912512 1.97678031 1.00000001
v -5.31825755 1.6070335900000006 1.00000001
v -5.31825755 1.6070335900000006 1.00000001
v -5.31825755 1.6070335900000006 0.0
v -4.38912512 1.97678031 0.0
v -3.55628642 2.55879575 0.0
v -3.55628642 2.55879575 1.00000001
v -4.42231185 2.0587958500000005 1.00000001
v -4.42231185 2.0587958500000005 1.00000001
v -4.42231185 2.0587958500000005 0.0
v -3.55628642 2.55879575 0.0

usemtl Patch_1_Mat_CR1_paintedConcrete
f 3 2 1
f 6 5 4

usemtl Patch_2_Mat_CR1_paintedConcrete
f 9 8 7
f 12 11 10
f 15 14 13

usemtl Patch_3_Mat_CR1_paintedConcrete
f 18 17 16
f 21 20 19
f 24 23 22

usemtl Patch_4_Mat_CR1_paintedConcrete
f 27 26 25
f 30 29 28

usemtl Patch_5_Mat_CR1_paintedConcrete
f 33 32 31
f 36 35 34
f 39 38 37

usemtl Patch_6_Mat_CR1_paintedConcrete
f 42 41 40
f 45 44 43
f 48 47 46

usemtl Patch_7_Mat_CR1_paintedConcrete
f 51 50 49
f 54 53 52
f 57 56 55

usemtl Patch_8_Mat_CR1_paintedConcrete
f 60 59 58
f 63 62 61

usemtl Patch_9_Mat_CR1_paintedConcrete
f 66 65 64
f 69 68 67

usemtl Patch_10_Mat_CR1_paintedConcrete
f 72 71 70
f 75 74 73

usemtl Patch_11_Mat_CR1_paintedConcrete
f 78 77 76
f 81 80 79

usemtl Patch_12_Mat_CR1_paintedConcrete
f 84 83 82
f 87 86 85

usemtl Patch_13_Mat_CR1_paintedConcrete
f 90 89 88
f 93 92 91

usemtl Patch_14_Mat_CR1_paintedConcrete
f 96 95 94
f 99 98 97

usemtl Patch_15_Mat_CR1_paintedConcrete
f 102 101 100
f 105 104 103

usemtl Patch_16_Mat_CR1_paintedConcrete
f 108 107 106
f 111 110 109

usemtl Patch_17_Mat_CR1_paintedConcrete
f 114 113 112
f 117 116 115

usemtl Patch_18_Mat_CR1_paintedConcrete
f 120 119 118
f 123 122 121

usemtl Patch_19_Mat_CR1_paintedConcrete
f 126 125 124
f 129 128 127

usemtl Patch_20_Mat_CR1_paintedConcrete
f 132 131 130
f 135 134 133

usemtl Patch_21_Mat_CR1_paintedConcrete
f 138 137 136
f 141 140 139

usemtl Patch_22_Mat_CR1_paintedConcrete
f 144 143 142
f 147 146 145

usemtl Patch_23_Mat_CR1_paintedConcrete
f 150 149 148
f 153 152 151

usemtl Patch_24_Mat_CR1_paintedConcrete
f 156 155 154
f 159 158 157

usemtl Patch_25_Mat_CR1_paintedConcrete
f 162 161 160
f 165 164 163
f 168 167 166

usemtl Patch_26_Mat_CR1_paintedConcrete
f 171 170 169
f 174 173 172
f 177 176 175
f 180 179 178

usemtl Patch_27_Mat_CR1_paintedConcrete
f 183 182 181
f 186 185 184
f 189 188 187
f 192 191 190

usemtl Patch_28_Mat_CR1_paintedConcrete
f 195 194 193
f 198 197 196

usemtl Patch_29_Mat_CR1_paintedConcrete
f 201 200 199
f 204 203 202
f 207 206 205

usemtl Patch_30_Mat_CR1_paintedConcrete
f 210 209 208
f 213 212 211
f 216 215 214

usemtl Patch_31_Mat_CR1_paintedConcrete
f 219 218 217
f 222 221 220
f 225 224 223

usemtl Patch_32_Mat_CR1_paintedConcrete
f 228 227 226
f 231 230 229
f 234 233 232
f 237 236 235

usemtl Patch_33_Mat_CR1_paintedConcrete
f 240 239 238
f 243 242 241
f 246 245 244

usemtl Patch_34_Mat_CR1_paintedConcrete
f 249 248 247
f 252 251 250

usemtl Patch_35_Mat_CR1_paintedConcrete
f 255 254 253
f 258 257 256
f 261 260 259

usemtl Patch_36_Mat_CR1_paintedConcrete
f 264 263 262
f 267 266 265
f 270 269 268
f 273 272 271
f 276 275 274

usemtl Patch_37_Mat_CR1_paintedConcrete
f 279 278 277
f 282 281 280
f 285 284 283

usemtl Patch_38_Mat_CR1_paintedConcrete
f 288 287 286
f 291 290 289

usemtl Patch_39_Mat_CR1_paintedConcrete
f 294 293 292
f 297 296 295
f 300 299 298
f 303 302 301
f 306 305 304
f 309 308 307

usemtl Patch_40_Mat_CR1_paintedConcrete
f 312 311 310
f 315 314 313
f 318 317 316
f 321 320 319
f 324 323 322

usemtl Patch_41_Mat_CR1_paintedConcrete
f 327 326 325
f 330 329 328

usemtl Patch_42_Mat_CR1_paintedConcrete
f 333 332 331
f 336 335 334

usemtl Patch_43_Mat_CR1_concrete
f 339 338 337
f 342 341 340

usemtl Patch_44_Mat_CR1_concrete
f 345 344 343
f 348 347 346

usemtl Patch_45_Mat_CR1_concrete
f 351 350 349
f 354 353 352

usemtl Patch_46_Mat_CR1_concrete
f 357 356 355
f 360 359 358

usemtl Patch_47_Mat_CR1_concrete
f 363 362 361
f 366 365 364

usemtl Patch_48_Mat_CR1_concrete
f 369 368 367
f 372 371 370
f 375 374 373

usemtl Patch_49_Mat_CR1_concrete
f 378 377 376
f 381 380 379
f 384 383 382

usemtl Patch_50_Mat_CR1_concrete
f 387 386 385
f 390 389 388
f 393 392 391
f 396 395 394
f 399 398 397
f 402 401 400
f 405 404 403

usemtl Patch_51_Mat_CR1_concrete
f 408 407 406
f 411 410 409
f 414 413 412
f 417 416 415

usemtl Patch_52_Mat_CR1_concrete
f 420 419 418
f 423 422 421
f 426 425 424

usemtl Patch_53_Mat_CR1_concrete
f 429 428 427
f 432 431 430
f 435 434 433

usemtl Patch_54_Mat_CR1_concrete
f 438 437 436
f 441 440 439
f 444 443 442

usemtl Patch_55_Mat_CR1_concrete
f 447 446 445
f 450 449 448
f 453 452 451
f 456 455 454

usemtl Patch_56_Mat_CR1_concrete
f 459 458 457
f 462 461 460
f 465 464 463

usemtl Patch_57_Mat_CR1_concrete
f 468 467 466
f 471 470 469
f 474 473 472

usemtl Patch_58_Mat_CR1_concrete
f 477 476 475
f 480 479 478

usemtl Patch_59_Mat_CR1_concrete
f 483 482 481
f 486 485 484

usemtl Patch_60_Mat_CR1_concrete
f 489 488 487
f 492 491 490

usemtl Patch_61_Mat_CR1_concrete
f 495 494 493
f 498 497 496

usemtl Patch_62_Mat_CR1_concrete
f 501 500 499
f 504 503 502

usemtl Patch_63_Mat_CR1_concrete
f 507 506 505
f 510 509 508

usemtl Patch_64_Mat_CR1_concrete
f 513 512 511
f 516 515 514

usemtl Patch_65_Mat_CR1_concrete
f 519 518 517
f 522 521 520
f 525 524 523

usemtl Patch_66_Mat_CR1_concrete
f 528 527 526
f 531 530 529
f 534 533 532
f 537 536 535

usemtl Patch_67_Mat_CR1_concrete
f 540 539 538
f 543 542 541
f 546 545 544
f 549 548 547

usemtl Patch_68_Mat_CR1_concrete
f 552 551 550
f 555 554 553

usemtl Patch_69_Mat_CR1_concrete
f 558 557 556
f 561 560 559
f 564 563 562

usemtl Patch_70_Mat_CR1_concrete
f 567 566 565
f 570 569 568
f 573 572 571

usemtl Patch_71_Mat_CR1_concrete
f 576 575 574
f 579 578 577
f 582 581 580
f 585 584 583

usemtl Patch_72_Mat_CR1_concrete
f 588 587 586
f 591 590 589
f 594 593 592

usemtl Patch_73_Mat_CR1_concrete
f 597 596 595
f 600 599 598
f 603 602 601

usemtl Patch_74_Mat_CR1_concrete
f 606 605 604
f 609 608 607
f 612 611 610

usemtl Patch_75_Mat_CR1_concrete
f 615 614 613
f 618 617 616

usemtl Patch_76_Mat_CR1_concrete
f 621 620 619
f 624 623 622
f 627 626 625

usemtl Patch_77_Mat_CR1_concrete
f 630 629 628
f 633 632 631

usemtl Patch_78_Mat_CR1_concrete
f 636 635 634
f 639 638 637
f 642 641 640
f 645 644 643

usemtl Patch_79_Mat_CR1_concrete
f 648 647 646
f 651 650 649
f 654 653 652

usemtl Patch_80_Mat_CR1_concrete
f 657 656 655
f 660 659 658
f 663 662 661

usemtl Patch_81_Mat_CR1_concrete
f 666 665 664
f 669 668 667
f 672 671 670
f 675 674 673

usemtl Patch_82_Mat_CR1_concrete
f 678 677 676
f 681 680 679
f 684 683 682

usemtl Patch_83_Mat_CR1_concrete
f 687 686 685
f 690 689 688

usemtl Patch_84_Mat_CR1_concrete
f 693 692 691
f 696 695 694
f 699 698 697
f 702 701 700

usemtl Patch_85_Mat_CR1_concrete
f 705 704 703
f 708 707 706
f 711 710 709
f 714 713 712
f 717 716 715
f 720 719 718
f 723 722 721
f 726 725 724

usemtl Patch_86_Mat_CR1_concrete
f 729 728 727
f 732 731 730
f 735 734 733
f 738 737 736

usemtl Patch_87_Mat_CR1_concrete
f 741 740 739
f 744 743 742
f 747 746 745

usemtl Patch_88_Mat_CR1_concrete
f 750 749 748
f 753 752 751
f 756 755 754
f 759 758 757

usemtl Patch_89_Mat_CR1_concrete
f 762 761 760
f 765 764 763
f 768 767 766

usemtl Patch_90_Mat_CR1_paintedConcrete
f 771 770 769
f 774 773 772

usemtl Patch_91_Mat_CR1_paintedConcrete
f 777 776 775
f 780 779 778
f 783 782 781

usemtl Patch_92_Mat_CR1_paintedConcrete
f 786 785 784
f 789 788 787
f 792 791 790

usemtl Patch_93_Mat_CR1_paintedConcrete
f 795 794 793
f 798 797 796
f 801 800 799

usemtl Patch_94_Mat_CR1_paintedConcrete
f 804 803 802
f 807 806 805
f 810 809 808

usemtl Patch_95_Mat_CR1_paintedConcrete
f 813 812 811
f 816 815 814
f 819 818 817

usemtl Patch_96_Mat_CR1_paintedConcrete
f 822 821 820
f 825 824 823
f 828 827 826

usemtl Patch_97_Mat_CR1_paintedConcrete
f 831 830 829
f 834 833 832

usemtl Patch_98_Mat_CR1_paintedConcrete
f 837 836 835
f 840 839 838

usemtl Patch_99_Mat_CR1_paintedConcrete
f 843 842 841
f 846 845 844
f 849 848 847
f 852 851 850
f 855 854 853

usemtl Patch_100_Mat_CR1_paintedConcrete
f 858 857 856
f 861 860 859
f 864 863 862

usemtl Patch_101_Mat_CR1_paintedConcrete
f 867 866 865
f 870 869 868
f 873 872 871

usemtl Patch_102_Mat_CR1_paintedConcrete
f 876 875 874
f 879 878 877
f 882 881 880

usemtl Patch_103_Mat_CR1_paintedConcrete
f 885 884 883
f 888 887 886
f 891 890 889
f 894 893 892
f 897 896 895

usemtl Patch_104_Mat_CR1_paintedConcrete
f 900 899 898
f 903 902 901
f 906 905 904

usemtl Patch_105_Mat_CR1_paintedConcrete
f 909 908 907
f 912 911 910
f 915 914 913

usemtl Patch_106_Mat_CR1_paintedConcrete
f 918 917 916
f 921 920 919
f 924 923 922
f 927 926 925
f 930 929 928

usemtl Patch_107_Mat_CR1_paintedConcrete
f 933 932 931
f 936 935 934
f 939 938 937

usemtl Patch_108_Mat_CR1_paintedConcrete
f 942 941 940
f 945 944 943
f 948 947 946
f 951 950 949

usemtl Patch_109_Mat_CR1_paintedConcrete
f 954 953 952
f 957 956 955

usemtl Patch_110_Mat_CR1_paintedConcrete
f 960 959 958
f 963 962 961
f 966 965 964

usemtl Patch_111_Mat_CR1_paintedConcrete
f 969 968 967
f 972 971 970
f 975 974 973

usemtl Patch_112_Mat_CR1_paintedConcrete
f 978 977 976
f 981 980 979
f 984 983 982

usemtl Patch_113_Mat_CR1_paintedConcrete
f 987 986 985
f 990 989 988
f 993 992 991

usemtl Patch_114_Mat_CR1_paintedConcrete
f 996 995 994
f 999 998 997
f 1002 1001 1000

usemtl Patch_115_Mat_CR1_paintedConcrete
f 1005 1004 1003
f 1008 1007 1006
f 1011 1010 1009

usemtl Patch_116_Mat_CR1_paintedConcrete
f 1014 1013 1012
f 1017 1016 1015

usemtl Patch_117_Mat_CR1_tablesEquipment
f 1020 1019 1018
f 1023 1022 1021

usemtl Patch_118_Mat_CR1_tablesEquipment
f 1026 1025 1024
f 1029 1028 1027

usemtl Patch_119_Mat_CR1_tablesEquipment
f 1032 1031 1030
f 1035 1034 1033

usemtl Patch_120_Mat_CR1_tablesEquipment
f 1038 1037 1036
f 1041 1040 1039

usemtl Patch_121_Mat_CR1_tablesEquipment
f 1044 1043 1042
f 1047 1046 1045

usemtl Patch_122_Mat_CR1_tablesEquipment
f 1050 1049 1048
f 1053 1052 1051

usemtl Patch_123_Mat_CR1_tablesEquipment
f 1056 1055 1054
f 1059 1058 1057

usemtl Patch_124_Mat_CR1_tablesEquipment
f 1062 1061 1060
f 1065 1064 1063

usemtl Patch_125_Mat_CR1_tablesEquipment
f 1068 1067 1066
f 1071 1070 1069

usemtl Patch_126_Mat_CR1_absorber
f 1074 1073 1072
f 1077 1076 1075

usemtl Patch_127_Mat_CR1_absorber
f 1080 1079 1078
f 1083 1082 1081

usemtl Patch_128_Mat_CR1_absorber
f 1086 1085 1084
f 1089 1088 1087

usemtl Patch_129_Mat_CR1_absorber
f 1092 1091 1090
f 1095 1094 1093

usemtl Patch_130_Mat_CR1_tablesEquipment
f 1098 1097 1096
f 1101 1100 1099

usemtl Patch_131_Mat_CR1_tablesEquipment
f 1104 1103 1102
f 1107 1106 1105

usemtl Patch_132_Mat_CR1_tablesEquipment
f 1110 1109 1108
f 1113 1112 1111

usemtl Patch_133_Mat_CR1_tablesEquipment
f 1116 1115 1114
f 1119 1118 1117
f 1122 1121 1120
f 1125 1124 1123

usemtl Patch_134_Mat_CR1_tablesEquipment
f 1128 1127 1126
f 1131 1130 1129

usemtl Patch_135_Mat_CR1_tablesEquipment
f 1134 1133 1132
f 1137 1136 1135

usemtl Patch_136_Mat_CR1_tablesEquipment
f 1140 1139 1138
f 1143 1142 1141

usemtl Patch_137_Mat_CR1_concrete
f 1146 1145 1144
f 1149 1148 1147
f 1152 1151 1150
f 1155 1154 1153

usemtl Patch_138_Mat_CR1_concrete
f 1158 1157 1156
f 1161 1160 1159
f 1164 1163 1162
f 1167 1166 1165

usemtl Patch_139_Mat_CR1_concrete
f 1170 1169 1168
f 1173 1172 1171
f 1176 1175 1174
f 1179 1178 1177
f 1182 1181 1180

usemtl Patch_140_Mat_CR1_concrete
f 1185 1184 1183
f 1188 1187 1186
f 1191 1190 1189
f 1194 1193 1192
f 1197 1196 1195

usemtl Patch_141_Mat_CR1_concrete
f 1200 1199 1198
f 1203 1202 1201

usemtl Patch_142_Mat_CR1_concrete
f 1206 1205 1204
f 1209 1208 1207
f 1212 1211 1210
f 1215 1214 1213

usemtl Patch_143_Mat_CR1_concrete
f 1218 1217 1216
f 1221 1220 1219
f 1224 1223 1222
f 1227 1226 1225

usemtl Patch_144_Mat_CR1_concrete
f 1230 1229 1228
f 1233 1232 1231
f 1236 1235 1234

usemtl Patch_145_Mat_CR1_concrete
f 1239 1238 1237
f 1242 1241 1240
f 1245 1244 1243
f 1248 1247 1246

usemtl Patch_146_Mat_CR1_concrete
f 1251 1250 1249
f 1254 1253 1252
f 1257 1256 1255
f 1260 1259 1258
f 1263 1262 1261

usemtl Patch_147_Mat_CR1_concrete
f 1266 1265 1264
f 1269 1268 1267
f 1272 1271 1270
f 1275 1274 1273

usemtl Patch_148_Mat_CR1_concrete
f 1278 1277 1276
f 1281 1280 1279
f 1284 1283 1282

usemtl Patch_149_Mat_CR1_concrete
f 1287 1286 1285
f 1290 1289 1288
f 1293 1292 1291
f 1296 1295 1294

usemtl Patch_150_Mat_CR1_concrete
f 1299 1298 1297
f 1302 1301 1300
f 1305 1304 1303
f 1308 1307 1306

usemtl Patch_151_Mat_CR1_concrete
f 1311 1310 1309
f 1314 1313 1312
f 1317 1316 1315

usemtl Patch_152_Mat_CR1_concrete
f 1320 1319 1318
f 1323 1322 1321

usemtl Patch_153_Mat_CR1_concrete
f 1326 1325 1324
f 1329 1328 1327
f 1332 1331 1330
f 1335 1334 1333

usemtl Patch_154_Mat_CR1_absorber
f 1338 1337 1336
f 1341 1340 1339

usemtl Patch_155_Mat_CR1_concrete
f 1344 1343 1342
f 1347 1346 1345

usemtl Patch_156_Mat_CR1_paintedConcrete
f 1350 1349 1348
f 1353 1352 1351
f 1356 1355 1354

usemtl Patch_157_Mat_CR1_paintedConcrete
f 1359 1358 1357
f 1362 1361 1360

usemtl Patch_158_Mat_CR1_paintedConcrete
f 1365 1364 1363
f 1368 1367 1366
f 1371 1370 1369

usemtl Patch_159_Mat_CR1_paintedConcrete
f 1374 1373 1372
f 1377 1376 1375
f 1380 1379 1378
f 1383 1382 1381
f 1386 1385 1384
f 1389 1388 1387
f 1392 1391 1390

usemtl Patch_160_Mat_CR1_paintedConcrete
f 1395 1394 1393
f 1398 1397 1396
f 1401 1400 1399
f 1404 1403 1402

usemtl Patch_161_Mat_CR1_paintedConcrete
f 1407 1406 1405
f 1410 1409 1408

usemtl Patch_162_Mat_CR1_paintedConcrete
f 1413 1412 1411
f 1416 1415 1414
f 1419 1418 1417

usemtl Patch_163_Mat_CR1_paintedConcrete
f 1422 1421 1420
f 1425 1424 1423

usemtl Patch_164_Mat_CR1_paintedConcrete
f 1428 1427 1426
f 1431 1430 1429

usemtl Patch_165_Mat_CR1_paintedConcrete
f 1434 1433 1432
f 1437 1436 1435
f 1440 1439 1438

usemtl Patch_166_Mat_CR1_paintedConcrete
f 1443 1442 1441
f 1446 1445 1444
f 1449 1448 1447

usemtl Patch_167_Mat_CR1_paintedConcrete
f 1452 1451 1450
f 1455 1454 1453
f 1458 1457 1456

usemtl Patch_168_Mat_CR1_paintedConcrete
f 1461 1460 1459
f 1464 1463 1462
f 1467 1466 1465

usemtl Patch_169_Mat_CR1_paintedConcrete
f 1470 1469 1468
f 1473 1472 1471
f 1476 1475 1474

usemtl Patch_170_Mat_CR1_paintedConcrete
f 1479 1478 1477
f 1482 1481 1480
f 1485 1484 1483

usemtl Patch_171_Mat_CR1_paintedConcrete
f 1488 1487 1486
f 1491 1490 1489
f 1494 1493 1492
f 1497 1496 1495
f 1500 1499 1498

usemtl Patch_172_Mat_CR1_paintedConcrete
f 1503 1502 1501
f 1506 1505 1504
f 1509 1508 1507
f 1512 1511 1510

usemtl Patch_173_Mat_CR1_paintedConcrete
f 1515 1514 1513
f 1518 1517 1516

usemtl Patch_174_Mat_CR1_paintedConcrete
f 1521 1520 1519
f 1524 1523 1522
f 1527 1526 1525

usemtl Patch_175_Mat_CR1_paintedConcrete
f 1530 1529 1528
f 1533 1532 1531
f 1536 1535 1534
f 1539 1538 1537

usemtl Patch_176_Mat_CR1_paintedConcrete
f 1542 1541 1540
f 1545 1544 1543
f 1548 1547 1546
f 1551 1550 1549

usemtl Patch_177_Mat_CR1_paintedConcrete
f 1554 1553 1552
f 1557 1556 1555
f 1560 1559 1558

usemtl Patch_178_Mat_CR1_paintedConcrete
f 1563 1562 1561
f 1566 1565 1564
f 1569 1568 1567
f 1572 1571 1570

usemtl Patch_179_Mat_CR1_paintedConcrete
f 1575 1574 1573
f 1578 1577 1576
f 1581 1580 1579

usemtl Patch_180_Mat_CR1_paintedConcrete
f 1584 1583 1582
f 1587 1586 1585
f 1590 1589 1588

usemtl Patch_181_Mat_CR1_paintedConcrete
f 1593 1592 1591
f 1596 1595 1594
f 1599 1598 1597
f 1602 1601 1600

usemtl Patch_182_Mat_CR1_paintedConcrete
f 1605 1604 1603
f 1608 1607 1606
f 1611 1610 1609
f 1614 1613 1612

usemtl Patch_183_Mat_CR1_paintedConcrete
f 1617 1616 1615
f 1620 1619 1618
f 1623 1622 1621
f 1626 1625 1624
f 1629 1628 1627

usemtl Patch_184_Mat_CR1_paintedConcrete
f 1632 1631 1630
f 1635 1634 1633
f 1638 1637 1636

usemtl Patch_185_Mat_CR1_paintedConcrete
f 1641 1640 1639
f 1644 1643 1642
f 1647 1646 1645
f 1650 1649 1648

usemtl Patch_186_Mat_CR1_paintedConcrete
f 1653 1652 1651
f 1656 1655 1654
f 1659 1658 1657

usemtl Patch_187_Mat_CR1_paintedConcrete
f 1662 1661 1660
f 1665 1664 1663
f 1668 1667 1666

usemtl Patch_188_Mat_CR1_paintedConcrete
f 1671 1670 1669
f 1674 1673 1672

usemtl Patch_189_Mat_CR1_concrete
f 1677 1676 1675
f 1680 1679 1678

usemtl Patch_190_Mat_CR1_concrete
f 1683 1682 1681
f 1686 1685 1684

usemtl Patch_191_Mat_CR1_paintedConcrete
f 1689 1688 1687
f 1692 1691 1690

usemtl Patch_192_Mat_CR1_paintedConcrete
f 1695 1694 1693
f 1698 1697 1696
f 1701 1700 1699
f 1704 1703 1702
f 1707 1706 1705
f 1710 1709 1708
f 1713 1712 1711

usemtl Patch_193_Mat_CR1_paintedConcrete
f 1716 1715 1714
f 1719 1718 1717
f 1722 1721 1720

usemtl Patch_194_Mat_CR1_paintedConcrete
f 1725 1724 1723
f 1728 1727 1726

usemtl Patch_195_Mat_CR1_tablesEquipment
f 1731 1730 1729
f 1734 1733 1732

usemtl Patch_196_Mat_CR1_tablesEquipment
f 1737 1736 1735
f 1740 1739 1738

usemtl Patch_197_Mat_CR1_absorber
f 1743 1742 1741
f 1746 1745 1744

usemtl Patch_198_Mat_CR1_absorber
f 1749 1748 1747
f 1752 1751 1750

usemtl Patch_199_Mat_CR1_absorber
f 1755 1754 1753
f 1758 1757 1756

usemtl Patch_200_Mat_CR1_absorber
f 1761 1760 1759
f 1764 1763 1762

usemtl Patch_201_Mat_CR1_absorber
f 1767 1766 1765
f 1770 1769 1768

