mtllib mesh.mtl

# obj1
v -262.20471191 -52.36220169 0
v -229.52755737 -0 394.09451294
v -229.51905823 -52.75600815 394.197052
v -262.20471191 -0 0
usemtl Patch_1_Mat_mat0
f 1 2 3
usemtl Patch_2_Mat_mat0
f 2 1 4

# obj2
v 12.32295132 -364.96063232 -37.4015007
v 0.09306635 -364.96063232 -43.30702591
v 12.32295132 -364.96063232 -43.30702591
v 24.55283546 -364.96063232 -31.49597168
v 24.55283546 -364.96063232 -37.4015007
v 29.89307594 -364.96063232 8.976E-05
v 29.89307404 -364.96063232 -31.49597168
v -39.76376343 -364.96066284 0
v 0.09306635 -364.96063232 -49.21255493
v -146.0630188 -364.96060181 15.74803543
v -146.06300354 -364.96066284 -49.21259689
v -70.86616516 -364.96060181 7.87401772
v -39.76376343 -364.96066284 7.87401772
v -70.86616516 -364.96060181 15.74803543
usemtl Patch_3_Mat_mat1
f 5 6 7
usemtl Patch_4_Mat_mat1
f 8 5 9
usemtl Patch_5_Mat_mat1
f 10 8 11
usemtl Patch_6_Mat_mat1
f 8 10 12
usemtl Patch_7_Mat_mat1
f 13 14 15
usemtl Patch_8_Mat_mat1
f 14 13 6
usemtl Patch_9_Mat_mat1
f 14 6 5
usemtl Patch_10_Mat_mat1
f 14 5 8
usemtl Patch_11_Mat_mat1
f 14 8 12
usemtl Patch_12_Mat_mat1
f 14 12 16
usemtl Patch_13_Mat_mat1
f 16 12 17
usemtl Patch_14_Mat_mat1
f 14 16 18

# obj3
v 864.57446289 -303.53182983 39.37007523
v 852.1114502 -330.34741211 167.71653748
v 862.6048584 -331.10281372 39.37007141
v 854.07958984 -302.78829956 167.71653748
usemtl Patch_15_Mat_mat0
f 19 20 21
usemtl Patch_16_Mat_mat0
f 20 19 22

# obj4
v -146.0630188 -364.96060181 15.74803543
v -193.30708313 -349.21258545 -49.21259689
v -146.06300354 -364.96066284 -49.21259689
v -193.30706787 -349.21258545 15.74803543
usemtl Patch_17_Mat_mat1
f 23 24 25
usemtl Patch_18_Mat_mat1
f 24 23 26

# obj5
v 901.96850586 -299.60629272 167.71653748
v 890.5512085 -425.59057617 39.37007904
v 890.55114746 -425.59057617 167.71653748
v 901.96850586 -299.60629272 39.37007904
usemtl Patch_19_Mat_mat2
f 27 28 29
usemtl Patch_20_Mat_mat2
f 28 27 30

# obj6
v 914.96063232 -374.80316162 39.37007904
v 912.99206543 -401.57479858 167.71653748
v 912.9921875 -401.57479858 39.37007904
v 914.96063232 -374.80316162 167.71653748
v 914.96063232 -374.80316162 129.92126465
usemtl Patch_21_Mat_mat2
f 31 32 33
usemtl Patch_22_Mat_mat2
f 32 31 34

# obj7
v -193.30708313 -349.21258545 -49.21259689
v -216.14170837 -416.14172363 15.74803543
v -216.14175415 -416.14172363 -49.21259689
v -209.42807007 -396.46374512 6.70420027
v -209.42832947 -396.46453857 15.74803543
v -194.27218628 -352.04135132 6.81003475
v -193.30706787 -349.21258545 15.74803543
v -194.27218628 -352.04135132 15.74803543
usemtl Patch_23_Mat_mat1
f 36 37 38
usemtl Patch_24_Mat_mat1
f 37 36 39
usemtl Patch_25_Mat_mat1
f 37 39 40
usemtl Patch_26_Mat_mat1
f 39 36 41
usemtl Patch_27_Mat_mat1
f 41 42 43
usemtl Patch_28_Mat_mat1
f 42 41 36

# obj8
v -70.86616516 -343.30709839 7.87401772
v -273.03210449 -254.49868774 7.87401772
v -275.04522705 -273.40441895 7.87401772
v -246.45669556 -231.88975525 7.87401772
v -267.86090088 -198.24906921 7.87401772
v -268.26828003 -206.63421631 7.87401772
v -39.33636856 -275.56149292 7.87410736
v -70.86616516 -364.96060181 7.87401772
v -39.76376343 -364.96066284 7.87401772
usemtl Patch_29_Mat_mat3
f 44 45 46
usemtl Patch_30_Mat_mat3
f 45 44 47
usemtl Patch_31_Mat_mat3
f 47 48 49
usemtl Patch_32_Mat_mat3
f 48 47 50
usemtl Patch_33_Mat_mat3
f 50 47 44
usemtl Patch_34_Mat_mat3
f 50 44 51
usemtl Patch_35_Mat_mat3
f 50 51 52

# obj9
v 874.80957031 -92.12611389 39.37007141
v 863.53302002 -119.4703064 167.71653748
v 874.02215576 -119.68518066 39.37007141
v 864.32061768 -91.91121674 167.71653748
usemtl Patch_36_Mat_mat0
f 53 54 55
usemtl Patch_37_Mat_mat0
f 54 53 56

# obj10
v 851.18109131 -0 265.3543396
v 851.18109131 -86.61417389 300.78741455
v 851.18109131 -86.61417389 265.3543396
v 851.18109131 -0 300.78741455
usemtl Patch_38_Mat_mat1
f 57 58 59
usemtl Patch_39_Mat_mat1
f 58 57 60

# obj11
v 779.1338501 -86.61417389 300.78741455
v 843.70080566 -70.86614227 300.78741455
v 779.1338501 -70.86614227 300.78741455
v 851.18109131 -86.61417389 300.78741455
v 851.18109131 -0 300.78741455
v 843.70080566 -0 300.78741455
usemtl Patch_40_Mat_mat1
f 61 62 63
usemtl Patch_41_Mat_mat1
f 62 61 64
usemtl Patch_42_Mat_mat1
f 62 64 65
usemtl Patch_43_Mat_mat1
f 65 66 62

# obj12
v 691.7322998 -86.61417389 267.71652222
v 707.48028564 -0 267.71655273
v 691.7322998 -0 267.71652222
v 707.48028564 -70.86614227 267.71655273
v 707.48028564 -86.61417389 267.71655273
usemtl Patch_44_Mat_mat1
f 67 68 69
usemtl Patch_45_Mat_mat1
f 68 67 70
usemtl Patch_46_Mat_mat1
f 70 67 71

# obj13
v 691.7322998 -0 267.71652222
v 691.7322998 -86.61417389 230.31497192
v 691.7322998 -86.61417389 267.71652222
v 691.7322998 -0 230.31497192
usemtl Patch_47_Mat_mat1
f 72 73 74
usemtl Patch_48_Mat_mat1
f 73 72 75

# obj14
v 620.86608887 -0 195.27557373
v 620.86608887 -108.26772308 177.55903625
v 620.86608887 -108.26772308 195.27557373
v 620.86608887 0 177.55903625
usemtl Patch_49_Mat_mat4
f 76 77 78
usemtl Patch_50_Mat_mat4
f 77 76 79

# obj15
v 707.48028564 -70.86614227 222.44093323
v 707.48028564 -0 267.71655273
v 707.48028564 -70.86614227 267.71655273
v 707.48028564 -0 222.44093323
usemtl Patch_51_Mat_mat1
f 80 81 82
usemtl Patch_52_Mat_mat1
f 81 80 83

# obj16
v 707.48028564 -70.86614227 222.44093323
v 843.70080566 -0 222.44093323
v 707.48028564 -0 222.44093323
v 843.70080566 -70.86614227 222.44093323
usemtl Patch_53_Mat_mat1
f 84 85 86
usemtl Patch_54_Mat_mat1
f 85 84 87

# obj17
v 843.70080566 -0 300.78741455
v 843.70080566 -70.86614227 222.44093323
v 843.70080566 -70.86614227 300.78741455
v 843.70080566 -0 222.44093323
usemtl Patch_55_Mat_mat1
f 88 89 90
usemtl Patch_56_Mat_mat1
f 89 88 91

# obj18
v 583.46453857 0 177.55906677
v 583.46453857 -55.51181412 209.05513
v 583.46453857 -55.51181412 177.55906677
v 583.46453857 -0 209.05513
usemtl Patch_57_Mat_mat5
f 92 93 94
usemtl Patch_58_Mat_mat5
f 93 92 95

# obj19
v 844.88195801 -91.66873932 155.90551758
v 850.39373779 -0 167.71655273
v 850.39373779 -91.73221588 167.71655273
v 844.88195801 -0 155.90551758
usemtl Patch_59_Mat_mat0
f 96 97 98
usemtl Patch_60_Mat_mat0
f 97 96 99

# obj20
v 578.34643555 -0 209.05513
v 578.34643555 -55.11811066 166.92913818
v 578.34643555 -55.11811066 209.05513
v 578.34643555 -0 166.92913818
usemtl Patch_61_Mat_mat5
f 100 101 102
usemtl Patch_62_Mat_mat5
f 101 100 103

# obj21
v 766.6496582 -0 159.97489929
v 587.40155029 -71.83975983 166.92913818
v 587.40155029 -0 166.92913818
v 649.95294189 -71.83975983 164.50234985
v 649.95294189 -119.47755432 164.50234985
v 587.40155029 -591.62841797 166.92913818
v 587.40155029 -119.47755432 166.92913818
v 766.6496582 -619.53381348 159.97489929
usemtl Patch_63_Mat_mat0
f 104 105 106
usemtl Patch_64_Mat_mat0
f 105 104 107
usemtl Patch_65_Mat_mat0
f 107 104 108
usemtl Patch_66_Mat_mat0
f 108 109 110
usemtl Patch_67_Mat_mat0
f 109 108 111
usemtl Patch_68_Mat_mat0
f 111 108 104

# obj22
v -196.85040283 -0 262.20483398
v -196.85040283 -98.42519379 254.33070374
v -196.85040283 -98.42519379 262.20483398
v -196.85040283 -0 254.33070374
usemtl Patch_69_Mat_mat5
f 112 113 114
usemtl Patch_70_Mat_mat5
f 113 112 115

# obj23
v -196.85040283 -98.42519379 262.20483398
v -140.55119324 -0 262.20483398
v -196.85040283 -0 262.20483398
v -173.22833252 -275.59054565 262.20483398
v -140.55119324 -275.59054565 262.20483398
usemtl Patch_71_Mat_mat5
f 116 117 118
usemtl Patch_72_Mat_mat5
f 117 116 119
usemtl Patch_73_Mat_mat5
f 117 119 120

# obj24
v -85.51318359 -486.86895752 68.89762878
v -86.30049133 -491.92617798 159.44880676
v -86.30049133 -491.92617798 68.89762878
v -85.51318359 -486.86895752 159.44880676
usemtl Patch_74_Mat_mat6
f 121 122 123
usemtl Patch_75_Mat_mat6
f 122 121 124

# obj25
v -85.51318359 -486.86895752 41.33858109
v 0.83884043 -505.49203491 41.33858109
v -86.30049133 -491.92617798 41.33858109
v 1.62614489 -500.43484497 41.33858109
usemtl Patch_76_Mat_mat6
f 125 126 127
usemtl Patch_77_Mat_mat6
f 126 125 128

# obj26
v -85.51318359 -486.86895752 159.44880676
v 0.83884025 -505.49203491 159.44874573
v -86.30049133 -491.92617798 159.44880676
v 1.62614477 -500.43484497 159.44874573
usemtl Patch_78_Mat_mat6
f 129 130 131
usemtl Patch_79_Mat_mat6
f 130 129 132

# obj27
v 1.62614489 -500.43484497 41.33858109
v 0.83884043 -505.49203491 -49.21259689
v 0.83884043 -505.49203491 41.33858109
v 1.62614489 -500.43484497 -49.21259689
usemtl Patch_80_Mat_mat6
f 133 134 135
usemtl Patch_81_Mat_mat6
f 134 133 136

# obj28
v 1.62614477 -500.43484497 159.44874573
v 0.83884025 -505.49203491 68.89756775
v 0.83884025 -505.49203491 159.44874573
v 1.62614477 -500.43484497 68.89756775
usemtl Patch_82_Mat_mat6
f 137 138 139
usemtl Patch_83_Mat_mat6
f 138 137 140

# obj29
v 1016.53546143 -390.55117798 129.92126465
v 914.96063232 -374.80316162 39.37007904
v 1016.53546143 -390.55117798 39.37007904
v 914.96063232 -374.80316162 129.92126465
usemtl Patch_84_Mat_mat2
f 141 142 143
usemtl Patch_85_Mat_mat2
f 142 141 144

# obj30
v -85.51318359 -486.86895752 -49.21259689
v -86.30049133 -491.92617798 41.33858109
v -86.30049133 -491.92617798 -49.21259689
v -85.51318359 -486.86895752 41.33858109
usemtl Patch_86_Mat_mat6
f 145 146 147
usemtl Patch_87_Mat_mat6
f 146 145 148

# obj31
v -86.30049133 -491.92617798 68.89762878
v 0.83884025 -505.49203491 159.44874573
v 0.83884025 -505.49203491 68.89756775
v -86.30049133 -491.92617798 159.44880676
usemtl Patch_88_Mat_mat6
f 149 150 151
usemtl Patch_89_Mat_mat6
f 150 149 152

# obj32
v 927.16534424 -0 129.92126465
v 927.16534424 -46.45669174 39.37007904
v 927.16534424 -46.45669174 129.92126465
v 927.16534424 -0 39.37007904
usemtl Patch_90_Mat_mat2
f 153 154 155
usemtl Patch_91_Mat_mat2
f 154 153 156

# obj33
v 912.20471191 -46.45669174 167.71653748
v 927.16534424 -46.45669174 39.37007904
v 912.20471191 -46.45669174 39.37007904
v 927.16534424 -46.45669174 129.92126465
v 927.16534424 -46.45669174 167.71653748
usemtl Patch_92_Mat_mat6
f 157 158 159
usemtl Patch_93_Mat_mat6
f 158 157 160
usemtl Patch_94_Mat_mat6
f 160 157 161

# obj34
v 927.16534424 -0 167.71653748
v 927.16534424 -46.45669174 129.92126465
v 927.16534424 -46.45669174 167.71653748
v 927.16534424 -0 129.92126465
usemtl Patch_95_Mat_mat2
f 162 163 164
usemtl Patch_96_Mat_mat2
f 163 162 165

# obj35
v 615.35430908 -204.72439575 195.27555847
v 609.05511475 -314.56692505 177.559021
v 609.05511475 -314.56692505 195.27555847
v 615.35430908 -204.72439575 177.559021
v 615.35430908 -204.72439575 183.46453857
v 615.35430908 -204.72439575 189.37005615
usemtl Patch_97_Mat_mat4
f 166 167 168
usemtl Patch_98_Mat_mat4
f 167 166 169

# obj36
v -71.65354919 -393.30706787 68.89763641
v -76.37795258 -391.73226929 100.58416748
v -76.37795258 -391.73226929 68.89763641
v -71.65354919 -393.30706787 100.57839203
usemtl Patch_99_Mat_mat5
f 172 173 174
usemtl Patch_100_Mat_mat5
f 173 172 175

# obj37
v -196.85040283 -98.42519379 262.20483398
v -173.22833252 -275.59054565 254.33070374
v -173.22833252 -275.59054565 262.20483398
v -196.85040283 -98.42519379 254.33070374
usemtl Patch_101_Mat_mat5
f 176 177 178
usemtl Patch_102_Mat_mat5
f 177 176 179

# obj38
v 583.46453857 -55.51181412 177.55906677
v 580.31494141 -166.53544617 209.05513
v 580.31494141 -166.53544617 177.55906677
v 583.46453857 -55.51181412 209.05513
usemtl Patch_103_Mat_mat5
f 180 181 182
usemtl Patch_104_Mat_mat5
f 181 180 183

# obj39
v 778.73077393 -535.19897461 159.34648132
v 792.64660645 -506.802948 39.37007904
v 788.83886719 -536.55554199 39.37006378
v 782.55523682 -505.4486084 159.14755249
usemtl Patch_105_Mat_mat0
f 184 185 186
usemtl Patch_106_Mat_mat0
f 185 184 187

# obj40
v 826.51776123 -540.31591797 167.71655273
v 812.25201416 -538.80554199 157.60282898
v 837.01434326 -541.73309326 39.3700676
v 817.71655273 -539.37005615 167.71655273
v 778.73077393 -535.19897461 159.34648132
v 788.83886719 -536.55554199 39.37006378
usemtl Patch_107_Mat_mat0
f 188 189 190
usemtl Patch_108_Mat_mat0
f 189 188 191
usemtl Patch_109_Mat_mat0
f 190 192 193
usemtl Patch_110_Mat_mat0
f 192 190 189

# obj41
v 491.71121216 -487.28262329 166.92915344
v 546.43719482 -496.38671875 209.05511475
v 546.43719482 -496.38671875 166.92913818
v 491.57925415 -487.26068115 209.05511475
usemtl Patch_111_Mat_mat5
f 194 195 196
usemtl Patch_112_Mat_mat5
f 195 194 197

# obj42
v -70.86616516 -375.19683838 100.49472046
v 43.82355881 -416.18289185 59.84251785
v -70.86616516 -375.19683838 59.84251785
v 43.82355881 -416.18289185 100.36690521
usemtl Patch_113_Mat_mat5
f 198 199 200
usemtl Patch_114_Mat_mat5
f 199 198 201

# obj43
v -71.65354919 -393.30706787 100.57839203
v -70.86616516 -375.19683838 100.49472046
v -76.37795258 -391.73226929 100.58416748
v -67.32285309 -381.49603271 100.51342773
v 43.82355881 -416.18289185 100.36690521
v 42.94706345 -421.62451172 100.3937912
usemtl Patch_115_Mat_mat5
f 202 203 204
usemtl Patch_116_Mat_mat5
f 203 202 205
usemtl Patch_117_Mat_mat5
f 203 205 206
usemtl Patch_118_Mat_mat5
f 206 205 207

# obj44
v 117.55484772 -433.4677124 93.89771271
v 80.25095367 -427.54611206 85.53157806
v 117.55484772 -433.4677124 85.53157806
v 192.16262817 -445.31088257 110.62998199
v 154.85874939 -439.38931274 102.26384735
v 192.16262817 -445.31088257 102.26384735
v 229.46652222 -451.23248291 118.99611664
v 229.46652222 -451.23248291 110.62998199
v 266.77041626 -457.15408325 127.36225128
v 266.77041626 -457.15408325 118.99611664
v 304.0743103 -463.07568359 135.7283783
v 304.0743103 -463.07568359 127.36225128
v 341.37820435 -468.99728394 144.09451294
v 341.37820435 -468.99728394 135.7283783
v 378.68209839 -474.91888428 152.46064758
v 378.68209839 -474.91888428 144.09451294
v 415.98599243 -480.84048462 160.82678223
v 415.98599243 -480.84048462 152.46064758
v 453.28988647 -486.76205444 169.19291687
v 453.28988647 -486.76205444 160.82678223
v 490.59378052 -492.68365479 177.55905151
v 490.59378052 -492.68365479 169.19291687
v 154.85874939 -439.38931274 93.89771271
v 42.94706345 -421.62451172 100.3937912
v 490.59378052 -492.68365479 209.05511475
v 42.94706345 -421.62451172 77.16544342
v 80.25095367 -427.54611206 77.16544342
usemtl Patch_119_Mat_mat5
f 208 209 210
usemtl Patch_120_Mat_mat5
f 211 212 213
usemtl Patch_121_Mat_mat5
f 214 211 215
usemtl Patch_122_Mat_mat5
f 216 214 217
usemtl Patch_123_Mat_mat5
f 218 216 219
usemtl Patch_124_Mat_mat5
f 220 218 221
usemtl Patch_125_Mat_mat5
f 222 220 223
usemtl Patch_126_Mat_mat5
f 224 222 225
usemtl Patch_127_Mat_mat5
f 226 224 227
usemtl Patch_128_Mat_mat5
f 228 226 229
usemtl Patch_129_Mat_mat5
f 212 208 230
usemtl Patch_130_Mat_mat5
f 208 212 231
usemtl Patch_131_Mat_mat5
f 231 212 232
usemtl Patch_132_Mat_mat5
f 232 212 211
usemtl Patch_133_Mat_mat5
f 232 211 214
usemtl Patch_134_Mat_mat5
f 232 214 216
usemtl Patch_135_Mat_mat5
f 232 216 218
usemtl Patch_136_Mat_mat5
f 232 218 220
usemtl Patch_137_Mat_mat5
f 232 220 222
usemtl Patch_138_Mat_mat5
f 232 222 224
usemtl Patch_139_Mat_mat5
f 232 224 226
usemtl Patch_140_Mat_mat5
f 232 226 228
usemtl Patch_141_Mat_mat5
f 209 233 234
usemtl Patch_142_Mat_mat5
f 233 209 231
usemtl Patch_143_Mat_mat5
f 231 209 208

# obj45
v 551.18109131 -502.75592041 177.55905151
v 490.59378052 -492.68365479 209.05511475
v 490.59378052 -492.68365479 177.55905151
v 551.18109131 -502.75592041 209.05513
usemtl Patch_144_Mat_mat5
f 235 236 237
usemtl Patch_145_Mat_mat5
f 236 235 238

# obj46
v 568.89764404 -276.37792969 209.05513
v 559.4487915 -387.00790405 166.92913818
v 559.4487915 -387.00790405 209.05513
v 568.89764404 -276.37792969 166.92913818
usemtl Patch_146_Mat_mat5
f 239 240 241
usemtl Patch_147_Mat_mat5
f 240 239 242

# obj47
v 575.19683838 -165.74801636 209.05513
v 568.89764404 -276.37792969 166.92913818
v 568.89764404 -276.37792969 209.05513
v 575.19683838 -165.74801636 166.92913818
usemtl Patch_148_Mat_mat5
f 243 244 245
usemtl Patch_149_Mat_mat5
f 244 243 246

# obj48
v 578.34643555 -55.11811066 209.05513
v 575.19683838 -165.74801636 166.92913818
v 575.19683838 -165.74801636 209.05513
v 578.34643555 -55.11811066 166.92913818
usemtl Patch_150_Mat_mat5
f 247 248 249
usemtl Patch_151_Mat_mat5
f 248 247 250

# obj49
v 24.48927116 -414.90750122 68.89772797
v -67.32285309 -381.49603271 100.51342773
v -67.32285309 -381.49603271 68.89763641
v 42.94706345 -421.62451172 68.89772797
v 42.94706345 -421.62451172 77.16544342
v 42.94706345 -421.62451172 100.3937912
usemtl Patch_152_Mat_mat5
f 251 252 253
usemtl Patch_153_Mat_mat5
f 252 251 254
usemtl Patch_154_Mat_mat5
f 252 254 255
usemtl Patch_155_Mat_mat5
f 252 255 256

# obj50
v 615.35430908 -204.72439575 189.37005615
v 618.11022949 -153.54330444 183.46455383
v 615.35430908 -204.72439575 183.46453857
v 618.11022949 -153.54330444 189.37005615
usemtl Patch_156_Mat_mat1
f 257 258 259
usemtl Patch_157_Mat_mat1
f 258 257 260

# obj51
v -202.26721191 -468.69268799 15.74803543
v -290.00146484 -406.87548828 15.74803543
v -296.41525269 -454.03570557 15.74803543
v -262.59841919 -385.82678223 15.74803543
v -216.14170837 -416.14172363 15.74803543
v -194.46281433 -419.52514648 15.74803543
v -186.11000061 -354.79522705 15.74803543
v -194.27218628 -352.04135132 15.74803543
v -201.104599 -399.27203369 15.74803543
v -274.40948486 -273.62207031 15.74803543
v -283.46456909 -358.66140747 15.74803543
v -193.30706787 -349.21258545 15.74803543
v -70.86616516 -343.30709839 15.74803543
v -209.42832947 -396.46453857 15.74803543
v -146.0630188 -364.96060181 15.74803543
v -70.86616516 -364.96060181 15.74803543
usemtl Patch_158_Mat_mat3
f 261 262 263
usemtl Patch_159_Mat_mat3
f 262 261 264
usemtl Patch_160_Mat_mat3
f 264 261 265
usemtl Patch_161_Mat_mat3
f 265 261 266
usemtl Patch_162_Mat_mat3
f 267 268 269
usemtl Patch_163_Mat_mat3
f 264 270 271
usemtl Patch_164_Mat_mat3
f 270 264 272
usemtl Patch_165_Mat_mat3
f 270 272 273
usemtl Patch_166_Mat_mat3
f 272 264 268
usemtl Patch_167_Mat_mat3
f 268 264 274
usemtl Patch_168_Mat_mat3
f 274 264 265
usemtl Patch_169_Mat_mat3
f 268 274 269
usemtl Patch_170_Mat_mat3
f 273 272 275
usemtl Patch_171_Mat_mat3
f 273 275 276

# obj52
v -96.45670319 -385.03936768 59.84251785
v -76.37795258 -391.73226929 68.89763641
v -76.37795258 -391.73226929 59.84251785
v -96.45685577 -385.03982544 62.99212265
v -96.45670319 -385.03936768 68.89763641
usemtl Patch_172_Mat_mat1
f 277 278 279
usemtl Patch_173_Mat_mat1
f 278 277 280
usemtl Patch_174_Mat_mat1
f 278 280 281

# obj53
v 834.71624756 -301.08538818 156.43431091
v 849.79632568 -119.29371643 167.71655273
v 840.1574707 -301.57476807 167.71655273
v 835.62878418 -283.39349365 156.38684082
v 844.09619141 -119.22780609 155.94639587
usemtl Patch_175_Mat_mat0
f 282 283 284
usemtl Patch_176_Mat_mat0
f 283 282 285
usemtl Patch_177_Mat_mat0
f 283 285 286

# obj54
v 813.49133301 -91.26425934 157.5383606
v 874.80957031 -92.12611389 39.37007141
v 823.22003174 -91.46303558 39.3700676
v 844.88195801 -91.66873932 155.90551758
v 864.32061768 -91.91121674 167.71653748
v 850.39373779 -91.73221588 167.71655273
usemtl Patch_178_Mat_mat0
f 287 288 289
usemtl Patch_179_Mat_mat0
f 288 287 290
usemtl Patch_180_Mat_mat0
f 290 291 288
usemtl Patch_181_Mat_mat0
f 291 290 292

# obj55
v 802.92889404 -298.31680298 158.08778381
v 834.71624756 -301.08538818 156.43431091
v 813.02813721 -299.03869629 39.37007904
v 838.80126953 -301.2852478 39.37007904
v 854.07958984 -302.78829956 167.71653748
v 864.57446289 -303.53182983 39.37007523
v 840.1574707 -301.57476807 167.71655273
usemtl Patch_182_Mat_mat0
f 293 294 295
usemtl Patch_183_Mat_mat0
f 296 297 298
usemtl Patch_184_Mat_mat0
f 297 296 295
usemtl Patch_185_Mat_mat0
f 297 295 294
usemtl Patch_186_Mat_mat0
f 297 294 299

# obj56
v 800.85797119 -327.3392334 158.19549561
v 813.02813721 -299.03869629 39.37007904
v 810.96636963 -328.06176758 39.3700676
v 802.55426025 -303.5670166 158.10726929
v 802.92889404 -298.31680298 158.08778381
usemtl Patch_187_Mat_mat0
f 300 301 302
usemtl Patch_188_Mat_mat0
f 301 300 303
usemtl Patch_189_Mat_mat0
f 301 303 304

# obj57
v -274.40948486 -273.62207031 15.74803543
v -70.86616516 -343.30709839 7.87401772
v -275.04522705 -273.40441895 7.87401772
v -70.86616516 -343.30709839 15.74803543
usemtl Patch_190_Mat_mat3
f 305 306 307
usemtl Patch_191_Mat_mat3
f 306 305 308

# obj58
v -267.86090088 -198.24906921 7.87401772
v -39.33636856 -275.56149292 8.989E-05
v -268.5039978 -198.0315094 0
v -39.33636856 -275.56149292 7.87410736
usemtl Patch_192_Mat_mat3
f 309 310 311
usemtl Patch_193_Mat_mat3
f 310 309 312

# obj59
v -70.86616516 -343.30709839 7.87401772
v -70.86616516 -364.96060181 15.74803543
v -70.86616516 -364.96060181 7.87401772
v -70.86616516 -343.30709839 15.74803543
usemtl Patch_194_Mat_mat3
f 313 314 315
usemtl Patch_195_Mat_mat3
f 314 313 316

# obj60
v -92.12600708 -436.22045898 100.39369965
v -87.00788879 -437.79525757 68.89763641
v -92.12600708 -436.22045898 68.89763641
v -87.00788879 -437.79525757 100.39369965
usemtl Patch_196_Mat_mat5
f 317 318 319
usemtl Patch_197_Mat_mat5
f 318 317 320

# obj61
v 681.2411499 -506.27575684 29.6191082
v 124.34423065 -82.67212677 -26.75965309
v 97.29410553 -433.07473755 -29.49813461
v 157.7883606 -84.24536133 -23.3738575
v 160.97537231 -44.09076691 -23.05121231
v 777.56103516 -54.1327095 39.3702774
v 777.56231689 -504.48220825 39.37008286
v 777.56109619 -90.87619019 39.37006378
usemtl Patch_198_Mat_mat4
f 321 322 323
usemtl Patch_199_Mat_mat4
f 322 321 324
usemtl Patch_200_Mat_mat4
f 324 321 325
usemtl Patch_201_Mat_mat4
f 325 321 326
usemtl Patch_202_Mat_mat4
f 326 321 327
usemtl Patch_203_Mat_mat4
f 326 327 328

# obj62
v 895.27557373 -553.93701172 167.71653748
v 875.98425293 -551.5748291 39.37007904
v 895.27557373 -553.93701172 39.37007904
v 875.98425293 -551.5748291 167.71653748
usemtl Patch_204_Mat_mat2
f 329 330 331
usemtl Patch_205_Mat_mat2
f 330 329 332

# obj63
v 724.40942383 -154.33070374 247.63780212
v 724.40942383 -154.33070374 236.22045898
v 724.40942383 -154.33070374 241.73228455
v 727.16534424 -108.26772308 247.63780212
v 727.16534424 -108.26772308 230.31494141
v 724.40942383 -154.33070374 230.31494141
usemtl Patch_206_Mat_mat4
f 334 333 336
usemtl Patch_207_Mat_mat4
f 334 337 338
usemtl Patch_208_Mat_mat4
f 337 334 336

# obj64
v 620.86608887 -108.26772308 195.27557373
v 618.11022949 -153.54330444 189.37005615
v 618.11022949 -153.54330444 195.27557373
v 618.11022949 -153.54330444 183.46455383
v 620.86608887 -108.26772308 177.55903625
v 618.11022949 -153.54330444 177.55903625
usemtl Patch_209_Mat_mat4
f 339 340 341
usemtl Patch_210_Mat_mat4
f 342 343 344
usemtl Patch_211_Mat_mat4
f 343 342 340
usemtl Patch_212_Mat_mat4
f 343 340 339

# obj65
v 762.59838867 -108.26772308 265.3543396
v 759.8425293 -154.72441101 259.44882202
v 759.8425293 -154.72441101 265.3543396
v 759.8425293 -154.72441101 253.5433197
v 762.59838867 -108.26772308 247.63780212
v 759.8425293 -154.72441101 247.63780212
usemtl Patch_213_Mat_mat4
f 345 346 347
usemtl Patch_214_Mat_mat4
f 346 345 348
usemtl Patch_215_Mat_mat4
f 348 349 350
usemtl Patch_216_Mat_mat4
f 349 348 345

# obj66
v 707.48028564 -86.61417389 267.71655273
v 779.1338501 -70.86614227 300.78741455
v 707.48028564 -70.86614227 267.71655273
v 779.1338501 -86.61417389 300.78741455
usemtl Patch_217_Mat_mat1
f 351 352 353
usemtl Patch_218_Mat_mat1
f 352 351 354

# obj67
v 727.16534424 -86.61417389 247.63780212
v 727.16534424 -108.26772308 230.31494141
v 727.16534424 -108.26772308 247.63780212
v 727.16534424 -86.61417389 230.31494141
usemtl Patch_219_Mat_mat4
f 355 356 357
usemtl Patch_220_Mat_mat4
f 356 355 358

# obj68
v 564.17321777 -388.18896484 177.55906677
v 551.18109131 -502.75592041 209.05513
v 551.18109131 -502.75592041 177.55905151
v 564.17321777 -388.18896484 209.05513
usemtl Patch_221_Mat_mat5
f 359 360 361
usemtl Patch_222_Mat_mat5
f 360 359 362

# obj69
v 762.59838867 -86.61417389 265.3543396
v 762.59838867 -108.26772308 247.63780212
v 762.59838867 -108.26772308 265.3543396
v 762.59838867 -86.61417389 247.63780212
usemtl Patch_223_Mat_mat4
f 363 364 365
usemtl Patch_224_Mat_mat4
f 364 363 366

# obj70
v 762.59838867 -86.61417389 265.3543396
v 727.16534424 -86.61417389 247.63780212
v 762.59838867 -86.61417389 247.63780212
v 851.18109131 -86.61417389 300.78741455
v 851.18109131 -86.61417389 265.3543396
v 707.48028564 -86.61417389 267.71655273
v 691.7322998 -86.61417389 267.71652222
v 779.1338501 -86.61417389 300.78741455
v 691.7322998 -86.61417389 230.31497192
v 727.16534424 -86.61417389 230.31494141
usemtl Patch_225_Mat_mat1
f 367 368 369
usemtl Patch_226_Mat_mat1
f 370 367 371
usemtl Patch_227_Mat_mat1
f 367 370 372
usemtl Patch_228_Mat_mat1
f 367 372 373
usemtl Patch_229_Mat_mat1
f 372 370 374
usemtl Patch_230_Mat_mat1
f 368 375 376
usemtl Patch_231_Mat_mat1
f 375 368 373
usemtl Patch_232_Mat_mat1
f 373 368 367

# obj71
v -103.34807587 -484.09243774 100.39369965
v -105.33261871 -473.95373535 100.39369965
v -108.59525299 -483.27554321 100.39369965
v -92.12600708 -436.22045898 100.39369965
v -99.0896759 -472.02697754 100.39369965
v -87.00788879 -437.79525757 100.39369965
usemtl Patch_233_Mat_mat5
f 377 378 379
usemtl Patch_234_Mat_mat5
f 378 377 380
usemtl Patch_235_Mat_mat5
f 380 377 381
usemtl Patch_236_Mat_mat5
f 380 381 382

# obj72
v 580.31494141 -166.53544617 177.55906677
v 573.62207031 -277.55908203 209.05513
v 573.62207031 -277.55908203 177.55906677
v 580.31494141 -166.53544617 209.05513
usemtl Patch_237_Mat_mat5
f 383 384 385
usemtl Patch_238_Mat_mat5
f 384 383 386

# obj73
v 573.62207031 -277.55908203 177.55906677
v 564.17321777 -388.18896484 209.05513
v 564.17321777 -388.18896484 177.55906677
v 573.62207031 -277.55908203 209.05513
usemtl Patch_239_Mat_mat5
f 387 388 389
usemtl Patch_240_Mat_mat5
f 388 387 390

# obj74
v -108.59525299 -483.27554321 100.39369965
v -92.12600708 -436.22045898 59.84251785
v -108.59525299 -483.27554321 59.84251785
v -105.33261871 -473.95373535 100.39369965
v -92.12600708 -436.22045898 100.39369965
v -92.12600708 -436.22045898 68.89763641
usemtl Patch_241_Mat_mat5
f 391 392 393
usemtl Patch_242_Mat_mat5
f 392 391 394
usemtl Patch_243_Mat_mat5
f 392 394 395

# obj75
v -70.86616516 -375.19683838 100.49472046
v -76.37795258 -391.73226929 68.89763641
v -76.37795258 -391.73226929 100.58416748
v -76.37795258 -391.73226929 59.84251785
v -70.86616516 -375.19683838 59.84251785
usemtl Patch_244_Mat_mat5
f 397 398 399
usemtl Patch_245_Mat_mat5
f 398 397 400
usemtl Patch_246_Mat_mat5
f 400 397 401

# obj76
v 909.05511475 -173.22834778 167.71653748
v 901.96850586 -299.60629272 39.37007904
v 901.96850586 -299.60629272 167.71653748
v 909.05511475 -173.22833252 39.37007904
usemtl Patch_247_Mat_mat2
f 402 403 404
usemtl Patch_248_Mat_mat2
f 403 402 405

# obj77
v -87.00788879 -437.79525757 68.89763641
v -103.34807587 -484.09243774 100.39369965
v -103.34807587 -484.09243774 68.89763641
v -99.0896759 -472.02697754 100.39369965
v -87.00788879 -437.79525757 100.39369965
usemtl Patch_249_Mat_mat5
f 406 407 408
usemtl Patch_250_Mat_mat5
f 407 406 409
usemtl Patch_251_Mat_mat5
f 409 406 410

# obj78
v -67.32285309 -381.49603271 68.89763641
v -71.65354919 -393.30706787 100.57839203
v -71.65354919 -393.30706787 68.89763641
v -67.32285309 -381.49603271 100.51342773
usemtl Patch_252_Mat_mat5
f 411 412 413
usemtl Patch_253_Mat_mat5
f 412 411 414

# obj79
v -39.33636856 -275.56149292 8.989E-05
v -39.76376343 -364.96066284 7.87401772
v -39.76376343 -364.96066284 0
v -39.33636856 -275.56149292 7.87410736
usemtl Patch_254_Mat_mat3
f 415 416 417
usemtl Patch_255_Mat_mat3
f 416 415 418

# obj80
v 912.20471191 -46.45669174 167.71653748
v 909.05511475 -173.22833252 39.37007904
v 909.05511475 -173.22834778 167.71653748
v 912.20471191 -46.45669174 39.37007904
usemtl Patch_256_Mat_mat2
f 419 420 421
usemtl Patch_257_Mat_mat2
f 420 419 422

# obj81
v -265.74801636 -254.72439575 19.68504333
v -275.99157715 -359.53094482 19.61641502
v -276.77166748 -359.44882202 19.68504333
v -264.96792603 -254.80651855 19.61641502
usemtl Patch_258_Mat_mat5
f 423 424 425
usemtl Patch_259_Mat_mat5
f 424 423 426

# obj82
v -256.69293213 -101.18109894 11.81102657
v -261.42123413 -206.34030151 11.74405956
v -262.20471191 -206.29922485 11.81102657
v -255.90943909 -101.22218323 11.74405956
usemtl Patch_260_Mat_mat5
f 427 428 429
usemtl Patch_261_Mat_mat5
f 428 427 430

# obj83
v -254.7321167 -0 11.68690586
v -255.51179504 -52.75591278 11.81102657
v -255.5166626 -0 11.75378609
v -254.72723389 -52.75591278 11.74414635
usemtl Patch_262_Mat_mat5
f 431 432 433
usemtl Patch_263_Mat_mat5
f 432 431 434

# obj84
v 688.97637939 -154.33070374 230.31494141
v 688.97637939 -154.33070374 218.50390625
v 688.97637939 -154.33070374 224.40943909
v 691.7322998 -108.26772308 230.31494141
v 688.97637939 -154.33070374 212.59840393
v 691.7322998 -108.26772308 212.59840393
usemtl Patch_264_Mat_mat4
f 436 435 438
usemtl Patch_265_Mat_mat4
f 436 438 439
usemtl Patch_266_Mat_mat4
f 439 438 440

# obj85
v 656.29925537 -108.26772308 212.59840393
v 653.54333496 -153.54330444 206.69288635
v 653.54333496 -153.54330444 212.59840393
v 653.54333496 -153.54330444 195.27557373
v 656.29925537 -108.26772308 195.27557373
v 653.54333496 -153.54330444 201.18109131
usemtl Patch_267_Mat_mat4
f 441 442 443
usemtl Patch_268_Mat_mat4
f 442 441 444
usemtl Patch_269_Mat_mat4
f 444 441 445

# obj86
v 656.29925537 -0 212.59840393
v 656.29925537 -108.26772308 195.27557373
v 656.29925537 -108.26772308 212.59840393
v 656.29925537 -0 195.27557373
usemtl Patch_270_Mat_mat4
f 447 448 449
usemtl Patch_271_Mat_mat4
f 448 447 450

# obj87
v 691.7322998 -86.61417389 230.31497192
v 691.7322998 -108.26772308 212.59840393
v 691.7322998 -108.26772308 230.31494141
v 691.7322998 -0 212.59840393
v 691.7322998 -0 230.31497192
usemtl Patch_272_Mat_mat4
f 451 452 453
usemtl Patch_273_Mat_mat4
f 452 451 454
usemtl Patch_274_Mat_mat4
f 454 451 455

# obj88
v 650.78735352 -207.48031616 206.69288635
v 653.54333496 -153.54330444 201.18109131
v 650.78735352 -207.48031616 201.18107605
v 653.54333496 -153.54330444 206.69288635
usemtl Patch_275_Mat_mat1
f 456 457 458
usemtl Patch_276_Mat_mat1
f 457 456 459

# obj89
v 650.78735352 -207.48031616 212.59840393
v 644.09442139 -317.32284546 195.27555847
v 644.09442139 -317.32284546 212.59840393
v 650.78735352 -207.48031616 201.18107605
v 650.78735352 -207.48031616 206.69288635
v 650.78735352 -207.48031616 195.27555847
usemtl Patch_277_Mat_mat4
f 460 461 462
usemtl Patch_278_Mat_mat4
f 461 460 463
usemtl Patch_279_Mat_mat4
f 465 461 463

# obj90
v 686.22039795 -210.62991333 230.31497192
v 679.52758789 -320.47241211 212.59840393
v 679.52758789 -320.47241211 230.31497192
v 686.22039795 -210.62991333 224.40945435
v 686.22039795 -210.62991333 212.59840393
v 686.22039795 -210.62991333 218.50390625
usemtl Patch_280_Mat_mat4
f 466 467 468
usemtl Patch_281_Mat_mat4
f 467 466 469
usemtl Patch_282_Mat_mat4
f 469 470 467

# obj91
v -268.26828003 -206.63421631 7.87401772
v -217.35827637 -231.3117218 373.36453247
v -246.45669556 -231.88975525 7.87401772
v -236.2739563 -207.49452209 393.78543091
usemtl Patch_283_Mat_mat0
f 472 473 474
usemtl Patch_284_Mat_mat0
f 473 472 475

# obj92
v -245.26560974 -362.28839111 372.17694092
v -276.77166748 -359.44882202 19.68504333
v -275.99157715 -359.53094482 19.61641502
v -246.04571533 -362.20626831 372.24557495
usemtl Patch_285_Mat_mat5
f 476 477 478
usemtl Patch_286_Mat_mat5
f 477 476 479

# obj93
v -245.26560974 -362.28839111 372.17694092
v -235.03431702 -257.48074341 372.10501099
v -246.04571533 -362.20626831 372.24557495
v -234.25421143 -257.56286621 372.03637695
usemtl Patch_287_Mat_mat5
f 480 481 482
usemtl Patch_288_Mat_mat5
f 481 480 483

# obj94
v -275.99157715 -359.53094482 19.61641502
v -234.25421143 -257.56286621 372.03637695
v -245.26560974 -362.28839111 372.17694092
v -264.96792603 -254.80651855 19.61641502
usemtl Patch_289_Mat_mat5
f 484 485 486
usemtl Patch_290_Mat_mat5
f 485 484 487

# obj95
v -235.03431702 -257.48074341 372.10501099
v -276.77166748 -359.44882202 19.68504333
v -246.04571533 -362.20626831 372.24557495
v -265.74801636 -254.72439575 19.68504333
usemtl Patch_291_Mat_mat5
f 488 489 490
usemtl Patch_292_Mat_mat5
f 489 488 491

# obj96
v -265.74801636 -254.72439575 19.68504333
v -234.25421143 -257.56286621 372.03637695
v -264.96792603 -254.80651855 19.61641502
v -235.03431702 -257.48074341 372.10501099
usemtl Patch_293_Mat_mat5
f 492 493 494
usemtl Patch_294_Mat_mat5
f 493 492 495

# obj97
v -230.70333862 -207.91558838 372.08938599
v -225.97589111 -102.7563324 372.14611816
v -231.48680115 -207.87449646 372.15637207
v -225.19242859 -102.79741669 372.07913208
usemtl Patch_295_Mat_mat5
f 496 497 498
usemtl Patch_296_Mat_mat5
f 497 496 499

# obj98
v -225.97589111 -102.7563324 372.14611816
v -262.20471191 -206.29922485 11.81102657
v -231.48680115 -207.87449646 372.15637207
v -256.69293213 -101.18109894 11.81102657
usemtl Patch_297_Mat_mat5
f 500 501 502
usemtl Patch_298_Mat_mat5
f 501 500 503

# obj99
v -256.69293213 -101.18109894 11.81102657
v -225.19242859 -102.79741669 372.07913208
v -255.90943909 -101.22218323 11.74405956
v -225.97589111 -102.7563324 372.14611816
usemtl Patch_299_Mat_mat5
f 504 505 506
usemtl Patch_300_Mat_mat5
f 505 504 507

# obj100
v -261.42123413 -206.34030151 11.74405956
v -225.19242859 -102.79741669 372.07913208
v -230.70333862 -207.91558838 372.08938599
v -255.90943909 -101.22218323 11.74405956
usemtl Patch_301_Mat_mat5
f 508 509 510
usemtl Patch_302_Mat_mat5
f 509 508 511

# obj101
v -230.70333862 -207.91558838 372.08938599
v -262.20471191 -206.29922485 11.81102657
v -261.42123413 -206.34030151 11.74405956
v -231.48680115 -207.87449646 372.15637207
usemtl Patch_303_Mat_mat5
f 512 513 514
usemtl Patch_304_Mat_mat5
f 513 512 515

# obj102
v -224.77609253 -52.361866 372.36434937
v -255.5166626 -0 11.75378609
v -255.51179504 -52.75591278 11.81102657
v -224.78092957 -0 372.30752563
usemtl Patch_305_Mat_mat5
f 516 517 518
usemtl Patch_306_Mat_mat5
f 517 516 519

# obj103
v -224.77609253 -52.361866 372.36434937
v -223.99636841 -0 372.24066162
v -224.78092957 -0 372.30752563
v -223.99153137 -52.361866 372.29745483
usemtl Patch_307_Mat_mat5
f 520 521 522
usemtl Patch_308_Mat_mat5
f 521 520 523

# obj104
v -254.7321167 -0 11.68690586
v -223.99153137 -52.361866 372.29745483
v -254.72723389 -52.75591278 11.74414635
v -223.99636841 -0 372.24066162
usemtl Patch_309_Mat_mat5
f 524 525 526
usemtl Patch_310_Mat_mat5
f 525 524 527

# obj105
v -223.99153137 -52.361866 372.29745483
v -255.51179504 -52.75591278 11.81102657
v -254.72723389 -52.75591278 11.74414635
v -224.77609253 -52.361866 372.36434937
usemtl Patch_311_Mat_mat5
f 528 529 530
usemtl Patch_312_Mat_mat5
f 529 528 531

# obj106
v -207.52603149 -77.73378754 372.29418945
v -263.77954102 -100.78739929 0
v -238.5827179 -77.16535187 0
v -231.09983826 -101.57485962 394.12503052
usemtl Patch_313_Mat_mat0
f 532 533 534
usemtl Patch_314_Mat_mat0
f 533 532 535

# obj107
v -140.55119324 -275.59054565 262.20483398
v -1.18110955 -0 368.11026001
v -140.55119324 -0 262.20483398
v -1.18110955 -350.39367676 368.11026001
v -1.18110955 -27.55905533 368.11026001
usemtl Patch_315_Mat_mat5
f 536 537 538
usemtl Patch_316_Mat_mat5
f 537 536 539

# obj108
v -1.18110955 -0 360.23623657
v -140.55119324 -275.59054565 254.33070374
v -140.55119324 -0 254.33070374
v -1.18110955 -350.39367676 360.23623657
v -1.18110955 -27.55905533 360.23623657
usemtl Patch_317_Mat_mat5
f 541 542 543
usemtl Patch_318_Mat_mat5
f 542 541 544

# obj109
v 895.40344238 -238.02807617 354.22467041
v 908.55029297 -163.0450592 265.35430908
v 902.71478271 -238.80490112 265.35430908
v 901.23748779 -162.48178101 354.04428101
usemtl Patch_319_Mat_mat2
f 546 547 548
usemtl Patch_320_Mat_mat2
f 547 546 549

# obj110
v -238.5827179 -77.16535187 0
v -229.51905823 -52.75600815 394.197052
v -207.52603149 -77.73378754 372.29418945
v -262.20471191 -52.36220169 0
usemtl Patch_321_Mat_mat0
f 550 551 552
usemtl Patch_322_Mat_mat0
f 551 550 553

# obj111
v -262.59841919 -385.82678223 15.74803543
v -252.43554688 -363.24923706 392.3873291
v -233.07046509 -389.98092651 376.39389038
v -283.46456909 -358.66140747 15.74803543
usemtl Patch_323_Mat_mat0
f 554 555 556
usemtl Patch_324_Mat_mat0
f 555 554 557

# obj112
v -233.07046509 -389.98092651 376.39389038
v -290.00146484 -406.87548828 15.74803543
v -262.59841919 -385.82678223 15.74803543
v -257.42715454 -409.84735107 391.95263672
usemtl Patch_325_Mat_mat0
f 558 559 560
usemtl Patch_326_Mat_mat0
f 559 558 561

# obj113
v -217.35827637 -231.3117218 373.36453247
v -273.03210449 -254.49868774 7.87401772
v -246.45669556 -231.88975525 7.87401772
v -240.54138184 -252.36155701 393.42349243
usemtl Patch_327_Mat_mat0
f 562 563 564
usemtl Patch_328_Mat_mat0
f 563 562 565

# obj114
v 515.78851318 -436.8789978 466.53549194
v 509.15682983 -457.93942261 444.6835022
v 510.71032715 -458.10818481 444.4881897
v 514.23504639 -436.7102356 466.73080444
usemtl Patch_329_Mat_mat5
f 566 567 568
usemtl Patch_330_Mat_mat5
f 567 566 569

# obj115
v 515.78851318 -436.8789978 468.11029053
v 514.23504639 -436.7102356 466.73080444
v 515.78851318 -436.8789978 466.53549194
v 514.23504639 -436.7102356 468.30560303
usemtl Patch_331_Mat_mat5
f 570 571 572
usemtl Patch_332_Mat_mat5
f 571 570 573

# obj116
v 524.71875 -314.68783569 444.6835022
v 510.71032715 -458.10818481 444.4881897
v 509.15682983 -457.93942261 444.6835022
v 526.27227783 -314.8565979 444.4881897
usemtl Patch_333_Mat_mat5
f 574 575 576
usemtl Patch_334_Mat_mat5
f 575 574 577

# obj117
v 526.67364502 -336.68112183 466.53549194
v 668.81866455 -486.3727417 447.63781738
v 515.78851318 -436.8789978 466.53549194
v 686.76208496 -321.20285034 447.63781738
usemtl Patch_335_Mat_mat5
f 578 579 580
usemtl Patch_336_Mat_mat5
f 579 578 581

# obj118
v 526.67364502 -336.68112183 466.53549194
v 686.76208496 -321.20285034 449.21261597
v 686.76208496 -321.20285034 447.63781738
v 526.67364502 -336.68112183 468.11029053
usemtl Patch_337_Mat_mat5
f 582 583 584
usemtl Patch_338_Mat_mat5
f 583 582 585

# obj119
v 686.76208496 -321.20285034 447.63781738
v 670.27227783 -486.53063965 447.63781738
v 668.81866455 -486.3727417 447.63781738
v 688.21569824 -321.36074829 447.63781738
usemtl Patch_339_Mat_mat5
f 586 587 588
usemtl Patch_340_Mat_mat5
f 587 586 589

# obj120
v 668.81866455 -486.3727417 449.21261597
v 515.78851318 -436.8789978 466.53549194
v 668.81866455 -486.3727417 447.63781738
v 515.78851318 -436.8789978 468.11029053
usemtl Patch_341_Mat_mat5
f 590 591 592
usemtl Patch_342_Mat_mat5
f 591 590 593

# obj121
v 524.71875 -314.68783569 444.6835022
v 526.67364502 -336.68112183 466.53549194
v 526.27227783 -314.8565979 444.4881897
v 525.12011719 -336.51235962 466.73080444
usemtl Patch_343_Mat_mat5
f 594 595 596
usemtl Patch_344_Mat_mat5
f 595 594 597

# obj122
v 525.12011719 -336.51235962 466.73080444
v 526.67364502 -336.68112183 468.11029053
v 526.67364502 -336.68112183 466.53549194
v 525.12011719 -336.51235962 468.30560303
usemtl Patch_345_Mat_mat5
f 598 599 600
usemtl Patch_346_Mat_mat5
f 599 598 601

# obj123
v 515.78851318 -436.8789978 468.11029053
v 525.12011719 -336.51235962 468.30560303
v 514.23504639 -436.7102356 468.30560303
v 526.67364502 -336.68112183 468.11029053
usemtl Patch_347_Mat_mat5
f 602 603 604
usemtl Patch_348_Mat_mat5
f 603 602 605

# obj124
v 525.12011719 -336.51235962 468.30560303
v 514.23504639 -436.7102356 466.73080444
v 514.23504639 -436.7102356 468.30560303
v 525.12011719 -336.51235962 466.73080444
usemtl Patch_349_Mat_mat5
f 606 607 608
usemtl Patch_350_Mat_mat5
f 607 606 609

# obj125
v 668.81866455 -486.3727417 449.21261597
v 526.67364502 -336.68112183 468.11029053
v 515.78851318 -436.8789978 468.11029053
v 686.76208496 -321.20285034 449.21261597
usemtl Patch_351_Mat_mat5
f 610 611 612
usemtl Patch_352_Mat_mat5
f 611 610 613

# obj126
v 686.76208496 -321.20285034 449.21261597
v 689.96844482 -327.09542847 454.53329468
v 688.21569824 -321.36074829 448.62780762
v 688.51477051 -326.9375 455.11813354
usemtl Patch_353_Mat_mat5
f 614 615 616
usemtl Patch_354_Mat_mat5
f 615 614 617

# obj127
v 673.21600342 -481.30627441 454.53329468
v 688.51477051 -326.9375 455.11813354
v 671.7623291 -481.14837646 455.11813354
v 689.96844482 -327.09542847 454.53329468
usemtl Patch_355_Mat_mat5
f 618 619 620
usemtl Patch_356_Mat_mat5
f 619 618 621

# obj128
v 686.76208496 -321.20285034 449.21261597
v 688.21569824 -321.36074829 447.63781738
v 686.76208496 -321.20285034 447.63781738
v 688.21569824 -321.36074829 448.62780762
usemtl Patch_357_Mat_mat5
f 622 623 624
usemtl Patch_358_Mat_mat5
f 623 622 625

# obj129
v 673.21600342 -481.30627441 454.53329468
v 668.81866455 -486.3727417 449.21261597
v 670.27227783 -486.53063965 448.62780762
v 671.7623291 -481.14837646 455.11813354
usemtl Patch_359_Mat_mat5
f 626 627 628
usemtl Patch_360_Mat_mat5
f 627 626 629

# obj130
v 670.27227783 -486.53063965 448.62780762
v 668.81866455 -486.3727417 447.63781738
v 670.27227783 -486.53063965 447.63781738
v 668.81866455 -486.3727417 449.21261597
usemtl Patch_361_Mat_mat5
f 630 631 632
usemtl Patch_362_Mat_mat5
f 631 630 633

# obj131
v 688.21569824 -321.36074829 447.63781738
v 670.27227783 -486.53063965 448.62780762
v 670.27227783 -486.53063965 447.63781738
v 688.21569824 -321.36074829 448.62780762
usemtl Patch_363_Mat_mat5
f 634 635 636
usemtl Patch_364_Mat_mat5
f 635 634 637

# obj132
v 799.19659424 -500.14028931 433.85827637
v 675.47912598 -454.22692871 483.07089233
v 799.19659424 -500.14028931 432.28347778
v 675.47912598 -454.22692871 484.64569092
usemtl Patch_365_Mat_mat5
f 638 639 640
usemtl Patch_366_Mat_mat5
f 639 638 641

# obj133
v 800.65148926 -500.29837036 433.27664185
v 799.19659424 -500.14028931 432.28347778
v 800.65148926 -500.29837036 431.70184326
v 799.19659424 -500.14028931 433.85827637
usemtl Patch_367_Mat_mat5
f 642 643 644
usemtl Patch_368_Mat_mat5
f 643 642 645

# obj134
v 675.47912598 -454.22692871 484.64569092
v 674.0401001 -454.07061768 483.69122314
v 675.47912598 -454.22692871 483.07089233
v 674.60699463 -454.13217163 485.02166748
usemtl Patch_369_Mat_mat5
f 646 647 648
usemtl Patch_370_Mat_mat5
f 647 646 649

# obj135
v 676.99353027 -328.45797729 458.88812256
v 686.36407471 -354.02905273 483.07089233
v 678.43249512 -328.61431885 458.26776123
v 684.92504883 -353.8727417 483.69122314
usemtl Patch_371_Mat_mat5
f 650 651 652
usemtl Patch_372_Mat_mat5
f 651 650 653

# obj136
v 676.99353027 -328.45797729 458.88812256
v 662.27514648 -477.34558105 458.26776123
v 660.83618164 -477.1892395 458.88812256
v 678.43249512 -328.61431885 458.26776123
usemtl Patch_373_Mat_mat5
f 654 655 656
usemtl Patch_374_Mat_mat5
f 655 654 657

# obj137
v 684.92504883 -353.8727417 483.69122314
v 686.36407471 -354.02905273 484.64569092
v 686.36407471 -354.02905273 483.07089233
v 685.49194336 -353.93432617 485.02166748
usemtl Patch_375_Mat_mat5
f 658 659 660
usemtl Patch_376_Mat_mat5
f 659 658 661

# obj138
v 675.47912598 -454.22692871 483.07089233
v 660.83618164 -477.1892395 458.88812256
v 662.27514648 -477.34558105 458.26776123
v 674.0401001 -454.07061768 483.69122314
usemtl Patch_377_Mat_mat5
f 662 663 664
usemtl Patch_378_Mat_mat5
f 663 662 665

# obj139
v 686.36407471 -354.02905273 483.07089233
v 817.05499268 -335.75320435 433.85827637
v 817.05499268 -335.75320435 432.28347778
v 686.36407471 -354.02905273 484.64569092
usemtl Patch_379_Mat_mat5
f 666 667 668
usemtl Patch_380_Mat_mat5
f 667 666 669

# obj140
v 817.05499268 -335.75320435 432.28347778
v 818.5098877 -335.91125488 433.27664185
v 818.5098877 -335.91125488 431.70184326
v 817.05499268 -335.75320435 433.85827637
usemtl Patch_381_Mat_mat5
f 670 671 672
usemtl Patch_382_Mat_mat5
f 671 670 673

# obj141
v 675.47912598 -454.22692871 484.64569092
v 685.49194336 -353.93432617 485.02166748
v 674.60699463 -454.13217163 485.02166748
v 686.36407471 -354.02905273 484.64569092
usemtl Patch_383_Mat_mat5
f 674 675 676
usemtl Patch_384_Mat_mat5
f 675 674 677

# obj142
v 685.49194336 -353.93432617 485.02166748
v 674.0401001 -454.07061768 483.69122314
v 674.60699463 -454.13217163 485.02166748
v 684.92504883 -353.8727417 483.69122314
usemtl Patch_385_Mat_mat5
f 678 679 680
usemtl Patch_386_Mat_mat5
f 679 678 681

# obj143
v 815.20861816 -479.30682373 463.98535156
v 826.7645874 -359.38098145 464.56698608
v 813.75372314 -479.14877319 464.56698608
v 828.21948242 -359.53903198 463.98535156
usemtl Patch_387_Mat_mat5
f 682 683 684
usemtl Patch_388_Mat_mat5
f 683 682 685

# obj144
v 815.20861816 -479.30682373 463.98535156
v 799.19659424 -500.14028931 433.85827637
v 800.65148926 -500.29837036 433.27664185
v 813.75372314 -479.14877319 464.56698608
usemtl Patch_389_Mat_mat5
f 686 687 688
usemtl Patch_390_Mat_mat5
f 687 686 689

# obj145
v 817.05499268 -335.75320435 433.85827637
v 828.21948242 -359.53903198 463.98535156
v 818.5098877 -335.91125488 433.27664185
v 826.7645874 -359.38098145 464.56698608
usemtl Patch_391_Mat_mat5
f 690 691 692
usemtl Patch_392_Mat_mat5
f 691 690 693

# obj146
v 817.05499268 -335.75320435 432.28347778
v 800.65148926 -500.29837036 431.70184326
v 799.19659424 -500.14028931 432.28347778
v 818.5098877 -335.91125488 431.70184326
usemtl Patch_393_Mat_mat5
f 694 695 696
usemtl Patch_394_Mat_mat5
f 695 694 697

# obj147
v 818.5098877 -335.91125488 431.70184326
v 800.65148926 -500.29837036 433.27664185
v 800.65148926 -500.29837036 431.70184326
v 818.5098877 -335.91125488 433.27664185
usemtl Patch_395_Mat_mat5
f 698 699 700
usemtl Patch_396_Mat_mat5
f 699 698 701

# obj148
v 779.51226807 -271.41925049 500.64624023
v 778.85601807 -311.17590332 448.67599487
v -217.35827637 -231.3117218 373.36453247
usemtl Patch_397_Mat_mat0
f 702 703 704

# obj149
v 779.51226807 -271.41925049 500.64624023
v -217.35827637 -231.3117218 373.36453247
v -236.2739563 -207.49452209 393.78543091
usemtl Patch_398_Mat_mat0
f 705 706 707

# obj150
v -231.09983826 -101.57485962 394.12503052
v 779.51226807 -271.41925049 500.64624023
v -236.2739563 -207.49452209 393.78543091
v 784.46807861 -142.59481812 500.91876221
v 781.04486084 -249.92781067 500.76586914
v 783.8236084 -165.12620544 500.8944397
v 835.06481934 -253.57199097 506.44924927
v 840.54943848 -167.43385315 506.85958862
v 879.13336182 -280.29660034 511.13140869
v 833.36706543 -277.58822632 506.31713867
v 841.15551758 -146.23065186 506.88241577
v 889.21746826 -148.51220703 511.93710327
usemtl Patch_399_Mat_mat0
f 708 709 710
usemtl Patch_400_Mat_mat0
f 709 708 711
usemtl Patch_401_Mat_mat0
f 709 711 712
usemtl Patch_402_Mat_mat0
f 712 711 713
usemtl Patch_403_Mat_mat0
f 713 714 712
usemtl Patch_404_Mat_mat0
f 714 713 715
usemtl Patch_405_Mat_mat0
f 714 716 717
usemtl Patch_406_Mat_mat0
f 716 714 715
usemtl Patch_407_Mat_mat0
f 716 715 718
usemtl Patch_408_Mat_mat0
f 716 718 719

# obj151
v -268.26828003 -206.63421631 7.87401772
v -231.09983826 -101.57485962 394.12503052
v -236.2739563 -207.49452209 393.78543091
v -267.86090088 -198.24906921 7.87401772
v -268.5039978 -198.0315094 0
v -263.77954102 -100.78739929 0
usemtl Patch_409_Mat_mat0
f 720 721 722
usemtl Patch_410_Mat_mat0
f 721 720 723
usemtl Patch_411_Mat_mat0
f 721 723 724
usemtl Patch_412_Mat_mat0
f 721 724 725

# obj152
v 784.46807861 -142.59481812 500.91876221
v -231.09983826 -101.57485962 394.12503052
v -207.52603149 -77.73378754 372.29418945
usemtl Patch_413_Mat_mat0
f 726 727 728

# obj153
v 784.46807861 -142.59481812 500.91876221
v 790.0380249 -117.81855011 430.12008667
v 783.8236084 -165.12620544 500.8944397
v 789.07794189 -104.05525208 449.85742188
v 790.82800293 -90.25955963 430.12472534
v 786.63977051 -66.66648102 501.00064087
v 787.32904053 -42.5683136 501.02661133
usemtl Patch_414_Mat_mat0
f 729 730 731
usemtl Patch_415_Mat_mat0
f 730 729 732
usemtl Patch_416_Mat_mat0
f 730 732 733
usemtl Patch_417_Mat_mat0
f 733 732 734
usemtl Patch_418_Mat_mat0
f 733 734 735

# obj154
v 841.29003906 -118.99307251 434.14224243
v 783.8236084 -165.12620544 500.8944397
v 790.0380249 -117.81855011 430.12008667
v 840.54943848 -167.43385315 506.85958862
usemtl Patch_419_Mat_mat0
f 736 737 738
usemtl Patch_420_Mat_mat0
f 737 736 739

# obj155
v 841.29003906 -118.99307251 434.14224243
v 841.15551758 -146.23065186 506.88241577
v 840.54943848 -167.43385315 506.85958862
v 841.85253906 -105.44908905 453.96472168
v 842.07745361 -91.43400574 434.12927246
v 843.41326904 -67.24938965 506.96743774
v 844.11090088 -42.84589386 506.99371338
usemtl Patch_421_Mat_mat0
f 740 741 742
usemtl Patch_422_Mat_mat0
f 741 740 743
usemtl Patch_423_Mat_mat0
f 743 740 744
usemtl Patch_424_Mat_mat0
f 743 744 745
usemtl Patch_425_Mat_mat0
f 745 744 746

# obj156
v 896.87573242 -106.90231323 458.24703979
v 841.15551758 -146.23065186 506.88241577
v 841.85253906 -105.44908905 453.96472168
v 889.21746826 -148.51220703 511.93710327
usemtl Patch_426_Mat_mat0
f 747 748 749
usemtl Patch_427_Mat_mat0
f 748 747 750

# obj157
v 833.36706543 -277.58822632 506.31713867
v 880.66796875 -319.33795166 456.3727417
v 830.82781982 -315.34237671 452.60494995
v 879.13336182 -280.29660034 511.13140869
usemtl Patch_428_Mat_mat0
f 751 752 753
usemtl Patch_429_Mat_mat0
f 752 751 754

# obj158
v 781.04486084 -249.92781067 500.76586914
v 831.87890625 -301.12405396 433.68225098
v 780.68389893 -297.21420288 428.98791504
v 835.06481934 -253.57199097 506.44924927
usemtl Patch_430_Mat_mat0
f 755 756 757
usemtl Patch_431_Mat_mat0
f 756 755 758

# obj159
v 820.14715576 -126.52204132 433.85827637
v 832.62200928 -149.64755249 463.98535156
v 821.60858154 -126.59863281 433.27664185
v 831.16052246 -149.57096863 464.56698608
usemtl Patch_432_Mat_mat5
f 759 760 761
usemtl Patch_433_Mat_mat5
f 760 759 762

# obj160
v 826.3170166 -269.95489502 463.98535156
v 831.16052246 -149.57096863 464.56698608
v 824.85552979 -269.8782959 464.56698608
v 832.62200928 -149.64755249 463.98535156
usemtl Patch_434_Mat_mat5
f 763 764 765
usemtl Patch_435_Mat_mat5
f 764 763 766

# obj161
v 820.14715576 -126.52204132 432.28347778
v 821.60858154 -126.59863281 433.27664185
v 821.60858154 -126.59863281 431.70184326
v 820.14715576 -126.52204132 433.85827637
usemtl Patch_436_Mat_mat5
f 767 768 769
usemtl Patch_437_Mat_mat5
f 768 767 770

# obj162
v 811.49291992 -291.64968872 433.85827637
v 685.40539551 -252.71401978 483.07089233
v 811.49291992 -291.64968872 432.28347778
v 685.40539551 -252.71401978 484.64569092
usemtl Patch_438_Mat_mat5
f 771 772 773
usemtl Patch_439_Mat_mat5
f 772 771 774

# obj163
v 812.9543457 -291.72628784 433.27664185
v 811.49291992 -291.64968872 432.28347778
v 812.9543457 -291.72628784 431.70184326
v 811.49291992 -291.64968872 433.85827637
usemtl Patch_440_Mat_mat5
f 775 776 777
usemtl Patch_441_Mat_mat5
f 776 775 778

# obj164
v 685.40539551 -252.71401978 484.64569092
v 683.9598999 -252.63825989 483.69122314
v 685.40539551 -252.71401978 483.07089233
v 684.52929688 -252.66810608 485.02166748
usemtl Patch_442_Mat_mat5
f 779 780 781
usemtl Patch_443_Mat_mat5
f 780 779 782

# obj165
v 679.89678955 -127.05664062 458.88812256
v 673.51251221 -276.53366089 458.26776123
v 672.0670166 -276.45791626 458.88812256
v 681.34228516 -127.13240051 458.26776123
usemtl Patch_444_Mat_mat5
f 783 784 785
usemtl Patch_445_Mat_mat5
f 784 783 786

# obj166
v 681.34228516 -127.13240051 458.26776123
v 685.40539551 -252.71401978 483.07089233
v 673.51251221 -276.53366089 458.26776123
v 690.68017578 -152.0647583 483.07089233
usemtl Patch_446_Mat_mat5
f 787 788 789
usemtl Patch_447_Mat_mat5
f 788 787 790

# obj167
v 685.40539551 -252.71401978 483.07089233
v 672.0670166 -276.45791626 458.88812256
v 673.51251221 -276.53366089 458.26776123
v 683.9598999 -252.63825989 483.69122314
usemtl Patch_448_Mat_mat5
f 791 792 793
usemtl Patch_449_Mat_mat5
f 792 791 794

# obj168
v 683.9598999 -252.63825989 483.69122314
v 679.89678955 -127.05664062 458.88812256
v 672.0670166 -276.45791626 458.88812256
v 689.23468018 -151.98901367 483.69122314
usemtl Patch_450_Mat_mat5
f 795 796 797
usemtl Patch_451_Mat_mat5
f 796 795 798

# obj169
v 679.89678955 -127.05664062 458.88812256
v 690.68017578 -152.0647583 483.07089233
v 681.34228516 -127.13240051 458.26776123
v 689.23468018 -151.98901367 483.69122314
usemtl Patch_452_Mat_mat5
f 799 800 801
usemtl Patch_453_Mat_mat5
f 800 799 802

# obj170
v 539.66680908 -114.58239746 437.20632935
v 532.49945068 -266.38381958 443.50552368
v 531.30126953 -274.20574951 437.20632935
v 540.04083252 -122.48678589 443.50552368
usemtl Patch_454_Mat_mat5
f 803 804 805
usemtl Patch_455_Mat_mat5
f 804 803 806

# obj171
v 531.30126953 -274.20574951 437.20632935
v 530.93896484 -266.30203247 443.70080566
v 529.74072266 -274.1239624 437.40161133
v 532.49945068 -266.38381958 443.50552368
usemtl Patch_456_Mat_mat5
f 807 808 809
usemtl Patch_457_Mat_mat5
f 808 807 810

# obj172
v 539.66680908 -114.58239746 435.6282959
v 531.30126953 -274.20574951 437.20632935
v 531.30126953 -274.20574951 435.6282959
v 539.66680908 -114.58239746 437.20632935
usemtl Patch_458_Mat_mat5
f 811 812 813
usemtl Patch_459_Mat_mat5
f 812 811 814

# obj173
v 538.48034668 -122.40499878 443.70080566
v 539.66680908 -114.58239746 437.20632935
v 538.10632324 -114.50061035 437.40161133
v 540.04083252 -122.48678589 443.50552368
usemtl Patch_460_Mat_mat5
f 815 816 817
usemtl Patch_461_Mat_mat5
f 816 815 818

# obj174
v 532.49945068 -266.38381958 443.50552368
v 538.48034668 -122.40499878 443.70080566
v 530.93896484 -266.30203247 443.70080566
v 540.04083252 -122.48678589 443.50552368
usemtl Patch_462_Mat_mat5
f 819 820 821
usemtl Patch_463_Mat_mat5
f 820 819 822

# obj175
v 820.14715576 -126.52204132 432.28347778
v 812.9543457 -291.72628784 431.70184326
v 811.49291992 -291.64968872 432.28347778
v 821.60858154 -126.59863281 431.70184326
usemtl Patch_464_Mat_mat5
f 823 824 825
usemtl Patch_465_Mat_mat5
f 824 823 826

# obj176
v 821.60858154 -126.59863281 431.70184326
v 812.9543457 -291.72628784 433.27664185
v 812.9543457 -291.72628784 431.70184326
v 821.60858154 -126.59863281 433.27664185
usemtl Patch_466_Mat_mat5
f 827 828 829
usemtl Patch_467_Mat_mat5
f 828 827 830

# obj177
v 826.3170166 -269.95489502 463.98535156
v 811.49291992 -291.64968872 433.85827637
v 812.9543457 -291.72628784 433.27664185
v 824.85552979 -269.8782959 464.56698608
usemtl Patch_468_Mat_mat5
f 831 832 833
usemtl Patch_469_Mat_mat5
f 832 831 834

# obj178
v 527.09082031 -121.80815125 444.6835022
v 521.11016846 -265.78686523 444.4881897
v 519.54968262 -265.70507812 444.6835022
v 528.65130615 -121.88993835 444.4881897
usemtl Patch_470_Mat_mat5
f 835 836 837
usemtl Patch_471_Mat_mat5
f 836 835 838

# obj179
v 528.65130615 -121.88993835 444.4881897
v 524.99542236 -244.30729675 466.53549194
v 521.11016846 -265.78686523 444.4881897
v 530.27032471 -143.65803528 466.53549194
usemtl Patch_472_Mat_mat5
f 839 840 841
usemtl Patch_473_Mat_mat5
f 840 839 842

# obj180
v 524.99542236 -244.30729675 466.53549194
v 519.54968262 -265.70507812 444.6835022
v 521.11016846 -265.78686523 444.4881897
v 523.43487549 -244.22550964 466.73080444
usemtl Patch_474_Mat_mat5
f 843 844 845
usemtl Patch_475_Mat_mat5
f 844 843 846

# obj181
v 523.43487549 -244.22550964 466.73080444
v 527.09082031 -121.80815125 444.6835022
v 519.54968262 -265.70507812 444.6835022
v 528.70983887 -143.57624817 466.73080444
usemtl Patch_476_Mat_mat5
f 847 848 849
usemtl Patch_477_Mat_mat5
f 848 847 850

# obj182
v 527.09082031 -121.80815125 444.6835022
v 530.27032471 -143.65803528 466.53549194
v 528.65130615 -121.88993835 444.4881897
v 528.70983887 -143.57624817 466.73080444
usemtl Patch_478_Mat_mat5
f 851 852 853
usemtl Patch_479_Mat_mat5
f 852 851 854

# obj183
v 690.68017578 -152.0647583 483.07089233
v 820.14715576 -126.52204132 433.85827637
v 820.14715576 -126.52204132 432.28347778
v 690.68017578 -152.0647583 484.64569092
usemtl Patch_480_Mat_mat5
f 855 856 857
usemtl Patch_481_Mat_mat5
f 856 855 858

# obj184
v 689.23468018 -151.98901367 483.69122314
v 690.68017578 -152.0647583 484.64569092
v 690.68017578 -152.0647583 483.07089233
v 689.80407715 -152.0188446 485.02166748
usemtl Patch_482_Mat_mat5
f 859 860 861
usemtl Patch_483_Mat_mat5
f 860 859 862

# obj185
v 530.93896484 -266.30203247 443.70080566
v 538.10632324 -114.50061035 437.40161133
v 529.74072266 -274.1239624 437.40161133
v 538.48034668 -122.40499878 443.70080566
usemtl Patch_484_Mat_mat5
f 863 864 865
usemtl Patch_485_Mat_mat5
f 864 863 866

# obj186
v 531.30126953 -274.20574951 437.20632935
v 529.74072266 -274.1239624 435.82678223
v 531.30126953 -274.20574951 435.6282959
v 529.74072266 -274.1239624 437.40161133
usemtl Patch_486_Mat_mat5
f 867 868 869
usemtl Patch_487_Mat_mat5
f 868 867 870

# obj187
v 685.40539551 -252.71401978 484.64569092
v 689.80407715 -152.0188446 485.02166748
v 684.52929688 -252.66810608 485.02166748
v 690.68017578 -152.0647583 484.64569092
usemtl Patch_488_Mat_mat5
f 871 872 873
usemtl Patch_489_Mat_mat5
f 872 871 874

# obj188
v 689.80407715 -152.0188446 485.02166748
v 683.9598999 -252.63825989 483.69122314
v 684.52929688 -252.66810608 485.02166748
v 689.23468018 -151.98901367 483.69122314
usemtl Patch_490_Mat_mat5
f 875 876 877
usemtl Patch_491_Mat_mat5
f 876 875 878

# obj189
v 74.62870026 -240.96936035 401.5748291
v 62.95751572 -237.99226379 400.00003052
v 74.62870026 -240.96936035 400.00003052
v 62.95751572 -237.99226379 401.5748291
usemtl Patch_492_Mat_mat5
f 879 880 881
usemtl Patch_493_Mat_mat5
f 880 879 882

# obj190
v 62.95751572 -237.99226379 401.5748291
v 30.40928078 -242.20013428 400.78744507
v 62.95751572 -237.99226379 400.00003052
v 30.40928078 -242.20013428 402.36224365
usemtl Patch_494_Mat_mat5
f 883 884 885
usemtl Patch_495_Mat_mat5
f 884 883 886

# obj191
v 70.12795258 -101.17215729 400.00003052
v 74.62870026 -240.96936035 400.00003052
v 62.95751572 -237.99226379 400.00003052
v 82.04636383 -99.43136597 400.00003052
usemtl Patch_496_Mat_mat5
f 887 888 889
usemtl Patch_497_Mat_mat5
f 888 887 890

# obj192
v 76.59148407 -241.07225037 407.77578735
v 74.62870026 -240.96936035 400.00003052
v 76.10018158 -241.04649353 399.90484619
v 74.62870026 -240.96936035 401.5748291
v 75.02190399 -240.98999023 407.87402344
usemtl Patch_498_Mat_mat5
f 891 892 893
usemtl Patch_499_Mat_mat5
f 892 891 894
usemtl Patch_500_Mat_mat5
f 894 891 895

# obj193
v 74.62870026 -240.96936035 401.5748291
v 70.12795258 -101.17215729 401.5748291
v 62.95751572 -237.99226379 401.5748291
v 82.04636383 -99.43136597 401.5748291
usemtl Patch_501_Mat_mat5
f 896 897 898
usemtl Patch_502_Mat_mat5
f 897 896 899

# obj194
v 538.10632324 -114.50061035 435.82678223
v 531.30126953 -274.20574951 435.6282959
v 529.74072266 -274.1239624 435.82678223
v 539.66680908 -114.58239746 435.6282959
usemtl Patch_503_Mat_mat5
f 900 901 902
usemtl Patch_504_Mat_mat5
f 901 900 903

# obj195
v 538.10632324 -114.50061035 435.82678223
v 539.66680908 -114.58239746 437.20632935
v 539.66680908 -114.58239746 435.6282959
v 538.10632324 -114.50061035 437.40161133
usemtl Patch_505_Mat_mat5
f 904 905 906
usemtl Patch_506_Mat_mat5
f 905 904 907

# obj196
v 50.18780899 -96.43412781 400.49176025
v 70.12795258 -101.17215729 401.5748291
v 70.12795258 -101.17215729 400.00003052
v 38.19785309 -93.5851593 400.78744507
v 38.19785309 -93.5851593 402.36224365
v 50.18780899 -96.43412781 402.06655884
usemtl Patch_507_Mat_mat5
f 908 909 910
usemtl Patch_508_Mat_mat5
f 909 908 911
usemtl Patch_509_Mat_mat5
f 909 911 912
usemtl Patch_510_Mat_mat5
f 909 912 913

# obj197
v 70.12795258 -101.17215729 401.5748291
v 82.04636383 -99.43136597 400.00003052
v 70.12795258 -101.17215729 400.00003052
v 82.04636383 -99.43136597 401.5748291
usemtl Patch_511_Mat_mat5
f 914 915 916
usemtl Patch_512_Mat_mat5
f 915 914 917

# obj198
v 38.19785309 -93.5851593 400.78744507
v 62.95751572 -237.99226379 400.00003052
v 30.40928078 -242.20013428 400.78744507
v 50.18780899 -96.43412781 400.49176025
v 70.12795258 -101.17215729 400.00003052
usemtl Patch_513_Mat_mat5
f 918 919 920
usemtl Patch_514_Mat_mat5
f 919 918 921
usemtl Patch_515_Mat_mat5
f 919 921 922

# obj199
v -6.20982409 -100.52230835 401.39413452
v 38.19785309 -93.5851593 402.36224365
v 38.19785309 -93.5851593 400.78744507
v -77.07588196 -111.59265137 402.36224365
v -6.20982409 -100.52230835 402.96893311
v -77.07588196 -111.59265137 403.93704224
usemtl Patch_516_Mat_mat5
f 923 924 925
usemtl Patch_517_Mat_mat5
f 924 923 926
usemtl Patch_518_Mat_mat5
f 924 926 927
usemtl Patch_519_Mat_mat5
f 927 926 928

# obj200
v 62.95751572 -237.99226379 401.5748291
v 38.19785309 -93.5851593 402.36224365
v 30.40928078 -242.20013428 402.36224365
v 50.18780899 -96.43412781 402.06655884
v 70.12795258 -101.17215729 401.5748291
usemtl Patch_520_Mat_mat5
f 929 930 931
usemtl Patch_521_Mat_mat5
f 930 929 932
usemtl Patch_522_Mat_mat5
f 932 929 933

# obj201
v 376.73519897 -117.08224487 432.05639648
v 371.08731079 -254.77064514 431.88980103
v 369.52346802 -254.68867493 432.05639648
v 378.29901123 -117.16419983 431.88980103
usemtl Patch_523_Mat_mat5
f 934 935 936
usemtl Patch_524_Mat_mat5
f 935 934 937

# obj202
v 378.29901123 -117.16419983 431.88980103
v 374.02157593 -236.39508057 450.39370728
v 371.08731079 -254.77064514 431.88980103
v 379.29632568 -135.74583435 450.39370728
usemtl Patch_525_Mat_mat5
f 938 939 940
usemtl Patch_526_Mat_mat5
f 939 938 941

# obj203
v 374.02157593 -236.39508057 450.39370728
v 369.52346802 -254.68867493 432.05639648
v 371.08731079 -254.77064514 431.88980103
v 372.45776367 -236.31312561 450.56030273
usemtl Patch_527_Mat_mat5
f 942 943 944
usemtl Patch_528_Mat_mat5
f 943 942 945

# obj204
v 372.45776367 -236.31312561 450.56030273
v 376.73519897 -117.08224487 432.05639648
v 369.52346802 -254.68867493 432.05639648
v 377.73251343 -135.66387939 450.56030273
usemtl Patch_529_Mat_mat5
f 946 947 948
usemtl Patch_530_Mat_mat5
f 947 946 949

# obj205
v 376.73519897 -117.08224487 432.05639648
v 379.29632568 -135.74583435 450.39370728
v 378.29901123 -117.16419983 431.88980103
v 377.73251343 -135.66387939 450.56030273
usemtl Patch_531_Mat_mat5
f 950 951 952
usemtl Patch_532_Mat_mat5
f 951 950 953

# obj206
v 76.59148407 -241.07225037 407.77578735
v 82.36953735 -100.78773499 407.87402344
v 75.02190399 -240.98999023 407.87402344
v 83.93912506 -100.86999512 407.77578735
usemtl Patch_533_Mat_mat5
f 954 955 956
usemtl Patch_534_Mat_mat5
f 955 954 957

# obj207
v 82.36953735 -100.78773499 407.87402344
v 74.62870026 -240.96936035 401.5748291
v 75.02190399 -240.98999023 407.87402344
v 82.04636383 -99.43136597 401.5748291
v 82.43954468 -99.4519577 407.87402344
usemtl Patch_535_Mat_mat5
f 958 959 960
usemtl Patch_536_Mat_mat5
f 959 958 961
usemtl Patch_537_Mat_mat5
f 961 958 962

# obj208
v 76.10018158 -241.04649353 399.90484619
v 83.93912506 -100.86999512 407.77578735
v 76.59148407 -241.07225037 407.77578735
v 83.51783752 -99.50849152 399.90484619
v 84.00912476 -99.53421021 407.77578735
usemtl Patch_538_Mat_mat5
f 963 964 965
usemtl Patch_539_Mat_mat5
f 964 963 966
usemtl Patch_540_Mat_mat5
f 964 966 967

# obj209
v 83.93912506 -100.86999512 407.77578735
v 82.43954468 -99.4519577 407.87402344
v 82.36953735 -100.78773499 407.87402344
v 84.00912476 -99.53421021 407.77578735
usemtl Patch_541_Mat_mat5
f 968 969 970
usemtl Patch_542_Mat_mat5
f 969 968 971

# obj210
v 528.70983887 -143.57624817 466.73080444
v 530.27032471 -143.65803528 468.11029053
v 530.27032471 -143.65803528 466.53549194
v 528.70983887 -143.57624817 468.30560303
usemtl Patch_543_Mat_mat5
f 972 973 974
usemtl Patch_544_Mat_mat5
f 973 972 975

# obj211
v 524.99542236 -244.30729675 468.11029053
v 528.70983887 -143.57624817 468.30560303
v 523.43487549 -244.22550964 468.30560303
v 530.27032471 -143.65803528 468.11029053
usemtl Patch_545_Mat_mat5
f 976 977 978
usemtl Patch_546_Mat_mat5
f 977 976 979

# obj212
v 530.27032471 -143.65803528 466.53549194
v 689.24511719 -119.26750946 449.21261597
v 689.24511719 -119.26750946 447.63781738
v 530.27032471 -143.65803528 468.11029053
usemtl Patch_547_Mat_mat5
f 980 981 982
usemtl Patch_548_Mat_mat5
f 981 980 983

# obj213
v 528.70983887 -143.57624817 468.30560303
v 523.43487549 -244.22550964 466.73080444
v 523.43487549 -244.22550964 468.30560303
v 528.70983887 -143.57624817 466.73080444
usemtl Patch_549_Mat_mat5
f 984 985 986
usemtl Patch_550_Mat_mat5
f 985 984 987

# obj214
v 82.04636383 -99.43136597 400.00003052
v 84.00912476 -99.53421021 407.77578735
v 83.51783752 -99.50849152 399.90484619
v 82.04636383 -99.43136597 401.5748291
v 82.43954468 -99.4519577 407.87402344
usemtl Patch_551_Mat_mat5
f 988 989 990
usemtl Patch_552_Mat_mat5
f 989 988 991
usemtl Patch_553_Mat_mat5
f 989 991 992

# obj215
v 82.04636383 -99.43136597 400.00003052
v 76.10018158 -241.04649353 399.90484619
v 74.62870026 -240.96936035 400.00003052
v 83.51783752 -99.50849152 399.90484619
usemtl Patch_554_Mat_mat5
f 993 994 995
usemtl Patch_555_Mat_mat5
f 994 993 996

# obj216
v 377.73251343 -135.66387939 450.56030273
v 379.29632568 -135.74583435 451.96853638
v 379.29632568 -135.74583435 450.39370728
v 377.73251343 -135.66387939 452.13510132
usemtl Patch_556_Mat_mat5
f 997 998 999
usemtl Patch_557_Mat_mat5
f 998 997 1000

# obj217
v 689.24511719 -119.26750946 449.21261597
v 690.70532227 -119.34403229 447.63781738
v 689.24511719 -119.26750946 447.63781738
v 690.70532227 -119.34403229 448.62780762
usemtl Patch_558_Mat_mat5
f 1001 1002 1003
usemtl Patch_559_Mat_mat5
f 1002 1001 1004

# obj218
v 689.24511719 -119.26750946 449.21261597
v 692.77545166 -124.9719162 454.53329468
v 690.70532227 -119.34403229 448.62780762
v 691.31524658 -124.89538574 455.11813354
usemtl Patch_560_Mat_mat5
f 1005 1006 1007
usemtl Patch_561_Mat_mat5
f 1006 1005 1008

# obj219
v 690.70532227 -119.34403229 447.63781738
v 682.0098877 -285.25802612 448.62780762
v 682.0098877 -285.25802612 447.63781738
v 690.70532227 -119.34403229 448.62780762
usemtl Patch_562_Mat_mat5
f 1009 1010 1011
usemtl Patch_563_Mat_mat5
f 1010 1009 1012

# obj220
v 689.24511719 -119.26750946 447.63781738
v 682.0098877 -285.25802612 447.63781738
v 680.54974365 -285.18148804 447.63781738
v 690.70532227 -119.34403229 447.63781738
usemtl Patch_564_Mat_mat5
f 1013 1014 1015
usemtl Patch_565_Mat_mat5
f 1014 1013 1016

# obj221
v 224.3966217 -127.62787628 435.96130371
v 219.12181091 -228.2771759 434.38647461
v 219.12181091 -228.2771759 435.96130371
v 224.3966217 -127.62787628 434.38647461
usemtl Patch_566_Mat_mat5
f 1017 1018 1019
usemtl Patch_567_Mat_mat5
f 1018 1017 1020

# obj222
v 220.68870544 -228.35929871 435.82678223
v 224.3966217 -127.62787628 435.96130371
v 219.12181091 -228.2771759 435.96130371
v 225.96353149 -127.70999146 435.82678223
usemtl Patch_568_Mat_mat5
f 1021 1022 1023
usemtl Patch_569_Mat_mat5
f 1022 1021 1024

# obj223
v 224.3966217 -127.62787628 434.38647461
v 225.96353149 -127.70999146 435.82678223
v 225.96353149 -127.70999146 434.25198364
v 224.3966217 -127.62787628 435.96130371
usemtl Patch_570_Mat_mat5
f 1025 1026 1027
usemtl Patch_571_Mat_mat5
f 1026 1025 1028

# obj224
v 219.12181091 -228.2771759 434.38647461
v 224.02075195 -112.23278809 420.60699463
v 217.13865662 -243.5486145 420.60699463
v 224.3966217 -127.62787628 434.38647461
usemtl Patch_572_Mat_mat5
f 1029 1030 1031
usemtl Patch_573_Mat_mat5
f 1030 1029 1032

# obj225
v 220.68870544 -228.35929871 435.82678223
v 219.12181091 -228.2771759 434.38647461
v 220.68870544 -228.35929871 434.25198364
v 219.12181091 -228.2771759 435.96130371
usemtl Patch_574_Mat_mat5
f 1033 1034 1035
usemtl Patch_575_Mat_mat5
f 1034 1033 1036

# obj226
v 524.99542236 -244.30729675 468.11029053
v 523.43487549 -244.22550964 466.73080444
v 524.99542236 -244.30729675 466.53549194
v 523.43487549 -244.22550964 468.30560303
usemtl Patch_576_Mat_mat5
f 1037 1038 1039
usemtl Patch_577_Mat_mat5
f 1038 1037 1040

# obj227
v 680.54974365 -285.18148804 449.21261597
v 524.99542236 -244.30729675 466.53549194
v 680.54974365 -285.18148804 447.63781738
v 524.99542236 -244.30729675 468.11029053
usemtl Patch_578_Mat_mat5
f 1041 1042 1043
usemtl Patch_579_Mat_mat5
f 1042 1041 1044

# obj228
v 378.92822266 -263.06637573 431.39129639
v 385.3949585 -109.65128326 431.49609375
v 377.35903931 -262.98413086 431.49609375
v 386.96411133 -109.73352051 431.39129639
usemtl Patch_580_Mat_mat5
f 1045 1046 1047
usemtl Patch_581_Mat_mat5
f 1046 1045 1048

# obj229
v 385.3949585 -109.65128326 431.49609375
v 376.96582031 -262.96353149 425.59057617
v 377.35903931 -262.98413086 431.49609375
v 385.00158691 -109.63066864 425.59057617
usemtl Patch_582_Mat_mat5
f 1049 1050 1051
usemtl Patch_583_Mat_mat5
f 1050 1049 1052

# obj230
v 378.53500366 -263.04577637 425.48577881
v 376.96582031 -262.96353149 424.01577759
v 378.43035889 -263.04031372 423.91445923
v 376.96582031 -262.96353149 425.59057617
v 378.92822266 -263.06637573 431.39129639
v 377.35903931 -262.98413086 431.49609375
usemtl Patch_584_Mat_mat5
f 1053 1054 1055
usemtl Patch_585_Mat_mat5
f 1054 1053 1056
usemtl Patch_586_Mat_mat5
f 1056 1053 1057
usemtl Patch_587_Mat_mat5
f 1056 1057 1058

# obj231
v 378.53500366 -263.04577637 425.48577881
v 386.96411133 -109.73352051 431.39129639
v 378.92822266 -263.06637573 431.39129639
v 386.57073975 -109.71290588 425.48577881
usemtl Patch_588_Mat_mat5
f 1059 1060 1061
usemtl Patch_589_Mat_mat5
f 1060 1059 1062

# obj232
v 385.00158691 -109.63066864 424.01577759
v 386.57073975 -109.71290588 425.48577881
v 386.46606445 -109.70742035 423.91445923
v 385.00158691 -109.63066864 425.59057617
v 386.96411133 -109.73352051 431.39129639
v 385.3949585 -109.65128326 431.49609375
usemtl Patch_590_Mat_mat5
f 1063 1064 1065
usemtl Patch_591_Mat_mat5
f 1064 1063 1066
usemtl Patch_592_Mat_mat5
f 1064 1066 1067
usemtl Patch_593_Mat_mat5
f 1067 1066 1068

# obj233
v 376.96582031 -262.96353149 425.59057617
v 225.96353149 -127.70999146 435.82678223
v 220.68870544 -228.35929871 435.82678223
v 385.00158691 -109.63066864 425.59057617
usemtl Patch_594_Mat_mat5
f 1069 1070 1071
usemtl Patch_595_Mat_mat5
f 1070 1069 1072

# obj234
v 224.3966217 -127.62787628 434.38647461
v 225.58764648 -112.31491089 420.47250366
v 224.02075195 -112.23278809 420.60699463
v 225.96353149 -127.70999146 434.25198364
usemtl Patch_596_Mat_mat5
f 1073 1074 1075
usemtl Patch_597_Mat_mat5
f 1074 1073 1076

# obj235
v 225.58764648 -112.31491089 420.47250366
v 220.68870544 -228.35929871 434.25198364
v 218.70556641 -243.63072205 420.47250366
v 225.96353149 -127.70999146 434.25198364
usemtl Patch_598_Mat_mat5
f 1077 1078 1079
usemtl Patch_599_Mat_mat5
f 1078 1077 1080

# obj236
v 224.02075195 -112.23278809 420.60699463
v 218.70556641 -243.63072205 420.47250366
v 217.13865662 -243.5486145 420.60699463
v 225.58764648 -112.31491089 420.47250366
usemtl Patch_600_Mat_mat5
f 1081 1082 1083
usemtl Patch_601_Mat_mat5
f 1082 1081 1084

# obj237
v 218.70556641 -243.63072205 420.47250366
v 219.12181091 -228.2771759 434.38647461
v 217.13865662 -243.5486145 420.60699463
v 220.68870544 -228.35929871 434.25198364
usemtl Patch_602_Mat_mat5
f 1085 1086 1087
usemtl Patch_603_Mat_mat5
f 1086 1085 1088

# obj238
v 225.96353149 -127.70999146 434.25198364
v 385.00158691 -109.63066864 425.59057617
v 385.00158691 -109.63066864 424.01577759
v 225.96353149 -127.70999146 435.82678223
usemtl Patch_604_Mat_mat5
f 1089 1090 1091
usemtl Patch_605_Mat_mat5
f 1090 1089 1092

# obj239
v 376.96582031 -262.96353149 425.59057617
v 220.68870544 -228.35929871 434.25198364
v 376.96582031 -262.96353149 424.01577759
v 220.68870544 -228.35929871 435.82678223
usemtl Patch_606_Mat_mat5
f 1093 1094 1095
usemtl Patch_607_Mat_mat5
f 1094 1093 1096

# obj240
v 379.29632568 -135.74583435 450.39370728
v 529.74072266 -274.1239624 435.82678223
v 374.02157593 -236.39508057 450.39370728
v 538.10632324 -114.50061035 435.82678223
usemtl Patch_608_Mat_mat5
f 1097 1098 1099
usemtl Patch_609_Mat_mat5
f 1098 1097 1100

# obj241
v 530.27032471 -143.65803528 466.53549194
v 680.54974365 -285.18148804 447.63781738
v 524.99542236 -244.30729675 466.53549194
v 689.24511719 -119.26750946 447.63781738
usemtl Patch_610_Mat_mat5
f 1101 1102 1103
usemtl Patch_611_Mat_mat5
f 1102 1101 1104

# obj242
v 680.54974365 -285.18148804 449.21261597
v 530.27032471 -143.65803528 468.11029053
v 524.99542236 -244.30729675 468.11029053
v 689.24511719 -119.26750946 449.21261597
usemtl Patch_612_Mat_mat5
f 1105 1106 1107
usemtl Patch_613_Mat_mat5
f 1106 1105 1108

# obj243
v 529.74072266 -274.1239624 437.40161133
v 379.29632568 -135.74583435 451.96853638
v 374.02157593 -236.39508057 451.96853638
v 538.10632324 -114.50061035 437.40161133
usemtl Patch_614_Mat_mat5
f 1109 1110 1111
usemtl Patch_615_Mat_mat5
f 1110 1109 1112

# obj244
v 225.96353149 -127.70999146 434.25198364
v 376.96582031 -262.96353149 424.01577759
v 220.68870544 -228.35929871 434.25198364
v 385.00158691 -109.63066864 424.01577759
usemtl Patch_616_Mat_mat5
f 1113 1114 1115
usemtl Patch_617_Mat_mat5
f 1114 1113 1116

# obj245
v 682.0098877 -285.25802612 448.62780762
v 680.54974365 -285.18148804 447.63781738
v 682.0098877 -285.25802612 447.63781738
v 680.54974365 -285.18148804 449.21261597
usemtl Patch_618_Mat_mat5
f 1117 1118 1119
usemtl Patch_619_Mat_mat5
f 1118 1117 1120

# obj246
v 374.02157593 -236.39508057 451.96853638
v 372.45776367 -236.31312561 450.56030273
v 374.02157593 -236.39508057 450.39370728
v 372.45776367 -236.31312561 452.13510132
usemtl Patch_620_Mat_mat5
f 1121 1122 1123
usemtl Patch_621_Mat_mat5
f 1122 1121 1124

# obj247
v 379.29632568 -135.74583435 450.39370728
v 538.10632324 -114.50061035 437.40161133
v 538.10632324 -114.50061035 435.82678223
v 379.29632568 -135.74583435 451.96853638
usemtl Patch_622_Mat_mat5
f 1125 1126 1127
usemtl Patch_623_Mat_mat5
f 1126 1125 1128

# obj248
v 385.00158691 -109.63066864 424.01577759
v 378.43035889 -263.04031372 423.91445923
v 376.96582031 -262.96353149 424.01577759
v 386.46606445 -109.70742035 423.91445923
usemtl Patch_624_Mat_mat5
f 1129 1130 1131
usemtl Patch_625_Mat_mat5
f 1130 1129 1132

# obj249
v 378.43035889 -263.04031372 423.91445923
v 386.57073975 -109.71290588 425.48577881
v 378.53500366 -263.04577637 425.48577881
v 386.46606445 -109.70742035 423.91445923
usemtl Patch_626_Mat_mat5
f 1133 1134 1135
usemtl Patch_627_Mat_mat5
f 1134 1133 1136

# obj250
v 233.07661438 -104.82254791 411.4173584
v 226.85827637 -251.94282532 411.33673096
v 225.37046814 -251.86483765 411.4173584
v 234.56440735 -104.90052032 411.33673096
usemtl Patch_628_Mat_mat5
f 1137 1138 1139
usemtl Patch_629_Mat_mat5
f 1138 1137 1140

# obj251
v 226.85827637 -251.94282532 411.33673096
v 235.04034424 -104.92547607 420.38970947
v 227.33410645 -251.96769714 420.38970947
v 234.56440735 -104.90052032 411.33673096
usemtl Patch_630_Mat_mat5
f 1141 1142 1143
usemtl Patch_631_Mat_mat5
f 1142 1141 1144

# obj252
v 227.33410645 -251.96769714 420.38970947
v 225.37046814 -251.86483765 411.4173584
v 226.85827637 -251.94282532 411.33673096
v 225.37046814 -251.86483765 412.99215698
v 225.76364136 -251.88539124 420.47250366
usemtl Patch_632_Mat_mat5
f 1145 1146 1147
usemtl Patch_633_Mat_mat5
f 1146 1145 1148
usemtl Patch_634_Mat_mat5
f 1148 1145 1149

# obj253
v 221.17868042 -106.17019653 412.20477295
v 225.37046814 -251.86483765 411.4173584
v 213.67866516 -249.28085327 412.20477295
v 233.07661438 -104.82254791 411.4173584
usemtl Patch_635_Mat_mat5
f 1150 1151 1152
usemtl Patch_636_Mat_mat5
f 1151 1150 1153

# obj254
v 233.07661438 -104.82254791 411.4173584
v 235.04034424 -104.92547607 420.38970947
v 234.56440735 -104.90052032 411.33673096
v 233.07661438 -104.82254791 412.99215698
v 233.46986389 -104.84317017 420.47250366
usemtl Patch_637_Mat_mat5
f 1154 1155 1156
usemtl Patch_638_Mat_mat5
f 1155 1154 1157
usemtl Patch_639_Mat_mat5
f 1155 1157 1158

# obj255
v 684.65734863 -279.87747192 454.53329468
v 691.31524658 -124.89538574 455.11813354
v 683.19720459 -279.80096436 455.11813354
v 692.77545166 -124.9719162 454.53329468
usemtl Patch_640_Mat_mat5
f 1159 1160 1161
usemtl Patch_641_Mat_mat5
f 1160 1159 1162

# obj256
v 683.19720459 -279.80096436 455.11813354
v 689.24511719 -119.26750946 449.21261597
v 680.54974365 -285.18148804 449.21261597
v 691.31524658 -124.89538574 455.11813354
usemtl Patch_642_Mat_mat5
f 1163 1164 1165
usemtl Patch_643_Mat_mat5
f 1164 1163 1166

# obj257
v 684.65734863 -279.87747192 454.53329468
v 680.54974365 -285.18148804 449.21261597
v 682.0098877 -285.25802612 448.62780762
v 683.19720459 -279.80096436 455.11813354
usemtl Patch_644_Mat_mat5
f 1167 1168 1169
usemtl Patch_645_Mat_mat5
f 1168 1167 1170

# obj258
v 690.70532227 -119.34403229 448.62780762
v 684.65734863 -279.87747192 454.53329468
v 682.0098877 -285.25802612 448.62780762
v 692.77545166 -124.9719162 454.53329468
usemtl Patch_646_Mat_mat5
f 1171 1172 1173
usemtl Patch_647_Mat_mat5
f 1172 1171 1174

# obj259
v 529.74072266 -274.1239624 437.40161133
v 374.02157593 -236.39508057 450.39370728
v 529.74072266 -274.1239624 435.82678223
v 374.02157593 -236.39508057 451.96853638
usemtl Patch_648_Mat_mat5
f 1175 1176 1177
usemtl Patch_649_Mat_mat5
f 1176 1175 1178

# obj260
v 374.02157593 -236.39508057 451.96853638
v 377.73251343 -135.66387939 452.13510132
v 372.45776367 -236.31312561 452.13510132
v 379.29632568 -135.74583435 451.96853638
usemtl Patch_650_Mat_mat5
f 1179 1180 1181
usemtl Patch_651_Mat_mat5
f 1180 1179 1182

# obj261
v 377.73251343 -135.66387939 452.13510132
v 372.45776367 -236.31312561 450.56030273
v 372.45776367 -236.31312561 452.13510132
v 377.73251343 -135.66387939 450.56030273
usemtl Patch_652_Mat_mat5
f 1183 1184 1185
usemtl Patch_653_Mat_mat5
f 1184 1183 1186

# obj262
v 227.33410645 -251.96769714 420.38970947
v 233.46986389 -104.84317017 420.47250366
v 225.76364136 -251.88539124 420.47250366
v 235.04034424 -104.92547607 420.38970947
usemtl Patch_654_Mat_mat5
f 1187 1188 1189
usemtl Patch_655_Mat_mat5
f 1188 1187 1190

# obj263
v 233.46986389 -104.84317017 420.47250366
v 225.37046814 -251.86483765 412.99215698
v 225.76364136 -251.88539124 420.47250366
v 233.07661438 -104.82254791 412.99215698
usemtl Patch_656_Mat_mat5
f 1191 1192 1193
usemtl Patch_657_Mat_mat5
f 1192 1191 1194

# obj264
v -77.07588196 -111.59265137 403.93704224
v -82.35068512 -212.24189758 402.36224365
v -82.35068512 -212.24189758 403.93704224
v -77.07588196 -111.59265137 402.36224365
usemtl Patch_658_Mat_mat5
f 1195 1196 1197
usemtl Patch_659_Mat_mat5
f 1196 1195 1198

# obj265
v -77.07588196 -111.59265137 402.36224365
v 30.40928078 -242.20013428 400.78744507
v -82.35068512 -212.24189758 402.36224365
v -6.20982409 -100.52230835 401.39413452
v 38.19785309 -93.5851593 400.78744507
usemtl Patch_660_Mat_mat5
f 1199 1200 1201
usemtl Patch_661_Mat_mat5
f 1200 1199 1202
usemtl Patch_662_Mat_mat5
f 1200 1202 1203

# obj266
v 30.40928078 -242.20013428 402.36224365
v -82.35068512 -212.24189758 402.36224365
v 30.40928078 -242.20013428 400.78744507
v -82.35068512 -212.24189758 403.93704224
usemtl Patch_663_Mat_mat5
f 1204 1205 1206
usemtl Patch_664_Mat_mat5
f 1205 1204 1207

# obj267
v 30.40928078 -242.20013428 402.36224365
v -77.07588196 -111.59265137 403.93704224
v -82.35068512 -212.24189758 403.93704224
v -6.20982409 -100.52230835 402.96893311
v 38.19785309 -93.5851593 402.36224365
usemtl Patch_665_Mat_mat5
f 1208 1209 1210
usemtl Patch_666_Mat_mat5
f 1209 1208 1211
usemtl Patch_667_Mat_mat5
f 1211 1208 1212

# obj268
v 68.53531647 -220.38525391 420.07876587
v 72.23857117 -119.65361786 420.07876587
v 66.96375275 -220.30288696 420.07876587
v 73.81014252 -119.73597717 420.07876587
usemtl Patch_668_Mat_mat5
f 1213 1214 1215
usemtl Patch_669_Mat_mat5
f 1214 1213 1216

# obj269
v 72.23857117 -119.65361786 420.07876587
v 66.96375275 -220.30288696 418.56225586
v 66.96375275 -220.30288696 420.07876587
v 72.23857117 -119.65361786 418.56225586
usemtl Patch_670_Mat_mat5
f 1217 1218 1219
usemtl Patch_671_Mat_mat5
f 1218 1217 1220

# obj270
v 68.53531647 -220.38525391 420.07876587
v 66.96375275 -220.30288696 418.56225586
v 68.53531647 -220.38525391 418.50396729
v 66.96375275 -220.30288696 420.07876587
usemtl Patch_672_Mat_mat5
f 1221 1222 1223
usemtl Patch_673_Mat_mat5
f 1222 1221 1224

# obj271
v 181.17170715 -252.7024231 414.96066284
v 73.81014252 -119.73597717 420.07876587
v 68.53531647 -220.38525391 420.07876587
v 189.20747375 -99.36952209 414.96066284
usemtl Patch_674_Mat_mat5
f 1225 1226 1227
usemtl Patch_675_Mat_mat5
f 1226 1225 1228

# obj272
v 72.23857117 -119.65361786 418.56225586
v 73.81014252 -119.73597717 420.07876587
v 73.81014252 -119.73597717 418.50396729
v 72.23857117 -119.65361786 420.07876587
usemtl Patch_676_Mat_mat5
f 1229 1230 1231
usemtl Patch_677_Mat_mat5
f 1230 1229 1232

# obj273
v 66.96375275 -220.30288696 418.56225586
v 72.50482941 -107.05183411 407.93231201
v 65.91131592 -232.86349487 407.93231201
v 72.23857117 -119.65361786 418.56225586
usemtl Patch_678_Mat_mat5
f 1233 1234 1235
usemtl Patch_679_Mat_mat5
f 1234 1233 1236

# obj274
v 67.48288727 -232.94586182 407.87402344
v 66.96375275 -220.30288696 418.56225586
v 65.91131592 -232.86349487 407.93231201
v 68.53531647 -220.38525391 418.50396729
usemtl Patch_680_Mat_mat5
f 1237 1238 1239
usemtl Patch_681_Mat_mat5
f 1238 1237 1240

# obj275
v 181.17170715 -252.7024231 414.96066284
v 68.53531647 -220.38525391 418.50396729
v 181.17170715 -252.7024231 413.38586426
v 68.53531647 -220.38525391 420.07876587
usemtl Patch_682_Mat_mat5
f 1241 1242 1243
usemtl Patch_683_Mat_mat5
f 1242 1241 1244

# obj276
v 156.97981262 -105.05738068 414.81521606
v 189.20747375 -99.36952209 414.96066284
v 189.20747375 -99.36952209 413.38586426
v 73.81014252 -119.73597717 418.50396729
v 73.81014252 -119.73597717 420.07876587
usemtl Patch_684_Mat_mat5
f 1245 1246 1247
usemtl Patch_685_Mat_mat5
f 1246 1245 1248
usemtl Patch_686_Mat_mat5
f 1246 1248 1249

# obj277
v 73.81014252 -119.73597717 418.50396729
v 72.50482941 -107.05183411 407.93231201
v 72.23857117 -119.65361786 418.56225586
v 74.07640076 -107.13419342 407.87402344
usemtl Patch_687_Mat_mat5
f 1250 1251 1252
usemtl Patch_688_Mat_mat5
f 1251 1250 1253

# obj278
v 189.20747375 -99.36952209 413.38586426
v 213.67866516 -249.28085327 412.20477295
v 181.17170715 -252.7024231 413.38586426
v 199.6269989 -101.58588409 413.00094604
v 221.17868042 -106.17019653 412.20477295
usemtl Patch_689_Mat_mat5
f 1254 1255 1256
usemtl Patch_690_Mat_mat5
f 1255 1254 1257
usemtl Patch_691_Mat_mat5
f 1255 1257 1258

# obj279
v 213.67866516 -249.28085327 413.77957153
v 181.17170715 -252.7024231 413.38586426
v 213.67866516 -249.28085327 412.20477295
v 181.17170715 -252.7024231 414.96066284
usemtl Patch_692_Mat_mat5
f 1259 1260 1261
usemtl Patch_693_Mat_mat5
f 1260 1259 1262

# obj280
v 73.81014252 -119.73597717 418.50396729
v 181.17170715 -252.7024231 413.38586426
v 68.53531647 -220.38525391 418.50396729
v 156.97981262 -105.05738068 414.81521606
v 189.20747375 -99.36952209 413.38586426
usemtl Patch_694_Mat_mat5
f 1263 1264 1265
usemtl Patch_695_Mat_mat5
f 1264 1263 1266
usemtl Patch_696_Mat_mat5
f 1264 1266 1267

# obj281
v 199.6269989 -101.58588409 413.00094604
v 221.17868042 -106.17019653 413.77957153
v 221.17868042 -106.17019653 412.20477295
v 189.20747375 -99.36952209 413.38586426
v 199.6269989 -101.58588409 414.57574463
v 189.20747375 -99.36952209 414.96066284
usemtl Patch_697_Mat_mat5
f 1268 1269 1270
usemtl Patch_698_Mat_mat5
f 1269 1268 1271
usemtl Patch_699_Mat_mat5
f 1269 1271 1272
usemtl Patch_700_Mat_mat5
f 1272 1271 1273

# obj282
v 74.07640076 -107.13419342 407.87402344
v 68.53531647 -220.38525391 418.50396729
v 67.48288727 -232.94586182 407.87402344
v 73.81014252 -119.73597717 418.50396729
usemtl Patch_701_Mat_mat5
f 1274 1275 1276
usemtl Patch_702_Mat_mat5
f 1275 1274 1277

# obj283
v 72.50482941 -107.05183411 407.93231201
v 67.48288727 -232.94586182 407.87402344
v 65.91131592 -232.86349487 407.93231201
v 74.07640076 -107.13419342 407.87402344
usemtl Patch_703_Mat_mat5
f 1278 1279 1280
usemtl Patch_704_Mat_mat5
f 1279 1278 1281

# obj284
v 213.67866516 -249.28085327 413.77957153
v 189.20747375 -99.36952209 414.96066284
v 181.17170715 -252.7024231 414.96066284
v 199.6269989 -101.58588409 414.57574463
v 221.17868042 -106.17019653 413.77957153
usemtl Patch_705_Mat_mat5
f 1282 1283 1284
usemtl Patch_706_Mat_mat5
f 1283 1282 1285
usemtl Patch_707_Mat_mat5
f 1285 1282 1286

# obj285
v 225.37046814 -251.86483765 412.99215698
v 221.17868042 -106.17019653 413.77957153
v 213.67866516 -249.28085327 413.77957153
v 233.07661438 -104.82254791 412.99215698
usemtl Patch_708_Mat_mat5
f 1287 1288 1289
usemtl Patch_709_Mat_mat5
f 1288 1287 1290

# obj286
v 221.17868042 -106.17019653 412.20477295
v 233.07661438 -104.82254791 412.99215698
v 233.07661438 -104.82254791 411.4173584
v 221.17868042 -106.17019653 413.77957153
usemtl Patch_710_Mat_mat5
f 1291 1292 1293
usemtl Patch_711_Mat_mat5
f 1292 1291 1294

# obj287
v 225.37046814 -251.86483765 412.99215698
v 213.67866516 -249.28085327 412.20477295
v 225.37046814 -251.86483765 411.4173584
v 213.67866516 -249.28085327 413.77957153
usemtl Patch_712_Mat_mat5
f 1295 1296 1297
usemtl Patch_713_Mat_mat5
f 1296 1295 1298

# obj288
v -73.90927887 -230.26663208 388.18899536
v -75.48192596 -230.18421936 386.61419678
v -73.90927887 -230.26663208 386.61419678
v -75.48192596 -230.18421936 388.18899536
usemtl Patch_714_Mat_mat5
f 1299 1300 1301
usemtl Patch_715_Mat_mat5
f 1300 1299 1302

# obj289
v -75.48192596 -230.18421936 388.18899536
v -233.20466614 -208.11988831 386.61419678
v -75.48192596 -230.18421936 386.61419678
v -233.20466614 -208.11988831 388.18899536
usemtl Patch_716_Mat_mat5
f 1303 1304 1305
usemtl Patch_717_Mat_mat5
f 1304 1303 1306

# obj290
v -227.55900574 -100.39373016 386.61419678
v -75.48192596 -230.18421936 386.61419678
v -233.20466614 -208.11988831 386.61419678
v -68.39394379 -94.93677521 386.61419678
v -73.90927887 -230.26663208 386.61419678
v -66.82129669 -95.01918793 386.61419678
usemtl Patch_718_Mat_mat5
f 1307 1308 1309
usemtl Patch_719_Mat_mat5
f 1308 1307 1310
usemtl Patch_720_Mat_mat5
f 1308 1310 1311
usemtl Patch_721_Mat_mat5
f 1311 1310 1312

# obj291
v -66.82129669 -95.01918793 386.61419678
v -73.90927887 -230.26663208 388.18899536
v -73.90927887 -230.26663208 386.61419678
v -73.90927887 -230.26663208 394.48822021
v -66.83696747 -95.31821442 394.48822021
v -66.82129669 -95.01918793 394.48822021
usemtl Patch_722_Mat_mat5
f 1313 1314 1315
usemtl Patch_723_Mat_mat5
f 1314 1313 1316
usemtl Patch_724_Mat_mat5
f 1316 1313 1317
usemtl Patch_725_Mat_mat5
f 1317 1313 1318

# obj292
v -73.90927887 -230.26663208 394.48822021
v -75.48192596 -230.18421936 388.18899536
v -73.90927887 -230.26663208 388.18899536
v -75.48192596 -230.18421936 394.48822021
usemtl Patch_726_Mat_mat5
f 1319 1320 1321
usemtl Patch_727_Mat_mat5
f 1320 1319 1322

# obj293
v -233.20466614 -208.11988831 388.18899536
v -227.55900574 -100.39373016 386.61419678
v -233.20466614 -208.11988831 386.61419678
v -227.55900574 -100.39373016 388.18899536
usemtl Patch_728_Mat_mat5
f 1323 1324 1325
usemtl Patch_729_Mat_mat5
f 1324 1323 1326

# obj294
v -75.48192596 -230.18421936 388.18899536
v -227.55900574 -100.39373016 388.18899536
v -233.20466614 -208.11988831 388.18899536
v -68.39394379 -94.93677521 388.18899536
usemtl Patch_730_Mat_mat5
f 1327 1328 1329
usemtl Patch_731_Mat_mat5
f 1328 1327 1330

# obj295
v -68.39394379 -94.93677521 388.18899536
v -66.82129669 -95.01918793 386.61419678
v -68.39394379 -94.93677521 386.61419678
v -66.82129669 -95.01918793 394.48822021
v -68.39394379 -94.93677521 394.48822021
usemtl Patch_732_Mat_mat5
f 1331 1332 1333
usemtl Patch_733_Mat_mat5
f 1332 1331 1334
usemtl Patch_734_Mat_mat5
f 1334 1331 1335

# obj296
v -68.40961456 -95.23579407 394.48822021
v -75.48192596 -230.18421936 388.18899536
v -75.48192596 -230.18421936 394.48822021
v -68.39394379 -94.93677521 388.18899536
v -68.39394379 -94.93677521 394.48822021
usemtl Patch_735_Mat_mat5
f 1336 1337 1338
usemtl Patch_736_Mat_mat5
f 1337 1336 1339
usemtl Patch_737_Mat_mat5
f 1339 1336 1340

# obj297
v -66.83696747 -95.31821442 394.48822021
v -68.39394379 -94.93677521 394.48822021
v -68.40961456 -95.23579407 394.48822021
v -66.82129669 -95.01918793 394.48822021
usemtl Patch_738_Mat_mat5
f 1341 1342 1343
usemtl Patch_739_Mat_mat5
f 1342 1341 1344

# obj298
v -227.55900574 -100.39373016 388.18899536
v -68.39394379 -94.93677521 386.61419678
v -227.55900574 -100.39373016 386.61419678
v -68.39394379 -94.93677521 388.18899536
usemtl Patch_740_Mat_mat5
f 1345 1346 1347
usemtl Patch_741_Mat_mat5
f 1346 1345 1348

# obj299
v -73.90927887 -230.26663208 394.48822021
v -68.40961456 -95.23579407 394.48822021
v -75.48192596 -230.18421936 394.48822021
v -66.83696747 -95.31821442 394.48822021
usemtl Patch_742_Mat_mat5
f 1349 1350 1351
usemtl Patch_743_Mat_mat5
f 1350 1349 1352

# obj300
v 821.54193115 -82.67709351 433.27664185
v 820.07849121 -82.67709351 432.28347778
v 821.54193115 -82.67709351 431.70184326
v 820.07849121 -82.67709351 433.85827637
usemtl Patch_744_Mat_mat5
f 1353 1354 1355
usemtl Patch_745_Mat_mat5
f 1354 1353 1356

# obj301
v 821.54193115 -0 431.70184326
v 820.07849121 -82.67709351 432.28347778
v 820.07849121 -0 432.28347778
v 821.54193115 -82.67709351 431.70184326
usemtl Patch_746_Mat_mat5
f 1357 1358 1359
usemtl Patch_747_Mat_mat5
f 1358 1357 1360

# obj302
v 821.54193115 -0 431.70184326
v 821.54193115 -82.67709351 433.27664185
v 821.54193115 -82.67709351 431.70184326
v 821.54193115 -0 433.27664185
usemtl Patch_748_Mat_mat5
f 1361 1362 1363
usemtl Patch_749_Mat_mat5
f 1362 1361 1364

# obj303
v 833.74682617 -60.23617935 463.98535156
v 820.07849121 -82.67709351 433.85827637
v 821.54193115 -82.67709351 433.27664185
v 832.28338623 -60.23617935 464.56698608
usemtl Patch_750_Mat_mat5
f 1365 1366 1367
usemtl Patch_751_Mat_mat5
f 1366 1365 1368

# obj304
v 820.07849121 -82.67709351 433.85827637
v 692.1260376 -50.39367676 483.07089233
v 820.07849121 -82.67709351 432.28347778
v 692.1260376 -50.39367676 484.64569092
usemtl Patch_752_Mat_mat5
f 1369 1370 1371
usemtl Patch_753_Mat_mat5
f 1370 1369 1372

# obj305
v 692.80065918 -77.55905914 454.53329468
v 688.97619629 -83.07078552 449.21261597
v 690.43841553 -83.07078552 448.62780762
v 691.33850098 -77.55905914 455.11813354
usemtl Patch_754_Mat_mat5
f 1373 1374 1375
usemtl Patch_755_Mat_mat5
f 1374 1373 1376

# obj306
v 691.33850098 -77.55905914 455.11813354
v 688.97619629 -0 449.21261597
v 688.97619629 -83.07078552 449.21261597
v 691.33850098 -0 455.11813354
usemtl Patch_756_Mat_mat5
f 1377 1378 1379
usemtl Patch_757_Mat_mat5
f 1378 1377 1380

# obj307
v 690.43841553 -83.07078552 448.62780762
v 688.97619629 -83.07078552 447.63781738
v 690.43841553 -83.07078552 447.63781738
v 688.97619629 -83.07078552 449.21261597
usemtl Patch_758_Mat_mat5
f 1381 1382 1383
usemtl Patch_759_Mat_mat5
f 1382 1381 1384

# obj308
v 690.43841553 -0 448.62780762
v 692.80065918 -77.55905914 454.53329468
v 690.43841553 -83.07078552 448.62780762
v 692.80065918 -0 454.53329468
usemtl Patch_760_Mat_mat5
f 1385 1386 1387
usemtl Patch_761_Mat_mat5
f 1386 1385 1388

# obj309
v 691.33850098 -77.55905914 455.11813354
v 692.80065918 -0 454.53329468
v 691.33850098 -0 455.11813354
v 692.80065918 -77.55905914 454.53329468
usemtl Patch_762_Mat_mat5
f 1389 1390 1391
usemtl Patch_763_Mat_mat5
f 1390 1389 1392

# obj310
v 539.35784912 -79.92114258 437.20632935
v 538.58239746 -72.04721069 443.70080566
v 537.79522705 -79.92114258 437.40161133
v 540.14508057 -72.04721069 443.50552368
usemtl Patch_764_Mat_mat5
f 1393 1394 1395
usemtl Patch_765_Mat_mat5
f 1394 1393 1396

# obj311
v 538.58239746 -72.04721069 443.70080566
v 537.79522705 -0 437.40161133
v 537.79522705 -79.92114258 437.40161133
v 538.58239746 -0 443.70080566
usemtl Patch_766_Mat_mat5
f 1397 1398 1399
usemtl Patch_767_Mat_mat5
f 1398 1397 1400

# obj312
v 539.35784912 -79.92114258 437.20632935
v 537.79522705 -79.92114258 435.82678223
v 539.35784912 -79.92114258 435.6282959
v 537.79522705 -79.92114258 437.40161133
usemtl Patch_768_Mat_mat5
f 1401 1402 1403
usemtl Patch_769_Mat_mat5
f 1402 1401 1404

# obj313
v 539.35784912 -0 437.20632935
v 540.14508057 -72.04721069 443.50552368
v 539.35784912 -79.92114258 437.20632935
v 540.14508057 -0 443.50552368
usemtl Patch_770_Mat_mat5
f 1405 1406 1407
usemtl Patch_771_Mat_mat5
f 1406 1405 1408

# obj314
v 538.58239746 -72.04721069 443.70080566
v 540.14508057 -0 443.50552368
v 538.58239746 -0 443.70080566
v 540.14508057 -72.04721069 443.50552368
usemtl Patch_772_Mat_mat5
f 1409 1410 1411
usemtl Patch_773_Mat_mat5
f 1410 1409 1412

# obj315
v 820.07849121 -0 432.28347778
v 692.1260376 -50.39367676 483.07089233
v 692.1260376 -0 483.07089233
v 820.07849121 -82.67709351 432.28347778
usemtl Patch_774_Mat_mat5
f 1413 1414 1415
usemtl Patch_775_Mat_mat5
f 1414 1413 1416

# obj316
v 692.1260376 -50.39367676 484.64569092
v 820.07849121 -0 433.85827637
v 692.1260376 -0 484.64569092
v 820.07849121 -82.67709351 433.85827637
usemtl Patch_776_Mat_mat5
f 1417 1418 1419
usemtl Patch_777_Mat_mat5
f 1418 1417 1420

# obj317
v 692.1260376 -50.39367676 484.64569092
v 690.67852783 -50.39367676 483.69122314
v 692.1260376 -50.39367676 483.07089233
v 691.24871826 -50.39367676 485.02166748
usemtl Patch_778_Mat_mat5
f 1421 1422 1423
usemtl Patch_779_Mat_mat5
f 1422 1421 1424

# obj318
v 531.49591064 -50.3936882 468.11029053
v 529.93322754 -50.3936882 466.73080444
v 531.49591064 -50.3936882 466.53549194
v 529.93322754 -50.3936882 468.30560303
usemtl Patch_780_Mat_mat5
f 1425 1426 1427
usemtl Patch_781_Mat_mat5
f 1426 1425 1428

# obj319
v 529.93322754 -50.3936882 468.30560303
v 531.49591064 -0 468.11029053
v 529.93322754 -0 468.30560303
v 531.49591064 -50.3936882 468.11029053
usemtl Patch_782_Mat_mat5
f 1429 1430 1431
usemtl Patch_783_Mat_mat5
f 1430 1429 1432

# obj320
v 529.93322754 -0 468.30560303
v 529.93322754 -50.3936882 466.73080444
v 529.93322754 -50.3936882 468.30560303
v 529.93322754 -0 466.73080444
usemtl Patch_784_Mat_mat5
f 1433 1434 1435
usemtl Patch_785_Mat_mat5
f 1434 1433 1436

# obj321
v 531.49591064 -50.3936882 466.53549194
v 527.17749023 -72.04716492 444.6835022
v 528.7401123 -72.04716492 444.4881897
v 529.93322754 -50.3936882 466.73080444
usemtl Patch_786_Mat_mat5
f 1437 1438 1439
usemtl Patch_787_Mat_mat5
f 1438 1437 1440

# obj322
v 688.97619629 -83.07078552 449.21261597
v 531.49591064 -50.3936882 466.53549194
v 688.97619629 -83.07078552 447.63781738
v 531.49591064 -50.3936882 468.11029053
usemtl Patch_788_Mat_mat5
f 1441 1442 1443
usemtl Patch_789_Mat_mat5
f 1442 1441 1444

# obj323
v 225.59040833 -65.74801636 420.47250366
v 225.20254517 -50.39373016 434.38647461
v 224.0213623 -65.74801636 420.60699463
v 226.77159119 -50.39373016 434.25198364
usemtl Patch_790_Mat_mat5
f 1445 1446 1447
usemtl Patch_791_Mat_mat5
f 1446 1445 1448

# obj324
v 225.59040833 -0 420.47250366
v 226.77159119 -50.39373016 434.25198364
v 225.59040833 -65.74801636 420.47250366
v 226.77159119 -0 434.25198364
usemtl Patch_792_Mat_mat5
f 1449 1450 1451
usemtl Patch_793_Mat_mat5
f 1450 1449 1452

# obj325
v 226.77159119 -50.39373016 435.82678223
v 225.20254517 -50.39373016 434.38647461
v 226.77159119 -50.39373016 434.25198364
v 225.20254517 -50.39373016 435.96130371
usemtl Patch_794_Mat_mat5
f 1453 1454 1455
usemtl Patch_795_Mat_mat5
f 1454 1453 1456

# obj326
v 225.20254517 -50.39373016 434.38647461
v 224.0213623 -0 420.60699463
v 224.0213623 -65.74801636 420.60699463
v 225.20254517 -0 434.38647461
usemtl Patch_796_Mat_mat5
f 1457 1458 1459
usemtl Patch_797_Mat_mat5
f 1458 1457 1460

# obj327
v 225.59040833 -0 420.47250366
v 224.0213623 -65.74801636 420.60699463
v 224.0213623 -0 420.60699463
v 225.59040833 -65.74801636 420.47250366
usemtl Patch_798_Mat_mat5
f 1461 1462 1463
usemtl Patch_799_Mat_mat5
f 1462 1461 1464

# obj328
v 225.20254517 -50.39373016 435.96130371
v 226.77159119 -0 435.82678223
v 225.20254517 -0 435.96130371
v 226.77159119 -50.39373016 435.82678223
usemtl Patch_800_Mat_mat5
f 1465 1466 1467
usemtl Patch_801_Mat_mat5
f 1466 1465 1468

# obj329
v 225.20254517 -0 435.96130371
v 225.20254517 -50.39373016 434.38647461
v 225.20254517 -50.39373016 435.96130371
v 225.20254517 -0 434.38647461
usemtl Patch_802_Mat_mat5
f 1469 1470 1471
usemtl Patch_803_Mat_mat5
f 1470 1469 1472

# obj330
v 384.64559937 -76.77163696 425.59057617
v 226.77159119 -50.39373016 434.25198364
v 384.64559937 -76.77163696 424.01577759
v 226.77159119 -50.39373016 435.82678223
usemtl Patch_804_Mat_mat5
f 1473 1474 1475
usemtl Patch_805_Mat_mat5
f 1474 1473 1476

# obj331
v 528.7401123 -0 444.4881897
v 531.49591064 -50.3936882 466.53549194
v 528.7401123 -72.04716492 444.4881897
v 531.49591064 -0 466.53549194
usemtl Patch_806_Mat_mat5
f 1477 1478 1479
usemtl Patch_807_Mat_mat5
f 1478 1477 1480

# obj332
v 529.93322754 -50.3936882 466.73080444
v 527.17749023 -0 444.6835022
v 527.17749023 -72.04716492 444.6835022
v 529.93322754 -0 466.73080444
usemtl Patch_808_Mat_mat5
f 1481 1482 1483
usemtl Patch_809_Mat_mat5
f 1482 1481 1484

# obj333
v 528.7401123 -0 444.4881897
v 527.17749023 -72.04716492 444.6835022
v 527.17749023 -0 444.6835022
v 528.7401123 -72.04716492 444.4881897
usemtl Patch_810_Mat_mat5
f 1485 1486 1487
usemtl Patch_811_Mat_mat5
f 1486 1485 1488

# obj334
v 384.64559937 -0 424.01577759
v 226.77159119 -50.39373016 434.25198364
v 226.77159119 -0 434.25198364
v 384.64559937 -76.77163696 424.01577759
usemtl Patch_812_Mat_mat5
f 1489 1490 1491
usemtl Patch_813_Mat_mat5
f 1490 1489 1492

# obj335
v 386.21688843 -76.77163696 425.48577881
v 384.64559937 -76.77163696 424.01577759
v 386.11212158 -76.77164459 423.91445923
v 384.64559937 -76.77163696 425.59057617
v 386.61065674 -76.77161407 431.39129639
v 385.03933716 -76.77161407 431.49609375
usemtl Patch_814_Mat_mat5
f 1493 1494 1495
usemtl Patch_815_Mat_mat5
f 1494 1493 1496
usemtl Patch_816_Mat_mat5
f 1496 1493 1497
usemtl Patch_817_Mat_mat5
f 1496 1497 1498

# obj336
v 226.77159119 -50.39373016 435.82678223
v 384.64559937 -0 425.59057617
v 226.77159119 -0 435.82678223
v 384.64559937 -76.77163696 425.59057617
usemtl Patch_818_Mat_mat5
f 1499 1500 1501
usemtl Patch_819_Mat_mat5
f 1500 1499 1502

# obj337
v 832.28338623 -60.23617935 464.56698608
v 820.07849121 -0 433.85827637
v 820.07849121 -82.67709351 433.85827637
v 832.28338623 -0 464.56698608
usemtl Patch_820_Mat_mat5
f 1503 1504 1505
usemtl Patch_821_Mat_mat5
f 1504 1503 1506

# obj338
v 821.54193115 -0 433.27664185
v 833.74682617 -60.23617935 463.98535156
v 821.54193115 -82.67709351 433.27664185
v 833.74682617 -0 463.98535156
usemtl Patch_822_Mat_mat5
f 1507 1508 1509
usemtl Patch_823_Mat_mat5
f 1508 1507 1510

# obj339
v 832.28338623 -60.23617935 464.56698608
v 833.74682617 -0 463.98535156
v 832.28338623 -0 464.56698608
v 833.74682617 -60.23617935 463.98535156
usemtl Patch_824_Mat_mat5
f 1511 1512 1513
usemtl Patch_825_Mat_mat5
f 1512 1511 1514

# obj340
v 380.31488037 -50.39367294 450.39370728
v 376.78036499 -68.89762115 432.05639648
v 378.34631348 -68.89762115 431.88980103
v 378.74893188 -50.39367294 450.56030273
usemtl Patch_826_Mat_mat5
f 1515 1516 1517
usemtl Patch_827_Mat_mat5
f 1516 1515 1518

# obj341
v 378.34631348 -0 431.88980103
v 380.31488037 -50.39367294 450.39370728
v 378.34631348 -68.89762115 431.88980103
v 380.31488037 -0 450.39370728
usemtl Patch_828_Mat_mat5
f 1519 1520 1521
usemtl Patch_829_Mat_mat5
f 1520 1519 1522

# obj342
v 380.31488037 -50.39367294 451.96853638
v 378.74893188 -50.39367294 450.56030273
v 380.31488037 -50.39367294 450.39370728
v 378.74893188 -50.39367294 452.13510132
usemtl Patch_830_Mat_mat5
f 1523 1524 1525
usemtl Patch_831_Mat_mat5
f 1524 1523 1526

# obj343
v 378.74893188 -50.39367294 450.56030273
v 376.78036499 -0 432.05639648
v 376.78036499 -68.89762115 432.05639648
v 378.74893188 -0 450.56030273
usemtl Patch_832_Mat_mat5
f 1527 1528 1529
usemtl Patch_833_Mat_mat5
f 1528 1527 1530

# obj344
v 378.34631348 -0 431.88980103
v 376.78036499 -68.89762115 432.05639648
v 376.78036499 -0 432.05639648
v 378.34631348 -68.89762115 431.88980103
usemtl Patch_834_Mat_mat5
f 1531 1532 1533
usemtl Patch_835_Mat_mat5
f 1532 1531 1534

# obj345
v 537.79522705 -79.92114258 437.40161133
v 380.31488037 -50.39367294 450.39370728
v 537.79522705 -79.92114258 435.82678223
v 380.31488037 -50.39367294 451.96853638
usemtl Patch_836_Mat_mat5
f 1535 1536 1537
usemtl Patch_837_Mat_mat5
f 1536 1535 1538

# obj346
v 537.79522705 -0 435.82678223
v 380.31488037 -50.39367294 450.39370728
v 380.31488037 -0 450.39370728
v 537.79522705 -79.92114258 435.82678223
usemtl Patch_838_Mat_mat5
f 1539 1540 1541
usemtl Patch_839_Mat_mat5
f 1540 1539 1542

# obj347
v 380.31488037 -50.39367294 451.96853638
v 537.79522705 -0 437.40161133
v 380.31488037 -0 451.96853638
v 537.79522705 -79.92114258 437.40161133
usemtl Patch_840_Mat_mat5
f 1543 1544 1545
usemtl Patch_841_Mat_mat5
f 1544 1543 1546

# obj348
v 690.43841553 -0 447.63781738
v 688.97619629 -83.07078552 447.63781738
v 688.97619629 -0 447.63781738
v 690.43841553 -83.07078552 447.63781738
usemtl Patch_842_Mat_mat5
f 1547 1548 1549
usemtl Patch_843_Mat_mat5
f 1548 1547 1550

# obj349
v 690.43841553 -0 447.63781738
v 690.43841553 -83.07078552 448.62780762
v 690.43841553 -83.07078552 447.63781738
v 690.43841553 -0 448.62780762
usemtl Patch_844_Mat_mat5
f 1551 1552 1553
usemtl Patch_845_Mat_mat5
f 1552 1551 1554

# obj350
v 539.35784912 -0 435.6282959
v 537.79522705 -79.92114258 435.82678223
v 537.79522705 -0 435.82678223
v 539.35784912 -79.92114258 435.6282959
usemtl Patch_846_Mat_mat5
f 1555 1556 1557
usemtl Patch_847_Mat_mat5
f 1556 1555 1558

# obj351
v 539.35784912 -0 435.6282959
v 539.35784912 -79.92114258 437.20632935
v 539.35784912 -79.92114258 435.6282959
v 539.35784912 -0 437.20632935
usemtl Patch_848_Mat_mat5
f 1559 1560 1561
usemtl Patch_849_Mat_mat5
f 1560 1559 1562

# obj352
v 688.97619629 -0 447.63781738
v 531.49591064 -50.3936882 466.53549194
v 531.49591064 -0 466.53549194
v 688.97619629 -83.07078552 447.63781738
usemtl Patch_850_Mat_mat5
f 1563 1564 1565
usemtl Patch_851_Mat_mat5
f 1564 1563 1566

# obj353
v 531.49591064 -50.3936882 468.11029053
v 688.97619629 -0 449.21261597
v 531.49591064 -0 468.11029053
v 688.97619629 -83.07078552 449.21261597
usemtl Patch_852_Mat_mat5
f 1567 1568 1569
usemtl Patch_853_Mat_mat5
f 1568 1567 1570

# obj354
v 691.24871826 -50.39367676 485.02166748
v 692.1260376 -0 484.64569092
v 691.24871826 -0 485.02166748
v 692.1260376 -50.39367676 484.64569092
usemtl Patch_854_Mat_mat5
f 1571 1572 1573
usemtl Patch_855_Mat_mat5
f 1572 1571 1574

# obj355
v 691.24871826 -50.39367676 485.02166748
v 690.67852783 -0 483.69122314
v 690.67852783 -50.39367676 483.69122314
v 691.24871826 -0 485.02166748
usemtl Patch_856_Mat_mat5
f 1575 1576 1577
usemtl Patch_857_Mat_mat5
f 1576 1575 1578

# obj356
v 692.1260376 -50.39367676 483.07089233
v 680.04858398 -74.80311584 458.88812256
v 681.49609375 -74.80311584 458.26776123
v 690.67852783 -50.39367676 483.69122314
usemtl Patch_858_Mat_mat5
f 1579 1580 1581
usemtl Patch_859_Mat_mat5
f 1580 1579 1582

# obj357
v 74.40939331 -50.39369965 420.07876587
v 72.83566284 -50.39369965 418.56225586
v 74.40939331 -50.39369965 418.50396729
v 72.83566284 -50.39369965 420.07876587
usemtl Patch_860_Mat_mat5
f 1583 1584 1585
usemtl Patch_861_Mat_mat5
f 1584 1583 1586

# obj358
v 72.83566284 -0 420.07876587
v 72.83566284 -50.39369965 418.56225586
v 72.83566284 -50.39369965 420.07876587
v 72.83566284 -0 418.56225586
usemtl Patch_862_Mat_mat5
f 1587 1588 1589
usemtl Patch_863_Mat_mat5
f 1588 1587 1590

# obj359
v 74.01576996 -62.99218369 407.87402344
v 72.83566284 -50.39369965 418.56225586
v 72.44204712 -62.99218369 407.93231201
v 74.40939331 -50.39369965 418.50396729
usemtl Patch_864_Mat_mat5
f 1591 1592 1593
usemtl Patch_865_Mat_mat5
f 1592 1591 1594

# obj360
v 188.58276367 -76.77164459 414.96066284
v 74.40939331 -50.39369965 418.50396729
v 188.58276367 -76.77164459 413.38586426
v 74.40939331 -50.39369965 420.07876587
usemtl Patch_866_Mat_mat5
f 1595 1596 1597
usemtl Patch_867_Mat_mat5
f 1596 1595 1598

# obj361
v 72.83566284 -50.39369965 420.07876587
v 74.40939331 -0 420.07876587
v 72.83566284 -0 420.07876587
v 74.40939331 -50.39369965 420.07876587
usemtl Patch_868_Mat_mat5
f 1599 1600 1601
usemtl Patch_869_Mat_mat5
f 1600 1599 1602

# obj362
v 378.74893188 -50.39367294 452.13510132
v 380.31488037 -0 451.96853638
v 378.74893188 -0 452.13510132
v 380.31488037 -50.39367294 451.96853638
usemtl Patch_870_Mat_mat5
f 1603 1604 1605
usemtl Patch_871_Mat_mat5
f 1604 1603 1606

# obj363
v 378.74893188 -0 452.13510132
v 378.74893188 -50.39367294 450.56030273
v 378.74893188 -50.39367294 452.13510132
v 378.74893188 -0 450.56030273
usemtl Patch_872_Mat_mat5
f 1607 1608 1609
usemtl Patch_873_Mat_mat5
f 1608 1607 1610

# obj364
v 74.01576996 -0 407.87402344
v 74.40939331 -50.39369965 418.50396729
v 74.01576996 -62.99218369 407.87402344
v 74.40939331 -0 418.50396729
usemtl Patch_874_Mat_mat5
f 1611 1612 1613
usemtl Patch_875_Mat_mat5
f 1612 1611 1614

# obj365
v 72.83566284 -50.39369965 418.56225586
v 72.44204712 -0 407.93231201
v 72.44204712 -62.99218369 407.93231201
v 72.83566284 -0 418.56225586
usemtl Patch_876_Mat_mat5
f 1615 1616 1617
usemtl Patch_877_Mat_mat5
f 1616 1615 1618

# obj366
v 74.01576996 -0 407.87402344
v 72.44204712 -62.99218369 407.93231201
v 72.44204712 -0 407.93231201
v 74.01576996 -62.99218369 407.87402344
usemtl Patch_878_Mat_mat5
f 1619 1620 1621
usemtl Patch_879_Mat_mat5
f 1620 1619 1622

# obj367
v 232.67710876 -73.62203217 412.99215698
v 220.86610413 -71.65348053 412.20477295
v 232.67710876 -73.62203217 411.4173584
v 220.86610413 -71.65348053 413.77957153
usemtl Patch_880_Mat_mat5
f 1623 1624 1625
usemtl Patch_881_Mat_mat5
f 1624 1623 1626

# obj368
v 234.64344788 -73.62197876 420.38970947
v 232.67710876 -73.62203217 411.4173584
v 234.16696167 -73.62204742 411.33673096
v 232.67710876 -73.62203217 412.99215698
v 233.0708313 -73.62197876 420.47250366
usemtl Patch_882_Mat_mat5
f 1627 1628 1629
usemtl Patch_883_Mat_mat5
f 1628 1627 1630
usemtl Patch_884_Mat_mat5
f 1630 1627 1631

# obj369
v 220.86610413 -71.65348053 413.77957153
v 232.67710876 -0 412.99215698
v 220.86610413 -0 413.77957153
v 232.67710876 -73.62203217 412.99215698
usemtl Patch_885_Mat_mat5
f 1632 1633 1634
usemtl Patch_886_Mat_mat5
f 1633 1632 1635

# obj370
v 220.86610413 -71.65348053 413.77957153
v 188.58276367 -76.77164459 413.38586426
v 220.86610413 -71.65348053 412.20477295
v 188.58276367 -76.77164459 414.96066284
usemtl Patch_887_Mat_mat5
f 1636 1637 1638
usemtl Patch_888_Mat_mat5
f 1637 1636 1639

# obj371
v 232.67710876 -0 411.4173584
v 220.86610413 -71.65348053 412.20477295
v 220.86610413 -0 412.20477295
v 232.67710876 -73.62203217 411.4173584
usemtl Patch_889_Mat_mat5
f 1640 1641 1642
usemtl Patch_890_Mat_mat5
f 1641 1640 1643

# obj372
v 188.58276367 -76.77164459 414.96066284
v 220.86610413 -0 413.77957153
v 188.58276367 -0 414.96066284
v 220.86610413 -71.65348053 413.77957153
usemtl Patch_891_Mat_mat5
f 1644 1645 1646
usemtl Patch_892_Mat_mat5
f 1645 1644 1647

# obj373
v 220.86610413 -0 412.20477295
v 188.58276367 -76.77164459 413.38586426
v 188.58276367 -0 413.38586426
v 220.86610413 -71.65348053 412.20477295
usemtl Patch_893_Mat_mat5
f 1648 1649 1650
usemtl Patch_894_Mat_mat5
f 1649 1648 1651

# obj374
v 74.40939331 -50.39369965 420.07876587
v 188.58276367 -0 414.96066284
v 74.40939331 -0 420.07876587
v 188.58276367 -76.77164459 414.96066284
usemtl Patch_895_Mat_mat5
f 1652 1653 1654
usemtl Patch_896_Mat_mat5
f 1653 1652 1655

# obj375
v 188.58276367 -0 413.38586426
v 74.40939331 -50.39369965 418.50396729
v 74.40939331 -0 418.50396729
v 188.58276367 -76.77164459 413.38586426
usemtl Patch_897_Mat_mat5
f 1656 1657 1658
usemtl Patch_898_Mat_mat5
f 1657 1656 1659

# obj376
v -67.32283783 -67.71652222 388.18899536
v -68.89764404 -67.71652222 386.61419678
v -67.32283783 -67.71652222 386.61419678
v -68.89764404 -67.71652222 388.18899536
usemtl Patch_899_Mat_mat5
f 1660 1661 1662
usemtl Patch_900_Mat_mat5
f 1661 1660 1663

# obj377
v -68.89764404 -67.71652222 388.18899536
v -227.55899048 -53.9370079 386.61419678
v -68.89764404 -67.71652222 386.61419678
v -227.55899048 -53.9370079 388.18899536
usemtl Patch_901_Mat_mat5
f 1664 1665 1666
usemtl Patch_902_Mat_mat5
f 1665 1664 1667

# obj378
v -67.32283783 -0 386.61419678
v -227.55899048 -53.9370079 386.61419678
v -227.55899048 -0 386.61419678
v -68.89764404 -67.71652222 386.61419678
v -67.32283783 -67.71652222 386.61419678
usemtl Patch_903_Mat_mat5
f 1668 1669 1670
usemtl Patch_904_Mat_mat5
f 1669 1668 1671
usemtl Patch_905_Mat_mat5
f 1671 1668 1672

# obj379
v -67.32283783 -0 386.61419678
v -67.32283783 -67.71652222 388.18899536
v -67.32283783 -67.71652222 386.61419678
v -67.32283783 -67.71652222 394.48822021
v -67.32283783 -0 394.48822021
usemtl Patch_906_Mat_mat5
f 1673 1674 1675
usemtl Patch_907_Mat_mat5
f 1674 1673 1676
usemtl Patch_908_Mat_mat5
f 1676 1673 1677

# obj380
v -67.32283783 -67.71652222 394.48822021
v -68.89764404 -67.71652222 388.18899536
v -67.32283783 -67.71652222 388.18899536
v -68.89764404 -67.71652222 394.48822021
usemtl Patch_909_Mat_mat5
f 1678 1679 1680
usemtl Patch_910_Mat_mat5
f 1679 1678 1681

# obj381
v -227.55899048 -53.9370079 388.18899536
v -227.55899048 -0 386.61419678
v -227.55899048 -53.9370079 386.61419678
v -227.55899048 -0 388.18899536
usemtl Patch_911_Mat_mat5
f 1682 1683 1684
usemtl Patch_912_Mat_mat5
f 1683 1682 1685

# obj382
v -227.55899048 -53.9370079 388.18899536
v -68.89764404 -0 388.18899536
v -227.55899048 -0 388.18899536
v -68.89764404 -67.71652222 388.18899536
usemtl Patch_913_Mat_mat5
f 1686 1687 1688
usemtl Patch_914_Mat_mat5
f 1687 1686 1689

# obj383
v -68.89764404 -0 394.48822021
v -68.89764404 -67.71652222 388.18899536
v -68.89764404 -67.71652222 394.48822021
v -68.89764404 -0 388.18899536
usemtl Patch_915_Mat_mat5
f 1690 1691 1692
usemtl Patch_916_Mat_mat5
f 1691 1690 1693

# obj384
v 81.66609955 -70.85691071 401.5748291
v 69.85509491 -68.49471283 400.00003052
v 81.66609955 -70.85691071 400.00003052
v 69.85509491 -68.49471283 401.5748291
usemtl Patch_917_Mat_mat5
f 1694 1695 1696
usemtl Patch_918_Mat_mat5
f 1695 1694 1697

# obj385
v 37.57169342 -74.4002533 402.36224365
v -76.60163116 -50.38448334 402.36224365
v 37.57169342 -74.4002533 400.78744507
v -76.60163116 -50.38448334 403.93704224
usemtl Patch_919_Mat_mat5
f 1698 1699 1700
usemtl Patch_920_Mat_mat5
f 1699 1698 1701

# obj386
v 69.85509491 -68.49471283 401.5748291
v 37.57169342 -74.4002533 400.78744507
v 69.85509491 -68.49471283 400.00003052
v 37.57169342 -74.4002533 402.36224365
usemtl Patch_921_Mat_mat5
f 1702 1703 1704
usemtl Patch_922_Mat_mat5
f 1703 1702 1705

# obj387
v 172.03230286 -426.06826782 414.96066284
v 72.26053619 -287.31607056 420.07876587
v 61.3755455 -387.51394653 420.07876587
v 188.61482239 -273.42303467 414.96066284
usemtl Patch_923_Mat_mat5
f 1706 1707 1708
usemtl Patch_924_Mat_mat5
f 1707 1706 1709

# obj388
v 83.63157654 -70.85692596 407.77578735
v 81.66609955 -70.85691071 400.00003052
v 83.13959503 -70.85691071 399.90484619
v 81.66609955 -70.85691071 401.5748291
v 82.05983734 -70.85692596 407.87402344
usemtl Patch_925_Mat_mat5
f 1710 1711 1712
usemtl Patch_926_Mat_mat5
f 1711 1710 1713
usemtl Patch_927_Mat_mat5
f 1713 1710 1714

# obj389
v 363.93499756 -420.38241577 450.56030273
v 374.86138916 -301.57620239 432.05639648
v 359.97952271 -438.56552124 432.05639648
v 374.81988525 -320.18453979 450.56030273
usemtl Patch_928_Mat_mat5
f 1715 1716 1717
usemtl Patch_929_Mat_mat5
f 1716 1715 1718

# obj390
v 376.41818237 -301.74533081 431.88980103
v 365.49179077 -420.55151367 450.39370728
v 361.53634644 -438.73464966 431.88980103
v 376.37670898 -320.35366821 450.39370728
usemtl Patch_930_Mat_mat5
f 1719 1720 1721
usemtl Patch_931_Mat_mat5
f 1720 1719 1722

# obj391
v 368.40631104 -447.40130615 423.91445923
v 385.09295654 -294.76739502 425.48577881
v 368.51046753 -447.41262817 425.48577881
v 384.98876953 -294.756073 423.91445923
usemtl Patch_932_Mat_mat5
f 1723 1724 1725
usemtl Patch_933_Mat_mat5
f 1724 1723 1726

# obj392
v 383.92245483 -294.64022827 431.49609375
v 366.94836426 -447.24291992 425.59057617
v 367.33981323 -447.28543091 431.49609375
v 383.53085327 -294.59768677 425.59057617
usemtl Patch_934_Mat_mat5
f 1727 1728 1729
usemtl Patch_935_Mat_mat5
f 1728 1727 1730

# obj393
v 368.51046753 -447.41262817 425.48577881
v 366.94836426 -447.24291992 424.01577759
v 368.40631104 -447.40130615 423.91445923
v 366.94836426 -447.24291992 425.59057617
v 368.90194702 -447.45510864 431.39129639
v 367.33981323 -447.28543091 431.49609375
usemtl Patch_936_Mat_mat5
f 1731 1732 1733
usemtl Patch_937_Mat_mat5
f 1732 1731 1734
usemtl Patch_938_Mat_mat5
f 1734 1731 1735
usemtl Patch_939_Mat_mat5
f 1734 1735 1736

# obj394
v 368.51046753 -447.41262817 425.48577881
v 385.48455811 -294.80993652 431.39129639
v 368.90194702 -447.45510864 431.39129639
v 385.09295654 -294.76739502 425.48577881
usemtl Patch_940_Mat_mat5
f 1737 1738 1739
usemtl Patch_941_Mat_mat5
f 1738 1737 1740

# obj395
v 223.73155212 -303.77108765 434.25198364
v 366.94836426 -447.24291992 424.01577759
v 212.84657288 -403.96899414 434.25198364
v 383.53085327 -294.59768677 424.01577759
usemtl Patch_942_Mat_mat5
f 1741 1742 1743
usemtl Patch_943_Mat_mat5
f 1742 1741 1744

# obj396
v 211.28669739 -403.79956055 434.38647461
v 222.65577698 -288.20956421 420.60699463
v 208.4541626 -418.9364624 420.60699463
v 222.17169189 -303.60162354 434.38647461
usemtl Patch_944_Mat_mat5
f 1745 1746 1747
usemtl Patch_945_Mat_mat5
f 1746 1745 1748

# obj397
v 224.21563721 -288.37902832 420.47250366
v 212.84657288 -403.96899414 434.25198364
v 210.01403809 -419.10592651 420.47250366
v 223.73155212 -303.77108765 434.25198364
usemtl Patch_946_Mat_mat5
f 1749 1750 1751
usemtl Patch_947_Mat_mat5
f 1750 1749 1752

# obj398
v 366.94836426 -447.24291992 425.59057617
v 223.73155212 -303.77108765 435.82678223
v 212.84657288 -403.96899414 435.82678223
v 383.53085327 -294.59768677 425.59057617
usemtl Patch_948_Mat_mat5
f 1753 1754 1755
usemtl Patch_949_Mat_mat5
f 1754 1753 1756

# obj399
v 220.15655518 -281.99777222 412.20477295
v 216.20890808 -427.69924927 411.4173584
v 204.67958069 -424.46661377 412.20477295
v 232.11116028 -281.31637573 411.4173584
usemtl Patch_950_Mat_mat5
f 1757 1758 1759
usemtl Patch_951_Mat_mat5
f 1758 1757 1760

# obj400
v 67.67459869 -410.36593628 399.90484619
v 83.3261795 -270.84558105 407.77578735
v 68.16369629 -410.41906738 407.77578735
v 82.98155975 -269.462677 399.90484619
v 83.47064209 -269.51580811 407.77578735
usemtl Patch_952_Mat_mat5
f 1761 1762 1763
usemtl Patch_953_Mat_mat5
f 1762 1761 1764
usemtl Patch_954_Mat_mat5
f 1762 1764 1765

# obj401
v 81.51667786 -269.30355835 400.00003052
v 83.47064209 -269.51580811 407.77578735
v 82.98155975 -269.462677 399.90484619
v 81.51667786 -269.30355835 401.5748291
v 81.90809631 -269.34603882 407.87402344
usemtl Patch_955_Mat_mat5
f 1766 1767 1768
usemtl Patch_956_Mat_mat5
f 1767 1766 1769
usemtl Patch_957_Mat_mat5
f 1767 1769 1770

# obj402
v 217.69004822 -427.86016846 411.33673096
v 234.06608582 -281.52877808 420.38970947
v 218.16375732 -427.91156006 420.38970947
v 233.59228516 -281.47729492 411.33673096
usemtl Patch_958_Mat_mat5
f 1771 1772 1773
usemtl Patch_959_Mat_mat5
f 1772 1771 1774

# obj403
v 232.11116028 -281.31637573 411.4173584
v 234.06608582 -281.52877808 420.38970947
v 233.59228516 -281.47729492 411.33673096
v 232.11116028 -281.31637573 412.99215698
v 232.50265503 -281.35891724 420.47250366
usemtl Patch_960_Mat_mat5
f 1775 1776 1777
usemtl Patch_961_Mat_mat5
f 1776 1775 1778
usemtl Patch_962_Mat_mat5
f 1776 1778 1779

# obj404
v 218.16375732 -427.91156006 420.38970947
v 216.20890808 -427.69924927 411.4173584
v 217.69004822 -427.86016846 411.33673096
v 216.20890808 -427.69924927 412.99215698
v 216.60032654 -427.74169922 420.47250366
usemtl Patch_963_Mat_mat5
f 1780 1781 1782
usemtl Patch_964_Mat_mat5
f 1781 1780 1783
usemtl Patch_965_Mat_mat5
f 1783 1780 1784

# obj405
v 232.50265503 -281.35891724 420.47250366
v 216.20890808 -427.69924927 412.99215698
v 216.60032654 -427.74169922 420.47250366
v 232.11116028 -281.31637573 412.99215698
usemtl Patch_966_Mat_mat5
f 1785 1786 1787
usemtl Patch_967_Mat_mat5
f 1786 1785 1788

# obj406
v 73.22982788 -274.74880981 407.87402344
v 61.3755455 -387.51394653 418.50396729
v 59.62360001 -399.99624634 407.87402344
v 72.26053619 -287.31607056 418.50396729
usemtl Patch_968_Mat_mat5
f 1789 1790 1791
usemtl Patch_969_Mat_mat5
f 1790 1789 1792

# obj407
v 59.81102753 -387.34399414 418.56225586
v 71.66531372 -274.5788269 407.93231201
v 58.05908203 -399.82626343 407.93231201
v 70.6960144 -287.14611816 418.56225586
usemtl Patch_970_Mat_mat5
f 1793 1794 1795
usemtl Patch_971_Mat_mat5
f 1794 1793 1796

# obj408
v 216.20890808 -427.69924927 412.99215698
v 220.15655518 -281.99777222 413.77957153
v 204.67958069 -424.46661377 413.77957153
v 232.11116028 -281.31637573 412.99215698
usemtl Patch_972_Mat_mat5
f 1797 1798 1799
usemtl Patch_973_Mat_mat5
f 1798 1797 1800

# obj409
v 81.76363373 -270.67584229 407.87402344
v 66.2097168 -410.20678711 401.5748291
v 66.60115814 -410.24932861 407.87402344
v 81.51667786 -269.30355835 401.5748291
v 81.90809631 -269.34603882 407.87402344
usemtl Patch_974_Mat_mat5
f 1801 1802 1803
usemtl Patch_975_Mat_mat5
f 1802 1801 1804
usemtl Patch_976_Mat_mat5
f 1804 1801 1805

# obj410
v 68.16369629 -410.41906738 407.77578735
v 66.2097168 -410.20678711 400.00003052
v 67.67459869 -410.36593628 399.90484619
v 66.2097168 -410.20678711 401.5748291
v 66.60115814 -410.24932861 407.87402344
usemtl Patch_977_Mat_mat5
f 1806 1807 1808
usemtl Patch_978_Mat_mat5
f 1807 1806 1809
usemtl Patch_979_Mat_mat5
f 1809 1806 1810

# obj411
v 386.21688843 -0 425.48577881
v 386.61065674 -76.77161407 431.39129639
v 386.21688843 -76.77163696 425.48577881
v 386.61065674 -0 431.39129639
usemtl Patch_980_Mat_mat5
f 1811 1812 1813
usemtl Patch_981_Mat_mat5
f 1812 1811 1814

# obj412
v 385.03933716 -76.77161407 431.49609375
v 384.64559937 -0 425.59057617
v 384.64559937 -76.77163696 425.59057617
v 385.03933716 -0 431.49609375
usemtl Patch_982_Mat_mat5
f 1815 1816 1817
usemtl Patch_983_Mat_mat5
f 1816 1815 1818

# obj413
v 233.0708313 -73.62197876 420.47250366
v 232.67710876 -0 412.99215698
v 232.67710876 -73.62203217 412.99215698
v 233.0708313 -0 420.47250366
usemtl Patch_984_Mat_mat5
f 1819 1820 1821
usemtl Patch_985_Mat_mat5
f 1820 1819 1822

# obj414
v 681.49609375 -0 458.26776123
v 692.1260376 -50.39367676 483.07089233
v 681.49609375 -74.80311584 458.26776123
v 692.1260376 -0 483.07089233
usemtl Patch_986_Mat_mat5
f 1823 1824 1825
usemtl Patch_987_Mat_mat5
f 1824 1823 1826

# obj415
v 386.11212158 -0 423.91445923
v 386.21688843 -76.77163696 425.48577881
v 386.11212158 -76.77164459 423.91445923
v 386.21688843 -0 425.48577881
usemtl Patch_988_Mat_mat5
f 1827 1828 1829
usemtl Patch_989_Mat_mat5
f 1828 1827 1830

# obj416
v 234.16696167 -0 411.33673096
v 234.64344788 -73.62197876 420.38970947
v 234.16696167 -73.62204742 411.33673096
v 234.64344788 -0 420.38970947
usemtl Patch_990_Mat_mat5
f 1831 1832 1833
usemtl Patch_991_Mat_mat5
f 1832 1831 1834

# obj417
v 690.67852783 -50.39367676 483.69122314
v 680.04858398 -0 458.88812256
v 680.04858398 -74.80311584 458.88812256
v 690.67852783 -0 483.69122314
usemtl Patch_992_Mat_mat5
f 1835 1836 1837
usemtl Patch_993_Mat_mat5
f 1836 1835 1838

# obj418
v 83.13959503 -70.85691071 399.90484619
v 83.63157654 -0 407.77578735
v 83.63157654 -70.85692596 407.77578735
v 83.13959503 -0 399.90484619
usemtl Patch_994_Mat_mat5
f 1839 1840 1841
usemtl Patch_995_Mat_mat5
f 1840 1839 1842

# obj419
v 82.05983734 -0 407.87402344
v 81.66609955 -70.85691071 401.5748291
v 82.05983734 -70.85692596 407.87402344
v 81.66609955 -0 401.5748291
usemtl Patch_996_Mat_mat5
f 1843 1844 1845
usemtl Patch_997_Mat_mat5
f 1844 1843 1846

# obj420
v 681.49609375 -0 458.26776123
v 680.04858398 -74.80311584 458.88812256
v 680.04858398 -0 458.88812256
v 681.49609375 -74.80311584 458.26776123
usemtl Patch_998_Mat_mat5
f 1847 1848 1849
usemtl Patch_999_Mat_mat5
f 1848 1847 1850

# obj421
v 385.03933716 -76.77161407 431.49609375
v 386.61065674 -0 431.39129639
v 385.03933716 -0 431.49609375
v 386.61065674 -76.77161407 431.39129639
usemtl Patch_1000_Mat_mat5
f 1851 1852 1853
usemtl Patch_1001_Mat_mat5
f 1852 1851 1854

# obj422
v 386.11212158 -0 423.91445923
v 384.64559937 -76.77163696 424.01577759
v 384.64559937 -0 424.01577759
v 386.11212158 -76.77164459 423.91445923
usemtl Patch_1002_Mat_mat5
f 1855 1856 1857
usemtl Patch_1003_Mat_mat5
f 1856 1855 1858

# obj423
v 234.16696167 -0 411.33673096
v 232.67710876 -73.62203217 411.4173584
v 232.67710876 -0 411.4173584
v 234.16696167 -73.62204742 411.33673096
usemtl Patch_1004_Mat_mat5
f 1859 1860 1861
usemtl Patch_1005_Mat_mat5
f 1860 1859 1862

# obj424
v 233.0708313 -73.62197876 420.47250366
v 234.64344788 -0 420.38970947
v 233.0708313 -0 420.47250366
v 234.64344788 -73.62197876 420.38970947
usemtl Patch_1006_Mat_mat5
f 1863 1864 1865
usemtl Patch_1007_Mat_mat5
f 1864 1863 1866

# obj425
v -76.60163116 -0 403.93704224
v -76.60163116 -50.38448334 402.36224365
v -76.60163116 -50.38448334 403.93704224
v -76.60163116 -0 402.36224365
usemtl Patch_1008_Mat_mat5
f 1867 1868 1869
usemtl Patch_1009_Mat_mat5
f 1868 1867 1870

# obj426
v -68.89764404 -67.71652222 394.48822021
v -67.32283783 -0 394.48822021
v -68.89764404 -0 394.48822021
v -67.32283783 -67.71652222 394.48822021
usemtl Patch_1010_Mat_mat5
f 1871 1872 1873
usemtl Patch_1011_Mat_mat5
f 1872 1871 1874

# obj427
v 83.13959503 -0 399.90484619
v 81.66609955 -70.85691071 400.00003052
v 81.66609955 -0 400.00003052
v 83.13959503 -70.85691071 399.90484619
usemtl Patch_1012_Mat_mat5
f 1875 1876 1877
usemtl Patch_1013_Mat_mat5
f 1876 1875 1878

# obj428
v 81.66609955 -0 400.00003052
v 69.85509491 -68.49471283 400.00003052
v 69.85509491 -0 400.00003052
v 81.66609955 -70.85691071 400.00003052
usemtl Patch_1014_Mat_mat5
f 1879 1880 1881
usemtl Patch_1015_Mat_mat5
f 1880 1879 1882

# obj429
v 82.05983734 -70.85692596 407.87402344
v 83.63157654 -0 407.77578735
v 82.05983734 -0 407.87402344
v 83.63157654 -70.85692596 407.77578735
usemtl Patch_1016_Mat_mat5
f 1883 1884 1885
usemtl Patch_1017_Mat_mat5
f 1884 1883 1886

# obj430
v 69.85509491 -68.49471283 401.5748291
v 81.66609955 -0 401.5748291
v 69.85509491 -0 401.5748291
v 81.66609955 -70.85691071 401.5748291
usemtl Patch_1018_Mat_mat5
f 1887 1888 1889
usemtl Patch_1019_Mat_mat5
f 1888 1887 1890

# obj431
v 37.57169342 -0 400.78744507
v -76.60163116 -50.38448334 402.36224365
v -76.60163116 -0 402.36224365
v 37.57169342 -74.4002533 400.78744507
usemtl Patch_1020_Mat_mat5
f 1891 1892 1893
usemtl Patch_1021_Mat_mat5
f 1892 1891 1894

# obj432
v 69.85509491 -0 400.00003052
v 37.57169342 -74.4002533 400.78744507
v 37.57169342 -0 400.78744507
v 69.85509491 -68.49471283 400.00003052
usemtl Patch_1022_Mat_mat5
f 1895 1896 1897
usemtl Patch_1023_Mat_mat5
f 1896 1895 1898

# obj433
v 37.57169342 -74.4002533 402.36224365
v 69.85509491 -0 401.5748291
v 37.57169342 -0 402.36224365
v 69.85509491 -68.49471283 401.5748291
usemtl Patch_1024_Mat_mat5
f 1899 1900 1901
usemtl Patch_1025_Mat_mat5
f 1900 1899 1902

# obj434
v -76.60163116 -50.38448334 403.93704224
v 37.57169342 -0 402.36224365
v -76.60163116 -0 403.93704224
v 37.57169342 -74.4002533 402.36224365
usemtl Patch_1026_Mat_mat5
f 1903 1904 1905
usemtl Patch_1027_Mat_mat5
f 1904 1903 1906

# obj435
v 750.92456055 -556.67816162 498.19198608
v 756.69287109 -531.10235596 427.55905151
v 748.34960938 -576.7689209 497.96011353
v 757.75317383 -517.45928955 447.32000732
v 760.23620605 -503.54330444 427.55905151
v 761.53875732 -473.86254883 499.14770508
v 763.88061523 -455.59014893 499.35858154
usemtl Patch_1028_Mat_mat0
f 1907 1908 1909
usemtl Patch_1029_Mat_mat0
f 1908 1907 1910
usemtl Patch_1030_Mat_mat0
f 1908 1910 1911
usemtl Patch_1031_Mat_mat0
f 1911 1910 1912
usemtl Patch_1032_Mat_mat0
f 1911 1912 1913

# obj436
v 536.125 -308.0065918 435.82678223
v 520.41558838 -467.08282471 435.6282959
v 518.86206055 -466.9140625 435.82678223
v 537.67852783 -308.175354 435.6282959
usemtl Patch_1033_Mat_mat5
f 1914 1915 1916
usemtl Patch_1034_Mat_mat5
f 1915 1914 1917

# obj437
v 537.67852783 -308.175354 435.6282959
v 520.41558838 -467.08282471 437.20632935
v 520.41558838 -467.08282471 435.6282959
v 537.67852783 -308.175354 437.20632935
usemtl Patch_1035_Mat_mat5
f 1918 1919 1920
usemtl Patch_1036_Mat_mat5
f 1919 1918 1921

# obj438
v 376.37670898 -320.35366821 450.39370728
v 536.125 -308.0065918 437.40161133
v 536.125 -308.0065918 435.82678223
v 376.37670898 -320.35366821 451.96853638
usemtl Patch_1037_Mat_mat5
f 1922 1923 1924
usemtl Patch_1038_Mat_mat5
f 1923 1922 1925

# obj439
v 518.86206055 -466.9140625 437.40161133
v 365.49179077 -420.55151367 450.39370728
v 518.86206055 -466.9140625 435.82678223
v 365.49179077 -420.55151367 451.96853638
usemtl Patch_1039_Mat_mat5
f 1926 1927 1928
usemtl Patch_1040_Mat_mat5
f 1927 1926 1929

# obj440
v 383.53085327 -294.59768677 424.01577759
v 368.40631104 -447.40130615 423.91445923
v 366.94836426 -447.24291992 424.01577759
v 384.98876953 -294.756073 423.91445923
usemtl Patch_1041_Mat_mat5
f 1930 1931 1932
usemtl Patch_1042_Mat_mat5
f 1931 1930 1933

# obj441
v 374.86138916 -301.57620239 432.05639648
v 361.53634644 -438.73464966 431.88980103
v 359.97952271 -438.56552124 432.05639648
v 376.41818237 -301.74533081 431.88980103
usemtl Patch_1043_Mat_mat5
f 1934 1935 1936
usemtl Patch_1044_Mat_mat5
f 1935 1934 1937

# obj442
v 376.37670898 -320.35366821 450.39370728
v 374.86138916 -301.57620239 432.05639648
v 374.81988525 -320.18453979 450.56030273
v 376.41818237 -301.74533081 431.88980103
usemtl Patch_1045_Mat_mat5
f 1938 1939 1940
usemtl Patch_1046_Mat_mat5
f 1939 1938 1941

# obj443
v 365.49179077 -420.55151367 450.39370728
v 359.97952271 -438.56552124 432.05639648
v 361.53634644 -438.73464966 431.88980103
v 363.93499756 -420.38241577 450.56030273
usemtl Patch_1047_Mat_mat5
f 1942 1943 1944
usemtl Patch_1048_Mat_mat5
f 1943 1942 1945

# obj444
v 374.81988525 -320.18453979 452.13510132
v 363.93499756 -420.38241577 450.56030273
v 363.93499756 -420.38241577 452.13510132
v 374.81988525 -320.18453979 450.56030273
usemtl Patch_1049_Mat_mat5
f 1946 1947 1948
usemtl Patch_1050_Mat_mat5
f 1947 1946 1949

# obj445
v 365.49179077 -420.55151367 451.96853638
v 363.93499756 -420.38241577 450.56030273
v 365.49179077 -420.55151367 450.39370728
v 363.93499756 -420.38241577 452.13510132
usemtl Patch_1051_Mat_mat5
f 1950 1951 1952
usemtl Patch_1052_Mat_mat5
f 1951 1950 1953

# obj446
v 374.81988525 -320.18453979 450.56030273
v 376.37670898 -320.35366821 451.96853638
v 376.37670898 -320.35366821 450.39370728
v 374.81988525 -320.18453979 452.13510132
usemtl Patch_1053_Mat_mat5
f 1954 1955 1956
usemtl Patch_1054_Mat_mat5
f 1955 1954 1957

# obj447
v 520.41558838 -467.08282471 437.20632935
v 520.49505615 -459.17120361 443.70080566
v 518.86206055 -466.9140625 437.40161133
v 522.04852295 -459.33996582 443.50552368
usemtl Patch_1055_Mat_mat5
f 1958 1959 1960
usemtl Patch_1056_Mat_mat5
f 1959 1958 1961

# obj448
v 537.67852783 -308.175354 437.20632935
v 522.04852295 -459.33996582 443.50552368
v 520.41558838 -467.08282471 437.20632935
v 537.61071777 -316.08828735 443.50552368
usemtl Patch_1057_Mat_mat5
f 1962 1963 1964
usemtl Patch_1058_Mat_mat5
f 1963 1962 1965

# obj449
v 365.49179077 -420.55151367 451.96853638
v 374.81988525 -320.18453979 452.13510132
v 363.93499756 -420.38241577 452.13510132
v 376.37670898 -320.35366821 451.96853638
usemtl Patch_1059_Mat_mat5
f 1966 1967 1968
usemtl Patch_1060_Mat_mat5
f 1967 1966 1969

# obj450
v 537.61071777 -316.08828735 443.50552368
v 536.125 -308.0065918 437.40161133
v 536.05718994 -315.91952515 443.70080566
v 537.67852783 -308.175354 437.20632935
usemtl Patch_1061_Mat_mat5
f 1970 1971 1972
usemtl Patch_1062_Mat_mat5
f 1971 1970 1973

# obj451
v 520.49505615 -459.17120361 443.70080566
v 536.125 -308.0065918 437.40161133
v 518.86206055 -466.9140625 437.40161133
v 536.05718994 -315.91952515 443.70080566
usemtl Patch_1063_Mat_mat5
f 1974 1975 1976
usemtl Patch_1064_Mat_mat5
f 1975 1974 1977

# obj452
v 522.04852295 -459.33996582 443.50552368
v 536.05718994 -315.91952515 443.70080566
v 520.49505615 -459.17120361 443.70080566
v 537.61071777 -316.08828735 443.50552368
usemtl Patch_1065_Mat_mat5
f 1978 1979 1980
usemtl Patch_1066_Mat_mat5
f 1979 1978 1981

# obj453
v 520.41558838 -467.08282471 437.20632935
v 518.86206055 -466.9140625 435.82678223
v 520.41558838 -467.08282471 435.6282959
v 518.86206055 -466.9140625 437.40161133
usemtl Patch_1067_Mat_mat5
f 1982 1983 1984
usemtl Patch_1068_Mat_mat5
f 1983 1982 1985

# obj454
v 536.125 -308.0065918 435.82678223
v 537.67852783 -308.175354 437.20632935
v 537.67852783 -308.175354 435.6282959
v 536.125 -308.0065918 437.40161133
usemtl Patch_1069_Mat_mat5
f 1986 1987 1988
usemtl Patch_1070_Mat_mat5
f 1987 1986 1989

# obj455
v 383.53085327 -294.59768677 424.01577759
v 385.09295654 -294.76739502 425.48577881
v 384.98876953 -294.756073 423.91445923
v 383.53085327 -294.59768677 425.59057617
v 385.48455811 -294.80993652 431.39129639
v 383.92245483 -294.64022827 431.49609375
usemtl Patch_1071_Mat_mat5
f 1990 1991 1992
usemtl Patch_1072_Mat_mat5
f 1991 1990 1993
usemtl Patch_1073_Mat_mat5
f 1991 1993 1994
usemtl Patch_1074_Mat_mat5
f 1994 1993 1995

# obj456
v 368.90194702 -447.45510864 431.39129639
v 383.92245483 -294.64022827 431.49609375
v 367.33981323 -447.28543091 431.49609375
v 385.48455811 -294.80993652 431.39129639
usemtl Patch_1075_Mat_mat5
f 1996 1997 1998
usemtl Patch_1076_Mat_mat5
f 1997 1996 1999

# obj457
v 212.84657288 -403.96899414 435.82678223
v 222.17169189 -303.60162354 435.96130371
v 211.28669739 -403.79956055 435.96130371
v 223.73155212 -303.77108765 435.82678223
usemtl Patch_1077_Mat_mat5
f 2000 2001 2002
usemtl Patch_1078_Mat_mat5
f 2001 2000 2003

# obj458
v 222.17169189 -303.60162354 435.96130371
v 211.28669739 -403.79956055 434.38647461
v 211.28669739 -403.79956055 435.96130371
v 222.17169189 -303.60162354 434.38647461
usemtl Patch_1079_Mat_mat5
f 2004 2005 2006
usemtl Patch_1080_Mat_mat5
f 2005 2004 2007

# obj459
v 222.17169189 -303.60162354 434.38647461
v 223.73155212 -303.77108765 435.82678223
v 223.73155212 -303.77108765 434.25198364
v 222.17169189 -303.60162354 435.96130371
usemtl Patch_1081_Mat_mat5
f 2008 2009 2010
usemtl Patch_1082_Mat_mat5
f 2009 2008 2011

# obj460
v 212.84657288 -403.96899414 435.82678223
v 211.28669739 -403.79956055 434.38647461
v 212.84657288 -403.96899414 434.25198364
v 211.28669739 -403.79956055 435.96130371
usemtl Patch_1083_Mat_mat5
f 2012 2013 2014
usemtl Patch_1084_Mat_mat5
f 2013 2012 2015

# obj461
v 210.01403809 -419.10592651 420.47250366
v 211.28669739 -403.79956055 434.38647461
v 208.4541626 -418.9364624 420.60699463
v 212.84657288 -403.96899414 434.25198364
usemtl Patch_1085_Mat_mat5
f 2016 2017 2018
usemtl Patch_1086_Mat_mat5
f 2017 2016 2019

# obj462
v 222.65577698 -288.20956421 420.60699463
v 210.01403809 -419.10592651 420.47250366
v 208.4541626 -418.9364624 420.60699463
v 224.21563721 -288.37902832 420.47250366
usemtl Patch_1087_Mat_mat5
f 2020 2021 2022
usemtl Patch_1088_Mat_mat5
f 2021 2020 2023

# obj463
v 223.73155212 -303.77108765 434.25198364
v 222.65577698 -288.20956421 420.60699463
v 222.17169189 -303.60162354 434.38647461
v 224.21563721 -288.37902832 420.47250366
usemtl Patch_1089_Mat_mat5
f 2024 2025 2026
usemtl Patch_1090_Mat_mat5
f 2025 2024 2027

# obj464
v 366.94836426 -447.24291992 425.59057617
v 212.84657288 -403.96899414 434.25198364
v 366.94836426 -447.24291992 424.01577759
v 212.84657288 -403.96899414 435.82678223
usemtl Patch_1091_Mat_mat5
f 2028 2029 2030
usemtl Patch_1092_Mat_mat5
f 2029 2028 2031

# obj465
v 223.73155212 -303.77108765 434.25198364
v 383.53085327 -294.59768677 425.59057617
v 383.53085327 -294.59768677 424.01577759
v 223.73155212 -303.77108765 435.82678223
usemtl Patch_1093_Mat_mat5
f 2032 2033 2034
usemtl Patch_1094_Mat_mat5
f 2033 2032 2035

# obj466
v 232.11116028 -281.31637573 411.4173584
v 217.69004822 -427.86016846 411.33673096
v 216.20890808 -427.69924927 411.4173584
v 233.59228516 -281.47729492 411.33673096
usemtl Patch_1095_Mat_mat5
f 2036 2037 2038
usemtl Patch_1096_Mat_mat5
f 2037 2036 2039

# obj467
v 81.51667786 -269.30355835 400.00003052
v 67.67459869 -410.36593628 399.90484619
v 66.2097168 -410.20678711 400.00003052
v 82.98155975 -269.462677 399.90484619
usemtl Patch_1097_Mat_mat5
f 2040 2041 2042
usemtl Patch_1098_Mat_mat5
f 2041 2040 2043

# obj468
v 218.16375732 -427.91156006 420.38970947
v 232.50265503 -281.35891724 420.47250366
v 216.60032654 -427.74169922 420.47250366
v 234.06608582 -281.52877808 420.38970947
usemtl Patch_1099_Mat_mat5
f 2044 2045 2046
usemtl Patch_1100_Mat_mat5
f 2045 2044 2047

# obj469
v 61.3755455 -387.51394653 420.07876587
v 70.6960144 -287.14611816 420.07876587
v 59.81102753 -387.34399414 420.07876587
v 72.26053619 -287.31607056 420.07876587
usemtl Patch_1101_Mat_mat5
f 2048 2049 2050
usemtl Patch_1102_Mat_mat5
f 2049 2048 2051

# obj470
v 70.6960144 -287.14611816 420.07876587
v 59.81102753 -387.34399414 418.56225586
v 59.81102753 -387.34399414 420.07876587
v 70.6960144 -287.14611816 418.56225586
usemtl Patch_1103_Mat_mat5
f 2052 2053 2054
usemtl Patch_1104_Mat_mat5
f 2053 2052 2055

# obj471
v 61.3755455 -387.51394653 420.07876587
v 59.81102753 -387.34399414 418.56225586
v 61.3755455 -387.51394653 418.50396729
v 59.81102753 -387.34399414 420.07876587
usemtl Patch_1105_Mat_mat5
f 2056 2057 2058
usemtl Patch_1106_Mat_mat5
f 2057 2056 2059

# obj472
v 70.6960144 -287.14611816 418.56225586
v 72.26053619 -287.31607056 420.07876587
v 72.26053619 -287.31607056 418.50396729
v 70.6960144 -287.14611816 420.07876587
usemtl Patch_1107_Mat_mat5
f 2060 2061 2062
usemtl Patch_1108_Mat_mat5
f 2061 2060 2063

# obj473
v 188.61482239 -273.42303467 413.38586426
v 204.67958069 -424.46661377 412.20477295
v 172.03230286 -426.06826782 413.38586426
v 198.89437866 -276.21755981 413.00094604
v 220.15655518 -281.99777222 412.20477295
usemtl Patch_1109_Mat_mat5
f 2064 2065 2066
usemtl Patch_1110_Mat_mat5
f 2065 2064 2067
usemtl Patch_1111_Mat_mat5
f 2065 2067 2068

# obj474
v 72.26053619 -287.31607056 418.50396729
v 172.03230286 -426.06826782 413.38586426
v 61.3755455 -387.51394653 418.50396729
v 156.11990356 -277.30300903 414.81521606
v 188.61482239 -273.42303467 413.38586426
usemtl Patch_1112_Mat_mat5
f 2069 2070 2071
usemtl Patch_1113_Mat_mat5
f 2070 2069 2072
usemtl Patch_1114_Mat_mat5
f 2070 2072 2073

# obj475
v 72.26053619 -287.31607056 418.50396729
v 71.66531372 -274.5788269 407.93231201
v 70.6960144 -287.14611816 418.56225586
v 73.22982788 -274.74880981 407.87402344
usemtl Patch_1115_Mat_mat5
f 2074 2075 2076
usemtl Patch_1116_Mat_mat5
f 2075 2074 2077

# obj476
v 71.66531372 -274.5788269 407.93231201
v 59.62360001 -399.99624634 407.87402344
v 58.05908203 -399.82626343 407.93231201
v 73.22982788 -274.74880981 407.87402344
usemtl Patch_1117_Mat_mat5
f 2078 2079 2080
usemtl Patch_1118_Mat_mat5
f 2079 2078 2081

# obj477
v 59.62360001 -399.99624634 407.87402344
v 59.81102753 -387.34399414 418.56225586
v 58.05908203 -399.82626343 407.93231201
v 61.3755455 -387.51394653 418.50396729
usemtl Patch_1119_Mat_mat5
f 2082 2083 2084
usemtl Patch_1120_Mat_mat5
f 2083 2082 2085

# obj478
v 204.67958069 -424.46661377 413.77957153
v 188.61482239 -273.42303467 414.96066284
v 172.03230286 -426.06826782 414.96066284
v 198.89437866 -276.21755981 414.57574463
v 220.15655518 -281.99777222 413.77957153
usemtl Patch_1121_Mat_mat5
f 2086 2087 2088
usemtl Patch_1122_Mat_mat5
f 2087 2086 2089
usemtl Patch_1123_Mat_mat5
f 2089 2086 2090

# obj479
v 156.11990356 -277.30300903 414.81521606
v 188.61482239 -273.42303467 414.96066284
v 188.61482239 -273.42303467 413.38586426
v 72.26053619 -287.31607056 418.50396729
v 72.26053619 -287.31607056 420.07876587
usemtl Patch_1124_Mat_mat5
f 2091 2092 2093
usemtl Patch_1125_Mat_mat5
f 2092 2091 2094
usemtl Patch_1126_Mat_mat5
f 2092 2094 2095

# obj480
v 198.89437866 -276.21755981 413.00094604
v 220.15655518 -281.99777222 413.77957153
v 220.15655518 -281.99777222 412.20477295
v 188.61482239 -273.42303467 413.38586426
v 198.89437866 -276.21755981 414.57574463
v 188.61482239 -273.42303467 414.96066284
usemtl Patch_1127_Mat_mat5
f 2096 2097 2098
usemtl Patch_1128_Mat_mat5
f 2097 2096 2099
usemtl Patch_1129_Mat_mat5
f 2097 2099 2100
usemtl Patch_1130_Mat_mat5
f 2100 2099 2101

# obj481
v 220.15655518 -281.99777222 412.20477295
v 232.11116028 -281.31637573 412.99215698
v 232.11116028 -281.31637573 411.4173584
v 220.15655518 -281.99777222 413.77957153
usemtl Patch_1131_Mat_mat5
f 2102 2103 2104
usemtl Patch_1132_Mat_mat5
f 2103 2102 2105

# obj482
v 216.20890808 -427.69924927 412.99215698
v 204.67958069 -424.46661377 412.20477295
v 216.20890808 -427.69924927 411.4173584
v 204.67958069 -424.46661377 413.77957153
usemtl Patch_1133_Mat_mat5
f 2106 2107 2108
usemtl Patch_1134_Mat_mat5
f 2107 2106 2109

# obj483
v 204.67958069 -424.46661377 413.77957153
v 172.03230286 -426.06826782 413.38586426
v 204.67958069 -424.46661377 412.20477295
v 172.03230286 -426.06826782 414.96066284
usemtl Patch_1135_Mat_mat5
f 2110 2111 2112
usemtl Patch_1136_Mat_mat5
f 2111 2110 2113

# obj484
v 172.03230286 -426.06826782 414.96066284
v 61.3755455 -387.51394653 418.50396729
v 172.03230286 -426.06826782 413.38586426
v 61.3755455 -387.51394653 420.07876587
usemtl Patch_1137_Mat_mat5
f 2114 2115 2116
usemtl Patch_1138_Mat_mat5
f 2115 2114 2117

# obj485
v -81.39853668 -389.4284668 388.18899536
v -82.96413422 -389.25839233 386.61419678
v -81.39853668 -389.4284668 386.61419678
v -82.96413422 -389.25839233 388.18899536
usemtl Patch_1139_Mat_mat5
f 2118 2119 2120
usemtl Patch_1140_Mat_mat5
f 2119 2118 2121

# obj486
v -82.96413422 -389.25839233 388.18899536
v -239.20928955 -358.42416382 386.61419678
v -82.96413422 -389.25839233 386.61419678
v -239.20928955 -358.42416382 388.18899536
usemtl Patch_1141_Mat_mat5
f 2122 2123 2124
usemtl Patch_1142_Mat_mat5
f 2123 2122 2125

# obj487
v -66.77189636 -254.78756714 386.61419678
v -81.39853668 -389.4284668 388.18899536
v -81.39853668 -389.4284668 386.61419678
v -81.39853668 -389.4284668 394.48822021
v -66.80423737 -255.08525085 394.48822021
v -66.77189636 -254.78756714 394.48822021
usemtl Patch_1143_Mat_mat5
f 2126 2127 2128
usemtl Patch_1144_Mat_mat5
f 2127 2126 2129
usemtl Patch_1145_Mat_mat5
f 2129 2126 2130
usemtl Patch_1146_Mat_mat5
f 2130 2126 2131

# obj488
v -66.80423737 -255.08525085 394.48822021
v -68.3374939 -254.61749268 394.48822021
v -68.36982727 -254.91516113 394.48822021
v -66.77189636 -254.78756714 394.48822021
usemtl Patch_1147_Mat_mat5
f 2132 2133 2134
usemtl Patch_1148_Mat_mat5
f 2133 2132 2135

# obj489
v -81.39853668 -389.4284668 394.48822021
v -82.96413422 -389.25839233 388.18899536
v -81.39853668 -389.4284668 388.18899536
v -82.96413422 -389.25839233 394.48822021
usemtl Patch_1149_Mat_mat5
f 2136 2137 2138
usemtl Patch_1150_Mat_mat5
f 2137 2136 2139

# obj490
v -81.39853668 -389.4284668 394.48822021
v -68.36982727 -254.91516113 394.48822021
v -82.96413422 -389.25839233 394.48822021
v -66.80423737 -255.08525085 394.48822021
usemtl Patch_1151_Mat_mat5
f 2140 2141 2142
usemtl Patch_1152_Mat_mat5
f 2141 2140 2143

# obj491
v -68.36982727 -254.91516113 394.48822021
v -82.96413422 -389.25839233 388.18899536
v -82.96413422 -389.25839233 394.48822021
v -68.3374939 -254.61749268 388.18899536
v -68.3374939 -254.61749268 394.48822021
usemtl Patch_1153_Mat_mat5
f 2144 2145 2146
usemtl Patch_1154_Mat_mat5
f 2145 2144 2147
usemtl Patch_1155_Mat_mat5
f 2147 2144 2148

# obj492
v -227.55899048 -251.18110657 386.61419678
v -82.96413422 -389.25839233 386.61419678
v -239.20928955 -358.42416382 386.61419678
v -68.3374939 -254.61749268 386.61419678
v -81.39853668 -389.4284668 386.61419678
v -66.77189636 -254.78756714 386.61419678
usemtl Patch_1156_Mat_mat5
f 2149 2150 2151
usemtl Patch_1157_Mat_mat5
f 2150 2149 2152
usemtl Patch_1158_Mat_mat5
f 2150 2152 2153
usemtl Patch_1159_Mat_mat5
f 2153 2152 2154

# obj493
v -82.96413422 -389.25839233 388.18899536
v -227.55899048 -251.18110657 388.18899536
v -239.20928955 -358.42416382 388.18899536
v -68.3374939 -254.61749268 388.18899536
usemtl Patch_1160_Mat_mat5
f 2155 2156 2157
usemtl Patch_1161_Mat_mat5
f 2156 2155 2158

# obj494
v -227.55899048 -251.18110657 388.18899536
v -239.20928955 -358.42416382 386.61419678
v -239.20928955 -358.42416382 388.18899536
v -227.55899048 -251.18110657 386.61419678
usemtl Patch_1162_Mat_mat5
f 2159 2160 2161
usemtl Patch_1163_Mat_mat5
f 2160 2159 2162

# obj495
v 69.51968384 -270.37631226 400.00003052
v 66.2097168 -410.20678711 400.00003052
v 54.72291565 -406.58282471 400.00003052
v 81.51667786 -269.30355835 400.00003052
usemtl Patch_1164_Mat_mat5
f 2163 2164 2165
usemtl Patch_1165_Mat_mat5
f 2164 2163 2166

# obj496
v 66.2097168 -410.20678711 401.5748291
v 54.72291565 -406.58282471 400.00003052
v 66.2097168 -410.20678711 400.00003052
v 54.72291565 -406.58282471 401.5748291
usemtl Patch_1166_Mat_mat5
f 2167 2168 2169
usemtl Patch_1167_Mat_mat5
f 2168 2167 2170

# obj497
v 83.3261795 -270.84558105 407.77578735
v 81.90809631 -269.34603882 407.87402344
v 81.76363373 -270.67584229 407.87402344
v 83.47064209 -269.51580811 407.77578735
usemtl Patch_1168_Mat_mat5
f 2171 2172 2173
usemtl Patch_1169_Mat_mat5
f 2172 2171 2174

# obj498
v 68.16369629 -410.41906738 407.77578735
v 81.76363373 -270.67584229 407.87402344
v 66.60115814 -410.24932861 407.87402344
v 83.3261795 -270.84558105 407.77578735
usemtl Patch_1170_Mat_mat5
f 2175 2176 2177
usemtl Patch_1171_Mat_mat5
f 2176 2175 2178

# obj499
v 69.51968384 -270.37631226 401.5748291
v 81.51667786 -269.30355835 400.00003052
v 69.51968384 -270.37631226 400.00003052
v 81.51667786 -269.30355835 401.5748291
usemtl Patch_1172_Mat_mat5
f 2179 2180 2181
usemtl Patch_1173_Mat_mat5
f 2180 2179 2182

# obj500
v 66.2097168 -410.20678711 401.5748291
v 69.51968384 -270.37631226 401.5748291
v 54.72291565 -406.58282471 401.5748291
v 81.51667786 -269.30355835 401.5748291
usemtl Patch_1174_Mat_mat5
f 2183 2184 2185
usemtl Patch_1175_Mat_mat5
f 2184 2183 2186

# obj501
v 49.87510681 -264.53259277 400.49176025
v 69.51968384 -270.37631226 401.5748291
v 69.51968384 -270.37631226 400.00003052
v 38.06288147 -261.01876831 400.78744507
v 38.06288147 -261.01876831 402.36224365
v 49.87510681 -264.53259277 402.06655884
usemtl Patch_1176_Mat_mat5
f 2187 2188 2189
usemtl Patch_1177_Mat_mat5
f 2188 2187 2190
usemtl Patch_1178_Mat_mat5
f 2188 2190 2191
usemtl Patch_1179_Mat_mat5
f 2188 2191 2192

# obj502
v -78.03632355 -272.56341553 403.93704224
v -88.92129517 -372.7612915 402.36224365
v -88.92129517 -372.7612915 403.93704224
v -78.03632355 -272.56341553 402.36224365
usemtl Patch_1180_Mat_mat5
f 2193 2194 2195
usemtl Patch_1181_Mat_mat5
f 2194 2193 2196

# obj503
v 21.99054146 -408.96722412 402.36224365
v -88.92129517 -372.7612915 402.36224365
v 21.99054146 -408.96722412 400.78744507
v -88.92129517 -372.7612915 403.93704224
usemtl Patch_1182_Mat_mat5
f 2197 2198 2199
usemtl Patch_1183_Mat_mat5
f 2198 2197 2200

# obj504
v 54.72291565 -406.58282471 401.5748291
v 21.99054146 -408.96722412 400.78744507
v 54.72291565 -406.58282471 400.00003052
v 21.99054146 -408.96722412 402.36224365
usemtl Patch_1184_Mat_mat5
f 2201 2202 2203
usemtl Patch_1185_Mat_mat5
f 2202 2201 2204

# obj505
v 38.06288147 -261.01876831 400.78744507
v 54.72291565 -406.58282471 400.00003052
v 21.99054146 -408.96722412 400.78744507
v 49.87510681 -264.53259277 400.49176025
v 69.51968384 -270.37631226 400.00003052
usemtl Patch_1186_Mat_mat5
f 2205 2206 2207
usemtl Patch_1187_Mat_mat5
f 2206 2205 2208
usemtl Patch_1188_Mat_mat5
f 2206 2208 2209

# obj506
v 54.72291565 -406.58282471 401.5748291
v 38.06288147 -261.01876831 402.36224365
v 21.99054146 -408.96722412 402.36224365
v 49.87510681 -264.53259277 402.06655884
v 69.51968384 -270.37631226 401.5748291
usemtl Patch_1189_Mat_mat5
f 2210 2211 2212
usemtl Patch_1190_Mat_mat5
f 2211 2210 2213
usemtl Patch_1191_Mat_mat5
f 2213 2210 2214

# obj507
v 804.48754883 -537.26165771 431.60449219
v 748.34960938 -576.7689209 497.96011353
v 756.69287109 -531.10235596 427.55905151
v 798.31695557 -583.88848877 503.22433472
usemtl Patch_1192_Mat_mat0
f 2215 2216 2217
usemtl Patch_1193_Mat_mat0
f 2216 2215 2218

# obj508
v 763.88061523 -455.59014893 499.35858154
v 808.01385498 -509.70031738 431.80703735
v 760.23620605 -503.54330444 427.55905151
v 813.97589111 -461.4894104 504.63391113
usemtl Patch_1194_Mat_mat0
f 2219 2220 2221
usemtl Patch_1195_Mat_mat0
f 2220 2219 2222

# obj509
v 790.0380249 -117.81855011 430.12008667
v 804.77246094 -90.58321381 265.3543396
v 803.98205566 -118.14219666 265.3543396
v 790.82800293 -90.25955963 430.12472534
usemtl Patch_1196_Mat_mat0
f 2223 2224 2225
usemtl Patch_1197_Mat_mat0
f 2224 2223 2226

# obj510
v 804.48754883 -537.26165771 431.60449219
v 800.95678711 -563.25421143 503.4619751
v 798.31695557 -583.88848877 503.22433472
v 806.1697998 -523.68847656 450.78579712
v 808.01385498 -509.70031738 431.80703735
v 811.70898438 -479.20870972 504.42984009
v 813.97589111 -461.4894104 504.63391113
usemtl Patch_1198_Mat_mat0
f 2227 2228 2229
usemtl Patch_1199_Mat_mat0
f 2228 2227 2230
usemtl Patch_1200_Mat_mat0
f 2230 2227 2231
usemtl Patch_1201_Mat_mat0
f 2230 2231 2232
usemtl Patch_1202_Mat_mat0
f 2232 2231 2233

# obj511
v 880.66796875 -319.33795166 456.3727417
v 827.72137451 -357.45401001 505.87780762
v 830.82781982 -315.34237671 452.60494995
v 871.63830566 -362.00665283 510.50131226
usemtl Patch_1203_Mat_mat0
f 2234 2235 2236
usemtl Patch_1204_Mat_mat0
f 2235 2234 2237

# obj512
v 858.41210938 -530.40997314 454.52545166
v 800.95678711 -563.25421143 503.4619751
v 806.1697998 -523.68847656 450.78579712
v 847.8951416 -570.49633789 508.40817261
usemtl Patch_1205_Mat_mat0
f 2238 2239 2240
usemtl Patch_1206_Mat_mat0
f 2239 2238 2241

# obj513
v 811.70898438 -479.20870972 504.42984009
v 858.41210938 -530.40997314 454.52545166
v 806.1697998 -523.68847656 450.78579712
v 858.78753662 -483.91967773 509.38589478
usemtl Patch_1207_Mat_mat0
f 2242 2243 2244
usemtl Patch_1208_Mat_mat0
f 2243 2242 2245

# obj514
v 787.32904053 -42.5683136 501.02661133
v 842.07745361 -91.43400574 434.12927246
v 790.82800293 -90.25955963 430.12472534
v 844.11090088 -42.84589386 506.99371338
usemtl Patch_1209_Mat_mat0
f 2246 2247 2248
usemtl Patch_1210_Mat_mat0
f 2247 2246 2249

# obj515
v 843.41326904 -67.24938965 506.96743774
v 896.87573242 -106.90231323 458.24703979
v 841.85253906 -105.44908905 453.96472168
v 894.62530518 -67.59226227 512.34942627
usemtl Patch_1211_Mat_mat0
f 2250 2251 2252
usemtl Patch_1212_Mat_mat0
f 2251 2250 2253

# obj516
v 898.23382568 0 512.59832764
v -229.51905823 -52.75600815 394.197052
v -229.52755737 -0 394.09451294
v 787.32904053 -42.5683136 501.02661133
v 786.63977051 -66.66648102 501.00064087
v 844.11090088 -42.84589386 506.99371338
v 894.62530518 -67.59226227 512.34942627
v 898.43286133 0 512.6192627
v 843.41326904 -67.24938965 506.96743774
usemtl Patch_1213_Mat_mat0
f 2254 2255 2256
usemtl Patch_1214_Mat_mat0
f 2255 2254 2257
usemtl Patch_1215_Mat_mat0
f 2255 2257 2258
usemtl Patch_1216_Mat_mat0
f 2257 2254 2259
usemtl Patch_1217_Mat_mat0
f 2259 2254 2260
usemtl Patch_1218_Mat_mat0
f 2260 2254 2261
usemtl Patch_1219_Mat_mat0
f 2260 2262 2259

# obj517
v 750.92456055 -556.67816162 498.19198608
v -233.07046509 -389.98092651 376.39389038
v 757.75317383 -517.45928955 447.32000732
usemtl Patch_1220_Mat_mat0
f 2263 2264 2265

# obj518
v 761.53875732 -473.86254883 499.14770508
v 757.75317383 -517.45928955 447.32000732
v -233.07046509 -389.98092651 376.39389038
usemtl Patch_1221_Mat_mat0
f 2266 2267 2268

# obj519
v 756.69287109 -531.10235596 427.55905151
v 774.08239746 -505.42825317 265.3543396
v 770.5390625 -532.98724365 265.3543396
v 760.23620605 -503.54330444 427.55905151
usemtl Patch_1222_Mat_mat0
f 2269 2270 2271
usemtl Patch_1223_Mat_mat0
f 2270 2269 2272

# obj520
v 774.08239746 -505.42825317 265.3543396
v 808.01385498 -509.70031738 431.80703735
v 822.22265625 -511.63464355 265.35430908
v 760.23620605 -503.54330444 427.55905151
usemtl Patch_1224_Mat_mat0
f 2273 2274 2275
usemtl Patch_1225_Mat_mat0
f 2274 2273 2276

# obj521
v 761.53875732 -473.86254883 499.14770508
v -233.07046509 -389.98092651 376.39389038
v -252.43554688 -363.24923706 392.3873291
usemtl Patch_1226_Mat_mat0
f 2277 2278 2279

# obj522
v 855.57452393 -119.32462311 265.3543396
v 790.0380249 -117.81855011 430.12008667
v 803.98205566 -118.14219666 265.3543396
v 841.29003906 -118.99307251 434.14224243
usemtl Patch_1227_Mat_mat0
f 2280 2281 2282
usemtl Patch_1228_Mat_mat0
f 2281 2280 2283

# obj523
v 856.36083984 -91.76552582 265.3543396
v 841.29003906 -118.99307251 434.14224243
v 855.57452393 -119.32462311 265.3543396
v 842.07745361 -91.43400574 434.12927246
usemtl Patch_1229_Mat_mat0
f 2284 2285 2286
usemtl Patch_1230_Mat_mat0
f 2285 2284 2287

# obj524
v 804.77246094 -90.58321381 265.3543396
v 842.07745361 -91.43400574 434.12927246
v 856.36083984 -91.76552582 265.3543396
v 790.82800293 -90.25955963 430.12472534
usemtl Patch_1231_Mat_mat0
f 2288 2289 2290
usemtl Patch_1232_Mat_mat0
f 2289 2288 2291

# obj525
v 846.12609863 -302.22854614 265.3543396
v 829.93103027 -328.68460083 433.38571167
v 844.15307617 -329.78713989 265.3543396
v 831.87890625 -301.12405396 433.68225098
usemtl Patch_1233_Mat_mat0
f 2292 2293 2294
usemtl Patch_1234_Mat_mat0
f 2293 2292 2295

# obj526
v 794.53375244 -298.28787231 265.3543396
v 831.87890625 -301.12405396 433.68225098
v 846.12609863 -302.22854614 265.3543396
v 780.68389893 -297.21420288 428.98791504
usemtl Patch_1235_Mat_mat0
f 2296 2297 2298
usemtl Patch_1236_Mat_mat0
f 2297 2296 2299

# obj527
v 822.22265625 -511.63464355 265.35430908
v 804.48754883 -537.26165771 431.60449219
v 818.67901611 -539.19360352 265.35430908
v 808.01385498 -509.70031738 431.80703735
usemtl Patch_1237_Mat_mat0
f 2300 2301 2302
usemtl Patch_1238_Mat_mat0
f 2301 2300 2303

# obj528
v 750.92456055 -556.67816162 498.19198608
v -257.42715454 -409.84735107 391.95263672
v -233.07046509 -389.98092651 376.39389038
usemtl Patch_1239_Mat_mat0
f 2304 2305 2306

# obj529
v 773.90325928 -350.07302856 500.20843506
v -240.54138184 -252.36155701 393.42349243
v -217.35827637 -231.3117218 373.36453247
usemtl Patch_1240_Mat_mat0
f 2307 2308 2309

# obj530
v -283.46456909 -358.66140747 15.74803543
v -240.54138184 -252.36155701 393.42349243
v -252.43554688 -363.24923706 392.3873291
v -274.40948486 -273.62207031 15.74803543
v -275.04522705 -273.40441895 7.87401772
v -273.03210449 -254.49868774 7.87401772
usemtl Patch_1241_Mat_mat0
f 2310 2311 2312
usemtl Patch_1242_Mat_mat0
f 2311 2310 2313
usemtl Patch_1243_Mat_mat0
f 2311 2313 2314
usemtl Patch_1244_Mat_mat0
f 2311 2314 2315

# obj531
v 858.41210938 -530.40997314 454.52545166
v 896.41815186 -320.55111694 265.35430908
v 873.9911499 -531.78839111 265.35430908
v 858.78753662 -483.91967773 509.38589478
v 871.63830566 -362.00665283 510.50131226
v 880.66796875 -319.33795166 456.3727417
usemtl Patch_1245_Mat_mat2
f 2316 2317 2318
usemtl Patch_1246_Mat_mat2
f 2317 2316 2319
usemtl Patch_1247_Mat_mat2
f 2317 2319 2320
usemtl Patch_1248_Mat_mat2
f 2317 2320 2321

# obj532
v 838.90985107 -630.78326416 507.58016968
v 873.9911499 -531.78839111 265.35430908
v 858.66143799 -633.85821533 265.35430908
v 847.8951416 -570.49633789 508.40817261
v 858.41210938 -530.40997314 454.52545166
usemtl Patch_1249_Mat_mat2
f 2322 2323 2324
usemtl Patch_1250_Mat_mat2
f 2323 2322 2325
usemtl Patch_1251_Mat_mat2
f 2323 2325 2326

# obj533
v -296.41525269 -454.03570557 15.74803543
v -263.15731812 -451.64471436 391.43106079
v -264.17324829 -459.05514526 391.33856201
v -290.00146484 -406.87548828 15.74803543
v -257.42715454 -409.84735107 391.95263672
usemtl Patch_1252_Mat_mat0
f 2327 2328 2329
usemtl Patch_1253_Mat_mat0
f 2328 2327 2330
usemtl Patch_1254_Mat_mat0
f 2328 2330 2331

# obj534
v 784.46807861 -142.59481812 500.91876221
v -207.52603149 -77.73378754 372.29418945
v 789.07794189 -104.05525208 449.85742188
usemtl Patch_1255_Mat_mat0
f 2332 2333 2334

# obj535
v 786.63977051 -66.66648102 501.00064087
v -207.52603149 -77.73378754 372.29418945
v -229.51905823 -52.75600815 394.197052
usemtl Patch_1256_Mat_mat0
f 2335 2336 2337

# obj536
v 786.63977051 -66.66648102 501.00064087
v 789.07794189 -104.05525208 449.85742188
v -207.52603149 -77.73378754 372.29418945
usemtl Patch_1257_Mat_mat0
f 2338 2339 2340

# obj537
v 902.23223877 0 466.71322632
v 903.29968262 -41.33858109 425.51550293
v 899.88995361 -41.33858109 466.71322632
v 905.64196777 0 425.51550293
usemtl Patch_1258_Mat_mat7
f 2341 2342 2343
usemtl Patch_1259_Mat_mat7
f 2342 2341 2344

# obj538
v -78.03632355 -272.56341553 402.36224365
v 21.99054146 -408.96722412 400.78744507
v -88.92129517 -372.7612915 402.36224365
v 38.06288147 -261.01876831 400.78744507
usemtl Patch_1260_Mat_mat5
f 2345 2346 2347
usemtl Patch_1261_Mat_mat5
f 2346 2345 2348

# obj539
v -78.03632355 -272.56341553 402.36224365
v 38.06288147 -261.01876831 402.36224365
v 38.06288147 -261.01876831 400.78744507
v -78.03632355 -272.56341553 403.93704224
usemtl Patch_1262_Mat_mat5
f 2349 2350 2351
usemtl Patch_1263_Mat_mat5
f 2350 2349 2352

# obj540
v 21.99054146 -408.96722412 402.36224365
v -78.03632355 -272.56341553 403.93704224
v -88.92129517 -372.7612915 403.93704224
v 38.06288147 -261.01876831 402.36224365
usemtl Patch_1264_Mat_mat5
f 2353 2354 2355
usemtl Patch_1265_Mat_mat5
f 2354 2353 2356

# obj541
v -68.3374939 -254.61749268 388.18899536
v -66.77189636 -254.78756714 386.61419678
v -68.3374939 -254.61749268 386.61419678
v -66.77189636 -254.78756714 394.48822021
v -68.3374939 -254.61749268 394.48822021
usemtl Patch_1266_Mat_mat5
f 2357 2358 2359
usemtl Patch_1267_Mat_mat5
f 2358 2357 2360
usemtl Patch_1268_Mat_mat5
f 2360 2357 2361

# obj542
v -227.55899048 -251.18110657 388.18899536
v -68.3374939 -254.61749268 386.61419678
v -227.55899048 -251.18110657 386.61419678
v -68.3374939 -254.61749268 388.18899536
usemtl Patch_1269_Mat_mat5
f 2362 2363 2364
usemtl Patch_1270_Mat_mat5
f 2363 2362 2365

# obj543
v 880.66796875 -319.33795166 456.3727417
v 902.71478271 -238.80490112 265.35430908
v 896.41815186 -320.55111694 265.35430908
v 886.90600586 -273.13375854 424.07272339
v 879.13336182 -280.29660034 511.13140869
v 895.40344238 -238.02807617 354.22467041
v 891.39837646 -214.42459106 424.43167114
v 901.23748779 -162.48178101 354.04428101
v 895.90405273 -155.54269409 424.79162598
v 883.48974609 -273.12420654 465.26989746
v 889.21746826 -148.51220703 511.93710327
v 887.9821167 -214.41503906 465.62884521
v 892.48773193 -155.53314209 465.98883057
v 912.74493408 -108.58839417 265.35430908
v 908.55029297 -163.0450592 265.35430908
v 896.87573242 -106.90231323 458.24703979
usemtl Patch_1271_Mat_mat2
f 2366 2367 2368
usemtl Patch_1272_Mat_mat2
f 2367 2366 2369
usemtl Patch_1273_Mat_mat2
f 2369 2366 2370
usemtl Patch_1274_Mat_mat2
f 2367 2369 2371
usemtl Patch_1275_Mat_mat2
f 2371 2369 2372
usemtl Patch_1276_Mat_mat2
f 2371 2372 2373
usemtl Patch_1277_Mat_mat2
f 2373 2372 2374
usemtl Patch_1278_Mat_mat2
f 2370 2375 2369
usemtl Patch_1279_Mat_mat2
f 2375 2370 2376
usemtl Patch_1280_Mat_mat2
f 2375 2376 2377
usemtl Patch_1281_Mat_mat2
f 2377 2376 2378
usemtl Patch_1282_Mat_mat2
f 2373 2379 2380
usemtl Patch_1283_Mat_mat2
f 2379 2373 2374
usemtl Patch_1284_Mat_mat2
f 2379 2374 2378
usemtl Patch_1285_Mat_mat2
f 2379 2378 2376
usemtl Patch_1286_Mat_mat2
f 2379 2376 2381

# obj544
v 898.43286133 0 512.6192627
v 899.88995361 -41.33858109 466.71322632
v 894.62530518 -67.59226227 512.34942627
v 902.23223877 0 466.71322632
v 896.87573242 -106.90231323 458.24703979
v 918.89764404 0 265.3543396
v 912.74493408 -108.58839417 265.35430908
v 903.29968262 -41.33858109 425.51550293
v 905.64196777 0 425.51550293
usemtl Patch_1287_Mat_mat2
f 2382 2383 2384
usemtl Patch_1288_Mat_mat2
f 2383 2382 2385
usemtl Patch_1289_Mat_mat2
f 2386 2387 2388
usemtl Patch_1290_Mat_mat2
f 2387 2386 2384
usemtl Patch_1291_Mat_mat2
f 2387 2384 2389
usemtl Patch_1292_Mat_mat2
f 2389 2384 2383
usemtl Patch_1293_Mat_mat2
f 2387 2389 2390

# obj545
v 773.90325928 -350.07302856 500.20843506
v -217.35827637 -231.3117218 373.36453247
v 778.85601807 -311.17590332 448.67599487
usemtl Patch_1294_Mat_mat0
f 2391 2392 2393

# obj546
v 829.93103027 -328.68460083 433.38571167
v 827.72137451 -357.45401001 505.87780762
v 826.41040039 -375.99942017 505.77578735
v 830.82781982 -315.34237671 452.60494995
v 831.87890625 -301.12405396 433.68225098
v 833.36706543 -277.58822632 506.31713867
v 835.06481934 -253.57199097 506.44924927
usemtl Patch_1295_Mat_mat0
f 2394 2395 2396
usemtl Patch_1296_Mat_mat0
f 2395 2394 2397
usemtl Patch_1297_Mat_mat0
f 2397 2394 2398
usemtl Patch_1298_Mat_mat0
f 2397 2398 2399
usemtl Patch_1299_Mat_mat0
f 2399 2398 2400

# obj547
v -240.54138184 -252.36155701 393.42349243
v 761.53875732 -473.86254883 499.14770508
v -252.43554688 -363.24923706 392.3873291
v 773.90325928 -350.07302856 500.20843506
v 763.88061523 -455.59014893 499.35858154
v 772.39788818 -371.18249512 500.09091187
v 813.97589111 -461.4894104 504.63391113
v 826.41040039 -375.99942017 505.77578735
v 858.78753662 -483.91967773 509.38589478
v 811.70898438 -479.20870972 504.42984009
v 827.72137451 -357.45401001 505.87780762
v 871.63830566 -362.00665283 510.50131226
usemtl Patch_1300_Mat_mat0
f 2401 2402 2403
usemtl Patch_1301_Mat_mat0
f 2402 2401 2404
usemtl Patch_1302_Mat_mat0
f 2402 2404 2405
usemtl Patch_1303_Mat_mat0
f 2405 2404 2406
usemtl Patch_1304_Mat_mat0
f 2406 2407 2405
usemtl Patch_1305_Mat_mat0
f 2407 2406 2408
usemtl Patch_1306_Mat_mat0
f 2407 2409 2410
usemtl Patch_1307_Mat_mat0
f 2409 2407 2408
usemtl Patch_1308_Mat_mat0
f 2409 2408 2411
usemtl Patch_1309_Mat_mat0
f 2409 2411 2412

# obj548
v 778.71136475 -324.77301025 429.00177002
v 794.53375244 -298.28787231 265.3543396
v 792.56237793 -325.84677124 265.3543396
v 780.68389893 -297.21420288 428.98791504
usemtl Patch_1310_Mat_mat0
f 2413 2414 2415
usemtl Patch_1311_Mat_mat0
f 2414 2413 2416

# obj549
v 829.93103027 -328.68460083 433.38571167
v 792.56237793 -325.84677124 265.3543396
v 844.15307617 -329.78713989 265.3543396
v 778.71136475 -324.77301025 429.00177002
usemtl Patch_1312_Mat_mat0
f 2417 2418 2419
usemtl Patch_1313_Mat_mat0
f 2418 2417 2420

# obj550
v 30.19053841 -361.03488159 -31.49597168
v 29.89307594 -364.96063232 8.976E-05
v 29.89307404 -364.96063232 -31.49597168
v 30.19053841 -361.03488159 -3.93691945
v 50.90018463 -87.72122955 -29.13376999
v 50.18796539 -97.12068176 -22.83455658
v 50.18796539 -97.12068176 -29.13376999
v 50.54407501 -92.42095947 -25.19684982
v 51.25629425 -83.02149963 -25.19684982
v 50.90018463 -87.72122955 -31.49605751
v 51.25629425 -83.02149963 -31.49605751
v 49.47574615 -106.5201416 -16.53534508
v 49.47574615 -106.5201416 -22.83455658
v 49.83185577 -101.82041168 -18.89763832
v 50.54407501 -92.42095947 -18.89763832
v 48.76352692 -115.91960144 -10.23613262
v 48.76352692 -115.91960144 -16.53534508
v 49.11963654 -111.21987152 -12.59842491
v 49.83185577 -101.82041168 -12.59842491
v 48.10995102 -124.54508209 -3.93691945
v 48.10995102 -124.54508209 -10.23613262
v 48.40741348 -120.61933136 -6.29921246
v 49.11963654 -111.21987152 -6.29921246
v 48.40741348 -120.61933136 -9E-08
usemtl Patch_1314_Mat_mat1
f 2421 2422 2423
usemtl Patch_1315_Mat_mat1
f 2422 2421 2424
usemtl Patch_1316_Mat_mat1
f 2425 2426 2427
usemtl Patch_1317_Mat_mat1
f 2426 2425 2428
usemtl Patch_1318_Mat_mat1
f 2428 2425 2429
usemtl Patch_1319_Mat_mat1
f 2429 2425 2430
usemtl Patch_1320_Mat_mat1
f 2429 2430 2431
usemtl Patch_1321_Mat_mat1
f 2426 2432 2433
usemtl Patch_1322_Mat_mat1
f 2432 2426 2434
usemtl Patch_1323_Mat_mat1
f 2434 2426 2435
usemtl Patch_1324_Mat_mat1
f 2435 2426 2428
usemtl Patch_1325_Mat_mat1
f 2432 2436 2437
usemtl Patch_1326_Mat_mat1
f 2436 2432 2438
usemtl Patch_1327_Mat_mat1
f 2438 2432 2439
usemtl Patch_1328_Mat_mat1
f 2439 2432 2434
usemtl Patch_1329_Mat_mat1
f 2436 2440 2441
usemtl Patch_1330_Mat_mat1
f 2440 2436 2442
usemtl Patch_1331_Mat_mat1
f 2442 2436 2443
usemtl Patch_1332_Mat_mat1
f 2443 2436 2438
usemtl Patch_1333_Mat_mat1
f 2424 2444 2422
usemtl Patch_1334_Mat_mat1
f 2444 2424 2440
usemtl Patch_1335_Mat_mat1
f 2444 2440 2442

# obj551
v 49.11963654 -111.21987152 -12.59842491
v 12.20472431 -99.21260071 -12.59842491
v 12.20472431 -108.6614151 -12.59842491
v 49.83185577 -101.82041168 -12.59842491
usemtl Patch_1336_Mat_mat3
f 2445 2446 2447
usemtl Patch_1337_Mat_mat3
f 2446 2445 2448

# obj552
v 49.83185577 -101.82041168 -18.89763832
v 12.20472431 -89.76377869 -18.89763832
v 12.20472431 -99.21260071 -18.89763832
v 50.54407501 -92.42095947 -18.89763832
usemtl Patch_1338_Mat_mat3
f 2449 2450 2451
usemtl Patch_1339_Mat_mat3
f 2450 2449 2452

# obj553
v 50.54407501 -92.42095947 -25.19684982
v 12.20472431 -80.31496429 -25.19684982
v 12.20472431 -89.76377869 -25.19684982
v 51.25629425 -83.02149963 -25.19684982
usemtl Patch_1340_Mat_mat3
f 2453 2454 2455
usemtl Patch_1341_Mat_mat3
f 2454 2453 2456

# obj554
v 12.20472431 -118.11023712 0
v 48.40741348 -120.61933136 -6.29921246
v 12.20472431 -118.11023712 -6.29921246
v 48.40741348 -120.61933136 -9E-08
usemtl Patch_1342_Mat_mat3
f 2457 2458 2459
usemtl Patch_1343_Mat_mat3
f 2458 2457 2460

# obj555
v 48.40741348 -120.61933136 -6.29921246
v 12.20472431 -108.6614151 -6.29921246
v 12.20472431 -118.11023712 -6.29921246
v 49.11963654 -111.21987152 -6.29921246
usemtl Patch_1344_Mat_mat3
f 2461 2462 2463
usemtl Patch_1345_Mat_mat3
f 2462 2461 2464

# obj556
v 12.20472431 -108.6614151 -6.29921246
v 49.11963654 -111.21987152 -12.59842491
v 12.20472431 -108.6614151 -12.59842491
v 49.11963654 -111.21987152 -6.29921246
usemtl Patch_1346_Mat_mat3
f 2465 2466 2467
usemtl Patch_1347_Mat_mat3
f 2466 2465 2468

# obj557
v 12.20472431 -99.21260071 -12.59842491
v 49.83185577 -101.82041168 -18.89763832
v 12.20472431 -99.21260071 -18.89763832
v 49.83185577 -101.82041168 -12.59842491
usemtl Patch_1348_Mat_mat3
f 2469 2470 2471
usemtl Patch_1349_Mat_mat3
f 2470 2469 2472

# obj558
v 12.20472431 -89.76377869 -18.89763832
v 50.54407501 -92.42095947 -25.19684982
v 12.20472431 -89.76377869 -25.19684982
v 50.54407501 -92.42095947 -18.89763832
usemtl Patch_1350_Mat_mat3
f 2473 2474 2475
usemtl Patch_1351_Mat_mat3
f 2474 2473 2476

# obj559
v 12.20472431 -80.31496429 -25.19684982
v 51.25629425 -83.02149963 -31.49605751
v 12.20472431 -80.31496429 -31.49605751
v 51.25629425 -83.02149963 -25.19684982
usemtl Patch_1352_Mat_mat3
f 2477 2478 2479
usemtl Patch_1353_Mat_mat3
f 2478 2477 2480

# obj560
v 22.33902931 -360.43994141 -31.49597168
v 40.25844193 -123.95015717 -3.93691945
v 22.33902931 -360.43994141 -3.93691945
v 40.25844193 -123.95015717 -10.23613262
v 40.91201782 -115.32467651 -16.53534508
v 42.3364563 -96.52575684 -29.13376999
v 43.04867554 -87.126297 -31.49605751
v 41.62423706 -105.92521667 -22.83455658
v 43.04867554 -87.126297 -29.13376999
v 42.3364563 -96.52575684 -22.83455658
v 41.62423706 -105.92521667 -16.53534508
v 40.91201782 -115.32467651 -10.23613262
usemtl Patch_1354_Mat_mat1
f 2481 2482 2483
usemtl Patch_1355_Mat_mat1
f 2482 2481 2484
usemtl Patch_1356_Mat_mat1
f 2481 2485 2484
usemtl Patch_1357_Mat_mat1
f 2485 2481 2486
usemtl Patch_1358_Mat_mat1
f 2486 2481 2487
usemtl Patch_1359_Mat_mat1
f 2485 2486 2488
usemtl Patch_1360_Mat_mat1
f 2486 2487 2489
usemtl Patch_1361_Mat_mat1
f 2490 2488 2486
usemtl Patch_1362_Mat_mat1
f 2491 2485 2488
usemtl Patch_1363_Mat_mat1
f 2492 2484 2485

# obj561
v 50.90018463 -87.72122955 -29.13376999
v 43.04867554 -87.126297 -31.49605751
v 50.90018463 -87.72122955 -31.49605751
v 43.04867554 -87.126297 -29.13376999
usemtl Patch_1364_Mat_mat1
f 2493 2494 2495
usemtl Patch_1365_Mat_mat1
f 2494 2493 2496

# obj562
v 43.04867554 -87.126297 -29.13376999
v 50.18796539 -97.12068176 -29.13376999
v 42.3364563 -96.52575684 -29.13376999
v 50.90018463 -87.72122955 -29.13376999
usemtl Patch_1366_Mat_mat1
f 2497 2498 2499
usemtl Patch_1367_Mat_mat1
f 2498 2497 2500

# obj563
v 50.18796539 -97.12068176 -22.83455658
v 42.3364563 -96.52575684 -29.13376999
v 50.18796539 -97.12068176 -29.13376999
v 42.3364563 -96.52575684 -22.83455658
usemtl Patch_1368_Mat_mat1
f 2501 2502 2503
usemtl Patch_1369_Mat_mat1
f 2502 2501 2504

# obj564
v 42.3364563 -96.52575684 -22.83455658
v 49.47574615 -106.5201416 -22.83455658
v 41.62423706 -105.92521667 -22.83455658
v 50.18796539 -97.12068176 -22.83455658
usemtl Patch_1370_Mat_mat1
f 2505 2506 2507
usemtl Patch_1371_Mat_mat1
f 2506 2505 2508

# obj565
v 49.47574615 -106.5201416 -16.53534508
v 41.62423706 -105.92521667 -22.83455658
v 49.47574615 -106.5201416 -22.83455658
v 41.62423706 -105.92521667 -16.53534508
usemtl Patch_1372_Mat_mat1
f 2509 2510 2511
usemtl Patch_1373_Mat_mat1
f 2510 2509 2512

# obj566
v 41.62423706 -105.92521667 -16.53534508
v 48.76352692 -115.91960144 -16.53534508
v 40.91201782 -115.32467651 -16.53534508
v 49.47574615 -106.5201416 -16.53534508
usemtl Patch_1374_Mat_mat1
f 2513 2514 2515
usemtl Patch_1375_Mat_mat1
f 2514 2513 2516

# obj567
v 48.76352692 -115.91960144 -10.23613262
v 40.91201782 -115.32467651 -16.53534508
v 48.76352692 -115.91960144 -16.53534508
v 40.91201782 -115.32467651 -10.23613262
usemtl Patch_1376_Mat_mat1
f 2517 2518 2519
usemtl Patch_1377_Mat_mat1
f 2518 2517 2520

# obj568
v 40.91201782 -115.32467651 -10.23613262
v 48.10995102 -124.54508209 -10.23613262
v 40.25844193 -123.95015717 -10.23613262
v 48.76352692 -115.91960144 -10.23613262
usemtl Patch_1378_Mat_mat1
f 2521 2522 2523
usemtl Patch_1379_Mat_mat1
f 2522 2521 2524

# obj569
v 48.10995102 -124.54508209 -3.93691945
v 40.25844193 -123.95015717 -10.23613262
v 48.10995102 -124.54508209 -10.23613262
v 40.25844193 -123.95015717 -3.93691945
usemtl Patch_1380_Mat_mat1
f 2525 2526 2527
usemtl Patch_1381_Mat_mat1
f 2526 2525 2528

# obj570
v 40.25844193 -123.95015717 -3.93691945
v 30.19053841 -361.03488159 -3.93691945
v 22.33902931 -360.43994141 -3.93691945
v 48.10995102 -124.54508209 -3.93691945
usemtl Patch_1382_Mat_mat1
f 2529 2530 2531
usemtl Patch_1383_Mat_mat1
f 2530 2529 2532

# obj571
v 22.33902931 -360.43994141 -3.93691945
v 30.19053841 -361.03488159 -31.49597168
v 22.33902931 -360.43994141 -31.49597168
v 30.19053841 -361.03488159 -3.93691945
usemtl Patch_1384_Mat_mat1
f 2533 2534 2535
usemtl Patch_1385_Mat_mat1
f 2534 2533 2536

# obj572
v -186.11000061 -354.79522705 21.65354729
v -201.104599 -399.27203369 15.74803543
v -201.104599 -399.27203369 21.63566589
v -186.11000061 -354.79522705 15.74803543
usemtl Patch_1386_Mat_mat3
f 2537 2538 2539
usemtl Patch_1387_Mat_mat3
f 2538 2537 2540

# obj573
v -189.89793396 -403.05255127 21.63566589
v -186.11000061 -354.79522705 21.65354729
v -201.104599 -399.27203369 21.63566589
v -174.90333557 -358.57574463 21.65354729
usemtl Patch_1388_Mat_mat3
f 2541 2542 2543
usemtl Patch_1389_Mat_mat3
f 2542 2541 2544

# obj574
v -174.90333557 -358.57574463 27.55905724
v -189.89793396 -403.05255127 21.63566589
v -189.89793396 -403.05255127 27.54117775
v -174.90333557 -358.57574463 21.65354729
usemtl Patch_1390_Mat_mat3
f 2545 2546 2547
usemtl Patch_1391_Mat_mat3
f 2546 2545 2548

# obj575
v -178.69126892 -406.83306885 27.54117775
v -174.90333557 -358.57574463 27.55905724
v -189.89793396 -403.05255127 27.54117775
v -163.69667053 -362.35626221 27.55905724
usemtl Patch_1392_Mat_mat3
f 2549 2550 2551
usemtl Patch_1393_Mat_mat3
f 2550 2549 2552

# obj576
v -163.69667053 -362.35626221 33.46456909
v -178.69126892 -406.83306885 27.54117775
v -178.69126892 -406.83306885 33.44668961
v -163.69667053 -362.35626221 27.55905724
usemtl Patch_1394_Mat_mat3
f 2553 2554 2555
usemtl Patch_1395_Mat_mat3
f 2554 2553 2556

# obj577
v -152.49000549 -366.13677979 39.37007904
v -167.48458862 -410.61355591 33.44668961
v -167.48458862 -410.61355591 39.35219955
v -152.49000549 -366.13677979 33.46456909
usemtl Patch_1396_Mat_mat3
f 2557 2558 2559
usemtl Patch_1397_Mat_mat3
f 2558 2557 2560

# obj578
v -167.48458862 -410.61355591 33.44668961
v -163.69667053 -362.35626221 33.46456909
v -178.69126892 -406.83306885 33.44668961
v -152.49000549 -366.13677979 33.46456909
usemtl Patch_1398_Mat_mat3
f 2561 2562 2563
usemtl Patch_1399_Mat_mat3
f 2562 2561 2564

# obj579
v -141.28335571 -369.91729736 45.2755928
v -156.27792358 -414.39407349 39.35219955
v -156.27792358 -414.39407349 45.2577095
v -141.28335571 -369.91729736 39.37007904
usemtl Patch_1400_Mat_mat3
f 2565 2566 2567
usemtl Patch_1401_Mat_mat3
f 2566 2565 2568

# obj580
v -156.27792358 -414.39407349 39.35219955
v -152.49000549 -366.13677979 39.37007904
v -167.48458862 -410.61355591 39.35219955
v -141.28335571 -369.91729736 39.37007904
usemtl Patch_1402_Mat_mat3
f 2569 2570 2571
usemtl Patch_1403_Mat_mat3
f 2570 2569 2572

# obj581
v -130.07669067 -373.69781494 51.18110275
v -145.07125854 -418.17459106 45.2577095
v -145.07125854 -418.17459106 51.16322327
v -130.07669067 -373.69781494 45.2755928
usemtl Patch_1404_Mat_mat3
f 2573 2574 2575
usemtl Patch_1405_Mat_mat3
f 2574 2573 2576

# obj582
v -145.07125854 -418.17459106 45.2577095
v -141.28335571 -369.91729736 45.2755928
v -156.27792358 -414.39407349 45.2577095
v -130.07669067 -373.69781494 45.2755928
usemtl Patch_1406_Mat_mat3
f 2577 2578 2579
usemtl Patch_1407_Mat_mat3
f 2578 2577 2580

# obj583
v -118.87002563 -377.47833252 57.0866127
v -133.86459351 -421.95507812 51.16322327
v -133.86459351 -421.95507812 57.06873322
v -118.87002563 -377.47833252 51.18110275
usemtl Patch_1408_Mat_mat3
f 2581 2582 2583
usemtl Patch_1409_Mat_mat3
f 2582 2581 2584

# obj584
v -133.86459351 -421.95507812 51.16322327
v -130.07669067 -373.69781494 51.18110275
v -145.07125854 -418.17459106 51.16322327
v -118.87002563 -377.47833252 51.18110275
usemtl Patch_1410_Mat_mat3
f 2585 2586 2587
usemtl Patch_1411_Mat_mat3
f 2586 2585 2588

# obj585
v -107.6633606 -381.2588501 62.99212265
v -122.65792847 -425.7355957 57.06873322
v -122.65792847 -425.7355957 62.97424316
v -107.6633606 -381.2588501 57.0866127
usemtl Patch_1412_Mat_mat3
f 2589 2590 2591
usemtl Patch_1413_Mat_mat3
f 2590 2589 2592

# obj586
v -122.65792847 -425.7355957 57.06873322
v -118.87002563 -377.47833252 57.0866127
v -133.86459351 -421.95507812 57.06873322
v -107.6633606 -381.2588501 57.0866127
usemtl Patch_1414_Mat_mat3
f 2593 2594 2595
usemtl Patch_1415_Mat_mat3
f 2594 2593 2596

# obj587
v -111.41749573 -429.52804565 62.97424316
v -107.6633606 -381.2588501 62.99212265
v -122.65792847 -425.7355957 62.97424316
v -96.45685577 -385.03982544 62.99212265
usemtl Patch_1416_Mat_mat3
f 2597 2598 2599
usemtl Patch_1417_Mat_mat3
f 2598 2597 2600

# obj588
v -92.12600708 -436.22045898 59.84251785
v -111.41749573 -429.52804565 62.97424316
v -111.41733551 -429.52755737 59.84251785
v -92.12600708 -436.22045898 68.89763641
v -111.41733551 -429.52755737 68.89763641
usemtl Patch_1418_Mat_mat1
f 2601 2602 2603
usemtl Patch_1419_Mat_mat1
f 2602 2601 2604
usemtl Patch_1420_Mat_mat1
f 2602 2604 2605

# obj589
v -111.41733551 -429.52755737 68.89763641
v -96.45685577 -385.03982544 62.99212265
v -111.41749573 -429.52804565 62.97424316
v -96.45670319 -385.03936768 68.89763641
usemtl Patch_1421_Mat_mat3
f 2606 2607 2608
usemtl Patch_1422_Mat_mat3
f 2607 2606 2609

# obj590
v -194.27218628 -352.04135132 15.74803543
v -183.12562561 -355.80194092 12.85340118
v -194.27218628 -352.04135132 6.81003475
v -186.11000061 -354.79522705 15.74803543
v -183.12562561 -355.80194092 18.33355522
v -186.11000061 -354.79522705 21.65354729
v -171.91896057 -359.58248901 18.33355522
v -174.90333557 -358.57574463 21.65354729
v -171.91896057 -359.58248901 24.23906708
v -174.90333557 -358.57574463 27.55905724
v -160.71231079 -363.36300659 24.23906708
v -163.69667053 -362.35626221 27.55905724
v -160.71231079 -363.36300659 30.14457893
v -163.69667053 -362.35626221 33.46456909
v -149.50564575 -367.14355469 30.14457893
v -152.49000549 -366.13677979 33.46456909
v -149.50564575 -367.14355469 36.05009079
v -152.49000549 -366.13677979 39.37007904
v -138.29898071 -370.92407227 36.05009079
v -141.28335571 -369.91729736 39.37007904
v -138.29898071 -370.92407227 41.95560074
v -141.28335571 -369.91729736 45.2755928
v -127.0923233 -374.70458984 41.95560074
v -130.07669067 -373.69781494 45.2755928
v -127.0923233 -374.70458984 47.8611145
v -130.07669067 -373.69781494 51.18110275
v -115.88565826 -378.4850769 47.8611145
v -118.87002563 -377.47833252 51.18110275
v -115.88565826 -378.4850769 53.76662445
v -118.87002563 -377.47833252 57.0866127
v -104.67899323 -382.26559448 53.76662445
v -107.6633606 -381.2588501 57.0866127
v -104.67899323 -382.26559448 59.84251785
v -107.6633606 -381.2588501 62.99212265
v -96.45670319 -385.03936768 59.84251785
v -96.45685577 -385.03982544 62.99212265
usemtl Patch_1423_Mat_mat3
f 2610 2611 2612
usemtl Patch_1424_Mat_mat3
f 2611 2610 2613
usemtl Patch_1425_Mat_mat3
f 2611 2613 2614
usemtl Patch_1426_Mat_mat3
f 2614 2613 2615
usemtl Patch_1427_Mat_mat3
f 2614 2615 2616
usemtl Patch_1428_Mat_mat3
f 2616 2615 2617
usemtl Patch_1429_Mat_mat3
f 2616 2617 2618
usemtl Patch_1430_Mat_mat3
f 2618 2617 2619
usemtl Patch_1431_Mat_mat3
f 2618 2619 2620
usemtl Patch_1432_Mat_mat3
f 2620 2619 2621
usemtl Patch_1433_Mat_mat3
f 2620 2621 2622
usemtl Patch_1434_Mat_mat3
f 2622 2621 2623
usemtl Patch_1435_Mat_mat3
f 2622 2623 2624
usemtl Patch_1436_Mat_mat3
f 2624 2623 2625
usemtl Patch_1437_Mat_mat3
f 2624 2625 2626
usemtl Patch_1438_Mat_mat3
f 2626 2625 2627
usemtl Patch_1439_Mat_mat3
f 2626 2627 2628
usemtl Patch_1440_Mat_mat3
f 2628 2627 2629
usemtl Patch_1441_Mat_mat3
f 2628 2629 2630
usemtl Patch_1442_Mat_mat3
f 2630 2629 2631
usemtl Patch_1443_Mat_mat3
f 2630 2631 2632
usemtl Patch_1444_Mat_mat3
f 2632 2631 2633
usemtl Patch_1445_Mat_mat3
f 2632 2633 2634
usemtl Patch_1446_Mat_mat3
f 2634 2633 2635
usemtl Patch_1447_Mat_mat3
f 2634 2635 2636
usemtl Patch_1448_Mat_mat3
f 2636 2635 2637
usemtl Patch_1449_Mat_mat3
f 2636 2637 2638
usemtl Patch_1450_Mat_mat3
f 2638 2637 2639
usemtl Patch_1451_Mat_mat3
f 2638 2639 2640
usemtl Patch_1452_Mat_mat3
f 2640 2639 2641
usemtl Patch_1453_Mat_mat3
f 2640 2641 2642
usemtl Patch_1454_Mat_mat3
f 2642 2641 2643
usemtl Patch_1455_Mat_mat3
f 2642 2643 2644
usemtl Patch_1456_Mat_mat3
f 2644 2643 2645

# obj591
v -104.67899323 -382.26559448 59.84251785
v -111.41733551 -429.52755737 59.84251785
v -120.21138763 -426.56088257 59.84251785
v -96.45670319 -385.03936768 59.84251785
usemtl Patch_1457_Mat_mat3
f 2646 2647 2648
usemtl Patch_1458_Mat_mat3
f 2647 2646 2649

# obj592
v -120.21138 -426.56088257 53.91912842
v -104.67899323 -382.26559448 59.84251785
v -120.21138763 -426.56088257 59.84251785
v -104.67899323 -382.26559448 53.76662445
usemtl Patch_1459_Mat_mat3
f 2650 2651 2652
usemtl Patch_1460_Mat_mat3
f 2651 2650 2653

# obj593
v -115.88565826 -378.4850769 53.76662445
v -120.21138 -426.56088257 53.91912842
v -130.88023376 -422.96185303 53.91912842
v -104.67899323 -382.26559448 53.76662445
usemtl Patch_1461_Mat_mat3
f 2654 2655 2656
usemtl Patch_1462_Mat_mat3
f 2655 2654 2657

# obj594
v -130.88018799 -422.96176147 48.01361465
v -115.88565826 -378.4850769 53.76662445
v -130.88023376 -422.96185303 53.91912842
v -115.88565826 -378.4850769 47.8611145
usemtl Patch_1463_Mat_mat3
f 2658 2659 2660
usemtl Patch_1464_Mat_mat3
f 2659 2658 2661

# obj595
v -127.0923233 -374.70458984 47.8611145
v -130.88018799 -422.96176147 48.01361465
v -142.0868988 -419.18133545 48.01361465
v -115.88565826 -378.4850769 47.8611145
usemtl Patch_1465_Mat_mat3
f 2662 2663 2664
usemtl Patch_1466_Mat_mat3
f 2663 2662 2665

# obj596
v -142.08685303 -419.18121338 42.10810471
v -127.0923233 -374.70458984 47.8611145
v -142.0868988 -419.18133545 48.01361465
v -127.0923233 -374.70458984 41.95560074
usemtl Patch_1467_Mat_mat3
f 2666 2667 2668
usemtl Patch_1468_Mat_mat3
f 2667 2666 2669

# obj597
v -138.29898071 -370.92407227 41.95560074
v -142.08685303 -419.18121338 42.10810471
v -153.29356384 -415.40084839 42.10810471
v -127.0923233 -374.70458984 41.95560074
usemtl Patch_1469_Mat_mat3
f 2670 2671 2672
usemtl Patch_1470_Mat_mat3
f 2671 2670 2673

# obj598
v -153.29351807 -415.4006958 36.20259476
v -138.29898071 -370.92407227 41.95560074
v -153.29356384 -415.40084839 42.10810471
v -138.29898071 -370.92407227 36.05009079
usemtl Patch_1471_Mat_mat3
f 2674 2675 2676
usemtl Patch_1472_Mat_mat3
f 2675 2674 2677

# obj599
v -164.50016785 -411.62017822 30.2970829
v -149.50564575 -367.14355469 36.05009079
v -164.50022888 -411.62033081 36.20259476
v -149.50564575 -367.14355469 30.14457893
usemtl Patch_1473_Mat_mat3
f 2678 2679 2680
usemtl Patch_1474_Mat_mat3
f 2679 2678 2681

# obj600
v -149.50564575 -367.14355469 36.05009079
v -153.29351807 -415.4006958 36.20259476
v -164.50022888 -411.62033081 36.20259476
v -138.29898071 -370.92407227 36.05009079
usemtl Patch_1475_Mat_mat3
f 2682 2683 2684
usemtl Patch_1476_Mat_mat3
f 2683 2682 2685

# obj601
v -111.41749573 -429.52804565 62.97424316
v -120.21138763 -426.56088257 59.84251785
v -111.41733551 -429.52755737 59.84251785
v -122.65792847 -425.7355957 62.97424316
v -122.65792847 -425.7355957 57.06873322
v -120.21138 -426.56088257 53.91912842
v -130.88018799 -422.96176147 48.01361465
v -133.86459351 -421.95507812 51.16322327
v -142.0868988 -419.18133545 48.01361465
v -130.88023376 -422.96185303 53.91912842
v -133.86459351 -421.95507812 57.06873322
v -142.08685303 -419.18121338 42.10810471
v -145.07125854 -418.17459106 45.2577095
v -153.29356384 -415.40084839 42.10810471
v -145.07125854 -418.17459106 51.16322327
v -153.29351807 -415.4006958 36.20259476
v -156.27792358 -414.39407349 39.35219955
v -164.50022888 -411.62033081 36.20259476
v -156.27792358 -414.39407349 45.2577095
v -164.50016785 -411.62017822 30.2970829
v -167.48458862 -410.61355591 33.44668961
v -175.70689392 -407.83981323 30.2970829
v -167.48458862 -410.61355591 39.35219955
v -175.70683289 -407.83963013 24.39157104
v -178.69126892 -406.83306885 27.54117775
v -186.91355896 -404.05932617 24.39157104
v -178.69126892 -406.83306885 33.44668961
v -186.91348267 -404.05908203 18.4860611
v -189.89793396 -403.05255127 21.63566589
v -198.120224 -400.27880859 18.4860611
v -189.89793396 -403.05255127 27.54117775
v -201.104599 -399.27203369 15.74803543
v -198.12017822 -400.27865601 12.8350153
v -201.104599 -399.27203369 21.63566589
v -209.42832947 -396.46453857 15.74803543
v -209.42807007 -396.46374512 6.70420027
usemtl Patch_1477_Mat_mat3
f 2686 2687 2688
usemtl Patch_1478_Mat_mat3
f 2687 2686 2689
usemtl Patch_1479_Mat_mat3
f 2687 2690 2691
usemtl Patch_1480_Mat_mat3
f 2690 2687 2689
usemtl Patch_1481_Mat_mat3
f 2692 2693 2694
usemtl Patch_1482_Mat_mat3
f 2693 2692 2695
usemtl Patch_1483_Mat_mat3
f 2693 2695 2696
usemtl Patch_1484_Mat_mat3
f 2696 2695 2691
usemtl Patch_1485_Mat_mat3
f 2696 2691 2690
usemtl Patch_1486_Mat_mat3
f 2697 2698 2699
usemtl Patch_1487_Mat_mat3
f 2698 2697 2694
usemtl Patch_1488_Mat_mat3
f 2698 2694 2700
usemtl Patch_1489_Mat_mat3
f 2700 2694 2693
usemtl Patch_1490_Mat_mat3
f 2701 2702 2703
usemtl Patch_1491_Mat_mat3
f 2702 2701 2699
usemtl Patch_1492_Mat_mat3
f 2702 2699 2704
usemtl Patch_1493_Mat_mat3
f 2704 2699 2698
usemtl Patch_1494_Mat_mat3
f 2705 2706 2707
usemtl Patch_1495_Mat_mat3
f 2706 2705 2703
usemtl Patch_1496_Mat_mat3
f 2706 2703 2708
usemtl Patch_1497_Mat_mat3
f 2708 2703 2702
usemtl Patch_1498_Mat_mat3
f 2709 2710 2711
usemtl Patch_1499_Mat_mat3
f 2710 2709 2707
usemtl Patch_1500_Mat_mat3
f 2710 2707 2712
usemtl Patch_1501_Mat_mat3
f 2712 2707 2706
usemtl Patch_1502_Mat_mat3
f 2713 2714 2715
usemtl Patch_1503_Mat_mat3
f 2714 2713 2711
usemtl Patch_1504_Mat_mat3
f 2714 2711 2716
usemtl Patch_1505_Mat_mat3
f 2716 2711 2710
usemtl Patch_1506_Mat_mat3
f 2715 2717 2718
usemtl Patch_1507_Mat_mat3
f 2717 2715 2719
usemtl Patch_1508_Mat_mat3
f 2719 2715 2714
usemtl Patch_1509_Mat_mat3
f 2718 2720 2721
usemtl Patch_1510_Mat_mat3
f 2720 2718 2717

# obj602
v -160.71231079 -363.36300659 30.14457893
v -164.50016785 -411.62017822 30.2970829
v -175.70689392 -407.83981323 30.2970829
v -149.50564575 -367.14355469 30.14457893
usemtl Patch_1511_Mat_mat3
f 2722 2723 2724
usemtl Patch_1512_Mat_mat3
f 2723 2722 2725

# obj603
v -175.70683289 -407.83963013 24.39157104
v -160.71231079 -363.36300659 30.14457893
v -175.70689392 -407.83981323 30.2970829
v -160.71231079 -363.36300659 24.23906708
usemtl Patch_1513_Mat_mat3
f 2726 2727 2728
usemtl Patch_1514_Mat_mat3
f 2727 2726 2729

# obj604
v -171.91896057 -359.58248901 24.23906708
v -175.70683289 -407.83963013 24.39157104
v -186.91355896 -404.05932617 24.39157104
v -160.71231079 -363.36300659 24.23906708
usemtl Patch_1515_Mat_mat3
f 2730 2731 2732
usemtl Patch_1516_Mat_mat3
f 2731 2730 2733

# obj605
v -186.91348267 -404.05908203 18.4860611
v -171.91896057 -359.58248901 24.23906708
v -186.91355896 -404.05932617 24.39157104
v -171.91896057 -359.58248901 18.33355522
usemtl Patch_1517_Mat_mat3
f 2734 2735 2736
usemtl Patch_1518_Mat_mat3
f 2735 2734 2737

# obj606
v -183.12562561 -355.80194092 18.33355522
v -186.91348267 -404.05908203 18.4860611
v -198.120224 -400.27880859 18.4860611
v -171.91896057 -359.58248901 18.33355522
usemtl Patch_1519_Mat_mat3
f 2738 2739 2740
usemtl Patch_1520_Mat_mat3
f 2739 2738 2741

# obj607
v -194.27218628 -352.04135132 6.81003475
v -198.12017822 -400.27865601 12.8350153
v -209.42807007 -396.46374512 6.70420027
v -183.12562561 -355.80194092 12.85340118
usemtl Patch_1521_Mat_mat3
f 2742 2743 2744
usemtl Patch_1522_Mat_mat3
f 2743 2742 2745

# obj608
v -198.12017822 -400.27865601 12.8350153
v -183.12562561 -355.80194092 18.33355522
v -198.120224 -400.27880859 18.4860611
v -183.12562561 -355.80194092 12.85340118
usemtl Patch_1523_Mat_mat3
f 2746 2747 2748
usemtl Patch_1524_Mat_mat3
f 2747 2746 2749

# obj609
v -89.38991547 -435.91973877 -42.71653366
v -89.38991547 -435.91973877 -49.21259689
v -101.06468201 -434.09811401 -42.71653366
v -216.14170837 -416.14172363 15.74803543
v -216.14175415 -416.14172363 -49.21259689
v -112.73944855 -432.27648926 -36.22047043
v -124.41421509 -430.4548645 -29.7244091
v -136.08898926 -428.63323975 -23.22834587
v -147.76374817 -426.81161499 -16.73228073
v -159.43852234 -424.98999023 -10.23621845
v -171.11328125 -423.168396 -3.74015474
v -182.78805542 -421.34677124 2.75590849
v -194.46281433 -419.52514648 9.2519722
v -194.46281433 -419.52514648 15.74803543
v -182.78805542 -421.34677124 9.2519722
v -171.11328125 -423.168396 2.75590849
v -159.43852234 -424.98999023 -3.74015474
v -147.76374817 -426.81161499 -10.23621845
v -136.08898926 -428.63323975 -16.73228073
v -124.41421509 -430.4548645 -23.22834587
v -112.73944855 -432.27648926 -29.7244091
v -101.06468201 -434.09811401 -36.22047043
usemtl Patch_1525_Mat_mat1
f 2750 2751 2752
usemtl Patch_1526_Mat_mat1
f 2753 2751 2754
usemtl Patch_1527_Mat_mat1
f 2751 2753 2752
usemtl Patch_1528_Mat_mat1
f 2752 2753 2755
usemtl Patch_1529_Mat_mat1
f 2755 2753 2756
usemtl Patch_1530_Mat_mat1
f 2756 2753 2757
usemtl Patch_1531_Mat_mat1
f 2757 2753 2758
usemtl Patch_1532_Mat_mat1
f 2758 2753 2759
usemtl Patch_1533_Mat_mat1
f 2759 2753 2760
usemtl Patch_1534_Mat_mat1
f 2760 2753 2761
usemtl Patch_1535_Mat_mat1
f 2761 2753 2762
usemtl Patch_1536_Mat_mat1
f 2762 2753 2763
usemtl Patch_1537_Mat_mat1
f 2764 2761 2762
usemtl Patch_1538_Mat_mat1
f 2765 2760 2761
usemtl Patch_1539_Mat_mat1
f 2766 2759 2760
usemtl Patch_1540_Mat_mat1
f 2767 2758 2759
usemtl Patch_1541_Mat_mat1
f 2768 2757 2758
usemtl Patch_1542_Mat_mat1
f 2769 2756 2757
usemtl Patch_1543_Mat_mat1
f 2770 2755 2756
usemtl Patch_1544_Mat_mat1
f 2771 2752 2755

# obj610
v -194.46281433 -419.52514648 9.2519722
v -202.26721191 -468.69268799 15.74803543
v -202.26721191 -468.69268799 9.2519722
v -194.46281433 -419.52514648 15.74803543
usemtl Patch_1545_Mat_mat3
f 2772 2773 2774
usemtl Patch_1546_Mat_mat3
f 2773 2772 2775

# obj611
v -190.59181213 -470.51031494 9.2519722
v -194.46281433 -419.52514648 9.2519722
v -202.26721191 -468.69268799 9.2519722
v -182.78805542 -421.34677124 9.2519722
usemtl Patch_1547_Mat_mat3
f 2776 2777 2778
usemtl Patch_1548_Mat_mat3
f 2777 2776 2779

# obj612
v -182.78805542 -421.34677124 2.75590849
v -190.59181213 -470.51031494 9.2519722
v -190.59181213 -470.51031494 2.75590849
v -182.78805542 -421.34677124 9.2519722
usemtl Patch_1549_Mat_mat3
f 2780 2781 2782
usemtl Patch_1550_Mat_mat3
f 2781 2780 2783

# obj613
v -178.91641235 -472.32794189 2.75590849
v -182.78805542 -421.34677124 2.75590849
v -190.59181213 -470.51031494 2.75590849
v -171.11328125 -423.168396 2.75590849
usemtl Patch_1551_Mat_mat3
f 2784 2785 2786
usemtl Patch_1552_Mat_mat3
f 2785 2784 2787

# obj614
v -171.11328125 -423.168396 -3.74015474
v -178.91641235 -472.32794189 2.75590849
v -178.91641235 -472.32794189 -3.74015474
v -171.11328125 -423.168396 2.75590849
usemtl Patch_1553_Mat_mat3
f 2788 2789 2790
usemtl Patch_1554_Mat_mat3
f 2789 2788 2791

# obj615
v -167.24101257 -474.14556885 -3.74015474
v -171.11328125 -423.168396 -3.74015474
v -178.91641235 -472.32794189 -3.74015474
v -159.43852234 -424.98999023 -3.74015474
usemtl Patch_1555_Mat_mat3
f 2792 2793 2794
usemtl Patch_1556_Mat_mat3
f 2793 2792 2795

# obj616
v -159.43852234 -424.98999023 -10.23621845
v -167.24101257 -474.14556885 -3.74015474
v -167.24101257 -474.14556885 -10.23621845
v -159.43852234 -424.98999023 -3.74015474
usemtl Patch_1557_Mat_mat3
f 2796 2797 2798
usemtl Patch_1558_Mat_mat3
f 2797 2796 2799

# obj617
v -155.56559753 -475.9631958 -10.23621845
v -159.43852234 -424.98999023 -10.23621845
v -167.24101257 -474.14556885 -10.23621845
v -147.76374817 -426.81161499 -10.23621845
usemtl Patch_1559_Mat_mat3
f 2800 2801 2802
usemtl Patch_1560_Mat_mat3
f 2801 2800 2803

# obj618
v -147.76374817 -426.81161499 -16.73228073
v -155.56559753 -475.9631958 -10.23621845
v -155.56559753 -475.9631958 -16.73228073
v -147.76374817 -426.81161499 -10.23621845
usemtl Patch_1561_Mat_mat3
f 2804 2805 2806
usemtl Patch_1562_Mat_mat3
f 2805 2804 2807

# obj619
v -124.41421509 -430.4548645 -29.7244091
v -132.21479797 -479.59844971 -23.22834587
v -132.21479797 -479.59844971 -29.7244091
v -124.41421509 -430.4548645 -23.22834587
usemtl Patch_1563_Mat_mat3
f 2808 2809 2810
usemtl Patch_1564_Mat_mat3
f 2809 2808 2811

# obj620
v -120.53939819 -481.41607666 -29.7244091
v -124.41421509 -430.4548645 -29.7244091
v -132.21479797 -479.59844971 -29.7244091
v -112.73944855 -432.27648926 -29.7244091
usemtl Patch_1565_Mat_mat3
f 2812 2813 2814
usemtl Patch_1566_Mat_mat3
f 2813 2812 2815

# obj621
v -112.73944855 -432.27648926 -36.22047043
v -120.53939819 -481.41607666 -29.7244091
v -120.53939819 -481.41607666 -36.22047043
v -112.73944855 -432.27648926 -29.7244091
usemtl Patch_1567_Mat_mat3
f 2816 2817 2818
usemtl Patch_1568_Mat_mat3
f 2817 2816 2819

# obj622
v -108.86399078 -483.23370361 -36.22047043
v -112.73944855 -432.27648926 -36.22047043
v -120.53939819 -481.41607666 -36.22047043
v -101.06468201 -434.09811401 -36.22047043
usemtl Patch_1569_Mat_mat3
f 2820 2821 2822
usemtl Patch_1570_Mat_mat3
f 2821 2820 2823

# obj623
v -101.06468201 -434.09811401 -42.71653366
v -108.86399078 -483.23370361 -36.22047043
v -108.86399078 -483.23370361 -42.71653366
v -101.06468201 -434.09811401 -36.22047043
usemtl Patch_1571_Mat_mat3
f 2824 2825 2826
usemtl Patch_1572_Mat_mat3
f 2825 2824 2827

# obj624
v -97.188591 -485.05133057 -42.71653366
v -101.06468201 -434.09811401 -42.71653366
v -108.86399078 -483.23370361 -42.71653366
v -89.38991547 -435.91973877 -42.71653366
usemtl Patch_1573_Mat_mat3
f 2828 2829 2830
usemtl Patch_1574_Mat_mat3
f 2829 2828 2831

# obj625
v -89.38991547 -435.91973877 -49.21259689
v -97.188591 -485.05133057 -42.71653366
v -97.188591 -485.05133057 -49.21259689
v -89.38991547 -435.91973877 -42.71653366
usemtl Patch_1575_Mat_mat3
f 2832 2833 2834
usemtl Patch_1576_Mat_mat3
f 2833 2832 2835

# obj626
v -143.89019775 -477.78082275 -16.73228073
v -147.76374817 -426.81161499 -16.73228073
v -155.56559753 -475.9631958 -16.73228073
v -136.08898926 -428.63323975 -16.73228073
usemtl Patch_1577_Mat_mat3
f 2836 2837 2838
usemtl Patch_1578_Mat_mat3
f 2837 2836 2839

# obj627
v -136.08898926 -428.63323975 -23.22834587
v -143.89019775 -477.78082275 -16.73228073
v -143.89019775 -477.78082275 -23.22834587
v -136.08898926 -428.63323975 -16.73228073
usemtl Patch_1579_Mat_mat3
f 2840 2841 2842
usemtl Patch_1580_Mat_mat3
f 2841 2840 2843

# obj628
v -132.21479797 -479.59844971 -23.22834587
v -136.08898926 -428.63323975 -23.22834587
v -143.89019775 -477.78082275 -23.22834587
v -124.41421509 -430.4548645 -23.22834587
usemtl Patch_1581_Mat_mat3
f 2844 2845 2846
usemtl Patch_1582_Mat_mat3
f 2845 2844 2847

# obj629
v 24.55283546 -364.96063232 -31.49597168
v 43.77355957 -506.99633789 -37.40155792
v 43.77355957 -506.99633789 -31.49603844
v 24.55283546 -364.96063232 -37.4015007
usemtl Patch_1583_Mat_mat1
f 2848 2849 2850
usemtl Patch_1584_Mat_mat1
f 2849 2848 2851

# obj630
v 29.55260468 -504.78244019 77.16544342
v 36.24983597 -463.20349121 73.03153992
v 29.55260468 -504.78244019 73.03145599
v 36.24983215 -463.20346069 77.16544342
usemtl Patch_1585_Mat_mat1
f 2852 2853 2854
usemtl Patch_1586_Mat_mat1
f 2853 2852 2855

# obj631
v 477.41513062 -574.5057373 177.559021
v 484.00445557 -533.59472656 173.37597656
v 477.41513062 -574.5057373 173.3759613
v 490.59378052 -492.68365479 177.55905151
v 484.00445557 -533.59472656 169.19290161
v 490.59378052 -492.68365479 169.19291687
usemtl Patch_1587_Mat_mat1
f 2856 2857 2858
usemtl Patch_1588_Mat_mat1
f 2857 2856 2859
usemtl Patch_1589_Mat_mat1
f 2857 2859 2860
usemtl Patch_1590_Mat_mat1
f 2860 2859 2861

# obj632
v 440.0932312 -568.69543457 169.19290161
v 446.69155884 -527.72875977 165.00984192
v 440.0932312 -568.69543457 165.00982666
v 446.68258667 -527.78442383 169.19290161
v 453.28988647 -486.76205444 169.19291687
v 446.69155884 -527.72875977 160.82678223
v 453.28988647 -486.76205444 160.82678223
usemtl Patch_1591_Mat_mat1
f 2862 2863 2864
usemtl Patch_1592_Mat_mat1
f 2863 2862 2865
usemtl Patch_1593_Mat_mat1
f 2863 2865 2866
usemtl Patch_1594_Mat_mat1
f 2863 2866 2867
usemtl Patch_1595_Mat_mat1
f 2867 2866 2868

# obj633
v 421.43231201 -565.79034424 160.82676697
v 409.40127563 -521.72259521 160.82678223
v 402.7713623 -562.88519287 160.82676697
v 428.04641724 -524.72564697 160.82678223
usemtl Patch_1596_Mat_mat1
f 2869 2870 2871
usemtl Patch_1597_Mat_mat1
f 2870 2869 2872

# obj634
v 402.7713623 -562.88519287 160.82676697
v 409.40127563 -521.72259521 156.64370728
v 402.7713623 -562.88519287 156.64369202
v 409.40127563 -521.72259521 160.82678223
usemtl Patch_1598_Mat_mat1
f 2873 2874 2875
usemtl Patch_1599_Mat_mat1
f 2874 2873 2876

# obj635
v 365.44949341 -557.07489014 152.46063232
v 372.0657959 -515.99688721 148.27757263
v 365.44949341 -557.07489014 148.27757263
v 372.11099243 -515.71636963 152.46064758
v 372.0657959 -515.99688721 144.09451294
v 378.68209839 -474.91888428 144.09451294
v 378.68209839 -474.91888428 152.46064758
usemtl Patch_1600_Mat_mat1
f 2877 2878 2879
usemtl Patch_1601_Mat_mat1
f 2878 2877 2880
usemtl Patch_1602_Mat_mat1
f 2878 2880 2881
usemtl Patch_1603_Mat_mat1
f 2881 2880 2882
usemtl Patch_1604_Mat_mat1
f 2882 2880 2883

# obj636
v 346.7885437 -554.16973877 144.09449768
v 334.7755127 -509.99066162 144.09451294
v 328.12762451 -551.26464844 144.09449768
v 353.20425415 -512.95892334 144.09451294
usemtl Patch_1605_Mat_mat1
f 2884 2885 2886
usemtl Patch_1606_Mat_mat1
f 2885 2884 2887

# obj637
v 328.12762451 -551.26464844 144.09449768
v 334.75289917 -510.13095093 139.91143799
v 328.12762451 -551.26464844 139.91143799
v 334.7755127 -509.99066162 144.09451294
v 334.75289917 -510.13095093 135.7283783
v 341.37820435 -468.99728394 135.7283783
v 341.37820435 -468.99728394 144.09451294
usemtl Patch_1607_Mat_mat1
f 2888 2889 2890
usemtl Patch_1608_Mat_mat1
f 2889 2888 2891
usemtl Patch_1609_Mat_mat1
f 2889 2891 2892
usemtl Patch_1610_Mat_mat1
f 2892 2891 2893
usemtl Patch_1611_Mat_mat1
f 2893 2891 2894

# obj638
v 290.8057251 -545.4543457 135.72836304
v 297.44003296 -504.26501465 131.54530334
v 290.8057251 -545.4543457 131.54530334
v 297.43106079 -504.32067871 135.7283783
v 304.0743103 -463.07568359 135.7283783
v 297.44003296 -504.26501465 127.36224365
v 304.0743103 -463.07568359 127.36225128
usemtl Patch_1612_Mat_mat1
f 2895 2896 2897
usemtl Patch_1613_Mat_mat1
f 2896 2895 2898
usemtl Patch_1614_Mat_mat1
f 2896 2898 2899
usemtl Patch_1615_Mat_mat1
f 2896 2899 2900
usemtl Patch_1616_Mat_mat1
f 2900 2899 2901

# obj639
v 253.4838562 -539.644104 127.36223602
v 260.12713623 -498.39907837 123.17917633
v 253.4838562 -539.644104 123.1791687
v 260.14974976 -498.25875854 127.36224365
v 260.12713623 -498.39907837 118.99610901
v 266.77041626 -457.15408325 118.99611664
v 266.77041626 -457.15408325 127.36225128
usemtl Patch_1617_Mat_mat1
f 2902 2903 2904
usemtl Patch_1618_Mat_mat1
f 2903 2902 2905
usemtl Patch_1619_Mat_mat1
f 2903 2905 2906
usemtl Patch_1620_Mat_mat1
f 2906 2905 2907
usemtl Patch_1621_Mat_mat1
f 2907 2905 2908

# obj640
v 216.1619873 -533.83380127 118.99610138
v 222.83686829 -492.39279175 114.81304169
v 216.1619873 -533.83380127 114.81304169
v 222.83686829 -492.39279175 118.99610901
usemtl Patch_1622_Mat_mat1
f 2909 2910 2911
usemtl Patch_1623_Mat_mat1
f 2910 2909 2912

# obj641
v 178.84010315 -528.02355957 110.62997437
v 185.50137329 -486.66720581 106.44690704
v 178.84010315 -528.02355957 106.44690704
v 185.54660034 -486.38647461 110.62997437
v 185.50137329 -486.66720581 102.26383972
v 192.16262817 -445.31088257 102.26384735
v 192.16262817 -445.31088257 110.62998199
usemtl Patch_1624_Mat_mat1
f 2913 2914 2915
usemtl Patch_1625_Mat_mat1
f 2914 2913 2916
usemtl Patch_1626_Mat_mat1
f 2914 2916 2917
usemtl Patch_1627_Mat_mat1
f 2917 2916 2918
usemtl Patch_1628_Mat_mat1
f 2918 2916 2919

# obj642
v 141.51823425 -522.21325684 102.26383972
v 148.18849182 -480.80126953 98.08078003
v 141.51823425 -522.21325684 98.0807724
v 148.21110535 -480.66085815 102.26383972
v 148.18849182 -480.80126953 93.89771271
v 154.85874939 -439.38931274 93.89771271
v 154.85874939 -439.38931274 102.26384735
usemtl Patch_1629_Mat_mat1
f 2920 2921 2922
usemtl Patch_1630_Mat_mat1
f 2921 2920 2923
usemtl Patch_1631_Mat_mat1
f 2921 2923 2924
usemtl Patch_1632_Mat_mat1
f 2924 2923 2925
usemtl Patch_1633_Mat_mat1
f 2925 2923 2926

# obj643
v 104.19635773 -516.4029541 93.89770508
v 110.87560272 -474.93533325 89.71464539
v 104.19635773 -516.4029541 89.71464539
v 110.89822388 -474.79492188 93.89771271
v 110.87560272 -474.93533325 85.53157806
v 117.55484772 -433.4677124 85.53157806
v 117.55484772 -433.4677124 93.89771271
usemtl Patch_1634_Mat_mat1
f 2927 2928 2929
usemtl Patch_1635_Mat_mat1
f 2928 2927 2930
usemtl Patch_1636_Mat_mat1
f 2928 2930 2931
usemtl Patch_1637_Mat_mat1
f 2931 2930 2932
usemtl Patch_1638_Mat_mat1
f 2932 2930 2933

# obj644
v 73.58534241 -468.92895508 85.53157806
v 66.8744812 -510.5927124 81.34851074
v 66.8744812 -510.5927124 85.53157806
v 73.56272125 -469.06939697 81.34851074
v 73.56272125 -469.06939697 77.16544342
v 80.25095367 -427.54611206 77.16544342
v 80.25095367 -427.54611206 85.53157806
usemtl Patch_1639_Mat_mat1
f 2934 2935 2936
usemtl Patch_1640_Mat_mat1
f 2935 2934 2937
usemtl Patch_1641_Mat_mat1
f 2937 2934 2938
usemtl Patch_1642_Mat_mat1
f 2938 2934 2939
usemtl Patch_1643_Mat_mat1
f 2939 2934 2940

# obj645
v 458.75418091 -571.60058594 169.19290161
v 446.68258667 -527.78442383 169.19290161
v 440.0932312 -568.69543457 169.19290161
v 465.12841797 -530.65606689 169.19290161
usemtl Patch_1644_Mat_mat1
f 2941 2942 2943
usemtl Patch_1645_Mat_mat1
f 2942 2941 2944

# obj646
v 559.4487915 -387.00790405 209.05513
v 546.43719482 -496.38671875 166.92913818
v 546.43719482 -496.38671875 209.05511475
v 559.4487915 -387.00790405 166.92913818
usemtl Patch_1646_Mat_mat5
f 2945 2946 2947
usemtl Patch_1647_Mat_mat5
f 2946 2945 2948

# obj647
v 477.41513062 -574.5057373 173.3759613
v 465.12841797 -530.65606689 173.37597656
v 458.75418091 -571.60058594 173.3759613
v 484.00445557 -533.59472656 173.37597656
usemtl Patch_1648_Mat_mat1
f 2949 2950 2951
usemtl Patch_1649_Mat_mat1
f 2950 2949 2952

# obj648
v 465.12841797 -530.65606689 173.37597656
v 484.00445557 -533.59472656 169.19290161
v 465.12841797 -530.65606689 169.19290161
v 484.00445557 -533.59472656 173.37597656
usemtl Patch_1650_Mat_mat1
f 2953 2954 2955
usemtl Patch_1651_Mat_mat1
f 2954 2953 2956

# obj649
v 465.12841797 -530.65606689 173.37597656
v 458.75418091 -571.60058594 169.19290161
v 458.75418091 -571.60058594 173.3759613
v 465.12841797 -530.65606689 169.19290161
usemtl Patch_1652_Mat_mat1
f 2957 2958 2959
usemtl Patch_1653_Mat_mat1
f 2958 2957 2960

# obj650
v 440.0932312 -568.69543457 165.00982666
v 428.04641724 -524.72564697 165.00984192
v 421.43231201 -565.79034424 165.00982666
v 446.69155884 -527.72875977 165.00984192
usemtl Patch_1654_Mat_mat1
f 2961 2962 2963
usemtl Patch_1655_Mat_mat1
f 2962 2961 2964

# obj651
v 428.04641724 -524.72564697 160.82678223
v 446.69155884 -527.72875977 165.00984192
v 446.69155884 -527.72875977 160.82678223
v 428.04641724 -524.72564697 165.00984192
usemtl Patch_1656_Mat_mat1
f 2965 2966 2967
usemtl Patch_1657_Mat_mat1
f 2966 2965 2968

# obj652
v 428.04641724 -524.72564697 165.00984192
v 421.43231201 -565.79034424 160.82676697
v 421.43231201 -565.79034424 165.00982666
v 428.04641724 -524.72564697 160.82678223
usemtl Patch_1658_Mat_mat1
f 2969 2970 2971
usemtl Patch_1659_Mat_mat1
f 2970 2969 2972

# obj653
v 309.4666748 -548.35949707 135.72836304
v 297.43106079 -504.32067871 135.7283783
v 290.8057251 -545.4543457 135.72836304
v 315.87561035 -507.19213867 135.7283783
usemtl Patch_1660_Mat_mat1
f 2973 2974 2975
usemtl Patch_1661_Mat_mat1
f 2974 2973 2976

# obj654
v 272.14480591 -542.54919434 127.36223602
v 260.14974976 -498.25875854 127.36224365
v 253.4838562 -539.644104 127.36223602
v 278.57785034 -501.22692871 127.36224365
usemtl Patch_1662_Mat_mat1
f 2977 2978 2979
usemtl Patch_1663_Mat_mat1
f 2978 2977 2980

# obj655
v 234.82292175 -536.73895264 118.99610138
v 222.83686829 -492.39279175 118.99610901
v 216.1619873 -533.83380127 118.99610138
v 241.2646637 -495.3609314 118.99610901
usemtl Patch_1664_Mat_mat1
f 2981 2982 2983
usemtl Patch_1665_Mat_mat1
f 2982 2981 2984

# obj656
v 160.1791687 -525.1184082 102.26383972
v 148.21110535 -480.66085815 102.26383972
v 141.51823425 -522.21325684 102.26383972
v 166.63825989 -483.62893677 102.26383972
usemtl Patch_1666_Mat_mat1
f 2985 2986 2987
usemtl Patch_1667_Mat_mat1
f 2986 2985 2988

# obj657
v 85.53541565 -513.49786377 85.53157806
v 73.58534241 -468.92895508 85.53157806
v 66.8744812 -510.5927124 85.53157806
v 92.01185608 -471.89694214 85.53157806
usemtl Patch_1668_Mat_mat1
f 2989 2990 2991
usemtl Patch_1669_Mat_mat1
f 2990 2989 2992

# obj658
v 48.21354294 -507.68756104 77.16544342
v 36.24983215 -463.20346069 77.16544342
v 29.55260468 -504.78244019 77.16544342
v 54.69865417 -466.03094482 77.16544342
usemtl Patch_1670_Mat_mat1
f 2993 2994 2995
usemtl Patch_1671_Mat_mat1
f 2994 2993 2996

# obj659
v 122.85729218 -519.30810547 93.89770508
v 110.89822388 -474.79492188 93.89771271
v 104.19635773 -516.4029541 93.89770508
v 129.32505798 -477.76293945 93.89771271
usemtl Patch_1672_Mat_mat1
f 2997 2998 2999
usemtl Patch_1673_Mat_mat1
f 2998 2997 3000

# obj660
v 365.44949341 -557.07489014 148.27757263
v 353.20425415 -512.95892334 148.27757263
v 346.7885437 -554.1697998 148.27757263
v 372.0657959 -515.99688721 148.27757263
usemtl Patch_1674_Mat_mat1
f 3001 3002 3003
usemtl Patch_1675_Mat_mat1
f 3002 3001 3004

# obj661
v 353.20425415 -512.95892334 144.09451294
v 372.0657959 -515.99688721 148.27757263
v 372.0657959 -515.99688721 144.09451294
v 353.20425415 -512.95892334 148.27757263
usemtl Patch_1676_Mat_mat1
f 3005 3006 3007
usemtl Patch_1677_Mat_mat1
f 3006 3005 3008

# obj662
v 353.20425415 -512.95892334 148.27757263
v 346.7885437 -554.16973877 144.09449768
v 346.7885437 -554.1697998 148.27757263
v 353.20425415 -512.95892334 144.09451294
usemtl Patch_1678_Mat_mat1
f 3009 3010 3011
usemtl Patch_1679_Mat_mat1
f 3010 3009 3012

# obj663
v 328.12762451 -551.26464844 139.91143799
v 315.87561035 -507.19213867 139.91143799
v 309.4666748 -548.35949707 139.91143799
v 334.75289917 -510.13095093 139.91143799
usemtl Patch_1680_Mat_mat1
f 3013 3014 3015
usemtl Patch_1681_Mat_mat1
f 3014 3013 3016

# obj664
v 315.87561035 -507.19213867 139.91143799
v 334.75289917 -510.13095093 135.7283783
v 315.87561035 -507.19213867 135.7283783
v 334.75289917 -510.13095093 139.91143799
usemtl Patch_1682_Mat_mat1
f 3017 3018 3019
usemtl Patch_1683_Mat_mat1
f 3018 3017 3020

# obj665
v 315.87561035 -507.19213867 139.91143799
v 309.4666748 -548.35949707 135.72836304
v 309.4666748 -548.35949707 139.91143799
v 315.87561035 -507.19213867 135.7283783
usemtl Patch_1684_Mat_mat1
f 3021 3022 3023
usemtl Patch_1685_Mat_mat1
f 3022 3021 3024

# obj666
v 290.8057251 -545.4543457 131.54530334
v 278.57785034 -501.22692871 131.54530334
v 272.14480591 -542.54919434 131.54530334
v 297.44003296 -504.26501465 131.54530334
usemtl Patch_1686_Mat_mat1
f 3025 3026 3027
usemtl Patch_1687_Mat_mat1
f 3026 3025 3028

# obj667
v 278.57785034 -501.22692871 127.36224365
v 297.44003296 -504.26501465 131.54530334
v 297.44003296 -504.26501465 127.36224365
v 278.57785034 -501.22692871 131.54530334
usemtl Patch_1688_Mat_mat1
f 3029 3030 3031
usemtl Patch_1689_Mat_mat1
f 3030 3029 3032

# obj668
v 278.57785034 -501.22692871 131.54530334
v 272.14480591 -542.54919434 127.36223602
v 272.14480591 -542.54919434 131.54530334
v 278.57785034 -501.22692871 127.36224365
usemtl Patch_1690_Mat_mat1
f 3033 3034 3035
usemtl Patch_1691_Mat_mat1
f 3034 3033 3036

# obj669
v 253.4838562 -539.644104 123.1791687
v 241.2646637 -495.3609314 123.17917633
v 234.82292175 -536.73895264 123.1791687
v 260.12713623 -498.39907837 123.17917633
usemtl Patch_1692_Mat_mat1
f 3037 3038 3039
usemtl Patch_1693_Mat_mat1
f 3038 3037 3040

# obj670
v 241.2646637 -495.3609314 118.99610901
v 260.12713623 -498.39907837 123.17917633
v 260.12713623 -498.39907837 118.99610901
v 241.2646637 -495.3609314 123.17917633
usemtl Patch_1694_Mat_mat1
f 3041 3042 3043
usemtl Patch_1695_Mat_mat1
f 3042 3041 3044

# obj671
v 241.2646637 -495.3609314 123.17917633
v 234.82292175 -536.73895264 118.99610138
v 234.82292175 -536.73895264 123.1791687
v 241.2646637 -495.3609314 118.99610901
usemtl Patch_1696_Mat_mat1
f 3045 3046 3047
usemtl Patch_1697_Mat_mat1
f 3046 3045 3048

# obj672
v 178.84010315 -528.02355957 106.44690704
v 166.63825989 -483.62893677 106.44690704
v 160.1791687 -525.1184082 106.44690704
v 185.50137329 -486.66720581 106.44690704
usemtl Patch_1698_Mat_mat1
f 3049 3050 3051
usemtl Patch_1699_Mat_mat1
f 3050 3049 3052

# obj673
v 166.63825989 -483.62893677 102.26383972
v 185.50137329 -486.66720581 106.44690704
v 185.50137329 -486.66720581 102.26383972
v 166.63825989 -483.62893677 106.44690704
usemtl Patch_1700_Mat_mat1
f 3053 3054 3055
usemtl Patch_1701_Mat_mat1
f 3054 3053 3056

# obj674
v 166.63825989 -483.62893677 106.44690704
v 160.1791687 -525.1184082 102.26383972
v 160.1791687 -525.1184082 106.44690704
v 166.63825989 -483.62893677 102.26383972
usemtl Patch_1702_Mat_mat1
f 3057 3058 3059
usemtl Patch_1703_Mat_mat1
f 3058 3057 3060

# obj675
v 141.51823425 -522.21325684 98.0807724
v 129.32505798 -477.76293945 98.08078003
v 122.85729218 -519.30810547 98.0807724
v 148.18849182 -480.80126953 98.08078003
usemtl Patch_1704_Mat_mat1
f 3061 3062 3063
usemtl Patch_1705_Mat_mat1
f 3062 3061 3064

# obj676
v 129.32505798 -477.76293945 93.89771271
v 148.18849182 -480.80126953 98.08078003
v 148.18849182 -480.80126953 93.89771271
v 129.32505798 -477.76293945 98.08078003
usemtl Patch_1706_Mat_mat1
f 3065 3066 3067
usemtl Patch_1707_Mat_mat1
f 3066 3065 3068

# obj677
v 129.32505798 -477.76293945 98.08078003
v 122.85729218 -519.30810547 93.89770508
v 122.85729218 -519.30810547 98.0807724
v 129.32505798 -477.76293945 93.89771271
usemtl Patch_1708_Mat_mat1
f 3069 3070 3071
usemtl Patch_1709_Mat_mat1
f 3070 3069 3072

# obj678
v 104.19635773 -516.4029541 89.71464539
v 92.01185608 -471.89694214 89.71464539
v 85.53541565 -513.49786377 89.71464539
v 110.87560272 -474.93533325 89.71464539
usemtl Patch_1710_Mat_mat1
f 3073 3074 3075
usemtl Patch_1711_Mat_mat1
f 3074 3073 3076

# obj679
v 92.01185608 -471.89694214 85.53157806
v 110.87560272 -474.93533325 89.71464539
v 110.87560272 -474.93533325 85.53157806
v 92.01185608 -471.89694214 89.71464539
usemtl Patch_1712_Mat_mat1
f 3077 3078 3079
usemtl Patch_1713_Mat_mat1
f 3078 3077 3080

# obj680
v 92.01185608 -471.89694214 89.71464539
v 85.53541565 -513.49786377 85.53157806
v 85.53541565 -513.49786377 89.71464539
v 92.01185608 -471.89694214 85.53157806
usemtl Patch_1714_Mat_mat1
f 3081 3082 3083
usemtl Patch_1715_Mat_mat1
f 3082 3081 3084

# obj681
v 66.8744812 -510.5927124 81.34851074
v 54.69865417 -466.03094482 81.34851074
v 48.21354294 -507.68756104 81.34851074
v 73.56272125 -469.06939697 81.34851074
usemtl Patch_1716_Mat_mat1
f 3085 3086 3087
usemtl Patch_1717_Mat_mat1
f 3086 3085 3088

# obj682
v 54.69865417 -466.03094482 81.34851074
v 73.56272125 -469.06939697 77.16544342
v 54.69865417 -466.03094482 77.16544342
v 73.56272125 -469.06939697 81.34851074
usemtl Patch_1718_Mat_mat1
f 3089 3090 3091
usemtl Patch_1719_Mat_mat1
f 3090 3089 3092

# obj683
v 54.69865417 -466.03094482 81.34851074
v 48.21354294 -507.68756104 77.16544342
v 48.21354294 -507.68756104 81.34851074
v 54.69865417 -466.03094482 77.16544342
usemtl Patch_1720_Mat_mat1
f 3093 3094 3095
usemtl Patch_1721_Mat_mat1
f 3094 3093 3096

# obj684
v 766.6496582 -0 159.97489929
v 813.49133301 -91.26425934 157.5383606
v 766.6496582 -619.53381348 159.97489929
v 844.88195801 -0 155.90551758
v 778.73077393 -535.19897461 159.34648132
v 782.55523682 -505.4486084 159.14755249
v 800.85797119 -327.3392334 158.19549561
v 802.55426025 -303.5670166 158.10726929
v 802.92889404 -298.31680298 158.08778381
v 812.70037842 -118.82324982 157.57949829
v 844.88195801 -91.66873932 155.90551758
v 834.71624756 -301.08538818 156.43431091
v 835.62878418 -283.39349365 156.38684082
v 844.09619141 -119.22780609 155.94639587
v 815.92382812 -510.57931519 157.41181946
v 832.78344727 -329.22116089 156.53485107
v 804.86071777 -625.48248291 157.98728943
v 812.25201416 -538.80554199 157.60282898
usemtl Patch_1722_Mat_mat0
f 3097 3098 3099
usemtl Patch_1723_Mat_mat0
f 3098 3097 3100
usemtl Patch_1724_Mat_mat0
f 3099 3098 3101
usemtl Patch_1725_Mat_mat0
f 3101 3098 3102
usemtl Patch_1726_Mat_mat0
f 3102 3098 3103
usemtl Patch_1727_Mat_mat0
f 3103 3098 3104
usemtl Patch_1728_Mat_mat0
f 3104 3098 3105
usemtl Patch_1729_Mat_mat0
f 3105 3098 3106
usemtl Patch_1730_Mat_mat0
f 3098 3100 3107
usemtl Patch_1731_Mat_mat0
f 3106 3108 3105
usemtl Patch_1732_Mat_mat0
f 3108 3106 3109
usemtl Patch_1733_Mat_mat0
f 3109 3106 3110
usemtl Patch_1734_Mat_mat0
f 3103 3111 3102
usemtl Patch_1735_Mat_mat0
f 3111 3103 3112
usemtl Patch_1736_Mat_mat0
f 3101 3113 3099
usemtl Patch_1737_Mat_mat0
f 3113 3101 3114

# obj685
v 804.86071777 -625.48248291 157.98728943
v 817.71655273 -539.37005615 167.71655273
v 810.09368896 -626.29718018 167.71655273
v 812.25201416 -538.80554199 157.60282898
usemtl Patch_1738_Mat_mat0
f 3115 3116 3117
usemtl Patch_1739_Mat_mat0
f 3116 3115 3118

# obj686
v 665.35437012 -153.80577087 212.59840393
v 656.29925537 -108.26772308 212.59840393
v 653.54333496 -153.54330444 212.59840393
v 691.7322998 -0 212.59840393
v 656.29925537 -0 212.59840393
v 677.16534424 -154.0682373 212.59840393
v 688.97637939 -154.33070374 212.59840393
v 691.7322998 -108.26772308 212.59840393
usemtl Patch_1740_Mat_mat4
f 3119 3120 3121
usemtl Patch_1741_Mat_mat4
f 3120 3122 3123
usemtl Patch_1742_Mat_mat4
f 3122 3120 3119
usemtl Patch_1743_Mat_mat4
f 3122 3119 3124
usemtl Patch_1744_Mat_mat4
f 3122 3124 3125
usemtl Patch_1745_Mat_mat4
f 3122 3125 3126

# obj687
v 714.96063232 -323.22836304 247.63781738
v 696.27026367 -511.66345215 230.26997375
v 696.27026367 -511.66345215 247.7727356
v 714.96063232 -323.22836304 230.31497192
usemtl Patch_1746_Mat_mat4
f 3127 3128 3129
usemtl Patch_1747_Mat_mat4
f 3128 3127 3130

# obj688
v 679.52758789 -320.47241211 230.31497192
v 661.22747803 -506.41873169 212.68838501
v 661.22747803 -506.41873169 230.27005005
v 661.22839355 -506.40957642 212.6882782
v 679.52758789 -320.47241211 212.59840393
usemtl Patch_1748_Mat_mat4
f 3131 3132 3133
usemtl Patch_1749_Mat_mat4
f 3132 3131 3134
usemtl Patch_1750_Mat_mat4
f 3134 3131 3135

# obj689
v 661.22747803 -506.41873169 230.27005005
v 654.13433838 -553.00946045 224.35319519
v 654.13433838 -553.00946045 230.25869751
v 654.13433838 -553.00946045 218.53204346
v 661.22747803 -506.41873169 212.68838501
v 654.13433838 -553.00946045 212.71089172
usemtl Patch_1751_Mat_mat4
f 3136 3137 3138
usemtl Patch_1752_Mat_mat4
f 3137 3136 3139
usemtl Patch_1753_Mat_mat4
f 3139 3140 3141
usemtl Patch_1754_Mat_mat4
f 3140 3139 3136

# obj690
v 626.21057129 -501.00073242 212.68795776
v 619.12298584 -547.55914307 206.72102356
v 619.12298584 -547.55914307 212.71089172
v 619.12298584 -547.55914307 200.94204712
v 626.21057129 -501.00073242 195.18598938
v 619.12298584 -547.55914307 195.16308594
usemtl Patch_1755_Mat_mat4
f 3142 3143 3144
usemtl Patch_1756_Mat_mat4
f 3145 3146 3147
usemtl Patch_1757_Mat_mat4
f 3146 3145 3143
usemtl Patch_1758_Mat_mat4
f 3146 3143 3142

# obj691
v 644.09442139 -317.32284546 212.59840393
v 626.21057129 -501.00073242 195.18598938
v 626.21057129 -501.00073242 212.68795776
v 644.09442139 -317.32284546 195.27555847
usemtl Patch_1759_Mat_mat4
f 3148 3149 3150
usemtl Patch_1760_Mat_mat4
f 3149 3148 3151

# obj692
v 609.05511475 -314.56692505 195.27555847
v 591.19281006 -495.59185791 177.559021
v 591.19281006 -495.59185791 195.18598938
v 609.05511475 -314.56692505 177.559021
usemtl Patch_1761_Mat_mat4
f 3152 3153 3154
usemtl Patch_1762_Mat_mat4
f 3153 3152 3155

# obj693
v 584.1116333 -542.10876465 183.40829468
v 591.19281006 -495.59185791 177.559021
v 584.1116333 -542.10876465 177.55903625
v 584.1116333 -542.10876465 189.25756836
v 584.1116333 -542.10876465 195.16308594
v 591.19281006 -495.59185791 195.18598938
usemtl Patch_1763_Mat_mat4
f 3156 3157 3158
usemtl Patch_1764_Mat_mat4
f 3157 3156 3159
usemtl Patch_1765_Mat_mat4
f 3157 3159 3160
usemtl Patch_1766_Mat_mat4
f 3157 3160 3161

# obj694
v 750 -326.77166748 265.3543396
v 731.49481201 -515.50213623 247.77206421
v 731.49481201 -515.50213623 265.3543396
v 750 -326.77166748 247.63781738
usemtl Patch_1767_Mat_mat4
f 3162 3163 3164
usemtl Patch_1768_Mat_mat4
f 3163 3162 3165

# obj695
v 724.15710449 -563.91015625 265.3543396
v 724.15710449 -563.91015625 253.71202087
v 724.15710449 -563.91015625 259.53317261
v 724.15710449 -563.91015625 247.8065033
v 731.49481201 -515.50213623 265.3543396
v 731.49481201 -515.50213623 247.77206421
usemtl Patch_1769_Mat_mat4
f 3169 3166 3170
usemtl Patch_1770_Mat_mat4
f 3169 3170 3171

# obj696
v 705.03753662 -609.9420166 247.8065033
v 700.81622314 -560.27655029 247.8065033
v 693.36712646 -608.12518311 247.8065033
v 712.4866333 -562.09332275 247.8065033
usemtl Patch_1771_Mat_mat1
f 3172 3173 3174
usemtl Patch_1772_Mat_mat1
f 3173 3172 3175

# obj697
v 712.4866333 -562.09332275 253.71202087
v 724.15710449 -563.91015625 247.8065033
v 712.4866333 -562.09332275 247.8065033
v 724.15710449 -563.91015625 253.71202087
usemtl Patch_1773_Mat_mat1
f 3176 3177 3178
usemtl Patch_1774_Mat_mat1
f 3177 3176 3179

# obj698
v 693.36712646 -608.12518311 241.90100098
v 689.14575195 -558.45977783 241.90100098
v 681.69665527 -606.30828857 241.90100098
v 700.81622314 -560.27655029 241.90100098
usemtl Patch_1775_Mat_mat1
f 3180 3181 3182
usemtl Patch_1776_Mat_mat1
f 3181 3180 3183

# obj699
v 700.81622314 -560.27655029 247.8065033
v 689.14575195 -558.45977783 241.90100098
v 700.81622314 -560.27655029 241.90100098
v 689.14575195 -558.45977783 247.8065033
usemtl Patch_1777_Mat_mat1
f 3184 3185 3186
usemtl Patch_1778_Mat_mat1
f 3185 3184 3187

# obj700
v 700.81622314 -560.27655029 247.8065033
v 693.36712646 -608.12518311 241.90100098
v 693.36712646 -608.12518311 247.8065033
v 700.81622314 -560.27655029 241.90100098
usemtl Patch_1779_Mat_mat1
f 3188 3189 3190
usemtl Patch_1780_Mat_mat1
f 3189 3188 3191

# obj701
v 724.15710449 -563.91015625 259.53317261
v 716.70800781 -611.75891113 253.71202087
v 716.70800781 -611.75891113 259.53317261
v 724.15710449 -563.91015625 253.71202087
usemtl Patch_1781_Mat_mat1
f 3192 3193 3194
usemtl Patch_1782_Mat_mat1
f 3193 3192 3195

# obj702
v 736.21661377 -565.78747559 265.3543396
v 724.15710449 -563.91015625 259.53317261
v 736.21661377 -565.78747559 259.53317261
v 724.15710449 -563.91015625 265.3543396
usemtl Patch_1783_Mat_mat1
f 3196 3197 3198
usemtl Patch_1784_Mat_mat1
f 3197 3196 3199

# obj703
v 1016.53546143 -390.55117798 167.71653748
v 914.96063232 -374.80316162 129.92126465
v 1016.53546143 -390.55117798 129.92126465
v 914.96063232 -374.80316162 167.71653748
usemtl Patch_1785_Mat_mat2
f 3200 3201 3202
usemtl Patch_1786_Mat_mat2
f 3201 3200 3203

# obj704
v 728.76745605 -613.6362915 259.53317261
v 724.15710449 -563.91015625 259.53317261
v 716.70800781 -611.75891113 259.53317261
v 736.21661377 -565.78747559 259.53317261
usemtl Patch_1787_Mat_mat1
f 3204 3205 3206
usemtl Patch_1788_Mat_mat1
f 3205 3204 3207

# obj705
v 736.21661377 -565.78747559 265.3543396
v 728.76745605 -613.6362915 259.53317261
v 728.76745605 -613.6362915 265.35430908
v 736.21661377 -565.78747559 259.53317261
usemtl Patch_1789_Mat_mat1
f 3208 3209 3210
usemtl Patch_1790_Mat_mat1
f 3209 3208 3211

# obj706
v 736.22045898 -154.46194458 247.63780212
v 727.16534424 -108.26772308 247.63780212
v 724.40942383 -154.33070374 247.63780212
v 762.59838867 -86.61417389 247.63780212
v 727.16534424 -86.61417389 247.63780212
v 748.03149414 -154.59317017 247.63780212
v 759.8425293 -154.72441101 247.63780212
v 762.59838867 -108.26772308 247.63780212
usemtl Patch_1791_Mat_mat4
f 3212 3213 3214
usemtl Patch_1792_Mat_mat4
f 3213 3215 3216
usemtl Patch_1793_Mat_mat4
f 3215 3213 3212
usemtl Patch_1794_Mat_mat4
f 3215 3212 3217
usemtl Patch_1795_Mat_mat4
f 3215 3217 3218
usemtl Patch_1796_Mat_mat4
f 3215 3218 3219

# obj707
v 700.78741455 -154.33070374 230.31494141
v 691.7322998 -108.26772308 230.31494141
v 688.97637939 -154.33070374 230.31494141
v 727.16534424 -86.61417389 230.31494141
v 691.7322998 -86.61417389 230.31497192
v 712.59844971 -154.33070374 230.31494141
v 724.40942383 -154.33070374 230.31494141
v 727.16534424 -108.26772308 230.31494141
usemtl Patch_1797_Mat_mat4
f 3220 3221 3222
usemtl Patch_1798_Mat_mat4
f 3221 3223 3224
usemtl Patch_1799_Mat_mat4
f 3223 3221 3220
usemtl Patch_1800_Mat_mat4
f 3223 3220 3225
usemtl Patch_1801_Mat_mat4
f 3223 3225 3226
usemtl Patch_1802_Mat_mat4
f 3223 3226 3227

# obj708
v 644.09442139 -317.32284546 195.27555847
v 615.35430908 -204.72439575 195.27555847
v 609.05511475 -314.56692505 195.27555847
v 627.16534424 -205.64303589 195.27555847
v 638.97631836 -206.56167603 195.27555847
v 650.78735352 -207.48031616 195.27555847
usemtl Patch_1803_Mat_mat4
f 3228 3229 3230
usemtl Patch_1804_Mat_mat4
f 3229 3228 3231
usemtl Patch_1805_Mat_mat4
f 3231 3228 3232
usemtl Patch_1806_Mat_mat4
f 3232 3228 3233

# obj709
v 863.53302002 -119.4703064 167.71653748
v 844.09619141 -119.22780609 155.94639587
v 874.02215576 -119.68518066 39.37007141
v 849.79632568 -119.29371643 167.71655273
v 848.22741699 -119.3536377 39.3700676
v 812.70037842 -118.82324982 157.57949829
v 822.43267822 -119.02209473 39.3700676
usemtl Patch_1807_Mat_mat0
f 3234 3235 3236
usemtl Patch_1808_Mat_mat0
f 3235 3234 3237
usemtl Patch_1809_Mat_mat0
f 3238 3239 3240
usemtl Patch_1810_Mat_mat0
f 3239 3238 3236
usemtl Patch_1811_Mat_mat0
f 3239 3236 3235

# obj710
v 812.70037842 -118.82324982 157.57949829
v 823.22003174 -91.46303558 39.3700676
v 822.43267822 -119.02209473 39.3700676
v 813.49133301 -91.26425934 157.5383606
usemtl Patch_1812_Mat_mat0
f 3241 3242 3243
usemtl Patch_1813_Mat_mat0
f 3242 3241 3244

# obj711
v 852.1114502 -330.34741211 167.71653748
v 832.78344727 -329.22116089 156.53485107
v 862.6048584 -331.10281372 39.37007141
v 838.18902588 -329.52752686 167.71655273
v 836.78564453 -329.58230591 39.3700676
v 800.85797119 -327.3392334 158.19549561
v 810.96636963 -328.06176758 39.3700676
usemtl Patch_1814_Mat_mat0
f 3245 3246 3247
usemtl Patch_1815_Mat_mat0
f 3246 3245 3248
usemtl Patch_1816_Mat_mat0
f 3249 3250 3251
usemtl Patch_1817_Mat_mat0
f 3250 3249 3247
usemtl Patch_1818_Mat_mat0
f 3250 3247 3246

# obj712
v 716.70800781 -611.75891113 253.71202087
v 712.4866333 -562.09332275 253.71202087
v 705.03790283 -609.94207764 253.71202087
v 724.15710449 -563.91015625 253.71202087
usemtl Patch_1819_Mat_mat1
f 3252 3253 3254
usemtl Patch_1820_Mat_mat1
f 3253 3252 3255

# obj713
v 770.5390625 -532.98724365 265.3543396
v 771.63726807 -155.34362793 265.3543396
v 768.39031982 -217.19192505 265.3543396
v 774.08239746 -505.42825317 265.3543396
v 858.66143799 -633.85821533 265.35430908
v 736.21661377 -565.78747559 265.3543396
v 728.76745605 -613.6362915 265.35430908
v 750 -326.77166748 265.3543396
v 756.59552002 -216.57270813 265.3543396
v 818.67901611 -539.19360352 265.35430908
v 822.22265625 -511.63464355 265.35430908
v 844.15307617 -329.78713989 265.3543396
v 846.12609863 -302.22854614 265.3543396
v 855.57452393 -119.32462311 265.3543396
v 856.36083984 -91.76552582 265.3543396
v 762.59838867 -86.61417389 265.3543396
v 804.77246094 -90.58321381 265.3543396
v 851.18109131 -86.61417389 265.3543396
v 762.59838867 -108.26772308 265.3543396
v 792.56237793 -325.84677124 265.3543396
v 794.53375244 -298.28787231 265.3543396
v 803.98205566 -118.14219666 265.3543396
v 852.08032227 -0 265.3543396
v 918.89764404 0 265.3543396
v 873.9911499 -531.78839111 265.35430908
v 896.41815186 -320.55111694 265.35430908
v 902.71478271 -238.80490112 265.35430908
v 908.55029297 -163.0450592 265.35430908
v 912.74493408 -108.58839417 265.35430908
v 759.8425293 -154.72441101 265.3543396
v 731.49481201 -515.50213623 265.3543396
v 724.15710449 -563.91015625 265.3543396
usemtl Patch_1821_Mat_mat1
f 3256 3257 3258
usemtl Patch_1822_Mat_mat1
f 3257 3256 3259
usemtl Patch_1823_Mat_mat1
f 3260 3261 3262
usemtl Patch_1824_Mat_mat1
f 3261 3260 3256
usemtl Patch_1825_Mat_mat1
f 3261 3256 3263
usemtl Patch_1826_Mat_mat1
f 3263 3256 3264
usemtl Patch_1827_Mat_mat1
f 3264 3256 3258
usemtl Patch_1828_Mat_mat1
f 3256 3260 3265
usemtl Patch_1829_Mat_mat1
f 3265 3260 3266
usemtl Patch_1830_Mat_mat1
f 3266 3260 3267
usemtl Patch_1831_Mat_mat1
f 3267 3260 3268
usemtl Patch_1832_Mat_mat1
f 3268 3260 3269
usemtl Patch_1833_Mat_mat1
f 3269 3260 3270
usemtl Patch_1834_Mat_mat1
f 3271 3272 3273
usemtl Patch_1835_Mat_mat1
f 3272 3271 3274
usemtl Patch_1836_Mat_mat1
f 3272 3274 3257
usemtl Patch_1837_Mat_mat1
f 3272 3257 3259
usemtl Patch_1838_Mat_mat1
f 3272 3259 3275
usemtl Patch_1839_Mat_mat1
f 3272 3275 3276
usemtl Patch_1840_Mat_mat1
f 3272 3276 3277
usemtl Patch_1841_Mat_mat1
f 3273 3272 3270
usemtl Patch_1842_Mat_mat1
f 3273 3270 3278
usemtl Patch_1843_Mat_mat1
f 3278 3270 3279
usemtl Patch_1844_Mat_mat1
f 3279 3270 3260
usemtl Patch_1845_Mat_mat1
f 3279 3260 3280
usemtl Patch_1846_Mat_mat1
f 3279 3280 3281
usemtl Patch_1847_Mat_mat1
f 3279 3281 3282
usemtl Patch_1848_Mat_mat1
f 3279 3282 3283
usemtl Patch_1849_Mat_mat1
f 3279 3283 3284
usemtl Patch_1850_Mat_mat1
f 3268 3277 3276
usemtl Patch_1851_Mat_mat1
f 3277 3268 3269
usemtl Patch_1852_Mat_mat1
f 3266 3275 3259
usemtl Patch_1853_Mat_mat1
f 3275 3266 3267
usemtl Patch_1854_Mat_mat1
f 3257 3274 3285
usemtl Patch_1855_Mat_mat1
f 3261 3286 3287
usemtl Patch_1856_Mat_mat1
f 3286 3261 3263

# obj714
v -92.12600708 -436.22045898 59.84251785
v -111.41733551 -429.52755737 59.84251785
v -96.45670319 -385.03936768 59.84251785
usemtl Patch_1857_Mat_mat0
f 3288 3289 3290

# obj715
v -76.37795258 -391.73226929 59.84251785
v -92.12600708 -436.22045898 59.84251785
v -96.45670319 -385.03936768 59.84251785
usemtl Patch_1858_Mat_mat0
f 3291 3292 3293

# obj716
v -92.12600708 -436.22045898 59.84251785
v 29.55260468 -504.78244019 59.84251785
v -108.59525299 -483.27554321 59.84251785
v -76.37795258 -391.73226929 59.84251785
v -70.86616516 -375.19683838 59.84251785
v 43.82355881 -416.18289185 59.84251785
usemtl Patch_1859_Mat_mat0
f 3294 3295 3296
usemtl Patch_1860_Mat_mat0
f 3295 3294 3297
usemtl Patch_1861_Mat_mat0
f 3295 3297 3298
usemtl Patch_1862_Mat_mat0
f 3295 3298 3299

# obj717
v 524.71875 -314.68783569 444.6835022
v 509.15682983 -457.93942261 444.6835022
v 514.23504639 -436.7102356 466.73080444
usemtl Patch_1863_Mat_mat5
f 3300 3301 3302

# obj718
v 524.71875 -314.68783569 444.6835022
v 514.23504639 -436.7102356 466.73080444
v 525.12011719 -336.51235962 466.73080444
usemtl Patch_1864_Mat_mat5
f 3303 3304 3305

# obj719
v 526.27227783 -314.8565979 444.4881897
v 515.78851318 -436.8789978 466.53549194
v 510.71032715 -458.10818481 444.4881897
usemtl Patch_1865_Mat_mat5
f 3306 3307 3308

# obj720
v 526.27227783 -314.8565979 444.4881897
v 526.67364502 -336.68112183 466.53549194
v 515.78851318 -436.8789978 466.53549194
usemtl Patch_1866_Mat_mat5
f 3309 3310 3311

# obj721
v 681.69665527 -606.30828857 241.90100098
v 689.14575195 -558.45977783 236.07984924
v 681.69665527 -606.30828857 236.07984924
v 689.14575195 -558.45977783 241.90100098
usemtl Patch_1867_Mat_mat1
f 3312 3313 3314
usemtl Patch_1868_Mat_mat1
f 3313 3312 3315

# obj722
v 696.27026367 -511.66345215 247.7727356
v 689.14575195 -558.45977783 241.90100098
v 689.14575195 -558.45977783 247.8065033
v 689.14575195 -558.45977783 236.07984924
v 696.27026367 -511.66345215 230.26997375
v 689.14575195 -558.45977783 230.25869751
usemtl Patch_1869_Mat_mat4
f 3316 3317 3318
usemtl Patch_1870_Mat_mat4
f 3319 3320 3321
usemtl Patch_1871_Mat_mat4
f 3320 3319 3317
usemtl Patch_1872_Mat_mat4
f 3320 3317 3316

# obj723
v 681.69665527 -606.30828857 236.07984924
v 677.47528076 -556.64300537 236.07984924
v 670.02624512 -604.49145508 236.07984924
v 689.14575195 -558.45977783 236.07984924
usemtl Patch_1873_Mat_mat1
f 3322 3323 3324
usemtl Patch_1874_Mat_mat1
f 3323 3322 3325

# obj724
v 670.02624512 -604.49145508 230.25869751
v 665.80480957 -554.82623291 230.25869751
v 658.35577393 -602.67462158 230.25869751
v 677.47528076 -556.64300537 230.25869751
usemtl Patch_1875_Mat_mat1
f 3326 3327 3328
usemtl Patch_1876_Mat_mat1
f 3327 3326 3329

# obj725
v 677.47528076 -556.64300537 236.07984924
v 670.02624512 -604.49145508 230.25869751
v 670.02624512 -604.49145508 236.07984924
v 677.47528076 -556.64300537 230.25869751
usemtl Patch_1877_Mat_mat1
f 3330 3331 3332
usemtl Patch_1878_Mat_mat1
f 3331 3330 3333

# obj726
v 677.47528076 -556.64300537 230.25869751
v 689.14575195 -558.45977783 236.07984924
v 689.14575195 -558.45977783 230.25869751
v 677.47528076 -556.64300537 236.07984924
usemtl Patch_1879_Mat_mat1
f 3334 3335 3336
usemtl Patch_1880_Mat_mat1
f 3335 3334 3337

# obj727
v 665.80480957 -554.82623291 224.35319519
v 654.13433838 -553.00946045 230.25869751
v 654.13433838 -553.00946045 224.35319519
v 665.80480957 -554.82623291 230.25869751
usemtl Patch_1881_Mat_mat1
f 3338 3339 3340
usemtl Patch_1882_Mat_mat1
f 3339 3338 3341

# obj728
v 665.80480957 -554.82623291 230.25869751
v 658.35577393 -602.67462158 224.35319519
v 658.35577393 -602.67462158 230.25869751
v 665.80480957 -554.82623291 224.35319519
usemtl Patch_1883_Mat_mat1
f 3342 3343 3344
usemtl Patch_1884_Mat_mat1
f 3343 3342 3345

# obj729
v 658.35577393 -602.67462158 224.35319519
v 654.13433838 -553.00946045 224.35319519
v 646.68530273 -600.85772705 224.35319519
v 665.80480957 -554.82623291 224.35319519
usemtl Patch_1885_Mat_mat1
f 3346 3347 3348
usemtl Patch_1886_Mat_mat1
f 3347 3346 3349

# obj730
v 630.79345703 -549.37591553 212.71089172
v 619.12298584 -547.55914307 206.72102356
v 630.79345703 -549.37591553 206.72102356
v 619.12298584 -547.55914307 212.71089172
usemtl Patch_1887_Mat_mat1
f 3350 3351 3352
usemtl Patch_1888_Mat_mat1
f 3351 3350 3353

# obj731
v 646.68530273 -600.85772705 218.53204346
v 642.46392822 -551.19268799 218.53204346
v 635.01519775 -599.04095459 218.53204346
v 654.13433838 -553.00946045 218.53204346
usemtl Patch_1889_Mat_mat1
f 3354 3355 3356
usemtl Patch_1890_Mat_mat1
f 3355 3354 3357

# obj732
v 654.13433838 -553.00946045 224.35319519
v 646.68530273 -600.85772705 218.53204346
v 646.68530273 -600.85772705 224.35319519
v 654.13433838 -553.00946045 218.53204346
usemtl Patch_1891_Mat_mat1
f 3358 3359 3360
usemtl Patch_1892_Mat_mat1
f 3359 3358 3361

# obj733
v 623.34442139 -597.22399902 206.72102356
v 619.12298584 -547.55914307 206.72102356
v 611.67401123 -595.40716553 206.72102356
v 630.79345703 -549.37591553 206.72102356
usemtl Patch_1893_Mat_mat1
f 3362 3363 3364
usemtl Patch_1894_Mat_mat1
f 3363 3362 3365

# obj734
v 635.01519775 -599.04095459 212.71089172
v 630.79345703 -549.37591553 212.71089172
v 623.34442139 -597.22399902 212.71089172
v 642.46392822 -551.19268799 212.71089172
usemtl Patch_1895_Mat_mat1
f 3366 3367 3368
usemtl Patch_1896_Mat_mat1
f 3367 3366 3369

# obj735
v 630.79345703 -549.37591553 212.71089172
v 623.34442139 -597.22399902 206.72102356
v 623.34442139 -597.22399902 212.71089172
v 630.79345703 -549.37591553 206.72102356
usemtl Patch_1897_Mat_mat1
f 3370 3371 3372
usemtl Patch_1898_Mat_mat1
f 3371 3370 3373

# obj736
v 642.46392822 -551.19268799 218.53204346
v 635.01519775 -599.04095459 212.71089172
v 635.01519775 -599.04095459 218.53204346
v 642.46392822 -551.19268799 212.71089172
usemtl Patch_1899_Mat_mat1
f 3374 3375 3376
usemtl Patch_1900_Mat_mat1
f 3375 3374 3377

# obj737
v 642.46392822 -551.19268799 212.71089172
v 654.13433838 -553.00946045 218.53204346
v 654.13433838 -553.00946045 212.71089172
v 642.46392822 -551.19268799 218.53204346
usemtl Patch_1901_Mat_mat1
f 3378 3379 3380
usemtl Patch_1902_Mat_mat1
f 3379 3378 3381

# obj738
v -263.15731812 -451.64471436 391.43106079
v -264.16946411 -459.0557251 391.33761597
v -264.17324829 -459.05514526 391.33856201
usemtl Patch_1903_Mat_mat0
f 3382 3383 3384

# obj739
v 619.12298584 -547.55914307 206.72102356
v 611.67401123 -595.40716553 200.94204712
v 611.67401123 -595.40716553 206.72102356
v 619.12298584 -547.55914307 200.94204712
usemtl Patch_1904_Mat_mat1
f 3385 3386 3387
usemtl Patch_1905_Mat_mat1
f 3386 3385 3388

# obj740
v 611.67401123 -595.40716553 200.94204712
v 607.45251465 -545.74237061 200.98422241
v 600.00354004 -593.59033203 200.98422241
v 619.12298584 -547.55914307 200.94204712
usemtl Patch_1906_Mat_mat1
f 3389 3390 3391
usemtl Patch_1907_Mat_mat1
f 3390 3389 3392

# obj741
v 607.45251465 -545.74237061 200.98422241
v 599.98297119 -593.58709717 195.16308594
v 600.00354004 -593.59033203 200.98422241
v 607.43200684 -545.73913574 195.16308594
usemtl Patch_1908_Mat_mat1
f 3393 3394 3395
usemtl Patch_1909_Mat_mat1
f 3394 3393 3396

# obj742
v 678.43249512 -328.61431885 458.26776123
v 675.47912598 -454.22692871 483.07089233
v 662.27514648 -477.34558105 458.26776123
v 686.36407471 -354.02905273 483.07089233
usemtl Patch_1910_Mat_mat5
f 3397 3398 3399
usemtl Patch_1911_Mat_mat5
f 3398 3397 3400

# obj743
v 895.27557373 -553.93701172 39.37007904
v 912.99206543 -401.57479858 167.71653748
v 895.27557373 -553.93701172 167.71653748
v 912.9921875 -401.57479858 39.37007904
usemtl Patch_1912_Mat_mat2
f 3401 3402 3403
usemtl Patch_1913_Mat_mat2
f 3402 3401 3404

# obj744
v 782.55523682 -505.4486084 159.14755249
v 815.92382812 -510.57931519 157.41181946
v 792.64660645 -506.802948 39.37007904
v 816.60211182 -510.48849487 39.37007523
v 830.05932617 -512.77105713 167.71655273
v 840.55767822 -514.17407227 39.3700676
v 820.85845947 -511.35552979 167.71655273
usemtl Patch_1914_Mat_mat0
f 3405 3406 3407
usemtl Patch_1915_Mat_mat0
f 3408 3409 3410
usemtl Patch_1916_Mat_mat0
f 3409 3408 3407
usemtl Patch_1917_Mat_mat0
f 3409 3407 3406
usemtl Patch_1918_Mat_mat0
f 3409 3406 3411

# obj745
v 490.59378052 -492.68365479 209.05511475
v 43.82355881 -416.18289185 100.36690521
v 42.94706345 -421.62451172 100.3937912
v 491.57925415 -487.26068115 209.05511475
usemtl Patch_1919_Mat_mat5
f 3412 3413 3414
usemtl Patch_1920_Mat_mat5
f 3413 3412 3415

# obj746
v 815.92382812 -510.57931519 157.41181946
v 838.18902588 -329.52752686 167.71655273
v 820.85845947 -511.35552979 167.71655273
v 832.78344727 -329.22116089 156.53485107
usemtl Patch_1921_Mat_mat0
f 3416 3417 3418
usemtl Patch_1922_Mat_mat0
f 3417 3416 3419

# obj747
v 975.63641357 -652.06890869 167.71653748
v 1016.53546143 -390.55117798 39.37007904
v 975.63647461 -652.06890869 39.37007904
v 1016.53546143 -390.55117798 167.71653748
v 1016.53546143 -390.55117798 129.92126465
usemtl Patch_1923_Mat_mat6
f 3420 3421 3422
usemtl Patch_1924_Mat_mat6
f 3421 3420 3423

# obj748
v 43.82355881 -416.18289185 59.84251785
v 477.65667725 -574.54333496 166.92915344
v 29.55260468 -504.78244019 59.84251785
v 491.71121216 -487.28262329 166.92915344
usemtl Patch_1925_Mat_mat0
f 3425 3426 3427
usemtl Patch_1926_Mat_mat0
f 3426 3425 3428

# obj749
v 43.82355881 -416.18289185 100.36690521
v 491.71121216 -487.28262329 166.92915344
v 43.82355881 -416.18289185 59.84251785
v 491.57925415 -487.26068115 209.05511475
usemtl Patch_1927_Mat_mat5
f 3429 3430 3431
usemtl Patch_1928_Mat_mat5
f 3430 3429 3432

# obj750
v 696.27026367 -511.66345215 230.26997375
v 679.52758789 -320.47241211 230.31497192
v 661.22747803 -506.41873169 230.27005005
v 714.96063232 -323.22836304 230.31497192
usemtl Patch_1929_Mat_mat4
f 3433 3434 3435
usemtl Patch_1930_Mat_mat4
f 3434 3433 3436

# obj751
v 890.55114746 -425.59057617 167.71653748
v 875.98425293 -551.5748291 39.37007904
v 875.98425293 -551.5748291 167.71653748
v 890.5512085 -425.59057617 39.37007904
usemtl Patch_1931_Mat_mat2
f 3437 3438 3439
usemtl Patch_1932_Mat_mat2
f 3438 3437 3440

# obj752
v 840.55767822 -514.17407227 39.3700676
v 826.51776123 -540.31591797 167.71655273
v 837.01434326 -541.73309326 39.3700676
v 830.05932617 -512.77105713 167.71655273
usemtl Patch_1933_Mat_mat0
f 3441 3442 3443
usemtl Patch_1934_Mat_mat0
f 3442 3441 3444

# obj753
v 688.21569824 -321.36074829 448.62780762
v 673.21600342 -481.30627441 454.53329468
v 670.27227783 -486.53063965 448.62780762
v 689.96844482 -327.09542847 454.53329468
usemtl Patch_1935_Mat_mat5
f 3445 3446 3447
usemtl Patch_1936_Mat_mat5
f 3446 3445 3448

# obj754
v 671.7623291 -481.14837646 455.11813354
v 686.76208496 -321.20285034 449.21261597
v 668.81866455 -486.3727417 449.21261597
v 688.51477051 -326.9375 455.11813354
usemtl Patch_1937_Mat_mat5
f 3449 3450 3451
usemtl Patch_1938_Mat_mat5
f 3450 3449 3452

# obj755
v 376.37670898 -320.35366821 450.39370728
v 518.86206055 -466.9140625 435.82678223
v 365.49179077 -420.55151367 450.39370728
v 536.125 -308.0065918 435.82678223
usemtl Patch_1939_Mat_mat5
f 3453 3454 3455
usemtl Patch_1940_Mat_mat5
f 3454 3453 3456

# obj756
v 674.0401001 -454.07061768 483.69122314
v 676.99353027 -328.45797729 458.88812256
v 660.83618164 -477.1892395 458.88812256
v 684.92504883 -353.8727417 483.69122314
usemtl Patch_1941_Mat_mat5
f 3457 3458 3459
usemtl Patch_1942_Mat_mat5
f 3458 3457 3460

# obj757
v 626.21057129 -501.00073242 195.18598938
v 609.05511475 -314.56692505 195.27555847
v 591.19281006 -495.59185791 195.18598938
v 644.09442139 -317.32284546 195.27555847
usemtl Patch_1943_Mat_mat4
f 3461 3462 3463
usemtl Patch_1944_Mat_mat4
f 3462 3461 3464

# obj758
v 661.22839355 -506.40957642 212.6882782
v 644.09442139 -317.32284546 212.59840393
v 626.21057129 -501.00073242 212.68795776
v 679.52758789 -320.47241211 212.59840393
usemtl Patch_1945_Mat_mat4
f 3465 3466 3467
usemtl Patch_1946_Mat_mat4
f 3466 3465 3468

# obj759
v 731.49481201 -515.50213623 247.77206421
v 714.96063232 -323.22836304 247.63781738
v 696.27026367 -511.66345215 247.7727356
v 750 -326.77166748 247.63781738
usemtl Patch_1947_Mat_mat4
f 3469 3470 3471
usemtl Patch_1948_Mat_mat4
f 3470 3469 3472

# obj760
v 518.86206055 -466.9140625 437.40161133
v 376.37670898 -320.35366821 451.96853638
v 365.49179077 -420.55151367 451.96853638
v 536.125 -308.0065918 437.40161133
usemtl Patch_1949_Mat_mat5
f 3473 3474 3475
usemtl Patch_1950_Mat_mat5
f 3474 3473 3476

# obj761
v 595.77178955 -543.9239502 195.16308594
v 591.19281006 -495.59185791 195.18598938
v 584.1116333 -542.10876465 195.16308594
v 626.21057129 -501.00073242 195.18598938
v 607.43200684 -545.73913574 195.16308594
v 619.12298584 -547.55914307 195.16308594
usemtl Patch_1951_Mat_mat4
f 3477 3478 3479
usemtl Patch_1952_Mat_mat4
f 3478 3477 3480
usemtl Patch_1953_Mat_mat4
f 3480 3477 3481
usemtl Patch_1954_Mat_mat4
f 3480 3481 3482

# obj762
v 712.4866333 -562.09332275 253.71202087
v 705.03753662 -609.9420166 247.8065033
v 705.03790283 -609.94207764 253.71202087
v 712.4866333 -562.09332275 247.8065033
usemtl Patch_1955_Mat_mat1
f 3483 3484 3485
usemtl Patch_1956_Mat_mat1
f 3484 3483 3486

# obj763
v 630.79345703 -549.37591553 212.71089172
v 626.21057129 -501.00073242 212.68795776
v 619.12298584 -547.55914307 212.71089172
v 661.22839355 -506.40957642 212.6882782
v 642.46392822 -551.19268799 212.71089172
v 654.13433838 -553.00946045 212.71089172
v 661.22747803 -506.41873169 212.68838501
usemtl Patch_1957_Mat_mat4
f 3487 3488 3489
usemtl Patch_1958_Mat_mat4
f 3488 3487 3490
usemtl Patch_1959_Mat_mat4
f 3490 3487 3491
usemtl Patch_1960_Mat_mat4
f 3490 3491 3492
usemtl Patch_1961_Mat_mat4
f 3490 3492 3493

# obj764
v 665.80480957 -554.82623291 230.25869751
v 661.22747803 -506.41873169 230.27005005
v 654.13433838 -553.00946045 230.25869751
v 696.27026367 -511.66345215 230.26997375
v 677.47528076 -556.64300537 230.25869751
v 689.14575195 -558.45977783 230.25869751
usemtl Patch_1962_Mat_mat4
f 3494 3495 3496
usemtl Patch_1963_Mat_mat4
f 3495 3494 3497
usemtl Patch_1964_Mat_mat4
f 3497 3494 3498
usemtl Patch_1965_Mat_mat4
f 3497 3498 3499

# obj765
v 700.81622314 -560.27655029 247.8065033
v 696.27026367 -511.66345215 247.7727356
v 689.14575195 -558.45977783 247.8065033
v 731.49481201 -515.50213623 247.77206421
v 712.4866333 -562.09332275 247.8065033
v 724.15710449 -563.91015625 247.8065033
usemtl Patch_1966_Mat_mat4
f 3500 3501 3502
usemtl Patch_1967_Mat_mat4
f 3501 3500 3503
usemtl Patch_1968_Mat_mat4
f 3503 3500 3504
usemtl Patch_1969_Mat_mat4
f 3503 3504 3505

# obj766
v 607.45251465 -545.74237061 200.98422241
v 619.12298584 -547.55914307 195.16308594
v 607.43200684 -545.73913574 195.16308594
v 619.12298584 -547.55914307 200.94204712
usemtl Patch_1970_Mat_mat1
f 3506 3507 3508
usemtl Patch_1971_Mat_mat1
f 3507 3506 3509

# obj767
v 599.98297119 -593.58709717 195.16308594
v 595.77178955 -543.9239502 195.16308594
v 588.32318115 -591.77191162 195.16308594
v 607.43200684 -545.73913574 195.16308594
usemtl Patch_1972_Mat_mat1
f 3510 3511 3512
usemtl Patch_1973_Mat_mat1
f 3511 3510 3513

# obj768
v 595.77178955 -543.9239502 195.16308594
v 588.32318115 -591.77191162 189.25756836
v 588.32318115 -591.77191162 195.16308594
v 595.77178955 -543.9239502 189.25756836
usemtl Patch_1974_Mat_mat1
f 3514 3515 3516
usemtl Patch_1975_Mat_mat1
f 3515 3514 3517

# obj769
v 595.77178955 -543.9239502 195.16308594
v 584.1116333 -542.10876465 189.25756836
v 595.77178955 -543.9239502 189.25756836
v 584.1116333 -542.10876465 195.16308594
usemtl Patch_1976_Mat_mat1
f 3518 3519 3520
usemtl Patch_1977_Mat_mat1
f 3519 3518 3521

# obj770
v 576.65270996 -589.95507812 189.25756836
v 584.1116333 -542.10876465 183.40829468
v 576.65270996 -589.95507812 183.40829468
v 584.1116333 -542.10876465 189.25756836
usemtl Patch_1978_Mat_mat1
f 3522 3523 3524
usemtl Patch_1979_Mat_mat1
f 3523 3522 3525

# obj771
v 588.32318115 -591.77191162 189.25756836
v 584.1116333 -542.10876465 189.25756836
v 576.66265869 -589.956604 189.25756836
v 595.77178955 -543.9239502 189.25756836
usemtl Patch_1980_Mat_mat1
f 3526 3527 3528
usemtl Patch_1981_Mat_mat1
f 3527 3526 3529

# obj772
v 576.65270996 -589.95507812 183.40829468
v 564.98223877 -588.13818359 183.35205078
v 576.65270996 -589.95507812 183.35205078
v 564.98223877 -588.13818359 183.40829468
usemtl Patch_1982_Mat_mat1
f 3530 3531 3532
usemtl Patch_1983_Mat_mat1
f 3531 3530 3533

# obj773
v 576.65234375 -589.9574585 183.40829468
v 572.44152832 -540.28948975 183.35205078
v 564.98223877 -588.13818359 183.35205078
v 576.65270996 -589.95507812 183.40829468
v 584.1116333 -542.10876465 183.40829468
usemtl Patch_1984_Mat_mat1
f 3534 3535 3536
usemtl Patch_1985_Mat_mat1
f 3535 3534 3537
usemtl Patch_1986_Mat_mat1
f 3535 3537 3538

# obj774
v 572.44152832 -540.28948975 183.35205078
v 564.98223877 -588.13818359 177.55903625
v 564.98223877 -588.13818359 183.35205078
v 572.44152832 -540.28948975 177.55903625
usemtl Patch_1987_Mat_mat1
f 3539 3540 3541
usemtl Patch_1988_Mat_mat1
f 3540 3539 3542

# obj775
v 572.44152832 -540.28948975 177.55903625
v 584.1116333 -542.10876465 183.40829468
v 584.1116333 -542.10876465 177.55903625
v 572.44152832 -540.28948975 183.35205078
usemtl Patch_1989_Mat_mat1
f 3543 3544 3545
usemtl Patch_1990_Mat_mat1
f 3544 3543 3546

# obj776
v 679.52758789 -320.47241211 212.59840393
v 650.78735352 -207.48031616 212.59840393
v 644.09442139 -317.32284546 212.59840393
v 662.59838867 -208.53018188 212.59840393
v 674.40942383 -209.58004761 212.59840393
v 686.22039795 -210.62991333 212.59840393
usemtl Patch_1991_Mat_mat4
f 3547 3548 3549
usemtl Patch_1992_Mat_mat4
f 3548 3547 3550
usemtl Patch_1993_Mat_mat4
f 3550 3547 3551
usemtl Patch_1994_Mat_mat4
f 3551 3547 3552

# obj777
v 712.59844971 -154.33070374 236.22045898
v 724.40942383 -154.33070374 230.31494141
v 712.59844971 -154.33070374 230.31494141
v 724.40942383 -154.33070374 236.22045898
usemtl Patch_1995_Mat_mat1
f 3553 3554 3555
usemtl Patch_1996_Mat_mat1
f 3554 3553 3556

# obj778
v 700.78741455 -154.33070374 230.31494141
v 688.97637939 -154.33070374 224.40943909
v 700.78741455 -154.33070374 224.40943909
v 688.97637939 -154.33070374 230.31494141
usemtl Patch_1997_Mat_mat1
f 3557 3558 3559
usemtl Patch_1998_Mat_mat1
f 3558 3557 3560

# obj779
v 674.40942383 -209.58004761 212.59840393
v 665.35437012 -153.80577087 212.59840393
v 662.59838867 -208.53018188 212.59840393
v 677.16534424 -154.0682373 212.59840393
usemtl Patch_1999_Mat_mat1
f 3561 3562 3563
usemtl Patch_2000_Mat_mat1
f 3562 3561 3564

# obj780
v 686.22039795 -210.62991333 218.50390625
v 677.16534424 -154.0682373 218.50390625
v 674.40942383 -209.58004761 218.50390625
v 688.97637939 -154.33070374 218.50390625
usemtl Patch_2001_Mat_mat1
f 3565 3566 3567
usemtl Patch_2002_Mat_mat1
f 3566 3565 3568

# obj781
v 677.16534424 -154.0682373 218.50390625
v 688.97637939 -154.33070374 212.59840393
v 677.16534424 -154.0682373 212.59840393
v 688.97637939 -154.33070374 218.50390625
usemtl Patch_2003_Mat_mat1
f 3569 3570 3571
usemtl Patch_2004_Mat_mat1
f 3570 3569 3572

# obj782
v 677.16534424 -154.0682373 218.50390625
v 674.40942383 -209.58004761 212.59840393
v 674.40942383 -209.58004761 218.50390625
v 677.16534424 -154.0682373 212.59840393
usemtl Patch_2005_Mat_mat1
f 3573 3574 3575
usemtl Patch_2006_Mat_mat1
f 3574 3573 3576

# obj783
v 686.22039795 -210.62991333 218.50390625
v 674.40942383 -209.58004761 212.59840393
v 686.22039795 -210.62991333 212.59840393
v 674.40942383 -209.58004761 218.50390625
usemtl Patch_2007_Mat_mat1
f 3577 3578 3579
usemtl Patch_2008_Mat_mat1
f 3578 3577 3580

# obj784
v 662.59838867 -208.53018188 206.69288635
v 653.54333496 -153.54330444 206.69288635
v 650.78735352 -207.48031616 206.69288635
v 665.35437012 -153.80577087 206.69288635
usemtl Patch_2009_Mat_mat1
f 3581 3582 3583
usemtl Patch_2010_Mat_mat1
f 3582 3581 3584

# obj785
v 650.78735352 -207.48031616 212.59840393
v 662.59838867 -208.53018188 206.69288635
v 650.78735352 -207.48031616 206.69288635
v 662.59838867 -208.53018188 212.59840393
usemtl Patch_2011_Mat_mat1
f 3585 3586 3587
usemtl Patch_2012_Mat_mat1
f 3586 3585 3588

# obj786
v 665.35437012 -153.80577087 212.59840393
v 662.59838867 -208.53018188 206.69288635
v 662.59838867 -208.53018188 212.59840393
v 665.35437012 -153.80577087 206.69288635
usemtl Patch_2013_Mat_mat1
f 3589 3590 3591
usemtl Patch_2014_Mat_mat1
f 3590 3589 3592

# obj787
v 665.35437012 -153.80577087 212.59840393
v 653.54333496 -153.54330444 206.69288635
v 665.35437012 -153.80577087 206.69288635
v 653.54333496 -153.54330444 212.59840393
usemtl Patch_2015_Mat_mat1
f 3593 3594 3595
usemtl Patch_2016_Mat_mat1
f 3594 3593 3596

# obj788
v 736.22045898 -154.46194458 247.63780212
v 724.40942383 -154.33070374 241.73228455
v 736.22045898 -154.46194458 241.73228455
v 724.40942383 -154.33070374 247.63780212
usemtl Patch_2017_Mat_mat1
f 3597 3598 3599
usemtl Patch_2018_Mat_mat1
f 3598 3597 3600

# obj789
v 748.03149414 -154.59317017 253.5433197
v 759.8425293 -154.72441101 247.63780212
v 748.03149414 -154.59317017 247.63780212
v 759.8425293 -154.72441101 253.5433197
usemtl Patch_2019_Mat_mat1
f 3601 3602 3603
usemtl Patch_2020_Mat_mat1
f 3602 3601 3604

# obj790
v 638.97631836 -206.56167603 195.27555847
v 629.92126465 -153.54330444 195.27557373
v 627.16534424 -205.64303589 195.27555847
v 641.7322998 -153.54330444 195.27557373
usemtl Patch_2021_Mat_mat1
f 3605 3606 3607
usemtl Patch_2022_Mat_mat1
f 3606 3605 3608

# obj791
v 650.78735352 -207.48031616 201.18107605
v 641.7322998 -153.54330444 201.18109131
v 638.97631836 -206.56167603 201.18107605
v 653.54333496 -153.54330444 201.18109131
usemtl Patch_2023_Mat_mat1
f 3609 3610 3611
usemtl Patch_2024_Mat_mat1
f 3610 3609 3612

# obj792
v 641.7322998 -153.54330444 195.27557373
v 653.54333496 -153.54330444 201.18109131
v 653.54333496 -153.54330444 195.27557373
v 641.7322998 -153.54330444 201.18109131
usemtl Patch_2025_Mat_mat1
f 3613 3614 3615
usemtl Patch_2026_Mat_mat1
f 3614 3613 3616

# obj793
v 641.7322998 -153.54330444 201.18109131
v 638.97631836 -206.56167603 195.27555847
v 638.97631836 -206.56167603 201.18107605
v 641.7322998 -153.54330444 195.27557373
usemtl Patch_2027_Mat_mat1
f 3617 3618 3619
usemtl Patch_2028_Mat_mat1
f 3618 3617 3620

# obj794
v 650.78735352 -207.48031616 201.18107605
v 638.97631836 -206.56167603 195.27555847
v 650.78735352 -207.48031616 195.27555847
v 638.97631836 -206.56167603 201.18107605
usemtl Patch_2029_Mat_mat1
f 3621 3622 3623
usemtl Patch_2030_Mat_mat1
f 3622 3621 3624

# obj795
v 627.16534424 -205.64303589 189.37005615
v 618.11022949 -153.54330444 189.37005615
v 615.35430908 -204.72439575 189.37005615
v 629.92126465 -153.54330444 189.37005615
usemtl Patch_2031_Mat_mat1
f 3625 3626 3627
usemtl Patch_2032_Mat_mat1
f 3626 3625 3628

# obj796
v 615.35430908 -204.72439575 195.27555847
v 627.16534424 -205.64303589 189.37005615
v 615.35430908 -204.72439575 189.37005615
v 627.16534424 -205.64303589 195.27555847
usemtl Patch_2033_Mat_mat1
f 3629 3630 3631
usemtl Patch_2034_Mat_mat1
f 3630 3629 3632

# obj797
v 629.92126465 -153.54330444 195.27557373
v 627.16534424 -205.64303589 189.37005615
v 627.16534424 -205.64303589 195.27555847
v 629.92126465 -153.54330444 189.37005615
usemtl Patch_2035_Mat_mat1
f 3633 3634 3635
usemtl Patch_2036_Mat_mat1
f 3634 3633 3636

# obj798
v 629.92126465 -153.54330444 195.27557373
v 618.11022949 -153.54330444 189.37005615
v 629.92126465 -153.54330444 189.37005615
v 618.11022949 -153.54330444 195.27557373
usemtl Patch_2037_Mat_mat1
f 3637 3638 3639
usemtl Patch_2038_Mat_mat1
f 3638 3637 3640

# obj799
v 745.01422119 -215.59472656 247.63781738
v 736.22045898 -154.46194458 247.63780212
v 733.33764648 -214.60870361 247.63781738
v 748.03149414 -154.59317017 247.63780212
usemtl Patch_2039_Mat_mat1
f 3641 3642 3643
usemtl Patch_2040_Mat_mat1
f 3642 3641 3644

# obj800
v 709.84747314 -212.62509155 230.31497192
v 700.78741455 -154.33070374 230.31494141
v 698.03399658 -211.62750244 230.31497192
v 712.59844971 -154.33070374 230.31494141
usemtl Patch_2041_Mat_mat1
f 3645 3646 3647
usemtl Patch_2042_Mat_mat1
f 3646 3645 3648

# obj801
v 716.70800781 -611.75891113 259.53317261
v 716.70800781 -611.75891113 253.71202087
v 705.03790283 -609.94207764 253.71202087
usemtl Patch_2043_Mat_mat6
f 3649 3650 3651

# obj802
v -108.86399078 -483.23370361 -36.22047043
v -97.188591 -485.05133057 -42.71653366
v -108.86399078 -483.23370361 -42.71653366
v -120.53939819 -481.41607666 -29.7244091
v -120.53939819 -481.41607666 -36.22047043
v -132.21479797 -479.59844971 -23.22834587
v -132.21479797 -479.59844971 -29.7244091
v -143.89019775 -477.78082275 -16.73228073
v -143.89019775 -477.78082275 -23.22834587
v -155.56559753 -475.9631958 -10.23621845
v -155.56559753 -475.9631958 -16.73228073
v -167.24101257 -474.14556885 -3.74015474
v -167.24101257 -474.14556885 -10.23621845
v -178.91641235 -472.32794189 2.75590849
v -178.91641235 -472.32794189 -3.74015474
v -190.59181213 -470.51031494 9.2519722
v -190.59181213 -470.51031494 2.75590849
v -202.26721191 -468.69268799 15.74803543
v -202.26721191 -468.69268799 9.2519722
v 1.62614489 -500.43484497 41.33858109
v 18.7874012 -503.10650635 -49.21259689
v 1.62614489 -500.43484497 -49.21259689
v 18.7874012 -503.10650635 -43.30707932
v 31.28047943 -505.05142212 -43.30707932
v 31.28047943 -505.05142212 -37.40155792
v 43.77355957 -506.99633789 -37.40155792
v 43.77355957 -506.99633789 -31.49603844
v 777.56268311 -621.23272705 39.37008286
v -264.17324829 -459.05514526 391.33856201
v -296.41525269 -454.03570557 15.74803543
v -108.59525299 -483.27554321 59.84251785
v -85.51318359 -486.86895752 41.33858109
v -108.59525299 -483.27554321 100.39369965
v -103.34807587 -484.09243774 100.39369965
v -85.51318359 -486.86895752 159.44880676
v 402.7713623 -562.88519287 160.82676697
v 421.43231201 -565.79034424 160.82676697
v 421.43231201 -565.79034424 165.00982666
v 440.0932312 -568.69543457 165.00982666
v 440.0932312 -568.69543457 169.19290161
v 458.75418091 -571.60058594 169.19290161
v 458.75418091 -571.60058594 173.3759613
v 477.41513062 -574.5057373 173.3759613
v 477.41513062 -574.5057373 177.559021
v 564.98223877 -588.13818359 177.55903625
v -264.16946411 -459.0557251 391.33761597
v 564.98223877 -588.13818359 183.35205078
v 564.98223877 -588.13818359 183.40829468
v 576.65270996 -589.95507812 183.40829468
v 576.65270996 -589.95507812 189.25756836
v 588.32318115 -591.77191162 189.25756836
v 588.32318115 -591.77191162 195.16308594
v 600.00354004 -593.59033203 200.98422241
v 611.67401123 -595.40716553 206.72102356
v 623.34442139 -597.22399902 212.71089172
v 635.01519775 -599.04095459 212.71089172
v 635.01519775 -599.04095459 218.53204346
v 646.68530273 -600.85772705 224.35319519
v 658.35577393 -602.67462158 230.25869751
v 670.02624512 -604.49145508 236.07984924
v 681.69665527 -606.30828857 241.90100098
v 693.36712646 -608.12518311 247.8065033
v 705.03790283 -609.94207764 253.71202087
v 716.70800781 -611.75891113 259.53317261
v 728.76745605 -613.6362915 265.35430908
v 838.90985107 -630.78326416 507.58016968
v 858.66143799 -633.85821533 265.35430908
v 728.76745605 -613.6362915 259.53317261
v 705.03753662 -609.9420166 247.8065033
v 693.36712646 -608.12518311 241.90100098
v 681.69665527 -606.30828857 236.07984924
v 670.02624512 -604.49145508 230.25869751
v 658.35577393 -602.67462158 224.35319519
v 646.68530273 -600.85772705 218.53204346
v 623.34442139 -597.22399902 206.72102356
v 611.67401123 -595.40716553 200.94204712
v 599.98297119 -593.58709717 195.16308594
v 576.66265869 -589.956604 189.25756836
v 1.62614477 -500.43484497 68.89756775
v 10.49087715 -501.81491089 73.03146362
v 10.4908762 -501.81491089 68.89756012
v 1.62614477 -500.43484497 159.44874573
v 29.55260468 -504.78244019 77.16544342
v 48.21354294 -507.68756104 77.16544342
v 48.21354294 -507.68756104 81.34851074
v 66.8744812 -510.5927124 81.34851074
v 66.8744812 -510.5927124 85.53157806
v 85.53541565 -513.49786377 85.53157806
v 85.53541565 -513.49786377 89.71464539
v 104.19635773 -516.4029541 89.71464539
v 104.19635773 -516.4029541 93.89770508
v 122.85729218 -519.30810547 93.89770508
v 122.85729218 -519.30810547 98.0807724
v 141.51823425 -522.21325684 98.0807724
v 141.51823425 -522.21325684 102.26383972
v 160.1791687 -525.1184082 102.26383972
v 160.1791687 -525.1184082 106.44690704
v 178.84010315 -528.02355957 106.44690704
v 178.84010315 -528.02355957 110.62997437
v 197.50105286 -530.9286499 110.62997437
v 197.50105286 -530.9286499 114.81304169
v 216.1619873 -533.83380127 114.81304169
v 216.1619873 -533.83380127 118.99610138
v 234.82292175 -536.73895264 118.99610138
v 234.82292175 -536.73895264 123.1791687
v 253.4838562 -539.644104 123.1791687
v 253.4838562 -539.644104 127.36223602
v 272.14480591 -542.54919434 127.36223602
v 272.14480591 -542.54919434 131.54530334
v 290.8057251 -545.4543457 131.54530334
v 290.8057251 -545.4543457 135.72836304
v 309.4666748 -548.35949707 135.72836304
v 309.4666748 -548.35949707 139.91143799
v 328.12762451 -551.26464844 139.91143799
v 328.12762451 -551.26464844 144.09449768
v 346.7885437 -554.16973877 144.09449768
v 346.7885437 -554.1697998 148.27757263
v 365.44949341 -557.07489014 148.27757263
v 365.44949341 -557.07489014 152.46063232
v 384.11044312 -559.9800415 152.46063232
v 384.11044312 -559.9800415 156.64369202
v 402.7713623 -562.88519287 156.64369202
v -103.34807587 -484.09243774 68.89763641
v -85.51318359 -486.86895752 68.89762878
v 29.55260468 -504.78244019 73.03145599
v 477.65667725 -574.54333496 166.92915344
v 804.86071777 -625.48248291 157.98728943
v 29.55260468 -504.78244019 59.84251785
v 766.6496582 -619.53381348 159.97489929
v 587.40155029 -591.62841797 166.92913818
v 975.63641357 -652.06890869 167.71653748
v 975.63647461 -652.06890869 39.37007904
v 810.09368896 -626.29718018 167.71655273
v -85.51318359 -486.86895752 -49.21259689
v -97.188591 -485.05133057 -49.21259689
v 77.55903625 -512.25610352 -31.49606133
usemtl Patch_2044_Mat_mat6
f 3652 3653 3654
usemtl Patch_2045_Mat_mat6
f 3655 3652 3656
usemtl Patch_2046_Mat_mat6
f 3657 3655 3658
usemtl Patch_2047_Mat_mat6
f 3659 3657 3660
usemtl Patch_2048_Mat_mat6
f 3661 3659 3662
usemtl Patch_2049_Mat_mat6
f 3663 3661 3664
usemtl Patch_2050_Mat_mat6
f 3665 3663 3666
usemtl Patch_2051_Mat_mat6
f 3667 3665 3668
usemtl Patch_2052_Mat_mat6
f 3669 3667 3670
usemtl Patch_2053_Mat_mat6
f 3671 3672 3673
usemtl Patch_2054_Mat_mat6
f 3672 3671 3674
usemtl Patch_2055_Mat_mat6
f 3674 3671 3675
usemtl Patch_2056_Mat_mat6
f 3675 3671 3676
usemtl Patch_2057_Mat_mat6
f 3676 3671 3677
usemtl Patch_2058_Mat_mat6
f 3677 3671 3678
usemtl Patch_2059_Mat_mat6
f 3678 3671 3679
usemtl Patch_2060_Mat_mat6
f 3680 3669 3681
usemtl Patch_2061_Mat_mat6
f 3669 3680 3682
usemtl Patch_2062_Mat_mat6
f 3669 3682 3683
usemtl Patch_2063_Mat_mat6
f 3683 3682 3671
usemtl Patch_2064_Mat_mat6
f 3682 3680 3684
usemtl Patch_2065_Mat_mat6
f 3684 3680 3685
usemtl Patch_2066_Mat_mat6
f 3685 3680 3686
usemtl Patch_2067_Mat_mat6
f 3686 3680 3687
usemtl Patch_2068_Mat_mat6
f 3687 3680 3688
usemtl Patch_2069_Mat_mat6
f 3688 3680 3689
usemtl Patch_2070_Mat_mat6
f 3689 3680 3690
usemtl Patch_2071_Mat_mat6
f 3690 3680 3691
usemtl Patch_2072_Mat_mat6
f 3691 3680 3692
usemtl Patch_2073_Mat_mat6
f 3692 3680 3693
usemtl Patch_2074_Mat_mat6
f 3693 3680 3694
usemtl Patch_2075_Mat_mat6
f 3694 3680 3695
usemtl Patch_2076_Mat_mat6
f 3695 3680 3696
usemtl Patch_2077_Mat_mat6
f 3696 3680 3697
usemtl Patch_2078_Mat_mat6
f 3696 3697 3698
usemtl Patch_2079_Mat_mat6
f 3698 3697 3699
usemtl Patch_2080_Mat_mat6
f 3699 3697 3700
usemtl Patch_2081_Mat_mat6
f 3700 3697 3701
usemtl Patch_2082_Mat_mat6
f 3701 3697 3702
usemtl Patch_2083_Mat_mat6
f 3702 3697 3703
usemtl Patch_2084_Mat_mat6
f 3703 3697 3704
usemtl Patch_2085_Mat_mat6
f 3704 3697 3705
usemtl Patch_2086_Mat_mat6
f 3705 3697 3706
usemtl Patch_2087_Mat_mat6
f 3706 3697 3707
usemtl Patch_2088_Mat_mat6
f 3707 3697 3708
usemtl Patch_2089_Mat_mat6
f 3708 3697 3709
usemtl Patch_2090_Mat_mat6
f 3709 3697 3710
usemtl Patch_2091_Mat_mat6
f 3710 3697 3711
usemtl Patch_2092_Mat_mat6
f 3711 3697 3712
usemtl Patch_2093_Mat_mat6
f 3712 3697 3713
usemtl Patch_2094_Mat_mat6
f 3713 3697 3714
usemtl Patch_2095_Mat_mat6
f 3714 3697 3715
usemtl Patch_2096_Mat_mat6
f 3715 3697 3716
usemtl Patch_2097_Mat_mat6
f 3716 3717 3718
usemtl Patch_2098_Mat_mat6
f 3717 3716 3697
usemtl Patch_2099_Mat_mat6
f 3716 3719 3715
usemtl Patch_2100_Mat_mat6
f 3714 3720 3713
usemtl Patch_2101_Mat_mat6
f 3713 3721 3712
usemtl Patch_2102_Mat_mat6
f 3712 3722 3711
usemtl Patch_2103_Mat_mat6
f 3711 3723 3710
usemtl Patch_2104_Mat_mat6
f 3710 3724 3709
usemtl Patch_2105_Mat_mat6
f 3709 3725 3708
usemtl Patch_2106_Mat_mat6
f 3706 3726 3705
usemtl Patch_2107_Mat_mat6
f 3705 3727 3704
usemtl Patch_2108_Mat_mat6
f 3704 3728 3703
usemtl Patch_2109_Mat_mat6
f 3702 3729 3701
usemtl Patch_2110_Mat_mat6
f 3730 3731 3732
usemtl Patch_2111_Mat_mat6
f 3731 3730 3733
usemtl Patch_2112_Mat_mat6
f 3731 3733 3734
usemtl Patch_2113_Mat_mat6
f 3734 3733 3735
usemtl Patch_2114_Mat_mat6
f 3735 3733 3736
usemtl Patch_2115_Mat_mat6
f 3736 3733 3737
usemtl Patch_2116_Mat_mat6
f 3737 3733 3738
usemtl Patch_2117_Mat_mat6
f 3738 3733 3739
usemtl Patch_2118_Mat_mat6
f 3739 3733 3740
usemtl Patch_2119_Mat_mat6
f 3740 3733 3741
usemtl Patch_2120_Mat_mat6
f 3741 3733 3742
usemtl Patch_2121_Mat_mat6
f 3742 3733 3743
usemtl Patch_2122_Mat_mat6
f 3743 3733 3744
usemtl Patch_2123_Mat_mat6
f 3744 3733 3745
usemtl Patch_2124_Mat_mat6
f 3745 3733 3746
usemtl Patch_2125_Mat_mat6
f 3746 3733 3747
usemtl Patch_2126_Mat_mat6
f 3747 3733 3748
usemtl Patch_2127_Mat_mat6
f 3748 3733 3749
usemtl Patch_2128_Mat_mat6
f 3749 3733 3750
usemtl Patch_2129_Mat_mat6
f 3750 3733 3751
usemtl Patch_2130_Mat_mat6
f 3751 3733 3752
usemtl Patch_2131_Mat_mat6
f 3752 3733 3753
usemtl Patch_2132_Mat_mat6
f 3753 3733 3754
usemtl Patch_2133_Mat_mat6
f 3754 3733 3755
usemtl Patch_2134_Mat_mat6
f 3755 3733 3756
usemtl Patch_2135_Mat_mat6
f 3756 3733 3757
usemtl Patch_2136_Mat_mat6
f 3757 3733 3758
usemtl Patch_2137_Mat_mat6
f 3758 3733 3759
usemtl Patch_2138_Mat_mat6
f 3759 3733 3760
usemtl Patch_2139_Mat_mat6
f 3760 3733 3761
usemtl Patch_2140_Mat_mat6
f 3761 3733 3762
usemtl Patch_2141_Mat_mat6
f 3762 3733 3763
usemtl Patch_2142_Mat_mat6
f 3763 3733 3764
usemtl Patch_2143_Mat_mat6
f 3764 3733 3765
usemtl Patch_2144_Mat_mat6
f 3765 3733 3766
usemtl Patch_2145_Mat_mat6
f 3766 3733 3767
usemtl Patch_2146_Mat_mat6
f 3767 3733 3768
usemtl Patch_2147_Mat_mat6
f 3768 3733 3769
usemtl Patch_2148_Mat_mat6
f 3769 3733 3770
usemtl Patch_2149_Mat_mat6
f 3770 3733 3771
usemtl Patch_2150_Mat_mat6
f 3771 3733 3772
usemtl Patch_2151_Mat_mat6
f 3772 3733 3773
usemtl Patch_2152_Mat_mat6
f 3773 3733 3687
usemtl Patch_2153_Mat_mat6
f 3687 3733 3686
usemtl Patch_2154_Mat_mat6
f 3774 3686 3775
usemtl Patch_2155_Mat_mat6
f 3686 3774 3685
usemtl Patch_2156_Mat_mat6
f 3734 3776 3731
usemtl Patch_2157_Mat_mat6
f 3777 3778 3779
usemtl Patch_2158_Mat_mat6
f 3778 3777 3780
usemtl Patch_2159_Mat_mat6
f 3780 3777 3781
usemtl Patch_2160_Mat_mat6
f 3679 3782 3783
usemtl Patch_2161_Mat_mat6
f 3782 3679 3671
usemtl Patch_2162_Mat_mat6
f 3782 3671 3779
usemtl Patch_2163_Mat_mat6
f 3779 3671 3682
usemtl Patch_2164_Mat_mat6
f 3782 3779 3778
usemtl Patch_2165_Mat_mat6
f 3782 3778 3784
usemtl Patch_2166_Mat_mat6
f 3653 3785 3786
usemtl Patch_2167_Mat_mat6
f 3785 3653 3683
usemtl Patch_2168_Mat_mat6
f 3683 3653 3652
usemtl Patch_2169_Mat_mat6
f 3683 3652 3655
usemtl Patch_2170_Mat_mat6
f 3683 3655 3657
usemtl Patch_2171_Mat_mat6
f 3683 3657 3659
usemtl Patch_2172_Mat_mat6
f 3683 3659 3661
usemtl Patch_2173_Mat_mat6
f 3683 3661 3663
usemtl Patch_2174_Mat_mat6
f 3683 3663 3665
usemtl Patch_2175_Mat_mat6
f 3683 3665 3667
usemtl Patch_2176_Mat_mat6
f 3683 3667 3669
usemtl Patch_2177_Mat_mat6
f 3679 3787 3678

# obj803
v 804.48754883 -537.26165771 431.60449219
v 770.5390625 -532.98724365 265.3543396
v 818.67901611 -539.19360352 265.35430908
v 756.69287109 -531.10235596 427.55905151
usemtl Patch_2178_Mat_mat0
f 3788 3789 3790
usemtl Patch_2179_Mat_mat0
f 3789 3788 3791

# obj804
v 818.5098877 -335.91125488 433.27664185
v 815.20861816 -479.30682373 463.98535156
v 800.65148926 -500.29837036 433.27664185
v 828.21948242 -359.53903198 463.98535156
usemtl Patch_2180_Mat_mat5
f 3792 3793 3794
usemtl Patch_2181_Mat_mat5
f 3793 3792 3795

# obj805
v 799.19659424 -500.14028931 433.85827637
v 686.36407471 -354.02905273 484.64569092
v 675.47912598 -454.22692871 484.64569092
v 817.05499268 -335.75320435 433.85827637
usemtl Patch_2182_Mat_mat5
f 3796 3797 3798
usemtl Patch_2183_Mat_mat5
f 3797 3796 3799

# obj806
v 829.93103027 -328.68460083 433.38571167
v 772.39788818 -371.18249512 500.09091187
v 778.71136475 -324.77301025 429.00177002
v 826.41040039 -375.99942017 505.77578735
usemtl Patch_2184_Mat_mat0
f 3800 3801 3802
usemtl Patch_2185_Mat_mat0
f 3801 3800 3803

# obj807
v 773.90325928 -350.07302856 500.20843506
v 778.71136475 -324.77301025 429.00177002
v 772.39788818 -371.18249512 500.09091187
v 778.85601807 -311.17590332 448.67599487
v 780.68389893 -297.21420288 428.98791504
v 779.51226807 -271.41925049 500.64624023
v 781.04486084 -249.92781067 500.76586914
usemtl Patch_2186_Mat_mat0
f 3804 3805 3806
usemtl Patch_2187_Mat_mat0
f 3805 3804 3807
usemtl Patch_2188_Mat_mat0
f 3805 3807 3808
usemtl Patch_2189_Mat_mat0
f 3808 3807 3809
usemtl Patch_2190_Mat_mat0
f 3808 3809 3810

# obj808
v 811.49291992 -291.64968872 433.85827637
v 690.68017578 -152.0647583 484.64569092
v 685.40539551 -252.71401978 484.64569092
v 820.14715576 -126.52204132 433.85827637
usemtl Patch_2191_Mat_mat5
f 3811 3812 3813
usemtl Patch_2192_Mat_mat5
f 3812 3811 3814

# obj809
v 690.68017578 -152.0647583 483.07089233
v 811.49291992 -291.64968872 432.28347778
v 685.40539551 -252.71401978 483.07089233
v 820.14715576 -126.52204132 432.28347778
usemtl Patch_2193_Mat_mat5
f 3815 3816 3817
usemtl Patch_2194_Mat_mat5
f 3816 3815 3818

# obj810
v 821.60858154 -126.59863281 433.27664185
v 826.3170166 -269.95489502 463.98535156
v 812.9543457 -291.72628784 433.27664185
v 832.62200928 -149.64755249 463.98535156
usemtl Patch_2195_Mat_mat5
f 3819 3820 3821
usemtl Patch_2196_Mat_mat5
f 3820 3819 3822

# obj811
v 824.85552979 -269.8782959 464.56698608
v 820.14715576 -126.52204132 433.85827637
v 811.49291992 -291.64968872 433.85827637
v 831.16052246 -149.57096863 464.56698608
usemtl Patch_2197_Mat_mat5
f 3823 3824 3825
usemtl Patch_2198_Mat_mat5
f 3824 3823 3826

# obj812
v 707.48028564 -70.86614227 267.71655273
v 843.70080566 -70.86614227 222.44093323
v 707.48028564 -70.86614227 222.44093323
v 843.70080566 -70.86614227 300.78741455
v 779.1338501 -70.86614227 300.78741455
usemtl Patch_2199_Mat_mat1
f 3827 3828 3829
usemtl Patch_2200_Mat_mat1
f 3828 3827 3830
usemtl Patch_2201_Mat_mat1
f 3830 3827 3831

# obj813
v 686.36407471 -354.02905273 483.07089233
v 799.19659424 -500.14028931 432.28347778
v 675.47912598 -454.22692871 483.07089233
v 817.05499268 -335.75320435 432.28347778
usemtl Patch_2202_Mat_mat5
f 3832 3833 3834
usemtl Patch_2203_Mat_mat5
f 3833 3832 3835

# obj814
v 750.92456055 -556.67816162 498.19198608
v 748.34960938 -576.7689209 497.96011353
v -257.42715454 -409.84735107 391.95263672
v -263.15731812 -451.64471436 391.43106079
v 838.90985107 -630.78326416 507.58016968
v -264.16946411 -459.0557251 391.33761597
v 798.31695557 -583.88848877 503.22433472
v 800.95678711 -563.25421143 503.4619751
v 847.8951416 -570.49633789 508.40817261
usemtl Patch_2204_Mat_mat0
f 3836 3837 3838
usemtl Patch_2205_Mat_mat0
f 3839 3840 3841
usemtl Patch_2206_Mat_mat0
f 3840 3839 3838
usemtl Patch_2207_Mat_mat0
f 3840 3838 3837
usemtl Patch_2208_Mat_mat0
f 3840 3837 3842
usemtl Patch_2209_Mat_mat0
f 3840 3842 3843
usemtl Patch_2210_Mat_mat0
f 3840 3843 3844

# obj815
v 813.75372314 -479.14877319 464.56698608
v 817.05499268 -335.75320435 433.85827637
v 799.19659424 -500.14028931 433.85827637
v 826.7645874 -359.38098145 464.56698608
usemtl Patch_2211_Mat_mat5
f 3845 3846 3847
usemtl Patch_2212_Mat_mat5
f 3846 3845 3848

# obj816
v 584.1116333 -542.10876465 189.25756836
v 576.65270996 -589.95507812 189.25756836
v 576.66265869 -589.956604 189.25756836
usemtl Patch_2213_Mat_mat1
f 3849 3850 3851

# obj817
v 721.54003906 -213.61245728 236.22047424
v 709.84747314 -212.62509155 230.31497192
v 721.53997803 -213.61245728 230.31495667
v 709.84747314 -212.62509155 236.22047424
usemtl Patch_2214_Mat_mat1
f 3852 3853 3854
usemtl Patch_2215_Mat_mat1
f 3853 3852 3855

# obj818
v 733.33764648 -214.60870361 241.91288757
v 736.22045898 -154.46194458 241.73228455
v 733.33764648 -214.60870361 241.73231506
v 733.33764648 -214.60870361 247.63781738
v 736.22045898 -154.46194458 247.63780212
usemtl Patch_2216_Mat_mat1
f 3856 3857 3858
usemtl Patch_2217_Mat_mat1
f 3857 3856 3859
usemtl Patch_2218_Mat_mat1
f 3857 3859 3860

# obj819
v 714.96063232 -323.22836304 230.31497192
v 686.22039795 -210.62991333 230.31497192
v 679.52758789 -320.47241211 230.31497192
v 698.03399658 -211.62750244 230.31497192
v 709.84747314 -212.62509155 230.31497192
v 721.53997803 -213.61245728 230.31495667
usemtl Patch_2219_Mat_mat4
f 3861 3862 3863
usemtl Patch_2220_Mat_mat4
f 3862 3861 3864
usemtl Patch_2221_Mat_mat4
f 3864 3861 3865
usemtl Patch_2222_Mat_mat4
f 3865 3861 3866

# obj820
v 649.03717041 -71.83975983 140.89805603
v 649.95294189 -119.47755432 164.50234985
v 649.03717041 -119.47755432 140.89805603
v 649.95294189 -71.83975983 164.50234985
usemtl Patch_2223_Mat_mat5
f 3867 3868 3869
usemtl Patch_2224_Mat_mat5
f 3868 3867 3870

# obj821
v 649.03717041 -71.83975983 140.89805603
v 586.48577881 -119.47755432 143.32484436
v 586.48577881 -71.83975983 143.32484436
v 649.03717041 -119.47755432 140.89805603
usemtl Patch_2225_Mat_mat5
f 3871 3872 3873
usemtl Patch_2226_Mat_mat5
f 3872 3871 3874

# obj822
v 698.03399658 -211.62750244 224.40945435
v 688.97637939 -154.33070374 224.40943909
v 686.22039795 -210.62991333 224.40945435
v 700.78741455 -154.33070374 224.40943909
usemtl Patch_2227_Mat_mat1
f 3875 3876 3877
usemtl Patch_2228_Mat_mat1
f 3876 3875 3878

# obj823
v 883.48974609 -273.12420654 465.26989746
v 891.39837646 -214.42459106 424.43167114
v 886.90600586 -273.13375854 424.07272339
v 887.9821167 -214.41503906 465.62884521
usemtl Patch_2229_Mat_mat7
f 3879 3880 3881
usemtl Patch_2230_Mat_mat7
f 3880 3879 3882

# obj824
v 771.63726807 -155.34362793 265.3543396
v 759.8425293 -154.72441101 259.44882202
v 771.63726807 -155.34362793 259.44882202
v 759.8425293 -154.72441101 265.3543396
usemtl Patch_2231_Mat_mat1
f 3883 3884 3885
usemtl Patch_2232_Mat_mat1
f 3884 3883 3886

# obj825
v 768.39031982 -217.19192505 259.44885254
v 759.8425293 -154.72441101 259.44882202
v 756.59552002 -216.57270813 259.44885254
v 771.63726807 -155.34362793 259.44882202
usemtl Patch_2233_Mat_mat1
f 3887 3888 3889
usemtl Patch_2234_Mat_mat1
f 3888 3887 3890

# obj826
v 698.03399658 -211.62750244 230.31497192
v 700.78741455 -154.33070374 224.40943909
v 698.03399658 -211.62750244 224.40945435
v 700.78741455 -154.33070374 230.31494141
usemtl Patch_2235_Mat_mat1
f 3891 3892 3893
usemtl Patch_2236_Mat_mat1
f 3892 3891 3894

# obj827
v 756.59552002 -216.57270813 247.63781738
v 745.01422119 -215.59472656 253.54333496
v 745.01422119 -215.59472656 247.63781738
v 756.59552002 -216.57270813 253.54333496
usemtl Patch_2237_Mat_mat1
f 3895 3896 3897
usemtl Patch_2238_Mat_mat1
f 3896 3895 3898

# obj828
v 750 -326.77166748 247.63781738
v 721.53997803 -213.61245728 247.63781738
v 714.96063232 -323.22836304 247.63781738
v 733.33764648 -214.60870361 247.63781738
v 745.01422119 -215.59472656 247.63781738
v 756.59552002 -216.57270813 247.63781738
usemtl Patch_2239_Mat_mat4
f 3899 3900 3901
usemtl Patch_2240_Mat_mat4
f 3900 3899 3902
usemtl Patch_2241_Mat_mat4
f 3902 3899 3903
usemtl Patch_2242_Mat_mat4
f 3903 3899 3904

# obj829
v 688.97637939 -154.33070374 224.40943909
v 686.22039795 -210.62991333 218.50390625
v 686.22039795 -210.62991333 224.40945435
v 688.97637939 -154.33070374 218.50390625
usemtl Patch_2243_Mat_mat1
f 3905 3906 3907
usemtl Patch_2244_Mat_mat1
f 3906 3905 3908

# obj830
v 709.84747314 -212.62509155 236.22047424
v 712.59844971 -154.33070374 230.31494141
v 709.84747314 -212.62509155 230.31497192
v 712.59844971 -154.33070374 236.22045898
usemtl Patch_2245_Mat_mat1
f 3909 3910 3911
usemtl Patch_2246_Mat_mat1
f 3910 3909 3912

# obj831
v 721.53997803 -213.61245728 247.63781738
v 714.96063232 -323.22836304 230.31497192
v 714.96063232 -323.22836304 247.63781738
v 721.54003906 -213.61245728 241.73231506
v 721.53997803 -213.61245728 230.31495667
v 721.54003906 -213.61245728 236.22047424
usemtl Patch_2247_Mat_mat4
f 3913 3914 3915
usemtl Patch_2248_Mat_mat4
f 3914 3913 3916
usemtl Patch_2249_Mat_mat4
f 3916 3917 3914
usemtl Patch_2250_Mat_mat4
f 3917 3916 3918

# obj832
v 756.59552002 -216.57270813 265.3543396
v 750 -326.77166748 247.63781738
v 750 -326.77166748 265.3543396
v 756.59552002 -216.57270813 247.63781738
v 756.59552002 -216.57270813 259.44885254
v 756.59552002 -216.57270813 253.54333496
usemtl Patch_2251_Mat_mat4
f 3919 3920 3921
usemtl Patch_2252_Mat_mat4
f 3920 3919 3922

# obj833
v 759.8425293 -154.72441101 259.44882202
v 756.59552002 -216.57270813 253.54333496
v 756.59552002 -216.57270813 259.44885254
v 759.8425293 -154.72441101 253.5433197
usemtl Patch_2253_Mat_mat1
f 3925 3926 3927
usemtl Patch_2254_Mat_mat1
f 3926 3925 3928

# obj834
v 733.33764648 -214.60870361 241.91288757
v 733.33764648 -214.60870361 241.73231506
v 732.60406494 -214.54675293 241.73231506
usemtl Patch_2255_Mat_mat4
f 3929 3930 3931

# obj835
v 721.53997803 -213.61245728 247.63781738
v 732.60406494 -214.54675293 241.73231506
v 721.54003906 -213.61245728 241.73231506
v 733.33764648 -214.60870361 241.91288757
v 733.33764648 -214.60870361 247.63781738
usemtl Patch_2256_Mat_mat1
f 3932 3933 3934
usemtl Patch_2257_Mat_mat1
f 3933 3932 3935
usemtl Patch_2258_Mat_mat1
f 3935 3932 3936

# obj836
v 771.63726807 -155.34362793 265.3543396
v 768.39031982 -217.19192505 259.44885254
v 768.39031982 -217.19192505 265.3543396
v 771.63726807 -155.34362793 259.44882202
usemtl Patch_2259_Mat_mat1
f 3937 3938 3939
usemtl Patch_2260_Mat_mat1
f 3938 3937 3940

# obj837
v 686.22039795 -210.62991333 230.31497192
v 698.03399658 -211.62750244 224.40945435
v 686.22039795 -210.62991333 224.40945435
v 698.03399658 -211.62750244 230.31497192
usemtl Patch_2261_Mat_mat1
f 3941 3942 3943
usemtl Patch_2262_Mat_mat1
f 3942 3941 3944

# obj838
v 732.60406494 -214.54675293 241.73231506
v 724.40942383 -154.33070374 241.73228455
v 721.54003906 -213.61245728 241.73231506
v 736.22045898 -154.46194458 241.73228455
v 733.33764648 -214.60870361 241.73231506
usemtl Patch_2263_Mat_mat1
f 3945 3946 3947
usemtl Patch_2264_Mat_mat1
f 3946 3945 3948
usemtl Patch_2265_Mat_mat1
f 3948 3945 3949

# obj839
v 745.01422119 -215.59472656 253.54333496
v 748.03149414 -154.59317017 247.63780212
v 745.01422119 -215.59472656 247.63781738
v 748.03149414 -154.59317017 253.5433197
usemtl Patch_2266_Mat_mat1
f 3950 3951 3952
usemtl Patch_2267_Mat_mat1
f 3951 3950 3953

# obj840
v 724.40942383 -154.33070374 241.73228455
v 721.54003906 -213.61245728 236.22047424
v 721.54003906 -213.61245728 241.73231506
v 724.40942383 -154.33070374 236.22045898
usemtl Patch_2268_Mat_mat1
f 3954 3955 3956
usemtl Patch_2269_Mat_mat1
f 3955 3954 3957

# obj841
v 721.54003906 -213.61245728 236.22047424
v 712.59844971 -154.33070374 236.22045898
v 709.84747314 -212.62509155 236.22047424
v 724.40942383 -154.33070374 236.22045898
usemtl Patch_2270_Mat_mat1
f 3958 3959 3960
usemtl Patch_2271_Mat_mat1
f 3959 3958 3961

# obj842
v 649.95294189 -119.47755432 164.50234985
v 586.48577881 -119.47755432 143.32484436
v 649.03717041 -119.47755432 140.89805603
v 587.40155029 -119.47755432 166.92913818
usemtl Patch_2272_Mat_mat5
f 3962 3963 3964
usemtl Patch_2273_Mat_mat5
f 3963 3962 3965

# obj843
v 756.59552002 -216.57270813 253.54333496
v 748.03149414 -154.59317017 253.5433197
v 745.01422119 -215.59472656 253.54333496
v 759.8425293 -154.72441101 253.5433197
usemtl Patch_2274_Mat_mat1
f 3966 3967 3968
usemtl Patch_2275_Mat_mat1
f 3967 3966 3969

# obj844
v 615.35430908 -204.72439575 183.46453857
v 606.31628418 -152.9082489 183.46455383
v 603.56036377 -204.08934021 183.46453857
v 618.11022949 -153.54330444 183.46455383
usemtl Patch_2276_Mat_mat1
f 3970 3971 3972
usemtl Patch_2277_Mat_mat1
f 3971 3970 3973

# obj845
v 887.9821167 -214.41503906 465.62884521
v 895.90405273 -155.54269409 424.79162598
v 891.39837646 -214.42459106 424.43167114
v 892.48773193 -155.53314209 465.98883057
usemtl Patch_2278_Mat_mat7
f 3974 3975 3976
usemtl Patch_2279_Mat_mat7
f 3975 3974 3977

# obj846
v 587.40155029 -71.83975983 166.92913818
v 586.48577881 -119.47755432 143.32484436
v 587.40155029 -119.47755432 166.92913818
v 586.48577881 -71.83975983 143.32484436
usemtl Patch_2280_Mat_mat5
f 3978 3979 3980
usemtl Patch_2281_Mat_mat5
f 3979 3978 3981

# obj847
v 603.56036377 -204.08934021 183.46453857
v 606.31628418 -152.9082489 177.55903625
v 603.56036377 -204.08934021 177.559021
v 606.31628418 -152.9082489 183.46455383
usemtl Patch_2282_Mat_mat1
f 3982 3983 3984
usemtl Patch_2283_Mat_mat1
f 3983 3982 3985

# obj848
v 615.35430908 -204.72439575 177.559021
v 603.56036377 -204.08934021 183.46453857
v 603.56036377 -204.08934021 177.559021
v 615.35430908 -204.72439575 183.46453857
usemtl Patch_2284_Mat_mat1
f 3986 3987 3988
usemtl Patch_2285_Mat_mat1
f 3987 3986 3989

# obj849
v 586.48577881 -71.83975983 143.32484436
v 649.95294189 -71.83975983 164.50234985
v 649.03717041 -71.83975983 140.89805603
v 587.40155029 -71.83975983 166.92913818
usemtl Patch_2286_Mat_mat5
f 3990 3991 3992
usemtl Patch_2287_Mat_mat5
f 3991 3990 3993

# obj850
v 756.59552002 -216.57270813 259.44885254
v 768.39031982 -217.19192505 265.3543396
v 768.39031982 -217.19192505 259.44885254
v 756.59552002 -216.57270813 265.3543396
usemtl Patch_2288_Mat_mat1
f 3994 3995 3996
usemtl Patch_2289_Mat_mat1
f 3995 3994 3997

# obj851
v 606.31628418 -152.9082489 183.46455383
v 618.11022949 -153.54330444 177.55903625
v 606.31628418 -152.9082489 177.55903625
v 618.11022949 -153.54330444 183.46455383
usemtl Patch_2290_Mat_mat1
f 3998 3999 4000
usemtl Patch_2291_Mat_mat1
f 3999 3998 4001

# obj852
v 564.98223877 -588.13818359 177.55903625
v 490.59378052 -492.68365479 177.55905151
v 477.41513062 -574.5057373 177.559021
v 551.18109131 -502.75592041 177.55905151
v 564.17321777 -388.18896484 177.55906677
v 573.62207031 -277.55908203 177.55906677
v 572.44152832 -540.28948975 177.55903625
v 584.1116333 -542.10876465 177.55903625
v 580.31494141 -166.53544617 177.55906677
v 583.46453857 -55.51181412 177.55906677
v 609.05511475 -314.56692505 177.559021
v 603.56036377 -204.08934021 177.559021
v 591.19281006 -495.59185791 177.559021
v 615.35430908 -204.72439575 177.559021
v 620.86608887 0 177.55903625
v 583.46453857 0 177.55906677
v 606.31628418 -152.9082489 177.55903625
v 618.11022949 -153.54330444 177.55903625
v 620.86608887 -108.26772308 177.55903625
usemtl Patch_2292_Mat_mat1
f 4002 4003 4004
usemtl Patch_2293_Mat_mat1
f 4003 4002 4005
usemtl Patch_2294_Mat_mat1
f 4005 4002 4006
usemtl Patch_2295_Mat_mat1
f 4006 4002 4007
usemtl Patch_2296_Mat_mat1
f 4007 4002 4008
usemtl Patch_2297_Mat_mat1
f 4007 4008 4009
usemtl Patch_2298_Mat_mat1
f 4007 4009 4010
usemtl Patch_2299_Mat_mat1
f 4010 4009 4011
usemtl Patch_2300_Mat_mat1
f 4012 4013 4014
usemtl Patch_2301_Mat_mat1
f 4013 4012 4015
usemtl Patch_2302_Mat_mat1
f 4011 4016 4017
usemtl Patch_2303_Mat_mat1
f 4016 4011 4018
usemtl Patch_2304_Mat_mat1
f 4018 4011 4009
usemtl Patch_2305_Mat_mat1
f 4018 4009 4013
usemtl Patch_2306_Mat_mat1
f 4013 4009 4014
usemtl Patch_2307_Mat_mat1
f 4016 4018 4019
usemtl Patch_2308_Mat_mat1
f 4016 4019 4020

# obj853
v 851.18109131 -86.61417389 265.3543396
v 851.21453857 -0 265.3543396
v 851.18109131 -0 265.3543396
v 852.08032227 -0 265.3543396
usemtl Patch_2309_Mat_mat1
f 4021 4022 4023
usemtl Patch_2310_Mat_mat1
f 4022 4021 4024

# obj854
v 852.08032227 -0 265.3543396
v 851.21453857 -0 265.3543396
v 851.18109131 -86.61417389 265.3543396
usemtl Patch_2311_Mat_mat1
f 4025 4026 4027

# obj855
v 629.92126465 -153.54330444 195.27557373
v 620.86608887 -108.26772308 195.27557373
v 618.11022949 -153.54330444 195.27557373
v 656.29925537 -0 195.27557373
v 620.86608887 -0 195.27557373
v 641.7322998 -153.54330444 195.27557373
v 653.54333496 -153.54330444 195.27557373
v 656.29925537 -108.26772308 195.27557373
usemtl Patch_2312_Mat_mat4
f 4028 4029 4030
usemtl Patch_2313_Mat_mat4
f 4029 4031 4032
usemtl Patch_2314_Mat_mat4
f 4031 4029 4028
usemtl Patch_2315_Mat_mat4
f 4031 4028 4033
usemtl Patch_2316_Mat_mat4
f 4031 4033 4034
usemtl Patch_2317_Mat_mat4
f 4031 4034 4035

# obj856
v 587.40155029 -0 166.92913818
v 578.34643555 -55.11811066 166.92913818
v 578.34643555 -0 166.92913818
v 587.40155029 -591.62841797 166.92913818
v 587.40155029 -71.83975983 166.92913818
v 587.40155029 -119.47755432 166.92913818
usemtl Patch_2318_Mat_mat0
f 4036 4037 4038
usemtl Patch_2319_Mat_mat0
f 4037 4036 4039

# obj857
v 587.40155029 -591.62841797 166.92913818
v 477.65667725 -574.54333496 166.92915344
v 491.71121216 -487.28262329 166.92915344
usemtl Patch_2320_Mat_mat0
f 4042 4043 4044

# obj858
v 587.40155029 -591.62841797 166.92913818
v 491.71121216 -487.28262329 166.92915344
v 546.43719482 -496.38671875 166.92913818
usemtl Patch_2321_Mat_mat0
f 4045 4046 4047

# obj859
v 587.40155029 -591.62841797 166.92913818
v 546.43719482 -496.38671875 166.92913818
v 559.4487915 -387.00790405 166.92913818
usemtl Patch_2322_Mat_mat0
f 4048 4049 4050

# obj860
v 587.40155029 -591.62841797 166.92913818
v 559.4487915 -387.00790405 166.92913818
v 568.89764404 -276.37792969 166.92913818
usemtl Patch_2323_Mat_mat0
f 4051 4052 4053

# obj861
v 587.40155029 -591.62841797 166.92913818
v 568.89764404 -276.37792969 166.92913818
v 575.19683838 -165.74801636 166.92913818
usemtl Patch_2324_Mat_mat0
f 4054 4055 4056

# obj862
v 587.40155029 -591.62841797 166.92913818
v 575.19683838 -165.74801636 166.92913818
v 578.34643555 -55.11811066 166.92913818
usemtl Patch_2325_Mat_mat0
f 4057 4058 4059

# obj863
v 838.18902588 -329.52752686 167.71655273
v 830.05932617 -512.77105713 167.71655273
v 820.85845947 -511.35552979 167.71655273
v 849.79632568 -119.29371643 167.71655273
v 854.07958984 -302.78829956 167.71653748
v 840.1574707 -301.57476807 167.71655273
v 863.53302002 -119.4703064 167.71653748
v 927.16534424 -0 167.71653748
v 850.39373779 -91.73221588 167.71655273
v 850.39373779 -0 167.71655273
v 864.32061768 -91.91121674 167.71653748
v 912.20471191 -46.45669174 167.71653748
v 875.98425293 -551.5748291 167.71653748
v 890.55114746 -425.59057617 167.71653748
v 901.96850586 -299.60629272 167.71653748
v 909.05511475 -173.22834778 167.71653748
v 927.16534424 -46.45669174 167.71653748
v 817.71655273 -539.37005615 167.71655273
v 975.63641357 -652.06890869 167.71653748
v 810.09368896 -626.29718018 167.71655273
v 826.51776123 -540.31591797 167.71655273
v 852.1114502 -330.34741211 167.71653748
v 895.27557373 -553.93701172 167.71653748
v 912.99206543 -401.57479858 167.71653748
v 914.96063232 -374.80316162 167.71653748
v 1016.53546143 -390.55117798 167.71653748
usemtl Patch_2326_Mat_mat0
f 4060 4061 4062
usemtl Patch_2327_Mat_mat0
f 4063 4064 4065
usemtl Patch_2328_Mat_mat0
f 4064 4063 4066
usemtl Patch_2329_Mat_mat0
f 4067 4068 4069
usemtl Patch_2330_Mat_mat0
f 4068 4067 4070
usemtl Patch_2331_Mat_mat0
f 4070 4067 4071
usemtl Patch_2332_Mat_mat0
f 4070 4071 4072
usemtl Patch_2333_Mat_mat0
f 4072 4071 4073
usemtl Patch_2334_Mat_mat0
f 4073 4071 4074
usemtl Patch_2335_Mat_mat0
f 4074 4071 4075
usemtl Patch_2336_Mat_mat0
f 4071 4067 4076
usemtl Patch_2337_Mat_mat0
f 4077 4078 4079
usemtl Patch_2338_Mat_mat0
f 4078 4077 4080
usemtl Patch_2339_Mat_mat0
f 4078 4080 4061
usemtl Patch_2340_Mat_mat0
f 4078 4061 4072
usemtl Patch_2341_Mat_mat0
f 4072 4061 4060
usemtl Patch_2342_Mat_mat0
f 4072 4060 4081
usemtl Patch_2343_Mat_mat0
f 4072 4081 4064
usemtl Patch_2344_Mat_mat0
f 4072 4064 4066
usemtl Patch_2345_Mat_mat0
f 4072 4066 4070
usemtl Patch_2346_Mat_mat0
f 4078 4072 4082
usemtl Patch_2347_Mat_mat0
f 4078 4082 4083
usemtl Patch_2348_Mat_mat0
f 4078 4083 4084
usemtl Patch_2349_Mat_mat0
f 4078 4084 4085

# obj864
v 551.18109131 -502.75592041 209.05513
v 491.57925415 -487.26068115 209.05511475
v 490.59378052 -492.68365479 209.05511475
v 546.43719482 -496.38671875 209.05511475
usemtl Patch_2350_Mat_mat5
f 4086 4087 4088
usemtl Patch_2351_Mat_mat5
f 4087 4086 4089

# obj865
v 559.4487915 -387.00790405 209.05513
v 546.43719482 -496.38671875 209.05511475
v 551.18109131 -502.75592041 209.05513
usemtl Patch_2352_Mat_mat5
f 4090 4091 4092

# obj866
v 564.17321777 -388.18896484 209.05513
v 559.4487915 -387.00790405 209.05513
v 551.18109131 -502.75592041 209.05513
usemtl Patch_2353_Mat_mat5
f 4093 4094 4095

# obj867
v 568.89764404 -276.37792969 209.05513
v 559.4487915 -387.00790405 209.05513
v 564.17321777 -388.18896484 209.05513
usemtl Patch_2354_Mat_mat5
f 4096 4097 4098

# obj868
v 573.62207031 -277.55908203 209.05513
v 568.89764404 -276.37792969 209.05513
v 564.17321777 -388.18896484 209.05513
usemtl Patch_2355_Mat_mat5
f 4099 4100 4101

# obj869
v 575.19683838 -165.74801636 209.05513
v 568.89764404 -276.37792969 209.05513
v 573.62207031 -277.55908203 209.05513
usemtl Patch_2356_Mat_mat5
f 4102 4103 4104

# obj870
v 580.31494141 -166.53544617 209.05513
v 575.19683838 -165.74801636 209.05513
v 573.62207031 -277.55908203 209.05513
usemtl Patch_2357_Mat_mat5
f 4105 4106 4107

# obj871
v 580.31494141 -166.53544617 209.05513
v 578.34643555 -55.11811066 209.05513
v 575.19683838 -165.74801636 209.05513
usemtl Patch_2358_Mat_mat5
f 4108 4109 4110

# obj872
v 578.34643555 -55.11811066 209.05513
v 583.46453857 -0 209.05513
v 578.34643555 -0 209.05513
v 580.31494141 -166.53544617 209.05513
v 583.46453857 -55.51181412 209.05513
usemtl Patch_2359_Mat_mat5
f 4111 4112 4113
usemtl Patch_2360_Mat_mat5
f 4112 4111 4114
usemtl Patch_2361_Mat_mat5
f 4112 4114 4115

# obj873
v -39.33636856 -275.56149292 8.989E-05
v -263.77954102 -100.78739929 0
v -268.5039978 -198.0315094 0
v -238.5827179 -77.16535187 0
v 29.89307594 -364.96063232 8.976E-05
v -39.76376343 -364.96066284 0
v 12.20472431 -118.11023712 0
v 12.20472431 0 0
v 48.40741348 -120.61933136 -9E-08
v -262.20471191 -52.36220169 0
v -262.20471191 -0 0
usemtl Patch_2362_Mat_mat3
f 4116 4117 4118
usemtl Patch_2363_Mat_mat3
f 4117 4116 4119
usemtl Patch_2364_Mat_mat3
f 4120 4116 4121
usemtl Patch_2365_Mat_mat3
f 4116 4120 4122
usemtl Patch_2366_Mat_mat3
f 4116 4122 4123
usemtl Patch_2367_Mat_mat3
f 4122 4120 4124
usemtl Patch_2368_Mat_mat3
f 4125 4123 4126
usemtl Patch_2369_Mat_mat3
f 4123 4125 4119
usemtl Patch_2370_Mat_mat3
f 4123 4119 4116

# obj874
v -86.30049133 -491.92617798 41.33858109
v 0.83884043 -505.49203491 -49.21259689
v -86.30049133 -491.92617798 -49.21259689
v 0.83884043 -505.49203491 41.33858109
usemtl Patch_2371_Mat_mat6
f 4127 4128 4129
usemtl Patch_2372_Mat_mat6
f 4128 4127 4130

# obj875
v -85.51318359 -486.86895752 -49.21259689
v -89.38991547 -435.91973877 -49.21259689
v -97.188591 -485.05133057 -49.21259689
v 0.83884043 -505.49203491 -49.21259689
v -86.30049133 -491.92617798 -49.21259689
v 0.09306635 -364.96063232 -49.21255493
v 1.62614489 -500.43484497 -49.21259689
v 18.7874012 -503.10650635 -49.21259689
v -193.30708313 -349.21258545 -49.21259689
v -216.14175415 -416.14172363 -49.21259689
v -146.06300354 -364.96066284 -49.21259689
usemtl Patch_2373_Mat_mat1
f 4131 4132 4133
usemtl Patch_2374_Mat_mat1
f 4134 4131 4135
usemtl Patch_2375_Mat_mat1
f 4131 4134 4136
usemtl Patch_2376_Mat_mat1
f 4136 4134 4137
usemtl Patch_2377_Mat_mat1
f 4136 4137 4138
usemtl Patch_2378_Mat_mat1
f 4132 4139 4140
usemtl Patch_2379_Mat_mat1
f 4139 4132 4141
usemtl Patch_2380_Mat_mat1
f 4141 4132 4136
usemtl Patch_2381_Mat_mat1
f 4136 4132 4131

# obj876
v 12.32295132 -364.96063232 -37.4015007
v 31.28047943 -505.05142212 -43.30707932
v 31.28047943 -505.05142212 -37.40155792
v 12.32295132 -364.96063232 -43.30702591
usemtl Patch_2382_Mat_mat1
f 4142 4143 4144
usemtl Patch_2383_Mat_mat1
f 4143 4142 4145

# obj877
v 31.28047943 -505.05142212 -37.40155792
v 24.55283546 -364.96063232 -37.4015007
v 12.32295132 -364.96063232 -37.4015007
v 43.77355957 -506.99633789 -37.40155792
usemtl Patch_2384_Mat_mat1
f 4146 4147 4148
usemtl Patch_2385_Mat_mat1
f 4147 4146 4149

# obj878
v 18.7874012 -503.10650635 -43.30707932
v 12.32295132 -364.96063232 -43.30702591
v 0.09306635 -364.96063232 -43.30702591
v 31.28047943 -505.05142212 -43.30707932
usemtl Patch_2386_Mat_mat1
f 4150 4151 4152
usemtl Patch_2387_Mat_mat1
f 4151 4150 4153

# obj879
v 0.09306635 -364.96063232 -43.30702591
v 18.7874012 -503.10650635 -49.21259689
v 18.7874012 -503.10650635 -43.30707932
v 0.09306635 -364.96063232 -49.21255493
usemtl Patch_2388_Mat_mat1
f 4154 4155 4156
usemtl Patch_2389_Mat_mat1
f 4155 4154 4157

# obj880
v 816.60211182 -510.48849487 39.37007523
v 810.96636963 -328.06176758 39.3700676
v 792.64660645 -506.802948 39.37007904
v 836.78564453 -329.58230591 39.3700676
v 838.80126953 -301.2852478 39.37007904
v 822.43267822 -119.02209473 39.3700676
v 813.02813721 -299.03869629 39.37007904
v 848.22741699 -119.3536377 39.3700676
v 777.56231689 -504.48220825 39.37008286
v 823.22003174 -91.46303558 39.3700676
v 777.56109619 -90.87619019 39.37006378
usemtl Patch_2390_Mat_mat4
f 4158 4159 4160
usemtl Patch_2391_Mat_mat4
f 4159 4158 4161
usemtl Patch_2392_Mat_mat4
f 4162 4163 4164
usemtl Patch_2393_Mat_mat4
f 4163 4162 4165
usemtl Patch_2394_Mat_mat4
f 4166 4167 4168
usemtl Patch_2395_Mat_mat4
f 4167 4166 4160
usemtl Patch_2396_Mat_mat4
f 4167 4160 4159
usemtl Patch_2397_Mat_mat4
f 4167 4159 4164
usemtl Patch_2398_Mat_mat4
f 4167 4164 4163

# obj881
v 42.94706345 421.62451172 77.16544342
v 54.69865417 466.03094482 77.16544342
v 36.27246094 463.06298828 77.16544342
v 80.25095367 427.54611206 77.16544342
v 73.56272125 469.06939697 77.16544342
usemtl Patch_2399_Mat_mat4
f 4169 4170 4171
usemtl Patch_2400_Mat_mat4
f 4170 4169 4172
usemtl Patch_2401_Mat_mat4
f 4170 4172 4173

# obj882
v 117.55484772 433.4677124 93.89771271
v 129.32505798 477.76293945 93.89771271
v 110.89822388 474.79492188 93.89771271
v 154.85874939 439.38931274 93.89771271
v 148.18849182 480.80126953 93.89771271
usemtl Patch_2402_Mat_mat4
f 4174 4175 4176
usemtl Patch_2403_Mat_mat4
f 4175 4174 4177
usemtl Patch_2404_Mat_mat4
f 4175 4177 4178

# obj883
v 353.20425415 512.95892334 148.27757263
v 365.44949341 557.07489014 148.27757263
v 346.7885437 554.1697998 148.27757263
v 372.0657959 515.99688721 148.27757263
usemtl Patch_2405_Mat_mat1
f 4179 4180 4181
usemtl Patch_2406_Mat_mat1
f 4180 4179 4182

# obj884
v 372.0657959 515.99688721 148.27757263
v 353.20425415 512.95892334 144.09451294
v 372.0657959 515.99688721 144.09451294
v 353.20425415 512.95892334 148.27757263
usemtl Patch_2407_Mat_mat1
f 4183 4184 4185
usemtl Patch_2408_Mat_mat1
f 4184 4183 4186

# obj885
v 353.20425415 512.95892334 148.27757263
v 346.7885437 554.16973877 144.09449768
v 353.20425415 512.95892334 144.09451294
v 346.7885437 554.1697998 148.27757263
usemtl Patch_2409_Mat_mat1
f 4187 4188 4189
usemtl Patch_2410_Mat_mat1
f 4188 4187 4190

# obj886
v 315.87561035 507.19213867 139.91143799
v 328.12762451 551.26464844 139.91143799
v 309.4666748 548.35949707 139.91143799
v 334.75289917 510.13095093 139.91143799
usemtl Patch_2411_Mat_mat1
f 4191 4192 4193
usemtl Patch_2412_Mat_mat1
f 4192 4191 4194

# obj887
v 334.75289917 510.13095093 135.7283783
v 315.87561035 507.19213867 139.91143799
v 315.87561035 507.19213867 135.7283783
v 334.75289917 510.13095093 139.91143799
usemtl Patch_2413_Mat_mat1
f 4195 4196 4197
usemtl Patch_2414_Mat_mat1
f 4196 4195 4198

# obj888
v 315.87561035 507.19213867 139.91143799
v 309.4666748 548.35949707 135.72836304
v 315.87561035 507.19213867 135.7283783
v 309.4666748 548.35949707 139.91143799
usemtl Patch_2415_Mat_mat1
f 4199 4200 4201
usemtl Patch_2416_Mat_mat1
f 4200 4199 4202

# obj889
v 278.57785034 501.22692871 131.54530334
v 290.8057251 545.4543457 131.54530334
v 272.14480591 542.54919434 131.54530334
v 297.44003296 504.26501465 131.54530334
usemtl Patch_2417_Mat_mat1
f 4203 4204 4205
usemtl Patch_2418_Mat_mat1
f 4204 4203 4206

# obj890
v 297.44003296 504.26501465 131.54530334
v 278.57785034 501.22692871 127.36224365
v 297.44003296 504.26501465 127.36224365
v 278.57785034 501.22692871 131.54530334
usemtl Patch_2419_Mat_mat1
f 4207 4208 4209
usemtl Patch_2420_Mat_mat1
f 4208 4207 4210

# obj891
v 278.57785034 501.22692871 131.54530334
v 272.14480591 542.54919434 127.36223602
v 278.57785034 501.22692871 127.36224365
v 272.14480591 542.54919434 131.54530334
usemtl Patch_2421_Mat_mat1
f 4211 4212 4213
usemtl Patch_2422_Mat_mat1
f 4212 4211 4214

# obj892
v 241.2646637 495.3609314 123.17917633
v 253.4838562 539.644104 123.1791687
v 234.82292175 536.73895264 123.1791687
v 260.12713623 498.39907837 123.17917633
usemtl Patch_2423_Mat_mat1
f 4215 4216 4217
usemtl Patch_2424_Mat_mat1
f 4216 4215 4218

# obj893
v 260.12713623 498.39907837 123.17917633
v 241.2646637 495.3609314 118.99610901
v 260.12713623 498.39907837 118.99610901
v 241.2646637 495.3609314 123.17917633
usemtl Patch_2425_Mat_mat1
f 4219 4220 4221
usemtl Patch_2426_Mat_mat1
f 4220 4219 4222

# obj894
v 241.2646637 495.3609314 123.17917633
v 234.82292175 536.73895264 118.99610138
v 241.2646637 495.3609314 118.99610901
v 234.82292175 536.73895264 123.1791687
usemtl Patch_2427_Mat_mat1
f 4223 4224 4225
usemtl Patch_2428_Mat_mat1
f 4224 4223 4226

# obj895
v 166.63825989 483.62893677 106.44690704
v 178.84010315 528.02355957 106.44690704
v 160.1791687 525.1184082 106.44690704
v 185.50137329 486.66720581 106.44690704
usemtl Patch_2429_Mat_mat1
f 4227 4228 4229
usemtl Patch_2430_Mat_mat1
f 4228 4227 4230

# obj896
v 185.50137329 486.66720581 106.44690704
v 166.63825989 483.62893677 102.26383972
v 185.50137329 486.66720581 102.26383972
v 166.63825989 483.62893677 106.44690704
usemtl Patch_2431_Mat_mat1
f 4231 4232 4233
usemtl Patch_2432_Mat_mat1
f 4232 4231 4234

# obj897
v 166.63825989 483.62893677 106.44690704
v 160.1791687 525.1184082 102.26383972
v 166.63825989 483.62893677 102.26383972
v 160.1791687 525.1184082 106.44690704
usemtl Patch_2433_Mat_mat1
f 4235 4236 4237
usemtl Patch_2434_Mat_mat1
f 4236 4235 4238

# obj898
v 129.32505798 477.76293945 98.08078003
v 141.51823425 522.21325684 98.0807724
v 122.85729218 519.30810547 98.0807724
v 148.18849182 480.80126953 98.08078003
usemtl Patch_2435_Mat_mat1
f 4239 4240 4241
usemtl Patch_2436_Mat_mat1
f 4240 4239 4242

# obj899
v 148.18849182 480.80126953 98.08078003
v 129.32505798 477.76293945 93.89771271
v 148.18849182 480.80126953 93.89771271
v 129.32505798 477.76293945 98.08078003
usemtl Patch_2437_Mat_mat1
f 4243 4244 4245
usemtl Patch_2438_Mat_mat1
f 4244 4243 4246

# obj900
v 129.32505798 477.76293945 98.08078003
v 122.85729218 519.30810547 93.89770508
v 129.32505798 477.76293945 93.89771271
v 122.85729218 519.30810547 98.0807724
usemtl Patch_2439_Mat_mat1
f 4247 4248 4249
usemtl Patch_2440_Mat_mat1
f 4248 4247 4250

# obj901
v 92.01185608 471.89694214 89.71464539
v 104.19635773 516.4029541 89.71464539
v 85.53541565 513.49786377 89.71464539
v 110.87560272 474.93533325 89.71464539
usemtl Patch_2441_Mat_mat1
f 4251 4252 4253
usemtl Patch_2442_Mat_mat1
f 4252 4251 4254

# obj902
v 110.87560272 474.93533325 89.71464539
v 92.01185608 471.89694214 85.53157806
v 110.87560272 474.93533325 85.53157806
v 92.01185608 471.89694214 89.71464539
usemtl Patch_2443_Mat_mat1
f 4255 4256 4257
usemtl Patch_2444_Mat_mat1
f 4256 4255 4258

# obj903
v 92.01185608 471.89694214 89.71464539
v 85.53541565 513.49786377 85.53157806
v 92.01185608 471.89694214 85.53157806
v 85.53541565 513.49786377 89.71464539
usemtl Patch_2445_Mat_mat1
f 4259 4260 4261
usemtl Patch_2446_Mat_mat1
f 4260 4259 4262

# obj904
v 54.69865417 466.03094482 81.34851074
v 66.8744812 510.5927124 81.34851074
v 48.21354294 507.68756104 81.34851074
v 73.56272125 469.06939697 81.34851074
usemtl Patch_2447_Mat_mat1
f 4263 4264 4265
usemtl Patch_2448_Mat_mat1
f 4264 4263 4266

# obj905
v 73.56272125 469.06939697 81.34851074
v 54.69865417 466.03094482 77.16544342
v 73.56272125 469.06939697 77.16544342
v 54.69865417 466.03094482 81.34851074
usemtl Patch_2449_Mat_mat1
f 4267 4268 4269
usemtl Patch_2450_Mat_mat1
f 4268 4267 4270

# obj906
v 48.21354294 507.68756104 81.34851074
v 54.69865417 466.03094482 77.16544342
v 54.69865417 466.03094482 81.34851074
v 48.21354294 507.68756104 77.16544342
usemtl Patch_2451_Mat_mat1
f 4271 4272 4273
usemtl Patch_2452_Mat_mat1
f 4272 4271 4274

# obj907
v 804.86071777 625.48248291 157.98728943
v 778.73077393 535.19897461 159.34648132
v 766.6496582 619.53381348 159.97489929
v 812.25201416 538.80554199 157.60282898
v 815.92382812 510.57931519 157.41181946
v 800.85797119 327.3392334 158.19549561
v 782.55523682 505.4486084 159.14755249
v 832.78344727 329.22116089 156.53485107
v 834.71624756 301.08538818 156.43431091
v 812.70037842 118.82324982 157.57949829
v 802.92889404 298.31680298 158.08778381
v 835.62878418 283.39349365 156.38684082
v 844.09619141 119.22780609 155.94639587
v 766.6496582 -0 159.97489929
v 813.49133301 91.26425934 157.5383606
v 844.88195801 -0 155.90551758
v 802.55426025 303.5670166 158.10726929
v 844.88195801 91.66873932 155.90551758
usemtl Patch_2453_Mat_mat0
f 4275 4276 4277
usemtl Patch_2454_Mat_mat0
f 4276 4275 4278
usemtl Patch_2455_Mat_mat0
f 4279 4280 4281
usemtl Patch_2456_Mat_mat0
f 4280 4279 4282
usemtl Patch_2457_Mat_mat0
f 4283 4284 4285
usemtl Patch_2458_Mat_mat0
f 4284 4283 4286
usemtl Patch_2459_Mat_mat0
f 4284 4286 4287
usemtl Patch_2460_Mat_mat0
f 4288 4289 4290
usemtl Patch_2461_Mat_mat0
f 4289 4288 4277
usemtl Patch_2462_Mat_mat0
f 4289 4277 4276
usemtl Patch_2463_Mat_mat0
f 4289 4276 4281
usemtl Patch_2464_Mat_mat0
f 4289 4281 4280
usemtl Patch_2465_Mat_mat0
f 4289 4280 4291
usemtl Patch_2466_Mat_mat0
f 4289 4291 4285
usemtl Patch_2467_Mat_mat0
f 4289 4285 4284
usemtl Patch_2468_Mat_mat0
f 4290 4289 4292

# obj908
v 804.86071777 625.48248291 157.98728943
v 817.71655273 539.37005615 167.71655273
v 812.25201416 538.80554199 157.60282898
v 810.09368896 626.29718018 167.71655273
usemtl Patch_2469_Mat_mat0
f 4293 4294 4295
usemtl Patch_2470_Mat_mat0
f 4294 4293 4296

# obj909
v 691.7322998 -0 212.59840393
v 656.29925537 108.26772308 212.59840393
v 656.29925537 -0 212.59840393
v 665.35437012 153.80577087 212.59840393
v 677.16534424 154.0682373 212.59840393
v 688.97637939 154.33070374 212.59840393
v 691.7322998 108.26772308 212.59840393
v 653.54333496 153.54330444 212.59840393
usemtl Patch_2471_Mat_mat4
f 4297 4298 4299
usemtl Patch_2472_Mat_mat4
f 4298 4297 4300
usemtl Patch_2473_Mat_mat4
f 4300 4297 4301
usemtl Patch_2474_Mat_mat4
f 4301 4297 4302
usemtl Patch_2475_Mat_mat4
f 4302 4297 4303
usemtl Patch_2476_Mat_mat4
f 4300 4304 4298

# obj910
v 696.27026367 511.66345215 247.7727356
v 714.96063232 323.22836304 230.31497192
v 714.96063232 323.22836304 247.63781738
v 696.27026367 511.66345215 230.26997375
usemtl Patch_2477_Mat_mat4
f 4305 4306 4307
usemtl Patch_2478_Mat_mat4
f 4306 4305 4308

# obj911
v 661.22747803 506.41873169 230.27005005
v 679.52758789 320.47241211 212.59840393
v 679.52758789 320.47241211 230.31497192
v 661.22839355 506.40957642 212.6882782
v 661.22747803 506.41873169 212.68838501
usemtl Patch_2479_Mat_mat4
f 4309 4310 4311
usemtl Patch_2480_Mat_mat4
f 4310 4309 4312
usemtl Patch_2481_Mat_mat4
f 4312 4309 4313

# obj912
v 654.13433838 553.00946045 230.25869751
v 661.22747803 506.41873169 212.68838501
v 661.22747803 506.41873169 230.27005005
v 654.13433838 553.00946045 224.35319519
v 654.13433838 553.00946045 218.53204346
v 654.13433838 553.00946045 212.71089172
usemtl Patch_2482_Mat_mat4
f 4314 4315 4316
usemtl Patch_2483_Mat_mat4
f 4315 4314 4317
usemtl Patch_2484_Mat_mat4
f 4315 4317 4318
usemtl Patch_2485_Mat_mat4
f 4319 4315 4318

# obj913
v 619.12298584 547.55914307 212.71089172
v 626.21057129 501.00073242 195.18598938
v 626.21057129 501.00073242 212.68795776
v 619.12298584 547.55914307 206.72102356
v 619.12298584 547.55914307 200.94204712
v 619.12298584 547.55914307 195.16308594
usemtl Patch_2486_Mat_mat4
f 4320 4321 4322
usemtl Patch_2487_Mat_mat4
f 4321 4320 4323
usemtl Patch_2488_Mat_mat4
f 4321 4324 4325
usemtl Patch_2489_Mat_mat4
f 4324 4321 4323

# obj914
v 626.21057129 501.00073242 212.68795776
v 644.09442139 317.32284546 195.27555847
v 644.09442139 317.32284546 212.59840393
v 626.21057129 501.00073242 195.18598938
usemtl Patch_2490_Mat_mat4
f 4326 4327 4328
usemtl Patch_2491_Mat_mat4
f 4327 4326 4329

# obj915
v 591.19281006 495.59185791 195.18598938
v 609.05511475 314.56692505 177.559021
v 609.05511475 314.56692505 195.27555847
v 591.19281006 495.59185791 177.559021
usemtl Patch_2492_Mat_mat4
f 4330 4331 4332
usemtl Patch_2493_Mat_mat4
f 4331 4330 4333

# obj916
v 584.1116333 542.10876465 195.16308594
v 591.19281006 495.59185791 177.559021
v 591.19281006 495.59185791 195.18598938
v 584.1116333 542.10876465 183.40829468
v 584.1116333 542.10876465 177.55903625
v 584.1116333 542.10876465 189.25756836
usemtl Patch_2494_Mat_mat4
f 4334 4335 4336
usemtl Patch_2495_Mat_mat4
f 4335 4334 4337
usemtl Patch_2496_Mat_mat4
f 4335 4337 4338

# obj917
v 731.49481201 515.50213623 265.3543396
v 750 326.77166748 247.63781738
v 750 326.77166748 265.3543396
v 731.49481201 515.50213623 247.77206421
usemtl Patch_2497_Mat_mat4
f 4340 4341 4342
usemtl Patch_2498_Mat_mat4
f 4341 4340 4343

# obj918
v 724.15710449 563.91015625 265.3543396
v 731.49481201 515.50213623 247.77206421
v 731.49481201 515.50213623 265.3543396
v 724.15710449 563.91015625 247.8065033
v 724.15710449 563.91015625 253.71202087
v 724.15710449 563.91015625 259.53317261
usemtl Patch_2499_Mat_mat4
f 4344 4345 4346
usemtl Patch_2500_Mat_mat4
f 4345 4344 4347

# obj919
v 700.81622314 560.27655029 247.8065033
v 705.03753662 609.9420166 247.8065033
v 693.36712646 608.12518311 247.8065033
v 712.4866333 562.09332275 247.8065033
usemtl Patch_2501_Mat_mat1
f 4350 4351 4352
usemtl Patch_2502_Mat_mat1
f 4351 4350 4353

# obj920
v 724.15710449 563.91015625 253.71202087
v 712.4866333 562.09332275 247.8065033
v 724.15710449 563.91015625 247.8065033
v 712.4866333 562.09332275 253.71202087
usemtl Patch_2503_Mat_mat1
f 4354 4355 4356
usemtl Patch_2504_Mat_mat1
f 4355 4354 4357

# obj921
v 689.14575195 558.45977783 241.90100098
v 693.36712646 608.12518311 241.90100098
v 681.69665527 606.30828857 241.90100098
v 700.81622314 560.27655029 241.90100098
usemtl Patch_2505_Mat_mat1
f 4358 4359 4360
usemtl Patch_2506_Mat_mat1
f 4359 4358 4361

# obj922
v 689.14575195 558.45977783 247.8065033
v 700.81622314 560.27655029 241.90100098
v 689.14575195 558.45977783 241.90100098
v 700.81622314 560.27655029 247.8065033
usemtl Patch_2507_Mat_mat1
f 4362 4363 4364
usemtl Patch_2508_Mat_mat1
f 4363 4362 4365

# obj923
v 700.81622314 560.27655029 247.8065033
v 693.36712646 608.12518311 241.90100098
v 700.81622314 560.27655029 241.90100098
v 693.36712646 608.12518311 247.8065033
usemtl Patch_2509_Mat_mat1
f 4366 4367 4368
usemtl Patch_2510_Mat_mat1
f 4367 4366 4369

# obj924
v 724.15710449 563.91015625 259.53317261
v 716.70800781 611.75891113 253.71202087
v 724.15710449 563.91015625 253.71202087
v 716.70800781 611.75891113 259.53317261
usemtl Patch_2511_Mat_mat1
f 4370 4371 4372
usemtl Patch_2512_Mat_mat1
f 4371 4370 4373

# obj925
v 724.15710449 563.91015625 265.3543396
v 736.21661377 565.78747559 259.53317261
v 724.15710449 563.91015625 259.53317261
v 736.21661377 565.78747559 265.3543396
usemtl Patch_2513_Mat_mat1
f 4374 4375 4376
usemtl Patch_2514_Mat_mat1
f 4375 4374 4377

# obj926
v 914.96063232 374.80316162 167.71653748
v 1016.53546143 390.55117798 129.92126465
v 914.96063232 374.80316162 129.92126465
v 1016.53546143 390.55117798 167.71653748
usemtl Patch_2515_Mat_mat2
f 4378 4379 4380
usemtl Patch_2516_Mat_mat2
f 4379 4378 4381

# obj927
v 724.15710449 563.91015625 259.53317261
v 728.76745605 613.6362915 259.53317261
v 716.70800781 611.75891113 259.53317261
v 736.21661377 565.78747559 259.53317261
usemtl Patch_2517_Mat_mat1
f 4382 4383 4384
usemtl Patch_2518_Mat_mat1
f 4383 4382 4385

# obj928
v 728.76745605 613.6362915 265.35430908
v 736.21661377 565.78747559 259.53317261
v 736.21661377 565.78747559 265.3543396
v 728.76745605 613.6362915 259.53317261
usemtl Patch_2519_Mat_mat1
f 4386 4387 4388
usemtl Patch_2520_Mat_mat1
f 4387 4386 4389

# obj929
v 762.59838867 86.61417389 247.63780212
v 727.16534424 108.26772308 247.63780212
v 727.16534424 86.61417389 247.63780212
v 736.22045898 154.46194458 247.63780212
v 748.03149414 154.59317017 247.63780212
v 759.8425293 154.72441101 247.63780212
v 762.59838867 108.26772308 247.63780212
v 724.40942383 154.33070374 247.63780212
usemtl Patch_2521_Mat_mat4
f 4390 4391 4392
usemtl Patch_2522_Mat_mat4
f 4391 4390 4393
usemtl Patch_2523_Mat_mat4
f 4393 4390 4394
usemtl Patch_2524_Mat_mat4
f 4394 4390 4395
usemtl Patch_2525_Mat_mat4
f 4395 4390 4396
usemtl Patch_2526_Mat_mat4
f 4393 4397 4391

# obj930
v 727.16534424 86.61417389 230.31494141
v 691.7322998 108.26772308 230.31494141
v 691.7322998 86.61417389 230.31497192
v 700.78741455 154.33070374 230.31494141
v 712.59844971 154.33070374 230.31494141
v 724.40942383 154.33070374 230.31494141
v 727.16534424 108.26772308 230.31494141
v 688.97637939 154.33070374 230.31494141
usemtl Patch_2527_Mat_mat4
f 4398 4399 4400
usemtl Patch_2528_Mat_mat4
f 4399 4398 4401
usemtl Patch_2529_Mat_mat4
f 4401 4398 4402
usemtl Patch_2530_Mat_mat4
f 4402 4398 4403
usemtl Patch_2531_Mat_mat4
f 4403 4398 4404
usemtl Patch_2532_Mat_mat4
f 4401 4405 4399

# obj931
v 615.35430908 204.72439575 195.27555847
v 644.09442139 317.32284546 195.27555847
v 609.05511475 314.56692505 195.27555847
v 627.16534424 205.64303589 195.27555847
v 638.97631836 206.56167603 195.27555847
v 650.78735352 207.48031616 195.27555847
usemtl Patch_2533_Mat_mat4
f 4406 4407 4408
usemtl Patch_2534_Mat_mat4
f 4407 4406 4409
usemtl Patch_2535_Mat_mat4
f 4407 4409 4410
usemtl Patch_2536_Mat_mat4
f 4407 4410 4411

# obj932
v 812.70037842 118.82324982 157.57949829
v 848.22741699 119.3536377 39.3700676
v 822.43267822 119.02209473 39.3700676
v 874.02215576 119.68518066 39.37007141
v 844.09619141 119.22780609 155.94639587
v 863.53302002 119.4703064 167.71653748
v 849.79632568 119.29371643 167.71655273
usemtl Patch_2537_Mat_mat0
f 4412 4413 4414
usemtl Patch_2538_Mat_mat0
f 4413 4412 4415
usemtl Patch_2539_Mat_mat0
f 4415 4412 4416
usemtl Patch_2540_Mat_mat0
f 4416 4417 4415
usemtl Patch_2541_Mat_mat0
f 4417 4416 4418

# obj933
v 812.70037842 118.82324982 157.57949829
v 823.22003174 91.46303558 39.3700676
v 813.49133301 91.26425934 157.5383606
v 822.43267822 119.02209473 39.3700676
usemtl Patch_2542_Mat_mat0
f 4419 4420 4421
usemtl Patch_2543_Mat_mat0
f 4420 4419 4422

# obj934
v 800.85797119 327.3392334 158.19549561
v 836.78564453 329.58230591 39.3700676
v 810.96636963 328.06176758 39.3700676
v 862.6048584 331.10281372 39.37007141
v 832.78344727 329.22116089 156.53485107
v 852.1114502 330.34741211 167.71653748
v 838.18902588 329.52752686 167.71655273
usemtl Patch_2544_Mat_mat0
f 4423 4424 4425
usemtl Patch_2545_Mat_mat0
f 4424 4423 4426
usemtl Patch_2546_Mat_mat0
f 4426 4423 4427
usemtl Patch_2547_Mat_mat0
f 4427 4428 4426
usemtl Patch_2548_Mat_mat0
f 4428 4427 4429

# obj935
v 712.4866333 562.09332275 253.71202087
v 716.70800781 611.75891113 253.71202087
v 705.03790283 609.94207764 253.71202087
v 724.15710449 563.91015625 253.71202087
usemtl Patch_2549_Mat_mat1
f 4430 4431 4432
usemtl Patch_2550_Mat_mat1
f 4431 4430 4433

# obj936
v 792.56237793 325.84677124 265.3543396
v 822.22265625 511.63464355 265.35430908
v 774.08239746 505.42825317 265.3543396
v 844.15307617 329.78713989 265.3543396
v 803.98205566 118.14219666 265.3543396
v 846.12609863 302.22854614 265.3543396
v 794.53375244 298.28787231 265.3543396
v 855.57452393 119.32462311 265.3543396
v 762.59838867 86.61417389 265.3543396
v 804.77246094 90.58321381 265.3543396
v 762.59838867 108.26772308 265.3543396
v 851.18109131 86.61417389 265.3543396
v 771.63726807 155.34362793 265.3543396
v 856.36083984 91.76552582 265.3543396
v 852.08032227 -0 265.3543396
v 918.89764404 -0 265.3543396
v 858.66143799 633.85821533 265.35430908
v 873.9911499 531.78839111 265.35430908
v 896.41815186 320.55111694 265.35430908
v 902.71478271 238.80490112 265.35430908
v 908.55029297 163.0450592 265.35430908
v 912.74493408 108.58839417 265.35430908
v 736.21661377 565.78747559 265.3543396
v 728.76745605 613.6362915 265.35430908
v 770.5390625 532.98724365 265.3543396
v 750 326.77166748 265.3543396
v 756.59552002 216.57270813 265.3543396
v 768.39031982 217.19192505 265.3543396
v 818.67901611 539.19360352 265.35430908
v 731.49481201 515.50213623 265.3543396
v 724.15710449 563.91015625 265.3543396
v 759.8425293 154.72441101 265.3543396
usemtl Patch_2551_Mat_mat1
f 4434 4435 4436
usemtl Patch_2552_Mat_mat1
f 4435 4434 4437
usemtl Patch_2553_Mat_mat1
f 4438 4439 4440
usemtl Patch_2554_Mat_mat1
f 4439 4438 4441
usemtl Patch_2555_Mat_mat1
f 4442 4443 4444
usemtl Patch_2556_Mat_mat1
f 4443 4442 4445
usemtl Patch_2557_Mat_mat1
f 4444 4443 4446
usemtl Patch_2558_Mat_mat1
f 4446 4443 4436
usemtl Patch_2559_Mat_mat1
f 4436 4443 4434
usemtl Patch_2560_Mat_mat1
f 4434 4443 4440
usemtl Patch_2561_Mat_mat1
f 4440 4443 4438
usemtl Patch_2562_Mat_mat1
f 4443 4445 4447
usemtl Patch_2563_Mat_mat1
f 4447 4445 4448
usemtl Patch_2564_Mat_mat1
f 4447 4448 4449
usemtl Patch_2565_Mat_mat1
f 4447 4449 4450
usemtl Patch_2566_Mat_mat1
f 4450 4449 4451
usemtl Patch_2567_Mat_mat1
f 4451 4449 4452
usemtl Patch_2568_Mat_mat1
f 4452 4449 4453
usemtl Patch_2569_Mat_mat1
f 4453 4449 4454
usemtl Patch_2570_Mat_mat1
f 4454 4449 4455
usemtl Patch_2571_Mat_mat1
f 4456 4450 4457
usemtl Patch_2572_Mat_mat1
f 4450 4456 4458
usemtl Patch_2573_Mat_mat1
f 4458 4456 4459
usemtl Patch_2574_Mat_mat1
f 4458 4459 4460
usemtl Patch_2575_Mat_mat1
f 4458 4460 4461
usemtl Patch_2576_Mat_mat1
f 4450 4458 4462
usemtl Patch_2577_Mat_mat1
f 4450 4462 4435
usemtl Patch_2578_Mat_mat1
f 4450 4435 4437
usemtl Patch_2579_Mat_mat1
f 4450 4437 4439
usemtl Patch_2580_Mat_mat1
f 4450 4439 4441
usemtl Patch_2581_Mat_mat1
f 4450 4441 4447
usemtl Patch_2582_Mat_mat1
f 4463 4456 4464
usemtl Patch_2583_Mat_mat1
f 4456 4463 4459
usemtl Patch_2584_Mat_mat1
f 4446 4458 4461
usemtl Patch_2585_Mat_mat1
f 4458 4446 4436
usemtl Patch_2586_Mat_mat1
f 4446 4465 4444

# obj937
v -193.30708313 349.21258545 -49.21259689
v -89.38991547 435.91973877 -49.21259689
v -216.14175415 416.14172363 -49.21259689
v -146.06300354 364.96066284 -49.21259689
v 0.09306635 364.96063232 -49.21255493
v -85.51318359 486.86895752 -49.21259689
v 0.83884043 505.49203491 -49.21259689
v -86.30049133 491.92617798 -49.21259689
v 1.62614489 500.43484497 -49.21259689
v 18.7874012 503.10650635 -49.21259689
v -97.188591 485.05133057 -49.21259689
usemtl Patch_2587_Mat_mat1
f 4466 4467 4468
usemtl Patch_2588_Mat_mat1
f 4467 4466 4469
usemtl Patch_2589_Mat_mat1
f 4467 4469 4470
usemtl Patch_2590_Mat_mat1
f 4467 4470 4471
usemtl Patch_2591_Mat_mat1
f 4471 4472 4473
usemtl Patch_2592_Mat_mat1
f 4472 4471 4470
usemtl Patch_2593_Mat_mat1
f 4472 4470 4474
usemtl Patch_2594_Mat_mat1
f 4474 4470 4475
usemtl Patch_2595_Mat_mat1
f 4471 4476 4467

# obj938
v -92.12600708 436.22045898 59.84251785
v -96.45670319 385.03936768 59.84251785
v -111.41733551 429.52755737 59.84251785
usemtl Patch_2596_Mat_mat0
f 4477 4478 4479

# obj939
v -76.37795258 391.73226929 59.84251785
v -96.45670319 385.03936768 59.84251785
v -92.12600708 436.22045898 59.84251785
usemtl Patch_2597_Mat_mat0
f 4480 4481 4482

# obj940
v 29.55260468 504.78244019 59.84251785
v -92.12600708 436.22045898 59.84251785
v -108.59525299 483.27554321 59.84251785
v -76.37795258 391.73226929 59.84251785
v -70.86616516 375.19683838 59.84251785
v 43.82355881 416.18289185 59.84251785
usemtl Patch_2598_Mat_mat0
f 4483 4484 4485
usemtl Patch_2599_Mat_mat0
f 4484 4483 4486
usemtl Patch_2600_Mat_mat0
f 4486 4483 4487
usemtl Patch_2601_Mat_mat0
f 4487 4483 4488

# obj941
v 509.15682983 457.93942261 444.6835022
v 524.71875 314.68783569 444.6835022
v 514.23504639 436.7102356 466.73080444
usemtl Patch_2602_Mat_mat5
f 4489 4490 4491

# obj942
v 514.23504639 436.7102356 466.73080444
v 524.71875 314.68783569 444.6835022
v 525.12011719 336.51235962 466.73080444
usemtl Patch_2603_Mat_mat5
f 4492 4493 4494

# obj943
v 510.71032715 458.10818481 444.4881897
v 515.78851318 436.8789978 466.53549194
v 526.27227783 314.8565979 444.4881897
usemtl Patch_2604_Mat_mat5
f 4495 4496 4497

# obj944
v 515.78851318 436.8789978 466.53549194
v 526.67364502 336.68112183 466.53549194
v 526.27227783 314.8565979 444.4881897
usemtl Patch_2605_Mat_mat5
f 4498 4499 4500

# obj945
v 24.86544037 415.04440308 68.89772034
v 36.24983215 463.20346069 68.89763641
v 17.59265709 460.19839478 68.89763641
v 42.94706345 421.62451172 68.89772797
usemtl Patch_2606_Mat_mat4
f 4501 4502 4503
usemtl Patch_2607_Mat_mat4
f 4502 4501 4504

# obj946
v 681.69665527 606.30828857 241.90100098
v 689.14575195 558.45977783 236.07984924
v 689.14575195 558.45977783 241.90100098
v 681.69665527 606.30828857 236.07984924
usemtl Patch_2608_Mat_mat1
f 4505 4506 4507
usemtl Patch_2609_Mat_mat1
f 4506 4505 4508

# obj947
v 689.14575195 558.45977783 247.8065033
v 696.27026367 511.66345215 230.26997375
v 696.27026367 511.66345215 247.7727356
v 689.14575195 558.45977783 241.90100098
v 689.14575195 558.45977783 236.07984924
v 689.14575195 558.45977783 230.25869751
usemtl Patch_2610_Mat_mat4
f 4509 4510 4511
usemtl Patch_2611_Mat_mat4
f 4510 4509 4512
usemtl Patch_2612_Mat_mat4
f 4510 4513 4514
usemtl Patch_2613_Mat_mat4
f 4513 4510 4512

# obj948
v 677.47528076 556.64300537 236.07984924
v 681.69665527 606.30828857 236.07984924
v 670.02624512 604.49145508 236.07984924
v 689.14575195 558.45977783 236.07984924
usemtl Patch_2614_Mat_mat1
f 4515 4516 4517
usemtl Patch_2615_Mat_mat1
f 4516 4515 4518

# obj949
v 665.80480957 554.82623291 230.25869751
v 670.02624512 604.49145508 230.25869751
v 658.35577393 602.67462158 230.25869751
v 677.47528076 556.64300537 230.25869751
usemtl Patch_2616_Mat_mat1
f 4519 4520 4521
usemtl Patch_2617_Mat_mat1
f 4520 4519 4522

# obj950
v 677.47528076 556.64300537 236.07984924
v 670.02624512 604.49145508 230.25869751
v 677.47528076 556.64300537 230.25869751
v 670.02624512 604.49145508 236.07984924
usemtl Patch_2618_Mat_mat1
f 4523 4524 4525
usemtl Patch_2619_Mat_mat1
f 4524 4523 4526

# obj951
v 689.14575195 558.45977783 236.07984924
v 677.47528076 556.64300537 230.25869751
v 689.14575195 558.45977783 230.25869751
v 677.47528076 556.64300537 236.07984924
usemtl Patch_2620_Mat_mat1
f 4527 4528 4529
usemtl Patch_2621_Mat_mat1
f 4528 4527 4530

# obj952
v 654.13433838 553.00946045 230.25869751
v 665.80480957 554.82623291 224.35319519
v 654.13433838 553.00946045 224.35319519
v 665.80480957 554.82623291 230.25869751
usemtl Patch_2622_Mat_mat1
f 4531 4532 4533
usemtl Patch_2623_Mat_mat1
f 4532 4531 4534

# obj953
v 665.80480957 554.82623291 230.25869751
v 658.35577393 602.67462158 224.35319519
v 665.80480957 554.82623291 224.35319519
v 658.35577393 602.67462158 230.25869751
usemtl Patch_2624_Mat_mat1
f 4535 4536 4537
usemtl Patch_2625_Mat_mat1
f 4536 4535 4538

# obj954
v 654.13433838 553.00946045 224.35319519
v 658.35577393 602.67462158 224.35319519
v 646.68530273 600.85772705 224.35319519
v 665.80480957 554.82623291 224.35319519
usemtl Patch_2626_Mat_mat1
f 4539 4540 4541
usemtl Patch_2627_Mat_mat1
f 4540 4539 4542

# obj955
v 619.12298584 547.55914307 212.71089172
v 630.79345703 549.37591553 206.72102356
v 619.12298584 547.55914307 206.72102356
v 630.79345703 549.37591553 212.71089172
usemtl Patch_2628_Mat_mat1
f 4543 4544 4545
usemtl Patch_2629_Mat_mat1
f 4544 4543 4546

# obj956
v 642.46392822 551.19268799 218.53204346
v 646.68530273 600.85772705 218.53204346
v 635.01519775 599.04095459 218.53204346
v 654.13433838 553.00946045 218.53204346
usemtl Patch_2630_Mat_mat1
f 4547 4548 4549
usemtl Patch_2631_Mat_mat1
f 4548 4547 4550

# obj957
v 654.13433838 553.00946045 224.35319519
v 646.68530273 600.85772705 218.53204346
v 654.13433838 553.00946045 218.53204346
v 646.68530273 600.85772705 224.35319519
usemtl Patch_2632_Mat_mat1
f 4551 4552 4553
usemtl Patch_2633_Mat_mat1
f 4552 4551 4554

# obj958
v 619.12298584 547.55914307 206.72102356
v 623.34442139 597.22399902 206.72102356
v 611.67401123 595.40716553 206.72102356
v 630.79345703 549.37591553 206.72102356
usemtl Patch_2634_Mat_mat1
f 4555 4556 4557
usemtl Patch_2635_Mat_mat1
f 4556 4555 4558

# obj959
v 630.79345703 549.37591553 212.71089172
v 635.01519775 599.04095459 212.71089172
v 623.34442139 597.22399902 212.71089172
v 642.46392822 551.19268799 212.71089172
usemtl Patch_2636_Mat_mat1
f 4559 4560 4561
usemtl Patch_2637_Mat_mat1
f 4560 4559 4562

# obj960
v 630.79345703 549.37591553 212.71089172
v 623.34442139 597.22399902 206.72102356
v 630.79345703 549.37591553 206.72102356
v 623.34442139 597.22399902 212.71089172
usemtl Patch_2638_Mat_mat1
f 4563 4564 4565
usemtl Patch_2639_Mat_mat1
f 4564 4563 4566

# obj961
v 642.46392822 551.19268799 218.53204346
v 635.01519775 599.04095459 212.71089172
v 642.46392822 551.19268799 212.71089172
v 635.01519775 599.04095459 218.53204346
usemtl Patch_2640_Mat_mat1
f 4567 4568 4569
usemtl Patch_2641_Mat_mat1
f 4568 4567 4570

# obj962
v 654.13433838 553.00946045 218.53204346
v 642.46392822 551.19268799 212.71089172
v 654.13433838 553.00946045 212.71089172
v 642.46392822 551.19268799 218.53204346
usemtl Patch_2642_Mat_mat1
f 4571 4572 4573
usemtl Patch_2643_Mat_mat1
f 4572 4571 4574

# obj963
v -263.15731812 451.64471436 391.43106079
v -264.17324829 459.05514526 391.33856201
v -264.16946411 459.0557251 391.33761597
usemtl Patch_2644_Mat_mat0
f 4575 4576 4577

# obj964
v 611.67401123 595.40716553 206.72102356
v 619.12298584 547.55914307 200.94204712
v 619.12298584 547.55914307 206.72102356
v 611.67401123 595.40716553 200.94204712
usemtl Patch_2645_Mat_mat1
f 4578 4579 4580
usemtl Patch_2646_Mat_mat1
f 4579 4578 4581

# obj965
v 607.45251465 545.74237061 200.98422241
v 611.67401123 595.40716553 200.94204712
v 600.00354004 593.59033203 200.98422241
v 619.12298584 547.55914307 200.94204712
usemtl Patch_2647_Mat_mat1
f 4582 4583 4584
usemtl Patch_2648_Mat_mat1
f 4583 4582 4585

# obj966
v 607.45251465 545.74237061 200.98422241
v 599.98297119 593.58709717 195.16308594
v 607.43200684 545.73913574 195.16308594
v 600.00354004 593.59033203 200.98422241
usemtl Patch_2649_Mat_mat1
f 4586 4587 4588
usemtl Patch_2650_Mat_mat1
f 4587 4586 4589

# obj967
v 662.27514648 477.34558105 458.26776123
v 686.36407471 354.02905273 483.07089233
v 678.43249512 328.61431885 458.26776123
v 675.47912598 454.22692871 483.07089233
usemtl Patch_2651_Mat_mat5
f 4590 4591 4592
usemtl Patch_2652_Mat_mat5
f 4591 4590 4593

# obj968
v 895.27557373 553.93701172 39.37007904
v 912.99206543 401.57479858 167.71653748
v 912.9921875 401.57479858 39.37007904
v 895.27557373 553.93701172 167.71653748
usemtl Patch_2653_Mat_mat2
f 4594 4595 4596
usemtl Patch_2654_Mat_mat2
f 4595 4594 4597

# obj969
v 782.55523682 505.4486084 159.14755249
v 792.64660645 506.802948 39.37007904
v 815.92382812 510.57931519 157.41181946
v 830.05932617 512.77105713 167.71655273
v 816.60211182 510.48849487 39.37007523
v 840.55767822 514.17407227 39.3700676
v 820.85845947 511.35552979 167.71655273
usemtl Patch_2655_Mat_mat0
f 4598 4599 4600
usemtl Patch_2656_Mat_mat0
f 4601 4602 4603
usemtl Patch_2657_Mat_mat0
f 4602 4601 4599
usemtl Patch_2658_Mat_mat0
f 4599 4601 4600
usemtl Patch_2659_Mat_mat0
f 4600 4601 4604

# obj970
v 43.82355881 416.18289185 100.36690521
v 490.59378052 492.68365479 209.05511475
v 42.94706345 421.62451172 100.3937912
v 491.57925415 487.26068115 209.05511475
usemtl Patch_2660_Mat_mat5
f 4605 4606 4607
usemtl Patch_2661_Mat_mat5
f 4606 4605 4608

# obj971
v 815.92382812 510.57931519 157.41181946
v 838.18902588 329.52752686 167.71655273
v 832.78344727 329.22116089 156.53485107
v 820.85845947 511.35552979 167.71655273
usemtl Patch_2662_Mat_mat0
f 4609 4610 4611
usemtl Patch_2663_Mat_mat0
f 4610 4609 4612

# obj972
v 975.63641357 652.06890869 167.71653748
v 1016.53546143 390.55117798 129.92126465
v 1016.53546143 390.55117798 167.71653748
v 1016.53546143 390.55117798 39.37007904
v 975.63647461 652.06890869 39.37007904
usemtl Patch_2664_Mat_mat6
f 4613 4614 4615
usemtl Patch_2665_Mat_mat6
f 4614 4613 4616
usemtl Patch_2666_Mat_mat6
f 4616 4613 4617

# obj973
v 477.65667725 574.54333496 166.92915344
v 43.82355881 416.18289185 59.84251785
v 29.55260468 504.78244019 59.84251785
v 491.71121216 487.28262329 166.92915344
usemtl Patch_2667_Mat_mat0
f 4618 4619 4620
usemtl Patch_2668_Mat_mat0
f 4619 4618 4621

# obj974
v 491.71121216 487.28262329 166.92915344
v 43.82355881 416.18289185 100.36690521
v 43.82355881 416.18289185 59.84251785
v 491.57925415 487.26068115 209.05511475
usemtl Patch_2669_Mat_mat5
f 4622 4623 4624
usemtl Patch_2670_Mat_mat5
f 4623 4622 4625

# obj975
v 679.52758789 320.47241211 230.31497192
v 696.27026367 511.66345215 230.26997375
v 661.22747803 506.41873169 230.27005005
v 714.96063232 323.22836304 230.31497192
usemtl Patch_2671_Mat_mat4
f 4626 4627 4628
usemtl Patch_2672_Mat_mat4
f 4627 4626 4629

# obj976
v 875.98425293 551.5748291 167.71653748
v 890.5512085 425.59057617 39.37007904
v 890.55114746 425.59057617 167.71653748
v 875.98425293 551.5748291 39.37007904
usemtl Patch_2673_Mat_mat2
f 4630 4631 4632
usemtl Patch_2674_Mat_mat2
f 4631 4630 4633

# obj977
v 840.55767822 514.17407227 39.3700676
v 826.51776123 540.31591797 167.71655273
v 830.05932617 512.77105713 167.71655273
v 837.01434326 541.73309326 39.3700676
usemtl Patch_2675_Mat_mat0
f 4634 4635 4636
usemtl Patch_2676_Mat_mat0
f 4635 4634 4637

# obj978
v 670.27227783 486.53063965 448.62780762
v 689.96844482 327.09542847 454.53329468
v 688.21569824 321.36074829 448.62780762
v 673.21600342 481.30627441 454.53329468
usemtl Patch_2677_Mat_mat5
f 4638 4639 4640
usemtl Patch_2678_Mat_mat5
f 4639 4638 4641

# obj979
v 688.51477051 326.9375 455.11813354
v 668.81866455 486.3727417 449.21261597
v 686.76208496 321.20285034 449.21261597
v 671.7623291 481.14837646 455.11813354
usemtl Patch_2679_Mat_mat5
f 4642 4643 4644
usemtl Patch_2680_Mat_mat5
f 4643 4642 4645

# obj980
v 518.86206055 466.9140625 435.82678223
v 376.37670898 320.35366821 450.39370728
v 365.49179077 420.55151367 450.39370728
v 536.125 308.0065918 435.82678223
usemtl Patch_2681_Mat_mat5
f 4646 4647 4648
usemtl Patch_2682_Mat_mat5
f 4647 4646 4649

# obj981
v 684.92504883 353.8727417 483.69122314
v 660.83618164 477.1892395 458.88812256
v 676.99353027 328.45797729 458.88812256
v 674.0401001 454.07061768 483.69122314
usemtl Patch_2683_Mat_mat5
f 4650 4651 4652
usemtl Patch_2684_Mat_mat5
f 4651 4650 4653

# obj982
v 609.05511475 314.56692505 195.27555847
v 626.21057129 501.00073242 195.18598938
v 591.19281006 495.59185791 195.18598938
v 644.09442139 317.32284546 195.27555847
usemtl Patch_2685_Mat_mat4
f 4654 4655 4656
usemtl Patch_2686_Mat_mat4
f 4655 4654 4657

# obj983
v 644.09442139 317.32284546 212.59840393
v 661.22839355 506.40957642 212.6882782
v 626.21057129 501.00073242 212.68795776
v 679.52758789 320.47241211 212.59840393
usemtl Patch_2687_Mat_mat4
f 4658 4659 4660
usemtl Patch_2688_Mat_mat4
f 4659 4658 4661

# obj984
v 714.96063232 323.22836304 247.63781738
v 731.49481201 515.50213623 247.77206421
v 696.27026367 511.66345215 247.7727356
v 750 326.77166748 247.63781738
usemtl Patch_2689_Mat_mat4
f 4662 4663 4664
usemtl Patch_2690_Mat_mat4
f 4663 4662 4665

# obj985
v 376.37670898 320.35366821 451.96853638
v 518.86206055 466.9140625 437.40161133
v 365.49179077 420.55151367 451.96853638
v 536.125 308.0065918 437.40161133
usemtl Patch_2691_Mat_mat5
f 4666 4667 4668
usemtl Patch_2692_Mat_mat5
f 4667 4666 4669

# obj986
v 591.19281006 495.59185791 195.18598938
v 595.77178955 543.9239502 195.16308594
v 584.1116333 542.10876465 195.16308594
v 626.21057129 501.00073242 195.18598938
v 607.43200684 545.73913574 195.16308594
v 619.12298584 547.55914307 195.16308594
usemtl Patch_2693_Mat_mat4
f 4670 4671 4672
usemtl Patch_2694_Mat_mat4
f 4671 4670 4673
usemtl Patch_2695_Mat_mat4
f 4671 4673 4674
usemtl Patch_2696_Mat_mat4
f 4674 4673 4675

# obj987
v 712.4866333 562.09332275 253.71202087
v 705.03753662 609.9420166 247.8065033
v 712.4866333 562.09332275 247.8065033
v 705.03790283 609.94207764 253.71202087
usemtl Patch_2697_Mat_mat1
f 4676 4677 4678
usemtl Patch_2698_Mat_mat1
f 4677 4676 4679

# obj988
v 626.21057129 501.00073242 212.68795776
v 630.79345703 549.37591553 212.71089172
v 619.12298584 547.55914307 212.71089172
v 661.22839355 506.40957642 212.6882782
v 642.46392822 551.19268799 212.71089172
v 654.13433838 553.00946045 212.71089172
v 661.22747803 506.41873169 212.68838501
usemtl Patch_2699_Mat_mat4
f 4680 4681 4682
usemtl Patch_2700_Mat_mat4
f 4681 4680 4683
usemtl Patch_2701_Mat_mat4
f 4681 4683 4684
usemtl Patch_2702_Mat_mat4
f 4684 4683 4685
usemtl Patch_2703_Mat_mat4
f 4685 4683 4686

# obj989
v 661.22747803 506.41873169 230.27005005
v 665.80480957 554.82623291 230.25869751
v 654.13433838 553.00946045 230.25869751
v 696.27026367 511.66345215 230.26997375
v 677.47528076 556.64300537 230.25869751
v 689.14575195 558.45977783 230.25869751
usemtl Patch_2704_Mat_mat4
f 4687 4688 4689
usemtl Patch_2705_Mat_mat4
f 4688 4687 4690
usemtl Patch_2706_Mat_mat4
f 4688 4690 4691
usemtl Patch_2707_Mat_mat4
f 4691 4690 4692

# obj990
v 696.27026367 511.66345215 247.7727356
v 700.81622314 560.27655029 247.8065033
v 689.14575195 558.45977783 247.8065033
v 731.49481201 515.50213623 247.77206421
v 712.4866333 562.09332275 247.8065033
v 724.15710449 563.91015625 247.8065033
usemtl Patch_2708_Mat_mat4
f 4693 4694 4695
usemtl Patch_2709_Mat_mat4
f 4694 4693 4696
usemtl Patch_2710_Mat_mat4
f 4694 4696 4697
usemtl Patch_2711_Mat_mat4
f 4697 4696 4698

# obj991
v 619.12298584 547.55914307 195.16308594
v 607.45251465 545.74237061 200.98422241
v 607.43200684 545.73913574 195.16308594
v 619.12298584 547.55914307 200.94204712
usemtl Patch_2712_Mat_mat1
f 4699 4700 4701
usemtl Patch_2713_Mat_mat1
f 4700 4699 4702

# obj992
v 595.77178955 543.9239502 195.16308594
v 599.98297119 593.58709717 195.16308594
v 588.32318115 591.77191162 195.16308594
v 607.43200684 545.73913574 195.16308594
usemtl Patch_2714_Mat_mat1
f 4703 4704 4705
usemtl Patch_2715_Mat_mat1
f 4704 4703 4706

# obj993
v 588.32318115 591.77191162 195.16308594
v 595.77178955 543.9239502 189.25756836
v 595.77178955 543.9239502 195.16308594
v 588.32318115 591.77191162 189.25756836
usemtl Patch_2716_Mat_mat1
f 4707 4708 4709
usemtl Patch_2717_Mat_mat1
f 4708 4707 4710

# obj994
v 584.1116333 542.10876465 195.16308594
v 595.77178955 543.9239502 189.25756836
v 584.1116333 542.10876465 189.25756836
v 595.77178955 543.9239502 195.16308594
usemtl Patch_2718_Mat_mat1
f 4711 4712 4713
usemtl Patch_2719_Mat_mat1
f 4712 4711 4714

# obj995
v 576.65270996 589.95507812 189.25756836
v 584.1116333 542.10876465 183.40829468
v 584.1116333 542.10876465 189.25756836
v 576.65270996 589.95507812 183.40829468
usemtl Patch_2720_Mat_mat1
f 4715 4716 4717
usemtl Patch_2721_Mat_mat1
f 4716 4715 4718

# obj996
v 584.1116333 542.10876465 189.25756836
v 588.32318115 591.77191162 189.25756836
v 576.66265869 589.956604 189.25756836
v 595.77178955 543.9239502 189.25756836
usemtl Patch_2722_Mat_mat1
f 4719 4720 4721
usemtl Patch_2723_Mat_mat1
f 4720 4719 4722

# obj997
v 564.98223877 588.13818359 183.40829468
v 576.65270996 589.95507812 183.35205078
v 564.98223877 588.13818359 183.35205078
v 576.65270996 589.95507812 183.40829468
usemtl Patch_2724_Mat_mat1
f 4723 4724 4725
usemtl Patch_2725_Mat_mat1
f 4724 4723 4726

# obj998
v 572.44152832 540.28948975 183.35205078
v 576.65234375 589.9574585 183.40829468
v 564.98223877 588.13818359 183.35205078
v 584.1116333 542.10876465 183.40829468
v 576.65270996 589.95507812 183.40829468
usemtl Patch_2726_Mat_mat1
f 4727 4728 4729
usemtl Patch_2727_Mat_mat1
f 4728 4727 4730
usemtl Patch_2728_Mat_mat1
f 4728 4730 4731

# obj999
v 564.98223877 588.13818359 183.35205078
v 572.44152832 540.28948975 177.55903625
v 572.44152832 540.28948975 183.35205078
v 564.98223877 588.13818359 177.55903625
usemtl Patch_2729_Mat_mat1
f 4732 4733 4734
usemtl Patch_2730_Mat_mat1
f 4733 4732 4735

# obj1000
v 584.1116333 542.10876465 183.40829468
v 572.44152832 540.28948975 177.55903625
v 584.1116333 542.10876465 177.55903625
v 572.44152832 540.28948975 183.35205078
usemtl Patch_2731_Mat_mat1
f 4736 4737 4738
usemtl Patch_2732_Mat_mat1
f 4737 4736 4739

# obj1001
v 650.78735352 207.48031616 212.59840393
v 679.52758789 320.47241211 212.59840393
v 644.09442139 317.32284546 212.59840393
v 662.59838867 208.53018188 212.59840393
v 674.40942383 209.58004761 212.59840393
v 686.22039795 210.62991333 212.59840393
usemtl Patch_2733_Mat_mat4
f 4740 4741 4742
usemtl Patch_2734_Mat_mat4
f 4741 4740 4743
usemtl Patch_2735_Mat_mat4
f 4741 4743 4744
usemtl Patch_2736_Mat_mat4
f 4741 4744 4745

# obj1002
v 724.40942383 154.33070374 236.22045898
v 712.59844971 154.33070374 230.31494141
v 724.40942383 154.33070374 230.31494141
v 712.59844971 154.33070374 236.22045898
usemtl Patch_2737_Mat_mat1
f 4746 4747 4748
usemtl Patch_2738_Mat_mat1
f 4747 4746 4749

# obj1003
v 688.97637939 154.33070374 230.31494141
v 700.78741455 154.33070374 224.40943909
v 688.97637939 154.33070374 224.40943909
v 700.78741455 154.33070374 230.31494141
usemtl Patch_2739_Mat_mat1
f 4750 4751 4752
usemtl Patch_2740_Mat_mat1
f 4751 4750 4753

# obj1004
v 665.35437012 153.80577087 212.59840393
v 674.40942383 209.58004761 212.59840393
v 662.59838867 208.53018188 212.59840393
v 677.16534424 154.0682373 212.59840393
usemtl Patch_2741_Mat_mat1
f 4754 4755 4756
usemtl Patch_2742_Mat_mat1
f 4755 4754 4757

# obj1005
v 677.16534424 154.0682373 218.50390625
v 686.22039795 210.62991333 218.50390625
v 674.40942383 209.58004761 218.50390625
v 688.97637939 154.33070374 218.50390625
usemtl Patch_2743_Mat_mat1
f 4758 4759 4760
usemtl Patch_2744_Mat_mat1
f 4759 4758 4761

# obj1006
v 688.97637939 154.33070374 218.50390625
v 677.16534424 154.0682373 212.59840393
v 688.97637939 154.33070374 212.59840393
v 677.16534424 154.0682373 218.50390625
usemtl Patch_2745_Mat_mat1
f 4762 4763 4764
usemtl Patch_2746_Mat_mat1
f 4763 4762 4765

# obj1007
v 674.40942383 209.58004761 218.50390625
v 677.16534424 154.0682373 212.59840393
v 677.16534424 154.0682373 218.50390625
v 674.40942383 209.58004761 212.59840393
usemtl Patch_2747_Mat_mat1
f 4766 4767 4768
usemtl Patch_2748_Mat_mat1
f 4767 4766 4769

# obj1008
v 674.40942383 209.58004761 218.50390625
v 686.22039795 210.62991333 212.59840393
v 674.40942383 209.58004761 212.59840393
v 686.22039795 210.62991333 218.50390625
usemtl Patch_2749_Mat_mat1
f 4770 4771 4772
usemtl Patch_2750_Mat_mat1
f 4771 4770 4773

# obj1009
v 653.54333496 153.54330444 206.69288635
v 662.59838867 208.53018188 206.69288635
v 650.78735352 207.48031616 206.69288635
v 665.35437012 153.80577087 206.69288635
usemtl Patch_2751_Mat_mat1
f 4774 4775 4776
usemtl Patch_2752_Mat_mat1
f 4775 4774 4777

# obj1010
v 662.59838867 208.53018188 212.59840393
v 650.78735352 207.48031616 206.69288635
v 662.59838867 208.53018188 206.69288635
v 650.78735352 207.48031616 212.59840393
usemtl Patch_2753_Mat_mat1
f 4778 4779 4780
usemtl Patch_2754_Mat_mat1
f 4779 4778 4781

# obj1011
v 662.59838867 208.53018188 212.59840393
v 665.35437012 153.80577087 206.69288635
v 665.35437012 153.80577087 212.59840393
v 662.59838867 208.53018188 206.69288635
usemtl Patch_2755_Mat_mat1
f 4782 4783 4784
usemtl Patch_2756_Mat_mat1
f 4783 4782 4785

# obj1012
v 653.54333496 153.54330444 212.59840393
v 665.35437012 153.80577087 206.69288635
v 653.54333496 153.54330444 206.69288635
v 665.35437012 153.80577087 212.59840393
usemtl Patch_2757_Mat_mat1
f 4786 4787 4788
usemtl Patch_2758_Mat_mat1
f 4787 4786 4789

# obj1013
v 724.40942383 154.33070374 247.63780212
v 736.22045898 154.46194458 241.73228455
v 724.40942383 154.33070374 241.73228455
v 736.22045898 154.46194458 247.63780212
usemtl Patch_2759_Mat_mat1
f 4790 4791 4792
usemtl Patch_2760_Mat_mat1
f 4791 4790 4793

# obj1014
v 759.8425293 154.72441101 253.5433197
v 748.03149414 154.59317017 247.63780212
v 759.8425293 154.72441101 247.63780212
v 748.03149414 154.59317017 253.5433197
usemtl Patch_2761_Mat_mat1
f 4794 4795 4796
usemtl Patch_2762_Mat_mat1
f 4795 4794 4797

# obj1015
v 629.92126465 153.54330444 195.27557373
v 638.97631836 206.56167603 195.27555847
v 627.16534424 205.64303589 195.27555847
v 641.7322998 153.54330444 195.27557373
usemtl Patch_2763_Mat_mat1
f 4798 4799 4800
usemtl Patch_2764_Mat_mat1
f 4799 4798 4801

# obj1016
v 641.7322998 153.54330444 201.18109131
v 650.78735352 207.48031616 201.18107605
v 638.97631836 206.56167603 201.18107605
v 653.54333496 153.54330444 201.18109131
usemtl Patch_2765_Mat_mat1
f 4802 4803 4804
usemtl Patch_2766_Mat_mat1
f 4803 4802 4805

# obj1017
v 653.54333496 153.54330444 201.18109131
v 641.7322998 153.54330444 195.27557373
v 653.54333496 153.54330444 195.27557373
v 641.7322998 153.54330444 201.18109131
usemtl Patch_2767_Mat_mat1
f 4806 4807 4808
usemtl Patch_2768_Mat_mat1
f 4807 4806 4809

# obj1018
v 641.7322998 153.54330444 201.18109131
v 638.97631836 206.56167603 195.27555847
v 641.7322998 153.54330444 195.27557373
v 638.97631836 206.56167603 201.18107605
usemtl Patch_2769_Mat_mat1
f 4810 4811 4812
usemtl Patch_2770_Mat_mat1
f 4811 4810 4813

# obj1019
v 638.97631836 206.56167603 201.18107605
v 650.78735352 207.48031616 195.27555847
v 638.97631836 206.56167603 195.27555847
v 650.78735352 207.48031616 201.18107605
usemtl Patch_2771_Mat_mat1
f 4814 4815 4816
usemtl Patch_2772_Mat_mat1
f 4815 4814 4817

# obj1020
v 618.11022949 153.54330444 189.37005615
v 627.16534424 205.64303589 189.37005615
v 615.35430908 204.72439575 189.37005615
v 629.92126465 153.54330444 189.37005615
usemtl Patch_2773_Mat_mat1
f 4818 4819 4820
usemtl Patch_2774_Mat_mat1
f 4819 4818 4821

# obj1021
v 627.16534424 205.64303589 195.27555847
v 615.35430908 204.72439575 189.37005615
v 627.16534424 205.64303589 189.37005615
v 615.35430908 204.72439575 195.27555847
usemtl Patch_2775_Mat_mat1
f 4822 4823 4824
usemtl Patch_2776_Mat_mat1
f 4823 4822 4825

# obj1022
v 629.92126465 153.54330444 195.27557373
v 627.16534424 205.64303589 189.37005615
v 629.92126465 153.54330444 189.37005615
v 627.16534424 205.64303589 195.27555847
usemtl Patch_2777_Mat_mat1
f 4826 4827 4828
usemtl Patch_2778_Mat_mat1
f 4827 4826 4829

# obj1023
v 618.11022949 153.54330444 195.27557373
v 629.92126465 153.54330444 189.37005615
v 618.11022949 153.54330444 189.37005615
v 629.92126465 153.54330444 195.27557373
usemtl Patch_2779_Mat_mat1
f 4830 4831 4832
usemtl Patch_2780_Mat_mat1
f 4831 4830 4833

# obj1024
v 736.22045898 154.46194458 247.63780212
v 745.01422119 215.59472656 247.63781738
v 733.33764648 214.60870361 247.63781738
v 748.03149414 154.59317017 247.63780212
usemtl Patch_2781_Mat_mat1
f 4834 4835 4836
usemtl Patch_2782_Mat_mat1
f 4835 4834 4837

# obj1025
v 700.78741455 154.33070374 230.31494141
v 709.84747314 212.62509155 230.31497192
v 698.03399658 211.62750244 230.31497192
v 712.59844971 154.33070374 230.31494141
usemtl Patch_2783_Mat_mat1
f 4838 4839 4840
usemtl Patch_2784_Mat_mat1
f 4839 4838 4841

# obj1026
v 716.70800781 611.75891113 259.53317261
v 705.03790283 609.94207764 253.71202087
v 716.70800781 611.75891113 253.71202087
usemtl Patch_2785_Mat_mat6
f 4842 4843 4844

# obj1027
v 31.28047943 505.05142212 -37.40155792
v 18.7874012 503.10650635 -43.30707932
v 31.28047943 505.05142212 -43.30707932
v 43.77355957 506.99633789 -31.49603844
v 43.77355957 506.99633789 -37.40155792
v 777.56268311 621.23272705 39.37008286
v 77.55903625 512.25610352 -31.49606133
v 29.55260468 504.78244019 77.16544342
v 10.8798914 501.87545776 73.03146362
v 29.55260468 504.78244019 73.03145599
v 48.21354294 507.68756104 81.34851074
v 48.21354294 507.68756104 77.16544342
v 66.8744812 510.5927124 85.53157806
v 66.8744812 510.5927124 81.34851074
v 85.53541565 513.49786377 89.71464539
v 85.53541565 513.49786377 85.53157806
v 104.19635773 516.4029541 93.89770508
v 104.19635773 516.4029541 89.71464539
v 122.85729218 519.30810547 98.0807724
v 122.85729218 519.30810547 93.89770508
v 141.51823425 522.21325684 102.26383972
v 141.51823425 522.21325684 98.0807724
v -85.51318359 486.86895752 159.44880676
v -103.34807587 484.09243774 68.89763641
v -85.51318359 486.86895752 68.89762878
v -103.34807587 484.09243774 100.39369965
v -108.59525299 483.27554321 100.39369965
v 160.1791687 525.1184082 106.44690704
v 160.1791687 525.1184082 102.26383972
v 178.84010315 528.02355957 110.62997437
v 178.84010315 528.02355957 106.44690704
v 197.50105286 530.9286499 114.81304169
v 197.50105286 530.9286499 110.62997437
v 216.1619873 533.83380127 118.99610138
v 216.1619873 533.83380127 114.81304169
v 234.82292175 536.73895264 123.1791687
v 234.82292175 536.73895264 118.99610138
v 253.4838562 539.644104 127.36223602
v 253.4838562 539.644104 123.1791687
v 272.14480591 542.54919434 131.54530334
v 272.14480591 542.54919434 127.36223602
v 290.8057251 545.4543457 135.72836304
v 290.8057251 545.4543457 131.54530334
v 309.4666748 548.35949707 139.91143799
v 309.4666748 548.35949707 135.72836304
v 328.12762451 551.26464844 144.09449768
v 328.12762451 551.26464844 139.91143799
v 346.7885437 554.1697998 148.27757263
v 346.7885437 554.16973877 144.09449768
v 365.44949341 557.07489014 152.46063232
v 365.44949341 557.07489014 148.27757263
v 384.11044312 559.9800415 156.64369202
v 384.11044312 559.9800415 152.46063232
v 402.7713623 562.88519287 160.82676697
v 402.7713623 562.88519287 156.64369202
v 1.62614477 500.43484497 159.44874573
v 421.43231201 565.79034424 165.00982666
v 421.43231201 565.79034424 160.82676697
v 440.0932312 568.69543457 169.19290161
v 440.0932312 568.69543457 165.00982666
v 458.75418091 571.60058594 173.3759613
v 458.75418091 571.60058594 169.19290161
v 477.41513062 574.5057373 177.559021
v 477.41513062 574.5057373 173.3759613
v 576.65270996 589.95507812 189.25756836
v 564.98223877 588.13818359 183.40829468
v 576.65270996 589.95507812 183.40829468
v 588.32318115 591.77191162 189.25756836
v 576.66265869 589.956604 189.25756836
v 588.32318115 591.77191162 195.16308594
v 600.00354004 593.59033203 200.98422241
v 599.98297119 593.58709717 195.16308594
v 611.67401123 595.40716553 206.72102356
v 611.67401123 595.40716553 200.94204712
v 623.34442139 597.22399902 212.71089172
v 623.34442139 597.22399902 206.72102356
v 646.68530273 600.85772705 224.35319519
v 635.01519775 599.04095459 218.53204346
v 646.68530273 600.85772705 218.53204346
v 658.35577393 602.67462158 230.25869751
v 658.35577393 602.67462158 224.35319519
v 670.02624512 604.49145508 236.07984924
v 670.02624512 604.49145508 230.25869751
v 681.69665527 606.30828857 241.90100098
v 681.69665527 606.30828857 236.07984924
v 693.36712646 608.12518311 247.8065033
v 693.36712646 608.12518311 241.90100098
v 705.03790283 609.94207764 253.71202087
v 705.03753662 609.9420166 247.8065033
v 728.76745605 613.6362915 265.35430908
v 716.70800781 611.75891113 259.53317261
v 728.76745605 613.6362915 259.53317261
v -85.51318359 486.86895752 41.33858109
v -97.188591 485.05133057 -49.21259689
v -85.51318359 486.86895752 -49.21259689
v -97.188591 485.05133057 -42.71653366
v -108.86399078 483.23370361 -42.71653366
v -108.86399078 483.23370361 -36.22047043
v -120.53939819 481.41607666 -36.22047043
v -120.53939819 481.41607666 -29.7244091
v -132.21479797 479.59844971 -29.7244091
v -132.21479797 479.59844971 -23.22834587
v -143.89019775 477.78082275 -23.22834587
v -143.89019775 477.78082275 -16.73228073
v -155.56559753 475.9631958 -16.73228073
v -155.56559753 475.9631958 -10.23621845
v -167.24101257 474.14556885 -10.23621845
v -167.24101257 474.14556885 -3.74015474
v -178.91641235 472.32794189 -3.74015474
v -178.91641235 472.32794189 2.75590849
v -190.59181213 470.51031494 2.75590849
v -190.59181213 470.51031494 9.2519722
v -202.26721191 468.69268799 9.2519722
v -202.26721191 468.69268799 15.74803543
v -296.41525269 454.03570557 15.74803543
v -108.59525299 483.27554321 59.84251785
v -264.17324829 459.05514526 391.33856201
v 1.62614489 500.43484497 41.33858109
v 29.55260468 504.78244019 59.84251785
v 564.98223877 588.13818359 177.55903625
v -264.16946411 459.0557251 391.33761597
v 564.98223877 588.13818359 183.35205078
v 635.01519775 599.04095459 212.71089172
v 838.90985107 630.78326416 507.58016968
v 858.66143799 633.85821533 265.35430908
v 1.62614477 500.43484497 68.89756775
v 10.87989044 501.87545776 68.89756012
v 18.7874012 503.10650635 -49.21259689
v 1.62614489 500.43484497 -49.21259689
v 975.63641357 652.06890869 167.71653748
v 975.63647461 652.06890869 39.37007904
v 804.86071777 625.48248291 157.98728943
v 810.09368896 626.29718018 167.71655273
v 477.65667725 574.54333496 166.92915344
v 766.6496582 619.53381348 159.97489929
v 587.40155029 591.62841797 166.92913818
usemtl Patch_2786_Mat_mat6
f 4845 4846 4847
usemtl Patch_2787_Mat_mat6
f 4848 4845 4849
usemtl Patch_2788_Mat_mat6
f 4850 4848 4851
usemtl Patch_2789_Mat_mat6
f 4852 4853 4854
usemtl Patch_2790_Mat_mat6
f 4855 4852 4856
usemtl Patch_2791_Mat_mat6
f 4857 4855 4858
usemtl Patch_2792_Mat_mat6
f 4859 4857 4860
usemtl Patch_2793_Mat_mat6
f 4861 4859 4862
usemtl Patch_2794_Mat_mat6
f 4863 4861 4864
usemtl Patch_2795_Mat_mat6
f 4865 4863 4866
usemtl Patch_2796_Mat_mat6
f 4867 4868 4869
usemtl Patch_2797_Mat_mat6
f 4868 4867 4870
usemtl Patch_2798_Mat_mat6
f 4870 4867 4871
usemtl Patch_2799_Mat_mat6
f 4872 4865 4873
usemtl Patch_2800_Mat_mat6
f 4874 4872 4875
usemtl Patch_2801_Mat_mat6
f 4876 4874 4877
usemtl Patch_2802_Mat_mat6
f 4878 4876 4879
usemtl Patch_2803_Mat_mat6
f 4880 4878 4881
usemtl Patch_2804_Mat_mat6
f 4882 4880 4883
usemtl Patch_2805_Mat_mat6
f 4884 4882 4885
usemtl Patch_2806_Mat_mat6
f 4886 4884 4887
usemtl Patch_2807_Mat_mat6
f 4888 4886 4889
usemtl Patch_2808_Mat_mat6
f 4890 4888 4891
usemtl Patch_2809_Mat_mat6
f 4892 4890 4893
usemtl Patch_2810_Mat_mat6
f 4894 4892 4895
usemtl Patch_2811_Mat_mat6
f 4896 4894 4897
usemtl Patch_2812_Mat_mat6
f 4898 4896 4899
usemtl Patch_2813_Mat_mat6
f 4896 4898 4900
usemtl Patch_2814_Mat_mat6
f 4900 4898 4867
usemtl Patch_2815_Mat_mat6
f 4901 4898 4902
usemtl Patch_2816_Mat_mat6
f 4903 4901 4904
usemtl Patch_2817_Mat_mat6
f 4905 4903 4906
usemtl Patch_2818_Mat_mat6
f 4907 4905 4908
usemtl Patch_2819_Mat_mat6
f 4909 4910 4911
usemtl Patch_2820_Mat_mat6
f 4912 4909 4913
usemtl Patch_2821_Mat_mat6
f 4909 4912 4914
usemtl Patch_2822_Mat_mat6
f 4915 4914 4916
usemtl Patch_2823_Mat_mat6
f 4917 4915 4918
usemtl Patch_2824_Mat_mat6
f 4919 4917 4920
usemtl Patch_2825_Mat_mat6
f 4921 4922 4923
usemtl Patch_2826_Mat_mat6
f 4924 4921 4925
usemtl Patch_2827_Mat_mat6
f 4926 4924 4927
usemtl Patch_2828_Mat_mat6
f 4928 4926 4929
usemtl Patch_2829_Mat_mat6
f 4930 4928 4931
usemtl Patch_2830_Mat_mat6
f 4932 4930 4933
usemtl Patch_2831_Mat_mat6
f 4934 4935 4936
usemtl Patch_2832_Mat_mat6
f 4937 4938 4939
usemtl Patch_2833_Mat_mat6
f 4938 4937 4940
usemtl Patch_2834_Mat_mat6
f 4940 4937 4941
usemtl Patch_2835_Mat_mat6
f 4941 4937 4942
usemtl Patch_2836_Mat_mat6
f 4942 4937 4943
usemtl Patch_2837_Mat_mat6
f 4943 4937 4944
usemtl Patch_2838_Mat_mat6
f 4944 4937 4945
usemtl Patch_2839_Mat_mat6
f 4945 4937 4946
usemtl Patch_2840_Mat_mat6
f 4946 4937 4947
usemtl Patch_2841_Mat_mat6
f 4947 4937 4948
usemtl Patch_2842_Mat_mat6
f 4948 4937 4949
usemtl Patch_2843_Mat_mat6
f 4949 4937 4950
usemtl Patch_2844_Mat_mat6
f 4950 4937 4951
usemtl Patch_2845_Mat_mat6
f 4951 4937 4952
usemtl Patch_2846_Mat_mat6
f 4952 4937 4953
usemtl Patch_2847_Mat_mat6
f 4953 4937 4954
usemtl Patch_2848_Mat_mat6
f 4954 4937 4955
usemtl Patch_2849_Mat_mat6
f 4955 4937 4956
usemtl Patch_2850_Mat_mat6
f 4956 4937 4957
usemtl Patch_2851_Mat_mat6
f 4957 4937 4958
usemtl Patch_2852_Mat_mat6
f 4958 4937 4959
usemtl Patch_2853_Mat_mat6
f 4959 4937 4960
usemtl Patch_2854_Mat_mat6
f 4959 4960 4961
usemtl Patch_2855_Mat_mat6
f 4960 4937 4962
usemtl Patch_2856_Mat_mat6
f 4960 4962 4963
usemtl Patch_2857_Mat_mat6
f 4961 4960 4871
usemtl Patch_2858_Mat_mat6
f 4961 4871 4867
usemtl Patch_2859_Mat_mat6
f 4961 4867 4898
usemtl Patch_2860_Mat_mat6
f 4961 4898 4901
usemtl Patch_2861_Mat_mat6
f 4961 4901 4903
usemtl Patch_2862_Mat_mat6
f 4961 4903 4905
usemtl Patch_2863_Mat_mat6
f 4961 4905 4907
usemtl Patch_2864_Mat_mat6
f 4961 4907 4964
usemtl Patch_2865_Mat_mat6
f 4961 4964 4965
usemtl Patch_2866_Mat_mat6
f 4965 4964 4966
usemtl Patch_2867_Mat_mat6
f 4965 4966 4910
usemtl Patch_2868_Mat_mat6
f 4965 4910 4909
usemtl Patch_2869_Mat_mat6
f 4965 4909 4914
usemtl Patch_2870_Mat_mat6
f 4965 4914 4915
usemtl Patch_2871_Mat_mat6
f 4965 4915 4917
usemtl Patch_2872_Mat_mat6
f 4965 4917 4919
usemtl Patch_2873_Mat_mat6
f 4965 4919 4967
usemtl Patch_2874_Mat_mat6
f 4965 4967 4922
usemtl Patch_2875_Mat_mat6
f 4965 4922 4921
usemtl Patch_2876_Mat_mat6
f 4965 4921 4924
usemtl Patch_2877_Mat_mat6
f 4965 4924 4926
usemtl Patch_2878_Mat_mat6
f 4965 4926 4928
usemtl Patch_2879_Mat_mat6
f 4965 4928 4930
usemtl Patch_2880_Mat_mat6
f 4965 4930 4932
usemtl Patch_2881_Mat_mat6
f 4965 4932 4935
usemtl Patch_2882_Mat_mat6
f 4965 4935 4934
usemtl Patch_2883_Mat_mat6
f 4968 4934 4969
usemtl Patch_2884_Mat_mat6
f 4934 4968 4965
usemtl Patch_2885_Mat_mat6
f 4853 4970 4971
usemtl Patch_2886_Mat_mat6
f 4970 4853 4900
usemtl Patch_2887_Mat_mat6
f 4900 4853 4852
usemtl Patch_2888_Mat_mat6
f 4900 4852 4855
usemtl Patch_2889_Mat_mat6
f 4900 4855 4857
usemtl Patch_2890_Mat_mat6
f 4900 4857 4859
usemtl Patch_2891_Mat_mat6
f 4900 4859 4861
usemtl Patch_2892_Mat_mat6
f 4900 4861 4863
usemtl Patch_2893_Mat_mat6
f 4900 4863 4865
usemtl Patch_2894_Mat_mat6
f 4900 4865 4872
usemtl Patch_2895_Mat_mat6
f 4900 4872 4874
usemtl Patch_2896_Mat_mat6
f 4900 4874 4876
usemtl Patch_2897_Mat_mat6
f 4900 4876 4878
usemtl Patch_2898_Mat_mat6
f 4900 4878 4880
usemtl Patch_2899_Mat_mat6
f 4900 4880 4882
usemtl Patch_2900_Mat_mat6
f 4900 4882 4884
usemtl Patch_2901_Mat_mat6
f 4900 4884 4886
usemtl Patch_2902_Mat_mat6
f 4900 4886 4888
usemtl Patch_2903_Mat_mat6
f 4900 4888 4890
usemtl Patch_2904_Mat_mat6
f 4900 4890 4892
usemtl Patch_2905_Mat_mat6
f 4900 4892 4894
usemtl Patch_2906_Mat_mat6
f 4900 4894 4896
usemtl Patch_2907_Mat_mat6
f 4972 4962 4973
usemtl Patch_2908_Mat_mat6
f 4962 4972 4846
usemtl Patch_2909_Mat_mat6
f 4962 4846 4845
usemtl Patch_2910_Mat_mat6
f 4962 4845 4848
usemtl Patch_2911_Mat_mat6
f 4962 4848 4850
usemtl Patch_2912_Mat_mat6
f 4974 4850 4975
usemtl Patch_2913_Mat_mat6
f 4850 4974 4962
usemtl Patch_2914_Mat_mat6
f 4962 4974 4963
usemtl Patch_2915_Mat_mat6
f 4963 4974 4976
usemtl Patch_2916_Mat_mat6
f 4976 4974 4977
usemtl Patch_2917_Mat_mat6
f 4976 4978 4963
usemtl Patch_2918_Mat_mat6
f 4978 4976 4979
usemtl Patch_2919_Mat_mat6
f 4978 4979 4980

# obj1028
v 770.5390625 532.98724365 265.3543396
v 804.48754883 537.26165771 431.60449219
v 818.67901611 539.19360352 265.35430908
v 756.69287109 531.10235596 427.55905151
usemtl Patch_2920_Mat_mat0
f 4981 4982 4983
usemtl Patch_2921_Mat_mat0
f 4982 4981 4984

# obj1029
v 800.65148926 500.29837036 433.27664185
v 828.21948242 359.53903198 463.98535156
v 818.5098877 335.91125488 433.27664185
v 815.20861816 479.30682373 463.98535156
usemtl Patch_2922_Mat_mat5
f 4985 4986 4987
usemtl Patch_2923_Mat_mat5
f 4986 4985 4988

# obj1030
v 686.36407471 354.02905273 484.64569092
v 799.19659424 500.14028931 433.85827637
v 675.47912598 454.22692871 484.64569092
v 817.05499268 335.75320435 433.85827637
usemtl Patch_2924_Mat_mat5
f 4989 4990 4991
usemtl Patch_2925_Mat_mat5
f 4990 4989 4992

# obj1031
v 772.39788818 371.18249512 500.09091187
v 829.93103027 328.68460083 433.38571167
v 778.71136475 324.77301025 429.00177002
v 826.41040039 375.99942017 505.77578735
usemtl Patch_2926_Mat_mat0
f 4993 4994 4995
usemtl Patch_2927_Mat_mat0
f 4994 4993 4996

# obj1032
v 779.51226807 271.41925049 500.64624023
v 780.68389893 297.21420288 428.98791504
v 781.04486084 249.92781067 500.76586914
v 778.85601807 311.17590332 448.67599487
v 778.71136475 324.77301025 429.00177002
v 773.90325928 350.07302856 500.20843506
v 772.39788818 371.18249512 500.09091187
usemtl Patch_2928_Mat_mat0
f 4997 4998 4999
usemtl Patch_2929_Mat_mat0
f 4998 4997 5000
usemtl Patch_2930_Mat_mat0
f 4998 5000 5001
usemtl Patch_2931_Mat_mat0
f 5001 5000 5002
usemtl Patch_2932_Mat_mat0
f 5001 5002 5003

# obj1033
v 690.68017578 152.0647583 484.64569092
v 811.49291992 291.64968872 433.85827637
v 685.40539551 252.71401978 484.64569092
v 820.14715576 126.52204132 433.85827637
usemtl Patch_2933_Mat_mat5
f 5004 5005 5006
usemtl Patch_2934_Mat_mat5
f 5005 5004 5007

# obj1034
v 811.49291992 291.64968872 432.28347778
v 690.68017578 152.0647583 483.07089233
v 685.40539551 252.71401978 483.07089233
v 820.14715576 126.52204132 432.28347778
usemtl Patch_2935_Mat_mat5
f 5008 5009 5010
usemtl Patch_2936_Mat_mat5
f 5009 5008 5011

# obj1035
v 812.9543457 291.72628784 433.27664185
v 832.62200928 149.64755249 463.98535156
v 821.60858154 126.59863281 433.27664185
v 826.3170166 269.95489502 463.98535156
usemtl Patch_2937_Mat_mat5
f 5012 5013 5014
usemtl Patch_2938_Mat_mat5
f 5013 5012 5015

# obj1036
v 831.16052246 149.57096863 464.56698608
v 811.49291992 291.64968872 433.85827637
v 820.14715576 126.52204132 433.85827637
v 824.85552979 269.8782959 464.56698608
usemtl Patch_2939_Mat_mat5
f 5016 5017 5018
usemtl Patch_2940_Mat_mat5
f 5017 5016 5019

# obj1037
v 843.70080566 70.86614227 300.78741455
v 707.48028564 70.86614227 222.44093323
v 843.70080566 70.86614227 222.44093323
v 707.48028564 70.86614227 267.71655273
v 779.1338501 70.86614227 300.78741455
usemtl Patch_2941_Mat_mat1
f 5020 5021 5022
usemtl Patch_2942_Mat_mat1
f 5021 5020 5023
usemtl Patch_2943_Mat_mat1
f 5023 5020 5024

# obj1038
v 799.19659424 500.14028931 432.28347778
v 686.36407471 354.02905273 483.07089233
v 675.47912598 454.22692871 483.07089233
v 817.05499268 335.75320435 432.28347778
usemtl Patch_2944_Mat_mat5
f 5025 5026 5027
usemtl Patch_2945_Mat_mat5
f 5026 5025 5028

# obj1039
v 838.90985107 630.78326416 507.58016968
v -263.15731812 451.64471436 391.43106079
v -264.16946411 459.0557251 391.33761597
v -257.42715454 409.84735107 391.95263672
v 748.34960938 576.7689209 497.96011353
v 798.31695557 583.88848877 503.22433472
v 800.95678711 563.25421143 503.4619751
v 847.8951416 570.49633789 508.40817261
v 750.92456055 556.67816162 498.19198608
usemtl Patch_2946_Mat_mat0
f 5029 5030 5031
usemtl Patch_2947_Mat_mat0
f 5030 5029 5032
usemtl Patch_2948_Mat_mat0
f 5032 5029 5033
usemtl Patch_2949_Mat_mat0
f 5033 5029 5034
usemtl Patch_2950_Mat_mat0
f 5034 5029 5035
usemtl Patch_2951_Mat_mat0
f 5035 5029 5036
usemtl Patch_2952_Mat_mat0
f 5037 5032 5033

# obj1040
v 826.7645874 359.38098145 464.56698608
v 799.19659424 500.14028931 433.85827637
v 817.05499268 335.75320435 433.85827637
v 813.75372314 479.14877319 464.56698608
usemtl Patch_2953_Mat_mat5
f 5038 5039 5040
usemtl Patch_2954_Mat_mat5
f 5039 5038 5041

# obj1041
v 584.1116333 542.10876465 189.25756836
v 576.66265869 589.956604 189.25756836
v 576.65270996 589.95507812 189.25756836
usemtl Patch_2955_Mat_mat1
f 5042 5043 5044

# obj1042
v 709.84747314 212.62509155 230.31497192
v 721.54003906 213.61245728 236.22047424
v 721.53997803 213.61245728 230.31495667
v 709.84747314 212.62509155 236.22047424
usemtl Patch_2956_Mat_mat1
f 5045 5046 5047
usemtl Patch_2957_Mat_mat1
f 5046 5045 5048

# obj1043
v 12.20472431 -0 -0
v -262.20471191 52.36220169 0
v -262.20471191 -0 -0
v -238.5827179 77.16535187 0
v -39.33636856 275.56149292 8.989E-05
v 29.89307594 364.96063232 8.976E-05
v -39.76376343 364.96066284 0
v 12.20472431 118.11023712 0
v 48.40741348 120.61933136 -9E-08
v -263.77954102 100.78739929 0
v -268.5039978 198.0315094 0
usemtl Patch_2958_Mat_mat3
f 5049 5050 5051
usemtl Patch_2959_Mat_mat3
f 5050 5049 5052
usemtl Patch_2960_Mat_mat3
f 5052 5049 5053
usemtl Patch_2961_Mat_mat3
f 5053 5054 5055
usemtl Patch_2962_Mat_mat3
f 5054 5053 5056
usemtl Patch_2963_Mat_mat3
f 5056 5053 5049
usemtl Patch_2964_Mat_mat3
f 5054 5056 5057
usemtl Patch_2965_Mat_mat3
f 5058 5053 5059
usemtl Patch_2966_Mat_mat3
f 5053 5058 5052

# obj1044
v 733.33764648 214.60870361 247.63781738
v 736.22045898 154.46194458 241.73228455
v 736.22045898 154.46194458 247.63780212
v 733.33764648 214.60870361 241.91288757
v 733.33764648 214.60870361 241.73231506
usemtl Patch_2967_Mat_mat1
f 5060 5061 5062
usemtl Patch_2968_Mat_mat1
f 5061 5060 5063
usemtl Patch_2969_Mat_mat1
f 5061 5063 5064

# obj1045
v 832.28338623 60.23617935 464.56698608
v 820.07849121 -0 433.85827637
v 832.28338623 -0 464.56698608
v 820.07849121 82.67709351 433.85827637
usemtl Patch_2970_Mat_mat5
f 5065 5066 5067
usemtl Patch_2971_Mat_mat5
f 5066 5065 5068

# obj1046
v 376.78036499 68.89762115 432.05639648
v 378.34631348 -0 431.88980103
v 376.78036499 -0 432.05639648
v 378.34631348 68.89762115 431.88980103
usemtl Patch_2972_Mat_mat5
f 5069 5070 5071
usemtl Patch_2973_Mat_mat5
f 5070 5069 5072

# obj1047
v 74.40939331 50.39369965 418.50396729
v 188.58276367 76.77164459 414.96066284
v 188.58276367 76.77164459 413.38586426
v 74.40939331 50.39369965 420.07876587
usemtl Patch_2974_Mat_mat5
f 5073 5074 5075
usemtl Patch_2975_Mat_mat5
f 5074 5073 5076

# obj1048
v 688.97619629 -0 449.21261597
v 531.49591064 50.3936882 468.11029053
v 531.49591064 -0 468.11029053
v 688.97619629 83.07078552 449.21261597
usemtl Patch_2976_Mat_mat5
f 5077 5078 5079
usemtl Patch_2977_Mat_mat5
f 5078 5077 5080

# obj1049
v 72.83566284 50.39369965 418.56225586
v 74.01576996 62.99218369 407.87402344
v 72.44204712 62.99218369 407.93231201
v 74.40939331 50.39369965 418.50396729
usemtl Patch_2978_Mat_mat5
f 5081 5082 5083
usemtl Patch_2979_Mat_mat5
f 5082 5081 5084

# obj1050
v 531.49591064 50.3936882 466.53549194
v 688.97619629 -0 447.63781738
v 531.49591064 -0 466.53549194
v 688.97619629 83.07078552 447.63781738
usemtl Patch_2980_Mat_mat5
f 5085 5086 5087
usemtl Patch_2981_Mat_mat5
f 5086 5085 5088

# obj1051
v 691.24871826 50.39367676 485.02166748
v 690.67852783 -0 483.69122314
v 691.24871826 -0 485.02166748
v 690.67852783 50.39367676 483.69122314
usemtl Patch_2982_Mat_mat5
f 5089 5090 5091
usemtl Patch_2983_Mat_mat5
f 5090 5089 5092

# obj1052
v 72.83566284 50.39369965 420.07876587
v 72.83566284 -0 418.56225586
v 72.83566284 -0 420.07876587
v 72.83566284 50.39369965 418.56225586
usemtl Patch_2984_Mat_mat5
f 5093 5094 5095
usemtl Patch_2985_Mat_mat5
f 5094 5093 5096

# obj1053
v 692.1260376 -0 484.64569092
v 691.24871826 50.39367676 485.02166748
v 691.24871826 -0 485.02166748
v 692.1260376 50.39367676 484.64569092
usemtl Patch_2986_Mat_mat5
f 5097 5098 5099
usemtl Patch_2987_Mat_mat5
f 5098 5097 5100

# obj1054
v 72.83566284 50.39369965 418.56225586
v 74.40939331 50.39369965 420.07876587
v 74.40939331 50.39369965 418.50396729
v 72.83566284 50.39369965 420.07876587
usemtl Patch_2988_Mat_mat5
f 5101 5102 5103
usemtl Patch_2989_Mat_mat5
f 5102 5101 5104

# obj1055
v 539.35784912 79.92114258 435.6282959
v 539.35784912 -0 437.20632935
v 539.35784912 -0 435.6282959
v 539.35784912 79.92114258 437.20632935
usemtl Patch_2990_Mat_mat5
f 5105 5106 5107
usemtl Patch_2991_Mat_mat5
f 5106 5105 5108

# obj1056
v 680.04858398 74.80311584 458.88812256
v 692.1260376 50.39367676 483.07089233
v 681.49609375 74.80311584 458.26776123
v 690.67852783 50.39367676 483.69122314
usemtl Patch_2992_Mat_mat5
f 5109 5110 5111
usemtl Patch_2993_Mat_mat5
f 5110 5109 5112

# obj1057
v -96.45685577 385.03982544 62.99212265
v -104.67899323 382.26559448 59.84251785
v -96.45670319 385.03936768 59.84251785
v -104.67899323 382.26559448 53.76662445
v -107.6633606 381.2588501 57.0866127
v -115.88565826 378.4850769 53.76662445
v -107.6633606 381.2588501 62.99212265
v -118.87002563 377.47833252 51.18110275
v -115.88565826 378.4850769 47.8611145
v -118.87002563 377.47833252 57.0866127
v -127.0923233 374.70458984 47.8611145
v -130.07669067 373.69781494 45.2755928
v -127.0923233 374.70458984 41.95560074
v -130.07669067 373.69781494 51.18110275
v -138.29898071 370.92407227 41.95560074
v -141.28335571 369.91729736 39.37007904
v -138.29898071 370.92407227 36.05009079
v -141.28335571 369.91729736 45.2755928
v -149.50564575 367.14355469 36.05009079
v -152.49000549 366.13677979 33.46456909
v -149.50564575 367.14355469 30.14457893
v -152.49000549 366.13677979 39.37007904
v -160.71231079 363.36300659 30.14457893
v -163.69667053 362.35626221 27.55905724
v -160.71231079 363.36300659 24.23906708
v -163.69667053 362.35626221 33.46456909
v -171.91896057 359.58248901 24.23906708
v -174.90333557 358.57574463 21.65354729
v -171.91896057 359.58248901 18.33355522
v -174.90333557 358.57574463 27.55905724
v -183.12562561 355.80194092 18.33355522
v -186.11000061 354.79522705 15.74803543
v -183.12562561 355.80194092 12.85340118
v -186.11000061 354.79522705 21.65354729
v -194.27218628 352.04135132 15.74803543
v -194.27218628 352.04135132 6.81003475
usemtl Patch_2994_Mat_mat3
f 5113 5114 5115
usemtl Patch_2995_Mat_mat3
f 5116 5117 5118
usemtl Patch_2996_Mat_mat3
f 5117 5116 5114
usemtl Patch_2997_Mat_mat3
f 5117 5114 5119
usemtl Patch_2998_Mat_mat3
f 5119 5114 5113
usemtl Patch_2999_Mat_mat3
f 5118 5120 5121
usemtl Patch_3000_Mat_mat3
f 5120 5118 5122
usemtl Patch_3001_Mat_mat3
f 5122 5118 5117
usemtl Patch_3002_Mat_mat3
f 5123 5124 5125
usemtl Patch_3003_Mat_mat3
f 5124 5123 5126
usemtl Patch_3004_Mat_mat3
f 5126 5123 5121
usemtl Patch_3005_Mat_mat3
f 5126 5121 5120
usemtl Patch_3006_Mat_mat3
f 5127 5128 5129
usemtl Patch_3007_Mat_mat3
f 5128 5127 5130
usemtl Patch_3008_Mat_mat3
f 5130 5127 5125
usemtl Patch_3009_Mat_mat3
f 5130 5125 5124
usemtl Patch_3010_Mat_mat3
f 5131 5132 5133
usemtl Patch_3011_Mat_mat3
f 5132 5131 5134
usemtl Patch_3012_Mat_mat3
f 5134 5131 5129
usemtl Patch_3013_Mat_mat3
f 5134 5129 5128
usemtl Patch_3014_Mat_mat3
f 5135 5136 5137
usemtl Patch_3015_Mat_mat3
f 5136 5135 5138
usemtl Patch_3016_Mat_mat3
f 5138 5135 5133
usemtl Patch_3017_Mat_mat3
f 5138 5133 5132
usemtl Patch_3018_Mat_mat3
f 5139 5140 5141
usemtl Patch_3019_Mat_mat3
f 5140 5139 5142
usemtl Patch_3020_Mat_mat3
f 5142 5139 5137
usemtl Patch_3021_Mat_mat3
f 5142 5137 5136
usemtl Patch_3022_Mat_mat3
f 5143 5144 5145
usemtl Patch_3023_Mat_mat3
f 5144 5143 5146
usemtl Patch_3024_Mat_mat3
f 5146 5143 5141
usemtl Patch_3025_Mat_mat3
f 5146 5141 5140
usemtl Patch_3026_Mat_mat3
f 5145 5147 5148
usemtl Patch_3027_Mat_mat3
f 5147 5145 5144

# obj1058
v -111.41733551 429.52755737 59.84251785
v -104.67899323 382.26559448 59.84251785
v -120.21138763 426.56088257 59.84251785
v -96.45670319 385.03936768 59.84251785
usemtl Patch_3028_Mat_mat3
f 5149 5150 5151
usemtl Patch_3029_Mat_mat3
f 5150 5149 5152

# obj1059
v -120.21138 426.56088257 53.91912842
v -104.67899323 382.26559448 59.84251785
v -104.67899323 382.26559448 53.76662445
v -120.21138763 426.56088257 59.84251785
usemtl Patch_3030_Mat_mat3
f 5153 5154 5155
usemtl Patch_3031_Mat_mat3
f 5154 5153 5156

# obj1060
v -120.21138 426.56088257 53.91912842
v -115.88565826 378.4850769 53.76662445
v -130.88023376 422.96185303 53.91912842
v -104.67899323 382.26559448 53.76662445
usemtl Patch_3032_Mat_mat3
f 5157 5158 5159
usemtl Patch_3033_Mat_mat3
f 5158 5157 5160

# obj1061
v -130.88018799 422.96176147 48.01361465
v -115.88565826 378.4850769 53.76662445
v -115.88565826 378.4850769 47.8611145
v -130.88023376 422.96185303 53.91912842
usemtl Patch_3034_Mat_mat3
f 5161 5162 5163
usemtl Patch_3035_Mat_mat3
f 5162 5161 5164

# obj1062
v -130.88018799 422.96176147 48.01361465
v -127.0923233 374.70458984 47.8611145
v -142.0868988 419.18133545 48.01361465
v -115.88565826 378.4850769 47.8611145
usemtl Patch_3036_Mat_mat3
f 5165 5166 5167
usemtl Patch_3037_Mat_mat3
f 5166 5165 5168

# obj1063
v -142.08685303 419.18121338 42.10810471
v -127.0923233 374.70458984 47.8611145
v -127.0923233 374.70458984 41.95560074
v -142.0868988 419.18133545 48.01361465
usemtl Patch_3038_Mat_mat3
f 5169 5170 5171
usemtl Patch_3039_Mat_mat3
f 5170 5169 5172

# obj1064
v -142.08685303 419.18121338 42.10810471
v -138.29898071 370.92407227 41.95560074
v -153.29356384 415.40084839 42.10810471
v -127.0923233 374.70458984 41.95560074
usemtl Patch_3040_Mat_mat3
f 5173 5174 5175
usemtl Patch_3041_Mat_mat3
f 5174 5173 5176

# obj1065
v -153.29351807 415.4006958 36.20259476
v -138.29898071 370.92407227 41.95560074
v -138.29898071 370.92407227 36.05009079
v -153.29356384 415.40084839 42.10810471
usemtl Patch_3042_Mat_mat3
f 5177 5178 5179
usemtl Patch_3043_Mat_mat3
f 5178 5177 5180

# obj1066
v -164.50016785 411.62017822 30.2970829
v -149.50564575 367.14355469 36.05009079
v -149.50564575 367.14355469 30.14457893
v -164.50022888 411.62033081 36.20259476
usemtl Patch_3044_Mat_mat3
f 5181 5182 5183
usemtl Patch_3045_Mat_mat3
f 5182 5181 5184

# obj1067
v -153.29351807 415.4006958 36.20259476
v -149.50564575 367.14355469 36.05009079
v -164.50022888 411.62033081 36.20259476
v -138.29898071 370.92407227 36.05009079
usemtl Patch_3046_Mat_mat3
f 5185 5186 5187
usemtl Patch_3047_Mat_mat3
f 5186 5185 5188

# obj1068
v -209.42832947 396.46453857 15.74803543
v -198.12017822 400.27865601 12.8350153
v -209.42807007 396.46374512 6.70420027
v -201.104599 399.27203369 15.74803543
v -198.120224 400.27880859 18.4860611
v -201.104599 399.27203369 21.63566589
v -186.91348267 404.05908203 18.4860611
v -189.89793396 403.05255127 21.63566589
v -186.91355896 404.05932617 24.39157104
v -189.89793396 403.05255127 27.54117775
v -175.70683289 407.83963013 24.39157104
v -178.69126892 406.83306885 27.54117775
v -175.70689392 407.83981323 30.2970829
v -178.69126892 406.83306885 33.44668961
v -164.50016785 411.62017822 30.2970829
v -167.48458862 410.61355591 33.44668961
v -164.50022888 411.62033081 36.20259476
v -167.48458862 410.61355591 39.35219955
v -153.29351807 415.4006958 36.20259476
v -156.27792358 414.39407349 39.35219955
v -153.29356384 415.40084839 42.10810471
v -156.27792358 414.39407349 45.2577095
v -142.08685303 419.18121338 42.10810471
v -145.07125854 418.17459106 45.2577095
v -142.0868988 419.18133545 48.01361465
v -145.07125854 418.17459106 51.16322327
v -130.88018799 422.96176147 48.01361465
v -133.86459351 421.95507812 51.16322327
v -130.88023376 422.96185303 53.91912842
v -133.86459351 421.95507812 57.06873322
v -120.21138 426.56088257 53.91912842
v -122.65792847 425.7355957 57.06873322
v -120.21138763 426.56088257 59.84251785
v -122.65792847 425.7355957 62.97424316
v -111.41749573 429.52804565 62.97424316
v -111.41733551 429.52755737 59.84251785
usemtl Patch_3048_Mat_mat3
f 5189 5190 5191
usemtl Patch_3049_Mat_mat3
f 5190 5189 5192
usemtl Patch_3050_Mat_mat3
f 5190 5192 5193
usemtl Patch_3051_Mat_mat3
f 5193 5192 5194
usemtl Patch_3052_Mat_mat3
f 5193 5194 5195
usemtl Patch_3053_Mat_mat3
f 5195 5194 5196
usemtl Patch_3054_Mat_mat3
f 5195 5196 5197
usemtl Patch_3055_Mat_mat3
f 5197 5196 5198
usemtl Patch_3056_Mat_mat3
f 5197 5198 5199
usemtl Patch_3057_Mat_mat3
f 5199 5198 5200
usemtl Patch_3058_Mat_mat3
f 5199 5200 5201
usemtl Patch_3059_Mat_mat3
f 5201 5200 5202
usemtl Patch_3060_Mat_mat3
f 5201 5202 5203
usemtl Patch_3061_Mat_mat3
f 5203 5202 5204
usemtl Patch_3062_Mat_mat3
f 5203 5204 5205
usemtl Patch_3063_Mat_mat3
f 5205 5204 5206
usemtl Patch_3064_Mat_mat3
f 5205 5206 5207
usemtl Patch_3065_Mat_mat3
f 5207 5206 5208
usemtl Patch_3066_Mat_mat3
f 5207 5208 5209
usemtl Patch_3067_Mat_mat3
f 5209 5208 5210
usemtl Patch_3068_Mat_mat3
f 5209 5210 5211
usemtl Patch_3069_Mat_mat3
f 5211 5210 5212
usemtl Patch_3070_Mat_mat3
f 5211 5212 5213
usemtl Patch_3071_Mat_mat3
f 5213 5212 5214
usemtl Patch_3072_Mat_mat3
f 5213 5214 5215
usemtl Patch_3073_Mat_mat3
f 5215 5214 5216
usemtl Patch_3074_Mat_mat3
f 5215 5216 5217
usemtl Patch_3075_Mat_mat3
f 5217 5216 5218
usemtl Patch_3076_Mat_mat3
f 5217 5218 5219
usemtl Patch_3077_Mat_mat3
f 5219 5218 5220
usemtl Patch_3078_Mat_mat3
f 5219 5220 5221
usemtl Patch_3079_Mat_mat3
f 5221 5220 5222
usemtl Patch_3080_Mat_mat3
f 5221 5223 5224
usemtl Patch_3081_Mat_mat3
f 5223 5221 5222

# obj1069
v -164.50016785 411.62017822 30.2970829
v -160.71231079 363.36300659 30.14457893
v -175.70689392 407.83981323 30.2970829
v -149.50564575 367.14355469 30.14457893
usemtl Patch_3082_Mat_mat3
f 5225 5226 5227
usemtl Patch_3083_Mat_mat3
f 5226 5225 5228

# obj1070
v -175.70683289 407.83963013 24.39157104
v -160.71231079 363.36300659 30.14457893
v -160.71231079 363.36300659 24.23906708
v -175.70689392 407.83981323 30.2970829
usemtl Patch_3084_Mat_mat3
f 5229 5230 5231
usemtl Patch_3085_Mat_mat3
f 5230 5229 5232

# obj1071
v -175.70683289 407.83963013 24.39157104
v -171.91896057 359.58248901 24.23906708
v -186.91355896 404.05932617 24.39157104
v -160.71231079 363.36300659 24.23906708
usemtl Patch_3086_Mat_mat3
f 5233 5234 5235
usemtl Patch_3087_Mat_mat3
f 5234 5233 5236

# obj1072
v -186.91348267 404.05908203 18.4860611
v -171.91896057 359.58248901 24.23906708
v -171.91896057 359.58248901 18.33355522
v -186.91355896 404.05932617 24.39157104
usemtl Patch_3088_Mat_mat3
f 5237 5238 5239
usemtl Patch_3089_Mat_mat3
f 5238 5237 5240

# obj1073
v -186.91348267 404.05908203 18.4860611
v -183.12562561 355.80194092 18.33355522
v -198.120224 400.27880859 18.4860611
v -171.91896057 359.58248901 18.33355522
usemtl Patch_3090_Mat_mat3
f 5241 5242 5243
usemtl Patch_3091_Mat_mat3
f 5242 5241 5244

# obj1074
v -198.12017822 400.27865601 12.8350153
v -194.27218628 352.04135132 6.81003475
v -209.42807007 396.46374512 6.70420027
v -183.12562561 355.80194092 12.85340118
usemtl Patch_3092_Mat_mat3
f 5245 5246 5247
usemtl Patch_3093_Mat_mat3
f 5246 5245 5248

# obj1075
v -183.12562561 355.80194092 12.85340118
v -198.120224 400.27880859 18.4860611
v -183.12562561 355.80194092 18.33355522
v -198.12017822 400.27865601 12.8350153
usemtl Patch_3094_Mat_mat3
f 5249 5250 5251
usemtl Patch_3095_Mat_mat3
f 5250 5249 5252

# obj1076
v -89.38991547 435.91973877 -42.71653366
v -216.14175415 416.14172363 -49.21259689
v -89.38991547 435.91973877 -49.21259689
v -101.06468201 434.09811401 -42.71653366
v -216.14170837 416.14172363 15.74803543
v -112.73944855 432.27648926 -36.22047043
v -101.06468201 434.09811401 -36.22047043
v -124.41421509 430.4548645 -29.7244091
v -112.73944855 432.27648926 -29.7244091
v -136.08898926 428.63323975 -23.22834587
v -124.41421509 430.4548645 -23.22834587
v -147.76374817 426.81161499 -16.73228073
v -136.08898926 428.63323975 -16.73228073
v -159.43852234 424.98999023 -10.23621845
v -147.76374817 426.81161499 -10.23621845
v -171.11328125 423.168396 -3.74015474
v -159.43852234 424.98999023 -3.74015474
v -182.78805542 421.34677124 2.75590849
v -171.11328125 423.168396 2.75590849
v -194.46281433 419.52514648 9.2519722
v -182.78805542 421.34677124 9.2519722
v -194.46281433 419.52514648 15.74803543
usemtl Patch_3096_Mat_mat1
f 5253 5254 5255
usemtl Patch_3097_Mat_mat1
f 5254 5253 5256
usemtl Patch_3098_Mat_mat1
f 5254 5256 5257
usemtl Patch_3099_Mat_mat1
f 5257 5256 5258
usemtl Patch_3100_Mat_mat1
f 5258 5256 5259
usemtl Patch_3101_Mat_mat1
f 5257 5258 5260
usemtl Patch_3102_Mat_mat1
f 5260 5258 5261
usemtl Patch_3103_Mat_mat1
f 5257 5260 5262
usemtl Patch_3104_Mat_mat1
f 5262 5260 5263
usemtl Patch_3105_Mat_mat1
f 5257 5262 5264
usemtl Patch_3106_Mat_mat1
f 5264 5262 5265
usemtl Patch_3107_Mat_mat1
f 5257 5264 5266
usemtl Patch_3108_Mat_mat1
f 5266 5264 5267
usemtl Patch_3109_Mat_mat1
f 5257 5266 5268
usemtl Patch_3110_Mat_mat1
f 5268 5266 5269
usemtl Patch_3111_Mat_mat1
f 5257 5268 5270
usemtl Patch_3112_Mat_mat1
f 5270 5268 5271
usemtl Patch_3113_Mat_mat1
f 5257 5270 5272
usemtl Patch_3114_Mat_mat1
f 5272 5270 5273
usemtl Patch_3115_Mat_mat1
f 5257 5272 5274

# obj1077
v -202.26721191 468.69268799 9.2519722
v -194.46281433 419.52514648 15.74803543
v -194.46281433 419.52514648 9.2519722
v -202.26721191 468.69268799 15.74803543
usemtl Patch_3116_Mat_mat3
f 5275 5276 5277
usemtl Patch_3117_Mat_mat3
f 5276 5275 5278

# obj1078
v -194.46281433 419.52514648 9.2519722
v -190.59181213 470.51031494 9.2519722
v -202.26721191 468.69268799 9.2519722
v -182.78805542 421.34677124 9.2519722
usemtl Patch_3118_Mat_mat3
f 5279 5280 5281
usemtl Patch_3119_Mat_mat3
f 5280 5279 5282

# obj1079
v -190.59181213 470.51031494 2.75590849
v -182.78805542 421.34677124 9.2519722
v -182.78805542 421.34677124 2.75590849
v -190.59181213 470.51031494 9.2519722
usemtl Patch_3120_Mat_mat3
f 5283 5284 5285
usemtl Patch_3121_Mat_mat3
f 5284 5283 5286

# obj1080
v -182.78805542 421.34677124 2.75590849
v -178.91641235 472.32794189 2.75590849
v -190.59181213 470.51031494 2.75590849
v -171.11328125 423.168396 2.75590849
usemtl Patch_3122_Mat_mat3
f 5287 5288 5289
usemtl Patch_3123_Mat_mat3
f 5288 5287 5290

# obj1081
v -178.91641235 472.32794189 -3.74015474
v -171.11328125 423.168396 2.75590849
v -171.11328125 423.168396 -3.74015474
v -178.91641235 472.32794189 2.75590849
usemtl Patch_3124_Mat_mat3
f 5291 5292 5293
usemtl Patch_3125_Mat_mat3
f 5292 5291 5294

# obj1082
v -171.11328125 423.168396 -3.74015474
v -167.24101257 474.14556885 -3.74015474
v -178.91641235 472.32794189 -3.74015474
v -159.43852234 424.98999023 -3.74015474
usemtl Patch_3126_Mat_mat3
f 5295 5296 5297
usemtl Patch_3127_Mat_mat3
f 5296 5295 5298

# obj1083
v -167.24101257 474.14556885 -10.23621845
v -159.43852234 424.98999023 -3.74015474
v -159.43852234 424.98999023 -10.23621845
v -167.24101257 474.14556885 -3.74015474
usemtl Patch_3128_Mat_mat3
f 5299 5300 5301
usemtl Patch_3129_Mat_mat3
f 5300 5299 5302

# obj1084
v -159.43852234 424.98999023 -10.23621845
v -155.56559753 475.9631958 -10.23621845
v -167.24101257 474.14556885 -10.23621845
v -147.76374817 426.81161499 -10.23621845
usemtl Patch_3130_Mat_mat3
f 5303 5304 5305
usemtl Patch_3131_Mat_mat3
f 5304 5303 5306

# obj1085
v -155.56559753 475.9631958 -16.73228073
v -147.76374817 426.81161499 -10.23621845
v -147.76374817 426.81161499 -16.73228073
v -155.56559753 475.9631958 -10.23621845
usemtl Patch_3132_Mat_mat3
f 5307 5308 5309
usemtl Patch_3133_Mat_mat3
f 5308 5307 5310

# obj1086
v -132.21479797 479.59844971 -29.7244091
v -124.41421509 430.4548645 -23.22834587
v -124.41421509 430.4548645 -29.7244091
v -132.21479797 479.59844971 -23.22834587
usemtl Patch_3134_Mat_mat3
f 5311 5312 5313
usemtl Patch_3135_Mat_mat3
f 5312 5311 5314

# obj1087
v -124.41421509 430.4548645 -29.7244091
v -120.53939819 481.41607666 -29.7244091
v -132.21479797 479.59844971 -29.7244091
v -112.73944855 432.27648926 -29.7244091
usemtl Patch_3136_Mat_mat3
f 5315 5316 5317
usemtl Patch_3137_Mat_mat3
f 5316 5315 5318

# obj1088
v -120.53939819 481.41607666 -36.22047043
v -112.73944855 432.27648926 -29.7244091
v -112.73944855 432.27648926 -36.22047043
v -120.53939819 481.41607666 -29.7244091
usemtl Patch_3138_Mat_mat3
f 5319 5320 5321
usemtl Patch_3139_Mat_mat3
f 5320 5319 5322

# obj1089
v -112.73944855 432.27648926 -36.22047043
v -108.86399078 483.23370361 -36.22047043
v -120.53939819 481.41607666 -36.22047043
v -101.06468201 434.09811401 -36.22047043
usemtl Patch_3140_Mat_mat3
f 5323 5324 5325
usemtl Patch_3141_Mat_mat3
f 5324 5323 5326

# obj1090
v -108.86399078 483.23370361 -42.71653366
v -101.06468201 434.09811401 -36.22047043
v -101.06468201 434.09811401 -42.71653366
v -108.86399078 483.23370361 -36.22047043
usemtl Patch_3142_Mat_mat3
f 5327 5328 5329
usemtl Patch_3143_Mat_mat3
f 5328 5327 5330

# obj1091
v -101.06468201 434.09811401 -42.71653366
v -97.188591 485.05133057 -42.71653366
v -108.86399078 483.23370361 -42.71653366
v -89.38991547 435.91973877 -42.71653366
usemtl Patch_3144_Mat_mat3
f 5331 5332 5333
usemtl Patch_3145_Mat_mat3
f 5332 5331 5334

# obj1092
v -97.188591 485.05133057 -49.21259689
v -89.38991547 435.91973877 -42.71653366
v -89.38991547 435.91973877 -49.21259689
v -97.188591 485.05133057 -42.71653366
usemtl Patch_3146_Mat_mat3
f 5335 5336 5337
usemtl Patch_3147_Mat_mat3
f 5336 5335 5338

# obj1093
v -147.76374817 426.81161499 -16.73228073
v -143.89019775 477.78082275 -16.73228073
v -155.56559753 475.9631958 -16.73228073
v -136.08898926 428.63323975 -16.73228073
usemtl Patch_3148_Mat_mat3
f 5339 5340 5341
usemtl Patch_3149_Mat_mat3
f 5340 5339 5342

# obj1094
v -143.89019775 477.78082275 -23.22834587
v -136.08898926 428.63323975 -16.73228073
v -136.08898926 428.63323975 -23.22834587
v -143.89019775 477.78082275 -16.73228073
usemtl Patch_3150_Mat_mat3
f 5343 5344 5345
usemtl Patch_3151_Mat_mat3
f 5344 5343 5346

# obj1095
v -136.08898926 428.63323975 -23.22834587
v -132.21479797 479.59844971 -23.22834587
v -143.89019775 477.78082275 -23.22834587
v -124.41421509 430.4548645 -23.22834587
usemtl Patch_3152_Mat_mat3
f 5347 5348 5349
usemtl Patch_3153_Mat_mat3
f 5348 5347 5350

# obj1096
v 31.28047943 505.05142212 -37.40155792
v 12.32295132 364.96063232 -43.30702591
v 12.32295132 364.96063232 -37.4015007
v 31.28047943 505.05142212 -43.30707932
usemtl Patch_3154_Mat_mat1
f 5351 5352 5353
usemtl Patch_3155_Mat_mat1
f 5352 5351 5354

# obj1097
v 43.77355957 506.99633789 -31.49603844
v 24.55283546 364.96063232 -37.4015007
v 24.55283546 364.96063232 -31.49597168
v 43.77355957 506.99633789 -37.40155792
usemtl Patch_3156_Mat_mat1
f 5355 5356 5357
usemtl Patch_3157_Mat_mat1
f 5356 5355 5358

# obj1098
v 24.55283546 364.96063232 -37.4015007
v 31.28047943 505.05142212 -37.40155792
v 12.32295132 364.96063232 -37.4015007
v 43.77355957 506.99633789 -37.40155792
usemtl Patch_3158_Mat_mat1
f 5359 5360 5361
usemtl Patch_3159_Mat_mat1
f 5360 5359 5362

# obj1099
v 12.32295132 364.96063232 -43.30702591
v 18.7874012 503.10650635 -43.30707932
v 0.09306635 364.96063232 -43.30702591
v 31.28047943 505.05142212 -43.30707932
usemtl Patch_3160_Mat_mat1
f 5363 5364 5365
usemtl Patch_3161_Mat_mat1
f 5364 5363 5366

# obj1100
v 18.7874012 503.10650635 -43.30707932
v 0.09306635 364.96063232 -49.21255493
v 0.09306635 364.96063232 -43.30702591
v 18.7874012 503.10650635 -49.21259689
usemtl Patch_3162_Mat_mat1
f 5367 5368 5369
usemtl Patch_3163_Mat_mat1
f 5368 5367 5370

# obj1101
v 36.27246094 463.06298828 77.16544342
v 42.94706345 421.62451172 68.89772797
v 42.94706345 421.62451172 77.16544342
v 36.24983215 463.20346069 68.89763641
usemtl Patch_3164_Mat_mat1
f 5371 5372 5373
usemtl Patch_3165_Mat_mat1
f 5372 5371 5374

# obj1102
v 477.41513062 574.5057373 177.559021
v 490.59378052 492.68365479 169.19291687
v 490.59378052 492.68365479 177.55905151
v 484.00445557 533.59472656 173.37597656
v 484.00445557 533.59472656 169.19290161
v 477.41513062 574.5057373 173.3759613
usemtl Patch_3166_Mat_mat1
f 5375 5376 5377
usemtl Patch_3167_Mat_mat1
f 5376 5375 5378
usemtl Patch_3168_Mat_mat1
f 5376 5378 5379
usemtl Patch_3169_Mat_mat1
f 5378 5375 5380

# obj1103
v 446.68258667 527.78442383 169.19290161
v 453.28988647 486.76205444 160.82678223
v 453.28988647 486.76205444 169.19291687
v 446.69155884 527.72875977 165.00984192
v 446.69155884 527.72875977 160.82678223
usemtl Patch_3170_Mat_mat1
f 5381 5382 5383
usemtl Patch_3171_Mat_mat1
f 5382 5381 5384
usemtl Patch_3172_Mat_mat1
f 5382 5384 5385

# obj1104
v 415.98599243 480.84048462 160.82678223
v 428.04641724 524.72564697 160.82678223
v 409.40127563 521.72259521 160.82678223
v 453.28988647 486.76205444 160.82678223
v 446.69155884 527.72875977 160.82678223
usemtl Patch_3173_Mat_mat4
f 5386 5387 5388
usemtl Patch_3174_Mat_mat4
f 5387 5386 5389
usemtl Patch_3175_Mat_mat4
f 5387 5389 5390

# obj1105
v 409.40127563 521.72259521 160.82678223
v 415.98599243 480.84048462 152.46064758
v 415.98599243 480.84048462 160.82678223
v 409.41842651 521.6161499 156.64370728
v 409.41842651 521.6161499 152.46064758
v 402.7713623 562.88519287 156.64369202
v 402.7713623 562.88519287 160.82676697
usemtl Patch_3176_Mat_mat1
f 5391 5392 5393
usemtl Patch_3177_Mat_mat1
f 5392 5391 5394
usemtl Patch_3178_Mat_mat1
f 5392 5394 5395
usemtl Patch_3179_Mat_mat1
f 5394 5391 5396
usemtl Patch_3180_Mat_mat1
f 5396 5391 5397

# obj1106
v 372.0657959 515.99688721 152.46064758
v 378.68209839 474.91888428 144.09451294
v 378.68209839 474.91888428 152.46064758
v 372.0657959 515.99688721 144.09451294
v 372.0657959 515.99688721 148.27757263
v 365.44949341 557.07489014 152.46063232
v 365.44949341 557.07489014 148.27757263
usemtl Patch_3181_Mat_mat1
f 5398 5399 5400
usemtl Patch_3182_Mat_mat1
f 5399 5398 5401
usemtl Patch_3183_Mat_mat1
f 5402 5398 5403
usemtl Patch_3184_Mat_mat1
f 5402 5403 5404

# obj1107
v 341.37820435 468.99728394 144.09451294
v 353.20425415 512.95892334 144.09451294
v 334.7755127 509.99066162 144.09451294
v 378.68209839 474.91888428 144.09451294
v 372.0657959 515.99688721 144.09451294
usemtl Patch_3185_Mat_mat4
f 5405 5406 5407
usemtl Patch_3186_Mat_mat4
f 5406 5405 5408
usemtl Patch_3187_Mat_mat4
f 5406 5408 5409

# obj1108
v 334.7755127 509.99066162 144.09451294
v 341.37820435 468.99728394 135.7283783
v 341.37820435 468.99728394 144.09451294
v 334.75289917 510.13095093 135.7283783
v 334.75289917 510.13095093 139.91143799
v 328.12762451 551.26464844 144.09449768
v 328.12762451 551.26464844 139.91143799
usemtl Patch_3188_Mat_mat1
f 5410 5411 5412
usemtl Patch_3189_Mat_mat1
f 5411 5410 5413
usemtl Patch_3190_Mat_mat1
f 5413 5410 5414
usemtl Patch_3191_Mat_mat1
f 5414 5410 5415
usemtl Patch_3192_Mat_mat1
f 5414 5415 5416

# obj1109
v 297.44665527 504.22384644 135.7283783
v 304.0743103 463.07568359 127.36225128
v 304.0743103 463.07568359 135.7283783
v 297.44003296 504.26501465 127.36224365
v 297.44003296 504.26501465 131.54530334
v 290.8057251 545.4543457 135.72836304
v 290.8057251 545.4543457 131.54530334
usemtl Patch_3193_Mat_mat1
f 5417 5418 5419
usemtl Patch_3194_Mat_mat1
f 5418 5417 5420
usemtl Patch_3195_Mat_mat1
f 5420 5417 5421
usemtl Patch_3196_Mat_mat1
f 5421 5417 5422
usemtl Patch_3197_Mat_mat1
f 5421 5422 5423

# obj1110
v 260.14974976 498.25875854 127.36224365
v 266.77041626 457.15408325 118.99611664
v 266.77041626 457.15408325 127.36225128
v 260.12713623 498.39907837 118.99610901
v 260.12713623 498.39907837 123.17917633
v 253.4838562 539.644104 127.36223602
v 253.4838562 539.644104 123.1791687
usemtl Patch_3198_Mat_mat1
f 5424 5425 5426
usemtl Patch_3199_Mat_mat1
f 5425 5424 5427
usemtl Patch_3200_Mat_mat1
f 5427 5424 5428
usemtl Patch_3201_Mat_mat1
f 5428 5424 5429
usemtl Patch_3202_Mat_mat1
f 5428 5429 5430

# obj1111
v 222.83686829 492.39279175 118.99610901
v 229.46652222 451.23248291 110.62998199
v 229.46652222 451.23248291 118.99611664
v 222.84776306 492.32510376 110.62997437
v 222.84231567 492.35894775 114.81304169
v 222.84231567 492.35894775 110.62997437
v 216.1619873 533.83380127 114.81304169
v 216.1619873 533.83380127 118.99610138
usemtl Patch_3203_Mat_mat1
f 5431 5432 5433
usemtl Patch_3204_Mat_mat1
f 5432 5431 5434
usemtl Patch_3205_Mat_mat1
f 5434 5431 5435
usemtl Patch_3206_Mat_mat1
f 5434 5435 5436
usemtl Patch_3207_Mat_mat1
f 5435 5431 5437
usemtl Patch_3208_Mat_mat1
f 5437 5431 5438

# obj1112
v 185.55204773 486.35263062 110.62997437
v 192.16262817 445.31088257 102.26384735
v 192.16262817 445.31088257 110.62998199
v 185.50137329 486.66720581 102.26383972
v 185.50137329 486.66720581 106.44690704
v 178.84010315 528.02355957 110.62997437
v 178.84010315 528.02355957 106.44690704
usemtl Patch_3209_Mat_mat1
f 5439 5440 5441
usemtl Patch_3210_Mat_mat1
f 5440 5439 5442
usemtl Patch_3211_Mat_mat1
f 5442 5439 5443
usemtl Patch_3212_Mat_mat1
f 5443 5439 5444
usemtl Patch_3213_Mat_mat1
f 5443 5444 5445

# obj1113
v 148.21110535 480.66085815 102.26383972
v 154.85874939 439.38931274 93.89771271
v 154.85874939 439.38931274 102.26384735
v 148.18849182 480.80126953 93.89771271
v 148.18849182 480.80126953 98.08078003
v 141.51823425 522.21325684 102.26383972
v 141.51823425 522.21325684 98.0807724
usemtl Patch_3214_Mat_mat1
f 5446 5447 5448
usemtl Patch_3215_Mat_mat1
f 5447 5446 5449
usemtl Patch_3216_Mat_mat1
f 5449 5446 5450
usemtl Patch_3217_Mat_mat1
f 5450 5446 5451
usemtl Patch_3218_Mat_mat1
f 5450 5451 5452

# obj1114
v 110.89822388 474.79492188 93.89771271
v 117.55484772 433.4677124 85.53157806
v 117.55484772 433.4677124 93.89771271
v 110.87560272 474.93533325 85.53157806
v 110.87560272 474.93533325 89.71464539
v 104.19635773 516.4029541 93.89770508
v 104.19635773 516.4029541 89.71464539
usemtl Patch_3219_Mat_mat1
f 5453 5454 5455
usemtl Patch_3220_Mat_mat1
f 5454 5453 5456
usemtl Patch_3221_Mat_mat1
f 5456 5453 5457
usemtl Patch_3222_Mat_mat1
f 5457 5453 5458
usemtl Patch_3223_Mat_mat1
f 5457 5458 5459

# obj1115
v 66.8744812 510.5927124 85.53157806
v 73.56272125 469.06939697 81.34851074
v 73.58534241 468.92895508 85.53157806
v 66.8744812 510.5927124 81.34851074
v 80.25095367 427.54611206 77.16544342
v 80.25095367 427.54611206 85.53157806
v 73.56272125 469.06939697 77.16544342
usemtl Patch_3224_Mat_mat1
f 5460 5461 5462
usemtl Patch_3225_Mat_mat1
f 5461 5460 5463
usemtl Patch_3226_Mat_mat1
f 5462 5464 5465
usemtl Patch_3227_Mat_mat1
f 5464 5462 5466
usemtl Patch_3228_Mat_mat1
f 5466 5462 5461

# obj1116
v 453.28988647 486.76205444 169.19291687
v 465.12841797 530.65606689 169.19290161
v 446.68258667 527.78442383 169.19290161
v 490.59378052 492.68365479 169.19291687
v 484.00445557 533.59472656 169.19290161
usemtl Patch_3229_Mat_mat4
f 5467 5468 5469
usemtl Patch_3230_Mat_mat4
f 5468 5467 5470
usemtl Patch_3231_Mat_mat4
f 5468 5470 5471

# obj1117
v 546.43719482 496.38671875 209.05511475
v 559.4487915 387.00790405 166.92913818
v 559.4487915 387.00790405 209.05513
v 546.43719482 496.38671875 166.92913818
usemtl Patch_3232_Mat_mat5
f 5472 5473 5474
usemtl Patch_3233_Mat_mat5
f 5473 5472 5475

# obj1118
v 465.12841797 530.65606689 173.37597656
v 477.41513062 574.5057373 173.3759613
v 458.75418091 571.60058594 173.3759613
v 484.00445557 533.59472656 173.37597656
usemtl Patch_3234_Mat_mat1
f 5476 5477 5478
usemtl Patch_3235_Mat_mat1
f 5477 5476 5479

# obj1119
v 484.00445557 533.59472656 173.37597656
v 465.12841797 530.65606689 169.19290161
v 484.00445557 533.59472656 169.19290161
v 465.12841797 530.65606689 173.37597656
usemtl Patch_3236_Mat_mat1
f 5480 5481 5482
usemtl Patch_3237_Mat_mat1
f 5481 5480 5483

# obj1120
v 465.12841797 530.65606689 173.37597656
v 458.75418091 571.60058594 169.19290161
v 465.12841797 530.65606689 169.19290161
v 458.75418091 571.60058594 173.3759613
usemtl Patch_3238_Mat_mat1
f 5484 5485 5486
usemtl Patch_3239_Mat_mat1
f 5485 5484 5487

# obj1121
v 428.04641724 524.72564697 165.00984192
v 440.0932312 568.69543457 165.00982666
v 421.43231201 565.79034424 165.00982666
v 446.69155884 527.72875977 165.00984192
usemtl Patch_3240_Mat_mat1
f 5488 5489 5490
usemtl Patch_3241_Mat_mat1
f 5489 5488 5491

# obj1122
v 446.69155884 527.72875977 165.00984192
v 428.04641724 524.72564697 160.82678223
v 446.69155884 527.72875977 160.82678223
v 428.04641724 524.72564697 165.00984192
usemtl Patch_3242_Mat_mat1
f 5492 5493 5494
usemtl Patch_3243_Mat_mat1
f 5493 5492 5495

# obj1123
v 428.04641724 524.72564697 165.00984192
v 421.43231201 565.79034424 160.82676697
v 428.04641724 524.72564697 160.82678223
v 421.43231201 565.79034424 165.00982666
usemtl Patch_3244_Mat_mat1
f 5496 5497 5498
usemtl Patch_3245_Mat_mat1
f 5497 5496 5499

# obj1124
v 304.0743103 463.07568359 135.7283783
v 315.87561035 507.19213867 135.7283783
v 297.44665527 504.22384644 135.7283783
v 341.37820435 468.99728394 135.7283783
v 334.75289917 510.13095093 135.7283783
usemtl Patch_3246_Mat_mat4
f 5500 5501 5502
usemtl Patch_3247_Mat_mat4
f 5501 5500 5503
usemtl Patch_3248_Mat_mat4
f 5501 5503 5504

# obj1125
v 266.77041626 457.15408325 127.36225128
v 278.57785034 501.22692871 127.36224365
v 260.14974976 498.25875854 127.36224365
v 304.0743103 463.07568359 127.36225128
v 297.44003296 504.26501465 127.36224365
usemtl Patch_3249_Mat_mat4
f 5505 5506 5507
usemtl Patch_3250_Mat_mat4
f 5506 5505 5508
usemtl Patch_3251_Mat_mat4
f 5506 5508 5509

# obj1126
v 229.46652222 451.23248291 118.99611664
v 241.2646637 495.3609314 118.99610901
v 222.83686829 492.39279175 118.99610901
v 266.77041626 457.15408325 118.99611664
v 260.12713623 498.39907837 118.99610901
usemtl Patch_3252_Mat_mat4
f 5510 5511 5512
usemtl Patch_3253_Mat_mat4
f 5511 5510 5513
usemtl Patch_3254_Mat_mat4
f 5511 5513 5514

# obj1127
v 154.85874939 439.38931274 102.26384735
v 166.63825989 483.62893677 102.26383972
v 148.21110535 480.66085815 102.26383972
v 192.16262817 445.31088257 102.26384735
v 185.50137329 486.66720581 102.26383972
usemtl Patch_3255_Mat_mat4
f 5515 5516 5517
usemtl Patch_3256_Mat_mat4
f 5516 5515 5518
usemtl Patch_3257_Mat_mat4
f 5516 5518 5519

# obj1128
v 80.25095367 427.54611206 85.53157806
v 92.01185608 471.89694214 85.53157806
v 73.58534241 468.92895508 85.53157806
v 117.55484772 433.4677124 85.53157806
v 110.87560272 474.93533325 85.53157806
usemtl Patch_3258_Mat_mat4
f 5520 5521 5522
usemtl Patch_3259_Mat_mat4
f 5521 5520 5523
usemtl Patch_3260_Mat_mat4
f 5521 5523 5524

# obj1129
v 380.31488037 50.39367294 450.39370728
v 537.79522705 79.92114258 437.40161133
v 537.79522705 79.92114258 435.82678223
v 380.31488037 50.39367294 451.96853638
usemtl Patch_3261_Mat_mat5
f 5525 5526 5527
usemtl Patch_3262_Mat_mat5
f 5526 5525 5528

# obj1130
v 821.54193115 82.67709351 433.27664185
v 833.74682617 -0 463.98535156
v 821.54193115 -0 433.27664185
v 833.74682617 60.23617935 463.98535156
usemtl Patch_3263_Mat_mat5
f 5529 5530 5531
usemtl Patch_3264_Mat_mat5
f 5530 5529 5532

# obj1131
v 833.74682617 -0 463.98535156
v 832.28338623 60.23617935 464.56698608
v 832.28338623 -0 464.56698608
v 833.74682617 60.23617935 463.98535156
usemtl Patch_3265_Mat_mat5
f 5533 5534 5535
usemtl Patch_3266_Mat_mat5
f 5534 5533 5536

# obj1132
v 378.74893188 50.39367294 450.56030273
v 380.31488037 50.39367294 451.96853638
v 380.31488037 50.39367294 450.39370728
v 378.74893188 50.39367294 452.13510132
usemtl Patch_3267_Mat_mat5
f 5537 5538 5539
usemtl Patch_3268_Mat_mat5
f 5538 5537 5540

# obj1133
v 378.74893188 50.39367294 450.56030273
v 376.78036499 -0 432.05639648
v 378.74893188 -0 450.56030273
v 376.78036499 68.89762115 432.05639648
usemtl Patch_3269_Mat_mat5
f 5541 5542 5543
usemtl Patch_3270_Mat_mat5
f 5542 5541 5544

# obj1134
v 376.78036499 68.89762115 432.05639648
v 380.31488037 50.39367294 450.39370728
v 378.34631348 68.89762115 431.88980103
v 378.74893188 50.39367294 450.56030273
usemtl Patch_3271_Mat_mat5
f 5545 5546 5547
usemtl Patch_3272_Mat_mat5
f 5546 5545 5548

# obj1135
v 378.34631348 68.89762115 431.88980103
v 380.31488037 -0 450.39370728
v 378.34631348 -0 431.88980103
v 380.31488037 50.39367294 450.39370728
usemtl Patch_3273_Mat_mat5
f 5549 5550 5551
usemtl Patch_3274_Mat_mat5
f 5550 5549 5552

# obj1136
v 537.79522705 -0 437.40161133
v 380.31488037 50.39367294 451.96853638
v 380.31488037 -0 451.96853638
v 537.79522705 79.92114258 437.40161133
usemtl Patch_3275_Mat_mat5
f 5553 5554 5555
usemtl Patch_3276_Mat_mat5
f 5554 5553 5556

# obj1137
v 537.79522705 79.92114258 435.82678223
v 539.35784912 -0 435.6282959
v 537.79522705 -0 435.82678223
v 539.35784912 79.92114258 435.6282959
usemtl Patch_3277_Mat_mat5
f 5557 5558 5559
usemtl Patch_3278_Mat_mat5
f 5558 5557 5560

# obj1138
v 690.43841553 83.07078552 447.63781738
v 690.43841553 -0 448.62780762
v 690.43841553 -0 447.63781738
v 690.43841553 83.07078552 448.62780762
usemtl Patch_3279_Mat_mat5
f 5561 5562 5563
usemtl Patch_3280_Mat_mat5
f 5562 5561 5564

# obj1139
v 688.97619629 83.07078552 447.63781738
v 690.43841553 -0 447.63781738
v 688.97619629 -0 447.63781738
v 690.43841553 83.07078552 447.63781738
usemtl Patch_3281_Mat_mat5
f 5565 5566 5567
usemtl Patch_3282_Mat_mat5
f 5566 5565 5568

# obj1140
v 380.31488037 50.39367294 450.39370728
v 537.79522705 -0 435.82678223
v 380.31488037 -0 450.39370728
v 537.79522705 79.92114258 435.82678223
usemtl Patch_3283_Mat_mat5
f 5569 5570 5571
usemtl Patch_3284_Mat_mat5
f 5570 5569 5572

# obj1141
v 181.17170715 252.7024231 413.38586426
v 213.67866516 249.28085327 413.77957153
v 213.67866516 249.28085327 412.20477295
v 181.17170715 252.7024231 414.96066284
usemtl Patch_3285_Mat_mat5
f 5573 5574 5575
usemtl Patch_3286_Mat_mat5
f 5574 5573 5576

# obj1142
v 691.33850098 77.55905914 455.11813354
v 688.97619629 -0 449.21261597
v 691.33850098 -0 455.11813354
v 688.97619629 83.07078552 449.21261597
usemtl Patch_3287_Mat_mat5
f 5577 5578 5579
usemtl Patch_3288_Mat_mat5
f 5578 5577 5580

# obj1143
v 820.07849121 82.67709351 433.85827637
v 833.74682617 60.23617935 463.98535156
v 821.54193115 82.67709351 433.27664185
v 832.28338623 60.23617935 464.56698608
usemtl Patch_3289_Mat_mat5
f 5581 5582 5583
usemtl Patch_3290_Mat_mat5
f 5582 5581 5584

# obj1144
v 66.96375275 220.30288696 418.56225586
v 68.53531647 220.38525391 420.07876587
v 68.53531647 220.38525391 418.50396729
v 66.96375275 220.30288696 420.07876587
usemtl Patch_3291_Mat_mat5
f 5585 5586 5587
usemtl Patch_3292_Mat_mat5
f 5586 5585 5588

# obj1145
v -227.55900574 100.39373016 388.18899536
v -75.48192596 230.18421936 388.18899536
v -233.20466614 208.11988831 388.18899536
v -68.39394379 94.93677521 388.18899536
usemtl Patch_3293_Mat_mat5
f 5589 5590 5591
usemtl Patch_3294_Mat_mat5
f 5590 5589 5592

# obj1146
v 213.67866516 249.28085327 412.20477295
v 225.37046814 251.86483765 412.99215698
v 225.37046814 251.86483765 411.4173584
v 213.67866516 249.28085327 413.77957153
usemtl Patch_3295_Mat_mat5
f 5593 5594 5595
usemtl Patch_3296_Mat_mat5
f 5594 5593 5596

# obj1147
v 189.20747375 99.36952209 414.96066284
v 156.97981262 105.05738068 414.81521606
v 189.20747375 99.36952209 413.38586426
v 73.81014252 119.73597717 418.50396729
v 73.81014252 119.73597717 420.07876587
usemtl Patch_3297_Mat_mat5
f 5597 5598 5599
usemtl Patch_3298_Mat_mat5
f 5598 5597 5600
usemtl Patch_3299_Mat_mat5
f 5600 5597 5601

# obj1148
v 72.23857117 119.65361786 418.56225586
v 65.91131592 232.86349487 407.93231201
v 72.50482941 107.05183411 407.93231201
v 66.96375275 220.30288696 418.56225586
usemtl Patch_3300_Mat_mat5
f 5602 5603 5604
usemtl Patch_3301_Mat_mat5
f 5603 5602 5605

# obj1149
v 72.23857117 119.65361786 420.07876587
v 68.53531647 220.38525391 420.07876587
v 66.96375275 220.30288696 420.07876587
v 73.81014252 119.73597717 420.07876587
usemtl Patch_3302_Mat_mat5
f 5606 5607 5608
usemtl Patch_3303_Mat_mat5
f 5607 5606 5609

# obj1150
v 67.48288727 232.94586182 407.87402344
v 73.81014252 119.73597717 418.50396729
v 74.07640076 107.13419342 407.87402344
v 68.53531647 220.38525391 418.50396729
usemtl Patch_3304_Mat_mat5
f 5610 5611 5612
usemtl Patch_3305_Mat_mat5
f 5611 5610 5613

# obj1151
v -77.07588196 111.59265137 403.93704224
v 30.40928078 242.20013428 402.36224365
v -82.35068512 212.24189758 403.93704224
v -6.20982409 100.52230835 402.96893311
v 38.19785309 93.5851593 402.36224365
usemtl Patch_3306_Mat_mat5
f 5614 5615 5616
usemtl Patch_3307_Mat_mat5
f 5615 5614 5617
usemtl Patch_3308_Mat_mat5
f 5615 5617 5618

# obj1152
v 189.20747375 99.36952209 414.96066284
v 213.67866516 249.28085327 413.77957153
v 181.17170715 252.7024231 414.96066284
v 199.6269989 101.58588409 414.57574463
v 221.17868042 106.17019653 413.77957153
usemtl Patch_3309_Mat_mat5
f 5619 5620 5621
usemtl Patch_3310_Mat_mat5
f 5620 5619 5622
usemtl Patch_3311_Mat_mat5
f 5620 5622 5623

# obj1153
v 181.17170715 252.7024231 413.38586426
v 73.81014252 119.73597717 418.50396729
v 68.53531647 220.38525391 418.50396729
v 156.97981262 105.05738068 414.81521606
v 189.20747375 99.36952209 413.38586426
usemtl Patch_3312_Mat_mat5
f 5624 5625 5626
usemtl Patch_3313_Mat_mat5
f 5625 5624 5627
usemtl Patch_3314_Mat_mat5
f 5627 5624 5628

# obj1154
v 821.54193115 82.67709351 431.70184326
v 821.54193115 -0 433.27664185
v 821.54193115 -0 431.70184326
v 821.54193115 82.67709351 433.27664185
usemtl Patch_3315_Mat_mat5
f 5629 5630 5631
usemtl Patch_3316_Mat_mat5
f 5630 5629 5632

# obj1155
v -233.20466614 208.11988831 388.18899536
v -75.48192596 230.18421936 386.61419678
v -233.20466614 208.11988831 386.61419678
v -75.48192596 230.18421936 388.18899536
usemtl Patch_3317_Mat_mat5
f 5633 5634 5635
usemtl Patch_3318_Mat_mat5
f 5634 5633 5636

# obj1156
v 213.67866516 249.28085327 412.20477295
v 189.20747375 99.36952209 413.38586426
v 181.17170715 252.7024231 413.38586426
v 199.6269989 101.58588409 413.00094604
v 221.17868042 106.17019653 412.20477295
usemtl Patch_3319_Mat_mat5
f 5637 5638 5639
usemtl Patch_3320_Mat_mat5
f 5638 5637 5640
usemtl Patch_3321_Mat_mat5
f 5640 5637 5641

# obj1157
v 688.97619629 83.07078552 449.21261597
v 690.43841553 83.07078552 447.63781738
v 688.97619629 83.07078552 447.63781738
v 690.43841553 83.07078552 448.62780762
usemtl Patch_3322_Mat_mat5
f 5642 5643 5644
usemtl Patch_3323_Mat_mat5
f 5643 5642 5645

# obj1158
v 233.07661438 104.82254791 412.99215698
v 221.17868042 106.17019653 412.20477295
v 233.07661438 104.82254791 411.4173584
v 221.17868042 106.17019653 413.77957153
usemtl Patch_3324_Mat_mat5
f 5646 5647 5648
usemtl Patch_3325_Mat_mat5
f 5647 5646 5649

# obj1159
v -75.48192596 230.18421936 394.48822021
v -73.90927887 230.26663208 388.18899536
v -75.48192596 230.18421936 388.18899536
v -73.90927887 230.26663208 394.48822021
usemtl Patch_3326_Mat_mat5
f 5650 5651 5652
usemtl Patch_3327_Mat_mat5
f 5651 5650 5653

# obj1160
v -73.90927887 230.26663208 386.61419678
v -66.82129669 95.01918793 394.48822021
v -66.82129669 95.01918793 386.61419678
v -66.83696747 95.31821442 394.48822021
v -73.90927887 230.26663208 388.18899536
v -73.90927887 230.26663208 394.48822021
usemtl Patch_3328_Mat_mat5
f 5654 5655 5656
usemtl Patch_3329_Mat_mat5
f 5655 5654 5657
usemtl Patch_3330_Mat_mat5
f 5657 5654 5658
usemtl Patch_3331_Mat_mat5
f 5659 5657 5658

# obj1161
v -75.48192596 230.18421936 388.18899536
v -73.90927887 230.26663208 386.61419678
v -75.48192596 230.18421936 386.61419678
v -73.90927887 230.26663208 388.18899536
usemtl Patch_3332_Mat_mat5
f 5660 5661 5662
usemtl Patch_3333_Mat_mat5
f 5661 5660 5663

# obj1162
v 221.17868042 106.17019653 413.77957153
v 225.37046814 251.86483765 412.99215698
v 213.67866516 249.28085327 413.77957153
v 233.07661438 104.82254791 412.99215698
usemtl Patch_3334_Mat_mat5
f 5664 5665 5666
usemtl Patch_3335_Mat_mat5
f 5665 5664 5667

# obj1163
v 68.53531647 220.38525391 418.50396729
v 181.17170715 252.7024231 414.96066284
v 181.17170715 252.7024231 413.38586426
v 68.53531647 220.38525391 420.07876587
usemtl Patch_3336_Mat_mat5
f 5668 5669 5670
usemtl Patch_3337_Mat_mat5
f 5669 5668 5671

# obj1164
v 692.1260376 50.39367676 483.07089233
v 820.07849121 82.67709351 433.85827637
v 820.07849121 82.67709351 432.28347778
v 692.1260376 50.39367676 484.64569092
usemtl Patch_3338_Mat_mat5
f 5672 5673 5674
usemtl Patch_3339_Mat_mat5
f 5673 5672 5675

# obj1165
v 820.07849121 82.67709351 432.28347778
v 821.54193115 -0 431.70184326
v 820.07849121 -0 432.28347778
v 821.54193115 82.67709351 431.70184326
usemtl Patch_3340_Mat_mat5
f 5676 5677 5678
usemtl Patch_3341_Mat_mat5
f 5677 5676 5679

# obj1166
v 72.50482941 107.05183411 407.93231201
v 73.81014252 119.73597717 418.50396729
v 72.23857117 119.65361786 418.56225586
v 74.07640076 107.13419342 407.87402344
usemtl Patch_3342_Mat_mat5
f 5680 5681 5682
usemtl Patch_3343_Mat_mat5
f 5681 5680 5683

# obj1167
v 73.81014252 119.73597717 420.07876587
v 72.23857117 119.65361786 418.56225586
v 73.81014252 119.73597717 418.50396729
v 72.23857117 119.65361786 420.07876587
usemtl Patch_3344_Mat_mat5
f 5684 5685 5686
usemtl Patch_3345_Mat_mat5
f 5685 5684 5687

# obj1168
v -66.82129669 95.01918793 394.48822021
v -68.39394379 94.93677521 386.61419678
v -66.82129669 95.01918793 386.61419678
v -68.39394379 94.93677521 388.18899536
v -68.39394379 94.93677521 394.48822021
usemtl Patch_3346_Mat_mat5
f 5688 5689 5690
usemtl Patch_3347_Mat_mat5
f 5689 5688 5691
usemtl Patch_3348_Mat_mat5
f 5691 5688 5692

# obj1169
v -68.39394379 94.93677521 388.18899536
v -227.55900574 100.39373016 386.61419678
v -68.39394379 94.93677521 386.61419678
v -227.55900574 100.39373016 388.18899536
usemtl Patch_3349_Mat_mat5
f 5693 5694 5695
usemtl Patch_3350_Mat_mat5
f 5694 5693 5696

# obj1170
v 688.97619629 83.07078552 449.21261597
v 692.80065918 77.55905914 454.53329468
v 690.43841553 83.07078552 448.62780762
v 691.33850098 77.55905914 455.11813354
usemtl Patch_3351_Mat_mat5
f 5697 5698 5699
usemtl Patch_3352_Mat_mat5
f 5698 5697 5700

# obj1171
v -233.20466614 208.11988831 388.18899536
v -227.55900574 100.39373016 386.61419678
v -227.55900574 100.39373016 388.18899536
v -233.20466614 208.11988831 386.61419678
usemtl Patch_3353_Mat_mat5
f 5701 5702 5703
usemtl Patch_3354_Mat_mat5
f 5702 5701 5704

# obj1172
v 820.07849121 82.67709351 432.28347778
v 821.54193115 82.67709351 433.27664185
v 821.54193115 82.67709351 431.70184326
v 820.07849121 82.67709351 433.85827637
usemtl Patch_3355_Mat_mat5
f 5705 5706 5707
usemtl Patch_3356_Mat_mat5
f 5706 5705 5708

# obj1173
v -68.40961456 95.23579407 394.48822021
v -68.39394379 94.93677521 388.18899536
v -68.39394379 94.93677521 394.48822021
v -75.48192596 230.18421936 388.18899536
v -75.48192596 230.18421936 394.48822021
usemtl Patch_3357_Mat_mat5
f 5709 5710 5711
usemtl Patch_3358_Mat_mat5
f 5710 5709 5712
usemtl Patch_3359_Mat_mat5
f 5712 5709 5713

# obj1174
v 66.96375275 220.30288696 418.56225586
v 67.48288727 232.94586182 407.87402344
v 65.91131592 232.86349487 407.93231201
v 68.53531647 220.38525391 418.50396729
usemtl Patch_3360_Mat_mat5
f 5714 5715 5716
usemtl Patch_3361_Mat_mat5
f 5715 5714 5717

# obj1175
v 67.48288727 232.94586182 407.87402344
v 72.50482941 107.05183411 407.93231201
v 65.91131592 232.86349487 407.93231201
v 74.07640076 107.13419342 407.87402344
usemtl Patch_3362_Mat_mat5
f 5718 5719 5720
usemtl Patch_3363_Mat_mat5
f 5719 5718 5721

# obj1176
v -68.40961456 95.23579407 394.48822021
v -73.90927887 230.26663208 394.48822021
v -75.48192596 230.18421936 394.48822021
v -66.83696747 95.31821442 394.48822021
usemtl Patch_3364_Mat_mat5
f 5722 5723 5724
usemtl Patch_3365_Mat_mat5
f 5723 5722 5725

# obj1177
v -68.39394379 94.93677521 394.48822021
v -66.83696747 95.31821442 394.48822021
v -68.40961456 95.23579407 394.48822021
v -66.82129669 95.01918793 394.48822021
usemtl Patch_3366_Mat_mat5
f 5726 5727 5728
usemtl Patch_3367_Mat_mat5
f 5727 5726 5729

# obj1178
v -82.35068512 212.24189758 403.93704224
v -77.07588196 111.59265137 402.36224365
v -77.07588196 111.59265137 403.93704224
v -82.35068512 212.24189758 402.36224365
usemtl Patch_3368_Mat_mat5
f 5730 5731 5732
usemtl Patch_3369_Mat_mat5
f 5731 5730 5733

# obj1179
v 30.40928078 242.20013428 400.78744507
v -77.07588196 111.59265137 402.36224365
v -82.35068512 212.24189758 402.36224365
v -6.20982409 100.52230835 401.39413452
v 38.19785309 93.5851593 400.78744507
usemtl Patch_3370_Mat_mat5
f 5734 5735 5736
usemtl Patch_3371_Mat_mat5
f 5735 5734 5737
usemtl Patch_3372_Mat_mat5
f 5737 5734 5738

# obj1180
v -82.35068512 212.24189758 402.36224365
v 30.40928078 242.20013428 402.36224365
v 30.40928078 242.20013428 400.78744507
v -82.35068512 212.24189758 403.93704224
usemtl Patch_3373_Mat_mat5
f 5739 5740 5741
usemtl Patch_3374_Mat_mat5
f 5740 5739 5742

# obj1181
v 72.23857117 119.65361786 420.07876587
v 66.96375275 220.30288696 418.56225586
v 72.23857117 119.65361786 418.56225586
v 66.96375275 220.30288696 420.07876587
usemtl Patch_3375_Mat_mat5
f 5743 5744 5745
usemtl Patch_3376_Mat_mat5
f 5744 5743 5746

# obj1182
v 73.81014252 119.73597717 420.07876587
v 181.17170715 252.7024231 414.96066284
v 68.53531647 220.38525391 420.07876587
v 189.20747375 99.36952209 414.96066284
usemtl Patch_3377_Mat_mat5
f 5747 5748 5749
usemtl Patch_3378_Mat_mat5
f 5748 5747 5750

# obj1183
v 221.17868042 106.17019653 413.77957153
v 199.6269989 101.58588409 413.00094604
v 221.17868042 106.17019653 412.20477295
v 189.20747375 99.36952209 413.38586426
v 199.6269989 101.58588409 414.57574463
v 189.20747375 99.36952209 414.96066284
usemtl Patch_3379_Mat_mat5
f 5751 5752 5753
usemtl Patch_3380_Mat_mat5
f 5752 5751 5754
usemtl Patch_3381_Mat_mat5
f 5754 5751 5755
usemtl Patch_3382_Mat_mat5
f 5754 5755 5756

# obj1184
v -75.48192596 230.18421936 386.61419678
v -227.55900574 100.39373016 386.61419678
v -233.20466614 208.11988831 386.61419678
v -68.39394379 94.93677521 386.61419678
v -73.90927887 230.26663208 386.61419678
v -66.82129669 95.01918793 386.61419678
usemtl Patch_3383_Mat_mat5
f 5757 5758 5759
usemtl Patch_3384_Mat_mat5
f 5758 5757 5760
usemtl Patch_3385_Mat_mat5
f 5760 5757 5761
usemtl Patch_3386_Mat_mat5
f 5760 5761 5762

# obj1185
v 673.51251221 276.53366089 458.26776123
v 679.89678955 127.05664062 458.88812256
v 672.0670166 276.45791626 458.88812256
v 681.34228516 127.13240051 458.26776123
usemtl Patch_3387_Mat_mat5
f 5763 5764 5765
usemtl Patch_3388_Mat_mat5
f 5764 5763 5766

# obj1186
v 811.49291992 291.64968872 432.28347778
v 812.9543457 291.72628784 433.27664185
v 812.9543457 291.72628784 431.70184326
v 811.49291992 291.64968872 433.85827637
usemtl Patch_3389_Mat_mat5
f 5767 5768 5769
usemtl Patch_3390_Mat_mat5
f 5768 5767 5770

# obj1187
v 683.9598999 252.63825989 483.69122314
v 685.40539551 252.71401978 484.64569092
v 685.40539551 252.71401978 483.07089233
v 684.52929688 252.66810608 485.02166748
usemtl Patch_3391_Mat_mat5
f 5771 5772 5773
usemtl Patch_3392_Mat_mat5
f 5772 5771 5774

# obj1188
v 685.40539551 252.71401978 483.07089233
v 811.49291992 291.64968872 433.85827637
v 811.49291992 291.64968872 432.28347778
v 685.40539551 252.71401978 484.64569092
usemtl Patch_3393_Mat_mat5
f 5775 5776 5777
usemtl Patch_3394_Mat_mat5
f 5776 5775 5778

# obj1189
v 821.60858154 126.59863281 433.27664185
v 820.14715576 126.52204132 432.28347778
v 821.60858154 126.59863281 431.70184326
v 820.14715576 126.52204132 433.85827637
usemtl Patch_3395_Mat_mat5
f 5779 5780 5781
usemtl Patch_3396_Mat_mat5
f 5780 5779 5782

# obj1190
v 831.16052246 149.57096863 464.56698608
v 826.3170166 269.95489502 463.98535156
v 824.85552979 269.8782959 464.56698608
v 832.62200928 149.64755249 463.98535156
usemtl Patch_3397_Mat_mat5
f 5783 5784 5785
usemtl Patch_3398_Mat_mat5
f 5784 5783 5786

# obj1191
v 832.62200928 149.64755249 463.98535156
v 820.14715576 126.52204132 433.85827637
v 821.60858154 126.59863281 433.27664185
v 831.16052246 149.57096863 464.56698608
usemtl Patch_3399_Mat_mat5
f 5787 5788 5789
usemtl Patch_3400_Mat_mat5
f 5788 5787 5790

# obj1192
v 831.87890625 301.12405396 433.68225098
v 781.04486084 249.92781067 500.76586914
v 780.68389893 297.21420288 428.98791504
v 835.06481934 253.57199097 506.44924927
usemtl Patch_3401_Mat_mat0
f 5791 5792 5793
usemtl Patch_3402_Mat_mat0
f 5792 5791 5794

# obj1193
v 880.66796875 319.33795166 456.3727417
v 833.36706543 277.58822632 506.31713867
v 830.82781982 315.34237671 452.60494995
v 879.13336182 280.29660034 511.13140869
usemtl Patch_3403_Mat_mat0
f 5795 5796 5797
usemtl Patch_3404_Mat_mat0
f 5796 5795 5798

# obj1194
v 841.15551758 146.23065186 506.88241577
v 896.87573242 106.90231323 458.24703979
v 841.85253906 105.44908905 453.96472168
v 889.21746826 148.51220703 511.93710327
usemtl Patch_3405_Mat_mat0
f 5799 5800 5801
usemtl Patch_3406_Mat_mat0
f 5800 5799 5802

# obj1195
v 842.07745361 91.43400574 434.12927246
v 843.41326904 67.24938965 506.96743774
v 844.11090088 42.84589386 506.99371338
v 841.85253906 105.44908905 453.96472168
v 841.29003906 118.99307251 434.14224243
v 841.15551758 146.23065186 506.88241577
v 840.54943848 167.43385315 506.85958862
usemtl Patch_3407_Mat_mat0
f 5803 5804 5805
usemtl Patch_3408_Mat_mat0
f 5804 5803 5806
usemtl Patch_3409_Mat_mat0
f 5806 5803 5807
usemtl Patch_3410_Mat_mat0
f 5806 5807 5808
usemtl Patch_3411_Mat_mat0
f 5808 5807 5809

# obj1196
v 783.8236084 165.12620544 500.8944397
v 841.29003906 118.99307251 434.14224243
v 790.0380249 117.81855011 430.12008667
v 840.54943848 167.43385315 506.85958862
usemtl Patch_3412_Mat_mat0
f 5810 5811 5812
usemtl Patch_3413_Mat_mat0
f 5811 5810 5813

# obj1197
v 784.46807861 142.59481812 500.91876221
v -207.52603149 77.73378754 372.29418945
v -231.09983826 101.57485962 394.12503052
usemtl Patch_3414_Mat_mat0
f 5814 5815 5816

# obj1198
v 786.63977051 66.66648102 501.00064087
v 790.82800293 90.25955963 430.12472534
v 787.32904053 42.5683136 501.02661133
v 789.07794189 104.05525208 449.85742188
v 790.0380249 117.81855011 430.12008667
v 784.46807861 142.59481812 500.91876221
v 783.8236084 165.12620544 500.8944397
usemtl Patch_3415_Mat_mat0
f 5817 5818 5819
usemtl Patch_3416_Mat_mat0
f 5818 5817 5820
usemtl Patch_3417_Mat_mat0
f 5818 5820 5821
usemtl Patch_3418_Mat_mat0
f 5821 5820 5822
usemtl Patch_3419_Mat_mat0
f 5821 5822 5823

# obj1199
v -268.5039978 198.0315094 0
v -231.09983826 101.57485962 394.12503052
v -263.77954102 100.78739929 0
v -236.2739563 207.49452209 393.78543091
v -267.86090088 198.24906921 7.87401772
v -268.26828003 206.63421631 7.87401772
usemtl Patch_3420_Mat_mat0
f 5824 5825 5826
usemtl Patch_3421_Mat_mat0
f 5825 5824 5827
usemtl Patch_3422_Mat_mat0
f 5827 5824 5828
usemtl Patch_3423_Mat_mat0
f 5827 5828 5829

# obj1200
v 879.13336182 280.29660034 511.13140869
v 835.06481934 253.57199097 506.44924927
v 833.36706543 277.58822632 506.31713867
v 840.54943848 167.43385315 506.85958862
v 841.15551758 146.23065186 506.88241577
v 889.21746826 148.51220703 511.93710327
v 783.8236084 165.12620544 500.8944397
v 781.04486084 249.92781067 500.76586914
v 779.51226807 271.41925049 500.64624023
v -231.09983826 101.57485962 394.12503052
v -236.2739563 207.49452209 393.78543091
v 784.46807861 142.59481812 500.91876221
usemtl Patch_3424_Mat_mat0
f 5830 5831 5832
usemtl Patch_3425_Mat_mat0
f 5831 5830 5833
usemtl Patch_3426_Mat_mat0
f 5833 5830 5834
usemtl Patch_3427_Mat_mat0
f 5834 5830 5835
usemtl Patch_3428_Mat_mat0
f 5831 5836 5837
usemtl Patch_3429_Mat_mat0
f 5836 5831 5833
usemtl Patch_3430_Mat_mat0
f 5838 5839 5840
usemtl Patch_3431_Mat_mat0
f 5839 5838 5841
usemtl Patch_3432_Mat_mat0
f 5841 5838 5837
usemtl Patch_3433_Mat_mat0
f 5841 5837 5836

# obj1201
v 779.51226807 271.41925049 500.64624023
v -236.2739563 207.49452209 393.78543091
v -217.35827637 231.3117218 373.36453247
usemtl Patch_3434_Mat_mat0
f 5842 5843 5844

# obj1202
v 800.65148926 500.29837036 431.70184326
v 818.5098877 335.91125488 433.27664185
v 818.5098877 335.91125488 431.70184326
v 800.65148926 500.29837036 433.27664185
usemtl Patch_3435_Mat_mat5
f 5845 5846 5847
usemtl Patch_3436_Mat_mat5
f 5846 5845 5848

# obj1203
v 779.51226807 271.41925049 500.64624023
v -217.35827637 231.3117218 373.36453247
v 778.85601807 311.17590332 448.67599487
usemtl Patch_3437_Mat_mat0
f 5849 5850 5851

# obj1204
v 800.65148926 500.29837036 431.70184326
v 817.05499268 335.75320435 432.28347778
v 799.19659424 500.14028931 432.28347778
v 818.5098877 335.91125488 431.70184326
usemtl Patch_3438_Mat_mat5
f 5852 5853 5854
usemtl Patch_3439_Mat_mat5
f 5853 5852 5855

# obj1205
v 828.21948242 359.53903198 463.98535156
v 817.05499268 335.75320435 433.85827637
v 818.5098877 335.91125488 433.27664185
v 826.7645874 359.38098145 464.56698608
usemtl Patch_3440_Mat_mat5
f 5856 5857 5858
usemtl Patch_3441_Mat_mat5
f 5857 5856 5859

# obj1206
v 799.19659424 500.14028931 433.85827637
v 815.20861816 479.30682373 463.98535156
v 800.65148926 500.29837036 433.27664185
v 813.75372314 479.14877319 464.56698608
usemtl Patch_3442_Mat_mat5
f 5860 5861 5862
usemtl Patch_3443_Mat_mat5
f 5861 5860 5863

# obj1207
v 826.7645874 359.38098145 464.56698608
v 815.20861816 479.30682373 463.98535156
v 813.75372314 479.14877319 464.56698608
v 828.21948242 359.53903198 463.98535156
usemtl Patch_3444_Mat_mat5
f 5864 5865 5866
usemtl Patch_3445_Mat_mat5
f 5865 5864 5867

# obj1208
v 685.49194336 353.93432617 485.02166748
v 674.0401001 454.07061768 483.69122314
v 684.92504883 353.8727417 483.69122314
v 674.60699463 454.13217163 485.02166748
usemtl Patch_3446_Mat_mat5
f 5868 5869 5870
usemtl Patch_3447_Mat_mat5
f 5869 5868 5871

# obj1209
v 685.49194336 353.93432617 485.02166748
v 675.47912598 454.22692871 484.64569092
v 674.60699463 454.13217163 485.02166748
v 686.36407471 354.02905273 484.64569092
usemtl Patch_3448_Mat_mat5
f 5872 5873 5874
usemtl Patch_3449_Mat_mat5
f 5873 5872 5875

# obj1210
v 818.5098877 335.91125488 433.27664185
v 817.05499268 335.75320435 432.28347778
v 818.5098877 335.91125488 431.70184326
v 817.05499268 335.75320435 433.85827637
usemtl Patch_3450_Mat_mat5
f 5876 5877 5878
usemtl Patch_3451_Mat_mat5
f 5877 5876 5879

# obj1211
v 817.05499268 335.75320435 433.85827637
v 686.36407471 354.02905273 483.07089233
v 817.05499268 335.75320435 432.28347778
v 686.36407471 354.02905273 484.64569092
usemtl Patch_3452_Mat_mat5
f 5880 5881 5882
usemtl Patch_3453_Mat_mat5
f 5881 5880 5883

# obj1212
v 660.83618164 477.1892395 458.88812256
v 675.47912598 454.22692871 483.07089233
v 662.27514648 477.34558105 458.26776123
v 674.0401001 454.07061768 483.69122314
usemtl Patch_3454_Mat_mat5
f 5884 5885 5886
usemtl Patch_3455_Mat_mat5
f 5885 5884 5887

# obj1213
v 686.36407471 354.02905273 484.64569092
v 684.92504883 353.8727417 483.69122314
v 686.36407471 354.02905273 483.07089233
v 685.49194336 353.93432617 485.02166748
usemtl Patch_3456_Mat_mat5
f 5888 5889 5890
usemtl Patch_3457_Mat_mat5
f 5889 5888 5891

# obj1214
v 662.27514648 477.34558105 458.26776123
v 676.99353027 328.45797729 458.88812256
v 660.83618164 477.1892395 458.88812256
v 678.43249512 328.61431885 458.26776123
usemtl Patch_3458_Mat_mat5
f 5892 5893 5894
usemtl Patch_3459_Mat_mat5
f 5893 5892 5895

# obj1215
v 686.36407471 354.02905273 483.07089233
v 676.99353027 328.45797729 458.88812256
v 678.43249512 328.61431885 458.26776123
v 684.92504883 353.8727417 483.69122314
usemtl Patch_3460_Mat_mat5
f 5896 5897 5898
usemtl Patch_3461_Mat_mat5
f 5897 5896 5899

# obj1216
v 674.0401001 454.07061768 483.69122314
v 675.47912598 454.22692871 484.64569092
v 675.47912598 454.22692871 483.07089233
v 674.60699463 454.13217163 485.02166748
usemtl Patch_3462_Mat_mat5
f 5900 5901 5902
usemtl Patch_3463_Mat_mat5
f 5901 5900 5903

# obj1217
v 799.19659424 500.14028931 432.28347778
v 800.65148926 500.29837036 433.27664185
v 800.65148926 500.29837036 431.70184326
v 799.19659424 500.14028931 433.85827637
usemtl Patch_3464_Mat_mat5
f 5904 5905 5906
usemtl Patch_3465_Mat_mat5
f 5905 5904 5907

# obj1218
v 675.47912598 454.22692871 483.07089233
v 799.19659424 500.14028931 433.85827637
v 799.19659424 500.14028931 432.28347778
v 675.47912598 454.22692871 484.64569092
usemtl Patch_3466_Mat_mat5
f 5908 5909 5910
usemtl Patch_3467_Mat_mat5
f 5909 5908 5911

# obj1219
v 670.27227783 486.53063965 447.63781738
v 688.21569824 321.36074829 448.62780762
v 688.21569824 321.36074829 447.63781738
v 670.27227783 486.53063965 448.62780762
usemtl Patch_3468_Mat_mat5
f 5912 5913 5914
usemtl Patch_3469_Mat_mat5
f 5913 5912 5915

# obj1220
v 668.81866455 486.3727417 449.21261597
v 670.27227783 486.53063965 447.63781738
v 668.81866455 486.3727417 447.63781738
v 670.27227783 486.53063965 448.62780762
usemtl Patch_3470_Mat_mat5
f 5916 5917 5918
usemtl Patch_3471_Mat_mat5
f 5917 5916 5919

# obj1221
v 668.81866455 486.3727417 449.21261597
v 673.21600342 481.30627441 454.53329468
v 670.27227783 486.53063965 448.62780762
v 671.7623291 481.14837646 455.11813354
usemtl Patch_3472_Mat_mat5
f 5920 5921 5922
usemtl Patch_3473_Mat_mat5
f 5921 5920 5923

# obj1222
v 688.21569824 321.36074829 448.62780762
v 686.76208496 321.20285034 447.63781738
v 688.21569824 321.36074829 447.63781738
v 686.76208496 321.20285034 449.21261597
usemtl Patch_3474_Mat_mat5
f 5924 5925 5926
usemtl Patch_3475_Mat_mat5
f 5925 5924 5927

# obj1223
v 688.51477051 326.9375 455.11813354
v 673.21600342 481.30627441 454.53329468
v 671.7623291 481.14837646 455.11813354
v 689.96844482 327.09542847 454.53329468
usemtl Patch_3476_Mat_mat5
f 5928 5929 5930
usemtl Patch_3477_Mat_mat5
f 5929 5928 5931

# obj1224
v 689.96844482 327.09542847 454.53329468
v 686.76208496 321.20285034 449.21261597
v 688.21569824 321.36074829 448.62780762
v 688.51477051 326.9375 455.11813354
usemtl Patch_3478_Mat_mat5
f 5932 5933 5934
usemtl Patch_3479_Mat_mat5
f 5933 5932 5935

# obj1225
v 526.67364502 336.68112183 468.11029053
v 668.81866455 486.3727417 449.21261597
v 515.78851318 436.8789978 468.11029053
v 686.76208496 321.20285034 449.21261597
usemtl Patch_3480_Mat_mat5
f 5936 5937 5938
usemtl Patch_3481_Mat_mat5
f 5937 5936 5939

# obj1226
v 514.23504639 436.7102356 468.30560303
v 525.12011719 336.51235962 466.73080444
v 525.12011719 336.51235962 468.30560303
v 514.23504639 436.7102356 466.73080444
usemtl Patch_3482_Mat_mat5
f 5940 5941 5942
usemtl Patch_3483_Mat_mat5
f 5941 5940 5943

# obj1227
v 525.12011719 336.51235962 468.30560303
v 515.78851318 436.8789978 468.11029053
v 514.23504639 436.7102356 468.30560303
v 526.67364502 336.68112183 468.11029053
usemtl Patch_3484_Mat_mat5
f 5944 5945 5946
usemtl Patch_3485_Mat_mat5
f 5945 5944 5947

# obj1228
v 526.67364502 336.68112183 468.11029053
v 525.12011719 336.51235962 466.73080444
v 526.67364502 336.68112183 466.53549194
v 525.12011719 336.51235962 468.30560303
usemtl Patch_3486_Mat_mat5
f 5948 5949 5950
usemtl Patch_3487_Mat_mat5
f 5949 5948 5951

# obj1229
v 526.67364502 336.68112183 466.53549194
v 524.71875 314.68783569 444.6835022
v 526.27227783 314.8565979 444.4881897
v 525.12011719 336.51235962 466.73080444
usemtl Patch_3488_Mat_mat5
f 5952 5953 5954
usemtl Patch_3489_Mat_mat5
f 5953 5952 5955

# obj1230
v 515.78851318 436.8789978 466.53549194
v 668.81866455 486.3727417 449.21261597
v 668.81866455 486.3727417 447.63781738
v 515.78851318 436.8789978 468.11029053
usemtl Patch_3490_Mat_mat5
f 5956 5957 5958
usemtl Patch_3491_Mat_mat5
f 5957 5956 5959

# obj1231
v 670.27227783 486.53063965 447.63781738
v 686.76208496 321.20285034 447.63781738
v 668.81866455 486.3727417 447.63781738
v 688.21569824 321.36074829 447.63781738
usemtl Patch_3492_Mat_mat5
f 5960 5961 5962
usemtl Patch_3493_Mat_mat5
f 5961 5960 5963

# obj1232
v 686.76208496 321.20285034 449.21261597
v 526.67364502 336.68112183 466.53549194
v 686.76208496 321.20285034 447.63781738
v 526.67364502 336.68112183 468.11029053
usemtl Patch_3494_Mat_mat5
f 5964 5965 5966
usemtl Patch_3495_Mat_mat5
f 5965 5964 5967

# obj1233
v 668.81866455 486.3727417 447.63781738
v 526.67364502 336.68112183 466.53549194
v 515.78851318 436.8789978 466.53549194
v 686.76208496 321.20285034 447.63781738
usemtl Patch_3496_Mat_mat5
f 5968 5969 5970
usemtl Patch_3497_Mat_mat5
f 5969 5968 5971

# obj1234
v 510.71032715 458.10818481 444.4881897
v 524.71875 314.68783569 444.6835022
v 509.15682983 457.93942261 444.6835022
v 526.27227783 314.8565979 444.4881897
usemtl Patch_3498_Mat_mat5
f 5972 5973 5974
usemtl Patch_3499_Mat_mat5
f 5973 5972 5975

# obj1235
v 514.23504639 436.7102356 466.73080444
v 515.78851318 436.8789978 468.11029053
v 515.78851318 436.8789978 466.53549194
v 514.23504639 436.7102356 468.30560303
usemtl Patch_3500_Mat_mat5
f 5976 5977 5978
usemtl Patch_3501_Mat_mat5
f 5977 5976 5979

# obj1236
v 509.15682983 457.93942261 444.6835022
v 515.78851318 436.8789978 466.53549194
v 510.71032715 458.10818481 444.4881897
v 514.23504639 436.7102356 466.73080444
usemtl Patch_3502_Mat_mat5
f 5980 5981 5982
usemtl Patch_3503_Mat_mat5
f 5981 5980 5983

# obj1237
v -240.54138184 252.36155701 393.42349243
v -246.45669556 231.88975525 7.87401772
v -273.03210449 254.49868774 7.87401772
v -217.35827637 231.3117218 373.36453247
usemtl Patch_3504_Mat_mat0
f 5984 5985 5986
usemtl Patch_3505_Mat_mat0
f 5985 5984 5987

# obj1238
v -257.42715454 409.84735107 391.95263672
v -262.59841919 385.82678223 15.74803543
v -290.00146484 406.87548828 15.74803543
v -233.07046509 389.98092651 376.39389038
usemtl Patch_3506_Mat_mat0
f 5988 5989 5990
usemtl Patch_3507_Mat_mat0
f 5989 5988 5991

# obj1239
v -262.59841919 385.82678223 15.74803543
v -252.43554688 363.24923706 392.3873291
v -283.46456909 358.66140747 15.74803543
v -233.07046509 389.98092651 376.39389038
usemtl Patch_3508_Mat_mat0
f 5992 5993 5994
usemtl Patch_3509_Mat_mat0
f 5993 5992 5995

# obj1240
v -238.5827179 77.16535187 0
v -229.51905823 52.75600815 394.197052
v -262.20471191 52.36220169 0
v -207.52603149 77.73378754 372.29418945
usemtl Patch_3510_Mat_mat0
f 5996 5997 5998
usemtl Patch_3511_Mat_mat0
f 5997 5996 5999

# obj1241
v -140.55119324 275.59054565 262.20483398
v -1.18110955 350.39367676 360.23623657
v -140.55119324 275.59054565 254.33070374
v -1.18110955 350.39367676 368.11026001
usemtl Patch_3512_Mat_mat5
f 6000 6001 6002
usemtl Patch_3513_Mat_mat5
f 6001 6000 6003

# obj1242
v 895.40344238 238.02807617 354.22467041
v 908.55029297 163.0450592 265.35430908
v 901.23748779 162.48178101 354.04428101
v 902.71478271 238.80490112 265.35430908
usemtl Patch_3514_Mat_mat2
f 6004 6005 6006
usemtl Patch_3515_Mat_mat2
f 6005 6004 6007

# obj1243
v -231.09983826 101.57485962 394.12503052
v -238.5827179 77.16535187 0
v -263.77954102 100.78739929 0
v -207.52603149 77.73378754 372.29418945
usemtl Patch_3516_Mat_mat0
f 6008 6009 6010
usemtl Patch_3517_Mat_mat0
f 6009 6008 6011

# obj1244
v -1.18110955 -0 368.11026001
v -140.55119324 275.59054565 262.20483398
v -140.55119324 -0 262.20483398
v -1.18110955 350.39367676 368.11026001
v -1.18110955 27.55905533 368.11026001
usemtl Patch_3518_Mat_mat5
f 6012 6013 6014
usemtl Patch_3519_Mat_mat5
f 6013 6012 6015

# obj1245
v -255.51179504 52.75591278 11.81102657
v -223.99153137 52.361866 372.29745483
v -254.72723389 52.75591278 11.74414635
v -224.77609253 52.361866 372.36434937
usemtl Patch_3520_Mat_mat5
f 6017 6018 6019
usemtl Patch_3521_Mat_mat5
f 6018 6017 6020

# obj1246
v -254.7321167 -0 11.68690586
v -223.99153137 52.361866 372.29745483
v -223.99636841 -0 372.24066162
v -254.72723389 52.75591278 11.74414635
usemtl Patch_3522_Mat_mat5
f 6021 6022 6023
usemtl Patch_3523_Mat_mat5
f 6022 6021 6024

# obj1247
v -223.99636841 -0 372.24066162
v -224.77609253 52.361866 372.36434937
v -224.78092957 -0 372.30752563
v -223.99153137 52.361866 372.29745483
usemtl Patch_3524_Mat_mat5
f 6025 6026 6027
usemtl Patch_3525_Mat_mat5
f 6026 6025 6028

# obj1248
v -224.77609253 52.361866 372.36434937
v -255.5166626 -0 11.75378609
v -224.78092957 -0 372.30752563
v -255.51179504 52.75591278 11.81102657
usemtl Patch_3526_Mat_mat5
f 6029 6030 6031
usemtl Patch_3527_Mat_mat5
f 6030 6029 6032

# obj1249
v -262.20471191 206.29922485 11.81102657
v -230.70333862 207.91558838 372.08938599
v -261.42123413 206.34030151 11.74405956
v -231.48680115 207.87449646 372.15637207
usemtl Patch_3528_Mat_mat5
f 6033 6034 6035
usemtl Patch_3529_Mat_mat5
f 6034 6033 6036

# obj1250
v -261.42123413 206.34030151 11.74405956
v -225.19242859 102.79741669 372.07913208
v -255.90943909 101.22218323 11.74405956
v -230.70333862 207.91558838 372.08938599
usemtl Patch_3530_Mat_mat5
f 6037 6038 6039
usemtl Patch_3531_Mat_mat5
f 6038 6037 6040

# obj1251
v -225.19242859 102.79741669 372.07913208
v -256.69293213 101.18109894 11.81102657
v -255.90943909 101.22218323 11.74405956
v -225.97589111 102.7563324 372.14611816
usemtl Patch_3532_Mat_mat5
f 6041 6042 6043
usemtl Patch_3533_Mat_mat5
f 6042 6041 6044

# obj1252
v -225.97589111 102.7563324 372.14611816
v -262.20471191 206.29922485 11.81102657
v -256.69293213 101.18109894 11.81102657
v -231.48680115 207.87449646 372.15637207
usemtl Patch_3534_Mat_mat5
f 6045 6046 6047
usemtl Patch_3535_Mat_mat5
f 6046 6045 6048

# obj1253
v -225.97589111 102.7563324 372.14611816
v -230.70333862 207.91558838 372.08938599
v -231.48680115 207.87449646 372.15637207
v -225.19242859 102.79741669 372.07913208
usemtl Patch_3536_Mat_mat5
f 6049 6050 6051
usemtl Patch_3537_Mat_mat5
f 6050 6049 6052

# obj1254
v -234.25421143 257.56286621 372.03637695
v -265.74801636 254.72439575 19.68504333
v -264.96792603 254.80651855 19.61641502
v -235.03431702 257.48074341 372.10501099
usemtl Patch_3538_Mat_mat5
f 6053 6054 6055
usemtl Patch_3539_Mat_mat5
f 6054 6053 6056

# obj1255
v -275.99157715 359.53094482 19.61641502
v -234.25421143 257.56286621 372.03637695
v -264.96792603 254.80651855 19.61641502
v -245.26560974 362.28839111 372.17694092
usemtl Patch_3540_Mat_mat5
f 6057 6058 6059
usemtl Patch_3541_Mat_mat5
f 6058 6057 6060

# obj1256
v -235.03431702 257.48074341 372.10501099
v -276.77166748 359.44882202 19.68504333
v -265.74801636 254.72439575 19.68504333
v -246.04571533 362.20626831 372.24557495
usemtl Patch_3542_Mat_mat5
f 6061 6062 6063
usemtl Patch_3543_Mat_mat5
f 6062 6061 6064

# obj1257
v -235.03431702 257.48074341 372.10501099
v -245.26560974 362.28839111 372.17694092
v -246.04571533 362.20626831 372.24557495
v -234.25421143 257.56286621 372.03637695
usemtl Patch_3544_Mat_mat5
f 6065 6066 6067
usemtl Patch_3545_Mat_mat5
f 6066 6065 6068

# obj1258
v -276.77166748 359.44882202 19.68504333
v -245.26560974 362.28839111 372.17694092
v -275.99157715 359.53094482 19.61641502
v -246.04571533 362.20626831 372.24557495
usemtl Patch_3546_Mat_mat5
f 6069 6070 6071
usemtl Patch_3547_Mat_mat5
f 6070 6069 6072

# obj1259
v -246.45669556 231.88975525 7.87401772
v -236.2739563 207.49452209 393.78543091
v -268.26828003 206.63421631 7.87401772
v -217.35827637 231.3117218 373.36453247
usemtl Patch_3548_Mat_mat0
f 6073 6074 6075
usemtl Patch_3549_Mat_mat0
f 6074 6073 6076

# obj1260
v 679.52758789 320.47241211 230.31497192
v 686.22039795 210.62991333 224.40945435
v 686.22039795 210.62991333 230.31497192
v 686.22039795 210.62991333 212.59840393
v 686.22039795 210.62991333 218.50390625
v 679.52758789 320.47241211 212.59840393
usemtl Patch_3550_Mat_mat4
f 6077 6078 6079
usemtl Patch_3551_Mat_mat4
f 6080 6078 6082
usemtl Patch_3552_Mat_mat4
f 6082 6078 6077

# obj1261
v 644.09442139 317.32284546 212.59840393
v 650.78735352 207.48031616 206.69288635
v 650.78735352 207.48031616 212.59840393
v 650.78735352 207.48031616 201.18107605
v 644.09442139 317.32284546 195.27555847
v 650.78735352 207.48031616 195.27555847
usemtl Patch_3553_Mat_mat4
f 6083 6084 6085
usemtl Patch_3554_Mat_mat4
f 6084 6083 6086
usemtl Patch_3555_Mat_mat4
f 6086 6087 6088
usemtl Patch_3556_Mat_mat4
f 6087 6086 6083

# obj1262
v 650.78735352 207.48031616 206.69288635
v 653.54333496 153.54330444 201.18109131
v 653.54333496 153.54330444 206.69288635
v 650.78735352 207.48031616 201.18107605
usemtl Patch_3557_Mat_mat1
f 6089 6090 6091
usemtl Patch_3558_Mat_mat1
f 6090 6089 6092

# obj1263
v 656.29925537 108.26772308 212.59840393
v 656.29925537 -0 195.27557373
v 656.29925537 -0 212.59840393
v 656.29925537 108.26772308 195.27557373
usemtl Patch_3559_Mat_mat4
f 6093 6094 6095
usemtl Patch_3560_Mat_mat4
f 6094 6093 6096

# obj1264
v 691.7322998 86.61417389 230.31497192
v 691.7322998 -0 212.59840393
v 691.7322998 -0 230.31497192
v 691.7322998 108.26772308 212.59840393
v 691.7322998 108.26772308 230.31494141
usemtl Patch_3561_Mat_mat4
f 6097 6098 6099
usemtl Patch_3562_Mat_mat4
f 6098 6097 6100
usemtl Patch_3563_Mat_mat4
f 6100 6097 6101

# obj1265
v 653.54333496 153.54330444 212.59840393
v 656.29925537 108.26772308 195.27557373
v 656.29925537 108.26772308 212.59840393
v 653.54333496 153.54330444 195.27557373
v 653.54333496 153.54330444 206.69288635
v 653.54333496 153.54330444 201.18109131
usemtl Patch_3564_Mat_mat4
f 6102 6103 6104
usemtl Patch_3565_Mat_mat4
f 6103 6102 6105

# obj1266
v 688.97637939 154.33070374 224.40943909
v 688.97637939 154.33070374 218.50390625
v 688.97637939 154.33070374 230.31494141
v 691.7322998 108.26772308 212.59840393
v 691.7322998 108.26772308 230.31494141
v 688.97637939 154.33070374 212.59840393
usemtl Patch_3566_Mat_mat4
f 6110 6111 6112
usemtl Patch_3567_Mat_mat4
f 6111 6110 6113

# obj1267
v -275.99157715 359.53094482 19.61641502
v -265.74801636 254.72439575 19.68504333
v -276.77166748 359.44882202 19.68504333
v -264.96792603 254.80651855 19.61641502
usemtl Patch_3568_Mat_mat5
f 6114 6115 6116
usemtl Patch_3569_Mat_mat5
f 6115 6114 6117

# obj1268
v -261.42123413 206.34030151 11.74405956
v -256.69293213 101.18109894 11.81102657
v -262.20471191 206.29922485 11.81102657
v -255.90943909 101.22218323 11.74405956
usemtl Patch_3570_Mat_mat5
f 6118 6119 6120
usemtl Patch_3571_Mat_mat5
f 6119 6118 6121

# obj1269
v -255.51179504 52.75591278 11.81102657
v -254.7321167 -0 11.68690586
v -255.5166626 -0 11.75378609
v -254.72723389 52.75591278 11.74414635
usemtl Patch_3572_Mat_mat5
f 6122 6123 6124
usemtl Patch_3573_Mat_mat5
f 6123 6122 6125

# obj1270
v 909.05511475 173.22834778 167.71653748
v 912.20471191 46.45669174 39.37007904
v 912.20471191 46.45669174 167.71653748
v 909.05511475 173.22833252 39.37007904
usemtl Patch_3574_Mat_mat2
f 6126 6127 6128
usemtl Patch_3575_Mat_mat2
f 6127 6126 6129

# obj1271
v -71.65354919 393.30706787 68.89763641
v -67.32285309 381.49603271 100.51342773
v -67.32285309 381.49603271 68.89763641
v -71.65354919 393.30706787 100.57839203
usemtl Patch_3576_Mat_mat5
f 6130 6131 6132
usemtl Patch_3577_Mat_mat5
f 6131 6130 6133

# obj1272
v -39.76376343 364.96066284 0
v -39.33636856 275.56149292 7.87410736
v -39.33636856 275.56149292 8.989E-05
v -39.76376343 364.96066284 7.87401772
usemtl Patch_3578_Mat_mat3
f 6134 6135 6136
usemtl Patch_3579_Mat_mat3
f 6135 6134 6137

# obj1273
v -103.34807587 484.09243774 68.89763641
v -87.00788879 437.79525757 100.39369965
v -87.00788879 437.79525757 68.89763641
v -99.0896759 472.02697754 100.39369965
v -103.34807587 484.09243774 100.39369965
usemtl Patch_3580_Mat_mat5
f 6138 6139 6140
usemtl Patch_3581_Mat_mat5
f 6139 6138 6141
usemtl Patch_3582_Mat_mat5
f 6141 6138 6142

# obj1274
v 909.05511475 173.22834778 167.71653748
v 901.96850586 299.60629272 39.37007904
v 909.05511475 173.22833252 39.37007904
v 901.96850586 299.60629272 167.71653748
usemtl Patch_3583_Mat_mat2
f 6143 6144 6145
usemtl Patch_3584_Mat_mat2
f 6144 6143 6146

# obj1275
v -76.37795258 391.73226929 100.58416748
v -70.86616516 375.19683838 59.84251785
v -70.86616516 375.19683838 100.49472046
v -76.37795258 391.73226929 59.84251785
v -76.37795258 391.73226929 68.89763641
usemtl Patch_3585_Mat_mat5
f 6147 6148 6149
usemtl Patch_3586_Mat_mat5
f 6148 6147 6150

# obj1276
v -105.33261871 473.95373535 100.39369965
v -92.12600708 436.22045898 68.89763641
v -92.12600708 436.22045898 100.39369965
v -92.12600708 436.22045898 59.84251785
v -108.59525299 483.27554321 59.84251785
v -108.59525299 483.27554321 100.39369965
usemtl Patch_3587_Mat_mat5
f 6152 6153 6154
usemtl Patch_3588_Mat_mat5
f 6153 6152 6155
usemtl Patch_3589_Mat_mat5
f 6155 6152 6156
usemtl Patch_3590_Mat_mat5
f 6156 6152 6157

# obj1277
v 564.17321777 388.18896484 177.55906677
v 573.62207031 277.55908203 209.05513
v 573.62207031 277.55908203 177.55906677
v 564.17321777 388.18896484 209.05513
usemtl Patch_3591_Mat_mat5
f 6158 6159 6160
usemtl Patch_3592_Mat_mat5
f 6159 6158 6161

# obj1278
v 573.62207031 277.55908203 177.55906677
v 580.31494141 166.53544617 209.05513
v 580.31494141 166.53544617 177.55906677
v 573.62207031 277.55908203 209.05513
usemtl Patch_3593_Mat_mat5
f 6162 6163 6164
usemtl Patch_3594_Mat_mat5
f 6163 6162 6165

# obj1279
v -105.33261871 473.95373535 100.39369965
v -103.34807587 484.09243774 100.39369965
v -108.59525299 483.27554321 100.39369965
v -92.12600708 436.22045898 100.39369965
v -99.0896759 472.02697754 100.39369965
v -87.00788879 437.79525757 100.39369965
usemtl Patch_3595_Mat_mat5
f 6166 6167 6168
usemtl Patch_3596_Mat_mat5
f 6167 6166 6169
usemtl Patch_3597_Mat_mat5
f 6167 6169 6170
usemtl Patch_3598_Mat_mat5
f 6170 6169 6171

# obj1280
v 691.7322998 86.61417389 230.31497192
v 727.16534424 86.61417389 247.63780212
v 727.16534424 86.61417389 230.31494141
v 691.7322998 86.61417389 267.71652222
v 762.59838867 86.61417389 247.63780212
v 762.59838867 86.61417389 265.3543396
v 851.18109131 86.61417389 265.3543396
v 707.48028564 86.61417389 267.71655273
v 851.18109131 86.61417389 300.78741455
v 779.1338501 86.61417389 300.78741455
usemtl Patch_3599_Mat_mat1
f 6172 6173 6174
usemtl Patch_3600_Mat_mat1
f 6173 6172 6175
usemtl Patch_3601_Mat_mat1
f 6173 6175 6176
usemtl Patch_3602_Mat_mat1
f 6176 6175 6177
usemtl Patch_3603_Mat_mat1
f 6177 6175 6178
usemtl Patch_3604_Mat_mat1
f 6178 6175 6179
usemtl Patch_3605_Mat_mat1
f 6178 6179 6180
usemtl Patch_3606_Mat_mat1
f 6180 6179 6181

# obj1281
v 762.59838867 108.26772308 265.3543396
v 762.59838867 86.61417389 247.63780212
v 762.59838867 86.61417389 265.3543396
v 762.59838867 108.26772308 247.63780212
usemtl Patch_3607_Mat_mat4
f 6182 6183 6184
usemtl Patch_3608_Mat_mat4
f 6183 6182 6185

# obj1282
v 727.16534424 108.26772308 247.63780212
v 727.16534424 86.61417389 230.31494141
v 727.16534424 86.61417389 247.63780212
v 727.16534424 108.26772308 230.31494141
usemtl Patch_3609_Mat_mat4
f 6186 6187 6188
usemtl Patch_3610_Mat_mat4
f 6187 6186 6189

# obj1283
v 551.18109131 502.75592041 177.55905151
v 564.17321777 388.18896484 209.05513
v 564.17321777 388.18896484 177.55906677
v 551.18109131 502.75592041 209.05513
usemtl Patch_3611_Mat_mat5
f 6190 6191 6192
usemtl Patch_3612_Mat_mat5
f 6191 6190 6193

# obj1284
v 779.1338501 70.86614227 300.78741455
v 707.48028564 86.61417389 267.71655273
v 707.48028564 70.86614227 267.71655273
v 779.1338501 86.61417389 300.78741455
usemtl Patch_3613_Mat_mat1
f 6194 6195 6196
usemtl Patch_3614_Mat_mat1
f 6195 6194 6197

# obj1285
v 759.8425293 154.72441101 265.3543396
v 762.59838867 108.26772308 247.63780212
v 762.59838867 108.26772308 265.3543396
v 759.8425293 154.72441101 253.5433197
v 759.8425293 154.72441101 259.44882202
v 759.8425293 154.72441101 247.63780212
usemtl Patch_3615_Mat_mat4
f 6198 6199 6200
usemtl Patch_3616_Mat_mat4
f 6199 6198 6201
usemtl Patch_3617_Mat_mat4
f 6203 6199 6201

# obj1286
v 618.11022949 153.54330444 195.27557373
v 620.86608887 108.26772308 177.55903625
v 620.86608887 108.26772308 195.27557373
v 618.11022949 153.54330444 189.37005615
v 618.11022949 153.54330444 177.55903625
v 618.11022949 153.54330444 183.46455383
usemtl Patch_3618_Mat_mat4
f 6204 6205 6206
usemtl Patch_3619_Mat_mat4
f 6205 6204 6207
usemtl Patch_3620_Mat_mat4
f 6207 6208 6205

# obj1287
v 724.40942383 154.33070374 247.63780212
v 727.16534424 108.26772308 230.31494141
v 727.16534424 108.26772308 247.63780212
v 724.40942383 154.33070374 236.22045898
v 724.40942383 154.33070374 241.73228455
v 724.40942383 154.33070374 230.31494141
usemtl Patch_3621_Mat_mat4
f 6210 6211 6212
usemtl Patch_3622_Mat_mat4
f 6211 6210 6213
usemtl Patch_3623_Mat_mat4
f 6215 6211 6213

# obj1288
v 875.98425293 551.5748291 167.71653748
v 895.27557373 553.93701172 39.37007904
v 875.98425293 551.5748291 39.37007904
v 895.27557373 553.93701172 167.71653748
usemtl Patch_3624_Mat_mat2
f 6216 6217 6218
usemtl Patch_3625_Mat_mat2
f 6217 6216 6219

# obj1289
v 124.34423065 82.67212677 -26.75965309
v 681.2411499 506.27575684 29.6191082
v 97.29410553 433.07473755 -29.49813461
v 157.7883606 84.24536133 -23.3738575
v 160.97537231 44.09076691 -23.05121231
v 777.56103516 54.1327095 39.37017441
v 777.56231689 504.48220825 39.37008286
v 777.56115723 90.87619019 39.37006378
usemtl Patch_3626_Mat_mat4
f 6220 6221 6222
usemtl Patch_3627_Mat_mat4
f 6221 6220 6223
usemtl Patch_3628_Mat_mat4
f 6221 6223 6224
usemtl Patch_3629_Mat_mat4
f 6221 6224 6225
usemtl Patch_3630_Mat_mat4
f 6221 6225 6226
usemtl Patch_3631_Mat_mat4
f 6226 6225 6227

# obj1290
v -87.00788879 437.79525757 100.39369965
v -92.12600708 436.22045898 68.89763641
v -87.00788879 437.79525757 68.89763641
v -92.12600708 436.22045898 100.39369965
usemtl Patch_3632_Mat_mat5
f 6228 6229 6230
usemtl Patch_3633_Mat_mat5
f 6229 6228 6231

# obj1291
v -70.86616516 364.96060181 7.87401772
v -70.86616516 343.30709839 15.74803543
v -70.86616516 343.30709839 7.87401772
v -70.86616516 364.96060181 15.74803543
usemtl Patch_3634_Mat_mat3
f 6232 6233 6234
usemtl Patch_3635_Mat_mat3
f 6233 6232 6235

# obj1292
v -39.33636856 275.56149292 8.989E-05
v -267.86090088 198.24906921 7.87401772
v -268.5039978 198.0315094 0
v -39.33636856 275.56149292 7.87410736
usemtl Patch_3636_Mat_mat3
f 6236 6237 6238
usemtl Patch_3637_Mat_mat3
f 6237 6236 6239

# obj1293
v -70.86616516 343.30709839 15.74803543
v -275.04522705 273.40441895 7.87401772
v -70.86616516 343.30709839 7.87401772
v -274.40948486 273.62207031 15.74803543
usemtl Patch_3638_Mat_mat3
f 6240 6241 6242
usemtl Patch_3639_Mat_mat3
f 6241 6240 6243

# obj1294
v 378.43035889 263.04031372 423.91445923
v 386.57073975 109.71290588 425.48577881
v 386.46606445 109.70742035 423.91445923
v 378.53500366 263.04577637 425.48577881
usemtl Patch_3640_Mat_mat5
f 6244 6245 6246
usemtl Patch_3641_Mat_mat5
f 6245 6244 6247

# obj1295
v 521.11016846 265.78686523 444.4881897
v 530.27032471 143.65803528 466.53549194
v 528.65130615 121.88993835 444.4881897
v 524.99542236 244.30729675 466.53549194
usemtl Patch_3642_Mat_mat5
f 6248 6249 6250
usemtl Patch_3643_Mat_mat5
f 6249 6248 6251

# obj1296
v 690.68017578 152.0647583 483.07089233
v 679.89678955 127.05664062 458.88812256
v 681.34228516 127.13240051 458.26776123
v 689.23468018 151.98901367 483.69122314
usemtl Patch_3644_Mat_mat5
f 6252 6253 6254
usemtl Patch_3645_Mat_mat5
f 6253 6252 6255

# obj1297
v 689.23468018 151.98901367 483.69122314
v 672.0670166 276.45791626 458.88812256
v 679.89678955 127.05664062 458.88812256
v 683.9598999 252.63825989 483.69122314
usemtl Patch_3646_Mat_mat5
f 6256 6257 6258
usemtl Patch_3647_Mat_mat5
f 6257 6256 6259

# obj1298
v 672.0670166 276.45791626 458.88812256
v 685.40539551 252.71401978 483.07089233
v 673.51251221 276.53366089 458.26776123
v 683.9598999 252.63825989 483.69122314
usemtl Patch_3648_Mat_mat5
f 6260 6261 6262
usemtl Patch_3649_Mat_mat5
f 6261 6260 6263

# obj1299
v 673.51251221 276.53366089 458.26776123
v 690.68017578 152.0647583 483.07089233
v 681.34228516 127.13240051 458.26776123
v 685.40539551 252.71401978 483.07089233
usemtl Patch_3650_Mat_mat5
f 6264 6265 6266
usemtl Patch_3651_Mat_mat5
f 6265 6264 6267

# obj1300
v 854.07958984 302.78829956 167.71653748
v 838.80126953 301.2852478 39.37007904
v 864.57446289 303.53182983 39.37007523
v 813.02813721 299.03869629 39.37007904
v 834.71624756 301.08538818 156.43431091
v 840.1574707 301.57476807 167.71655273
v 802.92889404 298.31680298 158.08778381
usemtl Patch_3652_Mat_mat0
f 6268 6269 6270
usemtl Patch_3653_Mat_mat0
f 6269 6268 6271
usemtl Patch_3654_Mat_mat0
f 6271 6268 6272
usemtl Patch_3655_Mat_mat0
f 6272 6268 6273
usemtl Patch_3656_Mat_mat0
f 6274 6271 6272

# obj1301
v 680.54974365 285.18148804 449.21261597
v 682.0098877 285.25802612 447.63781738
v 680.54974365 285.18148804 447.63781738
v 682.0098877 285.25802612 448.62780762
usemtl Patch_3657_Mat_mat5
f 6275 6276 6277
usemtl Patch_3658_Mat_mat5
f 6276 6275 6278

# obj1302
v -274.40948486 273.62207031 15.74803543
v -262.59841919 385.82678223 15.74803543
v -283.46456909 358.66140747 15.74803543
v -193.30706787 349.21258545 15.74803543
v -70.86616516 343.30709839 15.74803543
v -194.27218628 352.04135132 15.74803543
v -209.42832947 396.46453857 15.74803543
v -216.14170837 416.14172363 15.74803543
v -201.104599 399.27203369 15.74803543
v -146.0630188 364.96060181 15.74803543
v -70.86616516 364.96060181 15.74803543
v -186.11000061 354.79522705 15.74803543
v -290.00146484 406.87548828 15.74803543
v -202.26721191 468.69268799 15.74803543
v -296.41525269 454.03570557 15.74803543
v -194.46281433 419.52514648 15.74803543
usemtl Patch_3659_Mat_mat3
f 6279 6280 6281
usemtl Patch_3660_Mat_mat3
f 6280 6279 6282
usemtl Patch_3661_Mat_mat3
f 6282 6279 6283
usemtl Patch_3662_Mat_mat3
f 6280 6282 6284
usemtl Patch_3663_Mat_mat3
f 6280 6284 6285
usemtl Patch_3664_Mat_mat3
f 6280 6285 6286
usemtl Patch_3665_Mat_mat3
f 6285 6284 6287
usemtl Patch_3666_Mat_mat3
f 6282 6283 6288
usemtl Patch_3667_Mat_mat3
f 6288 6283 6289
usemtl Patch_3668_Mat_mat3
f 6290 6287 6284
usemtl Patch_3669_Mat_mat3
f 6291 6292 6293
usemtl Patch_3670_Mat_mat3
f 6292 6291 6280
usemtl Patch_3671_Mat_mat3
f 6292 6280 6286
usemtl Patch_3672_Mat_mat3
f 6292 6286 6294

# obj1303
v 538.10632324 114.50061035 437.40161133
v 379.29632568 135.74583435 450.39370728
v 538.10632324 114.50061035 435.82678223
v 379.29632568 135.74583435 451.96853638
usemtl Patch_3673_Mat_mat5
f 6295 6296 6297
usemtl Patch_3674_Mat_mat5
f 6296 6295 6298

# obj1304
v 691.31524658 124.89538574 455.11813354
v 680.54974365 285.18148804 449.21261597
v 689.24511719 119.26750946 449.21261597
v 683.19720459 279.80096436 455.11813354
usemtl Patch_3675_Mat_mat5
f 6299 6300 6301
usemtl Patch_3676_Mat_mat5
f 6300 6299 6302

# obj1305
v 235.04034424 104.92547607 420.38970947
v 233.07661438 104.82254791 411.4173584
v 234.56440735 104.90052032 411.33673096
v 233.07661438 104.82254791 412.99215698
v 233.46986389 104.84317017 420.47250366
usemtl Patch_3677_Mat_mat5
f 6303 6304 6305
usemtl Patch_3678_Mat_mat5
f 6304 6303 6306
usemtl Patch_3679_Mat_mat5
f 6306 6303 6307

# obj1306
v 233.46986389 104.84317017 420.47250366
v 225.37046814 251.86483765 412.99215698
v 233.07661438 104.82254791 412.99215698
v 225.76364136 251.88539124 420.47250366
usemtl Patch_3680_Mat_mat5
f 6308 6309 6310
usemtl Patch_3681_Mat_mat5
f 6309 6308 6311

# obj1307
v 812.9543457 291.72628784 431.70184326
v 820.14715576 126.52204132 432.28347778
v 811.49291992 291.64968872 432.28347778
v 821.60858154 126.59863281 431.70184326
usemtl Patch_3682_Mat_mat5
f 6312 6313 6314
usemtl Patch_3683_Mat_mat5
f 6313 6312 6315

# obj1308
v 374.02157593 236.39508057 450.39370728
v 529.74072266 274.1239624 437.40161133
v 529.74072266 274.1239624 435.82678223
v 374.02157593 236.39508057 451.96853638
usemtl Patch_3684_Mat_mat5
f 6316 6317 6318
usemtl Patch_3685_Mat_mat5
f 6317 6316 6319

# obj1309
v 802.55426025 303.5670166 158.10726929
v 813.02813721 299.03869629 39.37007904
v 802.92889404 298.31680298 158.08778381
v 810.96636963 328.06176758 39.3700676
v 800.85797119 327.3392334 158.19549561
usemtl Patch_3686_Mat_mat0
f 6320 6321 6322
usemtl Patch_3687_Mat_mat0
f 6321 6320 6323
usemtl Patch_3688_Mat_mat0
f 6323 6320 6324

# obj1310
v 531.30126953 274.20574951 435.6282959
v 539.66680908 114.58239746 437.20632935
v 539.66680908 114.58239746 435.6282959
v 531.30126953 274.20574951 437.20632935
usemtl Patch_3689_Mat_mat5
f 6325 6326 6327
usemtl Patch_3690_Mat_mat5
f 6326 6325 6328

# obj1311
v 225.37046814 251.86483765 411.4173584
v 227.33410645 251.96769714 420.38970947
v 226.85827637 251.94282532 411.33673096
v 225.37046814 251.86483765 412.99215698
v 225.76364136 251.88539124 420.47250366
usemtl Patch_3691_Mat_mat5
f 6329 6330 6331
usemtl Patch_3692_Mat_mat5
f 6330 6329 6332
usemtl Patch_3693_Mat_mat5
f 6330 6332 6333

# obj1312
v 864.32061768 91.91121674 167.71653748
v 844.88195801 91.66873932 155.90551758
v 874.80957031 92.12611389 39.37007141
v 850.39373779 91.73221588 167.71655273
v 813.49133301 91.26425934 157.5383606
v 823.22003174 91.46303558 39.3700676
usemtl Patch_3694_Mat_mat0
f 6334 6335 6336
usemtl Patch_3695_Mat_mat0
f 6335 6334 6337
usemtl Patch_3696_Mat_mat0
f 6336 6338 6339
usemtl Patch_3697_Mat_mat0
f 6338 6336 6335

# obj1313
v 372.45776367 236.31312561 452.13510132
v 377.73251343 135.66387939 450.56030273
v 377.73251343 135.66387939 452.13510132
v 372.45776367 236.31312561 450.56030273
usemtl Patch_3698_Mat_mat5
f 6340 6341 6342
usemtl Patch_3699_Mat_mat5
f 6341 6340 6343

# obj1314
v 835.62878418 283.39349365 156.38684082
v 849.79632568 119.29371643 167.71655273
v 844.09619141 119.22780609 155.94639587
v 840.1574707 301.57476807 167.71655273
v 834.71624756 301.08538818 156.43431091
usemtl Patch_3700_Mat_mat0
f 6344 6345 6346
usemtl Patch_3701_Mat_mat0
f 6345 6344 6347
usemtl Patch_3702_Mat_mat0
f 6347 6344 6348

# obj1315
v 376.96582031 262.96353149 424.01577759
v 225.96353149 127.70999146 434.25198364
v 220.68870544 228.35929871 434.25198364
v 385.00158691 109.63066864 424.01577759
usemtl Patch_3703_Mat_mat5
f 6349 6350 6351
usemtl Patch_3704_Mat_mat5
f 6350 6349 6352

# obj1316
v 219.12181091 228.2771759 434.38647461
v 218.70556641 243.63072205 420.47250366
v 217.13865662 243.5486145 420.60699463
v 220.68870544 228.35929871 434.25198364
usemtl Patch_3705_Mat_mat5
f 6353 6354 6355
usemtl Patch_3706_Mat_mat5
f 6354 6353 6356

# obj1317
v 680.54974365 285.18148804 449.21261597
v 684.65734863 279.87747192 454.53329468
v 682.0098877 285.25802612 448.62780762
v 683.19720459 279.80096436 455.11813354
usemtl Patch_3707_Mat_mat5
f 6357 6358 6359
usemtl Patch_3708_Mat_mat5
f 6358 6357 6360

# obj1318
v 811.49291992 291.64968872 433.85827637
v 826.3170166 269.95489502 463.98535156
v 812.9543457 291.72628784 433.27664185
v 824.85552979 269.8782959 464.56698608
usemtl Patch_3709_Mat_mat5
f 6361 6362 6363
usemtl Patch_3710_Mat_mat5
f 6362 6361 6364

# obj1319
v 521.11016846 265.78686523 444.4881897
v 527.09082031 121.80815125 444.6835022
v 519.54968262 265.70507812 444.6835022
v 528.65130615 121.88993835 444.4881897
usemtl Patch_3711_Mat_mat5
f 6365 6366 6367
usemtl Patch_3712_Mat_mat5
f 6366 6365 6368

# obj1320
v 812.9543457 291.72628784 431.70184326
v 821.60858154 126.59863281 433.27664185
v 821.60858154 126.59863281 431.70184326
v 812.9543457 291.72628784 433.27664185
usemtl Patch_3713_Mat_mat5
f 6369 6370 6371
usemtl Patch_3714_Mat_mat5
f 6370 6369 6372

# obj1321
v 691.31524658 124.89538574 455.11813354
v 684.65734863 279.87747192 454.53329468
v 683.19720459 279.80096436 455.11813354
v 692.77545166 124.9719162 454.53329468
usemtl Patch_3715_Mat_mat5
f 6373 6374 6375
usemtl Patch_3716_Mat_mat5
f 6374 6373 6376

# obj1322
v -76.37795258 391.73226929 68.89763641
v -96.45670319 385.03936768 59.84251785
v -76.37795258 391.73226929 59.84251785
v -96.45685577 385.03982544 62.99212265
v -96.45670319 385.03936768 68.89763641
usemtl Patch_3717_Mat_mat1
f 6377 6378 6379
usemtl Patch_3718_Mat_mat1
f 6378 6377 6380
usemtl Patch_3719_Mat_mat1
f 6380 6377 6381

# obj1323
v 379.29632568 135.74583435 451.96853638
v 529.74072266 274.1239624 437.40161133
v 374.02157593 236.39508057 451.96853638
v 538.10632324 114.50061035 437.40161133
usemtl Patch_3720_Mat_mat5
f 6382 6383 6384
usemtl Patch_3721_Mat_mat5
f 6383 6382 6385

# obj1324
v 538.48034668 122.40499878 443.70080566
v 532.49945068 266.38381958 443.50552368
v 530.93896484 266.30203247 443.70080566
v 540.04083252 122.48678589 443.50552368
usemtl Patch_3722_Mat_mat5
f 6386 6387 6388
usemtl Patch_3723_Mat_mat5
f 6387 6386 6389

# obj1325
v 539.66680908 114.58239746 437.20632935
v 538.48034668 122.40499878 443.70080566
v 538.10632324 114.50061035 437.40161133
v 540.04083252 122.48678589 443.50552368
usemtl Patch_3724_Mat_mat5
f 6390 6391 6392
usemtl Patch_3725_Mat_mat5
f 6391 6390 6393

# obj1326
v 385.00158691 109.63066864 425.59057617
v 225.96353149 127.70999146 434.25198364
v 385.00158691 109.63066864 424.01577759
v 225.96353149 127.70999146 435.82678223
usemtl Patch_3726_Mat_mat5
f 6394 6395 6396
usemtl Patch_3727_Mat_mat5
f 6395 6394 6397

# obj1327
v 530.93896484 266.30203247 443.70080566
v 531.30126953 274.20574951 437.20632935
v 529.74072266 274.1239624 437.40161133
v 532.49945068 266.38381958 443.50552368
usemtl Patch_3728_Mat_mat5
f 6398 6399 6400
usemtl Patch_3729_Mat_mat5
f 6399 6398 6401

# obj1328
v 531.30126953 274.20574951 437.20632935
v 540.04083252 122.48678589 443.50552368
v 539.66680908 114.58239746 437.20632935
v 532.49945068 266.38381958 443.50552368
usemtl Patch_3730_Mat_mat5
f 6402 6403 6404
usemtl Patch_3731_Mat_mat5
f 6403 6402 6405

# obj1329
v 519.54968262 265.70507812 444.6835022
v 524.99542236 244.30729675 466.53549194
v 521.11016846 265.78686523 444.4881897
v 523.43487549 244.22550964 466.73080444
usemtl Patch_3732_Mat_mat5
f 6406 6407 6408
usemtl Patch_3733_Mat_mat5
f 6407 6406 6409

# obj1330
v 528.70983887 143.57624817 466.73080444
v 519.54968262 265.70507812 444.6835022
v 527.09082031 121.80815125 444.6835022
v 523.43487549 244.22550964 466.73080444
usemtl Patch_3734_Mat_mat5
f 6410 6411 6412
usemtl Patch_3735_Mat_mat5
f 6411 6410 6413

# obj1331
v 530.27032471 143.65803528 466.53549194
v 527.09082031 121.80815125 444.6835022
v 528.65130615 121.88993835 444.4881897
v 528.70983887 143.57624817 466.73080444
usemtl Patch_3736_Mat_mat5
f 6414 6415 6416
usemtl Patch_3737_Mat_mat5
f 6415 6414 6417

# obj1332
v 820.14715576 126.52204132 433.85827637
v 690.68017578 152.0647583 483.07089233
v 820.14715576 126.52204132 432.28347778
v 690.68017578 152.0647583 484.64569092
usemtl Patch_3738_Mat_mat5
f 6418 6419 6420
usemtl Patch_3739_Mat_mat5
f 6419 6418 6421

# obj1333
v 690.68017578 152.0647583 484.64569092
v 689.23468018 151.98901367 483.69122314
v 690.68017578 152.0647583 483.07089233
v 689.80407715 152.0188446 485.02166748
usemtl Patch_3740_Mat_mat5
f 6422 6423 6424
usemtl Patch_3741_Mat_mat5
f 6423 6422 6425

# obj1334
v 538.48034668 122.40499878 443.70080566
v 529.74072266 274.1239624 437.40161133
v 538.10632324 114.50061035 437.40161133
v 530.93896484 266.30203247 443.70080566
usemtl Patch_3742_Mat_mat5
f 6426 6427 6428
usemtl Patch_3743_Mat_mat5
f 6427 6426 6429

# obj1335
v 529.74072266 274.1239624 435.82678223
v 531.30126953 274.20574951 437.20632935
v 531.30126953 274.20574951 435.6282959
v 529.74072266 274.1239624 437.40161133
usemtl Patch_3744_Mat_mat5
f 6430 6431 6432
usemtl Patch_3745_Mat_mat5
f 6431 6430 6433

# obj1336
v 689.80407715 152.0188446 485.02166748
v 685.40539551 252.71401978 484.64569092
v 684.52929688 252.66810608 485.02166748
v 690.68017578 152.0647583 484.64569092
usemtl Patch_3746_Mat_mat5
f 6434 6435 6436
usemtl Patch_3747_Mat_mat5
f 6435 6434 6437

# obj1337
v 689.80407715 152.0188446 485.02166748
v 683.9598999 252.63825989 483.69122314
v 689.23468018 151.98901367 483.69122314
v 684.52929688 252.66810608 485.02166748
usemtl Patch_3748_Mat_mat5
f 6438 6439 6440
usemtl Patch_3749_Mat_mat5
f 6439 6438 6441

# obj1338
v 62.95751572 237.99226379 401.5748291
v 74.62870026 240.96936035 400.00003052
v 62.95751572 237.99226379 400.00003052
v 74.62870026 240.96936035 401.5748291
usemtl Patch_3750_Mat_mat5
f 6442 6443 6444
usemtl Patch_3751_Mat_mat5
f 6443 6442 6445

# obj1339
v 30.40928078 242.20013428 400.78744507
v 62.95751572 237.99226379 401.5748291
v 62.95751572 237.99226379 400.00003052
v 30.40928078 242.20013428 402.36224365
usemtl Patch_3752_Mat_mat5
f 6446 6447 6448
usemtl Patch_3753_Mat_mat5
f 6447 6446 6449

# obj1340
v 74.62870026 240.96936035 400.00003052
v 70.12795258 101.17215729 400.00003052
v 62.95751572 237.99226379 400.00003052
v 82.04636383 99.43136597 400.00003052
usemtl Patch_3754_Mat_mat5
f 6450 6451 6452
usemtl Patch_3755_Mat_mat5
f 6451 6450 6453

# obj1341
v 74.62870026 240.96936035 400.00003052
v 76.59148407 241.07225037 407.77578735
v 76.10018158 241.04649353 399.90484619
v 74.62870026 240.96936035 401.5748291
v 75.02190399 240.98999023 407.87402344
usemtl Patch_3756_Mat_mat5
f 6454 6455 6456
usemtl Patch_3757_Mat_mat5
f 6455 6454 6457
usemtl Patch_3758_Mat_mat5
f 6455 6457 6458

# obj1342
v 70.12795258 101.17215729 401.5748291
v 74.62870026 240.96936035 401.5748291
v 62.95751572 237.99226379 401.5748291
v 82.04636383 99.43136597 401.5748291
usemtl Patch_3759_Mat_mat5
f 6459 6460 6461
usemtl Patch_3760_Mat_mat5
f 6460 6459 6462

# obj1343
v 531.30126953 274.20574951 435.6282959
v 538.10632324 114.50061035 435.82678223
v 529.74072266 274.1239624 435.82678223
v 539.66680908 114.58239746 435.6282959
usemtl Patch_3761_Mat_mat5
f 6463 6464 6465
usemtl Patch_3762_Mat_mat5
f 6464 6463 6466

# obj1344
v 539.66680908 114.58239746 437.20632935
v 538.10632324 114.50061035 435.82678223
v 539.66680908 114.58239746 435.6282959
v 538.10632324 114.50061035 437.40161133
usemtl Patch_3763_Mat_mat5
f 6467 6468 6469
usemtl Patch_3764_Mat_mat5
f 6468 6467 6470

# obj1345
v 70.12795258 101.17215729 401.5748291
v 50.18780899 96.43412781 400.49176025
v 70.12795258 101.17215729 400.00003052
v 38.19785309 93.5851593 400.78744507
v 38.19785309 93.5851593 402.36224365
v 50.18780899 96.43412781 402.06655884
usemtl Patch_3765_Mat_mat5
f 6471 6472 6473
usemtl Patch_3766_Mat_mat5
f 6472 6471 6474
usemtl Patch_3767_Mat_mat5
f 6474 6471 6475
usemtl Patch_3768_Mat_mat5
f 6475 6471 6476

# obj1346
v 82.04636383 99.43136597 401.5748291
v 70.12795258 101.17215729 400.00003052
v 82.04636383 99.43136597 400.00003052
v 70.12795258 101.17215729 401.5748291
usemtl Patch_3769_Mat_mat5
f 6477 6478 6479
usemtl Patch_3770_Mat_mat5
f 6478 6477 6480

# obj1347
v 62.95751572 237.99226379 400.00003052
v 38.19785309 93.5851593 400.78744507
v 30.40928078 242.20013428 400.78744507
v 50.18780899 96.43412781 400.49176025
v 70.12795258 101.17215729 400.00003052
usemtl Patch_3771_Mat_mat5
f 6481 6482 6483
usemtl Patch_3772_Mat_mat5
f 6482 6481 6484
usemtl Patch_3773_Mat_mat5
f 6484 6481 6485

# obj1348
v 38.19785309 93.5851593 402.36224365
v -6.20982409 100.52230835 401.39413452
v 38.19785309 93.5851593 400.78744507
v -77.07588196 111.59265137 402.36224365
v -6.20982409 100.52230835 402.96893311
v -77.07588196 111.59265137 403.93704224
usemtl Patch_3774_Mat_mat5
f 6486 6487 6488
usemtl Patch_3775_Mat_mat5
f 6487 6486 6489
usemtl Patch_3776_Mat_mat5
f 6489 6486 6490
usemtl Patch_3777_Mat_mat5
f 6489 6490 6491

# obj1349
v 38.19785309 93.5851593 402.36224365
v 62.95751572 237.99226379 401.5748291
v 30.40928078 242.20013428 402.36224365
v 50.18780899 96.43412781 402.06655884
v 70.12795258 101.17215729 401.5748291
usemtl Patch_3778_Mat_mat5
f 6492 6493 6494
usemtl Patch_3779_Mat_mat5
f 6493 6492 6495
usemtl Patch_3780_Mat_mat5
f 6493 6495 6496

# obj1350
v 371.08731079 254.77064514 431.88980103
v 376.73519897 117.08224487 432.05639648
v 369.52346802 254.68867493 432.05639648
v 378.29901123 117.16419983 431.88980103
usemtl Patch_3781_Mat_mat5
f 6497 6498 6499
usemtl Patch_3782_Mat_mat5
f 6498 6497 6500

# obj1351
v 371.08731079 254.77064514 431.88980103
v 379.29632568 135.74583435 450.39370728
v 378.29901123 117.16419983 431.88980103
v 374.02157593 236.39508057 450.39370728
usemtl Patch_3783_Mat_mat5
f 6501 6502 6503
usemtl Patch_3784_Mat_mat5
f 6502 6501 6504

# obj1352
v 369.52346802 254.68867493 432.05639648
v 374.02157593 236.39508057 450.39370728
v 371.08731079 254.77064514 431.88980103
v 372.45776367 236.31312561 450.56030273
usemtl Patch_3785_Mat_mat5
f 6505 6506 6507
usemtl Patch_3786_Mat_mat5
f 6506 6505 6508

# obj1353
v 377.73251343 135.66387939 450.56030273
v 369.52346802 254.68867493 432.05639648
v 376.73519897 117.08224487 432.05639648
v 372.45776367 236.31312561 450.56030273
usemtl Patch_3787_Mat_mat5
f 6509 6510 6511
usemtl Patch_3788_Mat_mat5
f 6510 6509 6512

# obj1354
v 379.29632568 135.74583435 450.39370728
v 376.73519897 117.08224487 432.05639648
v 378.29901123 117.16419983 431.88980103
v 377.73251343 135.66387939 450.56030273
usemtl Patch_3789_Mat_mat5
f 6513 6514 6515
usemtl Patch_3790_Mat_mat5
f 6514 6513 6516

# obj1355
v 82.36953735 100.78773499 407.87402344
v 76.59148407 241.07225037 407.77578735
v 75.02190399 240.98999023 407.87402344
v 83.93912506 100.86999512 407.77578735
usemtl Patch_3791_Mat_mat5
f 6517 6518 6519
usemtl Patch_3792_Mat_mat5
f 6518 6517 6520

# obj1356
v 82.43954468 99.4519577 407.87402344
v 74.62870026 240.96936035 401.5748291
v 82.04636383 99.43136597 401.5748291
v 82.36953735 100.78773499 407.87402344
v 75.02190399 240.98999023 407.87402344
usemtl Patch_3793_Mat_mat5
f 6521 6522 6523
usemtl Patch_3794_Mat_mat5
f 6522 6521 6524
usemtl Patch_3795_Mat_mat5
f 6522 6524 6525

# obj1357
v 76.10018158 241.04649353 399.90484619
v 84.00912476 99.53421021 407.77578735
v 83.51783752 99.50849152 399.90484619
v 83.93912506 100.86999512 407.77578735
v 76.59148407 241.07225037 407.77578735
usemtl Patch_3796_Mat_mat5
f 6526 6527 6528
usemtl Patch_3797_Mat_mat5
f 6527 6526 6529
usemtl Patch_3798_Mat_mat5
f 6529 6526 6530

# obj1358
v 82.43954468 99.4519577 407.87402344
v 83.93912506 100.86999512 407.77578735
v 82.36953735 100.78773499 407.87402344
v 84.00912476 99.53421021 407.77578735
usemtl Patch_3799_Mat_mat5
f 6531 6532 6533
usemtl Patch_3800_Mat_mat5
f 6532 6531 6534

# obj1359
v 530.27032471 143.65803528 468.11029053
v 528.70983887 143.57624817 466.73080444
v 530.27032471 143.65803528 466.53549194
v 528.70983887 143.57624817 468.30560303
usemtl Patch_3801_Mat_mat5
f 6535 6536 6537
usemtl Patch_3802_Mat_mat5
f 6536 6535 6538

# obj1360
v 528.70983887 143.57624817 468.30560303
v 524.99542236 244.30729675 468.11029053
v 523.43487549 244.22550964 468.30560303
v 530.27032471 143.65803528 468.11029053
usemtl Patch_3803_Mat_mat5
f 6539 6540 6541
usemtl Patch_3804_Mat_mat5
f 6540 6539 6542

# obj1361
v 689.24511719 119.26750946 449.21261597
v 530.27032471 143.65803528 466.53549194
v 689.24511719 119.26750946 447.63781738
v 530.27032471 143.65803528 468.11029053
usemtl Patch_3805_Mat_mat5
f 6543 6544 6545
usemtl Patch_3806_Mat_mat5
f 6544 6543 6546

# obj1362
v 523.43487549 244.22550964 468.30560303
v 528.70983887 143.57624817 466.73080444
v 528.70983887 143.57624817 468.30560303
v 523.43487549 244.22550964 466.73080444
usemtl Patch_3807_Mat_mat5
f 6547 6548 6549
usemtl Patch_3808_Mat_mat5
f 6548 6547 6550

# obj1363
v 84.00912476 99.53421021 407.77578735
v 82.04636383 99.43136597 400.00003052
v 83.51783752 99.50849152 399.90484619
v 82.04636383 99.43136597 401.5748291
v 82.43954468 99.4519577 407.87402344
usemtl Patch_3809_Mat_mat5
f 6551 6552 6553
usemtl Patch_3810_Mat_mat5
f 6552 6551 6554
usemtl Patch_3811_Mat_mat5
f 6554 6551 6555

# obj1364
v 76.10018158 241.04649353 399.90484619
v 82.04636383 99.43136597 400.00003052
v 74.62870026 240.96936035 400.00003052
v 83.51783752 99.50849152 399.90484619
usemtl Patch_3812_Mat_mat5
f 6556 6557 6558
usemtl Patch_3813_Mat_mat5
f 6557 6556 6559

# obj1365
v 379.29632568 135.74583435 451.96853638
v 377.73251343 135.66387939 450.56030273
v 379.29632568 135.74583435 450.39370728
v 377.73251343 135.66387939 452.13510132
usemtl Patch_3814_Mat_mat5
f 6560 6561 6562
usemtl Patch_3815_Mat_mat5
f 6561 6560 6563

# obj1366
v 690.70532227 119.34403229 448.62780762
v 689.24511719 119.26750946 447.63781738
v 690.70532227 119.34403229 447.63781738
v 689.24511719 119.26750946 449.21261597
usemtl Patch_3816_Mat_mat5
f 6564 6565 6566
usemtl Patch_3817_Mat_mat5
f 6565 6564 6567

# obj1367
v 692.77545166 124.9719162 454.53329468
v 689.24511719 119.26750946 449.21261597
v 690.70532227 119.34403229 448.62780762
v 691.31524658 124.89538574 455.11813354
usemtl Patch_3818_Mat_mat5
f 6568 6569 6570
usemtl Patch_3819_Mat_mat5
f 6569 6568 6571

# obj1368
v 682.0098877 285.25802612 447.63781738
v 690.70532227 119.34403229 448.62780762
v 690.70532227 119.34403229 447.63781738
v 682.0098877 285.25802612 448.62780762
usemtl Patch_3820_Mat_mat5
f 6572 6573 6574
usemtl Patch_3821_Mat_mat5
f 6573 6572 6575

# obj1369
v 682.0098877 285.25802612 447.63781738
v 689.24511719 119.26750946 447.63781738
v 680.54974365 285.18148804 447.63781738
v 690.70532227 119.34403229 447.63781738
usemtl Patch_3822_Mat_mat5
f 6576 6577 6578
usemtl Patch_3823_Mat_mat5
f 6577 6576 6579

# obj1370
v 219.12181091 228.2771759 435.96130371
v 224.3966217 127.62787628 434.38647461
v 224.3966217 127.62787628 435.96130371
v 219.12181091 228.2771759 434.38647461
usemtl Patch_3824_Mat_mat5
f 6580 6581 6582
usemtl Patch_3825_Mat_mat5
f 6581 6580 6583

# obj1371
v 224.3966217 127.62787628 435.96130371
v 220.68870544 228.35929871 435.82678223
v 219.12181091 228.2771759 435.96130371
v 225.96353149 127.70999146 435.82678223
usemtl Patch_3826_Mat_mat5
f 6584 6585 6586
usemtl Patch_3827_Mat_mat5
f 6585 6584 6587

# obj1372
v 225.96353149 127.70999146 435.82678223
v 224.3966217 127.62787628 434.38647461
v 225.96353149 127.70999146 434.25198364
v 224.3966217 127.62787628 435.96130371
usemtl Patch_3828_Mat_mat5
f 6588 6589 6590
usemtl Patch_3829_Mat_mat5
f 6589 6588 6591

# obj1373
v 224.3966217 127.62787628 434.38647461
v 217.13865662 243.5486145 420.60699463
v 224.02075195 112.23278809 420.60699463
v 219.12181091 228.2771759 434.38647461
usemtl Patch_3830_Mat_mat5
f 6592 6593 6594
usemtl Patch_3831_Mat_mat5
f 6593 6592 6595

# obj1374
v 219.12181091 228.2771759 434.38647461
v 220.68870544 228.35929871 435.82678223
v 220.68870544 228.35929871 434.25198364
v 219.12181091 228.2771759 435.96130371
usemtl Patch_3832_Mat_mat5
f 6596 6597 6598
usemtl Patch_3833_Mat_mat5
f 6597 6596 6599

# obj1375
v 523.43487549 244.22550964 466.73080444
v 524.99542236 244.30729675 468.11029053
v 524.99542236 244.30729675 466.53549194
v 523.43487549 244.22550964 468.30560303
usemtl Patch_3834_Mat_mat5
f 6600 6601 6602
usemtl Patch_3835_Mat_mat5
f 6601 6600 6603

# obj1376
v 524.99542236 244.30729675 466.53549194
v 680.54974365 285.18148804 449.21261597
v 680.54974365 285.18148804 447.63781738
v 524.99542236 244.30729675 468.11029053
usemtl Patch_3836_Mat_mat5
f 6604 6605 6606
usemtl Patch_3837_Mat_mat5
f 6605 6604 6607

# obj1377
v 385.3949585 109.65128326 431.49609375
v 378.92822266 263.06637573 431.39129639
v 377.35903931 262.98413086 431.49609375
v 386.96411133 109.73352051 431.39129639
usemtl Patch_3838_Mat_mat5
f 6608 6609 6610
usemtl Patch_3839_Mat_mat5
f 6609 6608 6611

# obj1378
v 385.3949585 109.65128326 431.49609375
v 376.96582031 262.96353149 425.59057617
v 385.00158691 109.63066864 425.59057617
v 377.35903931 262.98413086 431.49609375
usemtl Patch_3840_Mat_mat5
f 6612 6613 6614
usemtl Patch_3841_Mat_mat5
f 6613 6612 6615

# obj1379
v 376.96582031 262.96353149 424.01577759
v 378.53500366 263.04577637 425.48577881
v 378.43035889 263.04031372 423.91445923
v 376.96582031 262.96353149 425.59057617
v 378.92822266 263.06637573 431.39129639
v 377.35903931 262.98413086 431.49609375
usemtl Patch_3842_Mat_mat5
f 6616 6617 6618
usemtl Patch_3843_Mat_mat5
f 6617 6616 6619
usemtl Patch_3844_Mat_mat5
f 6617 6619 6620
usemtl Patch_3845_Mat_mat5
f 6620 6619 6621

# obj1380
v 378.53500366 263.04577637 425.48577881
v 386.96411133 109.73352051 431.39129639
v 386.57073975 109.71290588 425.48577881
v 378.92822266 263.06637573 431.39129639
usemtl Patch_3846_Mat_mat5
f 6622 6623 6624
usemtl Patch_3847_Mat_mat5
f 6623 6622 6625

# obj1381
v 386.57073975 109.71290588 425.48577881
v 385.00158691 109.63066864 424.01577759
v 386.46606445 109.70742035 423.91445923
v 385.00158691 109.63066864 425.59057617
v 386.96411133 109.73352051 431.39129639
v 385.3949585 109.65128326 431.49609375
usemtl Patch_3848_Mat_mat5
f 6626 6627 6628
usemtl Patch_3849_Mat_mat5
f 6627 6626 6629
usemtl Patch_3850_Mat_mat5
f 6629 6626 6630
usemtl Patch_3851_Mat_mat5
f 6629 6630 6631

# obj1382
v 225.96353149 127.70999146 435.82678223
v 376.96582031 262.96353149 425.59057617
v 220.68870544 228.35929871 435.82678223
v 385.00158691 109.63066864 425.59057617
usemtl Patch_3852_Mat_mat5
f 6632 6633 6634
usemtl Patch_3853_Mat_mat5
f 6633 6632 6635

# obj1383
v 225.58764648 112.31491089 420.47250366
v 224.3966217 127.62787628 434.38647461
v 224.02075195 112.23278809 420.60699463
v 225.96353149 127.70999146 434.25198364
usemtl Patch_3854_Mat_mat5
f 6636 6637 6638
usemtl Patch_3855_Mat_mat5
f 6637 6636 6639

# obj1384
v 218.70556641 243.63072205 420.47250366
v 225.96353149 127.70999146 434.25198364
v 225.58764648 112.31491089 420.47250366
v 220.68870544 228.35929871 434.25198364
usemtl Patch_3856_Mat_mat5
f 6640 6641 6642
usemtl Patch_3857_Mat_mat5
f 6641 6640 6643

# obj1385
v 218.70556641 243.63072205 420.47250366
v 224.02075195 112.23278809 420.60699463
v 217.13865662 243.5486145 420.60699463
v 225.58764648 112.31491089 420.47250366
usemtl Patch_3858_Mat_mat5
f 6644 6645 6646
usemtl Patch_3859_Mat_mat5
f 6645 6644 6647

# obj1386
v 529.74072266 274.1239624 435.82678223
v 379.29632568 135.74583435 450.39370728
v 374.02157593 236.39508057 450.39370728
v 538.10632324 114.50061035 435.82678223
usemtl Patch_3860_Mat_mat5
f 6648 6649 6650
usemtl Patch_3861_Mat_mat5
f 6649 6648 6651

# obj1387
v 530.27032471 143.65803528 468.11029053
v 680.54974365 285.18148804 449.21261597
v 524.99542236 244.30729675 468.11029053
v 689.24511719 119.26750946 449.21261597
usemtl Patch_3862_Mat_mat5
f 6652 6653 6654
usemtl Patch_3863_Mat_mat5
f 6653 6652 6655

# obj1388
v 226.85827637 251.94282532 411.33673096
v 235.04034424 104.92547607 420.38970947
v 234.56440735 104.90052032 411.33673096
v 227.33410645 251.96769714 420.38970947
usemtl Patch_3864_Mat_mat5
f 6656 6657 6658
usemtl Patch_3865_Mat_mat5
f 6657 6656 6659

# obj1389
v 220.68870544 228.35929871 434.25198364
v 376.96582031 262.96353149 425.59057617
v 376.96582031 262.96353149 424.01577759
v 220.68870544 228.35929871 435.82678223
usemtl Patch_3866_Mat_mat5
f 6660 6661 6662
usemtl Patch_3867_Mat_mat5
f 6661 6660 6663

# obj1390
v 378.43035889 263.04031372 423.91445923
v 385.00158691 109.63066864 424.01577759
v 376.96582031 262.96353149 424.01577759
v 386.46606445 109.70742035 423.91445923
usemtl Patch_3868_Mat_mat5
f 6664 6665 6666
usemtl Patch_3869_Mat_mat5
f 6665 6664 6667

# obj1391
v 225.37046814 251.86483765 411.4173584
v 221.17868042 106.17019653 412.20477295
v 213.67866516 249.28085327 412.20477295
v 233.07661438 104.82254791 411.4173584
usemtl Patch_3870_Mat_mat5
f 6668 6669 6670
usemtl Patch_3871_Mat_mat5
f 6669 6668 6671

# obj1392
v 377.73251343 135.66387939 452.13510132
v 374.02157593 236.39508057 451.96853638
v 372.45776367 236.31312561 452.13510132
v 379.29632568 135.74583435 451.96853638
usemtl Patch_3872_Mat_mat5
f 6672 6673 6674
usemtl Patch_3873_Mat_mat5
f 6673 6672 6675

# obj1393
v 680.54974365 285.18148804 447.63781738
v 530.27032471 143.65803528 466.53549194
v 524.99542236 244.30729675 466.53549194
v 689.24511719 119.26750946 447.63781738
usemtl Patch_3874_Mat_mat5
f 6676 6677 6678
usemtl Patch_3875_Mat_mat5
f 6677 6676 6679

# obj1394
v 226.85827637 251.94282532 411.33673096
v 233.07661438 104.82254791 411.4173584
v 225.37046814 251.86483765 411.4173584
v 234.56440735 104.90052032 411.33673096
usemtl Patch_3876_Mat_mat5
f 6680 6681 6682
usemtl Patch_3877_Mat_mat5
f 6681 6680 6683

# obj1395
v 233.46986389 104.84317017 420.47250366
v 227.33410645 251.96769714 420.38970947
v 225.76364136 251.88539124 420.47250366
v 235.04034424 104.92547607 420.38970947
usemtl Patch_3878_Mat_mat5
f 6684 6685 6686
usemtl Patch_3879_Mat_mat5
f 6685 6684 6687

# obj1396
v 372.45776367 236.31312561 450.56030273
v 374.02157593 236.39508057 451.96853638
v 374.02157593 236.39508057 450.39370728
v 372.45776367 236.31312561 452.13510132
usemtl Patch_3880_Mat_mat5
f 6688 6689 6690
usemtl Patch_3881_Mat_mat5
f 6689 6688 6691

# obj1397
v 682.0098877 285.25802612 448.62780762
v 692.77545166 124.9719162 454.53329468
v 690.70532227 119.34403229 448.62780762
v 684.65734863 279.87747192 454.53329468
usemtl Patch_3882_Mat_mat5
f 6692 6693 6694
usemtl Patch_3883_Mat_mat5
f 6693 6692 6695

# obj1398
v 686.22039795 210.62991333 230.31497192
v 714.96063232 323.22836304 230.31497192
v 679.52758789 320.47241211 230.31497192
v 698.03399658 211.62750244 230.31497192
v 709.84747314 212.62509155 230.31497192
v 721.53997803 213.61245728 230.31495667
usemtl Patch_3884_Mat_mat4
f 6696 6697 6698
usemtl Patch_3885_Mat_mat4
f 6697 6696 6699
usemtl Patch_3886_Mat_mat4
f 6697 6699 6700
usemtl Patch_3887_Mat_mat4
f 6697 6700 6701

# obj1399
v 649.03717041 119.47755432 140.89805603
v 649.95294189 71.83975983 164.50234985
v 649.03717041 71.83975983 140.89805603
v 649.95294189 119.47755432 164.50234985
usemtl Patch_3888_Mat_mat5
f 6702 6703 6704
usemtl Patch_3889_Mat_mat5
f 6703 6702 6705

# obj1400
v 586.48577881 119.47755432 143.32484436
v 649.03717041 71.83975983 140.89805603
v 586.48577881 71.83975983 143.32484436
v 649.03717041 119.47755432 140.89805603
usemtl Patch_3890_Mat_mat5
f 6706 6707 6708
usemtl Patch_3891_Mat_mat5
f 6707 6706 6709

# obj1401
v 688.97637939 154.33070374 224.40943909
v 698.03399658 211.62750244 224.40945435
v 686.22039795 210.62991333 224.40945435
v 700.78741455 154.33070374 224.40943909
usemtl Patch_3892_Mat_mat1
f 6710 6711 6712
usemtl Patch_3893_Mat_mat1
f 6711 6710 6713

# obj1402
v 883.48974609 273.12420654 465.26989746
v 891.39837646 214.42459106 424.43167114
v 887.9821167 214.41503906 465.62884521
v 886.90600586 273.13375854 424.07272339
usemtl Patch_3894_Mat_mat7
f 6714 6715 6716
usemtl Patch_3895_Mat_mat7
f 6715 6714 6717

# obj1403
v 759.8425293 154.72441101 259.44882202
v 771.63726807 155.34362793 265.3543396
v 771.63726807 155.34362793 259.44882202
v 759.8425293 154.72441101 265.3543396
usemtl Patch_3896_Mat_mat1
f 6718 6719 6720
usemtl Patch_3897_Mat_mat1
f 6719 6718 6721

# obj1404
v 759.8425293 154.72441101 259.44882202
v 768.39031982 217.19192505 259.44885254
v 756.59552002 216.57270813 259.44885254
v 771.63726807 155.34362793 259.44882202
usemtl Patch_3898_Mat_mat1
f 6722 6723 6724
usemtl Patch_3899_Mat_mat1
f 6723 6722 6725

# obj1405
v 698.03399658 211.62750244 230.31497192
v 700.78741455 154.33070374 224.40943909
v 700.78741455 154.33070374 230.31494141
v 698.03399658 211.62750244 224.40945435
usemtl Patch_3900_Mat_mat1
f 6726 6727 6728
usemtl Patch_3901_Mat_mat1
f 6727 6726 6729

# obj1406
v 745.01422119 215.59472656 253.54333496
v 756.59552002 216.57270813 247.63781738
v 745.01422119 215.59472656 247.63781738
v 756.59552002 216.57270813 253.54333496
usemtl Patch_3902_Mat_mat1
f 6730 6731 6732
usemtl Patch_3903_Mat_mat1
f 6731 6730 6733

# obj1407
v 721.53997803 213.61245728 247.63781738
v 750 326.77166748 247.63781738
v 714.96063232 323.22836304 247.63781738
v 733.33764648 214.60870361 247.63781738
v 745.01422119 215.59472656 247.63781738
v 756.59552002 216.57270813 247.63781738
usemtl Patch_3904_Mat_mat4
f 6734 6735 6736
usemtl Patch_3905_Mat_mat4
f 6735 6734 6737
usemtl Patch_3906_Mat_mat4
f 6735 6737 6738
usemtl Patch_3907_Mat_mat4
f 6735 6738 6739

# obj1408
v 688.97637939 154.33070374 224.40943909
v 686.22039795 210.62991333 218.50390625
v 688.97637939 154.33070374 218.50390625
v 686.22039795 210.62991333 224.40945435
usemtl Patch_3908_Mat_mat1
f 6740 6741 6742
usemtl Patch_3909_Mat_mat1
f 6741 6740 6743

# obj1409
v 709.84747314 212.62509155 236.22047424
v 712.59844971 154.33070374 230.31494141
v 712.59844971 154.33070374 236.22045898
v 709.84747314 212.62509155 230.31497192
usemtl Patch_3910_Mat_mat1
f 6744 6745 6746
usemtl Patch_3911_Mat_mat1
f 6745 6744 6747

# obj1410
v 714.96063232 323.22836304 247.63781738
v 721.54003906 213.61245728 241.73231506
v 721.53997803 213.61245728 247.63781738
v 721.53997803 213.61245728 230.31495667
v 721.54003906 213.61245728 236.22047424
v 714.96063232 323.22836304 230.31497192
usemtl Patch_3912_Mat_mat4
f 6748 6749 6750
usemtl Patch_3913_Mat_mat4
f 6749 6751 6752
usemtl Patch_3914_Mat_mat4
f 6751 6749 6753
usemtl Patch_3915_Mat_mat4
f 6753 6749 6748

# obj1411
v 756.59552002 216.57270813 259.44885254
v 756.59552002 216.57270813 247.63781738
v 756.59552002 216.57270813 253.54333496
v 756.59552002 216.57270813 265.3543396
v 750 326.77166748 265.3543396
v 750 326.77166748 247.63781738
usemtl Patch_3916_Mat_mat4
f 6755 6757 6758
usemtl Patch_3917_Mat_mat4
f 6755 6758 6759

# obj1412
v 759.8425293 154.72441101 259.44882202
v 756.59552002 216.57270813 253.54333496
v 759.8425293 154.72441101 253.5433197
v 756.59552002 216.57270813 259.44885254
usemtl Patch_3918_Mat_mat1
f 6760 6761 6762
usemtl Patch_3919_Mat_mat1
f 6761 6760 6763

# obj1413
v 733.33764648 214.60870361 241.91288757
v 732.60406494 214.54675293 241.73231506
v 733.33764648 214.60870361 241.73231506
usemtl Patch_3920_Mat_mat4
f 6764 6765 6766

# obj1414
v 732.60406494 214.54675293 241.73231506
v 721.53997803 213.61245728 247.63781738
v 721.54003906 213.61245728 241.73231506
v 733.33764648 214.60870361 241.91288757
v 733.33764648 214.60870361 247.63781738
usemtl Patch_3921_Mat_mat1
f 6767 6768 6769
usemtl Patch_3922_Mat_mat1
f 6768 6767 6770
usemtl Patch_3923_Mat_mat1
f 6768 6770 6771

# obj1415
v 771.63726807 155.34362793 265.3543396
v 768.39031982 217.19192505 259.44885254
v 771.63726807 155.34362793 259.44882202
v 768.39031982 217.19192505 265.3543396
usemtl Patch_3924_Mat_mat1
f 6772 6773 6774
usemtl Patch_3925_Mat_mat1
f 6773 6772 6775

# obj1416
v 698.03399658 211.62750244 224.40945435
v 686.22039795 210.62991333 230.31497192
v 686.22039795 210.62991333 224.40945435
v 698.03399658 211.62750244 230.31497192
usemtl Patch_3926_Mat_mat1
f 6776 6777 6778
usemtl Patch_3927_Mat_mat1
f 6777 6776 6779

# obj1417
v 724.40942383 154.33070374 241.73228455
v 732.60406494 214.54675293 241.73231506
v 721.54003906 213.61245728 241.73231506
v 736.22045898 154.46194458 241.73228455
v 733.33764648 214.60870361 241.73231506
usemtl Patch_3928_Mat_mat1
f 6780 6781 6782
usemtl Patch_3929_Mat_mat1
f 6781 6780 6783
usemtl Patch_3930_Mat_mat1
f 6781 6783 6784

# obj1418
v 745.01422119 215.59472656 253.54333496
v 748.03149414 154.59317017 247.63780212
v 748.03149414 154.59317017 253.5433197
v 745.01422119 215.59472656 247.63781738
usemtl Patch_3931_Mat_mat1
f 6785 6786 6787
usemtl Patch_3932_Mat_mat1
f 6786 6785 6788

# obj1419
v 724.40942383 154.33070374 241.73228455
v 721.54003906 213.61245728 236.22047424
v 724.40942383 154.33070374 236.22045898
v 721.54003906 213.61245728 241.73231506
usemtl Patch_3933_Mat_mat1
f 6789 6790 6791
usemtl Patch_3934_Mat_mat1
f 6790 6789 6792

# obj1420
v 712.59844971 154.33070374 236.22045898
v 721.54003906 213.61245728 236.22047424
v 709.84747314 212.62509155 236.22047424
v 724.40942383 154.33070374 236.22045898
usemtl Patch_3935_Mat_mat1
f 6793 6794 6795
usemtl Patch_3936_Mat_mat1
f 6794 6793 6796

# obj1421
v 586.48577881 119.47755432 143.32484436
v 649.95294189 119.47755432 164.50234985
v 649.03717041 119.47755432 140.89805603
v 587.40155029 119.47755432 166.92913818
usemtl Patch_3937_Mat_mat5
f 6797 6798 6799
usemtl Patch_3938_Mat_mat5
f 6798 6797 6800

# obj1422
v 748.03149414 154.59317017 253.5433197
v 756.59552002 216.57270813 253.54333496
v 745.01422119 215.59472656 253.54333496
v 759.8425293 154.72441101 253.5433197
usemtl Patch_3939_Mat_mat1
f 6801 6802 6803
usemtl Patch_3940_Mat_mat1
f 6802 6801 6804

# obj1423
v 606.31628418 152.9082489 183.46455383
v 615.35430908 204.72439575 183.46453857
v 603.56036377 204.08934021 183.46453857
v 618.11022949 153.54330444 183.46455383
usemtl Patch_3941_Mat_mat1
f 6805 6806 6807
usemtl Patch_3942_Mat_mat1
f 6806 6805 6808

# obj1424
v 887.9821167 214.41503906 465.62884521
v 895.90405273 155.54269409 424.79162598
v 892.48773193 155.53314209 465.98883057
v 891.39837646 214.42459106 424.43167114
usemtl Patch_3943_Mat_mat7
f 6809 6810 6811
usemtl Patch_3944_Mat_mat7
f 6810 6809 6812

# obj1425
v 587.40155029 119.47755432 166.92913818
v 586.48577881 71.83975983 143.32484436
v 587.40155029 71.83975983 166.92913818
v 586.48577881 119.47755432 143.32484436
usemtl Patch_3945_Mat_mat5
f 6813 6814 6815
usemtl Patch_3946_Mat_mat5
f 6814 6813 6816

# obj1426
v 603.56036377 204.08934021 183.46453857
v 606.31628418 152.9082489 177.55903625
v 606.31628418 152.9082489 183.46455383
v 603.56036377 204.08934021 177.559021
usemtl Patch_3947_Mat_mat1
f 6817 6818 6819
usemtl Patch_3948_Mat_mat1
f 6818 6817 6820

# obj1427
v 603.56036377 204.08934021 183.46453857
v 615.35430908 204.72439575 177.559021
v 603.56036377 204.08934021 177.559021
v 615.35430908 204.72439575 183.46453857
usemtl Patch_3949_Mat_mat1
f 6821 6822 6823
usemtl Patch_3950_Mat_mat1
f 6822 6821 6824

# obj1428
v 649.95294189 71.83975983 164.50234985
v 586.48577881 71.83975983 143.32484436
v 649.03717041 71.83975983 140.89805603
v 587.40155029 71.83975983 166.92913818
usemtl Patch_3951_Mat_mat5
f 6825 6826 6827
usemtl Patch_3952_Mat_mat5
f 6826 6825 6828

# obj1429
v 768.39031982 217.19192505 265.3543396
v 756.59552002 216.57270813 259.44885254
v 768.39031982 217.19192505 259.44885254
v 756.59552002 216.57270813 265.3543396
usemtl Patch_3953_Mat_mat1
f 6829 6830 6831
usemtl Patch_3954_Mat_mat1
f 6830 6829 6832

# obj1430
v 618.11022949 153.54330444 177.55903625
v 606.31628418 152.9082489 183.46455383
v 606.31628418 152.9082489 177.55903625
v 618.11022949 153.54330444 183.46455383
usemtl Patch_3955_Mat_mat1
f 6833 6834 6835
usemtl Patch_3956_Mat_mat1
f 6834 6833 6836

# obj1431
v 587.40155029 591.62841797 166.92913818
v 568.89764404 276.37792969 166.92913818
v 559.4487915 387.00790405 166.92913818
usemtl Patch_3957_Mat_mat0
f 6837 6838 6839

# obj1432
v 587.40155029 591.62841797 166.92913818
v 559.4487915 387.00790405 166.92913818
v 546.43719482 496.38671875 166.92913818
usemtl Patch_3958_Mat_mat0
f 6840 6841 6842

# obj1433
v 587.40155029 591.62841797 166.92913818
v 546.43719482 496.38671875 166.92913818
v 491.71121216 487.28262329 166.92915344
usemtl Patch_3959_Mat_mat0
f 6843 6844 6845

# obj1434
v 587.40155029 591.62841797 166.92913818
v 491.71121216 487.28262329 166.92915344
v 477.65667725 574.54333496 166.92915344
usemtl Patch_3960_Mat_mat0
f 6846 6847 6848

# obj1435
v 578.34643555 55.11811066 166.92913818
v 587.40155029 -0 166.92913818
v 578.34643555 -0 166.92913818
v 587.40155029 71.83975983 166.92913818
v 587.40155029 591.62841797 166.92913818
v 587.40155029 119.47755432 166.92913818
usemtl Patch_3961_Mat_mat0
f 6849 6850 6851
usemtl Patch_3962_Mat_mat0
f 6850 6849 6852
usemtl Patch_3963_Mat_mat0
f 6852 6849 6853

# obj1436
v 656.29925537 -0 195.27557373
v 620.86608887 108.26772308 195.27557373
v 620.86608887 -0 195.27557373
v 629.92126465 153.54330444 195.27557373
v 641.7322998 153.54330444 195.27557373
v 653.54333496 153.54330444 195.27557373
v 656.29925537 108.26772308 195.27557373
usemtl Patch_3964_Mat_mat4
f 6855 6856 6857
usemtl Patch_3965_Mat_mat4
f 6856 6855 6858
usemtl Patch_3966_Mat_mat4
f 6858 6855 6859
usemtl Patch_3967_Mat_mat4
f 6859 6855 6860
usemtl Patch_3968_Mat_mat4
f 6860 6855 6861

# obj1437
v 629.92126465 153.54330444 195.27557373
v 618.11022949 153.54330444 195.27557373
v 620.86608887 108.26772308 195.27557373
usemtl Patch_3969_Mat_mat4
f 6862 6863 6864

# obj1438
v 852.08032227 -0 265.3543396
v 851.18109131 86.61417389 265.3543396
v 851.21453857 -0 265.3543396
usemtl Patch_3970_Mat_mat1
f 6865 6866 6867

# obj1439
v 851.21453857 -0 265.3543396
v 851.18109131 86.61417389 265.3543396
v 851.18109131 -0 265.3543396
v 852.08032227 -0 265.3543396
usemtl Patch_3971_Mat_mat1
f 6868 6869 6870
usemtl Patch_3972_Mat_mat1
f 6869 6868 6871

# obj1440
v 490.59378052 492.68365479 177.55905151
v 564.98223877 588.13818359 177.55903625
v 477.41513062 574.5057373 177.559021
v 551.18109131 502.75592041 177.55905151
v 564.17321777 388.18896484 177.55906677
v 573.62207031 277.55908203 177.55906677
v 572.44152832 540.28948975 177.55903625
v 584.1116333 542.10876465 177.55903625
v 580.31494141 166.53544617 177.55906677
v 583.46453857 55.51181412 177.55906677
v 620.86608887 -0 177.55903625
v 583.46453857 -0 177.55906677
v 606.31628418 152.9082489 177.55903625
v 603.56036377 204.08934021 177.559021
v 591.19281006 495.59185791 177.559021
v 618.11022949 153.54330444 177.55903625
v 620.86608887 108.26772308 177.55903625
v 609.05511475 314.56692505 177.559021
v 615.35430908 204.72439575 177.559021
usemtl Patch_3973_Mat_mat1
f 6872 6873 6874
usemtl Patch_3974_Mat_mat1
f 6873 6872 6875
usemtl Patch_3975_Mat_mat1
f 6873 6875 6876
usemtl Patch_3976_Mat_mat1
f 6873 6876 6877
usemtl Patch_3977_Mat_mat1
f 6873 6877 6878
usemtl Patch_3978_Mat_mat1
f 6878 6877 6879
usemtl Patch_3979_Mat_mat1
f 6879 6877 6880
usemtl Patch_3980_Mat_mat1
f 6879 6880 6881
usemtl Patch_3981_Mat_mat1
f 6882 6881 6883
usemtl Patch_3982_Mat_mat1
f 6881 6882 6884
usemtl Patch_3983_Mat_mat1
f 6881 6884 6879
usemtl Patch_3984_Mat_mat1
f 6879 6884 6885
usemtl Patch_3985_Mat_mat1
f 6879 6885 6886
usemtl Patch_3986_Mat_mat1
f 6884 6882 6887
usemtl Patch_3987_Mat_mat1
f 6887 6882 6888
usemtl Patch_3988_Mat_mat1
f 6885 6889 6886
usemtl Patch_3989_Mat_mat1
f 6889 6885 6890

# obj1441
v 551.18109131 502.75592041 209.05513
v 490.59378052 492.68365479 209.05511475
v 491.57925415 487.26068115 209.05511475
usemtl Patch_3990_Mat_mat5
f 6891 6892 6893

# obj1442
v 551.18109131 502.75592041 209.05513
v 491.57925415 487.26068115 209.05511475
v 546.43719482 496.38671875 209.05511475
usemtl Patch_3991_Mat_mat5
f 6894 6895 6896

# obj1443
v 559.4487915 387.00790405 209.05513
v 551.18109131 502.75592041 209.05513
v 546.43719482 496.38671875 209.05511475
usemtl Patch_3992_Mat_mat5
f 6897 6898 6899

# obj1444
v 564.17321777 388.18896484 209.05513
v 551.18109131 502.75592041 209.05513
v 559.4487915 387.00790405 209.05513
usemtl Patch_3993_Mat_mat5
f 6900 6901 6902

# obj1445
v 568.89764404 276.37792969 209.05513
v 564.17321777 388.18896484 209.05513
v 559.4487915 387.00790405 209.05513
usemtl Patch_3994_Mat_mat5
f 6903 6904 6905

# obj1446
v 573.62207031 277.55908203 209.05513
v 564.17321777 388.18896484 209.05513
v 568.89764404 276.37792969 209.05513
usemtl Patch_3995_Mat_mat5
f 6906 6907 6908

# obj1447
v 575.19683838 165.74801636 209.05513
v 573.62207031 277.55908203 209.05513
v 568.89764404 276.37792969 209.05513
usemtl Patch_3996_Mat_mat5
f 6909 6910 6911

# obj1448
v 580.31494141 166.53544617 209.05513
v 573.62207031 277.55908203 209.05513
v 575.19683838 165.74801636 209.05513
usemtl Patch_3997_Mat_mat5
f 6912 6913 6914

# obj1449
v 580.31494141 166.53544617 209.05513
v 575.19683838 165.74801636 209.05513
v 578.34643555 55.11811066 209.05513
usemtl Patch_3998_Mat_mat5
f 6915 6916 6917

# obj1450
v 583.46453857 -0 209.05513
v 578.34643555 55.11811066 209.05513
v 578.34643555 -0 209.05513
v 580.31494141 166.53544617 209.05513
v 583.46453857 55.51181412 209.05513
usemtl Patch_3999_Mat_mat5
f 6918 6919 6920
usemtl Patch_4000_Mat_mat5
f 6919 6918 6921
usemtl Patch_4001_Mat_mat5
f 6921 6918 6922

# obj1451
v 43.04867554 87.126297 -31.49605751
v 30.19053841 361.03488159 -31.49597168
v 22.33902931 360.43994141 -31.49597168
v 77.55903625 -0 -31.49606133
v 12.20472431 80.31496429 -31.49605751
v 12.2047224 -0 -31.49605942
v 51.25629425 83.02149963 -31.49605751
v 29.89307404 364.96063232 -31.49597168
v 43.77355957 506.99633789 -31.49603844
v 24.55283546 364.96063232 -31.49597168
v 50.90018463 87.72122955 -31.49605751
v 77.55903625 512.25610352 -31.49606133
usemtl Patch_4002_Mat_mat1
f 6923 6924 6925
usemtl Patch_4003_Mat_mat1
f 6926 6927 6928
usemtl Patch_4004_Mat_mat1
f 6927 6926 6929
usemtl Patch_4005_Mat_mat1
f 6930 6931 6932
usemtl Patch_4006_Mat_mat1
f 6931 6930 6924
usemtl Patch_4007_Mat_mat1
f 6931 6924 6923
usemtl Patch_4008_Mat_mat1
f 6931 6923 6933
usemtl Patch_4009_Mat_mat1
f 6931 6933 6934
usemtl Patch_4010_Mat_mat1
f 6934 6933 6929
usemtl Patch_4011_Mat_mat1
f 6934 6929 6926

# obj1452
v 12.2047224 -0 -31.49605942
v 12.20472431 118.11023712 0
v 12.20472431 -0 -0
v 12.20472431 80.31496429 -25.19684982
v 12.20472431 80.31496429 -31.49605751
v 12.20472431 89.76377869 -18.89763832
v 12.20472431 89.76377869 -25.19684982
v 12.20472431 99.21260071 -12.59842491
v 12.20472431 99.21260071 -18.89763832
v 12.20472431 108.6614151 -6.29921246
v 12.20472431 108.6614151 -12.59842491
v 12.20472431 118.11023712 -6.29921246
usemtl Patch_4012_Mat_mat3
f 6935 6936 6937
usemtl Patch_4013_Mat_mat3
f 6936 6935 6938
usemtl Patch_4014_Mat_mat3
f 6938 6935 6939
usemtl Patch_4015_Mat_mat3
f 6936 6938 6940
usemtl Patch_4016_Mat_mat3
f 6940 6938 6941
usemtl Patch_4017_Mat_mat3
f 6936 6940 6942
usemtl Patch_4018_Mat_mat3
f 6942 6940 6943
usemtl Patch_4019_Mat_mat3
f 6936 6942 6944
usemtl Patch_4020_Mat_mat3
f 6944 6942 6945
usemtl Patch_4021_Mat_mat3
f 6936 6944 6946

# obj1453
v -146.0630188 364.96060181 15.74803543
v 0.09306635 364.96063232 -49.21255493
v -146.06300354 364.96066284 -49.21259689
v 0.09306635 364.96063232 -43.30702591
v 12.32295132 364.96063232 -43.30702591
v 12.32295132 364.96063232 -37.4015007
v 24.55283546 364.96063232 -37.4015007
v 24.55283546 364.96063232 -31.49597168
v -39.76376343 364.96066284 0
v -70.86616516 364.96060181 7.87401772
v -70.86616516 364.96060181 15.74803543
v -39.76376343 364.96066284 7.87401772
v 29.89307594 364.96063232 8.976E-05
v 29.89307404 364.96063232 -31.49597168
usemtl Patch_4022_Mat_mat1
f 6947 6948 6949
usemtl Patch_4023_Mat_mat1
f 6948 6947 6950
usemtl Patch_4024_Mat_mat1
f 6950 6947 6951
usemtl Patch_4025_Mat_mat1
f 6951 6947 6952
usemtl Patch_4026_Mat_mat1
f 6952 6947 6953
usemtl Patch_4027_Mat_mat1
f 6953 6947 6954
usemtl Patch_4028_Mat_mat1
f 6954 6947 6955
usemtl Patch_4029_Mat_mat1
f 6955 6947 6956
usemtl Patch_4030_Mat_mat1
f 6956 6947 6957
usemtl Patch_4031_Mat_mat1
f 6958 6955 6956
usemtl Patch_4032_Mat_mat1
f 6954 6959 6960
usemtl Patch_4033_Mat_mat1
f 6959 6954 6955

# obj1454
v 864.57446289 303.53182983 39.37007523
v 852.1114502 330.34741211 167.71653748
v 854.07958984 302.78829956 167.71653748
v 862.6048584 331.10281372 39.37007141
usemtl Patch_4034_Mat_mat0
f 6961 6962 6963
usemtl Patch_4035_Mat_mat0
f 6962 6961 6964

# obj1455
v -193.30706787 349.21258545 15.74803543
v -146.06300354 364.96066284 -49.21259689
v -193.30708313 349.21258545 -49.21259689
v -146.0630188 364.96060181 15.74803543
usemtl Patch_4036_Mat_mat1
f 6965 6966 6967
usemtl Patch_4037_Mat_mat1
f 6966 6965 6968

# obj1456
v 901.96850586 299.60629272 167.71653748
v 890.5512085 425.59057617 39.37007904
v 901.96850586 299.60629272 39.37007904
v 890.55114746 425.59057617 167.71653748
usemtl Patch_4038_Mat_mat2
f 6969 6970 6971
usemtl Patch_4039_Mat_mat2
f 6970 6969 6972

# obj1457
v 912.9921875 401.57479858 39.37007904
v 914.96063232 374.80316162 129.92126465
v 914.96063232 374.80316162 39.37007904
v 914.96063232 374.80316162 167.71653748
v 912.99206543 401.57479858 167.71653748
usemtl Patch_4040_Mat_mat2
f 6973 6974 6975
usemtl Patch_4041_Mat_mat2
f 6974 6973 6976
usemtl Patch_4042_Mat_mat2
f 6976 6973 6977

# obj1458
v -193.30708313 349.21258545 -49.21259689
v -194.27218628 352.04135132 6.81003475
v -193.30706787 349.21258545 15.74803543
v -216.14175415 416.14172363 -49.21259689
v -209.42807007 396.46374512 6.70420027
v -209.42832947 396.46453857 15.74803543
v -216.14170837 416.14172363 15.74803543
v -194.27218628 352.04135132 15.74803543
usemtl Patch_4043_Mat_mat1
f 6978 6979 6980
usemtl Patch_4044_Mat_mat1
f 6979 6978 6981
usemtl Patch_4045_Mat_mat1
f 6979 6981 6982
usemtl Patch_4046_Mat_mat1
f 6982 6981 6983
usemtl Patch_4047_Mat_mat1
f 6983 6981 6984
usemtl Patch_4048_Mat_mat1
f 6985 6980 6979

# obj1459
v -267.86090088 198.24906921 7.87401772
v -246.45669556 231.88975525 7.87401772
v -268.26828003 206.63421631 7.87401772
v -39.33636856 275.56149292 7.87410736
v -70.86616516 343.30709839 7.87401772
v -70.86616516 364.96060181 7.87401772
v -39.76376343 364.96066284 7.87401772
v -273.03210449 254.49868774 7.87401772
v -275.04522705 273.40441895 7.87401772
usemtl Patch_4049_Mat_mat3
f 6986 6987 6988
usemtl Patch_4050_Mat_mat3
f 6987 6986 6989
usemtl Patch_4051_Mat_mat3
f 6987 6989 6990
usemtl Patch_4052_Mat_mat3
f 6990 6989 6991
usemtl Patch_4053_Mat_mat3
f 6991 6989 6992
usemtl Patch_4054_Mat_mat3
f 6993 6990 6994
usemtl Patch_4055_Mat_mat3
f 6990 6993 6987

# obj1460
v 874.80957031 92.12611389 39.37007141
v 863.53302002 119.4703064 167.71653748
v 864.32061768 91.91121674 167.71653748
v 874.02215576 119.68518066 39.37007141
usemtl Patch_4056_Mat_mat0
f 6995 6996 6997
usemtl Patch_4057_Mat_mat0
f 6996 6995 6998

# obj1461
v -196.85040283 98.42519379 254.33070374
v -140.55119324 -0 254.33070374
v -196.85040283 -0 254.33070374
v -173.22833252 275.59054565 254.33070374
v -140.55119324 275.59054565 254.33070374
usemtl Patch_4058_Mat_mat5
f 6999 7000 7001
usemtl Patch_4059_Mat_mat5
f 7000 6999 7002
usemtl Patch_4060_Mat_mat5
f 7000 7002 7003

# obj1462
v 851.18109131 -0 265.3543396
v 851.18109131 86.61417389 300.78741455
v 851.18109131 -0 300.78741455
v 851.18109131 86.61417389 265.3543396
usemtl Patch_4061_Mat_mat1
f 7004 7005 7006
usemtl Patch_4062_Mat_mat1
f 7005 7004 7007

# obj1463
v 851.18109131 -0 300.78741455
v 843.70080566 70.86614227 300.78741455
v 843.70080566 -0 300.78741455
v 779.1338501 86.61417389 300.78741455
v 779.1338501 70.86614227 300.78741455
v 851.18109131 86.61417389 300.78741455
usemtl Patch_4063_Mat_mat1
f 7008 7009 7010
usemtl Patch_4064_Mat_mat1
f 7009 7011 7012
usemtl Patch_4065_Mat_mat1
f 7011 7009 7013
usemtl Patch_4066_Mat_mat1
f 7013 7009 7008

# obj1464
v 707.48028564 -0 267.71655273
v 691.7322998 86.61417389 267.71652222
v 691.7322998 -0 267.71652222
v 707.48028564 70.86614227 267.71655273
v 707.48028564 86.61417389 267.71655273
usemtl Patch_4067_Mat_mat1
f 7014 7015 7016
usemtl Patch_4068_Mat_mat1
f 7015 7014 7017
usemtl Patch_4069_Mat_mat1
f 7015 7017 7018

# obj1465
v 691.7322998 86.61417389 267.71652222
v 691.7322998 -0 230.31497192
v 691.7322998 -0 267.71652222
v 691.7322998 86.61417389 230.31497192
usemtl Patch_4070_Mat_mat1
f 7019 7020 7021
usemtl Patch_4071_Mat_mat1
f 7020 7019 7022

# obj1466
v 620.86608887 -0 195.27557373
v 620.86608887 108.26772308 177.55903625
v 620.86608887 -0 177.55903625
v 620.86608887 108.26772308 195.27557373
usemtl Patch_4072_Mat_mat4
f 7023 7024 7025
usemtl Patch_4073_Mat_mat4
f 7024 7023 7026

# obj1467
v 707.48028564 70.86614227 222.44093323
v 707.48028564 -0 267.71655273
v 707.48028564 -0 222.44093323
v 707.48028564 70.86614227 267.71655273
usemtl Patch_4074_Mat_mat1
f 7027 7028 7029
usemtl Patch_4075_Mat_mat1
f 7028 7027 7030

# obj1468
v 843.70080566 -0 222.44093323
v 707.48028564 70.86614227 222.44093323
v 707.48028564 -0 222.44093323
v 843.70080566 70.86614227 222.44093323
usemtl Patch_4076_Mat_mat1
f 7031 7032 7033
usemtl Patch_4077_Mat_mat1
f 7032 7031 7034

# obj1469
v 843.70080566 70.86614227 300.78741455
v 843.70080566 -0 222.44093323
v 843.70080566 -0 300.78741455
v 843.70080566 70.86614227 222.44093323
usemtl Patch_4078_Mat_mat1
f 7035 7036 7037
usemtl Patch_4079_Mat_mat1
f 7036 7035 7038

# obj1470
v 583.46453857 55.51181412 177.55906677
v 583.46453857 -0 209.05513
v 583.46453857 -0 177.55906677
v 583.46453857 55.51181412 209.05513
usemtl Patch_4080_Mat_mat5
f 7039 7040 7041
usemtl Patch_4081_Mat_mat5
f 7040 7039 7042

# obj1471
v 844.88195801 91.66873932 155.90551758
v 850.39373779 -0 167.71655273
v 844.88195801 -0 155.90551758
v 850.39373779 91.73221588 167.71655273
usemtl Patch_4082_Mat_mat0
f 7043 7044 7045
usemtl Patch_4083_Mat_mat0
f 7044 7043 7046

# obj1472
v 578.34643555 55.11811066 209.05513
v 578.34643555 -0 166.92913818
v 578.34643555 -0 209.05513
v 578.34643555 55.11811066 166.92913818
usemtl Patch_4084_Mat_mat5
f 7047 7048 7049
usemtl Patch_4085_Mat_mat5
f 7048 7047 7050

# obj1473
v 587.40155029 591.62841797 166.92913818
v 649.95294189 119.47755432 164.50234985
v 587.40155029 119.47755432 166.92913818
v 766.6496582 619.53381348 159.97489929
v 766.6496582 -0 159.97489929
v 587.40155029 71.83975983 166.92913818
v 587.40155029 -0 166.92913818
v 649.95294189 71.83975983 164.50234985
usemtl Patch_4086_Mat_mat0
f 7051 7052 7053
usemtl Patch_4087_Mat_mat0
f 7052 7051 7054
usemtl Patch_4088_Mat_mat0
f 7052 7054 7055
usemtl Patch_4089_Mat_mat0
f 7056 7055 7057
usemtl Patch_4090_Mat_mat0
f 7055 7056 7058
usemtl Patch_4091_Mat_mat0
f 7055 7058 7052

# obj1474
v 927.16534424 46.45669174 129.92126465
v 927.16534424 -0 39.37007904
v 927.16534424 -0 129.92126465
v 927.16534424 46.45669174 39.37007904
usemtl Patch_4092_Mat_mat2
f 7059 7060 7061
usemtl Patch_4093_Mat_mat2
f 7060 7059 7062

# obj1475
v -86.30049133 491.92617798 -49.21259689
v -85.51318359 486.86895752 41.33858109
v -85.51318359 486.86895752 -49.21259689
v -86.30049133 491.92617798 41.33858109
usemtl Patch_4094_Mat_mat6
f 7063 7064 7065
usemtl Patch_4095_Mat_mat6
f 7064 7063 7066

# obj1476
v 0.83884025 505.49203491 159.44874573
v -86.30049133 491.92617798 68.89762878
v 0.83884025 505.49203491 68.89756775
v -86.30049133 491.92617798 159.44880676
usemtl Patch_4096_Mat_mat6
f 7067 7068 7069
usemtl Patch_4097_Mat_mat6
f 7068 7067 7070

# obj1477
v 927.16534424 46.45669174 39.37007904
v 912.20471191 46.45669174 167.71653748
v 912.20471191 46.45669174 39.37007904
v 927.16534424 46.45669174 129.92126465
v 927.16534424 46.45669174 167.71653748
usemtl Patch_4098_Mat_mat6
f 7071 7072 7073
usemtl Patch_4099_Mat_mat6
f 7072 7071 7074
usemtl Patch_4100_Mat_mat6
f 7072 7074 7075

# obj1478
v 914.96063232 374.80316162 129.92126465
v 1016.53546143 390.55117798 39.37007904
v 914.96063232 374.80316162 39.37007904
v 1016.53546143 390.55117798 129.92126465
usemtl Patch_4101_Mat_mat2
f 7076 7077 7078
usemtl Patch_4102_Mat_mat2
f 7077 7076 7079

# obj1479
v 778.73077393 535.19897461 159.34648132
v 837.01434326 541.73309326 39.3700676
v 788.83886719 536.55554199 39.37006378
v 812.25201416 538.80554199 157.60282898
v 826.51776123 540.31591797 167.71655273
v 817.71655273 539.37005615 167.71655273
usemtl Patch_4103_Mat_mat0
f 7080 7081 7082
usemtl Patch_4104_Mat_mat0
f 7081 7080 7083
usemtl Patch_4105_Mat_mat0
f 7083 7084 7081
usemtl Patch_4106_Mat_mat0
f 7084 7083 7085

# obj1480
v -173.22833252 275.59054565 262.20483398
v -140.55119324 275.59054565 254.33070374
v -173.22833252 275.59054565 254.33070374
v -140.55119324 275.59054565 262.20483398
usemtl Patch_4107_Mat_mat5
f 7086 7087 7088
usemtl Patch_4108_Mat_mat5
f 7087 7086 7089

# obj1481
v 42.94706345 421.62451172 100.3937912
v 80.25095367 427.54611206 77.16544342
v 42.94706345 421.62451172 77.16544342
v 80.25095367 427.54611206 85.53157806
v 117.55484772 433.4677124 85.53157806
v 117.55484772 433.4677124 93.89771271
v 154.85874939 439.38931274 93.89771271
v 154.85874939 439.38931274 102.26384735
v 490.59378052 492.68365479 209.05511475
v 192.16262817 445.31088257 110.62998199
v 192.16262817 445.31088257 102.26384735
v 229.46652222 451.23248291 118.99611664
v 229.46652222 451.23248291 110.62998199
v 266.77041626 457.15408325 127.36225128
v 266.77041626 457.15408325 118.99611664
v 304.0743103 463.07568359 135.7283783
v 304.0743103 463.07568359 127.36225128
v 341.37820435 468.99728394 144.09451294
v 341.37820435 468.99728394 135.7283783
v 378.68209839 474.91888428 152.46064758
v 378.68209839 474.91888428 144.09451294
v 415.98599243 480.84048462 160.82678223
v 415.98599243 480.84048462 152.46064758
v 453.28988647 486.76205444 169.19291687
v 453.28988647 486.76205444 160.82678223
v 490.59378052 492.68365479 169.19291687
v 490.59378052 492.68365479 177.55905151
usemtl Patch_4109_Mat_mat5
f 7090 7091 7092
usemtl Patch_4110_Mat_mat5
f 7091 7090 7093
usemtl Patch_4111_Mat_mat5
f 7093 7090 7094
usemtl Patch_4112_Mat_mat5
f 7094 7090 7095
usemtl Patch_4113_Mat_mat5
f 7095 7090 7096
usemtl Patch_4114_Mat_mat5
f 7096 7090 7097
usemtl Patch_4115_Mat_mat5
f 7097 7090 7098
usemtl Patch_4116_Mat_mat5
f 7097 7098 7099
usemtl Patch_4117_Mat_mat5
f 7097 7099 7100
usemtl Patch_4118_Mat_mat5
f 7099 7098 7101
usemtl Patch_4119_Mat_mat5
f 7099 7101 7102
usemtl Patch_4120_Mat_mat5
f 7101 7098 7103
usemtl Patch_4121_Mat_mat5
f 7101 7103 7104
usemtl Patch_4122_Mat_mat5
f 7103 7098 7105
usemtl Patch_4123_Mat_mat5
f 7103 7105 7106
usemtl Patch_4124_Mat_mat5
f 7105 7098 7107
usemtl Patch_4125_Mat_mat5
f 7105 7107 7108
usemtl Patch_4126_Mat_mat5
f 7107 7098 7109
usemtl Patch_4127_Mat_mat5
f 7107 7109 7110
usemtl Patch_4128_Mat_mat5
f 7109 7098 7111
usemtl Patch_4129_Mat_mat5
f 7109 7111 7112
usemtl Patch_4130_Mat_mat5
f 7111 7098 7113
usemtl Patch_4131_Mat_mat5
f 7111 7113 7114
usemtl Patch_4132_Mat_mat5
f 7113 7098 7115

# obj1482
v 0.83884043 505.49203491 -49.21259689
v -86.30049133 491.92617798 41.33858109
v -86.30049133 491.92617798 -49.21259689
v 0.83884043 505.49203491 41.33858109
usemtl Patch_4133_Mat_mat6
f 7117 7118 7119
usemtl Patch_4134_Mat_mat6
f 7118 7117 7120

# obj1483
v 490.59378052 492.68365479 209.05511475
v 551.18109131 502.75592041 177.55905151
v 490.59378052 492.68365479 177.55905151
v 551.18109131 502.75592041 209.05513
usemtl Patch_4135_Mat_mat5
f 7121 7122 7123
usemtl Patch_4136_Mat_mat5
f 7122 7121 7124

# obj1484
v -86.30049133 491.92617798 68.89762878
v -85.51318359 486.86895752 159.44880676
v -85.51318359 486.86895752 68.89762878
v -86.30049133 491.92617798 159.44880676
usemtl Patch_4137_Mat_mat6
f 7125 7126 7127
usemtl Patch_4138_Mat_mat6
f 7126 7125 7128

# obj1485
v 615.35430908 204.72439575 189.37005615
v 618.11022949 153.54330444 183.46455383
v 618.11022949 153.54330444 189.37005615
v 615.35430908 204.72439575 183.46453857
usemtl Patch_4139_Mat_mat1
f 7129 7130 7131
usemtl Patch_4140_Mat_mat1
f 7130 7129 7132

# obj1486
v 0.83884025 505.49203491 159.44874573
v 1.62614477 500.43484497 68.89756775
v 1.62614477 500.43484497 159.44874573
v 0.83884025 505.49203491 68.89756775
usemtl Patch_4141_Mat_mat6
f 7133 7134 7135
usemtl Patch_4142_Mat_mat6
f 7134 7133 7136

# obj1487
v -76.37795258 391.73226929 100.58416748
v -71.65354919 393.30706787 68.89763641
v -76.37795258 391.73226929 68.89763641
v -71.65354919 393.30706787 100.57839203
usemtl Patch_4143_Mat_mat5
f 7137 7138 7139
usemtl Patch_4144_Mat_mat5
f 7138 7137 7140

# obj1488
v 43.82355881 416.18289185 59.84251785
v -70.86616516 375.19683838 100.49472046
v -70.86616516 375.19683838 59.84251785
v 43.82355881 416.18289185 100.36690521
usemtl Patch_4145_Mat_mat5
f 7141 7142 7143
usemtl Patch_4146_Mat_mat5
f 7142 7141 7144

# obj1489
v 546.43719482 496.38671875 209.05511475
v 491.71121216 487.28262329 166.92915344
v 546.43719482 496.38671875 166.92913818
v 491.57925415 487.26068115 209.05511475
usemtl Patch_4147_Mat_mat5
f 7145 7146 7147
usemtl Patch_4148_Mat_mat5
f 7146 7145 7148

# obj1490
v -173.22833252 275.59054565 262.20483398
v -196.85040283 98.42519379 254.33070374
v -196.85040283 98.42519379 262.20483398
v -173.22833252 275.59054565 254.33070374
usemtl Patch_4149_Mat_mat5
f 7149 7150 7151
usemtl Patch_4150_Mat_mat5
f 7150 7149 7152

# obj1491
v 0.83884043 505.49203491 41.33858109
v 1.62614489 500.43484497 -49.21259689
v 1.62614489 500.43484497 41.33858109
v 0.83884043 505.49203491 -49.21259689
usemtl Patch_4151_Mat_mat6
f 7153 7154 7155
usemtl Patch_4152_Mat_mat6
f 7154 7153 7156

# obj1492
v 975.63641357 652.06890869 167.71653748
v 817.71655273 539.37005615 167.71655273
v 810.09368896 626.29718018 167.71655273
v 826.51776123 540.31591797 167.71655273
v 830.05932617 512.77105713 167.71655273
v 875.98425293 551.5748291 167.71653748
v 838.18902588 329.52752686 167.71655273
v 852.1114502 330.34741211 167.71653748
v 854.07958984 302.78829956 167.71653748
v 863.53302002 119.4703064 167.71653748
v 864.32061768 91.91121674 167.71653748
v 895.27557373 553.93701172 167.71653748
v 912.99206543 401.57479858 167.71653748
v 914.96063232 374.80316162 167.71653748
v 1016.53546143 390.55117798 167.71653748
v 850.39373779 91.73221588 167.71655273
v 927.16534424 -0 167.71653748
v 850.39373779 -0 167.71655273
v 912.20471191 46.45669174 167.71653748
v 890.55114746 425.59057617 167.71653748
v 901.96850586 299.60629272 167.71653748
v 909.05511475 173.22834778 167.71653748
v 927.16534424 46.45669174 167.71653748
v 849.79632568 119.29371643 167.71655273
v 840.1574707 301.57476807 167.71655273
v 820.85845947 511.35552979 167.71655273
usemtl Patch_4153_Mat_mat0
f 7157 7158 7159
usemtl Patch_4154_Mat_mat0
f 7158 7157 7160
usemtl Patch_4155_Mat_mat0
f 7160 7157 7161
usemtl Patch_4156_Mat_mat0
f 7161 7157 7162
usemtl Patch_4157_Mat_mat0
f 7161 7162 7163
usemtl Patch_4158_Mat_mat0
f 7163 7162 7164
usemtl Patch_4159_Mat_mat0
f 7164 7162 7165
usemtl Patch_4160_Mat_mat0
f 7165 7162 7166
usemtl Patch_4161_Mat_mat0
f 7166 7162 7167
usemtl Patch_4162_Mat_mat0
f 7162 7157 7168
usemtl Patch_4163_Mat_mat0
f 7168 7157 7169
usemtl Patch_4164_Mat_mat0
f 7169 7157 7170
usemtl Patch_4165_Mat_mat0
f 7170 7157 7171
usemtl Patch_4166_Mat_mat0
f 7172 7173 7174
usemtl Patch_4167_Mat_mat0
f 7173 7172 7167
usemtl Patch_4168_Mat_mat0
f 7173 7167 7175
usemtl Patch_4169_Mat_mat0
f 7175 7167 7162
usemtl Patch_4170_Mat_mat0
f 7175 7162 7176
usemtl Patch_4171_Mat_mat0
f 7175 7176 7177
usemtl Patch_4172_Mat_mat0
f 7175 7177 7178
usemtl Patch_4173_Mat_mat0
f 7173 7175 7179
usemtl Patch_4174_Mat_mat0
f 7165 7180 7181
usemtl Patch_4175_Mat_mat0
f 7180 7165 7166
usemtl Patch_4176_Mat_mat0
f 7163 7182 7161

# obj1493
v 568.89764404 276.37792969 209.05513
v 575.19683838 165.74801636 166.92913818
v 575.19683838 165.74801636 209.05513
v 568.89764404 276.37792969 166.92913818
usemtl Patch_4177_Mat_mat5
f 7183 7184 7185
usemtl Patch_4178_Mat_mat5
f 7184 7183 7186

# obj1494
v 580.31494141 166.53544617 177.55906677
v 583.46453857 55.51181412 209.05513
v 583.46453857 55.51181412 177.55906677
v 580.31494141 166.53544617 209.05513
usemtl Patch_4179_Mat_mat5
f 7187 7188 7189
usemtl Patch_4180_Mat_mat5
f 7188 7187 7190

# obj1495
v 0.83884043 505.49203491 41.33858109
v -85.51318359 486.86895752 41.33858109
v -86.30049133 491.92617798 41.33858109
v 1.62614489 500.43484497 41.33858109
usemtl Patch_4181_Mat_mat6
f 7191 7192 7193
usemtl Patch_4182_Mat_mat6
f 7192 7191 7194

# obj1496
v 927.16534424 46.45669174 167.71653748
v 927.16534424 -0 129.92126465
v 927.16534424 -0 167.71653748
v 927.16534424 46.45669174 129.92126465
usemtl Patch_4183_Mat_mat2
f 7195 7196 7197
usemtl Patch_4184_Mat_mat2
f 7196 7195 7198

# obj1497
v 615.35430908 204.72439575 195.27555847
v 615.35430908 204.72439575 183.46453857
v 615.35430908 204.72439575 189.37005615
v 615.35430908 204.72439575 177.559021
v 609.05511475 314.56692505 195.27555847
v 609.05511475 314.56692505 177.559021
usemtl Patch_4185_Mat_mat4
f 7202 7199 7203
usemtl Patch_4186_Mat_mat4
f 7202 7203 7204

# obj1498
v -70.86616516 375.19683838 100.49472046
v -71.65354919 393.30706787 100.57839203
v -76.37795258 391.73226929 100.58416748
v -67.32285309 381.49603271 100.51342773
v 43.82355881 416.18289185 100.36690521
v 42.94706345 421.62451172 100.3937912
usemtl Patch_4187_Mat_mat5
f 7205 7206 7207
usemtl Patch_4188_Mat_mat5
f 7206 7205 7208
usemtl Patch_4189_Mat_mat5
f 7208 7205 7209
usemtl Patch_4190_Mat_mat5
f 7208 7209 7210

# obj1499
v 0.83884025 505.49203491 159.44874573
v -85.51318359 486.86895752 159.44880676
v -86.30049133 491.92617798 159.44880676
v 1.62614477 500.43484497 159.44874573
usemtl Patch_4191_Mat_mat6
f 7211 7212 7213
usemtl Patch_4192_Mat_mat6
f 7212 7211 7214

# obj1500
v 559.4487915 387.00790405 209.05513
v 568.89764404 276.37792969 166.92913818
v 568.89764404 276.37792969 209.05513
v 559.4487915 387.00790405 166.92913818
usemtl Patch_4193_Mat_mat5
f 7215 7216 7217
usemtl Patch_4194_Mat_mat5
f 7216 7215 7218

# obj1501
v -196.85040283 98.42519379 262.20483398
v -196.85040283 -0 254.33070374
v -196.85040283 -0 262.20483398
v -196.85040283 98.42519379 254.33070374
usemtl Patch_4195_Mat_mat5
f 7219 7220 7221
usemtl Patch_4196_Mat_mat5
f 7220 7219 7222

# obj1502
v -140.55119324 -0 262.20483398
v -196.85040283 98.42519379 262.20483398
v -196.85040283 -0 262.20483398
v -173.22833252 275.59054565 262.20483398
v -140.55119324 275.59054565 262.20483398
usemtl Patch_4197_Mat_mat5
f 7223 7224 7225
usemtl Patch_4198_Mat_mat5
f 7224 7223 7226
usemtl Patch_4199_Mat_mat5
f 7226 7223 7227

# obj1503
v 778.73077393 535.19897461 159.34648132
v 792.64660645 506.802948 39.37007904
v 782.55523682 505.4486084 159.14755249
v 788.83886719 536.55554199 39.37006378
usemtl Patch_4200_Mat_mat0
f 7228 7229 7230
usemtl Patch_4201_Mat_mat0
f 7229 7228 7231

# obj1504
v 587.40155029 591.62841797 166.92913818
v 578.34643555 55.11811066 166.92913818
v 575.19683838 165.74801636 166.92913818
usemtl Patch_4202_Mat_mat0
f 7232 7233 7234

# obj1505
v 587.40155029 591.62841797 166.92913818
v 575.19683838 165.74801636 166.92913818
v 568.89764404 276.37792969 166.92913818
usemtl Patch_4203_Mat_mat0
f 7235 7236 7237

# obj1506
v -67.32285309 381.49603271 100.51342773
v 24.86544037 415.04440308 68.89772034
v -67.32285309 381.49603271 68.89763641
v 42.94706345 421.62451172 68.89772797
v 42.94706345 421.62451172 77.16544342
v 42.94706345 421.62451172 100.3937912
usemtl Patch_4204_Mat_mat5
f 7238 7239 7240
usemtl Patch_4205_Mat_mat5
f 7239 7238 7241
usemtl Patch_4206_Mat_mat5
f 7241 7238 7242
usemtl Patch_4207_Mat_mat5
f 7242 7238 7243

# obj1507
v 575.19683838 165.74801636 209.05513
v 578.34643555 55.11811066 166.92913818
v 578.34643555 55.11811066 209.05513
v 575.19683838 165.74801636 166.92913818
usemtl Patch_4208_Mat_mat5
f 7244 7245 7246
usemtl Patch_4209_Mat_mat5
f 7245 7244 7247

# obj1508
v 529.93322754 50.3936882 468.30560303
v 529.93322754 -0 466.73080444
v 529.93322754 -0 468.30560303
v 529.93322754 50.3936882 466.73080444
usemtl Patch_4210_Mat_mat5
f 7248 7249 7250
usemtl Patch_4211_Mat_mat5
f 7249 7248 7251

# obj1509
v 529.93322754 50.3936882 466.73080444
v 527.17749023 -0 444.6835022
v 529.93322754 -0 466.73080444
v 527.17749023 72.04716492 444.6835022
usemtl Patch_4212_Mat_mat5
f 7252 7253 7254
usemtl Patch_4213_Mat_mat5
f 7253 7252 7255

# obj1510
v 226.77159119 50.39373016 434.25198364
v 384.64559937 76.77163696 425.59057617
v 384.64559937 76.77163696 424.01577759
v 226.77159119 50.39373016 435.82678223
usemtl Patch_4214_Mat_mat5
f 7256 7257 7258
usemtl Patch_4215_Mat_mat5
f 7257 7256 7259

# obj1511
v 224.0213623 65.74801636 420.60699463
v 225.59040833 -0 420.47250366
v 224.0213623 -0 420.60699463
v 225.59040833 65.74801636 420.47250366
usemtl Patch_4216_Mat_mat5
f 7260 7261 7262
usemtl Patch_4217_Mat_mat5
f 7261 7260 7263

# obj1512
v 820.07849121 -0 433.85827637
v 692.1260376 50.39367676 484.64569092
v 692.1260376 -0 484.64569092
v 820.07849121 82.67709351 433.85827637
usemtl Patch_4218_Mat_mat5
f 7264 7265 7266
usemtl Patch_4219_Mat_mat5
f 7265 7264 7267

# obj1513
v 226.77159119 -0 435.82678223
v 225.20254517 50.39373016 435.96130371
v 225.20254517 -0 435.96130371
v 226.77159119 50.39373016 435.82678223
usemtl Patch_4220_Mat_mat5
f 7268 7269 7270
usemtl Patch_4221_Mat_mat5
f 7269 7268 7271

# obj1514
v 531.49591064 -0 468.11029053
v 529.93322754 50.3936882 468.30560303
v 529.93322754 -0 468.30560303
v 531.49591064 50.3936882 468.11029053
usemtl Patch_4222_Mat_mat5
f 7272 7273 7274
usemtl Patch_4223_Mat_mat5
f 7273 7272 7275

# obj1515
v 692.1260376 50.39367676 483.07089233
v 820.07849121 -0 432.28347778
v 692.1260376 -0 483.07089233
v 820.07849121 82.67709351 432.28347778
usemtl Patch_4224_Mat_mat5
f 7276 7277 7278
usemtl Patch_4225_Mat_mat5
f 7277 7276 7279

# obj1516
v 528.7401123 72.04716492 444.4881897
v 531.49591064 -0 466.53549194
v 528.7401123 -0 444.4881897
v 531.49591064 50.3936882 466.53549194
usemtl Patch_4226_Mat_mat5
f 7280 7281 7282
usemtl Patch_4227_Mat_mat5
f 7281 7280 7283

# obj1517
v 690.67852783 50.39367676 483.69122314
v 692.1260376 50.39367676 484.64569092
v 692.1260376 50.39367676 483.07089233
v 691.24871826 50.39367676 485.02166748
usemtl Patch_4228_Mat_mat5
f 7284 7285 7286
usemtl Patch_4229_Mat_mat5
f 7285 7284 7287

# obj1518
v 384.64559937 76.77163696 424.01577759
v 386.21688843 76.77163696 425.48577881
v 386.11212158 76.77164459 423.91445923
v 384.64559937 76.77163696 425.59057617
v 386.61065674 76.77161407 431.39129639
v 385.03933716 76.77161407 431.49609375
usemtl Patch_4230_Mat_mat5
f 7288 7289 7290
usemtl Patch_4231_Mat_mat5
f 7289 7288 7291
usemtl Patch_4232_Mat_mat5
f 7289 7291 7292
usemtl Patch_4233_Mat_mat5
f 7292 7291 7293

# obj1519
v 527.17749023 72.04716492 444.6835022
v 528.7401123 -0 444.4881897
v 527.17749023 -0 444.6835022
v 528.7401123 72.04716492 444.4881897
usemtl Patch_4234_Mat_mat5
f 7294 7295 7296
usemtl Patch_4235_Mat_mat5
f 7295 7294 7297

# obj1520
v 225.20254517 50.39373016 435.96130371
v 225.20254517 -0 434.38647461
v 225.20254517 -0 435.96130371
v 225.20254517 50.39373016 434.38647461
usemtl Patch_4236_Mat_mat5
f 7298 7299 7300
usemtl Patch_4237_Mat_mat5
f 7299 7298 7301

# obj1521
v 531.49591064 50.3936882 466.53549194
v 688.97619629 83.07078552 449.21261597
v 688.97619629 83.07078552 447.63781738
v 531.49591064 50.3936882 468.11029053
usemtl Patch_4238_Mat_mat5
f 7302 7303 7304
usemtl Patch_4239_Mat_mat5
f 7303 7302 7305

# obj1522
v 225.59040833 65.74801636 420.47250366
v 226.77159119 -0 434.25198364
v 225.59040833 -0 420.47250366
v 226.77159119 50.39373016 434.25198364
usemtl Patch_4240_Mat_mat5
f 7306 7307 7308
usemtl Patch_4241_Mat_mat5
f 7307 7306 7309

# obj1523
v 540.14508057 -0 443.50552368
v 538.58239746 72.04721069 443.70080566
v 538.58239746 -0 443.70080566
v 540.14508057 72.04721069 443.50552368
usemtl Patch_4242_Mat_mat5
f 7310 7311 7312
usemtl Patch_4243_Mat_mat5
f 7311 7310 7313

# obj1524
v 539.35784912 79.92114258 437.20632935
v 540.14508057 -0 443.50552368
v 539.35784912 -0 437.20632935
v 540.14508057 72.04721069 443.50552368
usemtl Patch_4244_Mat_mat5
f 7314 7315 7316
usemtl Patch_4245_Mat_mat5
f 7315 7314 7317

# obj1525
v 225.20254517 50.39373016 434.38647461
v 225.59040833 65.74801636 420.47250366
v 224.0213623 65.74801636 420.60699463
v 226.77159119 50.39373016 434.25198364
usemtl Patch_4246_Mat_mat5
f 7318 7319 7320
usemtl Patch_4247_Mat_mat5
f 7319 7318 7321

# obj1526
v 226.77159119 50.39373016 434.25198364
v 384.64559937 -0 424.01577759
v 226.77159119 -0 434.25198364
v 384.64559937 76.77163696 424.01577759
usemtl Patch_4248_Mat_mat5
f 7322 7323 7324
usemtl Patch_4249_Mat_mat5
f 7323 7322 7325

# obj1527
v 537.79522705 79.92114258 435.82678223
v 539.35784912 79.92114258 437.20632935
v 539.35784912 79.92114258 435.6282959
v 537.79522705 79.92114258 437.40161133
usemtl Patch_4250_Mat_mat5
f 7326 7327 7328
usemtl Patch_4251_Mat_mat5
f 7327 7326 7329

# obj1528
v 225.20254517 50.39373016 434.38647461
v 226.77159119 50.39373016 435.82678223
v 226.77159119 50.39373016 434.25198364
v 225.20254517 50.39373016 435.96130371
usemtl Patch_4252_Mat_mat5
f 7330 7331 7332
usemtl Patch_4253_Mat_mat5
f 7331 7330 7333

# obj1529
v 690.43841553 83.07078552 448.62780762
v 692.80065918 -0 454.53329468
v 690.43841553 -0 448.62780762
v 692.80065918 77.55905914 454.53329468
usemtl Patch_4254_Mat_mat5
f 7334 7335 7336
usemtl Patch_4255_Mat_mat5
f 7335 7334 7337

# obj1530
v 384.64559937 -0 425.59057617
v 226.77159119 50.39373016 435.82678223
v 226.77159119 -0 435.82678223
v 384.64559937 76.77163696 425.59057617
usemtl Patch_4256_Mat_mat5
f 7338 7339 7340
usemtl Patch_4257_Mat_mat5
f 7339 7338 7341

# obj1531
v 527.17749023 72.04716492 444.6835022
v 531.49591064 50.3936882 466.53549194
v 528.7401123 72.04716492 444.4881897
v 529.93322754 50.3936882 466.73080444
usemtl Patch_4258_Mat_mat5
f 7342 7343 7344
usemtl Patch_4259_Mat_mat5
f 7343 7342 7345

# obj1532
v 225.20254517 50.39373016 434.38647461
v 224.0213623 -0 420.60699463
v 225.20254517 -0 434.38647461
v 224.0213623 65.74801636 420.60699463
usemtl Patch_4260_Mat_mat5
f 7346 7347 7348
usemtl Patch_4261_Mat_mat5
f 7347 7346 7349

# obj1533
v 538.58239746 72.04721069 443.70080566
v 537.79522705 -0 437.40161133
v 538.58239746 -0 443.70080566
v 537.79522705 79.92114258 437.40161133
usemtl Patch_4262_Mat_mat5
f 7350 7351 7352
usemtl Patch_4263_Mat_mat5
f 7351 7350 7353

# obj1534
v 538.58239746 72.04721069 443.70080566
v 539.35784912 79.92114258 437.20632935
v 537.79522705 79.92114258 437.40161133
v 540.14508057 72.04721069 443.50552368
usemtl Patch_4264_Mat_mat5
f 7354 7355 7356
usemtl Patch_4265_Mat_mat5
f 7355 7354 7357

# obj1535
v 692.80065918 -0 454.53329468
v 691.33850098 77.55905914 455.11813354
v 691.33850098 -0 455.11813354
v 692.80065918 77.55905914 454.53329468
usemtl Patch_4266_Mat_mat5
f 7358 7359 7360
usemtl Patch_4267_Mat_mat5
f 7359 7358 7361

# obj1536
v 529.93322754 50.3936882 466.73080444
v 531.49591064 50.3936882 468.11029053
v 531.49591064 50.3936882 466.53549194
v 529.93322754 50.3936882 468.30560303
usemtl Patch_4268_Mat_mat5
f 7362 7363 7364
usemtl Patch_4269_Mat_mat5
f 7363 7362 7365

# obj1537
v 74.40939331 -0 420.07876587
v 72.83566284 50.39369965 420.07876587
v 72.83566284 -0 420.07876587
v 74.40939331 50.39369965 420.07876587
usemtl Patch_4270_Mat_mat5
f 7366 7367 7368
usemtl Patch_4271_Mat_mat5
f 7367 7366 7369

# obj1538
v 380.31488037 -0 451.96853638
v 378.74893188 50.39367294 452.13510132
v 378.74893188 -0 452.13510132
v 380.31488037 50.39367294 451.96853638
usemtl Patch_4272_Mat_mat5
f 7370 7371 7372
usemtl Patch_4273_Mat_mat5
f 7371 7370 7373

# obj1539
v 378.74893188 50.39367294 452.13510132
v 378.74893188 -0 450.56030273
v 378.74893188 -0 452.13510132
v 378.74893188 50.39367294 450.56030273
usemtl Patch_4274_Mat_mat5
f 7374 7375 7376
usemtl Patch_4275_Mat_mat5
f 7375 7374 7377

# obj1540
v 74.01576996 62.99218369 407.87402344
v 74.40939331 -0 418.50396729
v 74.01576996 -0 407.87402344
v 74.40939331 50.39369965 418.50396729
usemtl Patch_4276_Mat_mat5
f 7378 7379 7380
usemtl Patch_4277_Mat_mat5
f 7379 7378 7381

# obj1541
v 72.83566284 50.39369965 418.56225586
v 72.44204712 -0 407.93231201
v 72.83566284 -0 418.56225586
v 72.44204712 62.99218369 407.93231201
usemtl Patch_4278_Mat_mat5
f 7382 7383 7384
usemtl Patch_4279_Mat_mat5
f 7383 7382 7385

# obj1542
v 72.44204712 62.99218369 407.93231201
v 74.01576996 -0 407.87402344
v 72.44204712 -0 407.93231201
v 74.01576996 62.99218369 407.87402344
usemtl Patch_4280_Mat_mat5
f 7386 7387 7388
usemtl Patch_4281_Mat_mat5
f 7387 7386 7389

# obj1543
v 220.86610413 71.65348053 412.20477295
v 232.67710876 73.62203217 412.99215698
v 232.67710876 73.62203217 411.4173584
v 220.86610413 71.65348053 413.77957153
usemtl Patch_4282_Mat_mat5
f 7390 7391 7392
usemtl Patch_4283_Mat_mat5
f 7391 7390 7393

# obj1544
v 232.67710876 73.62203217 411.4173584
v 234.64344788 73.62197876 420.38970947
v 234.16696167 73.62204742 411.33673096
v 232.67710876 73.62203217 412.99215698
v 233.0708313 73.62197876 420.47250366
usemtl Patch_4284_Mat_mat5
f 7394 7395 7396
usemtl Patch_4285_Mat_mat5
f 7395 7394 7397
usemtl Patch_4286_Mat_mat5
f 7395 7397 7398

# obj1545
v 232.67710876 -0 412.99215698
v 220.86610413 71.65348053 413.77957153
v 220.86610413 -0 413.77957153
v 232.67710876 73.62203217 412.99215698
usemtl Patch_4287_Mat_mat5
f 7399 7400 7401
usemtl Patch_4288_Mat_mat5
f 7400 7399 7402

# obj1546
v 188.58276367 76.77164459 413.38586426
v 220.86610413 71.65348053 413.77957153
v 220.86610413 71.65348053 412.20477295
v 188.58276367 76.77164459 414.96066284
usemtl Patch_4289_Mat_mat5
f 7403 7404 7405
usemtl Patch_4290_Mat_mat5
f 7404 7403 7406

# obj1547
v 220.86610413 71.65348053 412.20477295
v 232.67710876 -0 411.4173584
v 220.86610413 -0 412.20477295
v 232.67710876 73.62203217 411.4173584
usemtl Patch_4291_Mat_mat5
f 7407 7408 7409
usemtl Patch_4292_Mat_mat5
f 7408 7407 7410

# obj1548
v 220.86610413 -0 413.77957153
v 188.58276367 76.77164459 414.96066284
v 188.58276367 -0 414.96066284
v 220.86610413 71.65348053 413.77957153
usemtl Patch_4293_Mat_mat5
f 7411 7412 7413
usemtl Patch_4294_Mat_mat5
f 7412 7411 7414

# obj1549
v 188.58276367 76.77164459 413.38586426
v 220.86610413 -0 412.20477295
v 188.58276367 -0 413.38586426
v 220.86610413 71.65348053 412.20477295
usemtl Patch_4295_Mat_mat5
f 7415 7416 7417
usemtl Patch_4296_Mat_mat5
f 7416 7415 7418

# obj1550
v 188.58276367 -0 414.96066284
v 74.40939331 50.39369965 420.07876587
v 74.40939331 -0 420.07876587
v 188.58276367 76.77164459 414.96066284
usemtl Patch_4297_Mat_mat5
f 7419 7420 7421
usemtl Patch_4298_Mat_mat5
f 7420 7419 7422

# obj1551
v 74.40939331 50.39369965 418.50396729
v 188.58276367 -0 413.38586426
v 74.40939331 -0 418.50396729
v 188.58276367 76.77164459 413.38586426
usemtl Patch_4299_Mat_mat5
f 7423 7424 7425
usemtl Patch_4300_Mat_mat5
f 7424 7423 7426

# obj1552
v -68.89764404 67.71652222 388.18899536
v -67.32283783 67.71652222 386.61419678
v -68.89764404 67.71652222 386.61419678
v -67.32283783 67.71652222 388.18899536
usemtl Patch_4301_Mat_mat5
f 7427 7428 7429
usemtl Patch_4302_Mat_mat5
f 7428 7427 7430

# obj1553
v -227.55899048 53.9370079 388.18899536
v -68.89764404 67.71652222 386.61419678
v -227.55899048 53.9370079 386.61419678
v -68.89764404 67.71652222 388.18899536
usemtl Patch_4303_Mat_mat5
f 7431 7432 7433
usemtl Patch_4304_Mat_mat5
f 7432 7431 7434

# obj1554
v -227.55899048 53.9370079 386.61419678
v -67.32283783 -0 386.61419678
v -227.55899048 -0 386.61419678
v -68.89764404 67.71652222 386.61419678
v -67.32283783 67.71652222 386.61419678
usemtl Patch_4305_Mat_mat5
f 7435 7436 7437
usemtl Patch_4306_Mat_mat5
f 7436 7435 7438
usemtl Patch_4307_Mat_mat5
f 7436 7438 7439

# obj1555
v -67.32283783 67.71652222 386.61419678
v -67.32283783 -0 394.48822021
v -67.32283783 -0 386.61419678
v -67.32283783 67.71652222 388.18899536
v -67.32283783 67.71652222 394.48822021
usemtl Patch_4308_Mat_mat5
f 7440 7441 7442
usemtl Patch_4309_Mat_mat5
f 7441 7440 7443
usemtl Patch_4310_Mat_mat5
f 7444 7441 7443

# obj1556
v -68.89764404 67.71652222 394.48822021
v -67.32283783 67.71652222 388.18899536
v -68.89764404 67.71652222 388.18899536
v -67.32283783 67.71652222 394.48822021
usemtl Patch_4311_Mat_mat5
f 7445 7446 7447
usemtl Patch_4312_Mat_mat5
f 7446 7445 7448

# obj1557
v -227.55899048 53.9370079 388.18899536
v -227.55899048 -0 386.61419678
v -227.55899048 -0 388.18899536
v -227.55899048 53.9370079 386.61419678
usemtl Patch_4313_Mat_mat5
f 7449 7450 7451
usemtl Patch_4314_Mat_mat5
f 7450 7449 7452

# obj1558
v -68.89764404 -0 388.18899536
v -227.55899048 53.9370079 388.18899536
v -227.55899048 -0 388.18899536
v -68.89764404 67.71652222 388.18899536
usemtl Patch_4315_Mat_mat5
f 7453 7454 7455
usemtl Patch_4316_Mat_mat5
f 7454 7453 7456

# obj1559
v -68.89764404 67.71652222 394.48822021
v -68.89764404 -0 388.18899536
v -68.89764404 -0 394.48822021
v -68.89764404 67.71652222 388.18899536
usemtl Patch_4317_Mat_mat5
f 7457 7458 7459
usemtl Patch_4318_Mat_mat5
f 7458 7457 7460

# obj1560
v 69.85509491 68.49471283 401.5748291
v 81.66609955 70.85691071 400.00003052
v 69.85509491 68.49471283 400.00003052
v 81.66609955 70.85691071 401.5748291
usemtl Patch_4319_Mat_mat5
f 7461 7462 7463
usemtl Patch_4320_Mat_mat5
f 7462 7461 7464

# obj1561
v -76.60163116 50.38448334 402.36224365
v 37.57169342 74.4002533 402.36224365
v 37.57169342 74.4002533 400.78744507
v -76.60163116 50.38448334 403.93704224
usemtl Patch_4321_Mat_mat5
f 7465 7466 7467
usemtl Patch_4322_Mat_mat5
f 7466 7465 7468

# obj1562
v 37.57169342 74.4002533 400.78744507
v 69.85509491 68.49471283 401.5748291
v 69.85509491 68.49471283 400.00003052
v 37.57169342 74.4002533 402.36224365
usemtl Patch_4323_Mat_mat5
f 7469 7470 7471
usemtl Patch_4324_Mat_mat5
f 7470 7469 7472

# obj1563
v 72.26053619 287.31607056 420.07876587
v 172.03230286 426.06826782 414.96066284
v 61.3755455 387.51394653 420.07876587
v 188.61482239 273.42303467 414.96066284
usemtl Patch_4325_Mat_mat5
f 7473 7474 7475
usemtl Patch_4326_Mat_mat5
f 7474 7473 7476

# obj1564
v 81.66609955 70.85691071 400.00003052
v 83.63157654 70.85692596 407.77578735
v 83.13959503 70.85691071 399.90484619
v 81.66609955 70.85691071 401.5748291
v 82.05983734 70.85692596 407.87402344
usemtl Patch_4327_Mat_mat5
f 7477 7478 7479
usemtl Patch_4328_Mat_mat5
f 7478 7477 7480
usemtl Patch_4329_Mat_mat5
f 7478 7480 7481

# obj1565
v 374.81988525 320.18453979 450.56030273
v 359.97952271 438.56552124 432.05639648
v 374.86138916 301.57620239 432.05639648
v 363.93499756 420.38241577 450.56030273
usemtl Patch_4330_Mat_mat5
f 7482 7483 7484
usemtl Patch_4331_Mat_mat5
f 7483 7482 7485

# obj1566
v 361.53634644 438.73464966 431.88980103
v 376.37670898 320.35366821 450.39370728
v 376.41818237 301.74533081 431.88980103
v 365.49179077 420.55151367 450.39370728
usemtl Patch_4332_Mat_mat5
f 7486 7487 7488
usemtl Patch_4333_Mat_mat5
f 7487 7486 7489

# obj1567
v 368.40631104 447.40130615 423.91445923
v 385.09295654 294.76739502 425.48577881
v 384.98876953 294.756073 423.91445923
v 368.51046753 447.41262817 425.48577881
usemtl Patch_4334_Mat_mat5
f 7490 7491 7492
usemtl Patch_4335_Mat_mat5
f 7491 7490 7493

# obj1568
v 383.92245483 294.64022827 431.49609375
v 366.94836426 447.24291992 425.59057617
v 383.53085327 294.59768677 425.59057617
v 367.33981323 447.28543091 431.49609375
usemtl Patch_4336_Mat_mat5
f 7494 7495 7496
usemtl Patch_4337_Mat_mat5
f 7495 7494 7497

# obj1569
v 366.94836426 447.24291992 424.01577759
v 368.51046753 447.41262817 425.48577881
v 368.40631104 447.40130615 423.91445923
v 366.94836426 447.24291992 425.59057617
v 368.90194702 447.45510864 431.39129639
v 367.33981323 447.28543091 431.49609375
usemtl Patch_4338_Mat_mat5
f 7498 7499 7500
usemtl Patch_4339_Mat_mat5
f 7499 7498 7501
usemtl Patch_4340_Mat_mat5
f 7499 7501 7502
usemtl Patch_4341_Mat_mat5
f 7502 7501 7503

# obj1570
v 368.51046753 447.41262817 425.48577881
v 385.48455811 294.80993652 431.39129639
v 385.09295654 294.76739502 425.48577881
v 368.90194702 447.45510864 431.39129639
usemtl Patch_4342_Mat_mat5
f 7504 7505 7506
usemtl Patch_4343_Mat_mat5
f 7505 7504 7507

# obj1571
v 366.94836426 447.24291992 424.01577759
v 223.73155212 303.77108765 434.25198364
v 212.84657288 403.96899414 434.25198364
v 383.53085327 294.59768677 424.01577759
usemtl Patch_4344_Mat_mat5
f 7508 7509 7510
usemtl Patch_4345_Mat_mat5
f 7509 7508 7511

# obj1572
v 222.17169189 303.60162354 434.38647461
v 208.4541626 418.9364624 420.60699463
v 222.65577698 288.20956421 420.60699463
v 211.28669739 403.79956055 434.38647461
usemtl Patch_4346_Mat_mat5
f 7512 7513 7514
usemtl Patch_4347_Mat_mat5
f 7513 7512 7515

# obj1573
v 210.01403809 419.10592651 420.47250366
v 223.73155212 303.77108765 434.25198364
v 224.21563721 288.37902832 420.47250366
v 212.84657288 403.96899414 434.25198364
usemtl Patch_4348_Mat_mat5
f 7516 7517 7518
usemtl Patch_4349_Mat_mat5
f 7517 7516 7519

# obj1574
v 223.73155212 303.77108765 435.82678223
v 366.94836426 447.24291992 425.59057617
v 212.84657288 403.96899414 435.82678223
v 383.53085327 294.59768677 425.59057617
usemtl Patch_4350_Mat_mat5
f 7520 7521 7522
usemtl Patch_4351_Mat_mat5
f 7521 7520 7523

# obj1575
v 216.20890808 427.69924927 411.4173584
v 220.15655518 281.99777222 412.20477295
v 204.67958069 424.46661377 412.20477295
v 232.11116028 281.31637573 411.4173584
usemtl Patch_4352_Mat_mat5
f 7524 7525 7526
usemtl Patch_4353_Mat_mat5
f 7525 7524 7527

# obj1576
v 67.67459869 410.36593628 399.90484619
v 83.47064209 269.51580811 407.77578735
v 82.98155975 269.462677 399.90484619
v 83.3261795 270.84558105 407.77578735
v 68.16369629 410.41906738 407.77578735
usemtl Patch_4354_Mat_mat5
f 7528 7529 7530
usemtl Patch_4355_Mat_mat5
f 7529 7528 7531
usemtl Patch_4356_Mat_mat5
f 7531 7528 7532

# obj1577
v 83.47064209 269.51580811 407.77578735
v 81.51667786 269.30355835 400.00003052
v 82.98155975 269.462677 399.90484619
v 81.51667786 269.30355835 401.5748291
v 81.90809631 269.34603882 407.87402344
usemtl Patch_4357_Mat_mat5
f 7533 7534 7535
usemtl Patch_4358_Mat_mat5
f 7534 7533 7536
usemtl Patch_4359_Mat_mat5
f 7536 7533 7537

# obj1578
v 217.69004822 427.86016846 411.33673096
v 234.06608582 281.52877808 420.38970947
v 233.59228516 281.47729492 411.33673096
v 218.16375732 427.91156006 420.38970947
usemtl Patch_4360_Mat_mat5
f 7538 7539 7540
usemtl Patch_4361_Mat_mat5
f 7539 7538 7541

# obj1579
v 234.06608582 281.52877808 420.38970947
v 232.11116028 281.31637573 411.4173584
v 233.59228516 281.47729492 411.33673096
v 232.11116028 281.31637573 412.99215698
v 232.50265503 281.35891724 420.47250366
usemtl Patch_4362_Mat_mat5
f 7542 7543 7544
usemtl Patch_4363_Mat_mat5
f 7543 7542 7545
usemtl Patch_4364_Mat_mat5
f 7545 7542 7546

# obj1580
v 216.20890808 427.69924927 411.4173584
v 218.16375732 427.91156006 420.38970947
v 217.69004822 427.86016846 411.33673096
v 216.20890808 427.69924927 412.99215698
v 216.60032654 427.74169922 420.47250366
usemtl Patch_4365_Mat_mat5
f 7547 7548 7549
usemtl Patch_4366_Mat_mat5
f 7548 7547 7550
usemtl Patch_4367_Mat_mat5
f 7548 7550 7551

# obj1581
v 232.50265503 281.35891724 420.47250366
v 216.20890808 427.69924927 412.99215698
v 232.11116028 281.31637573 412.99215698
v 216.60032654 427.74169922 420.47250366
usemtl Patch_4368_Mat_mat5
f 7552 7553 7554
usemtl Patch_4369_Mat_mat5
f 7553 7552 7555

# obj1582
v 59.62360001 399.99624634 407.87402344
v 72.26053619 287.31607056 418.50396729
v 73.22982788 274.74880981 407.87402344
v 61.3755455 387.51394653 418.50396729
usemtl Patch_4370_Mat_mat5
f 7556 7557 7558
usemtl Patch_4371_Mat_mat5
f 7557 7556 7559

# obj1583
v 70.6960144 287.14611816 418.56225586
v 58.05908203 399.82626343 407.93231201
v 71.66531372 274.5788269 407.93231201
v 59.81102753 387.34399414 418.56225586
usemtl Patch_4372_Mat_mat5
f 7560 7561 7562
usemtl Patch_4373_Mat_mat5
f 7561 7560 7563

# obj1584
v 220.15655518 281.99777222 413.77957153
v 216.20890808 427.69924927 412.99215698
v 204.67958069 424.46661377 413.77957153
v 232.11116028 281.31637573 412.99215698
usemtl Patch_4374_Mat_mat5
f 7564 7565 7566
usemtl Patch_4375_Mat_mat5
f 7565 7564 7567

# obj1585
v 81.90809631 269.34603882 407.87402344
v 66.2097168 410.20678711 401.5748291
v 81.51667786 269.30355835 401.5748291
v 81.76363373 270.67584229 407.87402344
v 66.60115814 410.24932861 407.87402344
usemtl Patch_4376_Mat_mat5
f 7568 7569 7570
usemtl Patch_4377_Mat_mat5
f 7569 7568 7571
usemtl Patch_4378_Mat_mat5
f 7569 7571 7572

# obj1586
v 66.2097168 410.20678711 400.00003052
v 68.16369629 410.41906738 407.77578735
v 67.67459869 410.36593628 399.90484619
v 66.2097168 410.20678711 401.5748291
v 66.60115814 410.24932861 407.87402344
usemtl Patch_4379_Mat_mat5
f 7573 7574 7575
usemtl Patch_4380_Mat_mat5
f 7574 7573 7576
usemtl Patch_4381_Mat_mat5
f 7574 7576 7577

# obj1587
v 386.21688843 76.77163696 425.48577881
v 386.61065674 -0 431.39129639
v 386.21688843 -0 425.48577881
v 386.61065674 76.77161407 431.39129639
usemtl Patch_4382_Mat_mat5
f 7578 7579 7580
usemtl Patch_4383_Mat_mat5
f 7579 7578 7581

# obj1588
v 385.03933716 76.77161407 431.49609375
v 384.64559937 -0 425.59057617
v 385.03933716 -0 431.49609375
v 384.64559937 76.77163696 425.59057617
usemtl Patch_4384_Mat_mat5
f 7582 7583 7584
usemtl Patch_4385_Mat_mat5
f 7583 7582 7585

# obj1589
v 233.0708313 73.62197876 420.47250366
v 232.67710876 -0 412.99215698
v 233.0708313 -0 420.47250366
v 232.67710876 73.62203217 412.99215698
usemtl Patch_4386_Mat_mat5
f 7586 7587 7588
usemtl Patch_4387_Mat_mat5
f 7587 7586 7589

# obj1590
v 681.49609375 74.80311584 458.26776123
v 692.1260376 -0 483.07089233
v 681.49609375 -0 458.26776123
v 692.1260376 50.39367676 483.07089233
usemtl Patch_4388_Mat_mat5
f 7590 7591 7592
usemtl Patch_4389_Mat_mat5
f 7591 7590 7593

# obj1591
v 386.11212158 76.77164459 423.91445923
v 386.21688843 -0 425.48577881
v 386.11212158 -0 423.91445923
v 386.21688843 76.77163696 425.48577881
usemtl Patch_4390_Mat_mat5
f 7594 7595 7596
usemtl Patch_4391_Mat_mat5
f 7595 7594 7597

# obj1592
v 234.16696167 73.62204742 411.33673096
v 234.64344788 -0 420.38970947
v 234.16696167 -0 411.33673096
v 234.64344788 73.62197876 420.38970947
usemtl Patch_4392_Mat_mat5
f 7598 7599 7600
usemtl Patch_4393_Mat_mat5
f 7599 7598 7601

# obj1593
v 690.67852783 50.39367676 483.69122314
v 680.04858398 -0 458.88812256
v 690.67852783 -0 483.69122314
v 680.04858398 74.80311584 458.88812256
usemtl Patch_4394_Mat_mat5
f 7602 7603 7604
usemtl Patch_4395_Mat_mat5
f 7603 7602 7605

# obj1594
v 83.13959503 70.85691071 399.90484619
v 83.63157654 -0 407.77578735
v 83.13959503 -0 399.90484619
v 83.63157654 70.85692596 407.77578735
usemtl Patch_4396_Mat_mat5
f 7606 7607 7608
usemtl Patch_4397_Mat_mat5
f 7607 7606 7609

# obj1595
v 82.05983734 70.85692596 407.87402344
v 81.66609955 -0 401.5748291
v 82.05983734 -0 407.87402344
v 81.66609955 70.85691071 401.5748291
usemtl Patch_4398_Mat_mat5
f 7610 7611 7612
usemtl Patch_4399_Mat_mat5
f 7611 7610 7613

# obj1596
v 680.04858398 74.80311584 458.88812256
v 681.49609375 -0 458.26776123
v 680.04858398 -0 458.88812256
v 681.49609375 74.80311584 458.26776123
usemtl Patch_4400_Mat_mat5
f 7614 7615 7616
usemtl Patch_4401_Mat_mat5
f 7615 7614 7617

# obj1597
v 386.61065674 -0 431.39129639
v 385.03933716 76.77161407 431.49609375
v 385.03933716 -0 431.49609375
v 386.61065674 76.77161407 431.39129639
usemtl Patch_4402_Mat_mat5
f 7618 7619 7620
usemtl Patch_4403_Mat_mat5
f 7619 7618 7621

# obj1598
v 384.64559937 76.77163696 424.01577759
v 386.11212158 -0 423.91445923
v 384.64559937 -0 424.01577759
v 386.11212158 76.77164459 423.91445923
usemtl Patch_4404_Mat_mat5
f 7622 7623 7624
usemtl Patch_4405_Mat_mat5
f 7623 7622 7625

# obj1599
v 232.67710876 73.62203217 411.4173584
v 234.16696167 -0 411.33673096
v 232.67710876 -0 411.4173584
v 234.16696167 73.62204742 411.33673096
usemtl Patch_4406_Mat_mat5
f 7626 7627 7628
usemtl Patch_4407_Mat_mat5
f 7627 7626 7629

# obj1600
v 234.64344788 -0 420.38970947
v 233.0708313 73.62197876 420.47250366
v 233.0708313 -0 420.47250366
v 234.64344788 73.62197876 420.38970947
usemtl Patch_4408_Mat_mat5
f 7630 7631 7632
usemtl Patch_4409_Mat_mat5
f 7631 7630 7633

# obj1601
v -76.60163116 50.38448334 403.93704224
v -76.60163116 -0 402.36224365
v -76.60163116 -0 403.93704224
v -76.60163116 50.38448334 402.36224365
usemtl Patch_4410_Mat_mat5
f 7634 7635 7636
usemtl Patch_4411_Mat_mat5
f 7635 7634 7637

# obj1602
v -67.32283783 -0 394.48822021
v -68.89764404 67.71652222 394.48822021
v -68.89764404 -0 394.48822021
v -67.32283783 67.71652222 394.48822021
usemtl Patch_4412_Mat_mat5
f 7638 7639 7640
usemtl Patch_4413_Mat_mat5
f 7639 7638 7641

# obj1603
v 81.66609955 70.85691071 400.00003052
v 83.13959503 -0 399.90484619
v 81.66609955 -0 400.00003052
v 83.13959503 70.85691071 399.90484619
usemtl Patch_4414_Mat_mat5
f 7642 7643 7644
usemtl Patch_4415_Mat_mat5
f 7643 7642 7645

# obj1604
v 69.85509491 68.49471283 400.00003052
v 81.66609955 -0 400.00003052
v 69.85509491 -0 400.00003052
v 81.66609955 70.85691071 400.00003052
usemtl Patch_4416_Mat_mat5
f 7646 7647 7648
usemtl Patch_4417_Mat_mat5
f 7647 7646 7649

# obj1605
v 83.63157654 -0 407.77578735
v 82.05983734 70.85692596 407.87402344
v 82.05983734 -0 407.87402344
v 83.63157654 70.85692596 407.77578735
usemtl Patch_4418_Mat_mat5
f 7650 7651 7652
usemtl Patch_4419_Mat_mat5
f 7651 7650 7653

# obj1606
v 81.66609955 -0 401.5748291
v 69.85509491 68.49471283 401.5748291
v 69.85509491 -0 401.5748291
v 81.66609955 70.85691071 401.5748291
usemtl Patch_4420_Mat_mat5
f 7654 7655 7656
usemtl Patch_4421_Mat_mat5
f 7655 7654 7657

# obj1607
v -76.60163116 50.38448334 402.36224365
v 37.57169342 -0 400.78744507
v -76.60163116 -0 402.36224365
v 37.57169342 74.4002533 400.78744507
usemtl Patch_4422_Mat_mat5
f 7658 7659 7660
usemtl Patch_4423_Mat_mat5
f 7659 7658 7661

# obj1608
v 37.57169342 74.4002533 400.78744507
v 69.85509491 -0 400.00003052
v 37.57169342 -0 400.78744507
v 69.85509491 68.49471283 400.00003052
usemtl Patch_4424_Mat_mat5
f 7662 7663 7664
usemtl Patch_4425_Mat_mat5
f 7663 7662 7665

# obj1609
v 69.85509491 -0 401.5748291
v 37.57169342 74.4002533 402.36224365
v 37.57169342 -0 402.36224365
v 69.85509491 68.49471283 401.5748291
usemtl Patch_4426_Mat_mat5
f 7666 7667 7668
usemtl Patch_4427_Mat_mat5
f 7667 7666 7669

# obj1610
v 37.57169342 -0 402.36224365
v -76.60163116 50.38448334 403.93704224
v -76.60163116 -0 403.93704224
v 37.57169342 74.4002533 402.36224365
usemtl Patch_4428_Mat_mat5
f 7670 7671 7672
usemtl Patch_4429_Mat_mat5
f 7671 7670 7673

# obj1611
v 761.53875732 473.86254883 499.14770508
v 760.23620605 503.54330444 427.55905151
v 763.88061523 455.59014893 499.35858154
v 757.75317383 517.45928955 447.32000732
v 756.69287109 531.10235596 427.55905151
v 750.92456055 556.67816162 498.19198608
v 748.34960938 576.7689209 497.96011353
usemtl Patch_4430_Mat_mat0
f 7674 7675 7676
usemtl Patch_4431_Mat_mat0
f 7675 7674 7677
usemtl Patch_4432_Mat_mat0
f 7675 7677 7678
usemtl Patch_4433_Mat_mat0
f 7678 7677 7679
usemtl Patch_4434_Mat_mat0
f 7678 7679 7680

# obj1612
v 520.41558838 467.08282471 435.6282959
v 536.125 308.0065918 435.82678223
v 518.86206055 466.9140625 435.82678223
v 537.67852783 308.175354 435.6282959
usemtl Patch_4435_Mat_mat5
f 7681 7682 7683
usemtl Patch_4436_Mat_mat5
f 7682 7681 7684

# obj1613
v 520.41558838 467.08282471 435.6282959
v 537.67852783 308.175354 437.20632935
v 537.67852783 308.175354 435.6282959
v 520.41558838 467.08282471 437.20632935
usemtl Patch_4437_Mat_mat5
f 7685 7686 7687
usemtl Patch_4438_Mat_mat5
f 7686 7685 7688

# obj1614
v 536.125 308.0065918 437.40161133
v 376.37670898 320.35366821 450.39370728
v 536.125 308.0065918 435.82678223
v 376.37670898 320.35366821 451.96853638
usemtl Patch_4439_Mat_mat5
f 7689 7690 7691
usemtl Patch_4440_Mat_mat5
f 7690 7689 7692

# obj1615
v 365.49179077 420.55151367 450.39370728
v 518.86206055 466.9140625 437.40161133
v 518.86206055 466.9140625 435.82678223
v 365.49179077 420.55151367 451.96853638
usemtl Patch_4441_Mat_mat5
f 7693 7694 7695
usemtl Patch_4442_Mat_mat5
f 7694 7693 7696

# obj1616
v 368.40631104 447.40130615 423.91445923
v 383.53085327 294.59768677 424.01577759
v 366.94836426 447.24291992 424.01577759
v 384.98876953 294.756073 423.91445923
usemtl Patch_4443_Mat_mat5
f 7697 7698 7699
usemtl Patch_4444_Mat_mat5
f 7698 7697 7700

# obj1617
v 361.53634644 438.73464966 431.88980103
v 374.86138916 301.57620239 432.05639648
v 359.97952271 438.56552124 432.05639648
v 376.41818237 301.74533081 431.88980103
usemtl Patch_4445_Mat_mat5
f 7701 7702 7703
usemtl Patch_4446_Mat_mat5
f 7702 7701 7704

# obj1618
v 374.86138916 301.57620239 432.05639648
v 376.37670898 320.35366821 450.39370728
v 374.81988525 320.18453979 450.56030273
v 376.41818237 301.74533081 431.88980103
usemtl Patch_4447_Mat_mat5
f 7705 7706 7707
usemtl Patch_4448_Mat_mat5
f 7706 7705 7708

# obj1619
v 359.97952271 438.56552124 432.05639648
v 365.49179077 420.55151367 450.39370728
v 361.53634644 438.73464966 431.88980103
v 363.93499756 420.38241577 450.56030273
usemtl Patch_4449_Mat_mat5
f 7709 7710 7711
usemtl Patch_4450_Mat_mat5
f 7710 7709 7712

# obj1620
v 363.93499756 420.38241577 452.13510132
v 374.81988525 320.18453979 450.56030273
v 374.81988525 320.18453979 452.13510132
v 363.93499756 420.38241577 450.56030273
usemtl Patch_4451_Mat_mat5
f 7713 7714 7715
usemtl Patch_4452_Mat_mat5
f 7714 7713 7716

# obj1621
v 363.93499756 420.38241577 450.56030273
v 365.49179077 420.55151367 451.96853638
v 365.49179077 420.55151367 450.39370728
v 363.93499756 420.38241577 452.13510132
usemtl Patch_4453_Mat_mat5
f 7717 7718 7719
usemtl Patch_4454_Mat_mat5
f 7718 7717 7720

# obj1622
v 376.37670898 320.35366821 451.96853638
v 374.81988525 320.18453979 450.56030273
v 376.37670898 320.35366821 450.39370728
v 374.81988525 320.18453979 452.13510132
usemtl Patch_4455_Mat_mat5
f 7721 7722 7723
usemtl Patch_4456_Mat_mat5
f 7722 7721 7724

# obj1623
v 520.49505615 459.17120361 443.70080566
v 520.41558838 467.08282471 437.20632935
v 518.86206055 466.9140625 437.40161133
v 522.04852295 459.33996582 443.50552368
usemtl Patch_4457_Mat_mat5
f 7725 7726 7727
usemtl Patch_4458_Mat_mat5
f 7726 7725 7728

# obj1624
v 520.41558838 467.08282471 437.20632935
v 537.61071777 316.08828735 443.50552368
v 537.67852783 308.175354 437.20632935
v 522.04852295 459.33996582 443.50552368
usemtl Patch_4459_Mat_mat5
f 7729 7730 7731
usemtl Patch_4460_Mat_mat5
f 7730 7729 7732

# obj1625
v 374.81988525 320.18453979 452.13510132
v 365.49179077 420.55151367 451.96853638
v 363.93499756 420.38241577 452.13510132
v 376.37670898 320.35366821 451.96853638
usemtl Patch_4461_Mat_mat5
f 7733 7734 7735
usemtl Patch_4462_Mat_mat5
f 7734 7733 7736

# obj1626
v 536.125 308.0065918 437.40161133
v 537.61071777 316.08828735 443.50552368
v 536.05718994 315.91952515 443.70080566
v 537.67852783 308.175354 437.20632935
usemtl Patch_4463_Mat_mat5
f 7737 7738 7739
usemtl Patch_4464_Mat_mat5
f 7738 7737 7740

# obj1627
v 536.05718994 315.91952515 443.70080566
v 518.86206055 466.9140625 437.40161133
v 536.125 308.0065918 437.40161133
v 520.49505615 459.17120361 443.70080566
usemtl Patch_4465_Mat_mat5
f 7741 7742 7743
usemtl Patch_4466_Mat_mat5
f 7742 7741 7744

# obj1628
v 536.05718994 315.91952515 443.70080566
v 522.04852295 459.33996582 443.50552368
v 520.49505615 459.17120361 443.70080566
v 537.61071777 316.08828735 443.50552368
usemtl Patch_4467_Mat_mat5
f 7745 7746 7747
usemtl Patch_4468_Mat_mat5
f 7746 7745 7748

# obj1629
v 518.86206055 466.9140625 435.82678223
v 520.41558838 467.08282471 437.20632935
v 520.41558838 467.08282471 435.6282959
v 518.86206055 466.9140625 437.40161133
usemtl Patch_4469_Mat_mat5
f 7749 7750 7751
usemtl Patch_4470_Mat_mat5
f 7750 7749 7752

# obj1630
v 537.67852783 308.175354 437.20632935
v 536.125 308.0065918 435.82678223
v 537.67852783 308.175354 435.6282959
v 536.125 308.0065918 437.40161133
usemtl Patch_4471_Mat_mat5
f 7753 7754 7755
usemtl Patch_4472_Mat_mat5
f 7754 7753 7756

# obj1631
v 385.09295654 294.76739502 425.48577881
v 383.53085327 294.59768677 424.01577759
v 384.98876953 294.756073 423.91445923
v 383.53085327 294.59768677 425.59057617
v 385.48455811 294.80993652 431.39129639
v 383.92245483 294.64022827 431.49609375
usemtl Patch_4473_Mat_mat5
f 7757 7758 7759
usemtl Patch_4474_Mat_mat5
f 7758 7757 7760
usemtl Patch_4475_Mat_mat5
f 7760 7757 7761
usemtl Patch_4476_Mat_mat5
f 7760 7761 7762

# obj1632
v 383.92245483 294.64022827 431.49609375
v 368.90194702 447.45510864 431.39129639
v 367.33981323 447.28543091 431.49609375
v 385.48455811 294.80993652 431.39129639
usemtl Patch_4477_Mat_mat5
f 7763 7764 7765
usemtl Patch_4478_Mat_mat5
f 7764 7763 7766

# obj1633
v 222.17169189 303.60162354 435.96130371
v 212.84657288 403.96899414 435.82678223
v 211.28669739 403.79956055 435.96130371
v 223.73155212 303.77108765 435.82678223
usemtl Patch_4479_Mat_mat5
f 7767 7768 7769
usemtl Patch_4480_Mat_mat5
f 7768 7767 7770

# obj1634
v 211.28669739 403.79956055 435.96130371
v 222.17169189 303.60162354 434.38647461
v 222.17169189 303.60162354 435.96130371
v 211.28669739 403.79956055 434.38647461
usemtl Patch_4481_Mat_mat5
f 7771 7772 7773
usemtl Patch_4482_Mat_mat5
f 7772 7771 7774

# obj1635
v 223.73155212 303.77108765 435.82678223
v 222.17169189 303.60162354 434.38647461
v 223.73155212 303.77108765 434.25198364
v 222.17169189 303.60162354 435.96130371
usemtl Patch_4483_Mat_mat5
f 7775 7776 7777
usemtl Patch_4484_Mat_mat5
f 7776 7775 7778

# obj1636
v 211.28669739 403.79956055 434.38647461
v 212.84657288 403.96899414 435.82678223
v 212.84657288 403.96899414 434.25198364
v 211.28669739 403.79956055 435.96130371
usemtl Patch_4485_Mat_mat5
f 7779 7780 7781
usemtl Patch_4486_Mat_mat5
f 7780 7779 7782

# obj1637
v 211.28669739 403.79956055 434.38647461
v 210.01403809 419.10592651 420.47250366
v 208.4541626 418.9364624 420.60699463
v 212.84657288 403.96899414 434.25198364
usemtl Patch_4487_Mat_mat5
f 7783 7784 7785
usemtl Patch_4488_Mat_mat5
f 7784 7783 7786

# obj1638
v 210.01403809 419.10592651 420.47250366
v 222.65577698 288.20956421 420.60699463
v 208.4541626 418.9364624 420.60699463
v 224.21563721 288.37902832 420.47250366
usemtl Patch_4489_Mat_mat5
f 7787 7788 7789
usemtl Patch_4490_Mat_mat5
f 7788 7787 7790

# obj1639
v 222.65577698 288.20956421 420.60699463
v 223.73155212 303.77108765 434.25198364
v 222.17169189 303.60162354 434.38647461
v 224.21563721 288.37902832 420.47250366
usemtl Patch_4491_Mat_mat5
f 7791 7792 7793
usemtl Patch_4492_Mat_mat5
f 7792 7791 7794

# obj1640
v 212.84657288 403.96899414 434.25198364
v 366.94836426 447.24291992 425.59057617
v 366.94836426 447.24291992 424.01577759
v 212.84657288 403.96899414 435.82678223
usemtl Patch_4493_Mat_mat5
f 7795 7796 7797
usemtl Patch_4494_Mat_mat5
f 7796 7795 7798

# obj1641
v 383.53085327 294.59768677 425.59057617
v 223.73155212 303.77108765 434.25198364
v 383.53085327 294.59768677 424.01577759
v 223.73155212 303.77108765 435.82678223
usemtl Patch_4495_Mat_mat5
f 7799 7800 7801
usemtl Patch_4496_Mat_mat5
f 7800 7799 7802

# obj1642
v 217.69004822 427.86016846 411.33673096
v 232.11116028 281.31637573 411.4173584
v 216.20890808 427.69924927 411.4173584
v 233.59228516 281.47729492 411.33673096
usemtl Patch_4497_Mat_mat5
f 7803 7804 7805
usemtl Patch_4498_Mat_mat5
f 7804 7803 7806

# obj1643
v 67.67459869 410.36593628 399.90484619
v 81.51667786 269.30355835 400.00003052
v 66.2097168 410.20678711 400.00003052
v 82.98155975 269.462677 399.90484619
usemtl Patch_4499_Mat_mat5
f 7807 7808 7809
usemtl Patch_4500_Mat_mat5
f 7808 7807 7810

# obj1644
v 232.50265503 281.35891724 420.47250366
v 218.16375732 427.91156006 420.38970947
v 216.60032654 427.74169922 420.47250366
v 234.06608582 281.52877808 420.38970947
usemtl Patch_4501_Mat_mat5
f 7811 7812 7813
usemtl Patch_4502_Mat_mat5
f 7812 7811 7814

# obj1645
v 70.6960144 287.14611816 420.07876587
v 61.3755455 387.51394653 420.07876587
v 59.81102753 387.34399414 420.07876587
v 72.26053619 287.31607056 420.07876587
usemtl Patch_4503_Mat_mat5
f 7815 7816 7817
usemtl Patch_4504_Mat_mat5
f 7816 7815 7818

# obj1646
v 59.81102753 387.34399414 420.07876587
v 70.6960144 287.14611816 418.56225586
v 70.6960144 287.14611816 420.07876587
v 59.81102753 387.34399414 418.56225586
usemtl Patch_4505_Mat_mat5
f 7819 7820 7821
usemtl Patch_4506_Mat_mat5
f 7820 7819 7822

# obj1647
v 59.81102753 387.34399414 418.56225586
v 61.3755455 387.51394653 420.07876587
v 61.3755455 387.51394653 418.50396729
v 59.81102753 387.34399414 420.07876587
usemtl Patch_4507_Mat_mat5
f 7823 7824 7825
usemtl Patch_4508_Mat_mat5
f 7824 7823 7826

# obj1648
v 72.26053619 287.31607056 420.07876587
v 70.6960144 287.14611816 418.56225586
v 72.26053619 287.31607056 418.50396729
v 70.6960144 287.14611816 420.07876587
usemtl Patch_4509_Mat_mat5
f 7827 7828 7829
usemtl Patch_4510_Mat_mat5
f 7828 7827 7830

# obj1649
v 204.67958069 424.46661377 412.20477295
v 188.61482239 273.42303467 413.38586426
v 172.03230286 426.06826782 413.38586426
v 198.89437866 276.21755981 413.00094604
v 220.15655518 281.99777222 412.20477295
usemtl Patch_4511_Mat_mat5
f 7831 7832 7833
usemtl Patch_4512_Mat_mat5
f 7832 7831 7834
usemtl Patch_4513_Mat_mat5
f 7834 7831 7835

# obj1650
v 172.03230286 426.06826782 413.38586426
v 72.26053619 287.31607056 418.50396729
v 61.3755455 387.51394653 418.50396729
v 156.11990356 277.30300903 414.81521606
v 188.61482239 273.42303467 413.38586426
usemtl Patch_4514_Mat_mat5
f 7836 7837 7838
usemtl Patch_4515_Mat_mat5
f 7837 7836 7839
usemtl Patch_4516_Mat_mat5
f 7839 7836 7840

# obj1651
v 71.66531372 274.5788269 407.93231201
v 72.26053619 287.31607056 418.50396729
v 70.6960144 287.14611816 418.56225586
v 73.22982788 274.74880981 407.87402344
usemtl Patch_4517_Mat_mat5
f 7841 7842 7843
usemtl Patch_4518_Mat_mat5
f 7842 7841 7844

# obj1652
v 59.62360001 399.99624634 407.87402344
v 71.66531372 274.5788269 407.93231201
v 58.05908203 399.82626343 407.93231201
v 73.22982788 274.74880981 407.87402344
usemtl Patch_4519_Mat_mat5
f 7845 7846 7847
usemtl Patch_4520_Mat_mat5
f 7846 7845 7848

# obj1653
v 59.81102753 387.34399414 418.56225586
v 59.62360001 399.99624634 407.87402344
v 58.05908203 399.82626343 407.93231201
v 61.3755455 387.51394653 418.50396729
usemtl Patch_4521_Mat_mat5
f 7849 7850 7851
usemtl Patch_4522_Mat_mat5
f 7850 7849 7852

# obj1654
v 188.61482239 273.42303467 414.96066284
v 204.67958069 424.46661377 413.77957153
v 172.03230286 426.06826782 414.96066284
v 198.89437866 276.21755981 414.57574463
v 220.15655518 281.99777222 413.77957153
usemtl Patch_4523_Mat_mat5
f 7853 7854 7855
usemtl Patch_4524_Mat_mat5
f 7854 7853 7856
usemtl Patch_4525_Mat_mat5
f 7854 7856 7857

# obj1655
v 188.61482239 273.42303467 414.96066284
v 156.11990356 277.30300903 414.81521606
v 188.61482239 273.42303467 413.38586426
v 72.26053619 287.31607056 418.50396729
v 72.26053619 287.31607056 420.07876587
usemtl Patch_4526_Mat_mat5
f 7858 7859 7860
usemtl Patch_4527_Mat_mat5
f 7859 7858 7861
usemtl Patch_4528_Mat_mat5
f 7861 7858 7862

# obj1656
v 220.15655518 281.99777222 413.77957153
v 198.89437866 276.21755981 413.00094604
v 220.15655518 281.99777222 412.20477295
v 188.61482239 273.42303467 413.38586426
v 198.89437866 276.21755981 414.57574463
v 188.61482239 273.42303467 414.96066284
usemtl Patch_4529_Mat_mat5
f 7863 7864 7865
usemtl Patch_4530_Mat_mat5
f 7864 7863 7866
usemtl Patch_4531_Mat_mat5
f 7866 7863 7867
usemtl Patch_4532_Mat_mat5
f 7866 7867 7868

# obj1657
v 232.11116028 281.31637573 412.99215698
v 220.15655518 281.99777222 412.20477295
v 232.11116028 281.31637573 411.4173584
v 220.15655518 281.99777222 413.77957153
usemtl Patch_4533_Mat_mat5
f 7869 7870 7871
usemtl Patch_4534_Mat_mat5
f 7870 7869 7872

# obj1658
v 204.67958069 424.46661377 412.20477295
v 216.20890808 427.69924927 412.99215698
v 216.20890808 427.69924927 411.4173584
v 204.67958069 424.46661377 413.77957153
usemtl Patch_4535_Mat_mat5
f 7873 7874 7875
usemtl Patch_4536_Mat_mat5
f 7874 7873 7876

# obj1659
v 172.03230286 426.06826782 413.38586426
v 204.67958069 424.46661377 413.77957153
v 204.67958069 424.46661377 412.20477295
v 172.03230286 426.06826782 414.96066284
usemtl Patch_4537_Mat_mat5
f 7877 7878 7879
usemtl Patch_4538_Mat_mat5
f 7878 7877 7880

# obj1660
v 61.3755455 387.51394653 418.50396729
v 172.03230286 426.06826782 414.96066284
v 172.03230286 426.06826782 413.38586426
v 61.3755455 387.51394653 420.07876587
usemtl Patch_4539_Mat_mat5
f 7881 7882 7883
usemtl Patch_4540_Mat_mat5
f 7882 7881 7884

# obj1661
v -82.96413422 389.25839233 388.18899536
v -81.39853668 389.4284668 386.61419678
v -82.96413422 389.25839233 386.61419678
v -81.39853668 389.4284668 388.18899536
usemtl Patch_4541_Mat_mat5
f 7885 7886 7887
usemtl Patch_4542_Mat_mat5
f 7886 7885 7888

# obj1662
v -239.20928955 358.42416382 388.18899536
v -82.96413422 389.25839233 386.61419678
v -239.20928955 358.42416382 386.61419678
v -82.96413422 389.25839233 388.18899536
usemtl Patch_4543_Mat_mat5
f 7889 7890 7891
usemtl Patch_4544_Mat_mat5
f 7890 7889 7892

# obj1663
v -81.39853668 389.4284668 386.61419678
v -66.77189636 254.78756714 394.48822021
v -66.77189636 254.78756714 386.61419678
v -66.80423737 255.08525085 394.48822021
v -81.39853668 389.4284668 394.48822021
v -81.39853668 389.4284668 388.18899536
usemtl Patch_4545_Mat_mat5
f 7893 7894 7895
usemtl Patch_4546_Mat_mat5
f 7894 7893 7896
usemtl Patch_4547_Mat_mat5
f 7896 7893 7897

# obj1664
v -68.3374939 254.61749268 394.48822021
v -66.80423737 255.08525085 394.48822021
v -68.36982727 254.91516113 394.48822021
v -66.77189636 254.78756714 394.48822021
usemtl Patch_4548_Mat_mat5
f 7899 7900 7901
usemtl Patch_4549_Mat_mat5
f 7900 7899 7902

# obj1665
v -82.96413422 389.25839233 394.48822021
v -81.39853668 389.4284668 388.18899536
v -82.96413422 389.25839233 388.18899536
v -81.39853668 389.4284668 394.48822021
usemtl Patch_4550_Mat_mat5
f 7903 7904 7905
usemtl Patch_4551_Mat_mat5
f 7904 7903 7906

# obj1666
v -68.36982727 254.91516113 394.48822021
v -81.39853668 389.4284668 394.48822021
v -82.96413422 389.25839233 394.48822021
v -66.80423737 255.08525085 394.48822021
usemtl Patch_4552_Mat_mat5
f 7907 7908 7909
usemtl Patch_4553_Mat_mat5
f 7908 7907 7910

# obj1667
v -68.36982727 254.91516113 394.48822021
v -68.3374939 254.61749268 388.18899536
v -68.3374939 254.61749268 394.48822021
v -82.96413422 389.25839233 388.18899536
v -82.96413422 389.25839233 394.48822021
usemtl Patch_4554_Mat_mat5
f 7911 7912 7913
usemtl Patch_4555_Mat_mat5
f 7912 7911 7914
usemtl Patch_4556_Mat_mat5
f 7914 7911 7915

# obj1668
v -82.96413422 389.25839233 386.61419678
v -227.55899048 251.18110657 386.61419678
v -239.20928955 358.42416382 386.61419678
v -68.3374939 254.61749268 386.61419678
v -81.39853668 389.4284668 386.61419678
v -66.77189636 254.78756714 386.61419678
usemtl Patch_4557_Mat_mat5
f 7916 7917 7918
usemtl Patch_4558_Mat_mat5
f 7917 7916 7919
usemtl Patch_4559_Mat_mat5
f 7919 7916 7920
usemtl Patch_4560_Mat_mat5
f 7919 7920 7921

# obj1669
v -227.55899048 251.18110657 388.18899536
v -82.96413422 389.25839233 388.18899536
v -239.20928955 358.42416382 388.18899536
v -68.3374939 254.61749268 388.18899536
usemtl Patch_4561_Mat_mat5
f 7922 7923 7924
usemtl Patch_4562_Mat_mat5
f 7923 7922 7925

# obj1670
v -239.20928955 358.42416382 388.18899536
v -227.55899048 251.18110657 386.61419678
v -227.55899048 251.18110657 388.18899536
v -239.20928955 358.42416382 386.61419678
usemtl Patch_4563_Mat_mat5
f 7926 7927 7928
usemtl Patch_4564_Mat_mat5
f 7927 7926 7929

# obj1671
v 66.2097168 410.20678711 400.00003052
v 69.51968384 270.37631226 400.00003052
v 54.72291565 406.58282471 400.00003052
v 81.51667786 269.30355835 400.00003052
usemtl Patch_4565_Mat_mat5
f 7930 7931 7932
usemtl Patch_4566_Mat_mat5
f 7931 7930 7933

# obj1672
v 54.72291565 406.58282471 401.5748291
v 66.2097168 410.20678711 400.00003052
v 54.72291565 406.58282471 400.00003052
v 66.2097168 410.20678711 401.5748291
usemtl Patch_4567_Mat_mat5
f 7934 7935 7936
usemtl Patch_4568_Mat_mat5
f 7935 7934 7937

# obj1673
v 81.90809631 269.34603882 407.87402344
v 83.3261795 270.84558105 407.77578735
v 81.76363373 270.67584229 407.87402344
v 83.47064209 269.51580811 407.77578735
usemtl Patch_4569_Mat_mat5
f 7938 7939 7940
usemtl Patch_4570_Mat_mat5
f 7939 7938 7941

# obj1674
v 81.76363373 270.67584229 407.87402344
v 68.16369629 410.41906738 407.77578735
v 66.60115814 410.24932861 407.87402344
v 83.3261795 270.84558105 407.77578735
usemtl Patch_4571_Mat_mat5
f 7942 7943 7944
usemtl Patch_4572_Mat_mat5
f 7943 7942 7945

# obj1675
v 81.51667786 269.30355835 401.5748291
v 69.51968384 270.37631226 400.00003052
v 81.51667786 269.30355835 400.00003052
v 69.51968384 270.37631226 401.5748291
usemtl Patch_4573_Mat_mat5
f 7946 7947 7948
usemtl Patch_4574_Mat_mat5
f 7947 7946 7949

# obj1676
v 69.51968384 270.37631226 401.5748291
v 66.2097168 410.20678711 401.5748291
v 54.72291565 406.58282471 401.5748291
v 81.51667786 269.30355835 401.5748291
usemtl Patch_4575_Mat_mat5
f 7950 7951 7952
usemtl Patch_4576_Mat_mat5
f 7951 7950 7953

# obj1677
v 69.51968384 270.37631226 401.5748291
v 49.87510681 264.53259277 400.49176025
v 69.51968384 270.37631226 400.00003052
v 38.06288147 261.01876831 400.78744507
v 38.06288147 261.01876831 402.36224365
v 49.87510681 264.53259277 402.06655884
usemtl Patch_4577_Mat_mat5
f 7954 7955 7956
usemtl Patch_4578_Mat_mat5
f 7955 7954 7957
usemtl Patch_4579_Mat_mat5
f 7957 7954 7958
usemtl Patch_4580_Mat_mat5
f 7958 7954 7959

# obj1678
v -88.92129517 372.7612915 403.93704224
v -78.03632355 272.56341553 402.36224365
v -78.03632355 272.56341553 403.93704224
v -88.92129517 372.7612915 402.36224365
usemtl Patch_4581_Mat_mat5
f 7960 7961 7962
usemtl Patch_4582_Mat_mat5
f 7961 7960 7963

# obj1679
v -88.92129517 372.7612915 402.36224365
v 21.99054146 408.96722412 402.36224365
v 21.99054146 408.96722412 400.78744507
v -88.92129517 372.7612915 403.93704224
usemtl Patch_4583_Mat_mat5
f 7964 7965 7966
usemtl Patch_4584_Mat_mat5
f 7965 7964 7967

# obj1680
v 21.99054146 408.96722412 400.78744507
v 54.72291565 406.58282471 401.5748291
v 54.72291565 406.58282471 400.00003052
v 21.99054146 408.96722412 402.36224365
usemtl Patch_4585_Mat_mat5
f 7968 7969 7970
usemtl Patch_4586_Mat_mat5
f 7969 7968 7971

# obj1681
v 54.72291565 406.58282471 400.00003052
v 38.06288147 261.01876831 400.78744507
v 21.99054146 408.96722412 400.78744507
v 49.87510681 264.53259277 400.49176025
v 69.51968384 270.37631226 400.00003052
usemtl Patch_4587_Mat_mat5
f 7972 7973 7974
usemtl Patch_4588_Mat_mat5
f 7973 7972 7975
usemtl Patch_4589_Mat_mat5
f 7975 7972 7976

# obj1682
v 38.06288147 261.01876831 402.36224365
v 54.72291565 406.58282471 401.5748291
v 21.99054146 408.96722412 402.36224365
v 49.87510681 264.53259277 402.06655884
v 69.51968384 270.37631226 401.5748291
usemtl Patch_4590_Mat_mat5
f 7977 7978 7979
usemtl Patch_4591_Mat_mat5
f 7978 7977 7980
usemtl Patch_4592_Mat_mat5
f 7978 7980 7981

# obj1683
v 748.34960938 576.7689209 497.96011353
v 804.48754883 537.26165771 431.60449219
v 756.69287109 531.10235596 427.55905151
v 798.31695557 583.88848877 503.22433472
usemtl Patch_4593_Mat_mat0
f 7982 7983 7984
usemtl Patch_4594_Mat_mat0
f 7983 7982 7985

# obj1684
v 808.01385498 509.70031738 431.80703735
v 763.88061523 455.59014893 499.35858154
v 760.23620605 503.54330444 427.55905151
v 813.97589111 461.4894104 504.63391113
usemtl Patch_4595_Mat_mat0
f 7986 7987 7988
usemtl Patch_4596_Mat_mat0
f 7987 7986 7989

# obj1685
v 790.0380249 117.81855011 430.12008667
v 804.77246094 90.58321381 265.3543396
v 790.82800293 90.25955963 430.12472534
v 803.98205566 118.14219666 265.3543396
usemtl Patch_4597_Mat_mat0
f 7990 7991 7992
usemtl Patch_4598_Mat_mat0
f 7991 7990 7993

# obj1686
v 808.01385498 509.70031738 431.80703735
v 811.70898438 479.20870972 504.42984009
v 813.97589111 461.4894104 504.63391113
v 806.1697998 523.68847656 450.78579712
v 804.48754883 537.26165771 431.60449219
v 800.95678711 563.25421143 503.4619751
v 798.31695557 583.88848877 503.22433472
usemtl Patch_4599_Mat_mat0
f 7994 7995 7996
usemtl Patch_4600_Mat_mat0
f 7995 7994 7997
usemtl Patch_4601_Mat_mat0
f 7997 7994 7998
usemtl Patch_4602_Mat_mat0
f 7997 7998 7999
usemtl Patch_4603_Mat_mat0
f 7999 7998 8000

# obj1687
v 827.72137451 357.45401001 505.87780762
v 880.66796875 319.33795166 456.3727417
v 830.82781982 315.34237671 452.60494995
v 871.63830566 362.00665283 510.50131226
usemtl Patch_4604_Mat_mat0
f 8001 8002 8003
usemtl Patch_4605_Mat_mat0
f 8002 8001 8004

# obj1688
v 800.95678711 563.25421143 503.4619751
v 858.41210938 530.40997314 454.52545166
v 806.1697998 523.68847656 450.78579712
v 847.8951416 570.49633789 508.40817261
usemtl Patch_4606_Mat_mat0
f 8005 8006 8007
usemtl Patch_4607_Mat_mat0
f 8006 8005 8008

# obj1689
v 858.41210938 530.40997314 454.52545166
v 811.70898438 479.20870972 504.42984009
v 806.1697998 523.68847656 450.78579712
v 858.78753662 483.91967773 509.38589478
usemtl Patch_4608_Mat_mat0
f 8009 8010 8011
usemtl Patch_4609_Mat_mat0
f 8010 8009 8012

# obj1690
v 842.07745361 91.43400574 434.12927246
v 787.32904053 42.5683136 501.02661133
v 790.82800293 90.25955963 430.12472534
v 844.11090088 42.84589386 506.99371338
usemtl Patch_4610_Mat_mat0
f 8013 8014 8015
usemtl Patch_4611_Mat_mat0
f 8014 8013 8016

# obj1691
v 896.87573242 106.90231323 458.24703979
v 843.41326904 67.24938965 506.96743774
v 841.85253906 105.44908905 453.96472168
v 894.62530518 67.59226227 512.34942627
usemtl Patch_4612_Mat_mat0
f 8017 8018 8019
usemtl Patch_4613_Mat_mat0
f 8018 8017 8020

# obj1692
v 894.62530518 67.59226227 512.34942627
v 844.11090088 42.84589386 506.99371338
v 843.41326904 67.24938965 506.96743774
v -229.51905823 52.75600815 394.197052
v 898.23382568 -0 512.59832764
v -229.52755737 -0 394.09451294
v 787.32904053 42.5683136 501.02661133
v 786.63977051 66.66648102 501.00064087
v 898.43286133 -0 512.6192627
usemtl Patch_4614_Mat_mat0
f 8021 8022 8023
usemtl Patch_4615_Mat_mat0
f 8024 8025 8026
usemtl Patch_4616_Mat_mat0
f 8025 8024 8027
usemtl Patch_4617_Mat_mat0
f 8027 8024 8028
usemtl Patch_4618_Mat_mat0
f 8025 8027 8022
usemtl Patch_4619_Mat_mat0
f 8025 8022 8021
usemtl Patch_4620_Mat_mat0
f 8025 8021 8029

# obj1693
v -262.20471191 -0 -0
v -229.51905823 52.75600815 394.197052
v -229.52755737 -0 394.09451294
v -262.20471191 52.36220169 0
usemtl Patch_4621_Mat_mat0
f 8030 8031 8032
usemtl Patch_4622_Mat_mat0
f 8031 8030 8033

# obj1694
v 750.92456055 556.67816162 498.19198608
v 757.75317383 517.45928955 447.32000732
v -233.07046509 389.98092651 376.39389038
usemtl Patch_4623_Mat_mat0
f 8034 8035 8036

# obj1695
v 761.53875732 473.86254883 499.14770508
v -233.07046509 389.98092651 376.39389038
v 757.75317383 517.45928955 447.32000732
usemtl Patch_4624_Mat_mat0
f 8037 8038 8039

# obj1696
v 756.69287109 531.10235596 427.55905151
v 774.08239746 505.42825317 265.3543396
v 760.23620605 503.54330444 427.55905151
v 770.5390625 532.98724365 265.3543396
usemtl Patch_4625_Mat_mat0
f 8040 8041 8042
usemtl Patch_4626_Mat_mat0
f 8041 8040 8043

# obj1697
v 808.01385498 509.70031738 431.80703735
v 774.08239746 505.42825317 265.3543396
v 822.22265625 511.63464355 265.35430908
v 760.23620605 503.54330444 427.55905151
usemtl Patch_4627_Mat_mat0
f 8044 8045 8046
usemtl Patch_4628_Mat_mat0
f 8045 8044 8047

# obj1698
v 761.53875732 473.86254883 499.14770508
v -252.43554688 363.24923706 392.3873291
v -233.07046509 389.98092651 376.39389038
usemtl Patch_4629_Mat_mat0
f 8048 8049 8050

# obj1699
v 790.0380249 117.81855011 430.12008667
v 855.57452393 119.32462311 265.3543396
v 803.98205566 118.14219666 265.3543396
v 841.29003906 118.99307251 434.14224243
usemtl Patch_4630_Mat_mat0
f 8051 8052 8053
usemtl Patch_4631_Mat_mat0
f 8052 8051 8054

# obj1700
v 856.36083984 91.76552582 265.3543396
v 841.29003906 118.99307251 434.14224243
v 842.07745361 91.43400574 434.12927246
v 855.57452393 119.32462311 265.3543396
usemtl Patch_4632_Mat_mat0
f 8055 8056 8057
usemtl Patch_4633_Mat_mat0
f 8056 8055 8058

# obj1701
v 842.07745361 91.43400574 434.12927246
v 804.77246094 90.58321381 265.3543396
v 856.36083984 91.76552582 265.3543396
v 790.82800293 90.25955963 430.12472534
usemtl Patch_4634_Mat_mat0
f 8059 8060 8061
usemtl Patch_4635_Mat_mat0
f 8060 8059 8062

# obj1702
v 846.12609863 302.22854614 265.3543396
v 829.93103027 328.68460083 433.38571167
v 831.87890625 301.12405396 433.68225098
v 844.15307617 329.78713989 265.3543396
usemtl Patch_4636_Mat_mat0
f 8063 8064 8065
usemtl Patch_4637_Mat_mat0
f 8064 8063 8066

# obj1703
v 831.87890625 301.12405396 433.68225098
v 794.53375244 298.28787231 265.3543396
v 846.12609863 302.22854614 265.3543396
v 780.68389893 297.21420288 428.98791504
usemtl Patch_4638_Mat_mat0
f 8067 8068 8069
usemtl Patch_4639_Mat_mat0
f 8068 8067 8070

# obj1704
v 822.22265625 511.63464355 265.35430908
v 804.48754883 537.26165771 431.60449219
v 808.01385498 509.70031738 431.80703735
v 818.67901611 539.19360352 265.35430908
usemtl Patch_4640_Mat_mat0
f 8071 8072 8073
usemtl Patch_4641_Mat_mat0
f 8072 8071 8074

# obj1705
v 750.92456055 556.67816162 498.19198608
v -233.07046509 389.98092651 376.39389038
v -257.42715454 409.84735107 391.95263672
usemtl Patch_4642_Mat_mat0
f 8075 8076 8077

# obj1706
v 773.90325928 350.07302856 500.20843506
v -217.35827637 231.3117218 373.36453247
v -240.54138184 252.36155701 393.42349243
usemtl Patch_4643_Mat_mat0
f 8078 8079 8080

# obj1707
v -273.03210449 254.49868774 7.87401772
v -252.43554688 363.24923706 392.3873291
v -240.54138184 252.36155701 393.42349243
v -274.40948486 273.62207031 15.74803543
v -275.04522705 273.40441895 7.87401772
v -283.46456909 358.66140747 15.74803543
usemtl Patch_4644_Mat_mat0
f 8081 8082 8083
usemtl Patch_4645_Mat_mat0
f 8082 8081 8084
usemtl Patch_4646_Mat_mat0
f 8084 8081 8085
usemtl Patch_4647_Mat_mat0
f 8082 8084 8086

# obj1708
v 871.63830566 362.00665283 510.50131226
v 896.41815186 320.55111694 265.35430908
v 880.66796875 319.33795166 456.3727417
v 873.9911499 531.78839111 265.35430908
v 858.78753662 483.91967773 509.38589478
v 858.41210938 530.40997314 454.52545166
usemtl Patch_4648_Mat_mat2
f 8087 8088 8089
usemtl Patch_4649_Mat_mat2
f 8088 8087 8090
usemtl Patch_4650_Mat_mat2
f 8090 8087 8091
usemtl Patch_4651_Mat_mat2
f 8090 8091 8092

# obj1709
v 847.8951416 570.49633789 508.40817261
v 873.9911499 531.78839111 265.35430908
v 858.41210938 530.40997314 454.52545166
v 858.66143799 633.85821533 265.35430908
v 838.90985107 630.78326416 507.58016968
usemtl Patch_4652_Mat_mat2
f 8093 8094 8095
usemtl Patch_4653_Mat_mat2
f 8094 8093 8096
usemtl Patch_4654_Mat_mat2
f 8096 8093 8097

# obj1710
v -296.41525269 454.03570557 15.74803543
v -257.42715454 409.84735107 391.95263672
v -290.00146484 406.87548828 15.74803543
v -263.15731812 451.64471436 391.43106079
v -264.17324829 459.05514526 391.33856201
usemtl Patch_4655_Mat_mat0
f 8098 8099 8100
usemtl Patch_4656_Mat_mat0
f 8099 8098 8101
usemtl Patch_4657_Mat_mat0
f 8101 8098 8102

# obj1711
v 784.46807861 142.59481812 500.91876221
v 789.07794189 104.05525208 449.85742188
v -207.52603149 77.73378754 372.29418945
usemtl Patch_4658_Mat_mat0
f 8103 8104 8105

# obj1712
v 786.63977051 66.66648102 501.00064087
v -229.51905823 52.75600815 394.197052
v -207.52603149 77.73378754 372.29418945
usemtl Patch_4659_Mat_mat0
f 8106 8107 8108

# obj1713
v 786.63977051 66.66648102 501.00064087
v -207.52603149 77.73378754 372.29418945
v 789.07794189 104.05525208 449.85742188
usemtl Patch_4660_Mat_mat0
f 8109 8110 8111

# obj1714
v 902.23223877 -0 466.71322632
v 903.29968262 41.33858109 425.51550293
v 905.64196777 -0 425.51550293
v 899.88995361 41.33858109 466.71322632
usemtl Patch_4661_Mat_mat7
f 8112 8113 8114
usemtl Patch_4662_Mat_mat7
f 8113 8112 8115

# obj1715
v 21.99054146 408.96722412 400.78744507
v -78.03632355 272.56341553 402.36224365
v -88.92129517 372.7612915 402.36224365
v 38.06288147 261.01876831 400.78744507
usemtl Patch_4663_Mat_mat5
f 8116 8117 8118
usemtl Patch_4664_Mat_mat5
f 8117 8116 8119

# obj1716
v 38.06288147 261.01876831 402.36224365
v -78.03632355 272.56341553 402.36224365
v 38.06288147 261.01876831 400.78744507
v -78.03632355 272.56341553 403.93704224
usemtl Patch_4665_Mat_mat5
f 8120 8121 8122
usemtl Patch_4666_Mat_mat5
f 8121 8120 8123

# obj1717
v -78.03632355 272.56341553 403.93704224
v 21.99054146 408.96722412 402.36224365
v -88.92129517 372.7612915 403.93704224
v 38.06288147 261.01876831 402.36224365
usemtl Patch_4667_Mat_mat5
f 8124 8125 8126
usemtl Patch_4668_Mat_mat5
f 8125 8124 8127

# obj1718
v -66.77189636 254.78756714 394.48822021
v -68.3374939 254.61749268 386.61419678
v -66.77189636 254.78756714 386.61419678
v -68.3374939 254.61749268 388.18899536
v -68.3374939 254.61749268 394.48822021
usemtl Patch_4669_Mat_mat5
f 8128 8129 8130
usemtl Patch_4670_Mat_mat5
f 8129 8128 8131
usemtl Patch_4671_Mat_mat5
f 8131 8128 8132

# obj1719
v -68.3374939 254.61749268 388.18899536
v -227.55899048 251.18110657 386.61419678
v -68.3374939 254.61749268 386.61419678
v -227.55899048 251.18110657 388.18899536
usemtl Patch_4672_Mat_mat5
f 8133 8134 8135
usemtl Patch_4673_Mat_mat5
f 8134 8133 8136

# obj1720
v 879.13336182 280.29660034 511.13140869
v 892.48773193 155.53314209 465.98883057
v 889.21746826 148.51220703 511.93710327
v 887.9821167 214.41503906 465.62884521
v 883.48974609 273.12420654 465.26989746
v 886.90600586 273.13375854 424.07272339
v 891.39837646 214.42459106 424.43167114
v 901.23748779 162.48178101 354.04428101
v 895.90405273 155.54269409 424.79162598
v 895.40344238 238.02807617 354.22467041
v 902.71478271 238.80490112 265.35430908
v 896.41815186 320.55111694 265.35430908
v 880.66796875 319.33795166 456.3727417
v 912.74493408 108.58839417 265.35430908
v 896.87573242 106.90231323 458.24703979
v 908.55029297 163.0450592 265.35430908
usemtl Patch_4674_Mat_mat2
f 8137 8138 8139
usemtl Patch_4675_Mat_mat2
f 8138 8137 8140
usemtl Patch_4676_Mat_mat2
f 8140 8137 8141
usemtl Patch_4677_Mat_mat2
f 8141 8137 8142
usemtl Patch_4678_Mat_mat2
f 8143 8144 8145
usemtl Patch_4679_Mat_mat2
f 8144 8143 8146
usemtl Patch_4680_Mat_mat2
f 8146 8143 8142
usemtl Patch_4681_Mat_mat2
f 8146 8142 8147
usemtl Patch_4682_Mat_mat2
f 8147 8142 8148
usemtl Patch_4683_Mat_mat2
f 8148 8142 8137
usemtl Patch_4684_Mat_mat2
f 8148 8137 8149
usemtl Patch_4685_Mat_mat2
f 8139 8150 8151
usemtl Patch_4686_Mat_mat2
f 8150 8139 8152
usemtl Patch_4687_Mat_mat2
f 8152 8139 8145
usemtl Patch_4688_Mat_mat2
f 8145 8139 8138
usemtl Patch_4689_Mat_mat2
f 8152 8145 8144

# obj1721
v 898.43286133 -0 512.6192627
v 899.88995361 41.33858109 466.71322632
v 902.23223877 -0 466.71322632
v 894.62530518 67.59226227 512.34942627
v 905.64196777 -0 425.51550293
v 912.74493408 108.58839417 265.35430908
v 918.89764404 -0 265.3543396
v 903.29968262 41.33858109 425.51550293
v 896.87573242 106.90231323 458.24703979
usemtl Patch_4690_Mat_mat2
f 8153 8154 8155
usemtl Patch_4691_Mat_mat2
f 8154 8153 8156
usemtl Patch_4692_Mat_mat2
f 8157 8158 8159
usemtl Patch_4693_Mat_mat2
f 8158 8157 8160
usemtl Patch_4694_Mat_mat2
f 8158 8160 8154
usemtl Patch_4695_Mat_mat2
f 8158 8154 8156
usemtl Patch_4696_Mat_mat2
f 8158 8156 8161

# obj1722
v 773.90325928 350.07302856 500.20843506
v 778.85601807 311.17590332 448.67599487
v -217.35827637 231.3117218 373.36453247
usemtl Patch_4697_Mat_mat0
f 8162 8163 8164

# obj1723
v 831.87890625 301.12405396 433.68225098
v 833.36706543 277.58822632 506.31713867
v 835.06481934 253.57199097 506.44924927
v 830.82781982 315.34237671 452.60494995
v 829.93103027 328.68460083 433.38571167
v 827.72137451 357.45401001 505.87780762
v 826.41040039 375.99942017 505.77578735
usemtl Patch_4698_Mat_mat0
f 8165 8166 8167
usemtl Patch_4699_Mat_mat0
f 8166 8165 8168
usemtl Patch_4700_Mat_mat0
f 8168 8165 8169
usemtl Patch_4701_Mat_mat0
f 8168 8169 8170
usemtl Patch_4702_Mat_mat0
f 8170 8169 8171

# obj1724
v 858.78753662 483.91967773 509.38589478
v 813.97589111 461.4894104 504.63391113
v 811.70898438 479.20870972 504.42984009
v 826.41040039 375.99942017 505.77578735
v 827.72137451 357.45401001 505.87780762
v 871.63830566 362.00665283 510.50131226
v 772.39788818 371.18249512 500.09091187
v 763.88061523 455.59014893 499.35858154
v 761.53875732 473.86254883 499.14770508
v -240.54138184 252.36155701 393.42349243
v -252.43554688 363.24923706 392.3873291
v 773.90325928 350.07302856 500.20843506
usemtl Patch_4703_Mat_mat0
f 8172 8173 8174
usemtl Patch_4704_Mat_mat0
f 8173 8172 8175
usemtl Patch_4705_Mat_mat0
f 8175 8172 8176
usemtl Patch_4706_Mat_mat0
f 8176 8172 8177
usemtl Patch_4707_Mat_mat0
f 8173 8178 8179
usemtl Patch_4708_Mat_mat0
f 8178 8173 8175
usemtl Patch_4709_Mat_mat0
f 8180 8181 8182
usemtl Patch_4710_Mat_mat0
f 8181 8180 8183
usemtl Patch_4711_Mat_mat0
f 8183 8180 8179
usemtl Patch_4712_Mat_mat0
f 8183 8179 8178

# obj1725
v 778.71136475 324.77301025 429.00177002
v 794.53375244 298.28787231 265.3543396
v 780.68389893 297.21420288 428.98791504
v 792.56237793 325.84677124 265.3543396
usemtl Patch_4713_Mat_mat0
f 8184 8185 8186
usemtl Patch_4714_Mat_mat0
f 8185 8184 8187

# obj1726
v 792.56237793 325.84677124 265.3543396
v 829.93103027 328.68460083 433.38571167
v 844.15307617 329.78713989 265.3543396
v 778.71136475 324.77301025 429.00177002
usemtl Patch_4715_Mat_mat0
f 8188 8189 8190
usemtl Patch_4716_Mat_mat0
f 8189 8188 8191

# obj1727
v 29.89307404 364.96063232 -31.49597168
v 30.19053841 361.03488159 -3.93691945
v 30.19053841 361.03488159 -31.49597168
v 29.89307594 364.96063232 8.976E-05
v 50.90018463 87.72122955 -31.49605751
v 51.25629425 83.02149963 -25.19684982
v 51.25629425 83.02149963 -31.49605751
v 50.90018463 87.72122955 -29.13376999
v 50.54407501 92.42095947 -25.19684982
v 50.18796539 97.12068176 -29.13376999
v 50.54407501 92.42095947 -18.89763832
v 50.18796539 97.12068176 -22.83455658
v 49.83185577 101.82041168 -18.89763832
v 49.47574615 106.5201416 -22.83455658
v 49.83185577 101.82041168 -12.59842491
v 49.47574615 106.5201416 -16.53534508
v 49.11963654 111.21987152 -12.59842491
v 48.76352692 115.91960144 -16.53534508
v 49.11963654 111.21987152 -6.29921246
v 48.76352692 115.91960144 -10.23613262
v 48.40741348 120.61933136 -6.29921246
v 48.10995102 124.54508209 -10.23613262
v 48.40741348 120.61933136 -9E-08
v 48.10995102 124.54508209 -3.93691945
usemtl Patch_4717_Mat_mat1
f 8192 8193 8194
usemtl Patch_4718_Mat_mat1
f 8193 8192 8195
usemtl Patch_4719_Mat_mat1
f 8196 8197 8198
usemtl Patch_4720_Mat_mat1
f 8197 8196 8199
usemtl Patch_4721_Mat_mat1
f 8197 8199 8200
usemtl Patch_4722_Mat_mat1
f 8200 8199 8201
usemtl Patch_4723_Mat_mat1
f 8200 8201 8202
usemtl Patch_4724_Mat_mat1
f 8202 8201 8203
usemtl Patch_4725_Mat_mat1
f 8202 8203 8204
usemtl Patch_4726_Mat_mat1
f 8204 8203 8205
usemtl Patch_4727_Mat_mat1
f 8204 8205 8206
usemtl Patch_4728_Mat_mat1
f 8206 8205 8207
usemtl Patch_4729_Mat_mat1
f 8206 8207 8208
usemtl Patch_4730_Mat_mat1
f 8208 8207 8209
usemtl Patch_4731_Mat_mat1
f 8208 8209 8210
usemtl Patch_4732_Mat_mat1
f 8210 8209 8211
usemtl Patch_4733_Mat_mat1
f 8210 8211 8212
usemtl Patch_4734_Mat_mat1
f 8212 8211 8213
usemtl Patch_4735_Mat_mat1
f 8212 8213 8214
usemtl Patch_4736_Mat_mat1
f 8214 8213 8215
usemtl Patch_4737_Mat_mat1
f 8214 8215 8195
usemtl Patch_4738_Mat_mat1
f 8195 8215 8193

# obj1728
v 49.83185577 101.82041168 -12.59842491
v 12.20472431 108.6614151 -12.59842491
v 12.20472431 99.21260071 -12.59842491
v 49.11963654 111.21987152 -12.59842491
usemtl Patch_4739_Mat_mat3
f 8216 8217 8218
usemtl Patch_4740_Mat_mat3
f 8217 8216 8219

# obj1729
v 50.54407501 92.42095947 -18.89763832
v 12.20472431 99.21260071 -18.89763832
v 12.20472431 89.76377869 -18.89763832
v 49.83185577 101.82041168 -18.89763832
usemtl Patch_4741_Mat_mat3
f 8220 8221 8222
usemtl Patch_4742_Mat_mat3
f 8221 8220 8223

# obj1730
v 51.25629425 83.02149963 -25.19684982
v 12.20472431 89.76377869 -25.19684982
v 12.20472431 80.31496429 -25.19684982
v 50.54407501 92.42095947 -25.19684982
usemtl Patch_4743_Mat_mat3
f 8224 8225 8226
usemtl Patch_4744_Mat_mat3
f 8225 8224 8227

# obj1731
v 48.40741348 120.61933136 -9E-08
v 12.20472431 118.11023712 -6.29921246
v 48.40741348 120.61933136 -6.29921246
v 12.20472431 118.11023712 0
usemtl Patch_4745_Mat_mat3
f 8228 8229 8230
usemtl Patch_4746_Mat_mat3
f 8229 8228 8231

# obj1732
v 49.11963654 111.21987152 -6.29921246
v 12.20472431 118.11023712 -6.29921246
v 12.20472431 108.6614151 -6.29921246
v 48.40741348 120.61933136 -6.29921246
usemtl Patch_4747_Mat_mat3
f 8232 8233 8234
usemtl Patch_4748_Mat_mat3
f 8233 8232 8235

# obj1733
v 49.11963654 111.21987152 -6.29921246
v 12.20472431 108.6614151 -12.59842491
v 49.11963654 111.21987152 -12.59842491
v 12.20472431 108.6614151 -6.29921246
usemtl Patch_4749_Mat_mat3
f 8236 8237 8238
usemtl Patch_4750_Mat_mat3
f 8237 8236 8239

# obj1734
v 49.83185577 101.82041168 -12.59842491
v 12.20472431 99.21260071 -18.89763832
v 49.83185577 101.82041168 -18.89763832
v 12.20472431 99.21260071 -12.59842491
usemtl Patch_4751_Mat_mat3
f 8240 8241 8242
usemtl Patch_4752_Mat_mat3
f 8241 8240 8243

# obj1735
v 50.54407501 92.42095947 -18.89763832
v 12.20472431 89.76377869 -25.19684982
v 50.54407501 92.42095947 -25.19684982
v 12.20472431 89.76377869 -18.89763832
usemtl Patch_4753_Mat_mat3
f 8244 8245 8246
usemtl Patch_4754_Mat_mat3
f 8245 8244 8247

# obj1736
v 51.25629425 83.02149963 -25.19684982
v 12.20472431 80.31496429 -31.49605751
v 51.25629425 83.02149963 -31.49605751
v 12.20472431 80.31496429 -25.19684982
usemtl Patch_4755_Mat_mat3
f 8248 8249 8250
usemtl Patch_4756_Mat_mat3
f 8249 8248 8251

# obj1737
v 22.33902931 360.43994141 -31.49597168
v 43.04867554 87.126297 -29.13376999
v 43.04867554 87.126297 -31.49605751
v 42.3364563 96.52575684 -29.13376999
v 42.3364563 96.52575684 -22.83455658
v 41.62423706 105.92521667 -22.83455658
v 41.62423706 105.92521667 -16.53534508
v 40.91201782 115.32467651 -16.53534508
v 40.91201782 115.32467651 -10.23613262
v 40.25844193 123.95015717 -10.23613262
v 40.25844193 123.95015717 -3.93691945
v 22.33902931 360.43994141 -3.93691945
usemtl Patch_4757_Mat_mat1
f 8252 8253 8254
usemtl Patch_4758_Mat_mat1
f 8253 8252 8255
usemtl Patch_4759_Mat_mat1
f 8255 8252 8256
usemtl Patch_4760_Mat_mat1
f 8256 8252 8257
usemtl Patch_4761_Mat_mat1
f 8257 8252 8258
usemtl Patch_4762_Mat_mat1
f 8258 8252 8259
usemtl Patch_4763_Mat_mat1
f 8259 8252 8260
usemtl Patch_4764_Mat_mat1
f 8260 8252 8261
usemtl Patch_4765_Mat_mat1
f 8261 8252 8262
usemtl Patch_4766_Mat_mat1
f 8262 8252 8263

# obj1738
v 43.04867554 87.126297 -29.13376999
v 50.90018463 87.72122955 -31.49605751
v 43.04867554 87.126297 -31.49605751
v 50.90018463 87.72122955 -29.13376999
usemtl Patch_4767_Mat_mat1
f 8264 8265 8266
usemtl Patch_4768_Mat_mat1
f 8265 8264 8267

# obj1739
v 50.18796539 97.12068176 -29.13376999
v 43.04867554 87.126297 -29.13376999
v 42.3364563 96.52575684 -29.13376999
v 50.90018463 87.72122955 -29.13376999
usemtl Patch_4769_Mat_mat1
f 8268 8269 8270
usemtl Patch_4770_Mat_mat1
f 8269 8268 8271

# obj1740
v 42.3364563 96.52575684 -22.83455658
v 50.18796539 97.12068176 -29.13376999
v 42.3364563 96.52575684 -29.13376999
v 50.18796539 97.12068176 -22.83455658
usemtl Patch_4771_Mat_mat1
f 8272 8273 8274
usemtl Patch_4772_Mat_mat1
f 8273 8272 8275

# obj1741
v 49.47574615 106.5201416 -22.83455658
v 42.3364563 96.52575684 -22.83455658
v 41.62423706 105.92521667 -22.83455658
v 50.18796539 97.12068176 -22.83455658
usemtl Patch_4773_Mat_mat1
f 8276 8277 8278
usemtl Patch_4774_Mat_mat1
f 8277 8276 8279

# obj1742
v 41.62423706 105.92521667 -16.53534508
v 49.47574615 106.5201416 -22.83455658
v 41.62423706 105.92521667 -22.83455658
v 49.47574615 106.5201416 -16.53534508
usemtl Patch_4775_Mat_mat1
f 8280 8281 8282
usemtl Patch_4776_Mat_mat1
f 8281 8280 8283

# obj1743
v 48.76352692 115.91960144 -16.53534508
v 41.62423706 105.92521667 -16.53534508
v 40.91201782 115.32467651 -16.53534508
v 49.47574615 106.5201416 -16.53534508
usemtl Patch_4777_Mat_mat1
f 8284 8285 8286
usemtl Patch_4778_Mat_mat1
f 8285 8284 8287

# obj1744
v 40.91201782 115.32467651 -10.23613262
v 48.76352692 115.91960144 -16.53534508
v 40.91201782 115.32467651 -16.53534508
v 48.76352692 115.91960144 -10.23613262
usemtl Patch_4779_Mat_mat1
f 8288 8289 8290
usemtl Patch_4780_Mat_mat1
f 8289 8288 8291

# obj1745
v 48.10995102 124.54508209 -10.23613262
v 40.91201782 115.32467651 -10.23613262
v 40.25844193 123.95015717 -10.23613262
v 48.76352692 115.91960144 -10.23613262
usemtl Patch_4781_Mat_mat1
f 8292 8293 8294
usemtl Patch_4782_Mat_mat1
f 8293 8292 8295

# obj1746
v 40.25844193 123.95015717 -3.93691945
v 48.10995102 124.54508209 -10.23613262
v 40.25844193 123.95015717 -10.23613262
v 48.10995102 124.54508209 -3.93691945
usemtl Patch_4783_Mat_mat1
f 8296 8297 8298
usemtl Patch_4784_Mat_mat1
f 8297 8296 8299

# obj1747
v 30.19053841 361.03488159 -3.93691945
v 40.25844193 123.95015717 -3.93691945
v 22.33902931 360.43994141 -3.93691945
v 48.10995102 124.54508209 -3.93691945
usemtl Patch_4785_Mat_mat1
f 8300 8301 8302
usemtl Patch_4786_Mat_mat1
f 8301 8300 8303

# obj1748
v 30.19053841 361.03488159 -3.93691945
v 22.33902931 360.43994141 -31.49597168
v 30.19053841 361.03488159 -31.49597168
v 22.33902931 360.43994141 -3.93691945
usemtl Patch_4787_Mat_mat1
f 8304 8305 8306
usemtl Patch_4788_Mat_mat1
f 8305 8304 8307

# obj1749
v -201.104599 399.27203369 21.63566589
v -186.11000061 354.79522705 15.74803543
v -186.11000061 354.79522705 21.65354729
v -201.104599 399.27203369 15.74803543
usemtl Patch_4789_Mat_mat3
f 8308 8309 8310
usemtl Patch_4790_Mat_mat3
f 8309 8308 8311

# obj1750
v -186.11000061 354.79522705 21.65354729
v -189.89793396 403.05255127 21.63566589
v -201.104599 399.27203369 21.63566589
v -174.90333557 358.57574463 21.65354729
usemtl Patch_4791_Mat_mat3
f 8312 8313 8314
usemtl Patch_4792_Mat_mat3
f 8313 8312 8315

# obj1751
v -189.89793396 403.05255127 27.54117775
v -174.90333557 358.57574463 21.65354729
v -174.90333557 358.57574463 27.55905724
v -189.89793396 403.05255127 21.63566589
usemtl Patch_4793_Mat_mat3
f 8316 8317 8318
usemtl Patch_4794_Mat_mat3
f 8317 8316 8319

# obj1752
v -174.90333557 358.57574463 27.55905724
v -178.69126892 406.83306885 27.54117775
v -189.89793396 403.05255127 27.54117775
v -163.69667053 362.35626221 27.55905724
usemtl Patch_4795_Mat_mat3
f 8320 8321 8322
usemtl Patch_4796_Mat_mat3
f 8321 8320 8323

# obj1753
v -178.69126892 406.83306885 33.44668961
v -163.69667053 362.35626221 27.55905724
v -163.69667053 362.35626221 33.46456909
v -178.69126892 406.83306885 27.54117775
usemtl Patch_4797_Mat_mat3
f 8324 8325 8326
usemtl Patch_4798_Mat_mat3
f 8325 8324 8327

# obj1754
v -167.48458862 410.61355591 39.35219955
v -152.49000549 366.13677979 33.46456909
v -152.49000549 366.13677979 39.37007904
v -167.48458862 410.61355591 33.44668961
usemtl Patch_4799_Mat_mat3
f 8328 8329 8330
usemtl Patch_4800_Mat_mat3
f 8329 8328 8331

# obj1755
v -163.69667053 362.35626221 33.46456909
v -167.48458862 410.61355591 33.44668961
v -178.69126892 406.83306885 33.44668961
v -152.49000549 366.13677979 33.46456909
usemtl Patch_4801_Mat_mat3
f 8332 8333 8334
usemtl Patch_4802_Mat_mat3
f 8333 8332 8335

# obj1756
v -156.27792358 414.39407349 45.2577095
v -141.28335571 369.91729736 39.37007904
v -141.28335571 369.91729736 45.2755928
v -156.27792358 414.39407349 39.35219955
usemtl Patch_4803_Mat_mat3
f 8336 8337 8338
usemtl Patch_4804_Mat_mat3
f 8337 8336 8339

# obj1757
v -152.49000549 366.13677979 39.37007904
v -156.27792358 414.39407349 39.35219955
v -167.48458862 410.61355591 39.35219955
v -141.28335571 369.91729736 39.37007904
usemtl Patch_4805_Mat_mat3
f 8340 8341 8342
usemtl Patch_4806_Mat_mat3
f 8341 8340 8343

# obj1758
v -145.07125854 418.17459106 51.16322327
v -130.07669067 373.69781494 45.2755928
v -130.07669067 373.69781494 51.18110275
v -145.07125854 418.17459106 45.2577095
usemtl Patch_4807_Mat_mat3
f 8344 8345 8346
usemtl Patch_4808_Mat_mat3
f 8345 8344 8347

# obj1759
v -141.28335571 369.91729736 45.2755928
v -145.07125854 418.17459106 45.2577095
v -156.27792358 414.39407349 45.2577095
v -130.07669067 373.69781494 45.2755928
usemtl Patch_4809_Mat_mat3
f 8348 8349 8350
usemtl Patch_4810_Mat_mat3
f 8349 8348 8351

# obj1760
v -133.86459351 421.95507812 57.06873322
v -118.87002563 377.47833252 51.18110275
v -118.87002563 377.47833252 57.0866127
v -133.86459351 421.95507812 51.16322327
usemtl Patch_4811_Mat_mat3
f 8352 8353 8354
usemtl Patch_4812_Mat_mat3
f 8353 8352 8355

# obj1761
v -130.07669067 373.69781494 51.18110275
v -133.86459351 421.95507812 51.16322327
v -145.07125854 418.17459106 51.16322327
v -118.87002563 377.47833252 51.18110275
usemtl Patch_4813_Mat_mat3
f 8356 8357 8358
usemtl Patch_4814_Mat_mat3
f 8357 8356 8359

# obj1762
v -122.65792847 425.7355957 62.97424316
v -107.6633606 381.2588501 57.0866127
v -107.6633606 381.2588501 62.99212265
v -122.65792847 425.7355957 57.06873322
usemtl Patch_4815_Mat_mat3
f 8360 8361 8362
usemtl Patch_4816_Mat_mat3
f 8361 8360 8363

# obj1763
v -118.87002563 377.47833252 57.0866127
v -122.65792847 425.7355957 57.06873322
v -133.86459351 421.95507812 57.06873322
v -107.6633606 381.2588501 57.0866127
usemtl Patch_4817_Mat_mat3
f 8364 8365 8366
usemtl Patch_4818_Mat_mat3
f 8365 8364 8367

# obj1764
v -107.6633606 381.2588501 62.99212265
v -111.41749573 429.52804565 62.97424316
v -122.65792847 425.7355957 62.97424316
v -96.45685577 385.03982544 62.99212265
usemtl Patch_4819_Mat_mat3
f 8368 8369 8370
usemtl Patch_4820_Mat_mat3
f 8369 8368 8371

# obj1765
v -111.41749573 429.52804565 62.97424316
v -92.12600708 436.22045898 59.84251785
v -111.41733551 429.52755737 59.84251785
v -92.12600708 436.22045898 68.89763641
v -111.41733551 429.52755737 68.89763641
usemtl Patch_4821_Mat_mat1
f 8372 8373 8374
usemtl Patch_4822_Mat_mat1
f 8373 8372 8375
usemtl Patch_4823_Mat_mat1
f 8375 8372 8376

# obj1766
v -111.41733551 429.52755737 68.89763641
v -96.45685577 385.03982544 62.99212265
v -96.45670319 385.03936768 68.89763641
v -111.41749573 429.52804565 62.97424316
usemtl Patch_4824_Mat_mat3
f 8377 8378 8379
usemtl Patch_4825_Mat_mat3
f 8378 8377 8380

# obj1767
v -1.18110955 -27.55905533 368.11026001
v -1.18110955 27.55905533 368.11026001
v -1.18110955 -0 368.11026001
v 10.62991428 -33.60013962 368.11026001
v 10.62991428 33.60684967 368.11026001
v 22.44093704 11.81102371 368.11026001
v 22.44093704 -11.81102371 368.11026001
usemtl Patch_4826_Mat_mat5
f 8382 8381 8384
usemtl Patch_4827_Mat_mat5
f 8382 8384 8385
usemtl Patch_4828_Mat_mat5
f 8385 8384 8386
usemtl Patch_4829_Mat_mat5
f 8386 8384 8387

# obj1768
v -140.55119324 -0 254.33070374
v -196.85040283 -98.42519379 254.33070374
v -196.85040283 -0 254.33070374
v -173.22833252 -275.59054565 254.33070374
v -140.55119324 -275.59054565 254.33070374
usemtl Patch_4830_Mat_mat5
f 8388 8389 8390
usemtl Patch_4831_Mat_mat5
f 8389 8388 8391
usemtl Patch_4832_Mat_mat5
f 8391 8388 8392

# obj1769
v -140.55119324 -275.59054565 262.20483398
v -173.22833252 -275.59054565 254.33070374
v -140.55119324 -275.59054565 254.33070374
v -173.22833252 -275.59054565 262.20483398
usemtl Patch_4833_Mat_mat5
f 8393 8394 8395
usemtl Patch_4834_Mat_mat5
f 8394 8393 8396

# obj1770
v -1.18110955 -0 360.23623657
v -1.18110955 -27.55905533 368.11026001
v -1.18110955 -27.55905533 360.23623657
v -1.18110955 -0 368.11026001
usemtl Patch_4835_Mat_mat5
f 8397 8398 8399
usemtl Patch_4836_Mat_mat5
f 8398 8397 8400

# obj1771
v -1.18110955 -350.39367676 360.23623657
v -140.55119324 -275.59054565 262.20483398
v -140.55119324 -275.59054565 254.33070374
v -1.18110955 -350.39367676 368.11026001
usemtl Patch_4837_Mat_mat5
f 8401 8402 8403
usemtl Patch_4838_Mat_mat5
f 8402 8401 8404

# obj1772
v -140.55119324 275.59054565 254.33070374
v -1.18110955 -0 360.23623657
v -140.55119324 -0 254.33070374
v -1.18110955 350.39367676 360.23623657
v -1.18110955 27.55905533 360.23623657
usemtl Patch_4839_Mat_mat5
f 8405 8406 8407
usemtl Patch_4840_Mat_mat5
f 8406 8405 8408

# obj1773
v -1.18110955 350.39367676 360.23623657
v -1.18110955 27.55905533 368.11026001
v -1.18110955 27.55905533 360.23623657
v -1.18110955 350.39367676 368.11026001
usemtl Patch_4841_Mat_mat5
f 8410 8411 8412
usemtl Patch_4842_Mat_mat5
f 8411 8410 8413

# obj1774
v -1.18110955 27.55905533 328.74017334
v -1.18110955 -27.55905533 328.74017334
v -1.18110955 -0 328.74017334
v 10.62991428 -33.60013962 328.74017334
v 10.62991428 33.60684967 328.74017334
v 22.44093704 11.81102371 328.74017334
v 22.44093704 -11.81102371 328.74017334
usemtl Patch_4843_Mat_mat5
f 8415 8414 8417
usemtl Patch_4844_Mat_mat5
f 8417 8414 8418
usemtl Patch_4845_Mat_mat5
f 8417 8418 8419
usemtl Patch_4846_Mat_mat5
f 8417 8419 8420

# obj1775
v 22.44093704 11.81102371 328.74017334
v 22.44093704 -11.81102371 368.11026001
v 22.44093704 -11.81102371 328.74017334
v 22.44093704 11.81102371 368.11026001
usemtl Patch_4847_Mat_mat5
f 8421 8422 8423
usemtl Patch_4848_Mat_mat5
f 8422 8421 8424

# obj1776
v 10.62991428 33.60684967 328.74017334
v 22.44093704 11.81102371 368.11026001
v 22.44093704 11.81102371 328.74017334
v 10.62991428 33.60684967 368.11026001
usemtl Patch_4849_Mat_mat5
f 8425 8426 8427
usemtl Patch_4850_Mat_mat5
f 8426 8425 8428

# obj1777
v -1.18110955 27.55905533 360.23623657
v 10.62991428 33.60684967 328.74017334
v -1.18110955 27.55905533 328.74017334
v 10.62991428 33.60684967 368.11026001
v -1.18110955 27.55905533 368.11026001
usemtl Patch_4851_Mat_mat5
f 8429 8430 8431
usemtl Patch_4852_Mat_mat5
f 8430 8429 8432
usemtl Patch_4853_Mat_mat5
f 8432 8429 8433

# obj1778
v -1.18110955 -0 360.23623657
v -1.18110955 -27.55905533 328.74017334
v -1.18110955 -27.55905533 360.23623657
v -1.18110955 -0 328.74017334
usemtl Patch_4854_Mat_mat5
f 8434 8435 8436
usemtl Patch_4855_Mat_mat5
f 8435 8434 8437

# obj1779
v 10.62991428 -33.60013962 368.11026001
v -1.18110955 -27.55905533 328.74017334
v 10.62991428 -33.60013962 328.74017334
v -1.18110955 -27.55905533 360.23623657
v -1.18110955 -27.55905533 368.11026001
usemtl Patch_4856_Mat_mat5
f 8438 8439 8440
usemtl Patch_4857_Mat_mat5
f 8439 8438 8441
usemtl Patch_4858_Mat_mat5
f 8441 8438 8442

# obj1780
v 22.44093704 -11.81102371 328.74017334
v 10.62991428 -33.60013962 368.11026001
v 10.62991428 -33.60013962 328.74017334
v 22.44093704 -11.81102371 368.11026001
usemtl Patch_4859_Mat_mat5
f 8443 8444 8445
usemtl Patch_4860_Mat_mat5
f 8444 8443 8446

# obj1781
v -1.18110955 27.55905533 360.23623657
v -1.18110955 -0 328.74017334
v -1.18110955 -0 360.23623657
v -1.18110955 27.55905533 328.74017334
usemtl Patch_4861_Mat_mat5
f 8447 8448 8449
usemtl Patch_4862_Mat_mat5
f 8448 8447 8450

# obj1782
v -1.18110955 -27.55905533 360.23623657
v -1.18110955 -350.39367676 368.11026001
v -1.18110955 -350.39367676 360.23623657
v -1.18110955 -27.55905533 368.11026001
usemtl Patch_4863_Mat_mat5
f 8451 8452 8453
usemtl Patch_4864_Mat_mat5
f 8452 8451 8454

# obj1783
v -1.18110955 27.55905533 360.23623657
v -1.18110955 -0 368.11026001
v -1.18110955 -0 360.23623657
v -1.18110955 27.55905533 368.11026001
usemtl Patch_4865_Mat_mat5
f 8455 8456 8457
usemtl Patch_4866_Mat_mat5
f 8456 8455 8458

# obj1784
v 792.64660645 506.802948 39.37007904
v 777.56268311 621.23272705 39.37008286
v 777.56231689 504.48220825 39.37008286
v 788.83886719 536.55554199 39.37006378
v 836.78564453 329.58230591 39.3700676
v 840.55767822 514.17407227 39.3700676
v 816.60211182 510.48849487 39.37007523
v 862.6048584 331.10281372 39.37007141
v 848.22741699 119.3536377 39.3700676
v 864.57446289 303.53182983 39.37007523
v 838.80126953 301.2852478 39.37007904
v 874.02215576 119.68518066 39.37007141
v 927.16534424 -0 39.37007904
v 777.56103516 54.1327095 39.37017441
v 777.56085205 -0 39.37008286
v 777.56115723 90.87619019 39.37006378
v 823.22003174 91.46303558 39.3700676
v 874.80957031 92.12611389 39.37007141
v 912.20471191 46.45669174 39.37007904
v 875.98425293 551.5748291 39.37007904
v 890.5512085 425.59057617 39.37007904
v 901.96850586 299.60629272 39.37007904
v 909.05511475 173.22833252 39.37007904
v 927.16534424 46.45669174 39.37007904
v 975.63647461 652.06890869 39.37007904
v 837.01434326 541.73309326 39.3700676
v 895.27557373 553.93701172 39.37007904
v 912.9921875 401.57479858 39.37007904
v 914.96063232 374.80316162 39.37007904
v 1016.53546143 390.55117798 39.37007904
usemtl Patch_4867_Mat_mat1
f 8459 8460 8461
usemtl Patch_4868_Mat_mat1
f 8460 8459 8462
usemtl Patch_4869_Mat_mat1
f 8463 8464 8465
usemtl Patch_4870_Mat_mat1
f 8464 8463 8466
usemtl Patch_4871_Mat_mat1
f 8467 8468 8469
usemtl Patch_4872_Mat_mat1
f 8468 8467 8470
usemtl Patch_4873_Mat_mat1
f 8471 8472 8473
usemtl Patch_4874_Mat_mat1
f 8472 8471 8474
usemtl Patch_4875_Mat_mat1
f 8474 8471 8475
usemtl Patch_4876_Mat_mat1
f 8475 8471 8476
usemtl Patch_4877_Mat_mat1
f 8476 8471 8477
usemtl Patch_4878_Mat_mat1
f 8476 8477 8478
usemtl Patch_4879_Mat_mat1
f 8478 8477 8479
usemtl Patch_4880_Mat_mat1
f 8479 8477 8480
usemtl Patch_4881_Mat_mat1
f 8480 8477 8481
usemtl Patch_4882_Mat_mat1
f 8477 8471 8482
usemtl Patch_4883_Mat_mat1
f 8462 8483 8460
usemtl Patch_4884_Mat_mat1
f 8483 8462 8484
usemtl Patch_4885_Mat_mat1
f 8483 8484 8478
usemtl Patch_4886_Mat_mat1
f 8478 8484 8464
usemtl Patch_4887_Mat_mat1
f 8478 8464 8466
usemtl Patch_4888_Mat_mat1
f 8478 8466 8468
usemtl Patch_4889_Mat_mat1
f 8478 8468 8470
usemtl Patch_4890_Mat_mat1
f 8478 8470 8476
usemtl Patch_4891_Mat_mat1
f 8483 8478 8485
usemtl Patch_4892_Mat_mat1
f 8483 8485 8486
usemtl Patch_4893_Mat_mat1
f 8483 8486 8487
usemtl Patch_4894_Mat_mat1
f 8483 8487 8488

# obj1785
v 975.63647461 -652.06890869 39.37007904
v 788.83886719 -536.55554199 39.37006378
v 777.56268311 -621.23272705 39.37008286
v 837.01434326 -541.73309326 39.3700676
v 875.98425293 -551.5748291 39.37007904
v 840.55767822 -514.17407227 39.3700676
v 862.6048584 -331.10281372 39.37007141
v 864.57446289 -303.53182983 39.37007523
v 874.02215576 -119.68518066 39.37007141
v 874.80957031 -92.12611389 39.37007141
v 895.27557373 -553.93701172 39.37007904
v 912.9921875 -401.57479858 39.37007904
v 914.96063232 -374.80316162 39.37007904
v 1016.53546143 -390.55117798 39.37007904
v 777.56103516 -54.1327095 39.3702774
v 927.16534424 -0 39.37007904
v 777.56085205 0 39.37008286
v 777.56109619 -90.87619019 39.37006378
v 823.22003174 -91.46303558 39.3700676
v 912.20471191 -46.45669174 39.37007904
v 890.5512085 -425.59057617 39.37007904
v 901.96850586 -299.60629272 39.37007904
v 909.05511475 -173.22833252 39.37007904
v 927.16534424 -46.45669174 39.37007904
v 848.22741699 -119.3536377 39.3700676
v 838.80126953 -301.2852478 39.37007904
v 836.78564453 -329.58230591 39.3700676
v 816.60211182 -510.48849487 39.37007523
v 792.64660645 -506.802948 39.37007904
v 777.56231689 -504.48220825 39.37008286
usemtl Patch_4895_Mat_mat1
f 8489 8490 8491
usemtl Patch_4896_Mat_mat1
f 8490 8489 8492
usemtl Patch_4897_Mat_mat1
f 8492 8489 8493
usemtl Patch_4898_Mat_mat1
f 8492 8493 8494
usemtl Patch_4899_Mat_mat1
f 8494 8493 8495
usemtl Patch_4900_Mat_mat1
f 8495 8493 8496
usemtl Patch_4901_Mat_mat1
f 8496 8493 8497
usemtl Patch_4902_Mat_mat1
f 8497 8493 8498
usemtl Patch_4903_Mat_mat1
f 8493 8489 8499
usemtl Patch_4904_Mat_mat1
f 8499 8489 8500
usemtl Patch_4905_Mat_mat1
f 8500 8489 8501
usemtl Patch_4906_Mat_mat1
f 8501 8489 8502
usemtl Patch_4907_Mat_mat1
f 8503 8504 8505
usemtl Patch_4908_Mat_mat1
f 8504 8503 8506
usemtl Patch_4909_Mat_mat1
f 8504 8506 8507
usemtl Patch_4910_Mat_mat1
f 8504 8507 8498
usemtl Patch_4911_Mat_mat1
f 8504 8498 8508
usemtl Patch_4912_Mat_mat1
f 8508 8498 8493
usemtl Patch_4913_Mat_mat1
f 8508 8493 8509
usemtl Patch_4914_Mat_mat1
f 8508 8509 8510
usemtl Patch_4915_Mat_mat1
f 8508 8510 8511
usemtl Patch_4916_Mat_mat1
f 8504 8508 8512
usemtl Patch_4917_Mat_mat1
f 8496 8513 8514
usemtl Patch_4918_Mat_mat1
f 8513 8496 8497
usemtl Patch_4919_Mat_mat1
f 8494 8515 8516
usemtl Patch_4920_Mat_mat1
f 8515 8494 8495
usemtl Patch_4921_Mat_mat1
f 8491 8517 8518
usemtl Patch_4922_Mat_mat1
f 8517 8491 8490

# obj1786
v 823.22003174 91.46303558 39.3700676
v 777.56231689 504.48220825 39.37008286
v 777.56115723 90.87619019 39.37006378
v 792.64660645 506.802948 39.37007904
v 810.96636963 328.06176758 39.3700676
v 813.02813721 299.03869629 39.37007904
v 822.43267822 119.02209473 39.3700676
v 838.80126953 301.2852478 39.37007904
v 848.22741699 119.3536377 39.3700676
v 816.60211182 510.48849487 39.37007523
v 836.78564453 329.58230591 39.3700676
usemtl Patch_4923_Mat_mat4
f 8519 8520 8521
usemtl Patch_4924_Mat_mat4
f 8520 8519 8522
usemtl Patch_4925_Mat_mat4
f 8522 8519 8523
usemtl Patch_4926_Mat_mat4
f 8523 8519 8524
usemtl Patch_4927_Mat_mat4
f 8524 8519 8525
usemtl Patch_4928_Mat_mat4
f 8525 8526 8524
usemtl Patch_4929_Mat_mat4
f 8526 8525 8527
usemtl Patch_4930_Mat_mat4
f 8523 8528 8522
usemtl Patch_4931_Mat_mat4
f 8528 8523 8529

# obj1787
v 77.55903625 -0 -31.49606133
v 124.34423065 82.67212677 -26.75965309
v 77.55903625 512.25610352 -31.49606133
v 160.97537231 44.09076691 -23.05121231
v 388.6701355 -0 -0
v 97.29410553 433.07473755 -29.49813461
v 157.7883606 84.24536133 -23.3738575
v 777.56103516 54.1327095 39.37017441
v 777.56085205 -0 39.37008286
v 777.56268311 621.23272705 39.37008286
v 681.2411499 506.27575684 29.6191082
v 777.56231689 504.48220825 39.37008286
usemtl Patch_4932_Mat_mat1
f 8530 8531 8532
usemtl Patch_4933_Mat_mat1
f 8531 8530 8533
usemtl Patch_4934_Mat_mat1
f 8533 8530 8534
usemtl Patch_4935_Mat_mat1
f 8532 8531 8535
usemtl Patch_4936_Mat_mat1
f 8531 8533 8536
usemtl Patch_4937_Mat_mat1
f 8533 8534 8537
usemtl Patch_4938_Mat_mat1
f 8537 8534 8538
usemtl Patch_4939_Mat_mat1
f 8535 8539 8532
usemtl Patch_4940_Mat_mat1
f 8539 8535 8540
usemtl Patch_4941_Mat_mat1
f 8539 8540 8541

# obj1788
v 446.68258667 527.78442383 169.19290161
v 458.75418091 571.60058594 169.19290161
v 440.0932312 568.69543457 169.19290161
v 465.12841797 530.65606689 169.19290161
usemtl Patch_4942_Mat_mat1
f 8542 8543 8544
usemtl Patch_4943_Mat_mat1
f 8543 8542 8545

# obj1789
v 446.68258667 527.78442383 169.19290161
v 440.0932312 568.69543457 165.00982666
v 446.69155884 527.72875977 165.00984192
v 440.0932312 568.69543457 169.19290161
usemtl Patch_4944_Mat_mat1
f 8546 8547 8548
usemtl Patch_4945_Mat_mat1
f 8547 8546 8549

# obj1790
v 409.40127563 521.72259521 160.82678223
v 421.43231201 565.79034424 160.82676697
v 402.7713623 562.88519287 160.82676697
v 428.04641724 524.72564697 160.82678223
usemtl Patch_4946_Mat_mat1
f 8550 8551 8552
usemtl Patch_4947_Mat_mat1
f 8551 8550 8553

# obj1791
v 409.41842651 521.6161499 156.64370728
v 390.57223511 518.58068848 152.46064758
v 409.41842651 521.6161499 152.46064758
v 390.57223511 518.58068848 156.64370728
usemtl Patch_4948_Mat_mat1
f 8554 8555 8556
usemtl Patch_4949_Mat_mat1
f 8555 8554 8557

# obj1792
v 390.57223511 518.58068848 156.64370728
v 402.7713623 562.88519287 156.64369202
v 384.11044312 559.9800415 156.64369202
v 409.41842651 521.6161499 156.64370728
usemtl Patch_4950_Mat_mat1
f 8558 8559 8560
usemtl Patch_4951_Mat_mat1
f 8559 8558 8561

# obj1793
v 378.68209839 474.91888428 152.46064758
v 390.57223511 518.58068848 152.46064758
v 372.0657959 515.99688721 152.46064758
v 415.98599243 480.84048462 152.46064758
v 409.41842651 521.6161499 152.46064758
usemtl Patch_4952_Mat_mat4
f 8562 8563 8564
usemtl Patch_4953_Mat_mat4
f 8563 8562 8565
usemtl Patch_4954_Mat_mat4
f 8563 8565 8566

# obj1794
v 390.57223511 518.58068848 156.64370728
v 384.11044312 559.9800415 152.46063232
v 390.57223511 518.58068848 152.46064758
v 384.11044312 559.9800415 156.64369202
usemtl Patch_4955_Mat_mat1
f 8567 8568 8569
usemtl Patch_4956_Mat_mat1
f 8568 8567 8570

# obj1795
v 372.0657959 515.99688721 152.46064758
v 384.11044312 559.9800415 152.46063232
v 365.44949341 557.07489014 152.46063232
v 390.57223511 518.58068848 152.46064758
usemtl Patch_4957_Mat_mat1
f 8571 8572 8573
usemtl Patch_4958_Mat_mat1
f 8572 8571 8574

# obj1796
v 334.7755127 509.99066162 144.09451294
v 346.7885437 554.16973877 144.09449768
v 328.12762451 551.26464844 144.09449768
v 353.20425415 512.95892334 144.09451294
usemtl Patch_4959_Mat_mat1
f 8575 8576 8577
usemtl Patch_4960_Mat_mat1
f 8576 8575 8578

# obj1797
v 297.44665527 504.22384644 135.7283783
v 309.4666748 548.35949707 135.72836304
v 290.8057251 545.4543457 135.72836304
v 315.87561035 507.19213867 135.7283783
usemtl Patch_4961_Mat_mat1
f 8579 8580 8581
usemtl Patch_4962_Mat_mat1
f 8580 8579 8582

# obj1798
v 260.14974976 498.25875854 127.36224365
v 272.14480591 542.54919434 127.36223602
v 253.4838562 539.644104 127.36223602
v 278.57785034 501.22692871 127.36224365
usemtl Patch_4963_Mat_mat1
f 8583 8584 8585
usemtl Patch_4964_Mat_mat1
f 8584 8583 8586

# obj1799
v 222.83686829 492.39279175 118.99610901
v 234.82292175 536.73895264 118.99610138
v 216.1619873 533.83380127 118.99610138
v 241.2646637 495.3609314 118.99610901
usemtl Patch_4965_Mat_mat1
f 8587 8588 8589
usemtl Patch_4966_Mat_mat1
f 8588 8587 8590

# obj1800
v 222.84231567 492.35894775 114.81304169
v 203.99438477 489.32312012 110.62997437
v 222.84231567 492.35894775 110.62997437
v 203.99438477 489.32312012 114.81304169
usemtl Patch_4967_Mat_mat1
f 8591 8592 8593
usemtl Patch_4968_Mat_mat1
f 8592 8591 8594

# obj1801
v 203.99438477 489.32312012 114.81304169
v 216.1619873 533.83380127 114.81304169
v 197.50105286 530.9286499 114.81304169
v 222.84231567 492.35894775 114.81304169
usemtl Patch_4969_Mat_mat1
f 8595 8596 8597
usemtl Patch_4970_Mat_mat1
f 8596 8595 8598

# obj1802
v 203.99438477 489.32312012 114.81304169
v 197.50105286 530.9286499 110.62997437
v 203.99438477 489.32312012 110.62997437
v 197.50105286 530.9286499 114.81304169
usemtl Patch_4971_Mat_mat1
f 8599 8600 8601
usemtl Patch_4972_Mat_mat1
f 8600 8599 8602

# obj1803
v 192.16262817 445.31088257 110.62998199
v 203.99438477 489.32312012 110.62997437
v 185.55204773 486.35263062 110.62997437
v 229.46652222 451.23248291 110.62998199
v 222.84231567 492.35894775 110.62997437
v 222.84776306 492.32510376 110.62997437
usemtl Patch_4973_Mat_mat4
f 8603 8604 8605
usemtl Patch_4974_Mat_mat4
f 8604 8603 8606
usemtl Patch_4975_Mat_mat4
f 8604 8606 8607
usemtl Patch_4976_Mat_mat4
f 8607 8606 8608

# obj1804
v 185.55204773 486.35263062 110.62997437
v 197.50105286 530.9286499 110.62997437
v 178.84010315 528.02355957 110.62997437
v 203.99438477 489.32312012 110.62997437
usemtl Patch_4977_Mat_mat1
f 8609 8610 8611
usemtl Patch_4978_Mat_mat1
f 8610 8609 8612

# obj1805
v 148.21110535 480.66085815 102.26383972
v 160.1791687 525.1184082 102.26383972
v 141.51823425 522.21325684 102.26383972
v 166.63825989 483.62893677 102.26383972
usemtl Patch_4979_Mat_mat1
f 8613 8614 8615
usemtl Patch_4980_Mat_mat1
f 8614 8613 8616

# obj1806
v 110.89822388 474.79492188 93.89771271
v 122.85729218 519.30810547 93.89770508
v 104.19635773 516.4029541 93.89770508
v 129.32505798 477.76293945 93.89771271
usemtl Patch_4981_Mat_mat1
f 8617 8618 8619
usemtl Patch_4982_Mat_mat1
f 8618 8617 8620

# obj1807
v 73.58534241 468.92895508 85.53157806
v 85.53541565 513.49786377 85.53157806
v 66.8744812 510.5927124 85.53157806
v 92.01185608 471.89694214 85.53157806
usemtl Patch_4983_Mat_mat1
f 8621 8622 8623
usemtl Patch_4984_Mat_mat1
f 8622 8621 8624

# obj1808
v 36.27246094 463.06298828 77.16544342
v 48.21354294 507.68756104 77.16544342
v 29.55260468 504.78244019 77.16544342
v 54.69865417 466.03094482 77.16544342
usemtl Patch_4985_Mat_mat1
f 8625 8626 8627
usemtl Patch_4986_Mat_mat1
f 8626 8625 8628

# obj1809
v 36.27246094 463.06298828 77.16544342
v 36.24983597 463.20349121 73.03154755
v 36.24983215 463.20346069 68.89763641
v 29.55260468 504.78244019 77.16544342
v 29.55260468 504.78244019 73.03145599
usemtl Patch_4987_Mat_mat1
f 8629 8630 8631
usemtl Patch_4988_Mat_mat1
f 8630 8629 8632
usemtl Patch_4989_Mat_mat1
f 8630 8632 8633

# obj1810
v 17.59265709 460.19842529 73.03154755
v 29.55260468 504.78244019 73.03145599
v 10.8798914 501.87545776 73.03146362
v 36.24983597 463.20349121 73.03154755
usemtl Patch_4990_Mat_mat1
f 8634 8635 8636
usemtl Patch_4991_Mat_mat1
f 8635 8634 8637

# obj1811
v 17.59265709 460.19842529 73.03154755
v 10.87989044 501.87545776 68.89756012
v 17.59265709 460.19839478 68.89763641
v 10.8798914 501.87545776 73.03146362
usemtl Patch_4992_Mat_mat1
f 8638 8639 8640
usemtl Patch_4993_Mat_mat1
f 8639 8638 8641

# obj1812
v 36.24983597 463.20349121 73.03154755
v 17.59265709 460.19839478 68.89763641
v 36.24983215 463.20346069 68.89763641
v 17.59265709 460.19842529 73.03154755
usemtl Patch_4994_Mat_mat1
f 8642 8643 8644
usemtl Patch_4995_Mat_mat1
f 8643 8642 8645

# obj1813
v -96.45670319 385.03936768 68.89763641
v -92.12600708 436.22045898 68.89763641
v -111.41733551 429.52755737 68.89763641
v -76.37795258 391.73226929 68.89763641
v -87.00788879 437.79525757 68.89763641
v -85.51318359 486.86895752 68.89762878
v 0.83884025 505.49203491 68.89756775
v -86.30049133 491.92617798 68.89762878
v -71.65354919 393.30706787 68.89763641
v -67.32285309 381.49603271 68.89763641
v 1.62614477 500.43484497 68.89756775
v 24.86544037 415.04440308 68.89772034
v 17.59265709 460.19839478 68.89763641
v 10.87989044 501.87545776 68.89756012
v -103.34807587 484.09243774 68.89763641
usemtl Patch_4996_Mat_mat1
f 8646 8647 8648
usemtl Patch_4997_Mat_mat1
f 8647 8646 8649
usemtl Patch_4998_Mat_mat1
f 8647 8649 8650
usemtl Patch_4999_Mat_mat1
f 8650 8649 8651
usemtl Patch_5000_Mat_mat1
f 8651 8652 8653
usemtl Patch_5001_Mat_mat1
f 8652 8651 8649
usemtl Patch_5002_Mat_mat1
f 8652 8649 8654
usemtl Patch_5003_Mat_mat1
f 8652 8654 8655
usemtl Patch_5004_Mat_mat1
f 8652 8655 8656
usemtl Patch_5005_Mat_mat1
f 8656 8655 8657
usemtl Patch_5006_Mat_mat1
f 8656 8657 8658
usemtl Patch_5007_Mat_mat1
f 8656 8658 8659
usemtl Patch_5008_Mat_mat1
f 8651 8660 8650

# obj1814
v 465.12841797 -530.65606689 169.19290161
v 453.28988647 -486.76205444 169.19291687
v 446.68258667 -527.78442383 169.19290161
v 490.59378052 -492.68365479 169.19291687
v 484.00445557 -533.59472656 169.19290161
usemtl Patch_5009_Mat_mat4
f 8661 8662 8663
usemtl Patch_5010_Mat_mat4
f 8662 8661 8664
usemtl Patch_5011_Mat_mat4
f 8664 8661 8665

# obj1815
v 428.04641724 -524.72564697 160.82678223
v 415.98599243 -480.84048462 160.82678223
v 409.40127563 -521.72259521 160.82678223
v 453.28988647 -486.76205444 160.82678223
v 446.69155884 -527.72875977 160.82678223
usemtl Patch_5012_Mat_mat4
f 8666 8667 8668
usemtl Patch_5013_Mat_mat4
f 8667 8666 8669
usemtl Patch_5014_Mat_mat4
f 8669 8666 8670

# obj1816
v 409.40127563 -521.72259521 160.82678223
v 409.40127563 -521.72259521 152.46064758
v 409.40127563 -521.72259521 156.64370728
v 415.98599243 -480.84048462 160.82678223
v 415.98599243 -480.84048462 152.46064758
usemtl Patch_5015_Mat_mat1
f 8672 8671 8674
usemtl Patch_5016_Mat_mat1
f 8672 8674 8675

# obj1817
v 390.55508423 -518.68707275 152.46064758
v 409.40127563 -521.72259521 156.64370728
v 409.40127563 -521.72259521 152.46064758
v 390.55508423 -518.68713379 156.64370728
usemtl Patch_5017_Mat_mat1
f 8676 8677 8678
usemtl Patch_5018_Mat_mat1
f 8677 8676 8679

# obj1818
v 402.7713623 -562.88519287 156.64369202
v 390.55508423 -518.68713379 156.64370728
v 384.11044312 -559.9800415 156.64369202
v 409.40127563 -521.72259521 156.64370728
usemtl Patch_5019_Mat_mat1
f 8680 8681 8682
usemtl Patch_5020_Mat_mat1
f 8681 8680 8683

# obj1819
v 384.11044312 -559.9800415 152.46063232
v 372.11099243 -515.71636963 152.46064758
v 365.44949341 -557.07489014 152.46063232
v 390.55508423 -518.68707275 152.46064758
usemtl Patch_5021_Mat_mat1
f 8684 8685 8686
usemtl Patch_5022_Mat_mat1
f 8685 8684 8687

# obj1820
v 390.55508423 -518.68713379 156.64370728
v 384.11044312 -559.9800415 152.46063232
v 384.11044312 -559.9800415 156.64369202
v 390.55508423 -518.68707275 152.46064758
usemtl Patch_5023_Mat_mat1
f 8688 8689 8690
usemtl Patch_5024_Mat_mat1
f 8689 8688 8691

# obj1821
v 390.55508423 -518.68707275 152.46064758
v 378.68209839 -474.91888428 152.46064758
v 372.11099243 -515.71636963 152.46064758
v 415.98599243 -480.84048462 152.46064758
v 409.40127563 -521.72259521 152.46064758
usemtl Patch_5025_Mat_mat4
f 8692 8693 8694
usemtl Patch_5026_Mat_mat4
f 8693 8692 8695
usemtl Patch_5027_Mat_mat4
f 8695 8692 8696

# obj1822
v 353.20425415 -512.95892334 144.09451294
v 341.37820435 -468.99728394 144.09451294
v 334.7755127 -509.99066162 144.09451294
v 378.68209839 -474.91888428 144.09451294
v 372.0657959 -515.99688721 144.09451294
usemtl Patch_5028_Mat_mat4
f 8697 8698 8699
usemtl Patch_5029_Mat_mat4
f 8698 8697 8700
usemtl Patch_5030_Mat_mat4
f 8700 8697 8701

# obj1823
v 315.87561035 -507.19213867 135.7283783
v 304.0743103 -463.07568359 135.7283783
v 297.43106079 -504.32067871 135.7283783
v 341.37820435 -468.99728394 135.7283783
v 334.75289917 -510.13095093 135.7283783
usemtl Patch_5031_Mat_mat4
f 8702 8703 8704
usemtl Patch_5032_Mat_mat4
f 8703 8702 8705
usemtl Patch_5033_Mat_mat4
f 8705 8702 8706

# obj1824
v 278.57785034 -501.22692871 127.36224365
v 266.77041626 -457.15408325 127.36225128
v 260.14974976 -498.25875854 127.36224365
v 304.0743103 -463.07568359 127.36225128
v 297.44003296 -504.26501465 127.36224365
usemtl Patch_5034_Mat_mat4
f 8707 8708 8709
usemtl Patch_5035_Mat_mat4
f 8708 8707 8710
usemtl Patch_5036_Mat_mat4
f 8710 8707 8711

# obj1825
v 241.2646637 -495.3609314 118.99610901
v 229.46652222 -451.23248291 118.99611664
v 222.83686829 -492.39279175 118.99610901
v 266.77041626 -457.15408325 118.99611664
v 260.12713623 -498.39907837 118.99610901
usemtl Patch_5037_Mat_mat4
f 8712 8713 8714
usemtl Patch_5038_Mat_mat4
f 8713 8712 8715
usemtl Patch_5039_Mat_mat4
f 8715 8712 8716

# obj1826
v 222.83686829 -492.39279175 118.99610901
v 222.83686829 -492.39279175 110.62997437
v 222.83686829 -492.39279175 114.81304169
v 229.46652222 -451.23248291 118.99611664
v 229.46652222 -451.23248291 110.62998199
usemtl Patch_5040_Mat_mat1
f 8718 8717 8720
usemtl Patch_5041_Mat_mat1
f 8718 8720 8721

# obj1827
v 203.98893738 -489.35696411 110.62997437
v 222.83686829 -492.39279175 114.81304169
v 222.83686829 -492.39279175 110.62997437
v 203.98893738 -489.35696411 114.81304169
usemtl Patch_5042_Mat_mat1
f 8722 8723 8724
usemtl Patch_5043_Mat_mat1
f 8723 8722 8725

# obj1828
v 216.1619873 -533.83380127 114.81304169
v 203.98893738 -489.35696411 114.81304169
v 197.50105286 -530.9286499 114.81304169
v 222.83686829 -492.39279175 114.81304169
usemtl Patch_5044_Mat_mat1
f 8726 8727 8728
usemtl Patch_5045_Mat_mat1
f 8727 8726 8729

# obj1829
v 197.50105286 -530.9286499 110.62997437
v 185.54660034 -486.38647461 110.62997437
v 178.84010315 -528.02355957 110.62997437
v 203.98893738 -489.35696411 110.62997437
usemtl Patch_5046_Mat_mat1
f 8730 8731 8732
usemtl Patch_5047_Mat_mat1
f 8731 8730 8733

# obj1830
v 203.98893738 -489.35696411 114.81304169
v 197.50105286 -530.9286499 110.62997437
v 197.50105286 -530.9286499 114.81304169
v 203.98893738 -489.35696411 110.62997437
usemtl Patch_5048_Mat_mat1
f 8734 8735 8736
usemtl Patch_5049_Mat_mat1
f 8735 8734 8737

# obj1831
v 203.98893738 -489.35696411 110.62997437
v 192.16262817 -445.31088257 110.62998199
v 185.54660034 -486.38647461 110.62997437
v 229.46652222 -451.23248291 110.62998199
v 222.83686829 -492.39279175 110.62997437
usemtl Patch_5050_Mat_mat4
f 8738 8739 8740
usemtl Patch_5051_Mat_mat4
f 8739 8738 8741
usemtl Patch_5052_Mat_mat4
f 8741 8738 8742

# obj1832
v 166.63825989 -483.62893677 102.26383972
v 154.85874939 -439.38931274 102.26384735
v 148.21110535 -480.66085815 102.26383972
v 192.16262817 -445.31088257 102.26384735
v 185.50137329 -486.66720581 102.26383972
usemtl Patch_5053_Mat_mat4
f 8743 8744 8745
usemtl Patch_5054_Mat_mat4
f 8744 8743 8746
usemtl Patch_5055_Mat_mat4
f 8746 8743 8747

# obj1833
v 129.32505798 -477.76293945 93.89771271
v 117.55484772 -433.4677124 93.89771271
v 110.89822388 -474.79492188 93.89771271
v 154.85874939 -439.38931274 93.89771271
v 148.18849182 -480.80126953 93.89771271
usemtl Patch_5056_Mat_mat4
f 8748 8749 8750
usemtl Patch_5057_Mat_mat4
f 8749 8748 8751
usemtl Patch_5058_Mat_mat4
f 8751 8748 8752

# obj1834
v 92.01185608 -471.89694214 85.53157806
v 80.25095367 -427.54611206 85.53157806
v 73.58534241 -468.92895508 85.53157806
v 117.55484772 -433.4677124 85.53157806
v 110.87560272 -474.93533325 85.53157806
usemtl Patch_5059_Mat_mat4
f 8753 8754 8755
usemtl Patch_5060_Mat_mat4
f 8754 8753 8756
usemtl Patch_5061_Mat_mat4
f 8756 8753 8757

# obj1835
v 54.69865417 -466.03094482 77.16544342
v 42.94706345 -421.62451172 77.16544342
v 36.24983215 -463.20346069 77.16544342
v 80.25095367 -427.54611206 77.16544342
v 73.56272125 -469.06939697 77.16544342
usemtl Patch_5062_Mat_mat4
f 8758 8759 8760
usemtl Patch_5063_Mat_mat4
f 8759 8758 8761
usemtl Patch_5064_Mat_mat4
f 8761 8758 8762

# obj1836
v 36.24983215 -463.20346069 77.16544342
v 36.24983215 -463.20346069 68.89763641
v 36.24983597 -463.20349121 73.03153992
v 42.94706345 -421.62451172 77.16544342
v 42.94706345 -421.62451172 68.89772797
usemtl Patch_5065_Mat_mat1
f 8763 8764 8765
usemtl Patch_5066_Mat_mat1
f 8764 8763 8766
usemtl Patch_5067_Mat_mat1
f 8764 8766 8767

# obj1837
v -85.51318359 -486.86895752 68.89762878
v -87.00788879 -437.79525757 68.89763641
v -103.34807587 -484.09243774 68.89763641
v 0.83884025 -505.49203491 68.89756775
v -86.30049133 -491.92617798 68.89762878
v -76.37795258 -391.73226929 68.89763641
v -71.65354919 -393.30706787 68.89763641
v -67.32285309 -381.49603271 68.89763641
v 1.62614477 -500.43484497 68.89756775
v 24.48927116 -414.90750122 68.89772797
v 17.20424271 -460.13574219 68.89764404
v 10.4908762 -501.81491089 68.89756012
v -92.12600708 -436.22045898 68.89763641
v -96.45670319 -385.03936768 68.89763641
v -111.41733551 -429.52755737 68.89763641
usemtl Patch_5068_Mat_mat1
f 8768 8769 8770
usemtl Patch_5069_Mat_mat1
f 8771 8768 8772
usemtl Patch_5070_Mat_mat1
f 8768 8771 8773
usemtl Patch_5071_Mat_mat1
f 8773 8771 8774
usemtl Patch_5072_Mat_mat1
f 8774 8771 8775
usemtl Patch_5073_Mat_mat1
f 8775 8771 8776
usemtl Patch_5074_Mat_mat1
f 8775 8776 8777
usemtl Patch_5075_Mat_mat1
f 8777 8776 8778
usemtl Patch_5076_Mat_mat1
f 8778 8776 8779
usemtl Patch_5077_Mat_mat1
f 8780 8781 8782
usemtl Patch_5078_Mat_mat1
f 8781 8780 8773
usemtl Patch_5079_Mat_mat1
f 8773 8780 8769
usemtl Patch_5080_Mat_mat1
f 8773 8769 8768

# obj1838
v 29.55260468 -504.78244019 73.03145599
v 17.20424461 -460.13577271 73.03154755
v 10.49087715 -501.81491089 73.03146362
v 36.24983597 -463.20349121 73.03153992
usemtl Patch_5081_Mat_mat1
f 8783 8784 8785
usemtl Patch_5082_Mat_mat1
f 8784 8783 8786

# obj1839
v 17.20424271 -460.13574219 68.89764404
v 36.24983597 -463.20349121 73.03153992
v 36.24983215 -463.20346069 68.89763641
v 17.20424461 -460.13577271 73.03154755
usemtl Patch_5083_Mat_mat1
f 8787 8788 8789
usemtl Patch_5084_Mat_mat1
f 8788 8787 8790

# obj1840
v 17.20424461 -460.13577271 73.03154755
v 10.4908762 -501.81491089 68.89756012
v 10.49087715 -501.81491089 73.03146362
v 17.20424271 -460.13574219 68.89764404
usemtl Patch_5085_Mat_mat1
f 8791 8792 8793
usemtl Patch_5086_Mat_mat1
f 8792 8791 8794

# obj1841
v 36.24983215 -463.20346069 68.89763641
v 24.48927116 -414.90750122 68.89772797
v 17.20424271 -460.13574219 68.89764404
v 42.94706345 -421.62451172 68.89772797
usemtl Patch_5087_Mat_mat4
f 8795 8796 8797
usemtl Patch_5088_Mat_mat4
f 8796 8795 8798

# obj1842
v 777.56268311 -621.23272705 39.37008286
v 97.29410553 -433.07473755 -29.49813461
v 77.55903625 -512.25610352 -31.49606133
v 681.2411499 -506.27575684 29.6191082
v 777.56231689 -504.48220825 39.37008286
v 77.55903625 -0 -31.49606133
v 160.97537231 -44.09076691 -23.05121231
v 388.6701355 0 0
v 124.34423065 -82.67212677 -26.75965309
v 157.7883606 -84.24536133 -23.3738575
v 777.56103516 -54.1327095 39.3702774
v 777.56085205 0 39.37008286
usemtl Patch_5089_Mat_mat1
f 8799 8800 8801
usemtl Patch_5090_Mat_mat1
f 8800 8799 8802
usemtl Patch_5091_Mat_mat1
f 8802 8799 8803
usemtl Patch_5092_Mat_mat1
f 8804 8805 8806
usemtl Patch_5093_Mat_mat1
f 8805 8804 8807
usemtl Patch_5094_Mat_mat1
f 8807 8804 8801
usemtl Patch_5095_Mat_mat1
f 8807 8801 8800
usemtl Patch_5096_Mat_mat1
f 8805 8807 8808
usemtl Patch_5097_Mat_mat1
f 8806 8805 8809
usemtl Patch_5098_Mat_mat1
f 8806 8809 8810

# obj1843
v 43.77355957 -506.99633789 -31.49603844
v 29.89307404 -364.96063232 -31.49597168
v 24.55283546 -364.96063232 -31.49597168
v 30.19053841 -361.03488159 -31.49597168
v 43.04867554 -87.126297 -31.49605751
v 50.90018463 -87.72122955 -31.49605751
v 77.55903625 -512.25610352 -31.49606133
v 51.25629425 -83.02149963 -31.49605751
v 77.55903625 -0 -31.49606133
v 12.20472431 -80.31496429 -31.49605751
v 12.2047224 -0 -31.49605942
v 22.33902931 -360.43994141 -31.49597168
usemtl Patch_5099_Mat_mat1
f 8811 8812 8813
usemtl Patch_5100_Mat_mat1
f 8812 8811 8814
usemtl Patch_5101_Mat_mat1
f 8814 8811 8815
usemtl Patch_5102_Mat_mat1
f 8815 8811 8816
usemtl Patch_5103_Mat_mat1
f 8816 8811 8817
usemtl Patch_5104_Mat_mat1
f 8816 8817 8818
usemtl Patch_5105_Mat_mat1
f 8818 8817 8819
usemtl Patch_5106_Mat_mat1
f 8820 8819 8821
usemtl Patch_5107_Mat_mat1
f 8819 8820 8818
usemtl Patch_5108_Mat_mat1
f 8815 8822 8814

# obj1844
v 12.20472431 -99.21260071 -12.59842491
v 12.20472431 -108.6614151 -6.29921246
v 12.20472431 -108.6614151 -12.59842491
v 12.20472431 -89.76377869 -18.89763832
v 12.20472431 -99.21260071 -18.89763832
v 12.20472431 -80.31496429 -25.19684982
v 12.20472431 -89.76377869 -25.19684982
v 12.2047224 -0 -31.49605942
v 12.20472431 -80.31496429 -31.49605751
v 12.20472431 -118.11023712 0
v 12.20472431 -118.11023712 -6.29921246
v 12.20472431 0 0
usemtl Patch_5109_Mat_mat3
f 8823 8824 8825
usemtl Patch_5110_Mat_mat3
f 8826 8823 8827
usemtl Patch_5111_Mat_mat3
f 8828 8826 8829
usemtl Patch_5112_Mat_mat3
f 8830 8828 8831
usemtl Patch_5113_Mat_mat3
f 8824 8832 8833
usemtl Patch_5114_Mat_mat3
f 8832 8824 8834
usemtl Patch_5115_Mat_mat3
f 8834 8824 8823
usemtl Patch_5116_Mat_mat3
f 8834 8823 8826
usemtl Patch_5117_Mat_mat3
f 8834 8826 8828
usemtl Patch_5118_Mat_mat3
f 8834 8828 8830
