mtllib mesh.mtl

# obj1
v -2.2120000600 4.4664998500 4.6400001100
v -2.2120000600 4.4165001900 5.8420000000
v -2.2120000600 4.4165001900 4.6400001100
v -2.2120000600 5.7265000700 3.9850001700
v -2.2120000600 4.4664998500 3.9850001700
v -2.2120000600 -4.5775000500 3.9850001700
v -2.2120000600 -5.7885001600 6.7449999200
v -2.2120000600 -5.7885001600 3.9850001700
v -2.2120000600 -4.5775000500 4.6400001100
v -2.2120000600 -4.5275000000 5.8420000000
v -2.2120000600 5.7265000700 6.7449999200
v -2.2120000600 -4.5275000000 4.6400001100
usemtl Patch_1_Mat_CR3_plaster
f 1 2 3
f 4 1 5
f 6 7 8
f 7 6 9
f 7 9 10
f 7 10 11
f 10 9 12
f 11 10 2
f 11 2 1
f 11 1 4

# obj2
v -3.1260000800 4.6335001200 1.0200000500
v -3.7049998200 3.3594999800 5.4949998600
v -3.7049998200 3.3594999800 1.0200000500
v -3.1260000800 4.6335001200 5.4949998600
usemtl Patch_2_Mat_CR3_stagePanels
f 13 14 15
f 14 13 16

# obj3
v -4.1000001300 4.4794998300 1.0200000500
v -4.6229999900 3.1805000500 5.4949998600
v -4.6229999900 3.1805000500 1.0200000500
v -4.1000001300 4.4794998300 5.4949998600
usemtl Patch_3_Mat_CR3_stagePanels
f 17 18 19
f 18 17 20

# obj4
v -5.3878292700 4.2295073400 1.0200000500
v -5.9779998400 2.9835000600 5.4949998600
v -5.9779998400 2.9835000600 1.0200000500
v -5.3878292700 4.2295073400 5.4949998600
usemtl Patch_4_Mat_CR3_stagePanels
f 21 22 23
f 22 21 24

# obj5
v -6.5530000100 4.0695000500 1.0200000500
v -7.0149997200 2.7525000100 5.4949998600
v -7.0149997200 2.7525000100 1.0200000500
v -6.5530000100 4.0695000500 5.4949998600
usemtl Patch_5_Mat_CR3_stagePanels
f 25 26 27
f 26 25 28

# obj6
v -3.7460000300 -3.4655001000 1.0200000500
v -3.1379999300 -4.7365000400 5.4949998600
v -3.1379999300 -4.7365000400 1.0200000500
v -3.7460000300 -3.4655001000 5.4949998600
usemtl Patch_6_Mat_CR3_stagePanels
f 29 30 31
f 30 29 32

# obj7
v -4.6520001600 -3.2704999800 1.0200000500
v -4.0890000200 -4.5505001500 5.4949998600
v -4.0890000200 -4.5505001500 1.0200000500
v -4.6520001600 -3.2704999800 5.4949998600
usemtl Patch_7_Mat_CR3_stagePanels
f 33 34 35
f 34 33 36

# obj8
v -6.0510000300 -3.1145000100 1.0200000500
v -5.3179998100 -4.3064999300 5.4949998600
v -5.3179998100 -4.3064999300 1.0200000500
v -6.0510000300 -3.1145000100 5.4949998600
usemtl Patch_8_Mat_CR3_stagePanels
f 37 38 39
f 38 37 40

# obj9
v -7.1950003600 -2.9024999700 1.0200000500
v -6.4690001000 -4.0935001400 5.4949998600
v -6.4690001000 -4.0935001400 1.0200000500
v -7.1950003600 -2.9024999700 5.4949998600
usemtl Patch_9_Mat_CR3_stagePanels
f 41 42 43
f 42 41 44

# obj10
v -8.2020001300 3.4304999100 1.0200000500
v -8.2020001300 -3.5394998400 5.4949998600
v -8.2020001300 -3.5394998400 1.0200000500
v -8.2020001300 3.4304999100 5.4949998600
usemtl Patch_10_Mat_CR3_stagePanels
f 45 46 47
f 46 45 48

# obj11
v -5.2070000000 3.0345000500 5.6630000700
v -3.8290000000 -3.3245001800 6.3600001600
v -5.2070000000 -3.1224999100 5.6630000700
v -3.8290000000 3.2565000600 6.3600001600
usemtl Patch_11_Mat_CR3_stagePanels
f 49 50 51
f 50 49 52

# obj12
v -6.8329999800 2.7705000800 5.5449999100
v -5.8650001500 -3.0774999400 6.2650001500
v -6.8329999800 -2.8845001000 5.5449999100
v -5.8650001500 2.9794999200 6.2650001500
usemtl Patch_12_Mat_CR3_stagePanels
f 53 54 55
f 54 53 56

# obj13
v 16.0879994000 4.3535001600 2.5140000400
v 16.0879994000 3.0195000000 -0.0000000000
v 16.0879994000 3.0195000000 2.5140000400
v 16.0879994000 4.3535001600 -0.0000000000
usemtl Patch_13_Mat_CR3_structuredPlaster
f 57 58 59
f 58 57 60

# obj14
v 16.0879994000 4.3535001600 2.5140000400
v 15.7880006600 4.3535001600 -0.0000000000
v 16.0879994000 4.3535001600 -0.0000000000
v 15.7880006600 4.3535001600 2.5140000400
usemtl Patch_14_Mat_CR3_structuredPlaster
f 61 62 63
f 62 61 64

# obj15
v 15.7880006600 3.0195000000 2.5140000400
v 16.0879994000 3.0195000000 -0.0000000000
v 15.7880006600 3.0195000000 -0.0000000000
v 16.0879994000 3.0195000000 2.5140000400
usemtl Patch_15_Mat_CR3_structuredPlaster
f 65 66 67
f 66 65 68

# obj16
v 16.0879994000 -3.0635000200 2.5140000400
v 16.0879994000 -4.4014999400 -0.0000000000
v 16.0879994000 -4.4014999400 2.5140000400
v 16.0879994000 -3.0635000200 -0.0000000000
usemtl Patch_16_Mat_CR3_structuredPlaster
f 69 70 71
f 70 69 72

# obj17
v 16.0879994000 -3.0635000200 2.5140000400
v 15.7880006600 -3.0635000200 -0.0000000000
v 16.0879994000 -3.0635000200 -0.0000000000
v 15.7880006600 -3.0635000200 2.5140000400
usemtl Patch_17_Mat_CR3_structuredPlaster
f 73 74 75
f 74 73 76

# obj18
v 15.7880006600 -4.4014999400 2.5140000400
v 16.0879994000 -4.4014999400 -0.0000000000
v 15.7880006600 -4.4014999400 -0.0000000000
v 16.0879994000 -4.4014999400 2.5140000400
usemtl Patch_18_Mat_CR3_structuredPlaster
f 77 78 79
f 78 77 80

# obj19
v 7.5300000700 6.5204996700 2.5400000000
v 6.2040000000 6.5204996700 -0.0000000000
v 7.5300000700 6.5204996700 -0.0000000000
v 6.2040000000 6.5204996700 2.5400000000
usemtl Patch_19_Mat_CR3_floor
f 81 82 83
f 82 81 84

# obj20
v 0.9399999900 -6.5684998400 -0.0000000000
v 0.9399999900 -6.2684999400 0.4500000000
v 0.9399999900 -6.5684998400 3.1659999700
v 0.9399999900 -5.6385000200 -0.0000000000
v 0.9399999900 -5.6385000200 0.4500000000
v 0.9399999900 -6.2684999400 3.1659999700
usemtl Patch_20_Mat_CR3_plaster
f 85 86 87
f 86 85 88
f 86 88 89
f 90 87 86

# obj21
v 2.2700000100 -6.2684999400 3.1659999700
v 2.2700000100 -6.5684998400 -0.0000000000
v 2.2700000100 -6.5684998400 3.1659999700
v 2.2700000100 -6.2684999400 0.4500000000
v 2.2700000100 -5.6385000200 -0.0000000000
v 2.2700000100 -5.6385000200 0.4500000000
usemtl Patch_21_Mat_CR3_floor
f 91 92 93
f 92 91 94
f 92 94 95
f 95 94 96

# obj22
v 6.2210001200 -6.5684998400 -0.0000000000
v 6.2210001200 -6.2684999400 3.1659999700
v 6.2210001200 -6.5684998400 3.1659999700
v 6.2210001200 -6.2684999400 0.4500000000
v 6.2210001200 -5.6385000200 -0.0000000000
v 6.2210001200 -5.6385000200 0.4500000000
usemtl Patch_22_Mat_CR3_floor
f 97 98 99
f 98 97 100
f 100 97 101
f 100 101 102

# obj23
v 7.5510003400 -6.2684999400 3.1659999700
v 7.5510003400 -6.5684998400 -0.0000000000
v 7.5510003400 -6.5684998400 3.1659999700
v 7.5510003400 -6.2684999400 0.4500000000
v 7.5510003400 -5.6385000200 -0.0000000000
v 7.5510003400 -5.6385000200 0.4500000000
usemtl Patch_23_Mat_CR3_plaster
f 103 104 105
f 104 103 106
f 104 106 107
f 107 106 108

# obj24
v 11.5130003600 -6.5684998400 -0.0000000000
v 11.5130003600 -6.2684999400 0.4500000000
v 11.5130003600 -6.5684998400 3.1659999700
v 11.5130003600 -5.6385000200 -0.0000000000
v 11.5130003600 -5.6385000200 0.4500000000
v 11.5130003600 -6.2684999400 3.1659999700
usemtl Patch_24_Mat_CR3_floor
f 109 110 111
f 110 109 112
f 110 112 113
f 114 111 110

# obj25
v 12.8429998000 -6.2684999400 3.1659999700
v 12.8429998000 -6.5684998400 -0.0000000000
v 12.8429998000 -6.5684998400 3.1659999700
v 12.8429998000 -6.2684999400 0.4500000000
v 12.8429998000 -5.6385000200 -0.0000000000
v 12.8429998000 -5.6385000200 0.4500000000
usemtl Patch_25_Mat_CR3_plaster
f 115 116 117
f 116 115 118
f 116 118 119
f 119 118 120

# obj26
v 6.2040000000 6.5204996700 -0.0000000000
v 6.2040000000 5.5904998500 0.4500000000
v 6.2040000000 5.5904998500 -0.0000000000
v 6.2040000000 6.2205001500 0.4500000000
v 6.2040000000 6.2205001500 2.5400000000
v 6.2040000000 6.5204996700 2.5400000000
usemtl Patch_26_Mat_CR3_floor
f 121 122 123
f 122 121 124
f 124 121 125
f 125 121 126

# obj27
v -0.8040000000 5.5904998500 0.4500000000
v -2.2220000300 5.5904998500 -0.0000000000
v -0.8040000000 5.5904998500 -0.0000000000
v -2.2220000300 5.5904998500 1.9949999300
v -0.8040000000 5.5904998500 0.5100000200
v -0.8040000000 5.5904998500 1.9949999300
usemtl Patch_27_Mat_CR3_plaster
f 127 128 129
f 128 127 130
f 130 127 131
f 130 131 132

# obj28
v 15.7880006600 5.5904998500 -0.0000000000
v 14.5520001300 5.5904998500 0.4500000000
v 7.5300000700 5.5904998500 -0.0000000000
v 15.7880006600 5.5904998500 3.5689999800
v 14.5520001300 5.5904998500 0.5100000200
v 14.5520001300 5.5904998500 3.5689999800
v 7.5300000700 5.5904998500 0.4500000000
v 13.1389995600 5.5904998500 0.4500000000
v 12.9890001900 5.5904998500 0.4500000000
v 11.3660000300 5.5904998500 0.4500000000
v 11.2159998800 5.5904998500 0.4500000000
v 9.5899999100 5.5904998500 0.4500000000
v 9.4399997600 5.5904998500 0.4500000000
v 7.8129998500 5.5904998500 0.4500000000
usemtl Patch_28_Mat_CR3_plaster
f 133 134 135
f 134 133 136
f 134 136 137
f 137 136 138
f 134 139 135

# obj29
v 7.5300000700 6.5204996700 2.5400000000
v 7.5300000700 6.2205001500 0.4500000000
v 7.5300000700 6.2205001500 2.5400000000
v 7.5300000700 5.5904998500 -0.0000000000
v 7.5300000700 5.5904998500 0.4500000000
v 7.5300000700 6.5204996700 -0.0000000000
usemtl Patch_29_Mat_CR3_floor
f 147 148 149
f 148 150 151
f 150 148 152
f 152 148 147

# obj30
v 11.1330003000 -6.5684998400 -0.0000000000
v 11.1330003000 -7.8504998800 1.4600000300
v 11.1330003000 -7.8504998800 -0.0000000000
v 11.1330003000 -6.5684998400 1.4600000300
usemtl Patch_30_Mat_CR3_floor
f 153 154 155
f 154 153 156

# obj31
v 13.3929995600 -6.5684998400 3.4499998800
v 13.1829999800 -6.5684998400 1.4600000300
v 13.3929995600 -6.5684998400 1.4600000300
v 12.8429998000 -6.5684998400 3.1659999700
v 11.5130003600 -6.5684998400 3.1659999700
v 11.1330003000 -6.5684998400 -0.0000000000
v 11.5130003600 -6.5684998400 -0.0000000000
v 11.1330003000 -6.5684998400 1.4600000300
v 10.8330000100 -6.5684998400 1.4600000300
v 10.8330000100 -6.5684998400 3.4499998800
v 12.8429998000 -6.5684998400 -0.0000000000
v 13.1829999800 -6.5684998400 -0.0000000000
usemtl Patch_31_Mat_CR3_floor
f 157 158 159
f 158 157 160
f 160 157 161
f 161 162 163
f 162 161 164
f 164 161 165
f 165 161 166
f 166 161 157
f 158 167 168
f 167 158 160

# obj32
v 13.1829999800 -6.5684998400 1.4600000300
v 13.1829999800 -7.8504998800 -0.0000000000
v 13.1829999800 -7.8504998800 1.4600000300
v 13.1829999800 -6.5684998400 -0.0000000000
usemtl Patch_32_Mat_CR3_floor
f 169 170 171
f 170 169 172

# obj33
v 8.1010001000 -6.5684998400 3.4499998800
v 7.8909997400 -6.5684998400 1.4600000300
v 8.1010001000 -6.5684998400 1.4600000300
v 7.5510003400 -6.5684998400 3.1659999700
v 6.2210001200 -6.5684998400 3.1659999700
v 5.8410000600 -6.5684998400 -0.0000000000
v 6.2210001200 -6.5684998400 -0.0000000000
v 5.8410000600 -6.5684998400 1.4600000300
v 5.5410001600 -6.5684998400 1.4600000300
v 5.5410001600 -6.5684998400 3.4499998800
v 7.5510003400 -6.5684998400 -0.0000000000
v 7.8909997400 -6.5684998400 -0.0000000000
usemtl Patch_33_Mat_CR3_floor
f 173 174 175
f 174 173 176
f 176 173 177
f 177 178 179
f 178 177 180
f 180 177 181
f 181 177 182
f 182 177 173
f 174 183 184
f 183 174 176

# obj34
v 7.8909997400 -6.5684998400 1.4600000300
v 7.8909997400 -7.8504998800 -0.0000000000
v 7.8909997400 -7.8504998800 1.4600000300
v 7.8909997400 -6.5684998400 -0.0000000000
usemtl Patch_34_Mat_CR3_floor
f 185 186 187
f 186 185 188

# obj35
v 5.8410000600 -6.5684998400 -0.0000000000
v 5.8410000600 -7.8504998800 1.4600000300
v 5.8410000600 -7.8504998800 -0.0000000000
v 5.8410000600 -6.5684998400 1.4600000300
usemtl Patch_35_Mat_CR3_floor
f 189 190 191
f 190 189 192

# obj36
v 2.8199999600 -6.5684998400 3.4499998800
v 2.6099999900 -6.5684998400 1.4600000300
v 2.8199999600 -6.5684998400 1.4600000300
v 2.2700000100 -6.5684998400 3.1659999700
v 0.9399999900 -6.5684998400 3.1659999700
v 0.5600000200 -6.5684998400 -0.0000000000
v 0.9399999900 -6.5684998400 -0.0000000000
v 0.5600000200 -6.5684998400 1.4600000300
v 0.2600000000 -6.5684998400 1.4600000300
v 0.2600000000 -6.5684998400 3.4499998800
v 2.2700000100 -6.5684998400 -0.0000000000
v 2.6099999900 -6.5684998400 -0.0000000000
usemtl Patch_36_Mat_CR3_floor
f 193 194 195
f 194 193 196
f 196 193 197
f 197 198 199
f 198 197 200
f 200 197 201
f 201 197 202
f 202 197 193
f 194 203 204
f 203 194 196

# obj37
v 2.6099999900 -6.5684998400 1.4600000300
v 2.6099999900 -7.8504998800 -0.0000000000
v 2.6099999900 -7.8504998800 1.4600000300
v 2.6099999900 -6.5684998400 -0.0000000000
usemtl Patch_37_Mat_CR3_floor
f 205 206 207
f 206 205 208

# obj38
v 0.5600000200 -6.5684998400 -0.0000000000
v 0.5600000200 -7.8504998800 1.4600000300
v 0.5600000200 -7.8504998800 -0.0000000000
v 0.5600000200 -6.5684998400 1.4600000300
usemtl Patch_38_Mat_CR3_floor
f 209 210 211
f 210 209 212

# obj39
v 14.6099996900 5.7265000700 7.3620002400
v 13.1490005000 5.7265000700 6.7449999200
v 14.6099996900 5.7265000700 6.7449999200
v 12.9990003500 5.7265000700 6.7449999200
v 11.3760002000 5.7265000700 6.7449999200
v 11.2260000500 5.7265000700 6.7449999200
v 9.6000000700 5.7265000700 6.7449999200
v 9.4499999300 5.7265000700 6.7449999200
v 7.8230000100 5.7265000700 6.7449999200
v 7.6729998700 5.7265000700 6.7449999200
v 6.0419998100 5.7265000700 6.7449999200
v 5.8920000500 5.7265000700 6.7449999200
v 4.2590001100 5.7265000700 6.7449999200
v 4.1089999700 5.7265000700 6.7449999200
v 2.4929999600 5.7265000700 6.7449999200
v 2.3430000100 5.7265000700 6.7449999200
v 0.7340000100 5.7265000700 6.7449999200
v 0.5840000100 5.7265000700 6.7449999200
v -0.9460000100 5.7265000700 7.3620002400
v -0.9460000100 5.7265000700 6.7449999200
v 12.5399996900 5.7265000700 7.3620002400
v 11.4099996700 5.7265000700 7.3620002400
v 10.7800001400 5.7265000700 7.3620002400
v 9.6500001200 5.7265000700 7.3620002400
v 9.0199998200 5.7265000700 7.3620002400
v 7.8899998000 5.7265000700 7.3620002400
v 7.2600002700 5.7265000700 7.3620002400
v 6.1299998600 5.7265000700 7.3620002400
v 5.4999999500 5.7265000700 7.3620002400
v 4.3699999300 5.7265000700 7.3620002400
v 3.7400000100 5.7265000700 7.3620002400
v 2.6099999900 5.7265000700 7.3620002400
v 1.9800000700 5.7265000700 7.3620002400
v 0.8499999600 5.7265000700 7.3620002400
usemtl Patch_39_Mat_CR3_structuredPlaster
f 213 214 215
f 214 213 216
f 216 213 217
f 217 213 218
f 218 213 219
f 219 213 220
f 220 213 221
f 221 213 222
f 222 213 223
f 223 213 224
f 224 213 225
f 225 213 226
f 226 213 227
f 227 213 228
f 228 213 229
f 229 213 230
f 230 231 232
f 231 230 213

# obj40
v 14.6099996900 -4.3085001900 7.3620002400
v 14.6099996900 -5.7885001600 6.7449999200
v 14.6099996900 -5.7885001600 7.3620002400
v 14.6099996900 5.7265000700 6.7449999200
v 14.6099996900 -3.1784999800 7.3620002400
v 14.6099996900 -2.0484999600 7.3620002400
v 14.6099996900 -0.9185000400 7.3620002400
v 14.6099996900 0.8915000400 7.3620002400
v 14.6099996900 2.0215000600 7.3620002400
v 14.6099996900 3.1515000800 7.3620002400
v 14.6099996900 4.2814999000 7.3620002400
v 14.6099996900 5.7265000700 7.3620002400
usemtl Patch_40_Mat_CR3_structuredPlaster
f 247 248 249
f 248 247 250
f 250 247 251
f 250 251 252
f 250 252 253
f 250 253 254
f 250 254 255
f 250 255 256
f 250 256 257
f 250 257 258

# obj41
v 14.4099995000 -5.5884999700 7.6249996900
v 14.6099996900 -4.3085001900 7.3620002400
v 14.6099996900 -5.7885001600 7.3620002400
v 14.4099995000 -4.3085001900 7.6249996900
usemtl Patch_41_Mat_CR3_structuredPlaster
f 259 260 261
f 260 259 262

# obj42
v -0.9460000100 5.7265000700 6.7449999200
v -0.9460000100 -5.7885001600 7.3620002400
v -0.9460000100 -5.7885001600 6.7449999200
v -0.9460000100 5.7265000700 7.3620002400
usemtl Patch_42_Mat_CR3_structuredPlaster
f 263 264 265
f 264 263 266

# obj43
v -0.7460000100 -5.5884999700 7.6249996900
v -0.3860000100 -5.7885001600 7.3620002400
v -0.9460000100 -5.7885001600 7.3620002400
v -0.3860000100 -5.5884999700 7.6249996900
usemtl Patch_43_Mat_CR3_structuredPlaster
f 267 268 269
f 268 267 270

# obj44
v -0.9460000100 5.7265000700 7.3620002400
v -0.7460000100 -5.5884999700 7.6249996900
v -0.9460000100 -5.7885001600 7.3620002400
v -0.7460000100 5.5264998800 7.6249996900
usemtl Patch_44_Mat_CR3_structuredPlaster
f 271 272 273
f 272 271 274

# obj45
v -0.7460000100 5.5264998800 7.6249996900
v -0.3860000100 -5.5884999700 7.6249996900
v -0.7460000100 -5.5884999700 7.6249996900
v 0.8499999600 5.5264998800 7.6249996900
v 0.1940000000 -5.5884999700 7.6249996900
v 0.8140000200 -5.5884999700 7.6249996900
v 1.9439999500 -5.5884999700 7.6249996900
v 1.9800000700 5.5264998800 7.6249996900
v 2.5740000600 -5.5884999700 7.6249996900
v 2.6099999900 5.5264998800 7.6249996900
v 3.7039998800 -5.5884999700 7.6249996900
v 3.7400000100 5.5264998800 7.6249996900
v 4.3340001900 -5.5884999700 7.6249996900
v 4.3699999300 5.5264998800 7.6249996900
v 5.4639998200 -5.5884999700 7.6249996900
v 5.4999999500 5.5264998800 7.6249996900
v 6.0940001200 -5.5884999700 7.6249996900
v 6.1299998600 5.5264998800 7.6249996900
v 7.2240001400 -5.5884999700 7.6249996900
v 7.2600002700 5.5264998800 7.6249996900
v 7.8539996700 -5.5884999700 7.6249996900
v 7.8899998000 5.5264998800 7.6249996900
v 8.9839996900 -5.5884999700 7.6249996900
v 9.0199998200 5.5264998800 7.6249996900
v 9.6139999900 -5.5884999700 7.6249996900
v 9.6500001200 5.5264998800 7.6249996900
v 10.7440000100 -5.5884999700 7.6249996900
v 10.7800001400 5.5264998800 7.6249996900
v 11.3740003200 -5.5884999700 7.6249996900
v 11.4099996700 5.5264998800 7.6249996900
v 12.5040003400 -5.5884999700 7.6249996900
v 12.5399996900 5.5264998800 7.6249996900
v 14.4099995000 -5.5884999700 7.6249996900
v 14.4099995000 -4.3085001900 7.6249996900
v 14.4099995000 5.5264998800 7.6249996900
v 14.4099995000 -0.9185000400 7.6249996900
v 14.4099995000 -3.1784999800 7.6249996900
v 14.4099995000 -2.0484999600 7.6249996900
v 14.4099995000 0.8915000400 7.6249996900
v 14.4099995000 3.1515000800 7.6249996900
v 14.4099995000 2.0215000600 7.6249996900
v 14.4099995000 4.2814999000 7.6249996900
usemtl Patch_45_Mat_CR3_ceiling
f 275 276 277
f 276 275 278
f 276 278 279
f 279 278 280
f 280 278 281
f 281 278 282
f 281 282 283
f 283 282 284
f 283 284 285
f 285 284 286
f 285 286 287
f 287 286 288
f 287 288 289
f 289 288 290
f 289 290 291
f 291 290 292
f 291 292 293
f 293 292 294
f 293 294 295
f 295 294 296
f 295 296 297
f 297 296 298
f 297 298 299
f 299 298 300
f 299 300 301
f 301 300 302
f 301 302 303
f 303 302 304
f 303 304 305
f 305 304 306
f 305 306 307
f 307 306 308
f 308 306 309

# obj46
v -0.9460000100 6.6094996600 6.7449999200
v 0.5840000100 5.7265000700 6.7449999200
v -0.9460000100 5.7265000700 6.7449999200
v 0.5840000100 5.8764998300 6.7449999200
v 14.6099996900 6.6094996600 6.7449999200
v 0.7340000100 5.8764998300 6.7449999200
v 2.3430000100 5.8764998300 6.7449999200
v 2.3430000100 5.7265000700 6.7449999200
v 2.4929999600 5.8764998300 6.7449999200
v 4.1089999700 5.8764998300 6.7449999200
v 4.1089999700 5.7265000700 6.7449999200
v 4.2590001100 5.8764998300 6.7449999200
v 5.8920000500 5.8764998300 6.7449999200
v 5.8920000500 5.7265000700 6.7449999200
v 6.0419998100 5.8764998300 6.7449999200
v 7.6729998700 5.8764998300 6.7449999200
v 7.6729998700 5.7265000700 6.7449999200
v 7.8230000100 5.8764998300 6.7449999200
v 9.4499999300 5.8764998300 6.7449999200
v 9.4499999300 5.7265000700 6.7449999200
v 9.6000000700 5.8764998300 6.7449999200
v 11.2260000500 5.8764998300 6.7449999200
v 11.2260000500 5.7265000700 6.7449999200
v 11.3760002000 5.8764998300 6.7449999200
v 12.9990003500 5.8764998300 6.7449999200
v 12.9990003500 5.7265000700 6.7449999200
v 13.1490005000 5.8764998300 6.7449999200
v 14.6099996900 5.7265000700 6.7449999200
v 13.1490005000 5.7265000700 6.7449999200
v 11.3760002000 5.7265000700 6.7449999200
v 9.6000000700 5.7265000700 6.7449999200
v 7.8230000100 5.7265000700 6.7449999200
v 6.0419998100 5.7265000700 6.7449999200
v 4.2590001100 5.7265000700 6.7449999200
v 2.4929999600 5.7265000700 6.7449999200
v 0.7340000100 5.7265000700 6.7449999200
usemtl Patch_46_Mat_CR3_structuredPlaster
f 317 318 319
f 318 317 320
f 320 317 321
f 320 321 322
f 322 321 323
f 322 323 324
f 323 321 325
f 325 321 326
f 325 326 327
f 326 321 328
f 328 321 329
f 328 329 330
f 329 321 331
f 331 321 332
f 331 332 333
f 332 321 334
f 334 321 335
f 334 335 336
f 335 321 337
f 337 321 338
f 337 338 339
f 338 321 340
f 340 321 341
f 340 341 342
f 341 321 343
f 343 321 344
f 344 345 343
f 342 346 340
f 339 347 337
f 336 348 334
f 333 349 331
f 330 350 328
f 327 351 325
f 324 352 322

# obj47
v -2.2120000600 5.7265000700 6.7449999200
v -0.9460000100 -5.7885001600 6.7449999200
v -2.2120000600 -5.7885001600 6.7449999200
v -0.9460000100 5.7265000700 6.7449999200
usemtl Patch_47_Mat_CR3_structuredPlaster
f 353 354 355
f 354 353 356

# obj48
v 0.6270000000 -5.7885001600 6.7449999200
v 0.6270000000 -5.9384999200 6.7449999200
v -0.9460000100 -5.7885001600 6.7449999200
v 2.4030000300 -5.7885001600 6.7449999200
v 2.4030000300 -5.9384999200 6.7449999200
v 0.7770000100 -5.7885001600 6.7449999200
v 4.1659999800 -5.7885001600 6.7449999200
v 4.1659999800 -5.9384999200 6.7449999200
v 2.5529999800 -5.7885001600 6.7449999200
v 5.9410001600 -5.7885001600 6.7449999200
v 5.9410001600 -5.9384999200 6.7449999200
v 4.3160001200 -5.7885001600 6.7449999200
v 7.7229999100 -5.7885001600 6.7449999200
v 7.7229999100 -5.9384999200 6.7449999200
v 6.0909999200 -5.7885001600 6.7449999200
v 9.5060003800 -5.7885001600 6.7449999200
v 9.5060003800 -5.9384999200 6.7449999200
v 7.8730000600 -5.7885001600 6.7449999200
v 11.2770000400 -5.7885001600 6.7449999200
v 11.2770000400 -5.9384999200 6.7449999200
v 9.6559997600 -5.7885001600 6.7449999200
v 13.0419992800 -5.7885001600 6.7449999200
v 13.0419992800 -5.9384999200 6.7449999200
v 11.4270001800 -5.7885001600 6.7449999200
v -0.9460000100 -6.9185001800 6.7449999200
v 14.6099996900 -6.9185001800 6.7449999200
v 0.7770000100 -5.9384999200 6.7449999200
v 2.5529999800 -5.9384999200 6.7449999200
v 4.3160001200 -5.9384999200 6.7449999200
v 6.0909999200 -5.9384999200 6.7449999200
v 7.8730000600 -5.9384999200 6.7449999200
v 9.6559997600 -5.9384999200 6.7449999200
v 11.4270001800 -5.9384999200 6.7449999200
v 13.1919994300 -5.9384999200 6.7449999200
v 13.1919994300 -5.7885001600 6.7449999200
v 14.6099996900 -5.7885001600 6.7449999200
usemtl Patch_48_Mat_CR3_structuredPlaster
f 357 358 359
f 360 361 362
f 363 364 365
f 366 367 368
f 369 370 371
f 372 373 374
f 375 376 377
f 378 379 380
f 381 358 382
f 358 381 359
f 382 358 383
f 382 383 361
f 361 383 362
f 382 361 384
f 382 384 365
f 382 365 364
f 382 364 385
f 382 385 368
f 382 368 367
f 382 367 386
f 382 386 371
f 382 371 370
f 382 370 387
f 382 387 374
f 382 374 373
f 382 373 388
f 382 388 377
f 382 377 376
f 382 376 389
f 382 389 380
f 382 380 379
f 382 379 390
f 382 390 391
f 382 391 392

# obj49
v -0.9460000100 5.7265000700 6.7449999200
v -2.2120000600 5.7265000700 3.9850001700
v -0.9460000100 5.7265000700 3.9850001700
v -2.2120000600 5.7265000700 6.7449999200
usemtl Patch_49_Mat_CR3_plaster
f 393 394 395
f 394 393 396

# obj50
v -0.9460000100 5.8764998300 3.9850001700
v -0.9460000100 5.7265000700 6.7449999200
v -0.9460000100 5.7265000700 3.9850001700
v -0.9460000100 5.8764998300 4.1450000900
v -0.9460000100 6.6094996600 6.7449999200
v -0.9460000100 6.6094996600 4.1450000900
usemtl Patch_50_Mat_CR3_plaster
f 397 398 399
f 398 397 400
f 398 400 401
f 401 400 402

# obj51
v 14.6099996900 6.6094996600 6.7449999200
v -0.9460000100 6.6094996600 4.1450000900
v 14.6099996900 6.6094996600 4.1450000900
v -0.9460000100 6.6094996600 6.7449999200
usemtl Patch_51_Mat_CR3_plaster
f 403 404 405
f 404 403 406

# obj52
v 14.6099996900 6.6094996600 6.7449999200
v 14.6099996900 5.7265000700 3.9850001700
v 14.6099996900 5.7265000700 6.7449999200
v 14.6099996900 5.8764998300 4.1450000900
v 14.6099996900 6.6094996600 4.1450000900
v 14.6099996900 5.8764998300 3.9850001700
usemtl Patch_52_Mat_CR3_plaster
f 407 408 409
f 408 407 410
f 410 407 411
f 412 408 410

# obj53
v -0.6939999800 4.8625001000 3.5689999800
v -0.6939999800 4.4165001900 4.6400001100
v -0.6939999800 4.4165001900 3.5689999800
v -0.6939999800 4.8625001000 4.6400001100
usemtl Patch_53_Mat_CR3_structuredPlaster
f 413 414 415
f 414 413 416

# obj54
v 18.5330005500 -4.9585000500 4.3050000200
v 18.5330005500 -3.4135001700 5.4270001400
v 18.5330005500 4.9125001500 4.3050000200
v 18.5330005500 -3.4135001700 6.4469998900
v 18.5330005500 -2.3935000300 5.4270001400
v 18.5330005500 -1.4594999600 5.4270001400
v 18.5330005500 -1.4594999600 6.4469998900
v 18.5330005500 -0.4395000100 5.4270001400
v 18.5330005500 0.4945000000 5.4270001400
v 18.5330005500 0.4945000000 6.4469998900
v 18.5330005500 1.5145000000 5.4270001400
v 18.5330005500 2.4484999600 5.4270001400
v 18.5330005500 2.4484999600 6.4469998900
v 18.5330005500 3.4684999100 5.4270001400
v 18.5330005500 -6.2355000100 6.7449999200
v 18.5330005500 -6.2355000100 3.9850001700
v 18.5330005500 6.6094996600 6.7449999200
v 18.5330005500 -5.2584999600 4.1450000900
v 18.5330005500 -2.3935000300 6.4469998900
v 18.5330005500 -0.4395000100 6.4469998900
v 18.5330005500 1.5145000000 6.4469998900
v 18.5330005500 3.4684999100 6.4469998900
v 18.5330005500 5.7785000000 6.1080000400
v 18.5330005500 4.9125001500 4.1450000900
v 18.5330005500 5.2125000500 4.1450000900
v 18.5330005500 5.2125000500 3.9850001700
v 18.5330005500 6.6094996600 6.1080000400
v 18.5330005500 5.7785000000 3.9850001700
v 18.5330005500 -4.9585000500 4.1450000900
v 18.5330005500 -5.2584999600 3.9850001700
usemtl Patch_54_Mat_CR3_plaster
f 417 418 419
f 418 417 420
f 419 418 421
f 419 421 422
f 422 421 423
f 419 422 424
f 419 424 425
f 425 424 426
f 419 425 427
f 419 427 428
f 428 427 429
f 419 428 430
f 431 420 432
f 420 431 433
f 432 420 434
f 434 420 417
f 420 433 435
f 435 433 423
f 435 423 421
f 423 433 436
f 436 433 426
f 436 426 424
f 426 433 437
f 437 433 429
f 437 429 427
f 429 433 438
f 438 433 430
f 430 433 439
f 430 439 419
f 419 439 440
f 440 439 441
f 441 439 442
f 439 433 443
f 444 442 439
f 445 434 417
f 446 432 434

# obj55
v 15.6309993900 -5.7885001600 4.1450000900
v 15.6309993900 -6.2355000100 6.7449999200
v 15.6309993900 -6.2355000100 4.1450000900
v 15.6309993900 -5.7885001600 6.7449999200
usemtl Patch_55_Mat_CR3_plaster
f 447 448 449
f 448 447 450

# obj56
v 14.6099996900 -5.7885001600 6.7449999200
v 14.6099996900 -6.9185001800 4.1450000900
v 14.6099996900 -6.9185001800 6.7449999200
v 14.6099996900 -5.9384999200 4.1450000900
v 14.6099996900 -5.9384999200 3.9850001700
v 14.6099996900 -5.7885001600 3.9850001700
usemtl Patch_56_Mat_CR3_plaster
f 451 452 453
f 452 451 454
f 454 451 455
f 455 451 456

# obj57
v -0.9460000100 -6.9185001800 6.7449999200
v 14.6099996900 -6.9185001800 4.1450000900
v -0.9460000100 -6.9185001800 4.1450000900
v 14.6099996900 -6.9185001800 6.7449999200
usemtl Patch_57_Mat_CR3_plaster
f 457 458 459
f 458 457 460

# obj58
v -2.2120000600 -5.7885001600 6.7449999200
v -0.9460000100 -5.7885001600 3.9850001700
v -2.2120000600 -5.7885001600 3.9850001700
v -0.9460000100 -5.7885001600 6.7449999200
usemtl Patch_58_Mat_CR3_plaster
f 461 462 463
f 462 461 464

# obj59
v -0.9460000100 -5.7885001600 3.9850001700
v -0.9460000100 -5.9384999200 4.1450000900
v -0.9460000100 -5.9384999200 3.9850001700
v -0.9460000100 -6.9185001800 6.7449999200
v -0.9460000100 -6.9185001800 4.1450000900
v -0.9460000100 -5.7885001600 6.7449999200
usemtl Patch_59_Mat_CR3_plaster
f 465 466 467
f 466 468 469
f 468 466 470
f 470 466 465

# obj60
v 18.5330005500 6.6094996600 6.7449999200
v 17.2019996200 6.6094996600 6.1080000400
v 18.5330005500 6.6094996600 6.1080000400
v 15.6309993900 6.6094996600 3.9850001700
v 17.2019996200 6.6094996600 3.9850001700
v 15.6309993900 6.6094996600 6.7449999200
usemtl Patch_60_Mat_CR3_plaster
f 471 472 473
f 472 474 475
f 474 472 476
f 476 472 471

# obj61
v 18.5330005500 3.4684999100 6.4469998900
v 18.5330005500 2.4484999600 5.4270001400
v 18.5330005500 2.4484999600 6.4469998900
v 18.5330005500 3.4684999100 5.4270001400
usemtl Patch_61_Mat_CR3_windows
f 477 478 479
f 478 477 480

# obj62
v 18.5330005500 1.5145000000 6.4469998900
v 18.5330005500 0.4945000000 5.4270001400
v 18.5330005500 0.4945000000 6.4469998900
v 18.5330005500 1.5145000000 5.4270001400
usemtl Patch_62_Mat_CR3_windows
f 481 482 483
f 482 481 484

# obj63
v 18.5330005500 -0.4395000100 6.4469998900
v 18.5330005500 -1.4594999600 5.4270001400
v 18.5330005500 -1.4594999600 6.4469998900
v 18.5330005500 -0.4395000100 5.4270001400
usemtl Patch_63_Mat_CR3_windows
f 485 486 487
f 486 485 488

# obj64
v 18.5330005500 -2.3935000300 6.4469998900
v 18.5330005500 -3.4135001700 5.4270001400
v 18.5330005500 -3.4135001700 6.4469998900
v 18.5330005500 -2.3935000300 5.4270001400
usemtl Patch_64_Mat_CR3_windows
f 489 490 491
f 490 489 492

# obj65
v 18.8329992900 6.9094999600 6.1080000400
v 18.8329992900 5.7785000000 3.9850001700
v 18.8329992900 5.7785000000 6.1080000400
v 18.8329992900 6.9094999600 3.9850001700
usemtl Patch_65_Mat_CR3_plaster
f 493 494 495
f 494 493 496

# obj66
v 18.5330005500 5.7785000000 6.1080000400
v 18.8329992900 5.7785000000 3.9850001700
v 18.5330005500 5.7785000000 3.9850001700
v 18.8329992900 5.7785000000 6.1080000400
usemtl Patch_66_Mat_CR3_floor
f 497 498 499
f 498 497 500

# obj67
v 17.2019996200 6.9094999600 6.1080000400
v 18.5330005500 6.6094996600 6.1080000400
v 17.2019996200 6.6094996600 6.1080000400
v 18.8329992900 6.9094999600 6.1080000400
v 18.8329992900 5.7785000000 6.1080000400
v 18.5330005500 5.7785000000 6.1080000400
usemtl Patch_67_Mat_CR3_plaster
f 501 502 503
f 502 501 504
f 502 504 505
f 505 506 502

# obj68
v 18.8329992900 6.9094999600 6.1080000400
v 17.2019996200 6.9094999600 3.9850001700
v 18.8329992900 6.9094999600 3.9850001700
v 17.2019996200 6.9094999600 6.1080000400
usemtl Patch_68_Mat_CR3_plaster
f 507 508 509
f 508 507 510

# obj69
v 17.2019996200 6.9094999600 3.9850001700
v 17.2019996200 6.6094996600 6.1080000400
v 17.2019996200 6.6094996600 3.9850001700
v 17.2019996200 6.9094999600 6.1080000400
usemtl Patch_69_Mat_CR3_floor
f 511 512 513
f 512 511 514

# obj70
v 13.1919994300 -5.7885001600 3.9850001700
v 13.1919994300 -5.9384999200 4.1450000900
v 13.1919994300 -5.9384999200 3.9850001700
v 13.1919994300 -5.9384999200 6.7449999200
v 13.1919994300 -5.7885001600 6.7449999200
usemtl Patch_70_Mat_CR3_structuredPlaster
f 515 516 517
f 516 515 518
f 518 515 519

# obj71
v 13.0419992800 -5.7885001600 4.9849999800
v 13.1919994300 -5.7885001600 3.9850001700
v 13.0419992800 -5.7885001600 3.9850001700
v 13.1919994300 -5.7885001600 6.7449999200
v 13.0419992800 -5.7885001600 6.7449999200
usemtl Patch_71_Mat_CR3_structuredPlaster
f 520 521 522
f 521 520 523
f 523 520 524

# obj72
v 13.0419992800 -5.7885001600 6.7449999200
v 13.0419992800 -5.9384999200 4.9849999800
v 13.0419992800 -5.9384999200 6.7449999200
v 13.0419992800 -5.7885001600 4.9849999800
usemtl Patch_72_Mat_CR3_structuredPlaster
f 525 526 527
f 526 525 528

# obj73
v 13.1919994300 -5.9384999200 6.7449999200
v 13.0419992800 -5.9384999200 4.1450000900
v 13.1919994300 -5.9384999200 4.1450000900
v 13.0419992800 -5.9384999200 4.9849999800
v 13.0419992800 -5.9384999200 6.7449999200
usemtl Patch_73_Mat_CR3_structuredPlaster
f 529 530 531
f 530 529 532
f 532 529 533

# obj74
v 11.4270001800 -5.7885001600 4.9849999800
v 11.4270001800 -5.9384999200 6.7449999200
v 11.4270001800 -5.9384999200 4.9849999800
v 11.4270001800 -5.7885001600 6.7449999200
usemtl Patch_74_Mat_CR3_structuredPlaster
f 534 535 536
f 535 534 537

# obj75
v 11.2770000400 -5.7885001600 4.9849999800
v 11.4270001800 -5.7885001600 3.9850001700
v 11.2770000400 -5.7885001600 3.9850001700
v 11.4270001800 -5.7885001600 4.9849999800
v 11.2770000400 -5.7885001600 6.7449999200
v 11.4270001800 -5.7885001600 6.7449999200
usemtl Patch_75_Mat_CR3_structuredPlaster
f 538 539 540
f 539 538 541
f 541 538 542
f 541 542 543

# obj76
v 11.2770000400 -5.7885001600 6.7449999200
v 11.2770000400 -5.9384999200 4.9849999800
v 11.2770000400 -5.9384999200 6.7449999200
v 11.2770000400 -5.7885001600 4.9849999800
usemtl Patch_76_Mat_CR3_structuredPlaster
f 544 545 546
f 545 544 547

# obj77
v 11.4270001800 -5.9384999200 4.9849999800
v 11.2770000400 -5.9384999200 4.1450000900
v 11.4270001800 -5.9384999200 4.1450000900
v 11.2770000400 -5.9384999200 4.9849999800
v 11.4270001800 -5.9384999200 6.7449999200
v 11.2770000400 -5.9384999200 6.7449999200
usemtl Patch_77_Mat_CR3_structuredPlaster
f 548 549 550
f 549 548 551
f 551 548 552
f 551 552 553

# obj78
v 9.5060003800 -5.7885001600 4.9849999800
v 9.6559997600 -5.7885001600 3.9850001700
v 9.5060003800 -5.7885001600 3.9850001700
v 9.6559997600 -5.7885001600 4.9849999800
v 9.5060003800 -5.7885001600 6.7449999200
v 9.6559997600 -5.7885001600 6.7449999200
usemtl Patch_78_Mat_CR3_structuredPlaster
f 554 555 556
f 555 554 557
f 557 554 558
f 557 558 559

# obj79
v 9.5060003800 -5.7885001600 6.7449999200
v 9.5060003800 -5.9384999200 4.9849999800
v 9.5060003800 -5.9384999200 6.7449999200
v 9.5060003800 -5.7885001600 4.9849999800
usemtl Patch_79_Mat_CR3_structuredPlaster
f 560 561 562
f 561 560 563

# obj80
v 9.6559997600 -5.9384999200 4.9849999800
v 9.5060003800 -5.9384999200 4.1450000900
v 9.6559997600 -5.9384999200 4.1450000900
v 9.5060003800 -5.9384999200 4.9849999800
v 9.6559997600 -5.9384999200 6.7449999200
v 9.5060003800 -5.9384999200 6.7449999200
usemtl Patch_80_Mat_CR3_structuredPlaster
f 564 565 566
f 565 564 567
f 567 564 568
f 567 568 569

# obj81
v 6.0909999200 -5.7885001600 3.9850001700
v 6.0909999200 -5.9384999200 4.1450000900
v 6.0909999200 -5.9384999200 3.9850001700
v 6.0909999200 -5.9384999200 6.7449999200
v 6.0909999200 -5.7885001600 6.7449999200
usemtl Patch_81_Mat_CR3_structuredPlaster
f 570 571 572
f 571 570 573
f 573 570 574

# obj82
v 5.9410001600 -5.7885001600 4.9849999800
v 6.0909999200 -5.7885001600 3.9850001700
v 5.9410001600 -5.7885001600 3.9850001700
v 6.0909999200 -5.7885001600 6.7449999200
v 5.9410001600 -5.7885001600 6.7449999200
usemtl Patch_82_Mat_CR3_structuredPlaster
f 575 576 577
f 576 575 578
f 578 575 579

# obj83
v 5.9410001600 -5.7885001600 6.7449999200
v 5.9410001600 -5.9384999200 4.9849999800
v 5.9410001600 -5.9384999200 6.7449999200
v 5.9410001600 -5.7885001600 4.9849999800
usemtl Patch_83_Mat_CR3_structuredPlaster
f 580 581 582
f 581 580 583

# obj84
v 6.0909999200 -5.9384999200 6.7449999200
v 5.9410001600 -5.9384999200 4.1450000900
v 6.0909999200 -5.9384999200 4.1450000900
v 5.9410001600 -5.9384999200 4.9849999800
v 5.9410001600 -5.9384999200 6.7449999200
usemtl Patch_84_Mat_CR3_structuredPlaster
f 584 585 586
f 585 584 587
f 587 584 588

# obj85
v 7.7229999100 -5.7885001600 6.7449999200
v 7.8730000600 -5.7885001600 3.9850001700
v 7.7229999100 -5.7885001600 3.9850001700
v 7.8730000600 -5.7885001600 4.9849999800
v 7.8730000600 -5.7885001600 6.7449999200
usemtl Patch_85_Mat_CR3_structuredPlaster
f 589 590 591
f 590 589 592
f 592 589 593

# obj86
v 7.7229999100 -5.7885001600 6.7449999200
v 7.7229999100 -5.9384999200 4.1450000900
v 7.7229999100 -5.9384999200 6.7449999200
v 7.7229999100 -5.9384999200 3.9850001700
v 7.7229999100 -5.7885001600 3.9850001700
usemtl Patch_86_Mat_CR3_structuredPlaster
f 594 595 596
f 595 594 597
f 597 594 598

# obj87
v 7.8730000600 -5.9384999200 4.9849999800
v 7.7229999100 -5.9384999200 4.1450000900
v 7.8730000600 -5.9384999200 4.1450000900
v 7.7229999100 -5.9384999200 6.7449999200
v 7.8730000600 -5.9384999200 6.7449999200
usemtl Patch_87_Mat_CR3_structuredPlaster
f 599 600 601
f 600 599 602
f 602 599 603

# obj88
v 4.1659999800 -5.7885001600 4.9849999800
v 4.3160001200 -5.7885001600 3.9850001700
v 4.1659999800 -5.7885001600 3.9850001700
v 4.3160001200 -5.7885001600 4.9849999800
v 4.1659999800 -5.7885001600 6.7449999200
v 4.3160001200 -5.7885001600 6.7449999200
usemtl Patch_88_Mat_CR3_structuredPlaster
f 604 605 606
f 605 604 607
f 607 604 608
f 607 608 609

# obj89
v 4.3160001200 -5.9384999200 4.9849999800
v 4.1659999800 -5.9384999200 4.1450000900
v 4.3160001200 -5.9384999200 4.1450000900
v 4.1659999800 -5.9384999200 4.9849999800
v 4.3160001200 -5.9384999200 6.7449999200
v 4.1659999800 -5.9384999200 6.7449999200
usemtl Patch_89_Mat_CR3_structuredPlaster
f 610 611 612
f 611 610 613
f 613 610 614
f 613 614 615

# obj90
v 2.5529999800 -5.7885001600 4.9849999800
v 2.5529999800 -5.9384999200 6.7449999200
v 2.5529999800 -5.9384999200 4.9849999800
v 2.5529999800 -5.7885001600 6.7449999200
usemtl Patch_90_Mat_CR3_structuredPlaster
f 616 617 618
f 617 616 619

# obj91
v 2.4030000300 -5.7885001600 4.9849999800
v 2.5529999800 -5.7885001600 3.9850001700
v 2.4030000300 -5.7885001600 3.9850001700
v 2.5529999800 -5.7885001600 4.9849999800
v 2.4030000300 -5.7885001600 6.7449999200
v 2.5529999800 -5.7885001600 6.7449999200
usemtl Patch_91_Mat_CR3_structuredPlaster
f 620 621 622
f 621 620 623
f 623 620 624
f 623 624 625

# obj92
v 2.5529999800 -5.9384999200 6.7449999200
v 2.4030000300 -5.9384999200 4.9849999800
v 2.5529999800 -5.9384999200 4.9849999800
v 2.4030000300 -5.9384999200 6.7449999200
v 0.7770000100 -5.9384999200 4.1450000900
v 2.5529999800 -5.9384999200 4.1450000900
v 0.7770000100 -5.9384999200 4.9849999800
usemtl Patch_92_Mat_CR3_structuredPlaster
f 626 627 628
f 627 626 629
f 628 630 631
f 630 628 632

# obj93
v 0.7770000100 -5.7885001600 4.9849999800
v 0.7770000100 -5.9384999200 6.7449999200
v 0.7770000100 -5.9384999200 4.9849999800
v 0.7770000100 -5.7885001600 6.7449999200
usemtl Patch_93_Mat_CR3_structuredPlaster
f 633 634 635
f 634 633 636

# obj94
v 0.7770000100 -5.9384999200 4.9849999800
v 0.6270000000 -5.9384999200 4.1450000900
v 0.7770000100 -5.9384999200 4.1450000900
v 0.6270000000 -5.9384999200 6.7449999200
v 0.7770000100 -5.9384999200 6.7449999200
usemtl Patch_94_Mat_CR3_structuredPlaster
f 637 638 639
f 638 637 640
f 640 637 641

# obj95
v 0.6270000000 -5.7885001600 6.7449999200
v 0.6270000000 -5.9384999200 4.1450000900
v 0.6270000000 -5.9384999200 6.7449999200
v 0.6270000000 -5.9384999200 3.9850001700
v 0.6270000000 -5.7885001600 3.9850001700
usemtl Patch_95_Mat_CR3_structuredPlaster
f 642 643 644
f 643 642 645
f 645 642 646

# obj96
v 13.1490005000 5.7265000700 6.7449999200
v 12.9990003500 5.7265000700 3.9850001700
v 13.1490005000 5.7265000700 3.9850001700
v 12.9990003500 5.7265000700 4.9849999800
v 12.9990003500 5.7265000700 6.7449999200
usemtl Patch_96_Mat_CR3_structuredPlaster
f 647 648 649
f 648 647 650
f 650 647 651

# obj97
v 13.1490005000 5.8764998300 3.9850001700
v 13.1490005000 5.7265000700 6.7449999200
v 13.1490005000 5.7265000700 3.9850001700
v 13.1490005000 5.8764998300 6.7449999200
v 13.1490005000 5.8764998300 4.1450000900
usemtl Patch_97_Mat_CR3_structuredPlaster
f 652 653 654
f 653 652 655

# obj98
v 12.9990003500 5.8764998300 4.1450000900
v 13.1490005000 5.8764998300 4.1450000900
v 13.1482563600 5.8764998300 4.1450000900
v 12.9990003500 5.8764998300 4.9849999800
v 13.1490005000 5.8764998300 6.7449999200
v 12.9990003500 5.8764998300 6.7449999200
usemtl Patch_98_Mat_CR3_structuredPlaster
f 658 657 660
f 658 660 661
f 661 660 662

# obj99
v 11.3760002000 5.7265000700 4.9849999800
v 11.2260000500 5.7265000700 3.9850001700
v 11.3760002000 5.7265000700 3.9850001700
v 11.2260000500 5.7265000700 4.9849999800
v 11.3760002000 5.7265000700 6.7449999200
v 11.2260000500 5.7265000700 6.7449999200
usemtl Patch_99_Mat_CR3_structuredPlaster
f 663 664 665
f 664 663 666
f 666 663 667
f 666 667 668

# obj100
v 11.3760002000 5.8764998300 4.9849999800
v 11.3760002000 5.7265000700 6.7449999200
v 11.3760002000 5.7265000700 4.9849999800
v 11.3760002000 5.8764998300 6.7449999200
usemtl Patch_100_Mat_CR3_structuredPlaster
f 669 670 671
f 670 669 672

# obj101
v 11.2260000500 5.8764998300 4.9849999800
v 11.3760002000 5.8764998300 4.1450000900
v 11.2260000500 5.8764998300 4.1450000900
v 11.3760002000 5.8764998300 4.9849999800
v 11.2260000500 5.8764998300 6.7449999200
v 11.3760002000 5.8764998300 6.7449999200
usemtl Patch_101_Mat_CR3_structuredPlaster
f 673 674 675
f 674 673 676
f 676 673 677
f 676 677 678

# obj102
v 9.6000000700 5.7265000700 4.9849999800
v 9.4499999300 5.7265000700 3.9850001700
v 9.6000000700 5.7265000700 3.9850001700
v 9.4499999300 5.7265000700 4.9849999800
v 9.6000000700 5.7265000700 6.7449999200
v 9.4499999300 5.7265000700 6.7449999200
usemtl Patch_102_Mat_CR3_structuredPlaster
f 679 680 681
f 680 679 682
f 682 679 683
f 682 683 684

# obj103
v 9.6000000700 5.8764998300 4.9849999800
v 9.6000000700 5.7265000700 6.7449999200
v 9.6000000700 5.7265000700 4.9849999800
v 9.6000000700 5.8764998300 6.7449999200
usemtl Patch_103_Mat_CR3_structuredPlaster
f 685 686 687
f 686 685 688

# obj104
v 9.4499999300 5.8764998300 4.9849999800
v 9.6000000700 5.8764998300 4.1450000900
v 9.4499999300 5.8764998300 4.1450000900
v 9.6000000700 5.8764998300 4.9849999800
v 9.4499999300 5.8764998300 6.7449999200
v 9.6000000700 5.8764998300 6.7449999200
usemtl Patch_104_Mat_CR3_structuredPlaster
f 689 690 691
f 690 689 692
f 692 689 693
f 692 693 694

# obj105
v 7.6729998700 5.8764998300 6.7449999200
v 7.6729998700 5.7265000700 3.9850001700
v 7.6729998700 5.7265000700 6.7449999200
v 7.6729998700 5.8764998300 3.9850001700
v 7.6729998700 5.8764998300 4.1450000900
usemtl Patch_105_Mat_CR3_structuredPlaster
f 695 696 697
f 696 695 698

# obj106
v 7.8230000100 5.7265000700 4.9849999800
v 7.6729998700 5.7265000700 3.9850001700
v 7.8230000100 5.7265000700 3.9850001700
v 7.6729998700 5.7265000700 6.7449999200
v 7.8230000100 5.7265000700 6.7449999200
usemtl Patch_106_Mat_CR3_structuredPlaster
f 700 701 702
f 701 700 703
f 703 700 704

# obj107
v 7.8230000100 5.8764998300 4.9849999800
v 7.8230000100 5.7265000700 6.7449999200
v 7.8230000100 5.7265000700 4.9849999800
v 7.8230000100 5.8764998300 6.7449999200
usemtl Patch_107_Mat_CR3_structuredPlaster
f 705 706 707
f 706 705 708

# obj108
v 7.6729998700 5.8764998300 6.7449999200
v 7.8230000100 5.8764998300 4.1450000900
v 7.6729998700 5.8764998300 4.1450000900
v 7.8230000100 5.8764998300 4.9849999800
v 7.8230000100 5.8764998300 6.7449999200
usemtl Patch_108_Mat_CR3_structuredPlaster
f 709 710 711
f 710 709 712
f 712 709 713

# obj109
v 6.0419998100 5.7265000700 6.7449999200
v 5.8920000500 5.7265000700 3.9850001700
v 6.0419998100 5.7265000700 3.9850001700
v 5.8920000500 5.7265000700 4.9849999800
v 5.8920000500 5.7265000700 6.7449999200
usemtl Patch_109_Mat_CR3_structuredPlaster
f 714 715 716
f 715 714 717
f 717 714 718

# obj110
v 6.0419998100 5.8764998300 3.9850001700
v 6.0419998100 5.7265000700 6.7449999200
v 6.0419998100 5.7265000700 3.9850001700
v 6.0419998100 5.8764998300 6.7449999200
v 6.0419998100 5.8764998300 4.1450000900
usemtl Patch_110_Mat_CR3_structuredPlaster
f 719 720 721
f 720 719 722

# obj111
v 5.8920000500 5.8764998300 4.9849999800
v 6.0419998100 5.8764998300 4.1450000900
v 5.8920000500 5.8764998300 4.1450000900
v 6.0419998100 5.8764998300 6.7449999200
v 5.8920000500 5.8764998300 6.7449999200
usemtl Patch_111_Mat_CR3_structuredPlaster
f 724 725 726
f 725 724 727
f 727 724 728

# obj112
v 4.2590001100 5.7265000700 4.9849999800
v 4.1089999700 5.7265000700 3.9850001700
v 4.2590001100 5.7265000700 3.9850001700
v 4.1089999700 5.7265000700 4.9849999800
v 4.2590001100 5.7265000700 6.7449999200
v 4.1089999700 5.7265000700 6.7449999200
usemtl Patch_112_Mat_CR3_structuredPlaster
f 729 730 731
f 730 729 732
f 732 729 733
f 732 733 734

# obj113
v 4.2590001100 5.8764998300 4.9849999800
v 4.2590001100 5.7265000700 6.7449999200
v 4.2590001100 5.7265000700 4.9849999800
v 4.2590001100 5.8764998300 6.7449999200
usemtl Patch_113_Mat_CR3_structuredPlaster
f 735 736 737
f 736 735 738

# obj114
v 4.1089999700 5.8764998300 4.9849999800
v 4.2590001100 5.8764998300 4.1450000900
v 4.1089999700 5.8764998300 4.1450000900
v 4.2590001100 5.8764998300 4.9849999800
v 4.1089999700 5.8764998300 6.7449999200
v 4.2590001100 5.8764998300 6.7449999200
usemtl Patch_114_Mat_CR3_structuredPlaster
f 739 740 741
f 740 739 742
f 742 739 743
f 742 743 744

# obj115
v 2.4929999600 5.7265000700 4.9849999800
v 2.3430000100 5.7265000700 3.9850001700
v 2.4929999600 5.7265000700 3.9850001700
v 2.3430000100 5.7265000700 4.9849999800
v 2.4929999600 5.7265000700 6.7449999200
v 2.3430000100 5.7265000700 6.7449999200
usemtl Patch_115_Mat_CR3_structuredPlaster
f 745 746 747
f 746 745 748
f 748 745 749
f 748 749 750

# obj116
v 2.4929999600 5.8764998300 4.9849999800
v 2.4929999600 5.7265000700 6.7449999200
v 2.4929999600 5.7265000700 4.9849999800
v 2.4929999600 5.8764998300 6.7449999200
usemtl Patch_116_Mat_CR3_structuredPlaster
f 751 752 753
f 752 751 754

# obj117
v 2.3430000100 5.8764998300 4.9849999800
v 2.4929999600 5.8764998300 4.1450000900
v 2.3430000100 5.8764998300 4.1450000900
v 2.4929999600 5.8764998300 4.9849999800
v 2.3430000100 5.8764998300 6.7449999200
v 2.4929999600 5.8764998300 6.7449999200
usemtl Patch_117_Mat_CR3_structuredPlaster
f 755 756 757
f 756 755 758
f 758 755 759
f 758 759 760

# obj118
v 0.5840000100 5.8764998300 6.7449999200
v 0.5840000100 5.7265000700 3.9850001700
v 0.5840000100 5.7265000700 6.7449999200
v 0.5840000100 5.8764998300 3.9850001700
v 0.5840000100 5.8764998300 4.1450000900
usemtl Patch_118_Mat_CR3_structuredPlaster
f 761 762 763
f 762 761 764

# obj119
v 0.7340000100 5.7265000700 4.9849999800
v 0.5840000100 5.7265000700 3.9850001700
v 0.7340000100 5.7265000700 3.9850001700
v 0.5840000100 5.7265000700 6.7449999200
v 0.7340000100 5.7265000700 6.7449999200
usemtl Patch_119_Mat_CR3_structuredPlaster
f 766 767 768
f 767 766 769
f 769 766 770

# obj120
v 0.7340000100 5.8764998300 4.9849999800
v 0.7340000100 5.7265000700 6.7449999200
v 0.7340000100 5.7265000700 4.9849999800
v 0.7340000100 5.8764998300 6.7449999200
usemtl Patch_120_Mat_CR3_structuredPlaster
f 771 772 773
f 772 771 774

# obj121
v 0.5840000100 5.8764998300 6.7449999200
v 0.7340000100 5.8764998300 4.1450000900
v 0.5840000100 5.8764998300 4.1450000900
v 0.7340000100 5.8764998300 4.9849999800
v 0.7340000100 5.8764998300 6.7449999200
usemtl Patch_121_Mat_CR3_structuredPlaster
f 775 776 777
f 776 775 778
f 778 775 779

# obj122
v 0.5840000100 5.8764998300 0.5100000200
v 0.7340000100 5.8764998300 0.4500000000
v 0.5840000100 5.8764998300 0.4500000000
v 0.7340000100 5.8764998300 0.5100000200
v 0.5840000100 5.8764998300 3.5689999800
v 0.7340000100 5.8764998300 3.5689999800
usemtl Patch_122_Mat_CR3_structuredPlaster
f 780 781 782
f 781 780 783
f 783 780 784
f 783 784 785

# obj123
v 0.7340000100 5.8764998300 0.5100000200
v 0.7340000100 5.7265000700 3.5689999800
v 0.7340000100 5.7265000700 0.5100000200
v 0.7340000100 5.8764998300 3.5689999800
usemtl Patch_123_Mat_CR3_structuredPlaster
f 786 787 788
f 787 786 789

# obj124
v 0.7340000100 5.7265000700 0.5100000200
v 0.5840000100 5.7265000700 0.4500000000
v 0.7340000100 5.7265000700 0.4500000000
v 0.5840000100 5.7265000700 0.5100000200
v 0.7340000100 5.7265000700 3.5689999800
v 0.5840000100 5.7265000700 3.5689999800
usemtl Patch_124_Mat_CR3_structuredPlaster
f 790 791 792
f 791 790 793
f 793 790 794
f 793 794 795

# obj125
v 0.5840000100 5.8764998300 3.5689999800
v 0.5840000100 5.7265000700 0.5100000200
v 0.5840000100 5.7265000700 3.5689999800
v 0.5840000100 5.8764998300 0.5100000200
usemtl Patch_125_Mat_CR3_structuredPlaster
f 796 797 798
f 797 796 799

# obj126
v 2.3430000100 5.8764998300 0.5100000200
v 2.4929999600 5.8764998300 0.4500000000
v 2.3430000100 5.8764998300 0.4500000000
v 2.4929999600 5.8764998300 0.5100000200
v 2.3430000100 5.8764998300 3.5689999800
v 2.4929999600 5.8764998300 3.5689999800
usemtl Patch_126_Mat_CR3_structuredPlaster
f 800 801 802
f 801 800 803
f 803 800 804
f 803 804 805

# obj127
v 2.4929999600 5.8764998300 0.5100000200
v 2.4929999600 5.7265000700 3.5689999800
v 2.4929999600 5.7265000700 0.5100000200
v 2.4929999600 5.8764998300 3.5689999800
usemtl Patch_127_Mat_CR3_structuredPlaster
f 806 807 808
f 807 806 809

# obj128
v 2.4929999600 5.7265000700 0.5100000200
v 2.3430000100 5.7265000700 0.4500000000
v 2.4929999600 5.7265000700 0.4500000000
v 2.3430000100 5.7265000700 0.5100000200
v 2.4929999600 5.7265000700 3.5689999800
v 2.3430000100 5.7265000700 3.5689999800
usemtl Patch_128_Mat_CR3_structuredPlaster
f 810 811 812
f 811 810 813
f 813 810 814
f 813 814 815

# obj129
v 2.3430000100 5.8764998300 3.5689999800
v 2.3430000100 5.7265000700 0.5100000200
v 2.3430000100 5.7265000700 3.5689999800
v 2.3430000100 5.8764998300 0.5100000200
usemtl Patch_129_Mat_CR3_structuredPlaster
f 816 817 818
f 817 816 819

# obj130
v 4.1089999700 5.8764998300 0.5100000200
v 4.2590001100 5.8764998300 0.4500000000
v 4.1089999700 5.8764998300 0.4500000000
v 4.2590001100 5.8764998300 0.5100000200
v 4.1089999700 5.8764998300 3.5689999800
v 4.2590001100 5.8764998300 3.5689999800
usemtl Patch_130_Mat_CR3_structuredPlaster
f 820 821 822
f 821 820 823
f 823 820 824
f 823 824 825

# obj131
v 4.2590001100 5.8764998300 0.5100000200
v 4.2590001100 5.7265000700 3.5689999800
v 4.2590001100 5.7265000700 0.5100000200
v 4.2590001100 5.8764998300 3.5689999800
usemtl Patch_131_Mat_CR3_structuredPlaster
f 826 827 828
f 827 826 829

# obj132
v 4.2590001100 5.7265000700 0.5100000200
v 4.1089999700 5.7265000700 0.4500000000
v 4.2590001100 5.7265000700 0.4500000000
v 4.1089999700 5.7265000700 0.5100000200
v 4.2590001100 5.7265000700 3.5689999800
v 4.1089999700 5.7265000700 3.5689999800
usemtl Patch_132_Mat_CR3_structuredPlaster
f 830 831 832
f 831 830 833
f 833 830 834
f 833 834 835

# obj133
v 4.1089999700 5.8764998300 3.5689999800
v 4.1089999700 5.7265000700 0.5100000200
v 4.1089999700 5.7265000700 3.5689999800
v 4.1089999700 5.8764998300 0.5100000200
usemtl Patch_133_Mat_CR3_structuredPlaster
f 836 837 838
f 837 836 839

# obj134
v 5.8920000500 5.8764998300 0.5100000200
v 6.0419998100 5.8764998300 0.4500000000
v 5.8920000500 5.8764998300 0.4500000000
v 6.0419998100 5.8764998300 3.5689999800
v 5.8920000500 5.8764998300 3.5689999800
usemtl Patch_134_Mat_CR3_structuredPlaster
f 840 841 842
f 841 840 843
f 843 840 844

# obj135
v 6.0419998100 5.8764998300 0.4500000000
v 6.0419998100 5.7265000700 3.5689999800
v 6.0419998100 5.7265000700 0.4500000000
v 6.0419998100 5.8764998300 3.5689999800
usemtl Patch_135_Mat_CR3_structuredPlaster
f 845 846 847
f 846 845 848

# obj136
v 6.0419998100 5.7265000700 3.5689999800
v 5.8920000500 5.7265000700 0.4500000000
v 6.0419998100 5.7265000700 0.4500000000
v 5.8920000500 5.7265000700 0.5100000200
v 5.8920000500 5.7265000700 3.5689999800
usemtl Patch_136_Mat_CR3_structuredPlaster
f 849 850 851
f 850 849 852
f 852 849 853

# obj137
v 5.8920000500 5.8764998300 3.5689999800
v 5.8920000500 5.7265000700 0.5100000200
v 5.8920000500 5.7265000700 3.5689999800
v 5.8920000500 5.8764998300 0.5100000200
usemtl Patch_137_Mat_CR3_structuredPlaster
f 854 855 856
f 855 854 857

# obj138
v 7.6729998700 5.8764998300 3.5689999800
v 7.8230000100 5.8764998300 0.4500000000
v 7.6729998700 5.8764998300 0.4500000000
v 7.8230000100 5.8764998300 0.5100000200
v 7.8230000100 5.8764998300 3.5689999800
usemtl Patch_138_Mat_CR3_structuredPlaster
f 858 859 860
f 859 858 861
f 861 858 862

# obj139
v 7.8230000100 5.8764998300 0.5100000200
v 7.8230000100 5.7265000700 3.5689999800
v 7.8230000100 5.7265000700 0.5100000200
v 7.8230000100 5.8764998300 3.5689999800
usemtl Patch_139_Mat_CR3_structuredPlaster
f 863 864 865
f 864 863 866

# obj140
v 7.8230000100 5.7265000700 0.5100000200
v 7.6729998700 5.7265000700 0.4500000000
v 7.8230000100 5.7265000700 0.4500000000
v 7.6729998700 5.7265000700 3.5689999800
v 7.8230000100 5.7265000700 3.5689999800
usemtl Patch_140_Mat_CR3_structuredPlaster
f 867 868 869
f 868 867 870
f 870 867 871

# obj141
v 7.6729998700 5.8764998300 3.5689999800
v 7.6729998700 5.7265000700 0.4500000000
v 7.6729998700 5.7265000700 3.5689999800
v 7.6729998700 5.8764998300 0.4500000000
usemtl Patch_141_Mat_CR3_structuredPlaster
f 872 873 874
f 873 872 875

# obj142
v 9.4499999300 5.8764998300 0.5100000200
v 9.6000000700 5.8764998300 0.4500000000
v 9.4499999300 5.8764998300 0.4500000000
v 9.6000000700 5.8764998300 0.5100000200
v 9.4499999300 5.8764998300 3.5689999800
v 9.6000000700 5.8764998300 3.5689999800
usemtl Patch_142_Mat_CR3_structuredPlaster
f 876 877 878
f 877 876 879
f 879 876 880
f 879 880 881

# obj143
v 9.6000000700 5.8764998300 0.5100000200
v 9.6000000700 5.7265000700 3.5689999800
v 9.6000000700 5.7265000700 0.5100000200
v 9.6000000700 5.8764998300 3.5689999800
usemtl Patch_143_Mat_CR3_structuredPlaster
f 882 883 884
f 883 882 885

# obj144
v 9.6000000700 5.7265000700 0.5100000200
v 9.4499999300 5.7265000700 0.4500000000
v 9.6000000700 5.7265000700 0.4500000000
v 9.4499999300 5.7265000700 0.5100000200
v 9.6000000700 5.7265000700 3.5689999800
v 9.4499999300 5.7265000700 3.5689999800
usemtl Patch_144_Mat_CR3_structuredPlaster
f 886 887 888
f 887 886 889
f 889 886 890
f 889 890 891

# obj145
v 9.4499999300 5.8764998300 3.5689999800
v 9.4499999300 5.7265000700 0.5100000200
v 9.4499999300 5.7265000700 3.5689999800
v 9.4499999300 5.8764998300 0.5100000200
usemtl Patch_145_Mat_CR3_structuredPlaster
f 892 893 894
f 893 892 895

# obj146
v 11.2260000500 5.8764998300 0.5100000200
v 11.3760002000 5.8764998300 0.4500000000
v 11.2260000500 5.8764998300 0.4500000000
v 11.3760002000 5.8764998300 0.5100000200
v 11.2260000500 5.8764998300 3.5689999800
v 11.3760002000 5.8764998300 3.5689999800
usemtl Patch_146_Mat_CR3_structuredPlaster
f 896 897 898
f 897 896 899
f 899 896 900
f 899 900 901

# obj147
v 11.3760002000 5.8764998300 0.5100000200
v 11.3760002000 5.7265000700 3.5689999800
v 11.3760002000 5.7265000700 0.5100000200
v 11.3760002000 5.8764998300 3.5689999800
usemtl Patch_147_Mat_CR3_structuredPlaster
f 902 903 904
f 903 902 905

# obj148
v 11.3760002000 5.7265000700 0.5100000200
v 11.2260000500 5.7265000700 0.4500000000
v 11.3760002000 5.7265000700 0.4500000000
v 11.2260000500 5.7265000700 0.5100000200
v 11.3760002000 5.7265000700 3.5689999800
v 11.2260000500 5.7265000700 3.5689999800
usemtl Patch_148_Mat_CR3_structuredPlaster
f 906 907 908
f 907 906 909
f 909 906 910
f 909 910 911

# obj149
v 11.2260000500 5.8764998300 3.5689999800
v 11.2260000500 5.7265000700 0.5100000200
v 11.2260000500 5.7265000700 3.5689999800
v 11.2260000500 5.8764998300 0.5100000200
usemtl Patch_149_Mat_CR3_structuredPlaster
f 912 913 914
f 913 912 915

# obj150
v 12.9990003500 5.8764998300 0.5100000200
v 13.1490005000 5.8764998300 0.4500000000
v 12.9990003500 5.8764998300 0.4500000000
v 13.1490005000 5.8764998300 0.5100000200
v 12.9990003500 5.8764998300 3.5689999800
v 13.1490005000 5.8764998300 3.5689999800
usemtl Patch_150_Mat_CR3_structuredPlaster
f 916 917 918
f 917 916 919
f 919 916 920
f 919 920 921

# obj151
v 13.1490005000 5.8764998300 0.5100000200
v 13.1490005000 5.7265000700 3.5689999800
v 13.1490005000 5.7265000700 0.5100000200
v 13.1490005000 5.8764998300 3.5689999800
usemtl Patch_151_Mat_CR3_structuredPlaster
f 922 923 924
f 923 922 925

# obj152
v 13.1490005000 5.7265000700 0.5100000200
v 12.9990003500 5.7265000700 0.4500000000
v 13.1490005000 5.7265000700 0.4500000000
v 12.9990003500 5.7265000700 0.5100000200
v 13.1490005000 5.7265000700 3.5689999800
v 12.9990003500 5.7265000700 3.5689999800
usemtl Patch_152_Mat_CR3_structuredPlaster
f 926 927 928
f 927 926 929
f 929 926 930
f 929 930 931

# obj153
v 12.9990003500 5.8764998300 3.5689999800
v 12.9990003500 5.7265000700 0.5100000200
v 12.9990003500 5.7265000700 3.5689999800
v 12.9990003500 5.8764998300 0.5100000200
usemtl Patch_153_Mat_CR3_structuredPlaster
f 932 933 934
f 933 932 935

# obj154
v 13.1919994300 -5.7885001600 0.5100000200
v 13.1919994300 -5.9384999200 3.5689999800
v 13.1919994300 -5.9384999200 0.5100000200
v 13.1919994300 -5.7885001600 3.5689999800
usemtl Patch_154_Mat_CR3_structuredPlaster
f 936 937 938
f 937 936 939

# obj155
v 13.0419992800 -5.7885001600 3.5689999800
v 13.1919994300 -5.7885001600 0.4500000000
v 13.0419992800 -5.7885001600 0.4500000000
v 13.1919994300 -5.7885001600 0.5100000200
v 13.1919994300 -5.7885001600 3.5689999800
usemtl Patch_155_Mat_CR3_structuredPlaster
f 940 941 942
f 941 940 943
f 943 940 944

# obj156
v 13.0419992800 -5.7885001600 3.5689999800
v 13.0419992800 -5.9384999200 0.4500000000
v 13.0419992800 -5.9384999200 3.5689999800
v 13.0419992800 -5.7885001600 0.4500000000
usemtl Patch_156_Mat_CR3_structuredPlaster
f 945 946 947
f 946 945 948

# obj157
v 13.1919994300 -5.9384999200 0.5100000200
v 13.0419992800 -5.9384999200 0.4500000000
v 13.1919994300 -5.9384999200 0.4500000000
v 13.0419992800 -5.9384999200 3.5689999800
v 13.1919994300 -5.9384999200 3.5689999800
usemtl Patch_157_Mat_CR3_structuredPlaster
f 949 950 951
f 950 949 952
f 952 949 953

# obj158
v 11.4270001800 -5.7885001600 0.4500000000
v 11.4270001800 -5.9384999200 3.5689999800
v 11.4270001800 -5.9384999200 0.4500000000
v 11.4270001800 -5.7885001600 3.5689999800
usemtl Patch_158_Mat_CR3_structuredPlaster
f 954 955 956
f 955 954 957

# obj159
v 11.2770000400 -5.7885001600 0.5100000200
v 11.4270001800 -5.7885001600 0.4500000000
v 11.2770000400 -5.7885001600 0.4500000000
v 11.4270001800 -5.7885001600 3.5689999800
v 11.2770000400 -5.7885001600 3.5689999800
usemtl Patch_159_Mat_CR3_structuredPlaster
f 958 959 960
f 959 958 961
f 961 958 962

# obj160
v 11.2770000400 -5.7885001600 3.5689999800
v 11.2770000400 -5.9384999200 0.5100000200
v 11.2770000400 -5.9384999200 3.5689999800
v 11.2770000400 -5.7885001600 0.5100000200
usemtl Patch_160_Mat_CR3_structuredPlaster
f 963 964 965
f 964 963 966

# obj161
v 11.4270001800 -5.9384999200 3.5689999800
v 11.2770000400 -5.9384999200 0.4500000000
v 11.4270001800 -5.9384999200 0.4500000000
v 11.2770000400 -5.9384999200 0.5100000200
v 11.2770000400 -5.9384999200 3.5689999800
usemtl Patch_161_Mat_CR3_structuredPlaster
f 967 968 969
f 968 967 970
f 970 967 971

# obj162
v 9.6559997600 -5.7885001600 0.5100000200
v 9.6559997600 -5.9384999200 3.5689999800
v 9.6559997600 -5.9384999200 0.5100000200
v 9.6559997600 -5.7885001600 3.5689999800
usemtl Patch_162_Mat_CR3_structuredPlaster
f 972 973 974
f 973 972 975

# obj163
v 9.5060003800 -5.7885001600 0.5100000200
v 9.6559997600 -5.7885001600 0.4500000000
v 9.5060003800 -5.7885001600 0.4500000000
v 9.6559997600 -5.7885001600 0.5100000200
v 9.5060003800 -5.7885001600 3.5689999800
v 9.6559997600 -5.7885001600 3.5689999800
usemtl Patch_163_Mat_CR3_structuredPlaster
f 976 977 978
f 977 976 979
f 979 976 980
f 979 980 981

# obj164
v 9.5060003800 -5.7885001600 3.5689999800
v 9.5060003800 -5.9384999200 0.5100000200
v 9.5060003800 -5.9384999200 3.5689999800
v 9.5060003800 -5.7885001600 0.5100000200
usemtl Patch_164_Mat_CR3_structuredPlaster
f 982 983 984
f 983 982 985

# obj165
v 9.6559997600 -5.9384999200 0.5100000200
v 9.5060003800 -5.9384999200 0.4500000000
v 9.6559997600 -5.9384999200 0.4500000000
v 9.5060003800 -5.9384999200 0.5100000200
v 9.6559997600 -5.9384999200 3.5689999800
v 9.5060003800 -5.9384999200 3.5689999800
usemtl Patch_165_Mat_CR3_structuredPlaster
f 986 987 988
f 987 986 989
f 989 986 990
f 989 990 991

# obj166
v 7.8730000600 -5.7885001600 0.5100000200
v 7.8730000600 -5.9384999200 3.5689999800
v 7.8730000600 -5.9384999200 0.5100000200
v 7.8730000600 -5.7885001600 3.5689999800
usemtl Patch_166_Mat_CR3_structuredPlaster
f 992 993 994
f 993 992 995

# obj167
v 7.7229999100 -5.7885001600 3.5689999800
v 7.8730000600 -5.7885001600 0.4500000000
v 7.7229999100 -5.7885001600 0.4500000000
v 7.8730000600 -5.7885001600 0.5100000200
v 7.8730000600 -5.7885001600 3.5689999800
usemtl Patch_167_Mat_CR3_structuredPlaster
f 996 997 998
f 997 996 999
f 999 996 1000

# obj168
v 7.7229999100 -5.7885001600 3.5689999800
v 7.7229999100 -5.9384999200 0.4500000000
v 7.7229999100 -5.9384999200 3.5689999800
v 7.7229999100 -5.7885001600 0.4500000000
usemtl Patch_168_Mat_CR3_structuredPlaster
f 1001 1002 1003
f 1002 1001 1004

# obj169
v 7.8730000600 -5.9384999200 0.5100000200
v 7.7229999100 -5.9384999200 0.4500000000
v 7.8730000600 -5.9384999200 0.4500000000
v 7.7229999100 -5.9384999200 3.5689999800
v 7.8730000600 -5.9384999200 3.5689999800
usemtl Patch_169_Mat_CR3_structuredPlaster
f 1005 1006 1007
f 1006 1005 1008
f 1008 1005 1009

# obj170
v 6.0909999200 -5.7885001600 0.4500000000
v 6.0909999200 -5.9384999200 3.5689999800
v 6.0909999200 -5.9384999200 0.4500000000
v 6.0909999200 -5.7885001600 3.5689999800
usemtl Patch_170_Mat_CR3_structuredPlaster
f 1010 1011 1012
f 1011 1010 1013

# obj171
v 5.9410001600 -5.7885001600 0.5100000200
v 6.0909999200 -5.7885001600 0.4500000000
v 5.9410001600 -5.7885001600 0.4500000000
v 6.0909999200 -5.7885001600 3.5689999800
v 5.9410001600 -5.7885001600 3.5689999800
usemtl Patch_171_Mat_CR3_structuredPlaster
f 1014 1015 1016
f 1015 1014 1017
f 1017 1014 1018

# obj172
v 5.9410001600 -5.7885001600 3.5689999800
v 5.9410001600 -5.9384999200 0.5100000200
v 5.9410001600 -5.9384999200 3.5689999800
v 5.9410001600 -5.7885001600 0.5100000200
usemtl Patch_172_Mat_CR3_structuredPlaster
f 1019 1020 1021
f 1020 1019 1022

# obj173
v 6.0909999200 -5.9384999200 3.5689999800
v 5.9410001600 -5.9384999200 0.4500000000
v 6.0909999200 -5.9384999200 0.4500000000
v 5.9410001600 -5.9384999200 0.5100000200
v 5.9410001600 -5.9384999200 3.5689999800
usemtl Patch_173_Mat_CR3_structuredPlaster
f 1023 1024 1025
f 1024 1023 1026
f 1026 1023 1027

# obj174
v 4.3160001200 -5.7885001600 0.5100000200
v 4.3160001200 -5.9384999200 3.5689999800
v 4.3160001200 -5.9384999200 0.5100000200
v 4.3160001200 -5.7885001600 3.5689999800
usemtl Patch_174_Mat_CR3_structuredPlaster
f 1028 1029 1030
f 1029 1028 1031

# obj175
v 4.1659999800 -5.7885001600 0.5100000200
v 4.3160001200 -5.7885001600 0.4500000000
v 4.1659999800 -5.7885001600 0.4500000000
v 4.3160001200 -5.7885001600 0.5100000200
v 4.1659999800 -5.7885001600 3.5689999800
v 4.3160001200 -5.7885001600 3.5689999800
usemtl Patch_175_Mat_CR3_structuredPlaster
f 1032 1033 1034
f 1033 1032 1035
f 1035 1032 1036
f 1035 1036 1037

# obj176
v 4.1659999800 -5.7885001600 3.5689999800
v 4.1659999800 -5.9384999200 0.5100000200
v 4.1659999800 -5.9384999200 3.5689999800
v 4.1659999800 -5.7885001600 0.5100000200
usemtl Patch_176_Mat_CR3_structuredPlaster
f 1038 1039 1040
f 1039 1038 1041

# obj177
v 4.3160001200 -5.9384999200 0.5100000200
v 4.1659999800 -5.9384999200 0.4500000000
v 4.3160001200 -5.9384999200 0.4500000000
v 4.1659999800 -5.9384999200 0.5100000200
v 4.3160001200 -5.9384999200 3.5689999800
v 4.1659999800 -5.9384999200 3.5689999800
usemtl Patch_177_Mat_CR3_structuredPlaster
f 1042 1043 1044
f 1043 1042 1045
f 1045 1042 1046
f 1045 1046 1047

# obj178
v 2.5529999800 -5.7885001600 0.5100000200
v 2.5529999800 -5.9384999200 3.5689999800
v 2.5529999800 -5.9384999200 0.5100000200
v 2.5529999800 -5.7885001600 3.5689999800
usemtl Patch_178_Mat_CR3_structuredPlaster
f 1048 1049 1050
f 1049 1048 1051

# obj179
v 2.4030000300 -5.7885001600 3.5689999800
v 2.5529999800 -5.7885001600 0.4500000000
v 2.4030000300 -5.7885001600 0.4500000000
v 2.5529999800 -5.7885001600 0.5100000200
v 2.5529999800 -5.7885001600 3.5689999800
usemtl Patch_179_Mat_CR3_structuredPlaster
f 1052 1053 1054
f 1053 1052 1055
f 1055 1052 1056

# obj180
v 2.4030000300 -5.7885001600 3.5689999800
v 2.4030000300 -5.9384999200 0.4500000000
v 2.4030000300 -5.9384999200 3.5689999800
v 2.4030000300 -5.7885001600 0.4500000000
usemtl Patch_180_Mat_CR3_structuredPlaster
f 1057 1058 1059
f 1058 1057 1060

# obj181
v 2.5529999800 -5.9384999200 0.5100000200
v 2.4030000300 -5.9384999200 0.4500000000
v 2.5529999800 -5.9384999200 0.4500000000
v 2.4030000300 -5.9384999200 3.5689999800
v 2.5529999800 -5.9384999200 3.5689999800
usemtl Patch_181_Mat_CR3_structuredPlaster
f 1061 1062 1063
f 1062 1061 1064
f 1064 1061 1065

# obj182
v 0.7770000100 -5.7885001600 0.4500000000
v 0.7770000100 -5.9384999200 3.5689999800
v 0.7770000100 -5.9384999200 0.4500000000
v 0.7770000100 -5.7885001600 3.5689999800
usemtl Patch_182_Mat_CR3_structuredPlaster
f 1066 1067 1068
f 1067 1066 1069

# obj183
v 0.6270000000 -5.7885001600 0.5100000200
v 0.7770000100 -5.7885001600 0.4500000000
v 0.6270000000 -5.7885001600 0.4500000000
v 0.7770000100 -5.7885001600 3.5689999800
v 0.6270000000 -5.7885001600 3.5689999800
usemtl Patch_183_Mat_CR3_structuredPlaster
f 1070 1071 1072
f 1071 1070 1073
f 1073 1070 1074

# obj184
v 0.6270000000 -5.7885001600 3.5689999800
v 0.6270000000 -5.9384999200 0.5100000200
v 0.6270000000 -5.9384999200 3.5689999800
v 0.6270000000 -5.7885001600 0.5100000200
usemtl Patch_184_Mat_CR3_structuredPlaster
f 1075 1076 1077
f 1076 1075 1078

# obj185
v 0.7770000100 -5.9384999200 3.5689999800
v 0.6270000000 -5.9384999200 0.4500000000
v 0.7770000100 -5.9384999200 0.4500000000
v 0.6270000000 -5.9384999200 0.5100000200
v 0.6270000000 -5.9384999200 3.5689999800
usemtl Patch_185_Mat_CR3_structuredPlaster
f 1079 1080 1081
f 1080 1079 1082
f 1082 1079 1083

# obj186
v 4.3160001200 -5.7885001600 4.9849999800
v 4.3160001200 -5.9384999200 6.7449999200
v 4.3160001200 -5.9384999200 4.9849999800
v 4.3160001200 -5.7885001600 6.7449999200
usemtl Patch_186_Mat_CR3_structuredPlaster
f 1084 1085 1086
f 1085 1084 1087

# obj187
v 4.3160001200 -5.7885001600 4.9849999800
v 5.9410001600 -5.7885001600 3.9850001700
v 4.3160001200 -5.7885001600 3.9850001700
v 5.9410001600 -5.7885001600 4.9849999800
usemtl Patch_187_Mat_CR3_plaster
f 1088 1089 1090
f 1089 1088 1091

# obj188
v 5.9410001600 -5.9384999200 4.9849999800
v 4.3160001200 -5.7885001600 4.9849999800
v 4.3160001200 -5.9384999200 4.9849999800
v 5.9410001600 -5.7885001600 4.9849999800
usemtl Patch_188_Mat_CR3_floor
f 1092 1093 1094
f 1093 1092 1095

# obj189
v 5.9410001600 -5.9384999200 4.1450000900
v 4.3160001200 -5.9384999200 4.9849999800
v 4.3160001200 -5.9384999200 4.1450000900
v 5.9410001600 -5.9384999200 4.9849999800
usemtl Patch_189_Mat_CR3_plaster
f 1096 1097 1098
f 1097 1096 1099

# obj190
v 4.1659999800 -5.9384999200 4.9849999800
v 2.5529999800 -5.9384999200 4.1450000900
v 4.1659999800 -5.9384999200 4.1450000900
v 2.5529999800 -5.9384999200 4.9849999800
usemtl Patch_190_Mat_CR3_plaster
f 1100 1101 1102
f 1101 1100 1103

# obj191
v 4.1659999800 -5.7885001600 6.7449999200
v 4.1659999800 -5.9384999200 4.9849999800
v 4.1659999800 -5.9384999200 6.7449999200
v 4.1659999800 -5.7885001600 4.9849999800
usemtl Patch_191_Mat_CR3_structuredPlaster
f 1104 1105 1106
f 1105 1104 1107

# obj192
v 2.4030000300 -5.7885001600 6.7449999200
v 2.4030000300 -5.9384999200 4.9849999800
v 2.4030000300 -5.9384999200 6.7449999200
v 2.4030000300 -5.7885001600 4.9849999800
usemtl Patch_192_Mat_CR3_structuredPlaster
f 1108 1109 1110
f 1109 1108 1111

# obj193
v 2.4030000300 -5.9384999200 4.9849999800
v 0.7770000100 -5.7885001600 4.9849999800
v 0.7770000100 -5.9384999200 4.9849999800
v 2.4030000300 -5.7885001600 4.9849999800
usemtl Patch_193_Mat_CR3_floor
f 1112 1113 1114
f 1113 1112 1115

# obj194
v 4.1659999800 -5.9384999200 4.9849999800
v 2.5529999800 -5.7885001600 4.9849999800
v 2.5529999800 -5.9384999200 4.9849999800
v 4.1659999800 -5.7885001600 4.9849999800
usemtl Patch_194_Mat_CR3_floor
f 1116 1117 1118
f 1117 1116 1119

# obj195
v 7.8730000600 -5.7885001600 3.9850001700
v 9.5060003800 -5.7885001600 4.9849999800
v 9.5060003800 -5.7885001600 3.9850001700
v 7.8730000600 -5.7885001600 4.9849999800
usemtl Patch_195_Mat_CR3_plaster
f 1120 1121 1122
f 1121 1120 1123

# obj196
v 9.6559997600 -5.7885001600 4.9849999800
v 11.2770000400 -5.7885001600 3.9850001700
v 9.6559997600 -5.7885001600 3.9850001700
v 11.2770000400 -5.7885001600 4.9849999800
usemtl Patch_196_Mat_CR3_plaster
f 1124 1125 1126
f 1125 1124 1127

# obj197
v 11.4270001800 -5.7885001600 4.9849999800
v 13.0419992800 -5.7885001600 3.9850001700
v 11.4270001800 -5.7885001600 3.9850001700
v 13.0419992800 -5.7885001600 4.9849999800
usemtl Patch_197_Mat_CR3_plaster
f 1128 1129 1130
f 1129 1128 1131

# obj198
v 7.8730000600 -5.7885001600 4.9849999800
v 7.8730000600 -5.9384999200 6.7449999200
v 7.8730000600 -5.9384999200 4.9849999800
v 7.8730000600 -5.7885001600 6.7449999200
usemtl Patch_198_Mat_CR3_structuredPlaster
f 1132 1133 1134
f 1133 1132 1135

# obj199
v 9.6559997600 -5.7885001600 4.9849999800
v 9.6559997600 -5.9384999200 6.7449999200
v 9.6559997600 -5.9384999200 4.9849999800
v 9.6559997600 -5.7885001600 6.7449999200
usemtl Patch_199_Mat_CR3_structuredPlaster
f 1136 1137 1138
f 1137 1136 1139

# obj200
v 9.5060003800 -5.9384999200 4.9849999800
v 7.8730000600 -5.9384999200 4.1450000900
v 9.5060003800 -5.9384999200 4.1450000900
v 7.8730000600 -5.9384999200 4.9849999800
usemtl Patch_200_Mat_CR3_plaster
f 1140 1141 1142
f 1141 1140 1143

# obj201
v 11.2770000400 -5.9384999200 4.1450000900
v 9.6559997600 -5.9384999200 4.9849999800
v 9.6559997600 -5.9384999200 4.1450000900
v 11.2770000400 -5.9384999200 4.9849999800
usemtl Patch_201_Mat_CR3_plaster
f 1144 1145 1146
f 1145 1144 1147

# obj202
v 13.0419992800 -5.9384999200 4.9849999800
v 11.4270001800 -5.9384999200 4.1450000900
v 13.0419992800 -5.9384999200 4.1450000900
v 11.4270001800 -5.9384999200 4.9849999800
usemtl Patch_202_Mat_CR3_plaster
f 1148 1149 1150
f 1149 1148 1151

# obj203
v 9.5060003800 -5.9384999200 4.9849999800
v 7.8730000600 -5.7885001600 4.9849999800
v 7.8730000600 -5.9384999200 4.9849999800
v 9.5060003800 -5.7885001600 4.9849999800
usemtl Patch_203_Mat_CR3_floor
f 1152 1153 1154
f 1153 1152 1155

# obj204
v 11.2770000400 -5.9384999200 4.9849999800
v 9.6559997600 -5.7885001600 4.9849999800
v 9.6559997600 -5.9384999200 4.9849999800
v 11.2770000400 -5.7885001600 4.9849999800
usemtl Patch_204_Mat_CR3_floor
f 1156 1157 1158
f 1157 1156 1159

# obj205
v 13.0419992800 -5.9384999200 4.9849999800
v 11.4270001800 -5.7885001600 4.9849999800
v 11.4270001800 -5.9384999200 4.9849999800
v 13.0419992800 -5.7885001600 4.9849999800
usemtl Patch_205_Mat_CR3_floor
f 1160 1161 1162
f 1161 1160 1163

# obj206
v 2.3430000100 5.7265000700 4.9849999800
v 0.7340000100 5.7265000700 3.9850001700
v 2.3430000100 5.7265000700 3.9850001700
v 0.7340000100 5.7265000700 4.9849999800
usemtl Patch_206_Mat_CR3_plaster
f 1164 1165 1166
f 1165 1164 1167

# obj207
v 5.8920000500 5.7265000700 4.9849999800
v 4.2590001100 5.7265000700 3.9850001700
v 5.8920000500 5.7265000700 3.9850001700
v 4.2590001100 5.7265000700 4.9849999800
usemtl Patch_207_Mat_CR3_plaster
f 1168 1169 1170
f 1169 1168 1171

# obj208
v 4.1089999700 5.7265000700 4.9849999800
v 2.4929999600 5.7265000700 3.9850001700
v 4.1089999700 5.7265000700 3.9850001700
v 2.4929999600 5.7265000700 4.9849999800
usemtl Patch_208_Mat_CR3_plaster
f 1172 1173 1174
f 1173 1172 1175

# obj209
v 5.8920000500 5.8764998300 6.7449999200
v 5.8920000500 5.7265000700 4.9849999800
v 5.8920000500 5.7265000700 6.7449999200
v 5.8920000500 5.8764998300 4.9849999800
usemtl Patch_209_Mat_CR3_structuredPlaster
f 1176 1177 1178
f 1177 1176 1179

# obj210
v 4.1089999700 5.8764998300 6.7449999200
v 4.1089999700 5.7265000700 4.9849999800
v 4.1089999700 5.7265000700 6.7449999200
v 4.1089999700 5.8764998300 4.9849999800
usemtl Patch_210_Mat_CR3_structuredPlaster
f 1180 1181 1182
f 1181 1180 1183

# obj211
v 2.3430000100 5.8764998300 6.7449999200
v 2.3430000100 5.7265000700 4.9849999800
v 2.3430000100 5.7265000700 6.7449999200
v 2.3430000100 5.8764998300 4.9849999800
usemtl Patch_211_Mat_CR3_structuredPlaster
f 1184 1185 1186
f 1185 1184 1187

# obj212
v 9.4499999300 5.7265000700 4.9849999800
v 7.8230000100 5.7265000700 3.9850001700
v 9.4499999300 5.7265000700 3.9850001700
v 7.8230000100 5.7265000700 4.9849999800
usemtl Patch_212_Mat_CR3_plaster
f 1188 1189 1190
f 1189 1188 1191

# obj213
v 11.2260000500 5.7265000700 4.9849999800
v 9.6000000700 5.7265000700 3.9850001700
v 11.2260000500 5.7265000700 3.9850001700
v 9.6000000700 5.7265000700 4.9849999800
usemtl Patch_213_Mat_CR3_plaster
f 1192 1193 1194
f 1193 1192 1195

# obj214
v 12.9990003500 5.7265000700 4.9849999800
v 11.3760002000 5.7265000700 3.9850001700
v 12.9990003500 5.7265000700 3.9850001700
v 11.3760002000 5.7265000700 4.9849999800
usemtl Patch_214_Mat_CR3_plaster
f 1196 1197 1198
f 1197 1196 1199

# obj215
v 12.9990003500 5.8764998300 6.7449999200
v 12.9990003500 5.7265000700 4.9849999800
v 12.9990003500 5.7265000700 6.7449999200
v 12.9990003500 5.8764998300 4.9849999800
usemtl Patch_215_Mat_CR3_structuredPlaster
f 1200 1201 1202
f 1201 1200 1203

# obj216
v 11.2260000500 5.8764998300 6.7449999200
v 11.2260000500 5.7265000700 4.9849999800
v 11.2260000500 5.7265000700 6.7449999200
v 11.2260000500 5.8764998300 4.9849999800
usemtl Patch_216_Mat_CR3_structuredPlaster
f 1204 1205 1206
f 1205 1204 1207

# obj217
v 9.4499999300 5.8764998300 6.7449999200
v 9.4499999300 5.7265000700 4.9849999800
v 9.4499999300 5.7265000700 6.7449999200
v 9.4499999300 5.8764998300 4.9849999800
usemtl Patch_217_Mat_CR3_structuredPlaster
f 1208 1209 1210
f 1209 1208 1211

# obj218
v 2.4929999600 5.8764998300 4.9849999800
v 4.1089999700 5.8764998300 4.1450000900
v 2.4929999600 5.8764998300 4.1450000900
v 4.1089999700 5.8764998300 4.9849999800
usemtl Patch_218_Mat_CR3_plaster
f 1212 1213 1214
f 1213 1212 1215

# obj219
v 4.1089999700 5.7265000700 4.9849999800
v 2.4929999600 5.8764998300 4.9849999800
v 2.4929999600 5.7265000700 4.9849999800
v 4.1089999700 5.8764998300 4.9849999800
usemtl Patch_219_Mat_CR3_floor
f 1216 1217 1218
f 1217 1216 1219

# obj220
v 4.2590001100 5.8764998300 4.9849999800
v 5.8920000500 5.8764998300 4.1450000900
v 4.2590001100 5.8764998300 4.1450000900
v 5.8920000500 5.8764998300 4.9849999800
usemtl Patch_220_Mat_CR3_plaster
f 1220 1221 1222
f 1221 1220 1223

# obj221
v 5.8920000500 5.7265000700 4.9849999800
v 4.2590001100 5.8764998300 4.9849999800
v 4.2590001100 5.7265000700 4.9849999800
v 5.8920000500 5.8764998300 4.9849999800
usemtl Patch_221_Mat_CR3_floor
f 1224 1225 1226
f 1225 1224 1227

# obj222
v 0.7340000100 5.8764998300 4.9849999800
v 2.3430000100 5.8764998300 4.1450000900
v 0.7340000100 5.8764998300 4.1450000900
v 2.3430000100 5.8764998300 4.9849999800
usemtl Patch_222_Mat_CR3_plaster
f 1228 1229 1230
f 1229 1228 1231

# obj223
v 2.3430000100 5.7265000700 4.9849999800
v 0.7340000100 5.8764998300 4.9849999800
v 0.7340000100 5.7265000700 4.9849999800
v 2.3430000100 5.8764998300 4.9849999800
usemtl Patch_223_Mat_CR3_floor
f 1232 1233 1234
f 1233 1232 1235

# obj224
v 7.8230000100 5.8764998300 4.9849999800
v 9.4499999300 5.8764998300 4.1450000900
v 7.8230000100 5.8764998300 4.1450000900
v 9.4499999300 5.8764998300 4.9849999800
usemtl Patch_224_Mat_CR3_plaster
f 1236 1237 1238
f 1237 1236 1239

# obj225
v 9.4499999300 5.7265000700 4.9849999800
v 7.8230000100 5.8764998300 4.9849999800
v 7.8230000100 5.7265000700 4.9849999800
v 9.4499999300 5.8764998300 4.9849999800
usemtl Patch_225_Mat_CR3_floor
f 1240 1241 1242
f 1241 1240 1243

# obj226
v 11.3760002000 5.8764998300 4.9849999800
v 12.9990003500 5.8764998300 4.1450000900
v 11.3760002000 5.8764998300 4.1450000900
v 12.9990003500 5.8764998300 4.9849999800
usemtl Patch_226_Mat_CR3_plaster
f 1244 1245 1246
f 1245 1244 1247

# obj227
v 12.9990003500 5.7265000700 4.9849999800
v 11.3760002000 5.8764998300 4.9849999800
v 11.3760002000 5.7265000700 4.9849999800
v 12.9990003500 5.8764998300 4.9849999800
usemtl Patch_227_Mat_CR3_floor
f 1248 1249 1250
f 1249 1248 1251

# obj228
v 9.6000000700 5.8764998300 4.9849999800
v 11.2260000500 5.8764998300 4.1450000900
v 9.6000000700 5.8764998300 4.1450000900
v 11.2260000500 5.8764998300 4.9849999800
usemtl Patch_228_Mat_CR3_plaster
f 1252 1253 1254
f 1253 1252 1255

# obj229
v 11.2260000500 5.7265000700 4.9849999800
v 9.6000000700 5.8764998300 4.9849999800
v 9.6000000700 5.7265000700 4.9849999800
v 11.2260000500 5.8764998300 4.9849999800
usemtl Patch_229_Mat_CR3_floor
f 1256 1257 1258
f 1257 1256 1259

# obj230
v -3.7640419500 -3.4741305800 5.4949998600
v -3.1560420500 -4.7451305200 1.0200000500
v -3.1560420500 -4.7451305200 5.4949998600
v -3.7640419500 -3.4741305800 1.0200000500
usemtl Patch_230_Mat_CR3_stagePanels
f 1260 1261 1262
f 1261 1260 1263

# obj231
v -3.7640419500 -3.4741305800 5.4949998600
v -3.7460000300 -3.4655001000 1.0200000500
v -3.7640419500 -3.4741305800 1.0200000500
v -3.7460000300 -3.4655001000 5.4949998600
usemtl Patch_231_Mat_CR3_stagePanels
f 1264 1265 1266
f 1265 1264 1267

# obj232
v -3.1560420500 -4.7451305200 5.4949998600
v -3.7460000300 -3.4655001000 5.4949998600
v -3.7640419500 -3.4741305800 5.4949998600
v -3.1379999300 -4.7365000400 5.4949998600
usemtl Patch_232_Mat_CR3_stagePanels
f 1268 1269 1270
f 1269 1268 1271

# obj233
v -3.1379999300 -4.7365000400 5.4949998600
v -3.1560420500 -4.7451305200 1.0200000500
v -3.1379999300 -4.7365000400 1.0200000500
v -3.1560420500 -4.7451305200 5.4949998600
usemtl Patch_233_Mat_CR3_stagePanels
f 1272 1273 1274
f 1273 1272 1275

# obj234
v -3.7460000300 -3.4655001000 1.0200000500
v -3.1560420500 -4.7451305200 1.0200000500
v -3.7640419500 -3.4741305800 1.0200000500
v -3.1379999300 -4.7365000400 1.0200000500
usemtl Patch_234_Mat_CR3_stagePanels
f 1276 1277 1278
f 1277 1276 1279

# obj235
v -4.6703071800 -3.2785522100 5.4949998600
v -4.1073074300 -4.5585523700 1.0200000500
v -4.1073074300 -4.5585523700 5.4949998600
v -4.6703071800 -3.2785522100 1.0200000500
usemtl Patch_235_Mat_CR3_stagePanels
f 1280 1281 1282
f 1281 1280 1283

# obj236
v -4.6703071800 -3.2785522100 5.4949998600
v -4.6520001600 -3.2704999800 1.0200000500
v -4.6703071800 -3.2785522100 1.0200000500
v -4.6520001600 -3.2704999800 5.4949998600
usemtl Patch_236_Mat_CR3_stagePanels
f 1284 1285 1286
f 1285 1284 1287

# obj237
v -4.1073074300 -4.5585523700 5.4949998600
v -4.6520001600 -3.2704999800 5.4949998600
v -4.6703071800 -3.2785522100 5.4949998600
v -4.0890000200 -4.5505001500 5.4949998600
usemtl Patch_237_Mat_CR3_stagePanels
f 1288 1289 1290
f 1289 1288 1291

# obj238
v -4.0890000200 -4.5505001500 5.4949998600
v -4.1073074300 -4.5585523700 1.0200000500
v -4.0890000200 -4.5505001500 1.0200000500
v -4.1073074300 -4.5585523700 5.4949998600
usemtl Patch_238_Mat_CR3_stagePanels
f 1292 1293 1294
f 1293 1292 1295

# obj239
v -4.6520001600 -3.2704999800 1.0200000500
v -4.1073074300 -4.5585523700 1.0200000500
v -4.6703071800 -3.2785522100 1.0200000500
v -4.0890000200 -4.5505001500 1.0200000500
usemtl Patch_239_Mat_CR3_stagePanels
f 1296 1297 1298
f 1297 1296 1299

# obj240
v -6.0680365900 -3.1249763100 5.4949998600
v -5.3350367600 -4.3169764200 1.0200000500
v -5.3350367600 -4.3169764200 5.4949998600
v -6.0680365900 -3.1249763100 1.0200000500
usemtl Patch_240_Mat_CR3_stagePanels
f 1300 1301 1302
f 1301 1300 1303

# obj241
v -5.3350367600 -4.3169764200 5.4949998600
v -6.0510000300 -3.1145000100 5.4949998600
v -6.0680365900 -3.1249763100 5.4949998600
v -5.3179998100 -4.3064999300 5.4949998600
usemtl Patch_241_Mat_CR3_stagePanels
f 1304 1305 1306
f 1305 1304 1307

# obj242
v -6.0680365900 -3.1249763100 5.4949998600
v -6.0510000300 -3.1145000100 1.0200000500
v -6.0680365900 -3.1249763100 1.0200000500
v -6.0510000300 -3.1145000100 5.4949998600
usemtl Patch_242_Mat_CR3_stagePanels
f 1308 1309 1310
f 1309 1308 1311

# obj243
v -6.0510000300 -3.1145000100 1.0200000500
v -5.3350367600 -4.3169764200 1.0200000500
v -6.0680365900 -3.1249763100 1.0200000500
v -5.3179998100 -4.3064999300 1.0200000500
usemtl Patch_243_Mat_CR3_stagePanels
f 1312 1313 1314
f 1313 1312 1315

# obj244
v -5.3179998100 -4.3064999300 5.4949998600
v -5.3350367600 -4.3169764200 1.0200000500
v -5.3179998100 -4.3064999300 1.0200000500
v -5.3350367600 -4.3169764200 5.4949998600
usemtl Patch_244_Mat_CR3_stagePanels
f 1316 1317 1318
f 1317 1316 1319

# obj245
v -7.2120776100 -2.9129098000 5.4949998600
v -6.4860773500 -4.1039099700 1.0200000500
v -6.4860773500 -4.1039099700 5.4949998600
v -7.2120776100 -2.9129098000 1.0200000500
usemtl Patch_245_Mat_CR3_stagePanels
f 1320 1321 1322
f 1321 1320 1323

# obj246
v -6.4860773500 -4.1039099700 5.4949998600
v -7.1950003600 -2.9024999700 5.4949998600
v -7.2120776100 -2.9129098000 5.4949998600
v -6.4690001000 -4.0935001400 5.4949998600
usemtl Patch_246_Mat_CR3_stagePanels
f 1324 1325 1326
f 1325 1324 1327

# obj247
v -6.4690001000 -4.0935001400 5.4949998600
v -6.4860773500 -4.1039099700 1.0200000500
v -6.4690001000 -4.0935001400 1.0200000500
v -6.4860773500 -4.1039099700 5.4949998600
usemtl Patch_247_Mat_CR3_stagePanels
f 1328 1329 1330
f 1329 1328 1331

# obj248
v -7.1950003600 -2.9024999700 1.0200000500
v -6.4860773500 -4.1039099700 1.0200000500
v -7.2120776100 -2.9129098000 1.0200000500
v -6.4690001000 -4.0935001400 1.0200000500
usemtl Patch_248_Mat_CR3_stagePanels
f 1332 1333 1334
f 1333 1332 1335

# obj249
v -7.2120776100 -2.9129098000 5.4949998600
v -7.1950003600 -2.9024999700 1.0200000500
v -7.2120776100 -2.9129098000 1.0200000500
v -7.1950003600 -2.9024999700 5.4949998600
usemtl Patch_249_Mat_CR3_stagePanels
f 1336 1337 1338
f 1337 1336 1339

# obj250
v -8.2219996900 3.4304999100 5.4949998600
v -8.2219996900 -3.5394998400 1.0200000500
v -8.2219996900 -3.5394998400 5.4949998600
v -8.2219996900 3.4304999100 1.0200000500
usemtl Patch_250_Mat_CR3_stagePanels
f 1340 1341 1342
f 1341 1340 1343

# obj251
v -8.2020001300 -3.5394998400 5.4949998600
v -8.2219996900 3.4304999100 5.4949998600
v -8.2219996900 -3.5394998400 5.4949998600
v -8.2020001300 3.4304999100 5.4949998600
usemtl Patch_251_Mat_CR3_stagePanels
f 1344 1345 1346
f 1345 1344 1347

# obj252
v -8.2219996900 3.4304999100 5.4949998600
v -8.2020001300 3.4304999100 1.0200000500
v -8.2219996900 3.4304999100 1.0200000500
v -8.2020001300 3.4304999100 5.4949998600
usemtl Patch_252_Mat_CR3_stagePanels
f 1348 1349 1350
f 1349 1348 1351

# obj253
v -8.2219996900 3.4304999100 1.0200000500
v -8.2020001300 -3.5394998400 1.0200000500
v -8.2219996900 -3.5394998400 1.0200000500
v -8.2020001300 3.4304999100 1.0200000500
usemtl Patch_253_Mat_CR3_stagePanels
f 1352 1353 1354
f 1353 1352 1355

# obj254
v -8.2020001300 -3.5394998400 5.4949998600
v -8.2219996900 -3.5394998400 1.0200000500
v -8.2020001300 -3.5394998400 1.0200000500
v -8.2219996900 -3.5394998400 5.4949998600
usemtl Patch_254_Mat_CR3_stagePanels
f 1356 1357 1358
f 1357 1356 1359

# obj255
v -3.1442078900 4.6417748100 5.4949998600
v -3.7232080100 3.3677750500 1.0200000500
v -3.7232080100 3.3677750500 5.4949998600
v -3.1442078900 4.6417748100 1.0200000500
usemtl Patch_255_Mat_CR3_stagePanels
f 1360 1361 1362
f 1361 1360 1363

# obj256
v -3.7049998200 3.3594999800 5.4949998600
v -3.1442078900 4.6417748100 5.4949998600
v -3.7232080100 3.3677750500 5.4949998600
v -3.1260000800 4.6335001200 5.4949998600
usemtl Patch_256_Mat_CR3_stagePanels
f 1364 1365 1366
f 1365 1364 1367

# obj257
v -3.7049998200 3.3594999800 5.4949998600
v -3.7232080100 3.3677750500 1.0200000500
v -3.7049998200 3.3594999800 1.0200000500
v -3.7232080100 3.3677750500 5.4949998600
usemtl Patch_257_Mat_CR3_stagePanels
f 1368 1369 1370
f 1369 1368 1371

# obj258
v -3.1442078900 4.6417748100 1.0200000500
v -3.7049998200 3.3594999800 1.0200000500
v -3.7232080100 3.3677750500 1.0200000500
v -3.1260000800 4.6335001200 1.0200000500
usemtl Patch_258_Mat_CR3_stagePanels
f 1372 1373 1374
f 1373 1372 1375

# obj259
v -3.1442078900 4.6417748100 5.4949998600
v -3.1260000800 4.6335001200 1.0200000500
v -3.1442078900 4.6417748100 1.0200000500
v -3.1260000800 4.6335001200 5.4949998600
usemtl Patch_259_Mat_CR3_stagePanels
f 1376 1377 1378
f 1377 1376 1379

# obj260
v -4.1185528700 4.4869695300 5.4949998600
v -4.6415527300 3.1879697500 1.0200000500
v -4.6415527300 3.1879697500 5.4949998600
v -4.1185528700 4.4869695300 1.0200000500
usemtl Patch_260_Mat_CR3_stagePanels
f 1380 1381 1382
f 1381 1380 1383

# obj261
v -4.6229999900 3.1805000500 5.4949998600
v -4.1185528700 4.4869695300 5.4949998600
v -4.6415527300 3.1879697500 5.4949998600
v -4.1000001300 4.4794998300 5.4949998600
usemtl Patch_261_Mat_CR3_stagePanels
f 1384 1385 1386
f 1385 1384 1387

# obj262
v -4.6229999900 3.1805000500 5.4949998600
v -4.6415527300 3.1879697500 1.0200000500
v -4.6229999900 3.1805000500 1.0200000500
v -4.6415527300 3.1879697500 5.4949998600
usemtl Patch_262_Mat_CR3_stagePanels
f 1388 1389 1390
f 1389 1388 1391

# obj263
v -4.1185528700 4.4869695300 1.0200000500
v -4.6229999900 3.1805000500 1.0200000500
v -4.6415527300 3.1879697500 1.0200000500
v -4.1000001300 4.4794998300 1.0200000500
usemtl Patch_263_Mat_CR3_stagePanels
f 1392 1393 1394
f 1393 1392 1395

# obj264
v -4.1185528700 4.4869695300 5.4949998600
v -4.1000001300 4.4794998300 1.0200000500
v -4.1185528700 4.4869695300 1.0200000500
v -4.1000001300 4.4794998300 5.4949998600
usemtl Patch_264_Mat_CR3_stagePanels
f 1396 1397 1398
f 1397 1396 1399

# obj265
v -5.4059041400 4.2380684400 5.4949998600
v -5.9960750900 2.9920611700 1.0200000500
v -5.9960750900 2.9920611700 5.4949998600
v -5.4059041400 4.2380684400 1.0200000500
usemtl Patch_265_Mat_CR3_stagePanels
f 1400 1401 1402
f 1401 1400 1403

# obj266
v -5.9779998400 2.9835000600 5.4949998600
v -5.4059041400 4.2380684400 5.4949998600
v -5.9960750900 2.9920611700 5.4949998600
v -5.3878292700 4.2295073400 5.4949998600
usemtl Patch_266_Mat_CR3_stagePanels
f 1404 1405 1406
f 1405 1404 1407

# obj267
v -5.4059041400 4.2380684400 5.4949998600
v -5.3878292700 4.2295073400 1.0200000500
v -5.4059041400 4.2380684400 1.0200000500
v -5.3878292700 4.2295073400 5.4949998600
usemtl Patch_267_Mat_CR3_stagePanels
f 1408 1409 1410
f 1409 1408 1411

# obj268
v -5.4059041400 4.2380684400 1.0200000500
v -5.9779998400 2.9835000600 1.0200000500
v -5.9960750900 2.9920611700 1.0200000500
v -5.3878292700 4.2295073400 1.0200000500
usemtl Patch_268_Mat_CR3_stagePanels
f 1412 1413 1414
f 1413 1412 1415

# obj269
v -5.9779998400 2.9835000600 5.4949998600
v -5.9960750900 2.9920611700 1.0200000500
v -5.9779998400 2.9835000600 1.0200000500
v -5.9960750900 2.9920611700 5.4949998600
usemtl Patch_269_Mat_CR3_stagePanels
f 1416 1417 1418
f 1417 1416 1419

# obj270
v -6.5718725000 4.0761205800 5.4949998600
v -7.0338722100 2.7591203500 1.0200000500
v -7.0338722100 2.7591203500 5.4949998600
v -6.5718725000 4.0761205800 1.0200000500
usemtl Patch_270_Mat_CR3_stagePanels
f 1420 1421 1422
f 1421 1420 1423

# obj271
v -7.0149997200 2.7525000100 5.4949998600
v -6.5718725000 4.0761205800 5.4949998600
v -7.0338722100 2.7591203500 5.4949998600
v -6.5530000100 4.0695000500 5.4949998600
usemtl Patch_271_Mat_CR3_stagePanels
f 1424 1425 1426
f 1425 1424 1427

# obj272
v -7.0149997200 2.7525000100 5.4949998600
v -7.0338722100 2.7591203500 1.0200000500
v -7.0149997200 2.7525000100 1.0200000500
v -7.0338722100 2.7591203500 5.4949998600
usemtl Patch_272_Mat_CR3_stagePanels
f 1428 1429 1430
f 1429 1428 1431

# obj273
v -6.5718725000 4.0761205800 1.0200000500
v -7.0149997200 2.7525000100 1.0200000500
v -7.0338722100 2.7591203500 1.0200000500
v -6.5530000100 4.0695000500 1.0200000500
usemtl Patch_273_Mat_CR3_stagePanels
f 1432 1433 1434
f 1433 1432 1435

# obj274
v -6.5718725000 4.0761205800 5.4949998600
v -6.5530000100 4.0695000500 1.0200000500
v -6.5718725000 4.0761205800 1.0200000500
v -6.5530000100 4.0695000500 5.4949998600
usemtl Patch_274_Mat_CR3_stagePanels
f 1436 1437 1438
f 1437 1436 1439

# obj275
v -5.8769362400 -3.0774999400 6.2810476200
v -6.8449364600 2.7705000800 5.5610477700
v -6.8449364600 -2.8845001000 5.5610477700
v -5.8769362400 2.9794999200 6.2810476200
usemtl Patch_275_Mat_CR3_stagePanels
f 1440 1441 1442
f 1441 1440 1443

# obj276
v -6.8449364600 2.7705000800 5.5610477700
v -5.8650001500 2.9794999200 6.2650001500
v -6.8329999800 2.7705000800 5.5449999100
v -5.8769362400 2.9794999200 6.2810476200
usemtl Patch_276_Mat_CR3_stagePanels
f 1444 1445 1446
f 1445 1444 1447

# obj277
v -5.8650001500 2.9794999200 6.2650001500
v -5.8769362400 -3.0774999400 6.2810476200
v -5.8650001500 -3.0774999400 6.2650001500
v -5.8769362400 2.9794999200 6.2810476200
usemtl Patch_277_Mat_CR3_stagePanels
f 1448 1449 1450
f 1449 1448 1451

# obj278
v -5.8650001500 -3.0774999400 6.2650001500
v -6.8449364600 -2.8845001000 5.5610477700
v -6.8329999800 -2.8845001000 5.5449999100
v -5.8769362400 -3.0774999400 6.2810476200
usemtl Patch_278_Mat_CR3_stagePanels
f 1452 1453 1454
f 1453 1452 1455

# obj279
v -6.8449364600 -2.8845001000 5.5610477700
v -6.8329999800 2.7705000800 5.5449999100
v -6.8329999800 -2.8845001000 5.5449999100
v -6.8449364600 2.7705000800 5.5610477700
usemtl Patch_279_Mat_CR3_stagePanels
f 1456 1457 1458
f 1457 1456 1459

# obj280
v -3.8380269700 -3.3245001800 6.3778467500
v -5.2160269700 3.0345000500 5.6808470500
v -5.2160269700 -3.1224999100 5.6808470500
v -3.8380269700 3.2565000600 6.3778467500
usemtl Patch_280_Mat_CR3_stagePanels
f 1460 1461 1462
f 1461 1460 1463

# obj281
v -5.2160269700 3.0345000500 5.6808470500
v -3.8290000000 3.2565000600 6.3600001600
v -5.2070000000 3.0345000500 5.6630000700
v -3.8380269700 3.2565000600 6.3778467500
usemtl Patch_281_Mat_CR3_stagePanels
f 1464 1465 1466
f 1465 1464 1467

# obj282
v -3.8290000000 3.2565000600 6.3600001600
v -3.8380269700 -3.3245001800 6.3778467500
v -3.8290000000 -3.3245001800 6.3600001600
v -3.8380269700 3.2565000600 6.3778467500
usemtl Patch_282_Mat_CR3_stagePanels
f 1468 1469 1470
f 1469 1468 1471

# obj283
v -3.8290000000 -3.3245001800 6.3600001600
v -5.2160269700 -3.1224999100 5.6808470500
v -5.2070000000 -3.1224999100 5.6630000700
v -3.8380269700 -3.3245001800 6.3778467500
usemtl Patch_283_Mat_CR3_stagePanels
f 1472 1473 1474
f 1473 1472 1475

# obj284
v -5.2160269700 -3.1224999100 5.6808470500
v -5.2070000000 3.0345000500 5.6630000700
v -5.2070000000 -3.1224999100 5.6630000700
v -5.2160269700 3.0345000500 5.6808470500
usemtl Patch_284_Mat_CR3_stagePanels
f 1476 1477 1478
f 1477 1476 1479

# obj285
v 15.8480001000 -4.9585000500 4.6400001100
v 13.1919994300 -4.9585000500 3.9850001700
v 15.8480001000 -4.9585000500 3.9850001700
v 7.7229999100 -4.9585000500 3.9850001700
v 6.0909999200 -4.9585000500 3.9850001700
v 0.6270000000 -4.9585000500 3.9850001700
v -0.7439999800 -4.9585000500 3.9850001700
v -0.6939999800 -4.9585000500 3.9850001700
v -0.7439999800 -4.9585000500 4.6400001100
usemtl Patch_285_Mat_CR3_plaster
f 1480 1481 1482
f 1481 1480 1483
f 1483 1480 1484
f 1484 1480 1485
f 1486 1485 1488
f 1488 1485 1480

# obj286
v -0.7439999800 -4.5775000500 4.6400001100
v -0.7439999800 -4.9585000500 3.9850001700
v -0.7439999800 -4.9585000500 4.6400001100
v -0.7439999800 -4.5775000500 3.9850001700
usemtl Patch_286_Mat_CR3_floor
f 1489 1490 1491
f 1490 1489 1492

# obj287
v -2.2120000600 4.4664998500 4.6400001100
v -0.7439999800 4.4664998500 3.9850001700
v -2.2120000600 4.4664998500 3.9850001700
v -0.7439999800 4.4664998500 4.6400001100
usemtl Patch_287_Mat_CR3_floor
f 1493 1494 1495
f 1494 1493 1496

# obj288
v -0.7439999800 4.9125001500 4.6400001100
v -0.7439999800 4.4664998500 3.9850001700
v -0.7439999800 4.4664998500 4.6400001100
v -0.7439999800 4.9125001500 3.9850001700
usemtl Patch_288_Mat_CR3_floor
f 1497 1498 1499
f 1498 1497 1500

# obj289
v 15.8480001000 4.9125001500 3.9850001700
v 15.8480001000 -4.9585000500 4.6400001100
v 15.8480001000 -4.9585000500 3.9850001700
v 15.8480001000 4.8625001000 4.6400001100
v 15.8480001000 4.9125001500 4.6400001100
usemtl Patch_289_Mat_CR3_plaster
f 1501 1502 1503
f 1502 1501 1504
f 1504 1501 1505

# obj290
v -0.7439999800 4.9125001500 4.6400001100
v 0.5840000100 4.9125001500 3.9850001700
v -0.7439999800 4.9125001500 3.9850001700
v 6.0419998100 4.9125001500 3.9850001700
v 7.6729998700 4.9125001500 3.9850001700
v 13.1490005000 4.9125001500 3.9850001700
v 15.8480001000 4.9125001500 3.9850001700
v 15.8480001000 4.9125001500 4.6400001100
v 15.7980000500 4.9125001500 4.6400001100
usemtl Patch_290_Mat_CR3_plaster
f 1506 1507 1508
f 1507 1506 1509
f 1509 1506 1510
f 1510 1506 1511
f 1511 1506 1512
f 1512 1506 1513

# obj291
v -2.2120000600 -4.5775000500 4.6400001100
v -0.7439999800 -4.5775000500 3.9850001700
v -2.2120000600 -4.5775000500 3.9850001700
v -0.7439999800 -4.5775000500 4.6400001100
usemtl Patch_291_Mat_CR3_floor
f 1515 1516 1517
f 1516 1515 1518

# obj292
v -0.6939999800 -4.5275000000 3.5689999800
v -0.6939999800 -4.9085000000 3.9850001700
v -0.6939999800 -4.9085000000 3.5689999800
v -0.6939999800 -4.9085000000 4.6400001100
v -0.6939999800 -4.5275000000 4.6400001100
usemtl Patch_292_Mat_CR3_structuredPlaster
f 1519 1520 1521
f 1520 1519 1522
f 1522 1519 1523

# obj293
v 14.6099996900 5.7265000700 6.7449999200
v 15.6309993900 -5.7885001600 6.7449999200
v 14.6099996900 -5.7885001600 6.7449999200
v 15.6309993900 5.7265000700 6.7449999200
v 18.5330005500 -6.2355000100 6.7449999200
v 15.6309993900 -6.2355000100 6.7449999200
v 15.6309993900 6.6094996600 6.7449999200
v 18.5330005500 6.6094996600 6.7449999200
usemtl Patch_293_Mat_CR3_structuredPlaster
f 1524 1525 1526
f 1525 1524 1527
f 1525 1528 1529
f 1528 1525 1527
f 1528 1527 1530
f 1528 1530 1531

# obj294
v 15.6309993900 5.7265000700 6.7449999200
v 14.6099996900 5.7265000700 3.9850001700
v 15.6309993900 5.7265000700 3.9850001700
v 14.6099996900 5.7265000700 6.7449999200
usemtl Patch_294_Mat_CR3_plaster
f 1532 1533 1534
f 1533 1532 1535

# obj295
v 15.6309993900 6.6094996600 3.9850001700
v 15.6309993900 5.7265000700 6.7449999200
v 15.6309993900 5.7265000700 3.9850001700
v 15.6309993900 6.6094996600 6.7449999200
usemtl Patch_295_Mat_CR3_plaster
f 1536 1537 1538
f 1537 1536 1539

# obj296
v 15.6309993900 -6.2355000100 6.7449999200
v 16.2309999800 -6.2355000100 4.1450000900
v 15.6309993900 -6.2355000100 4.1450000900
v 18.5330005500 -6.2355000100 3.9850001700
v 16.2309999800 -6.2355000100 3.9850001700
v 18.5330005500 -6.2355000100 6.7449999200
usemtl Patch_296_Mat_CR3_plaster
f 1540 1541 1542
f 1541 1543 1544
f 1543 1541 1545
f 1545 1541 1540

# obj297
v 14.6099996900 -5.7885001600 6.7449999200
v 15.6309993900 -5.7885001600 3.9850001700
v 14.6099996900 -5.7885001600 3.9850001700
v 15.6309993900 -5.7885001600 4.1450000900
v 15.6309993900 -5.7885001600 6.7449999200
usemtl Patch_297_Mat_CR3_plaster
f 1546 1547 1548
f 1547 1546 1549
f 1549 1546 1550

# obj298
v 5.2203747600 -6.6334997500 8.2975594200
v -10.2126254700 -6.4414998400 8.2975594200
v -10.2126254700 -6.6334997500 8.2975594200
v 17.2203752400 -6.4414998400 8.2975594200
v 17.2203752400 -6.6334997500 8.2975594200
usemtl Patch_298_Mat_CR3_structuredPlaster
f 1551 1552 1553
f 1552 1551 1554
f 1554 1551 1555

# obj299
v -10.2126254700 -6.4414998400 8.2975594200
v -0.9460000100 -6.4414998400 7.7291933400
v -10.2126254700 -6.4414998400 7.7291933400
v 14.6099996900 -6.4414998400 7.7291933400
v 14.6203742600 -6.4414998400 7.7291933400
v 17.2203752400 -6.4414998400 6.7975595000
v 14.6203742600 -6.4414998400 6.7975595000
v 17.2203752400 -6.4414998400 8.2975594200
v 14.6099996900 -6.4414998400 7.6391934000
v -0.9460000100 -6.4414998400 7.6391934000
usemtl Patch_299_Mat_CR3_structuredPlaster
f 1556 1557 1558
f 1557 1556 1559
f 1559 1556 1560
f 1560 1561 1562
f 1561 1560 1563
f 1563 1560 1556
f 1557 1564 1565
f 1564 1557 1559

# obj300
v 5.2203747600 -6.6334997500 12.0775597000
v 5.2203747600 -6.6334997500 8.2975594200
v -10.2126254700 -6.6334997500 8.2975594200
usemtl Patch_300_Mat_CR3_structuredPlaster
f 1566 1567 1568

# obj301
v 17.2203752400 6.9595000100 8.2975594200
v 14.6203742600 6.9595000100 6.7975595000
v 17.2203752400 6.9595000100 6.7975595000
v 14.6203742600 6.9595000100 7.7291933400
v 14.6099996900 6.9595000100 7.7291933400
v -0.9460000100 6.9595000100 7.7291933400
v -10.2126254700 6.9595000100 7.7291933400
v -10.2126254700 6.9595000100 8.2975594200
v -0.9460000100 6.9595000100 7.6391934000
v 14.6099996900 6.9595000100 7.6391934000
usemtl Patch_301_Mat_CR3_structuredPlaster
f 1569 1570 1571
f 1570 1569 1572
f 1572 1569 1573
f 1573 1569 1574
f 1574 1569 1575
f 1575 1569 1576
f 1573 1577 1578
f 1577 1573 1574

# obj302
v 17.2203752400 6.9595000100 8.2975594200
v -10.2126254700 7.1514999100 8.2975594200
v -10.2126254700 6.9595000100 8.2975594200
v 5.2203747600 7.1514999100 8.2975594200
v 17.2203752400 7.1514999100 8.2975594200
usemtl Patch_302_Mat_CR3_structuredPlaster
f 1579 1580 1581
f 1580 1579 1582
f 1582 1579 1583

# obj303
v 5.2203747600 7.1514999100 12.0775597000
v -10.2126254700 7.1514999100 8.2975594200
v 5.2203747600 7.1514999100 8.2975594200
usemtl Patch_303_Mat_CR3_structuredPlaster
f 1584 1585 1586

# obj304
v 5.2203747600 7.1514999100 12.0775597000
v 5.2203747600 7.1514999100 8.2975594200
v 17.2203752400 7.1514999100 8.2975594200
usemtl Patch_304_Mat_CR3_structuredPlaster
f 1587 1588 1589

# obj305
v 5.2203747600 7.1514999100 12.0775597000
v 17.2203752400 -6.6334997500 8.2975594200
v 5.2203747600 -6.6334997500 12.0775597000
v 17.2203752400 6.9595000100 8.2975594200
v 17.2203752400 7.1514999100 8.2975594200
v 17.2203752400 -6.4414998400 8.2975594200
usemtl Patch_305_Mat_CR3_structuredPlaster
f 1590 1591 1592
f 1591 1590 1593
f 1593 1590 1594

# obj306
v -10.2126254700 6.9595000100 7.7291933400
v -10.2126254700 -6.4414998400 8.2975594200
v -10.2126254700 -6.4414998400 7.7291933400
v -10.2126254700 6.9595000100 8.2975594200
usemtl Patch_306_Mat_CR3_structuredPlaster
f 1596 1597 1598
f 1597 1596 1599

# obj307
v 17.2203752400 6.9595000100 8.2975594200
v 17.2203752400 -6.4414998400 6.7975595000
v 17.2203752400 -6.4414998400 8.2975594200
v 17.2203752400 6.9595000100 6.7975595000
usemtl Patch_307_Mat_CR3_structuredPlaster
f 1600 1601 1602
f 1601 1600 1603

# obj308
v 17.2203752400 -6.4414998400 6.7975595000
v 14.6203742600 6.9595000100 6.7975595000
v 14.6203742600 -6.4414998400 6.7975595000
v 17.2203752400 6.9595000100 6.7975595000
usemtl Patch_308_Mat_CR3_structuredPlaster
f 1604 1605 1606
f 1605 1604 1607

# obj309
v 5.2203747600 -6.6334997500 12.0775597000
v 17.2203752400 -6.6334997500 8.2975594200
v 5.2203747600 -6.6334997500 8.2975594200
usemtl Patch_309_Mat_CR3_structuredPlaster
f 1608 1609 1610

# obj310
v -2.6120000600 -4.5275000000 5.8420000000
v -2.6120000600 -5.6385000200 1.0000000100
v -2.6120000600 -5.6385000200 5.8420000000
v -2.6120000600 -4.5275000000 1.0000000100
usemtl Patch_310_Mat_CR3_stagePanels
f 1611 1612 1613
f 1612 1611 1614

# obj311
v -2.2631605000 4.4165001900 5.8420000000
v -2.2120000600 -4.5275000000 5.8420000000
v -2.2631605000 -4.5275000000 5.8420000000
v -2.2120000600 4.4165001900 5.8420000000
usemtl Patch_311_Mat_CR3_floor
f 1615 1616 1617
f 1616 1615 1618

# obj312
v -2.2631605000 4.4158397600 7.7291933400
v -2.2631605000 -4.5275000000 5.8420000000
v -2.2631605000 -4.5275000000 7.7291933400
v -2.2631605000 4.4165001900 5.8420000000
usemtl Patch_312_Mat_CR3_stagePanels
f 1619 1620 1621
f 1620 1619 1622

# obj313
v -2.6120000600 -4.5275000000 7.7291933400
v -2.2631605000 -4.5275000000 5.8420000000
v -2.6120000600 -4.5275000000 5.8420000000
v -2.2631605000 -4.5275000000 7.7291933400
usemtl Patch_313_Mat_CR3_stagePanels
f 1623 1624 1625
f 1624 1623 1626

# obj314
v -2.6120000600 -4.5275000000 7.7291933400
v -2.6120000600 -5.6385000200 5.8420000000
v -2.6120000600 -5.6391604400 7.7291933400
v -2.6120000600 -4.5275000000 5.8420000000
usemtl Patch_314_Mat_CR3_stagePanels
f 1627 1628 1629
f 1628 1627 1630

# obj315
v -2.2631605000 4.4158397600 7.7291933400
v -2.6120000600 4.4165001900 5.8420000000
v -2.2631605000 4.4165001900 5.8420000000
v -2.6131604600 4.4158397600 7.7291933400
usemtl Patch_315_Mat_CR3_stagePanels
f 1631 1632 1633
f 1632 1631 1634

# obj316
v -2.6120000600 5.5904998500 5.8420000000
v -2.6120000600 4.4165001900 1.0000000100
v -2.6120000600 4.4165001900 5.8420000000
v -2.6120000600 5.5904998500 1.0000000100
usemtl Patch_316_Mat_CR3_stagePanels
f 1635 1636 1637
f 1636 1635 1638

# obj317
v -2.6131604600 5.5898398100 7.7291933400
v -2.6120000600 4.4165001900 5.8420000000
v -2.6131604600 4.4158397600 7.7291933400
v -2.6120000600 5.5904998500 5.8420000000
usemtl Patch_317_Mat_CR3_stagePanels
f 1639 1640 1641
f 1640 1639 1642

# obj318
v -8.7126255600 -5.6391604400 7.7291933400
v -2.6120000600 -5.6385000200 5.8420000000
v -8.7126255600 -5.6385000200 5.8420000000
v -2.6120000600 -5.6391604400 7.7291933400
usemtl Patch_318_Mat_CR3_stagePanels
f 1643 1644 1645
f 1644 1643 1646

# obj319
v -2.6131604600 5.5898398100 7.7291933400
v -8.7126255600 5.5904998500 5.8420000000
v -2.6120000600 5.5904998500 5.8420000000
v -8.7126255600 5.5898398100 7.7291933400
usemtl Patch_319_Mat_CR3_stagePanels
f 1647 1648 1649
f 1648 1647 1650

# obj320
v -2.6120000600 5.5904998500 5.8420000000
v -10.2119999300 5.5904998500 1.0000000100
v -2.6120000600 5.5904998500 1.0000000100
v -10.2119999300 5.5904998500 5.8420000000
v -8.7126255600 5.5904998500 5.8420000000
usemtl Patch_320_Mat_CR3_stagePanels
f 1651 1652 1653
f 1652 1651 1654

# obj321
v -10.2119999300 -5.6385000200 5.8420000000
v -2.6120000600 -5.6385000200 1.0000000100
v -10.2119999300 -5.6385000200 1.0000000100
v -2.6120000600 -5.6385000200 5.8420000000
v -8.7126255600 -5.6385000200 5.8420000000
usemtl Patch_321_Mat_CR3_stagePanels
f 1656 1657 1658
f 1657 1656 1659

# obj322
v -8.7126255600 -5.6385000200 5.8420000000
v -8.7126255600 5.5898398100 7.7291933400
v -8.7126255600 -5.6391604400 7.7291933400
v -8.7126255600 5.5904998500 5.8420000000
usemtl Patch_322_Mat_CR3_stagePanels
f 1661 1662 1663
f 1662 1661 1664

# obj323
v -10.2119999300 5.5904998500 5.8420000000
v -8.7126255600 -5.6385000200 5.8420000000
v -10.2119999300 -5.6385000200 5.8420000000
v -8.7126255600 5.5904998500 5.8420000000
usemtl Patch_323_Mat_CR3_stagePanels
f 1665 1666 1667
f 1666 1665 1668

# obj324
v -10.2119999300 5.5904998500 1.0000000100
v -10.2119999300 -5.6385000200 5.8420000000
v -10.2119999300 -5.6385000200 1.0000000100
v -10.2119999300 5.5904998500 5.8420000000
usemtl Patch_324_Mat_CR3_stagePanels
f 1669 1670 1671
f 1670 1669 1672

# obj325
v -10.2126254700 -6.4414998400 8.2975594200
v 5.2203747600 -6.6334997500 12.0775597000
v -10.2126254700 -6.6334997500 8.2975594200
v -10.2126254700 6.9595000100 8.2975594200
v -10.2126254700 7.1514999100 8.2975594200
v 5.2203747600 7.1514999100 12.0775597000
usemtl Patch_325_Mat_CR3_structuredPlaster
f 1673 1674 1675
f 1674 1673 1676
f 1674 1676 1677
f 1674 1677 1678

# obj326
v 0.1940000000 -5.5884999700 7.6249996900
v 0.8140000200 -5.7885001600 7.3620002400
v 0.1940000000 -5.7885001600 7.3620002400
v 0.8140000200 -5.5884999700 7.6249996900
usemtl Patch_326_Mat_CR3_structuredPlaster
f 1679 1680 1681
f 1680 1679 1682

# obj327
v 4.3160001200 -5.7885001600 6.7449999200
v 6.0909999200 -5.7885001600 6.7449999200
v 5.9410001600 -5.7885001600 6.7449999200
v 7.7229999100 -5.7885001600 6.7449999200
v 7.8730000600 -5.7885001600 6.7449999200
v 9.5060003800 -5.7885001600 6.7449999200
v 9.6559997600 -5.7885001600 6.7449999200
v 11.2770000400 -5.7885001600 6.7449999200
v 11.4270001800 -5.7885001600 6.7449999200
v 13.0419992800 -5.7885001600 6.7449999200
v 13.1919994300 -5.7885001600 6.7449999200
v -0.9460000100 -5.7885001600 7.3620002400
v 0.6270000000 -5.7885001600 6.7449999200
v -0.9460000100 -5.7885001600 6.7449999200
v 0.7770000100 -5.7885001600 6.7449999200
v 4.1659999800 -5.7885001600 6.7449999200
v 14.6099996900 -5.7885001600 7.3620002400
v 14.6099996900 -5.7885001600 6.7449999200
v -0.3860000100 -5.7885001600 7.3620002400
v 0.1940000000 -5.7885001600 7.3620002400
v 0.8140000200 -5.7885001600 7.3620002400
v 1.9439999500 -5.7885001600 7.3620002400
v 2.5740000600 -5.7885001600 7.3620002400
v 3.7039998800 -5.7885001600 7.3620002400
v 4.3340001900 -5.7885001600 7.3620002400
v 5.4639998200 -5.7885001600 7.3620002400
v 6.0940001200 -5.7885001600 7.3620002400
v 7.2240001400 -5.7885001600 7.3620002400
v 7.8539996700 -5.7885001600 7.3620002400
v 8.9839996900 -5.7885001600 7.3620002400
v 9.6139999900 -5.7885001600 7.3620002400
v 10.7440000100 -5.7885001600 7.3620002400
v 11.3740003200 -5.7885001600 7.3620002400
v 12.5040003400 -5.7885001600 7.3620002400
v 2.5529999800 -5.7885001600 6.7449999200
v 2.4030000300 -5.7885001600 6.7449999200
usemtl Patch_327_Mat_CR3_structuredPlaster
f 1694 1695 1696
f 1695 1694 1697
f 1697 1694 1698
f 1698 1694 1683
f 1693 1699 1700
f 1699 1693 1683
f 1699 1683 1694

# obj328
v 3.7039998800 -5.5884999700 7.6249996900
v 4.3340001900 -5.7885001600 7.3620002400
v 3.7039998800 -5.7885001600 7.3620002400
v 4.3340001900 -5.5884999700 7.6249996900
usemtl Patch_328_Mat_CR3_structuredPlaster
f 1719 1720 1721
f 1720 1719 1722

# obj329
v 7.2240001400 -5.5884999700 7.6249996900
v 7.8539996700 -5.7885001600 7.3620002400
v 7.2240001400 -5.7885001600 7.3620002400
v 7.8539996700 -5.5884999700 7.6249996900
usemtl Patch_329_Mat_CR3_structuredPlaster
f 1723 1724 1725
f 1724 1723 1726

# obj330
v 5.4639998200 -5.5884999700 7.6249996900
v 6.0940001200 -5.7885001600 7.3620002400
v 5.4639998200 -5.7885001600 7.3620002400
v 6.0940001200 -5.5884999700 7.6249996900
usemtl Patch_330_Mat_CR3_structuredPlaster
f 1727 1728 1729
f 1728 1727 1730

# obj331
v 10.7440000100 -5.5884999700 7.6249996900
v 11.3740003200 -5.7885001600 7.3620002400
v 10.7440000100 -5.7885001600 7.3620002400
v 11.3740003200 -5.5884999700 7.6249996900
usemtl Patch_331_Mat_CR3_structuredPlaster
f 1731 1732 1733
f 1732 1731 1734

# obj332
v 8.9839996900 -5.5884999700 7.6249996900
v 9.6139999900 -5.7885001600 7.3620002400
v 8.9839996900 -5.7885001600 7.3620002400
v 9.6139999900 -5.5884999700 7.6249996900
usemtl Patch_332_Mat_CR3_structuredPlaster
f 1735 1736 1737
f 1736 1735 1738

# obj333
v 12.5040003400 -5.5884999700 7.6249996900
v 14.6099996900 -5.7885001600 7.3620002400
v 12.5040003400 -5.7885001600 7.3620002400
v 14.4099995000 -5.5884999700 7.6249996900
usemtl Patch_333_Mat_CR3_structuredPlaster
f 1739 1740 1741
f 1740 1739 1742

# obj334
v 14.4099995000 -3.1784999800 7.6249996900
v 14.6099996900 -2.0484999600 7.3620002400
v 14.6099996900 -3.1784999800 7.3620002400
v 14.4099995000 -2.0484999600 7.6249996900
usemtl Patch_334_Mat_CR3_structuredPlaster
f 1743 1744 1745
f 1744 1743 1746

# obj335
v 14.4099995000 -0.9185000400 7.6249996900
v 14.6099996900 0.8915000400 7.3620002400
v 14.6099996900 -0.9185000400 7.3620002400
v 14.4099995000 0.8915000400 7.6249996900
usemtl Patch_335_Mat_CR3_structuredPlaster
f 1747 1748 1749
f 1748 1747 1750

# obj336
v 14.4099995000 4.2814999000 7.6249996900
v 14.6099996900 5.7265000700 7.3620002400
v 14.6099996900 4.2814999000 7.3620002400
v 14.4099995000 5.5264998800 7.6249996900
usemtl Patch_336_Mat_CR3_structuredPlaster
f 1751 1752 1753
f 1752 1751 1754

# obj337
v 14.4099995000 5.5264998800 7.6249996900
v 12.5399996900 5.7265000700 7.3620002400
v 14.6099996900 5.7265000700 7.3620002400
v 12.5399996900 5.5264998800 7.6249996900
usemtl Patch_337_Mat_CR3_structuredPlaster
f 1755 1756 1757
f 1756 1755 1758

# obj338
v 11.4099996700 5.5264998800 7.6249996900
v 10.7800001400 5.7265000700 7.3620002400
v 11.4099996700 5.7265000700 7.3620002400
v 10.7800001400 5.5264998800 7.6249996900
usemtl Patch_338_Mat_CR3_structuredPlaster
f 1759 1760 1761
f 1760 1759 1762

# obj339
v 9.6500001200 5.5264998800 7.6249996900
v 9.0199998200 5.7265000700 7.3620002400
v 9.6500001200 5.7265000700 7.3620002400
v 9.0199998200 5.5264998800 7.6249996900
usemtl Patch_339_Mat_CR3_structuredPlaster
f 1763 1764 1765
f 1764 1763 1766

# obj340
v 7.8899998000 5.5264998800 7.6249996900
v 7.2600002700 5.7265000700 7.3620002400
v 7.8899998000 5.7265000700 7.3620002400
v 7.2600002700 5.5264998800 7.6249996900
usemtl Patch_340_Mat_CR3_structuredPlaster
f 1767 1768 1769
f 1768 1767 1770

# obj341
v 6.1299998600 5.5264998800 7.6249996900
v 5.4999999500 5.7265000700 7.3620002400
v 6.1299998600 5.7265000700 7.3620002400
v 5.4999999500 5.5264998800 7.6249996900
usemtl Patch_341_Mat_CR3_structuredPlaster
f 1771 1772 1773
f 1772 1771 1774

# obj342
v 4.3699999300 5.5264998800 7.6249996900
v 3.7400000100 5.7265000700 7.3620002400
v 4.3699999300 5.7265000700 7.3620002400
v 3.7400000100 5.5264998800 7.6249996900
usemtl Patch_342_Mat_CR3_structuredPlaster
f 1775 1776 1777
f 1776 1775 1778

# obj343
v 2.6099999900 5.5264998800 7.6249996900
v 1.9800000700 5.7265000700 7.3620002400
v 2.6099999900 5.7265000700 7.3620002400
v 1.9800000700 5.5264998800 7.6249996900
usemtl Patch_343_Mat_CR3_structuredPlaster
f 1779 1780 1781
f 1780 1779 1782

# obj344
v 0.8499999600 5.5264998800 7.6249996900
v -0.9460000100 5.7265000700 7.3620002400
v 0.8499999600 5.7265000700 7.3620002400
v -0.7460000100 5.5264998800 7.6249996900
usemtl Patch_344_Mat_CR3_structuredPlaster
f 1783 1784 1785
f 1784 1783 1786

# obj345
v 14.6203742600 -6.4414998400 7.7291933400
v 14.6099996900 -5.7885001600 7.7291933400
v 14.6099996900 -6.4414998400 7.7291933400
v 14.6099996900 6.9595000100 7.7291933400
v 14.6203742600 6.9595000100 7.7291933400
usemtl Patch_345_Mat_CR3_structuredPlaster
f 1787 1788 1789
f 1788 1787 1790
f 1790 1787 1791

# obj346
v -2.2631605000 4.4158397600 7.7291933400
v -2.6131604600 5.5898398100 7.7291933400
v -2.6131604600 4.4158397600 7.7291933400
v -10.2126254700 -6.4414998400 7.7291933400
v -8.7126255600 -5.6391604400 7.7291933400
v -10.2126254700 6.9595000100 7.7291933400
v -0.9460000100 -6.4414998400 7.7291933400
v -2.6120000600 -5.6391604400 7.7291933400
v -2.6120000600 -4.5275000000 7.7291933400
v -2.2631605000 -4.5275000000 7.7291933400
v -8.7126255600 5.5898398100 7.7291933400
v -0.9460000100 6.9595000100 7.7291933400
v -0.9460000100 -5.7885001600 7.7291933400
v -0.9460000100 5.7265000700 7.7291933400
usemtl Patch_346_Mat_CR3_structuredPlaster
f 1792 1793 1794
f 1795 1796 1797
f 1796 1795 1798
f 1796 1798 1799
f 1799 1798 1800
f 1800 1798 1801
f 1801 1798 1792
f 1797 1802 1803
f 1802 1797 1796
f 1803 1802 1793
f 1803 1793 1792
f 1803 1792 1804
f 1804 1792 1798

# obj347
v -0.9460000100 5.7265000700 7.6391934000
v -0.9460000100 -5.7885001600 7.7291933400
v -0.9460000100 -5.7885001600 7.6391934000
v -0.9460000100 5.7265000700 7.7291933400
usemtl Patch_347_Mat_CR3_structuredPlaster
f 1806 1807 1808
f 1807 1806 1809

# obj348
v -0.9460000100 6.9595000100 7.6391934000
v -0.9460000100 5.7265000700 7.7291933400
v -0.9460000100 5.7265000700 7.6391934000
v -0.9460000100 6.9595000100 7.7291933400
usemtl Patch_348_Mat_CR3_structuredPlaster
f 1810 1811 1812
f 1811 1810 1813

# obj349
v 14.6099996900 6.9595000100 7.7291933400
v 14.6099996900 -5.7885001600 7.6391934000
v 14.6099996900 -5.7885001600 7.7291933400
v 14.6099996900 -4.3085001900 7.6391934000
v 14.6099996900 -3.1784999800 7.6391934000
v 14.6099996900 -2.0484999600 7.6391934000
v 14.6099996900 -0.9185000400 7.6391934000
v 14.6099996900 0.8915000400 7.6391934000
v 14.6099996900 2.0215000600 7.6391934000
v 14.6099996900 3.1515000800 7.6391934000
v 14.6099996900 4.2814999000 7.6391934000
v 14.6099996900 6.9595000100 7.6391934000
usemtl Patch_349_Mat_CR3_structuredPlaster
f 1814 1815 1816
f 1815 1814 1817
f 1817 1814 1818
f 1818 1814 1819
f 1819 1814 1820
f 1820 1814 1821
f 1821 1814 1822
f 1822 1814 1823
f 1823 1814 1824
f 1824 1814 1825

# obj350
v 14.6099996900 -5.7885001600 7.7291933400
v 14.6099996900 -6.4414998400 7.6391934000
v 14.6099996900 -6.4414998400 7.7291933400
v 14.6099996900 -5.7885001600 7.6391934000
usemtl Patch_350_Mat_CR3_floor
f 1826 1827 1828
f 1827 1826 1829

# obj351
v -0.9460000100 -5.7885001600 7.6391934000
v -0.9460000100 -6.4414998400 7.7291933400
v -0.9460000100 -6.4414998400 7.6391934000
v -0.9460000100 -5.7885001600 7.7291933400
usemtl Patch_351_Mat_CR3_structuredPlaster
f 1830 1831 1832
f 1831 1830 1833

# obj352
v -0.3860000100 -5.7885001600 7.3620002400
v -0.3860000100 -5.7873296900 7.6391934000
v -0.3860000100 -5.9873295000 7.6391934000
v -0.3860000100 -5.5884999700 7.6249996900
v -0.3860000100 -5.5884999700 7.6391934000
usemtl Patch_352_Mat_CR3_structuredPlaster
f 1834 1835 1836
f 1835 1834 1837
f 1835 1837 1838

# obj353
v 0.1940000000 -5.5884999700 7.6391934000
v 0.1940000000 -5.7885001600 7.3620002400
v 0.1940000000 -5.9873295000 7.6391934000
v 0.1940000000 -5.5884999700 7.6249996900
usemtl Patch_353_Mat_CR3_floor
f 1839 1840 1841
f 1840 1839 1842

# obj354
v 0.1940000000 -5.5884999700 7.6391934000
v -0.3860000100 -5.5884999700 7.6249996900
v 0.1940000000 -5.5884999700 7.6249996900
v -0.3860000100 -5.5884999700 7.6391934000
usemtl Patch_354_Mat_CR3_structuredPlaster
f 1843 1844 1845
f 1844 1843 1846

# obj355
v -0.3860000100 -5.9873295000 7.6391934000
v 0.1940000000 -5.7885001600 7.3620002400
v -0.3860000100 -5.7885001600 7.3620002400
v 0.1940000000 -5.9873295000 7.6391934000
usemtl Patch_355_Mat_CR3_structuredPlaster
f 1847 1848 1849
f 1848 1847 1850

# obj356
v 0.8140000200 -5.7885001600 7.3620002400
v 0.8140000200 -5.5884999700 7.6391934000
v 0.8140000200 -5.9884999700 7.6391934000
v 0.8140000200 -5.5884999700 7.6249996900
usemtl Patch_356_Mat_CR3_structuredPlaster
f 1851 1852 1853
f 1852 1851 1854

# obj357
v 0.8140000200 -5.9884999700 7.6391934000
v 1.9439999500 -5.7885001600 7.3620002400
v 0.8140000200 -5.7885001600 7.3620002400
v 1.9439999500 -5.9884999700 7.6391934000
usemtl Patch_357_Mat_CR3_structuredPlaster
f 1855 1856 1857
f 1856 1855 1858

# obj358
v 2.5740000600 -5.7885001600 7.3620002400
v 2.5740000600 -5.5884999700 7.6391934000
v 2.5740000600 -5.9884999700 7.6391934000
v 2.5740000600 -5.5884999700 7.6249996900
usemtl Patch_358_Mat_CR3_structuredPlaster
f 1859 1860 1861
f 1860 1859 1862

# obj359
v 5.4639998200 -5.5884999700 7.6391934000
v 4.3340001900 -5.5884999700 7.6249996900
v 5.4639998200 -5.5884999700 7.6249996900
v 4.3340001900 -5.5884999700 7.6391934000
usemtl Patch_359_Mat_CR3_structuredPlaster
f 1863 1864 1865
f 1864 1863 1866

# obj360
v 4.3340001900 -5.7885001600 7.3620002400
v 4.3340001900 -5.5884999700 7.6391934000
v 4.3340001900 -5.9884999700 7.6391934000
v 4.3340001900 -5.5884999700 7.6249996900
usemtl Patch_360_Mat_CR3_structuredPlaster
f 1867 1868 1869
f 1868 1867 1870

# obj361
v 5.4639998200 -5.5884999700 7.6391934000
v 5.4639998200 -5.7885001600 7.3620002400
v 5.4639998200 -5.9884999700 7.6391934000
v 5.4639998200 -5.5884999700 7.6249996900
usemtl Patch_361_Mat_CR3_structuredPlaster
f 1871 1872 1873
f 1872 1871 1874

# obj362
v 4.3340001900 -5.9884999700 7.6391934000
v 5.4639998200 -5.7885001600 7.3620002400
v 4.3340001900 -5.7885001600 7.3620002400
v 5.4639998200 -5.9884999700 7.6391934000
usemtl Patch_362_Mat_CR3_structuredPlaster
f 1875 1876 1877
f 1876 1875 1878

# obj363
v 6.0940001200 -5.7885001600 7.3620002400
v 6.0940001200 -5.5884999700 7.6391934000
v 6.0940001200 -5.9884999700 7.6391934000
v 6.0940001200 -5.5884999700 7.6249996900
usemtl Patch_363_Mat_CR3_structuredPlaster
f 1879 1880 1881
f 1880 1879 1882

# obj364
v 6.0940001200 -5.9884999700 7.6391934000
v 7.2240001400 -5.7885001600 7.3620002400
v 6.0940001200 -5.7885001600 7.3620002400
v 7.2240001400 -5.9884999700 7.6391934000
usemtl Patch_364_Mat_CR3_structuredPlaster
f 1883 1884 1885
f 1884 1883 1886

# obj365
v 8.9839996900 -5.5884999700 7.6391934000
v 7.8539996700 -5.5884999700 7.6249996900
v 8.9839996900 -5.5884999700 7.6249996900
v 7.8539996700 -5.5884999700 7.6391934000
usemtl Patch_365_Mat_CR3_structuredPlaster
f 1887 1888 1889
f 1888 1887 1890

# obj366
v 8.9839996900 -5.5884999700 7.6391934000
v 8.9839996900 -5.7885001600 7.3620002400
v 8.9839996900 -5.9884999700 7.6391934000
v 8.9839996900 -5.5884999700 7.6249996900
usemtl Patch_366_Mat_CR3_structuredPlaster
f 1891 1892 1893
f 1892 1891 1894

# obj367
v 7.8539996700 -5.9884999700 7.6391934000
v 8.9839996900 -5.7885001600 7.3620002400
v 7.8539996700 -5.7885001600 7.3620002400
v 8.9839996900 -5.9884999700 7.6391934000
usemtl Patch_367_Mat_CR3_structuredPlaster
f 1895 1896 1897
f 1896 1895 1898

# obj368
v 7.8539996700 -5.7885001600 7.3620002400
v 7.8539996700 -5.5884999700 7.6391934000
v 7.8539996700 -5.9884999700 7.6391934000
v 7.8539996700 -5.5884999700 7.6249996900
usemtl Patch_368_Mat_CR3_structuredPlaster
f 1899 1900 1901
f 1900 1899 1902

# obj369
v 10.7440000100 -5.5884999700 7.6391934000
v 9.6139999900 -5.5884999700 7.6249996900
v 10.7440000100 -5.5884999700 7.6249996900
v 9.6139999900 -5.5884999700 7.6391934000
usemtl Patch_369_Mat_CR3_floor
f 1903 1904 1905
f 1904 1903 1906

# obj370
v 10.7440000100 -5.5884999700 7.6391934000
v 10.7440000100 -5.7885001600 7.3620002400
v 10.7440000100 -5.9884999700 7.6391934000
v 10.7440000100 -5.5884999700 7.6249996900
usemtl Patch_370_Mat_CR3_structuredPlaster
f 1907 1908 1909
f 1908 1907 1910

# obj371
v 9.6139999900 -5.9884999700 7.6391934000
v 10.7440000100 -5.7885001600 7.3620002400
v 9.6139999900 -5.7885001600 7.3620002400
v 10.7440000100 -5.9884999700 7.6391934000
usemtl Patch_371_Mat_CR3_structuredPlaster
f 1911 1912 1913
f 1912 1911 1914

# obj372
v 9.6139999900 -5.7885001600 7.3620002400
v 9.6139999900 -5.5884999700 7.6391934000
v 9.6139999900 -5.9884999700 7.6391934000
v 9.6139999900 -5.5884999700 7.6249996900
usemtl Patch_372_Mat_CR3_structuredPlaster
f 1915 1916 1917
f 1916 1915 1918

# obj373
v 11.3740003200 -5.7885001600 7.3620002400
v 11.3740003200 -5.5884999700 7.6391934000
v 11.3740003200 -5.9884999700 7.6391934000
v 11.3740003200 -5.5884999700 7.6249996900
usemtl Patch_373_Mat_CR3_structuredPlaster
f 1919 1920 1921
f 1920 1919 1922

# obj374
v 12.5040003400 -5.5884999700 7.6391934000
v 11.3740003200 -5.5884999700 7.6249996900
v 12.5040003400 -5.5884999700 7.6249996900
v 11.3740003200 -5.5884999700 7.6391934000
usemtl Patch_374_Mat_CR3_structuredPlaster
f 1923 1924 1925
f 1924 1923 1926

# obj375
v 12.5040003400 -5.5884999700 7.6391934000
v 12.5040003400 -5.7885001600 7.3620002400
v 12.5040003400 -5.9884999700 7.6391934000
v 12.5040003400 -5.5884999700 7.6249996900
usemtl Patch_375_Mat_CR3_structuredPlaster
f 1927 1928 1929
f 1928 1927 1930

# obj376
v 11.3740003200 -5.9884999700 7.6391934000
v 12.5040003400 -5.7885001600 7.3620002400
v 11.3740003200 -5.7885001600 7.3620002400
v 12.5040003400 -5.9884999700 7.6391934000
usemtl Patch_376_Mat_CR3_structuredPlaster
f 1931 1932 1933
f 1932 1931 1934

# obj377
v 1.9439999500 -5.5884999700 7.6249996900
v 2.5740000600 -5.7885001600 7.3620002400
v 1.9439999500 -5.7885001600 7.3620002400
v 2.5740000600 -5.5884999700 7.6249996900
usemtl Patch_377_Mat_CR3_structuredPlaster
f 1935 1936 1937
f 1936 1935 1938

# obj378
v 1.9439999500 -5.5884999700 7.6391934000
v 1.9439999500 -5.7885001600 7.3620002400
v 1.9439999500 -5.9884999700 7.6391934000
v 1.9439999500 -5.5884999700 7.6249996900
usemtl Patch_378_Mat_CR3_structuredPlaster
f 1939 1940 1941
f 1940 1939 1942

# obj379
v 1.9439999500 -5.5884999700 7.6391934000
v 0.8140000200 -5.5884999700 7.6249996900
v 1.9439999500 -5.5884999700 7.6249996900
v 0.8140000200 -5.5884999700 7.6391934000
usemtl Patch_379_Mat_CR3_structuredPlaster
f 1943 1944 1945
f 1944 1943 1946

# obj380
v 3.7039998800 -5.5884999700 7.6391934000
v 2.5740000600 -5.5884999700 7.6249996900
v 3.7039998800 -5.5884999700 7.6249996900
v 2.5740000600 -5.5884999700 7.6391934000
usemtl Patch_380_Mat_CR3_structuredPlaster
f 1947 1948 1949
f 1948 1947 1950

# obj381
v 3.7039998800 -5.5884999700 7.6391934000
v 3.7039998800 -5.7885001600 7.3620002400
v 3.7039998800 -5.9884999700 7.6391934000
v 3.7039998800 -5.5884999700 7.6249996900
usemtl Patch_381_Mat_CR3_structuredPlaster
f 1951 1952 1953
f 1952 1951 1954

# obj382
v 2.5740000600 -5.9884999700 7.6391934000
v 3.7039998800 -5.7885001600 7.3620002400
v 2.5740000600 -5.7885001600 7.3620002400
v 3.7039998800 -5.9884999700 7.6391934000
usemtl Patch_382_Mat_CR3_structuredPlaster
f 1955 1956 1957
f 1956 1955 1958

# obj383
v 7.2240001400 -5.5884999700 7.6391934000
v 6.0940001200 -5.5884999700 7.6249996900
v 7.2240001400 -5.5884999700 7.6249996900
v 6.0940001200 -5.5884999700 7.6391934000
usemtl Patch_383_Mat_CR3_structuredPlaster
f 1959 1960 1961
f 1960 1959 1962

# obj384
v 7.2240001400 -5.5884999700 7.6391934000
v 7.2240001400 -5.7885001600 7.3620002400
v 7.2240001400 -5.9884999700 7.6391934000
v 7.2240001400 -5.5884999700 7.6249996900
usemtl Patch_384_Mat_CR3_structuredPlaster
f 1963 1964 1965
f 1964 1963 1966

# obj385
v 1.9800000700 5.7265000700 7.6391934000
v 1.9800000700 5.5264998800 7.6249996900
v 1.9800000700 5.5264998800 7.6391934000
v 1.9800000700 5.7265000700 7.3620002400
usemtl Patch_385_Mat_CR3_floor
f 1967 1968 1969
f 1968 1967 1970

# obj386
v 0.8499999600 5.7265000700 7.3620002400
v 0.8499999600 5.5264998800 7.6391934000
v 0.8499999600 5.5264998800 7.6249996900
v 0.8499999600 5.9259433300 7.6391934000
usemtl Patch_386_Mat_CR3_structuredPlaster
f 1971 1972 1973
f 1972 1971 1974

# obj387
v 0.8499999600 5.5264998800 7.6391934000
v 1.9800000700 5.5264998800 7.6249996900
v 0.8499999600 5.5264998800 7.6249996900
v 1.9800000700 5.5264998800 7.6391934000
usemtl Patch_387_Mat_CR3_structuredPlaster
f 1975 1976 1977
f 1976 1975 1978

# obj388
v 1.9800000700 5.9259433300 7.6391934000
v 1.9800000700 5.7265000700 7.3620002400
v 1.9800000700 5.7265000700 7.6391934000
usemtl Patch_388_Mat_CR3_floor
f 1979 1980 1981

# obj389
v 1.9800000700 5.9259433300 7.6391934000
v 0.8499999600 5.7265000700 7.3620002400
v 1.9800000700 5.7265000700 7.3620002400
v 0.8499999600 5.9259433300 7.6391934000
usemtl Patch_389_Mat_CR3_structuredPlaster
f 1982 1983 1984
f 1983 1982 1985

# obj390
v 2.6099999900 5.5264998800 7.6391934000
v 3.7400000100 5.5264998800 7.6249996900
v 2.6099999900 5.5264998800 7.6249996900
v 3.7400000100 5.5264998800 7.6391934000
usemtl Patch_390_Mat_CR3_structuredPlaster
f 1986 1987 1988
f 1987 1986 1989

# obj391
v 3.7400000100 5.7265000700 7.6391934000
v 3.7400000100 5.5264998800 7.6249996900
v 3.7400000100 5.5264998800 7.6391934000
v 3.7400000100 5.7265000700 7.3620002400
v 3.7400000100 5.9259433300 7.6391934000
usemtl Patch_391_Mat_CR3_structuredPlaster
f 1990 1991 1992
f 1991 1990 1993
f 1993 1990 1994

# obj392
v 2.6099999900 5.7265000700 7.3620002400
v 2.6099999900 5.5264998800 7.6391934000
v 2.6099999900 5.5264998800 7.6249996900
v 2.6099999900 5.7265000700 7.6391934000
v 2.6099999900 5.9259433300 7.6391934000
usemtl Patch_392_Mat_CR3_structuredPlaster
f 1995 1996 1997
f 1996 1995 1998
f 1998 1995 1999

# obj393
v 3.7400000100 5.9259433300 7.6391934000
v 2.6099999900 5.7265000700 7.3620002400
v 3.7400000100 5.7265000700 7.3620002400
v 2.6099999900 5.9259433300 7.6391934000
usemtl Patch_393_Mat_CR3_structuredPlaster
f 2000 2001 2002
f 2001 2000 2003

# obj394
v 5.4999999500 5.9259433300 7.6391934000
v 4.3699999300 5.7265000700 7.3620002400
v 5.4999999500 5.7265000700 7.3620002400
v 4.3699999300 5.9259433300 7.6391934000
usemtl Patch_394_Mat_CR3_structuredPlaster
f 2004 2005 2006
f 2005 2004 2007

# obj395
v 4.3699999300 5.7265000700 7.3620002400
v 4.3699999300 5.5264998800 7.6391934000
v 4.3699999300 5.5264998800 7.6249996900
v 4.3699999300 5.7265000700 7.6391934000
v 4.3699999300 5.9259433300 7.6391934000
usemtl Patch_395_Mat_CR3_structuredPlaster
f 2008 2009 2010
f 2009 2008 2011
f 2011 2008 2012

# obj396
v 5.4999999500 5.7265000700 7.6391934000
v 5.4999999500 5.5264998800 7.6249996900
v 5.4999999500 5.5264998800 7.6391934000
v 5.4999999500 5.7265000700 7.3620002400
v 5.4999999500 5.9259433300 7.6391934000
usemtl Patch_396_Mat_CR3_structuredPlaster
f 2013 2014 2015
f 2014 2013 2016
f 2016 2013 2017

# obj397
v 7.2600002700 5.9259433300 7.6391934000
v 6.1299998600 5.7265000700 7.3620002400
v 7.2600002700 5.7265000700 7.3620002400
v 6.1299998600 5.9259433300 7.6391934000
usemtl Patch_397_Mat_CR3_structuredPlaster
f 2018 2019 2020
f 2019 2018 2021

# obj398
v 6.1299998600 5.7265000700 7.3620002400
v 6.1299998600 5.5264998800 7.6391934000
v 6.1299998600 5.5264998800 7.6249996900
v 6.1299998600 5.7265000700 7.6391934000
v 6.1299998600 5.9259433300 7.6391934000
usemtl Patch_398_Mat_CR3_structuredPlaster
f 2022 2023 2024
f 2023 2022 2025
f 2025 2022 2026

# obj399
v 7.2600002700 5.7265000700 7.6391934000
v 7.2600002700 5.5264998800 7.6249996900
v 7.2600002700 5.5264998800 7.6391934000
v 7.2600002700 5.7265000700 7.3620002400
v 7.2600002700 5.9259433300 7.6391934000
usemtl Patch_399_Mat_CR3_structuredPlaster
f 2027 2028 2029
f 2028 2027 2030
f 2030 2027 2031

# obj400
v 9.0199998200 5.9259433300 7.6391934000
v 7.8899998000 5.7265000700 7.3620002400
v 9.0199998200 5.7265000700 7.3620002400
v 7.8899998000 5.9259433300 7.6391934000
usemtl Patch_400_Mat_CR3_structuredPlaster
f 2032 2033 2034
f 2033 2032 2035

# obj401
v 7.8899998000 5.7265000700 7.3620002400
v 7.8899998000 5.5264998800 7.6391934000
v 7.8899998000 5.5264998800 7.6249996900
v 7.8899998000 5.7265000700 7.6391934000
v 7.8899998000 5.9259433300 7.6391934000
usemtl Patch_401_Mat_CR3_structuredPlaster
f 2036 2037 2038
f 2037 2036 2039
f 2039 2036 2040

# obj402
v 9.0199998200 5.7265000700 7.6391934000
v 9.0199998200 5.5264998800 7.6249996900
v 9.0199998200 5.5264998800 7.6391934000
v 9.0199998200 5.7265000700 7.3620002400
v 9.0199998200 5.9259433300 7.6391934000
usemtl Patch_402_Mat_CR3_structuredPlaster
f 2041 2042 2043
f 2042 2041 2044
f 2044 2041 2045

# obj403
v 10.7800001400 5.9259433300 7.6391934000
v 9.6500001200 5.7265000700 7.3620002400
v 10.7800001400 5.7265000700 7.3620002400
v 9.6500001200 5.9259433300 7.6391934000
usemtl Patch_403_Mat_CR3_structuredPlaster
f 2046 2047 2048
f 2047 2046 2049

# obj404
v 9.6500001200 5.5264998800 7.6249996900
v 9.6500001200 5.7265000700 7.6391934000
v 9.6500001200 5.5264998800 7.6391934000
v 9.6500001200 5.7265000700 7.3620002400
v 9.6500001200 5.9259433300 7.6391934000
usemtl Patch_404_Mat_CR3_structuredPlaster
f 2050 2051 2052
f 2051 2050 2053
f 2051 2053 2054

# obj405
v 10.7800001400 5.7265000700 7.6391934000
v 10.7800001400 5.5264998800 7.6249996900
v 10.7800001400 5.5264998800 7.6391934000
v 10.7800001400 5.7265000700 7.3620002400
v 10.7800001400 5.9259433300 7.6391934000
usemtl Patch_405_Mat_CR3_structuredPlaster
f 2055 2056 2057
f 2056 2055 2058
f 2058 2055 2059

# obj406
v 12.5399996900 5.9259433300 7.6391934000
v 11.4099996700 5.7265000700 7.3620002400
v 12.5399996900 5.7265000700 7.3620002400
v 11.4099996700 5.9259433300 7.6391934000
usemtl Patch_406_Mat_CR3_structuredPlaster
f 2060 2061 2062
f 2061 2060 2063

# obj407
v 11.4099996700 5.7265000700 7.3620002400
v 11.4099996700 5.5264998800 7.6391934000
v 11.4099996700 5.5264998800 7.6249996900
v 11.4099996700 5.7265000700 7.6391934000
v 11.4099996700 5.9259433300 7.6391934000
usemtl Patch_407_Mat_CR3_structuredPlaster
f 2064 2065 2066
f 2065 2064 2067
f 2067 2064 2068

# obj408
v 12.5399996900 5.7265000700 7.6391934000
v 12.5399996900 5.5264998800 7.6249996900
v 12.5399996900 5.5264998800 7.6391934000
v 12.5399996900 5.7265000700 7.3620002400
v 12.5399996900 5.9259433300 7.6391934000
usemtl Patch_408_Mat_CR3_structuredPlaster
f 2069 2070 2071
f 2070 2069 2072
f 2072 2069 2073

# obj409
v 14.4099995000 2.0215000600 7.6249996900
v 14.6099996900 3.1515000800 7.3620002400
v 14.6099996900 2.0215000600 7.3620002400
v 14.4099995000 3.1515000800 7.6249996900
usemtl Patch_409_Mat_CR3_structuredPlaster
f 2074 2075 2076
f 2075 2074 2077

# obj410
v 14.4099995000 4.2814999000 7.6249996900
v 14.4099995000 3.1515000800 7.6391934000
v 14.4099995000 3.1515000800 7.6249996900
v 14.4099995000 4.2814999000 7.6391934000
usemtl Patch_410_Mat_CR3_structuredPlaster
f 2078 2079 2080
f 2079 2078 2081

# obj411
v -0.9460000100 -6.4414998400 7.6391934000
v -0.3860000100 -5.9873295000 7.6391934000
v -0.9460000100 -5.7885001600 7.6391934000
v 14.6099996900 -6.4414998400 7.6391934000
v -0.9460000100 5.7265000700 7.6391934000
v -0.9460000100 6.9595000100 7.6391934000
v 0.1940000000 -5.9873295000 7.6391934000
v 0.8140000200 -5.9884999700 7.6391934000
v 0.1940000000 -5.5884999700 7.6391934000
v 1.9439999500 -5.9884999700 7.6391934000
v 2.5740000600 -5.9884999700 7.6391934000
v 1.9439999500 -5.5884999700 7.6391934000
v 1.9800000700 5.5264998800 7.6391934000
v 1.9800000700 5.7265000700 7.6391934000
v 1.9800000700 5.9259433300 7.6391934000
v 3.7039998800 -5.9884999700 7.6391934000
v 4.3340001900 -5.9884999700 7.6391934000
v 3.7039998800 -5.5884999700 7.6391934000
v 3.7400000100 5.5264998800 7.6391934000
v 3.7400000100 5.7265000700 7.6391934000
v 3.7400000100 5.9259433300 7.6391934000
v 5.4639998200 -5.9884999700 7.6391934000
v 6.0940001200 -5.9884999700 7.6391934000
v 5.4639998200 -5.5884999700 7.6391934000
v 5.4999999500 5.5264998800 7.6391934000
v 5.4999999500 5.7265000700 7.6391934000
v 5.4999999500 5.9259433300 7.6391934000
v 7.2240001400 -5.9884999700 7.6391934000
v 7.8539996700 -5.9884999700 7.6391934000
v 7.2240001400 -5.5884999700 7.6391934000
v 7.2600002700 5.5264998800 7.6391934000
v 7.2600002700 5.7265000700 7.6391934000
v 7.2600002700 5.9259433300 7.6391934000
v 8.9839996900 -5.9884999700 7.6391934000
v 9.6139999900 -5.9884999700 7.6391934000
v 8.9839996900 -5.5884999700 7.6391934000
v 9.0199998200 5.5264998800 7.6391934000
v 9.0199998200 5.7265000700 7.6391934000
v 9.0199998200 5.9259433300 7.6391934000
v 10.7440000100 -5.9884999700 7.6391934000
v 11.3740003200 -5.9884999700 7.6391934000
v 10.7440000100 -5.5884999700 7.6391934000
v 10.7800001400 5.5264998800 7.6391934000
v 10.7800001400 5.7265000700 7.6391934000
v 10.7800001400 5.9259433300 7.6391934000
v 12.5040003400 -5.9884999700 7.6391934000
v 12.5040003400 -5.5884999700 7.6391934000
v 12.5399996900 5.5264998800 7.6391934000
v 12.5399996900 5.7265000700 7.6391934000
v 12.5399996900 5.9259433300 7.6391934000
v 14.4099995000 -4.3085001900 7.6391934000
v 14.6099996900 -4.3085001900 7.6391934000
v 14.6099996900 -5.7885001600 7.6391934000
v 14.6099996900 -3.1784999800 7.6391934000
v 14.4099995000 -2.0484999600 7.6391934000
v 14.4099995000 -3.1784999800 7.6391934000
v 14.6099996900 -2.0484999600 7.6391934000
v 14.6099996900 -0.9185000400 7.6391934000
v 14.4099995000 0.8915000400 7.6391934000
v 14.4099995000 -0.9185000400 7.6391934000
v 14.6099996900 0.8915000400 7.6391934000
v 14.6099996900 2.0215000600 7.6391934000
v 14.4099995000 3.1515000800 7.6391934000
v 14.4099995000 2.0215000600 7.6391934000
v 14.6099996900 3.1515000800 7.6391934000
v 0.8499999600 5.9259433300 7.6391934000
v 14.6099996900 6.9595000100 7.6391934000
v -0.3860000100 -5.5884999700 7.6391934000
v -0.3860000100 -5.7873296900 7.6391934000
v 0.8140000200 -5.5884999700 7.6391934000
v 0.8499999600 5.5264998800 7.6391934000
v 2.6099999900 5.9259433300 7.6391934000
v 2.5740000600 -5.5884999700 7.6391934000
v 2.6099999900 5.5264998800 7.6391934000
v 2.6099999900 5.7265000700 7.6391934000
v 4.3699999300 5.9259433300 7.6391934000
v 4.3340001900 -5.5884999700 7.6391934000
v 4.3699999300 5.7265000700 7.6391934000
v 4.3699999300 5.5264998800 7.6391934000
v 6.1299998600 5.9259433300 7.6391934000
v 6.0940001200 -5.5884999700 7.6391934000
v 6.1299998600 5.7265000700 7.6391934000
v 6.1299998600 5.5264998800 7.6391934000
v 7.8899998000 5.9259433300 7.6391934000
v 7.8539996700 -5.5884999700 7.6391934000
v 7.8899998000 5.7265000700 7.6391934000
v 7.8899998000 5.5264998800 7.6391934000
v 9.6500001200 5.9259433300 7.6391934000
v 9.6139999900 -5.5884999700 7.6391934000
v 9.6500001200 5.5264998800 7.6391934000
v 9.6500001200 5.7265000700 7.6391934000
v 11.4099996700 5.9259433300 7.6391934000
v 11.3740003200 -5.5884999700 7.6391934000
v 11.4099996700 5.5264998800 7.6391934000
v 11.4099996700 5.7265000700 7.6391934000
v 14.4099995000 4.2814999000 7.6391934000
v 14.6099996900 4.2814999000 7.6391934000
usemtl Patch_411_Mat_CR3_structuredPlaster
f 2082 2083 2084
f 2083 2082 2085
f 2084 2083 2086
f 2086 2083 2087
f 2083 2085 2088
f 2088 2085 2089
f 2088 2089 2090
f 2089 2085 2091
f 2091 2085 2092
f 2091 2092 2093
f 2093 2092 2094
f 2094 2092 2095
f 2095 2092 2096
f 2092 2085 2097
f 2097 2085 2098
f 2097 2098 2099
f 2099 2098 2100
f 2100 2098 2101
f 2101 2098 2102
f 2098 2085 2103
f 2103 2085 2104
f 2103 2104 2105
f 2105 2104 2106
f 2106 2104 2107
f 2107 2104 2108
f 2104 2085 2109
f 2109 2085 2110
f 2109 2110 2111
f 2111 2110 2112
f 2112 2110 2113
f 2113 2110 2114
f 2110 2085 2115
f 2115 2085 2116
f 2115 2116 2117
f 2117 2116 2118
f 2118 2116 2119
f 2119 2116 2120
f 2116 2085 2121
f 2121 2085 2122
f 2121 2122 2123
f 2123 2122 2124
f 2124 2122 2125
f 2125 2122 2126
f 2122 2085 2127
f 2127 2085 2128
f 2128 2085 2129
f 2129 2085 2130
f 2130 2085 2131
f 2131 2085 2132
f 2132 2085 2133
f 2135 2136 2137
f 2136 2135 2138
f 2139 2140 2141
f 2140 2139 2142
f 2143 2144 2145
f 2144 2143 2146
f 2087 2147 2148
f 2147 2087 2149
f 2149 2087 2083
f 2147 2149 2090
f 2147 2090 2151
f 2151 2090 2089
f 2147 2151 2152
f 2148 2147 2096
f 2148 2096 2153
f 2153 2096 2154
f 2154 2096 2092
f 2153 2154 2155
f 2148 2153 2102
f 2148 2102 2157
f 2157 2102 2158
f 2158 2102 2098
f 2157 2158 2159
f 2159 2158 2160
f 2148 2157 2108
f 2148 2108 2161
f 2161 2108 2162
f 2162 2108 2104
f 2161 2162 2163
f 2163 2162 2164
f 2148 2161 2114
f 2148 2114 2165
f 2165 2114 2166
f 2166 2114 2110
f 2165 2166 2167
f 2167 2166 2168
f 2148 2165 2120
f 2148 2120 2169
f 2169 2120 2170
f 2170 2120 2116
f 2169 2170 2171
f 2148 2169 2126
f 2148 2126 2173
f 2173 2126 2174
f 2174 2126 2122
f 2173 2174 2175
f 2148 2173 2131
f 2148 2131 2177
f 2177 2131 2141
f 2141 2131 2132
f 2148 2177 2178
f 2128 2175 2174
f 2175 2128 2129
f 2123 2171 2170
f 2171 2123 2124
f 2117 2168 2166
f 2168 2117 2118
f 2111 2164 2162
f 2164 2111 2112
f 2105 2160 2158
f 2160 2105 2106
f 2099 2155 2154
f 2155 2099 2100
f 2093 2152 2151
f 2152 2093 2094

# obj412
v 14.4099995000 2.0215000600 7.6249996900
v 14.4099995000 0.8915000400 7.6391934000
v 14.4099995000 0.8915000400 7.6249996900
v 14.4099995000 2.0215000600 7.6391934000
usemtl Patch_412_Mat_CR3_structuredPlaster
f 2179 2180 2181
f 2180 2179 2182

# obj413
v 14.6203742600 4.2814999000 7.6391934000
v 14.6099996900 4.2814999000 7.3620002400
v 14.6203742600 4.2814999000 7.3620002400
v 14.4099995000 4.2814999000 7.6249996900
v 14.4099995000 4.2814999000 7.6391934000
v 14.6099996900 4.2814999000 7.6391934000
usemtl Patch_413_Mat_CR3_structuredPlaster
f 2183 2184 2185
f 2184 2183 2186
f 2186 2183 2187

# obj414
v 14.6203742600 2.0215000600 7.6391934000
v 14.6099996900 2.0215000600 7.3620002400
v 14.6203742600 2.0215000600 7.3620002400
v 14.4099995000 2.0215000600 7.6249996900
v 14.4099995000 2.0215000600 7.6391934000
v 14.6099996900 2.0215000600 7.6391934000
usemtl Patch_414_Mat_CR3_structuredPlaster
f 2189 2190 2191
f 2190 2189 2192
f 2192 2189 2193

# obj415
v 14.4099995000 3.1515000800 7.6249996900
v 14.6203742600 3.1515000800 7.3620002400
v 14.6099996900 3.1515000800 7.3620002400
v 14.6203742600 3.1515000800 7.6391934000
v 14.4099995000 3.1515000800 7.6391934000
v 14.6099996900 3.1515000800 7.6391934000
usemtl Patch_415_Mat_CR3_structuredPlaster
f 2195 2196 2197
f 2196 2195 2198
f 2198 2195 2199

# obj416
v 14.4099995000 0.8915000400 7.6249996900
v 14.6099996900 0.8915000400 7.6391934000
v 14.6099996900 0.8915000400 7.3620002400
v 14.4099995000 0.8915000400 7.6391934000
usemtl Patch_416_Mat_CR3_structuredPlaster
f 2201 2202 2203
f 2202 2201 2204

# obj417
v 14.4099995000 -2.0484999600 7.6249996900
v 14.6203742600 -2.0484999600 7.3620002400
v 14.6099996900 -2.0484999600 7.3620002400
v 14.6203742600 -2.0484999600 7.6391934000
v 14.4099995000 -2.0484999600 7.6391934000
v 14.6099996900 -2.0484999600 7.6391934000
usemtl Patch_417_Mat_CR3_structuredPlaster
f 2205 2206 2207
f 2206 2205 2208
f 2208 2205 2209

# obj418
v 14.6203742600 -0.9185000400 7.6391934000
v 14.6099996900 -0.9185000400 7.3620002400
v 14.6203742600 -0.9185000400 7.3620002400
v 14.4099995000 -0.9185000400 7.6249996900
v 14.4099995000 -0.9185000400 7.6391934000
v 14.6099996900 -0.9185000400 7.6391934000
usemtl Patch_418_Mat_CR3_structuredPlaster
f 2211 2212 2213
f 2212 2211 2214
f 2214 2211 2215

# obj419
v 14.4099995000 -0.9185000400 7.6249996900
v 14.4099995000 -2.0484999600 7.6391934000
v 14.4099995000 -2.0484999600 7.6249996900
v 14.4099995000 -0.9185000400 7.6391934000
usemtl Patch_419_Mat_CR3_structuredPlaster
f 2217 2218 2219
f 2218 2217 2220

# obj420
v 14.4099995000 -4.3085001900 7.6249996900
v 14.6203742600 -4.3085001900 7.3620002400
v 14.6099996900 -4.3085001900 7.3620002400
v 14.6203742600 -4.3085001900 7.6391934000
v 14.4099995000 -4.3085001900 7.6391934000
v 14.6099996900 -4.3085001900 7.6391934000
usemtl Patch_420_Mat_CR3_structuredPlaster
f 2221 2222 2223
f 2222 2221 2224
f 2224 2221 2225

# obj421
v 14.6203742600 -3.1784999800 7.6391934000
v 14.6099996900 -3.1784999800 7.3620002400
v 14.6203742600 -3.1784999800 7.3620002400
v 14.4099995000 -3.1784999800 7.6249996900
v 14.4099995000 -3.1784999800 7.6391934000
v 14.6099996900 -3.1784999800 7.6391934000
usemtl Patch_421_Mat_CR3_structuredPlaster
f 2227 2228 2229
f 2228 2227 2230
f 2230 2227 2231

# obj422
v 14.4099995000 -3.1784999800 7.6249996900
v 14.4099995000 -4.3085001900 7.6391934000
v 14.4099995000 -4.3085001900 7.6249996900
v 14.4099995000 -3.1784999800 7.6391934000
usemtl Patch_422_Mat_CR3_structuredPlaster
f 2233 2234 2235
f 2234 2233 2236

# obj423
v 14.6203742600 3.1515000800 7.3620002400
v 14.6099996900 4.2814999000 7.3620002400
v 14.6099996900 3.1515000800 7.3620002400
v 14.6203742600 4.2814999000 7.3620002400
usemtl Patch_423_Mat_CR3_structuredPlaster
f 2237 2238 2239
f 2238 2237 2240

# obj424
v 14.6099996900 4.2814999000 7.6391934000
v 14.6203742600 3.1515000800 7.6391934000
v 14.6099996900 3.1515000800 7.6391934000
v 14.6203742600 4.2814999000 7.6391934000
usemtl Patch_424_Mat_CR3_floor
f 2241 2242 2243
f 2242 2241 2244

# obj425
v 14.6203742600 -6.4414998400 6.7975595000
v 14.6203742600 -4.3085001900 7.3620002400
v 14.6203742600 -6.4414998400 7.7291933400
v 14.6203742600 6.9595000100 6.7975595000
v 14.6203742600 -3.1784999800 7.3620002400
v 14.6203742600 -2.0484999600 7.3620002400
v 14.6203742600 -3.1784999800 7.6391934000
v 14.6203742600 -0.9185000400 7.3620002400
v 14.6203742600 0.8915000400 7.3620002400
v 14.6203742600 -0.9185000400 7.6391934000
v 14.6203742600 2.0215000600 7.3620002400
v 14.6203742600 3.1515000800 7.3620002400
v 14.6203742600 2.0215000600 7.6391934000
v 14.6203742600 4.2814999000 7.3620002400
v 14.6203742600 4.2814999000 7.6391934000
v 14.6203742600 -4.3085001900 7.6391934000
v 14.6203742600 6.9595000100 7.7291933400
v 14.6203742600 -2.0484999600 7.6391934000
v 14.6203742600 0.8915000400 7.6391934000
v 14.6203742600 3.1515000800 7.6391934000
usemtl Patch_425_Mat_CR3_structuredPlaster
f 2245 2246 2247
f 2246 2245 2248
f 2246 2248 2249
f 2249 2248 2250
f 2249 2250 2251
f 2250 2248 2252
f 2252 2248 2253
f 2252 2253 2254
f 2253 2248 2255
f 2255 2248 2256
f 2255 2256 2257
f 2256 2248 2258
f 2258 2248 2259
f 2247 2260 2261
f 2260 2247 2246
f 2261 2260 2251
f 2261 2251 2262
f 2261 2262 2254
f 2261 2254 2263
f 2263 2254 2253
f 2261 2263 2257
f 2261 2257 2264
f 2264 2257 2256
f 2261 2264 2259
f 2261 2259 2248
f 2262 2251 2250

# obj426
v 14.6099996900 0.8915000400 7.6391934000
v 14.6203742600 0.8915000400 7.3620002400
v 14.6099996900 0.8915000400 7.3620002400
v 14.6203742600 0.8915000400 7.6391934000
usemtl Patch_426_Mat_CR3_structuredPlaster
f 2265 2266 2267
f 2266 2265 2268

# obj427
v 14.6203742600 0.8915000400 7.3620002400
v 14.6099996900 2.0215000600 7.3620002400
v 14.6099996900 0.8915000400 7.3620002400
v 14.6203742600 2.0215000600 7.3620002400
usemtl Patch_427_Mat_CR3_structuredPlaster
f 2269 2270 2271
f 2270 2269 2272

# obj428
v 14.6099996900 2.0215000600 7.6391934000
v 14.6203742600 0.8915000400 7.6391934000
v 14.6099996900 0.8915000400 7.6391934000
v 14.6203742600 2.0215000600 7.6391934000
usemtl Patch_428_Mat_CR3_floor
f 2273 2274 2275
f 2274 2273 2276

# obj429
v 14.6203742600 -2.0484999600 7.3620002400
v 14.6099996900 -0.9185000400 7.3620002400
v 14.6099996900 -2.0484999600 7.3620002400
v 14.6203742600 -0.9185000400 7.3620002400
usemtl Patch_429_Mat_CR3_structuredPlaster
f 2277 2278 2279
f 2278 2277 2280

# obj430
v 14.6099996900 -0.9185000400 7.6391934000
v 14.6203742600 -2.0484999600 7.6391934000
v 14.6099996900 -2.0484999600 7.6391934000
v 14.6203742600 -0.9185000400 7.6391934000
usemtl Patch_430_Mat_CR3_floor
f 2281 2282 2283
f 2282 2281 2284

# obj431
v 14.6203742600 -4.3085001900 7.3620002400
v 14.6099996900 -3.1784999800 7.3620002400
v 14.6099996900 -4.3085001900 7.3620002400
v 14.6203742600 -3.1784999800 7.3620002400
usemtl Patch_431_Mat_CR3_structuredPlaster
f 2285 2286 2287
f 2286 2285 2288

# obj432
v 14.6099996900 -2.0484999600 7.6391934000
v 14.6203742600 -3.1784999800 7.6391934000
v 14.6099996900 -3.1784999800 7.6391934000
v 14.6203742600 -2.0484999600 7.6391934000
usemtl Patch_432_Mat_CR3_floor
f 2289 2290 2291
f 2290 2289 2292

# obj433
v 14.6099996900 -3.1784999800 7.6391934000
v 14.6203742600 -4.3085001900 7.6391934000
v 14.6099996900 -4.3085001900 7.6391934000
v 14.6203742600 -3.1784999800 7.6391934000
usemtl Patch_433_Mat_CR3_floor
f 2293 2294 2295
f 2294 2293 2296

# obj434
v 2.5529999800 -5.7885001600 3.9850001700
v 4.1659999800 -5.7885001600 4.9849999800
v 4.1659999800 -5.7885001600 3.9850001700
v 2.5529999800 -5.7885001600 4.9849999800
usemtl Patch_434_Mat_CR3_plaster
f 2297 2298 2299
f 2298 2297 2300

# obj435
v 0.6270000000 -5.7885001600 6.7449999200
v 0.7770000100 -5.7885001600 3.9850001700
v 0.6270000000 -5.7885001600 3.9850001700
v 0.7770000100 -5.7885001600 4.9849999800
v 0.7770000100 -5.7885001600 6.7449999200
usemtl Patch_435_Mat_CR3_structuredPlaster
f 2301 2302 2303
f 2302 2301 2304
f 2304 2301 2305

# obj436
v 0.7770000100 -5.7885001600 4.9849999800
v 2.4030000300 -5.7885001600 3.9850001700
v 0.7770000100 -5.7885001600 3.9850001700
v 2.4030000300 -5.7885001600 4.9849999800
usemtl Patch_436_Mat_CR3_plaster
f 2306 2307 2308
f 2307 2306 2309

# obj437
v 15.7880006600 4.8625001000 4.6400001100
v 15.7880006600 -4.9085000000 3.5689999800
v 15.7880006600 -4.9085000000 4.6400001100
v 15.7880006600 -4.4014999400 2.5140000400
v 15.7880006600 -3.0635000200 2.5140000400
v 15.7880006600 -3.0635000200 -0.0000000000
v 15.7880006600 3.0195000000 2.5140000400
v 15.7880006600 4.3535001600 2.5140000400
v 15.7880006600 4.3535001600 -0.0000000000
v 15.7880006600 4.8625001000 3.5689999800
v 15.7880006600 5.5904998500 -0.0000000000
v 15.7880006600 5.5904998500 3.5689999800
v 15.7880006600 3.0195000000 -0.0000000000
v 15.7880006600 -5.6385000200 -0.0000000000
v 15.7880006600 -5.6385000200 3.5689999800
v 15.7880006600 -4.4014999400 -0.0000000000
usemtl Patch_437_Mat_CR3_plaster
f 2310 2311 2312
f 2311 2310 2313
f 2313 2310 2314
f 2314 2310 2315
f 2315 2310 2316
f 2316 2310 2317
f 2317 2310 2318
f 2318 2310 2319
f 2318 2319 2320
f 2320 2319 2321
f 2322 2315 2316
f 2311 2323 2324
f 2323 2311 2325
f 2325 2311 2313

# obj438
v -1.1900000400 -4.2364999400 0.5600000200
v -1.1900000400 -4.5565001700 0.6000000000
v -1.1900000400 -4.5565001700 0.5600000200
v -1.1900000400 -4.2364999400 0.6000000000
usemtl Patch_438_Mat_CR3_floor
f 2326 2327 2328
f 2327 2326 2329

# obj439
v -1.1900000400 -4.5164999000 0.3600000000
v -1.1900000400 -4.8365001300 0.4000000000
v -1.1900000400 -4.8365001300 0.3600000000
v -1.1900000400 -4.5164999000 0.4000000000
usemtl Patch_439_Mat_CR3_floor
f 2330 2331 2332
f 2331 2330 2333

# obj440
v -1.1900000400 -4.7964998600 0.1600000000
v -1.1900000400 -5.1165001000 0.2000000000
v -1.1900000400 -5.1165001000 0.1600000000
v -1.1900000400 -4.7964998600 0.2000000000
usemtl Patch_440_Mat_CR3_floor
f 2334 2335 2336
f 2335 2334 2337

# obj441
v 1.4799999700 -4.1950001400 -0.0000000000
v 6.7699999500 -1.0559999800 -0.0000000000
v 1.4799999700 4.1950001400 -0.0000000000
v 13.3810002900 -4.1950001400 -0.0000000000
v 8.9750002400 -1.0559999800 -0.0000000000
v 8.9750002400 1.0559999800 -0.0000000000
v 15.1429997200 -3.1450000900 -0.0000000000
v 14.2640006600 3.1450000900 -0.0000000000
v 14.2640006600 -3.1450000900 -0.0000000000
v 15.1429997200 3.1450000900 -0.0000000000
v 14.2640006600 -3.6700000200 -0.0000000000
v 13.3810002900 3.6700000200 -0.0000000000
v 13.3810002900 -3.6700000200 -0.0000000000
v 14.2640006600 3.6700000200 -0.0000000000
v 6.7699999500 1.0559999800 -0.0000000000
v 13.3810002900 4.1950001400 -0.0000000000
usemtl Patch_441_Mat_CR3_seating
f 2338 2339 2340
f 2339 2338 2341
f 2339 2341 2342
f 2342 2341 2343
f 2344 2345 2346
f 2345 2344 2347
f 2348 2349 2350
f 2349 2348 2346
f 2349 2346 2351
f 2340 2352 2353
f 2352 2340 2339
f 2353 2352 2343
f 2353 2343 2349
f 2349 2343 2341

# obj442
v -0.0200000000 -3.9865000800 -0.0000000000
v -1.2000000100 -3.9865000800 0.9700000000
v -1.2000000100 -3.9865000800 -0.0000000000
v -0.0200000000 -3.9865000800 0.9700000000
usemtl Patch_442_Mat_CR3_plaster
f 2354 2355 2356
f 2355 2354 2357

# obj443
v -1.2000000100 -3.9964998600 0.9700000000
v -1.2000000100 -3.9964998600 0.7599999800
v -1.2000000100 -3.9964998600 0.8000000100
v -1.2000000100 -3.9964998600 -0.0000000000
v -1.2000000100 -3.9865000800 -0.0000000000
v -1.2000000100 -3.9865000800 0.9700000000
usemtl Patch_443_Mat_CR3_plaster
f 2361 2358 2362
f 2362 2358 2363

# obj444
v -0.0200000000 3.9865000800 -0.0000000000
v -0.0200000000 -3.9865000800 0.9700000000
v -0.0200000000 -3.9865000800 -0.0000000000
v -0.0200000000 3.9865000800 0.9700000000
usemtl Patch_444_Mat_CR3_plaster
f 2364 2365 2366
f 2365 2364 2367

# obj445
v 0.0000000000 3.9964998600 0.0000000000
v -0.0000000000 -3.9964998600 1.0000000100
v -0.0000000000 -3.9964998600 0.0000000000
v 0.0000000000 3.9964998600 1.0000000100
v 0.0000000000 3.9964998600 0.9900000400
usemtl Patch_445_Mat_CR3_plaster
f 2368 2369 2370
f 2369 2368 2371

# obj446
v -0.0000000000 -3.9964998600 0.0000000000
v -1.2000000100 -3.9964998600 0.7599999800
v -1.2000000100 -3.9964998600 -0.0000000000
v -0.0000000000 -3.9964998600 1.0000000100
v -1.2000000100 -3.9964998600 0.8000000100
v -1.2000000100 -3.9964998600 0.9700000000
v -2.2220000300 -3.9964998600 0.9700000000
v -2.2220000300 -3.9964998600 1.0000000100
usemtl Patch_446_Mat_CR3_plaster
f 2373 2374 2375
f 2374 2373 2376
f 2374 2376 2377
f 2377 2376 2378
f 2378 2376 2379
f 2379 2376 2380

# obj447
v -0.8040000000 -5.6385000200 -0.0000000000
v 0.9399999900 -5.6385000200 0.4500000000
v 0.9399999900 -5.6385000200 -0.0000000000
v -0.8040000000 -5.6385000200 0.4500000000
v 0.6169999800 -5.6385000200 0.4500000000
usemtl Patch_447_Mat_CR3_plaster
f 2381 2382 2383
f 2382 2381 2384

# obj448
v -0.7939999800 -6.2085001100 0.8000000100
v 0.6270000000 -6.2085001100 0.5100000200
v -0.7939999800 -6.2085001100 0.5100000200
v 0.6270000000 -6.2085001100 0.8000000100
usemtl Patch_448_Mat_CR3_seating
f 2386 2387 2388
f 2387 2386 2389

# obj449
v 0.6270000000 -6.2684999400 0.8000000100
v -0.7939999800 -6.2085001100 0.8000000100
v -0.7939999800 -6.2684999400 0.8000000100
v 0.6270000000 -6.2085001100 0.8000000100
usemtl Patch_449_Mat_CR3_seating
f 2390 2391 2392
f 2391 2390 2393

# obj450
v 0.6270000000 -6.2684999400 0.4500000000
v 0.6270000000 -6.2085001100 0.5100000200
v 0.6270000000 -6.2684999400 0.8000000100
v 0.6270000000 -5.9384999200 0.4500000000
v 0.6270000000 -5.9384999200 0.5100000200
v 0.6270000000 -6.2085001100 0.8000000100
usemtl Patch_450_Mat_CR3_seating
f 2394 2395 2396
f 2395 2394 2397
f 2395 2397 2398
f 2399 2396 2395

# obj451
v 2.5529999800 -6.2085001100 0.5100000200
v 2.5529999800 -5.7885001600 0.5100000200
v 2.5529999800 -5.9384999200 0.5100000200
v 4.1659999800 -6.2085001100 0.5100000200
v 2.5529999800 -5.6385000200 0.5100000200
v 4.1659999800 -5.9384999200 0.5100000200
v 4.1659999800 -5.6385000200 0.5100000200
v 4.1659999800 -5.7885001600 0.5100000200
usemtl Patch_451_Mat_CR3_seating
f 2401 2400 2403
f 2401 2403 2404
f 2404 2403 2405
f 2405 2406 2404

# obj452
v 2.5529999800 -6.2085001100 0.8000000100
v 4.1659999800 -6.2085001100 0.5100000200
v 2.5529999800 -6.2085001100 0.5100000200
v 4.1659999800 -6.2085001100 0.8000000100
usemtl Patch_452_Mat_CR3_seating
f 2408 2409 2410
f 2409 2408 2411

# obj453
v 4.1659999800 -6.2684999400 0.4500000000
v 4.1659999800 -6.2085001100 0.5100000200
v 4.1659999800 -6.2684999400 0.8000000100
v 4.1659999800 -5.9384999200 0.4500000000
v 4.1659999800 -5.9384999200 0.5100000200
v 4.1659999800 -6.2085001100 0.8000000100
usemtl Patch_453_Mat_CR3_seating
f 2412 2413 2414
f 2413 2412 2415
f 2413 2415 2416
f 2417 2414 2413

# obj454
v 2.5529999800 -6.2085001100 0.8000000100
v 2.5529999800 -6.2684999400 0.4500000000
v 2.5529999800 -6.2684999400 0.8000000100
v 2.5529999800 -6.2085001100 0.5100000200
v 2.5529999800 -5.9384999200 0.4500000000
v 2.5529999800 -5.9384999200 0.5100000200
usemtl Patch_454_Mat_CR3_seating
f 2418 2419 2420
f 2419 2418 2421
f 2419 2421 2422
f 2422 2421 2423

# obj455
v 4.1659999800 -6.2684999400 0.8000000100
v 2.5529999800 -6.2085001100 0.8000000100
v 2.5529999800 -6.2684999400 0.8000000100
v 4.1659999800 -6.2085001100 0.8000000100
usemtl Patch_455_Mat_CR3_seating
f 2424 2425 2426
f 2425 2424 2427

# obj456
v 4.1659999800 -6.2684999400 0.4500000000
v 4.3160001200 -5.9384999200 0.4500000000
v 4.1659999800 -5.9384999200 0.4500000000
v 4.3160001200 -6.2684999400 0.4500000000
usemtl Patch_456_Mat_CR3_plaster
f 2428 2429 2430
f 2429 2428 2431

# obj457
v 4.3160001200 -6.2085001100 0.5100000200
v 4.3160001200 -5.7885001600 0.5100000200
v 4.3160001200 -5.9384999200 0.5100000200
v 5.9410001600 -6.2085001100 0.5100000200
v 4.3160001200 -5.6385000200 0.5100000200
v 5.9410001600 -5.9384999200 0.5100000200
v 5.9410001600 -5.6385000200 0.5100000200
v 5.9410001600 -5.7885001600 0.5100000200
usemtl Patch_457_Mat_CR3_seating
f 2433 2432 2435
f 2433 2435 2436
f 2436 2435 2437
f 2437 2438 2436

# obj458
v 4.3160001200 -6.2085001100 0.8000000100
v 5.9410001600 -6.2085001100 0.5100000200
v 4.3160001200 -6.2085001100 0.5100000200
v 5.9410001600 -6.2085001100 0.8000000100
usemtl Patch_458_Mat_CR3_seating
f 2440 2441 2442
f 2441 2440 2443

# obj459
v 5.9410001600 -6.2684999400 0.8000000100
v 4.3160001200 -6.2085001100 0.8000000100
v 4.3160001200 -6.2684999400 0.8000000100
v 5.9410001600 -6.2085001100 0.8000000100
usemtl Patch_459_Mat_CR3_seating
f 2444 2445 2446
f 2445 2444 2447

# obj460
v 5.9410001600 -6.2684999400 0.4500000000
v 5.9410001600 -6.2085001100 0.5100000200
v 5.9410001600 -6.2684999400 0.8000000100
v 5.9410001600 -5.9384999200 0.4500000000
v 5.9410001600 -5.9384999200 0.5100000200
v 5.9410001600 -6.2085001100 0.8000000100
usemtl Patch_460_Mat_CR3_seating
f 2448 2449 2450
f 2449 2448 2451
f 2449 2451 2452
f 2453 2450 2449

# obj461
v 4.3160001200 -6.2085001100 0.8000000100
v 4.3160001200 -6.2684999400 0.4500000000
v 4.3160001200 -6.2684999400 0.8000000100
v 4.3160001200 -6.2085001100 0.5100000200
v 4.3160001200 -5.9384999200 0.4500000000
v 4.3160001200 -5.9384999200 0.5100000200
usemtl Patch_461_Mat_CR3_seating
f 2454 2455 2456
f 2455 2454 2457
f 2455 2457 2458
f 2458 2457 2459

# obj462
v 2.2700000100 -5.6385000200 -0.0000000000
v 6.2210001200 -5.6385000200 0.4500000000
v 6.2210001200 -5.6385000200 -0.0000000000
v 2.2700000100 -5.6385000200 0.4500000000
v 2.5430000100 -5.6385000200 0.4500000000
v 4.1559998100 -5.6385000200 0.4500000000
v 4.3059999600 -5.6385000200 0.4500000000
v 5.9309999900 -5.6385000200 0.4500000000
usemtl Patch_462_Mat_CR3_plaster
f 2460 2461 2462
f 2461 2460 2463

# obj463
v 9.6559997600 -6.2684999400 0.4500000000
v 9.5060003800 -5.9384999200 0.4500000000
v 9.5060003800 -6.2684999400 0.4500000000
v 9.6559997600 -5.9384999200 0.4500000000
usemtl Patch_463_Mat_CR3_plaster
f 2468 2469 2470
f 2469 2468 2471

# obj464
v 13.1490005000 5.8764998300 0.4500000000
v 12.9990003500 6.2205001500 0.4500000000
v 12.9990003500 5.8764998300 0.4500000000
v 13.1490005000 6.2205001500 0.4500000000
usemtl Patch_464_Mat_CR3_plaster
f 2472 2473 2474
f 2473 2472 2475

# obj465
v 11.3760002000 5.8764998300 0.4500000000
v 11.2260000500 6.2205001500 0.4500000000
v 11.2260000500 5.8764998300 0.4500000000
v 11.3760002000 6.2205001500 0.4500000000
usemtl Patch_465_Mat_CR3_plaster
f 2476 2477 2478
f 2477 2476 2479

# obj466
v 9.6000000700 5.8764998300 0.4500000000
v 9.4499999300 6.2205001500 0.4500000000
v 9.4499999300 5.8764998300 0.4500000000
v 9.6000000700 6.2205001500 0.4500000000
usemtl Patch_466_Mat_CR3_plaster
f 2480 2481 2482
f 2481 2480 2483

# obj467
v 4.2590001100 5.8764998300 0.4500000000
v 4.1089999700 6.2205001500 0.4500000000
v 4.1089999700 5.8764998300 0.4500000000
v 4.2590001100 6.2205001500 0.4500000000
usemtl Patch_467_Mat_CR3_plaster
f 2484 2485 2486
f 2485 2484 2487

# obj468
v 2.4929999600 5.8764998300 0.4500000000
v 2.3430000100 6.2205001500 0.4500000000
v 2.3430000100 5.8764998300 0.4500000000
v 2.4929999600 6.2205001500 0.4500000000
usemtl Patch_468_Mat_CR3_plaster
f 2488 2489 2490
f 2489 2488 2491

# obj469
v 2.4929999600 6.2205001500 0.8000000100
v 2.3430000100 6.2205001500 0.4500000000
v 2.4929999600 6.2205001500 0.4500000000
v 2.3430000100 6.2205001500 0.8000000100
usemtl Patch_469_Mat_CR3_plaster
f 2492 2493 2494
f 2493 2492 2495

# obj470
v 0.7340000100 5.8764998300 0.4500000000
v 0.5840000100 6.2205001500 0.4500000000
v 0.5840000100 5.8764998300 0.4500000000
v 0.7340000100 6.2205001500 0.4500000000
usemtl Patch_470_Mat_CR3_plaster
f 2496 2497 2498
f 2497 2496 2499

# obj471
v 0.5840000100 6.1604999400 0.8000000100
v -0.7939999800 6.1604999400 0.5100000200
v 0.5840000100 6.1604999400 0.5100000200
v -0.7939999800 6.1604999400 0.8000000100
usemtl Patch_471_Mat_CR3_seating
f 2500 2501 2502
f 2501 2500 2503

# obj472
v 0.5840000100 6.2205001500 0.4500000000
v 0.5840000100 5.8764998300 0.5100000200
v 0.5840000100 5.8764998300 0.4500000000
v 0.5840000100 6.1604999400 0.5100000200
v 0.5840000100 6.1604999400 0.8000000100
v 0.5840000100 6.2205001500 0.8000000100
usemtl Patch_472_Mat_CR3_seating
f 2504 2505 2506
f 2505 2504 2507
f 2507 2504 2508
f 2508 2504 2509

# obj473
v 0.5840000100 6.1604999400 0.8000000100
v -0.7939999800 6.2205001500 0.8000000100
v -0.7939999800 6.1604999400 0.8000000100
v 0.5840000100 6.2205001500 0.8000000100
usemtl Patch_473_Mat_CR3_seating
f 2510 2511 2512
f 2511 2510 2513

# obj474
v 2.3430000100 5.5904998500 0.5100000200
v 0.7340000100 5.7265000700 0.5100000200
v 0.7340000100 5.5904998500 0.5100000200
v 0.7340000100 5.8764998300 0.5100000200
v 2.3430000100 6.1604999400 0.5100000200
v 0.7340000100 6.1604999400 0.5100000200
v 2.3430000100 5.7265000700 0.5100000200
v 2.3430000100 5.8764998300 0.5100000200
usemtl Patch_474_Mat_CR3_seating
f 2514 2515 2516
f 2515 2514 2517
f 2517 2518 2519
f 2518 2517 2520
f 2520 2517 2514

# obj475
v 2.3430000100 6.1604999400 0.8000000100
v 0.7340000100 6.1604999400 0.5100000200
v 2.3430000100 6.1604999400 0.5100000200
v 0.7340000100 6.1604999400 0.8000000100
usemtl Patch_475_Mat_CR3_seating
f 2522 2523 2524
f 2523 2522 2525

# obj476
v 0.7340000100 6.2205001500 0.8000000100
v 0.7340000100 6.1604999400 0.5100000200
v 0.7340000100 6.1604999400 0.8000000100
v 0.7340000100 5.8764998300 0.4500000000
v 0.7340000100 5.8764998300 0.5100000200
v 0.7340000100 6.2205001500 0.4500000000
usemtl Patch_476_Mat_CR3_seating
f 2526 2527 2528
f 2527 2529 2530
f 2529 2527 2531
f 2531 2527 2526

# obj477
v 2.3430000100 6.2205001500 0.4500000000
v 2.3430000100 5.8764998300 0.5100000200
v 2.3430000100 5.8764998300 0.4500000000
v 2.3430000100 6.1604999400 0.5100000200
v 2.3430000100 6.1604999400 0.8000000100
v 2.3430000100 6.2205001500 0.8000000100
usemtl Patch_477_Mat_CR3_seating
f 2532 2533 2534
f 2533 2532 2535
f 2535 2532 2536
f 2536 2532 2537

# obj478
v 2.3430000100 6.1604999400 0.8000000100
v 0.7340000100 6.2205001500 0.8000000100
v 0.7340000100 6.1604999400 0.8000000100
v 2.3430000100 6.2205001500 0.8000000100
usemtl Patch_478_Mat_CR3_seating
f 2538 2539 2540
f 2539 2538 2541

# obj479
v 4.1089999700 5.5904998500 0.5100000200
v 2.4929999600 5.7265000700 0.5100000200
v 2.4929999600 5.5904998500 0.5100000200
v 2.4929999600 5.8764998300 0.5100000200
v 4.1089999700 6.1604999400 0.5100000200
v 2.4929999600 6.1604999400 0.5100000200
v 4.1089999700 5.7265000700 0.5100000200
v 4.1089999700 5.8764998300 0.5100000200
usemtl Patch_479_Mat_CR3_seating
f 2542 2543 2544
f 2543 2542 2545
f 2545 2546 2547
f 2546 2545 2548
f 2548 2545 2542

# obj480
v 4.1089999700 6.1604999400 0.8000000100
v 2.4929999600 6.1604999400 0.5100000200
v 4.1089999700 6.1604999400 0.5100000200
v 2.4929999600 6.1604999400 0.8000000100
usemtl Patch_480_Mat_CR3_seating
f 2550 2551 2552
f 2551 2550 2553

# obj481
v 2.4929999600 6.2205001500 0.8000000100
v 2.4929999600 6.1604999400 0.5100000200
v 2.4929999600 6.1604999400 0.8000000100
v 2.4929999600 5.8764998300 0.4500000000
v 2.4929999600 5.8764998300 0.5100000200
v 2.4929999600 6.2205001500 0.4500000000
usemtl Patch_481_Mat_CR3_seating
f 2554 2555 2556
f 2555 2557 2558
f 2557 2555 2559
f 2559 2555 2554

# obj482
v 4.1089999700 6.2205001500 0.4500000000
v 4.1089999700 5.8764998300 0.5100000200
v 4.1089999700 5.8764998300 0.4500000000
v 4.1089999700 6.1604999400 0.5100000200
v 4.1089999700 6.1604999400 0.8000000100
v 4.1089999700 6.2205001500 0.8000000100
usemtl Patch_482_Mat_CR3_seating
f 2560 2561 2562
f 2561 2560 2563
f 2563 2560 2564
f 2564 2560 2565

# obj483
v 4.1089999700 6.1604999400 0.8000000100
v 2.4929999600 6.2205001500 0.8000000100
v 2.4929999600 6.1604999400 0.8000000100
v 4.1089999700 6.2205001500 0.8000000100
usemtl Patch_483_Mat_CR3_seating
f 2566 2567 2568
f 2567 2566 2569

# obj484
v 5.8920000500 5.5904998500 0.5100000200
v 4.2590001100 5.7265000700 0.5100000200
v 4.2590001100 5.5904998500 0.5100000200
v 4.2590001100 5.8764998300 0.5100000200
v 5.8920000500 6.1604999400 0.5100000200
v 4.2590001100 6.1604999400 0.5100000200
v 5.8920000500 5.7265000700 0.5100000200
v 5.8920000500 5.8764998300 0.5100000200
usemtl Patch_484_Mat_CR3_seating
f 2570 2571 2572
f 2571 2570 2573
f 2573 2574 2575
f 2574 2573 2576
f 2576 2573 2570

# obj485
v 5.8920000500 6.1604999400 0.8000000100
v 4.2590001100 6.1604999400 0.5100000200
v 5.8920000500 6.1604999400 0.5100000200
v 4.2590001100 6.1604999400 0.8000000100
usemtl Patch_485_Mat_CR3_seating
f 2578 2579 2580
f 2579 2578 2581

# obj486
v 5.8920000500 6.2205001500 0.4500000000
v 5.8920000500 5.8764998300 0.5100000200
v 5.8920000500 5.8764998300 0.4500000000
v 5.8920000500 6.1604999400 0.5100000200
v 5.8920000500 6.1604999400 0.8000000100
v 5.8920000500 6.2205001500 0.8000000100
usemtl Patch_486_Mat_CR3_seating
f 2582 2583 2584
f 2583 2582 2585
f 2585 2582 2586
f 2586 2582 2587

# obj487
v 5.8920000500 6.1604999400 0.8000000100
v 4.2590001100 6.2205001500 0.8000000100
v 4.2590001100 6.1604999400 0.8000000100
v 5.8920000500 6.2205001500 0.8000000100
usemtl Patch_487_Mat_CR3_seating
f 2588 2589 2590
f 2589 2588 2591

# obj488
v 4.2590001100 6.2205001500 0.8000000100
v 4.2590001100 6.1604999400 0.5100000200
v 4.2590001100 6.1604999400 0.8000000100
v 4.2590001100 5.8764998300 0.4500000000
v 4.2590001100 5.8764998300 0.5100000200
v 4.2590001100 6.2205001500 0.4500000000
usemtl Patch_488_Mat_CR3_seating
f 2592 2593 2594
f 2593 2595 2596
f 2595 2593 2597
f 2597 2593 2592

# obj489
v 9.4499999300 6.1604999400 0.7963789100
v 7.8230000100 6.1604999400 0.5100000200
v 9.4499999300 6.1604999400 0.5100000200
v 7.8230000100 6.1604999400 0.7963789100
usemtl Patch_489_Mat_CR3_seating
f 2598 2599 2600
f 2599 2598 2601

# obj490
v 9.4499999300 6.1604999400 0.7963789100
v 7.8230000100 6.2205001500 0.7963789100
v 7.8230000100 6.1604999400 0.7963789100
v 9.4499999300 6.2205001500 0.7963789100
usemtl Patch_490_Mat_CR3_seating
f 2602 2603 2604
f 2603 2602 2605

# obj491
v 9.4499999300 5.5904998500 0.5100000200
v 7.8230000100 5.7265000700 0.5100000200
v 7.8230000100 5.5904998500 0.5100000200
v 7.8230000100 5.8764998300 0.5100000200
v 9.4499999300 6.1604999400 0.5100000200
v 7.8230000100 6.1604999400 0.5100000200
v 9.4499999300 5.7265000700 0.5100000200
v 9.4499999300 5.8764998300 0.5100000200
usemtl Patch_491_Mat_CR3_seating
f 2606 2607 2608
f 2607 2606 2609
f 2609 2610 2611
f 2610 2609 2612
f 2612 2609 2606

# obj492
v 9.4499999300 6.2205001500 0.4500000000
v 9.4499999300 5.8764998300 0.5100000200
v 9.4499999300 5.8764998300 0.4500000000
v 9.4499999300 6.1604999400 0.5100000200
v 9.4499999300 6.1604999400 0.7963789100
v 9.4499999300 6.2205001500 0.7963789100
usemtl Patch_492_Mat_CR3_seating
f 2614 2615 2616
f 2615 2614 2617
f 2617 2614 2618
f 2618 2614 2619

# obj493
v 7.8230000100 6.2205001500 0.7963789100
v 7.8230000100 6.1604999400 0.5100000200
v 7.8230000100 6.1604999400 0.7963789100
v 7.8230000100 5.8764998300 0.4500000000
v 7.8230000100 5.8764998300 0.5100000200
v 7.8230000100 6.2205001500 0.4500000000
usemtl Patch_493_Mat_CR3_seating
f 2620 2621 2622
f 2621 2623 2624
f 2623 2621 2625
f 2625 2621 2620

# obj494
v 11.2260000500 5.5904998500 0.5100000200
v 9.6000000700 5.7265000700 0.5100000200
v 9.6000000700 5.5904998500 0.5100000200
v 9.6000000700 5.8764998300 0.5100000200
v 11.2260000500 5.7265000700 0.5100000200
v 11.2260000500 6.1604999400 0.5100000200
v 9.6000000700 6.1604999400 0.5100000200
v 11.2260000500 5.8764998300 0.5100000200
usemtl Patch_494_Mat_CR3_seating
f 2626 2627 2628
f 2627 2626 2629
f 2629 2626 2630
f 2629 2631 2632
f 2631 2629 2630

# obj495
v 11.2260000500 6.1604999400 0.7963789100
v 9.6000000700 6.1604999400 0.5100000200
v 11.2260000500 6.1604999400 0.5100000200
v 9.6000000700 6.1604999400 0.7963789100
usemtl Patch_495_Mat_CR3_seating
f 2634 2635 2636
f 2635 2634 2637

# obj496
v 9.6000000700 6.2205001500 0.7963789100
v 9.6000000700 6.1604999400 0.5100000200
v 9.6000000700 6.1604999400 0.7963789100
v 9.6000000700 5.8764998300 0.4500000000
v 9.6000000700 5.8764998300 0.5100000200
v 9.6000000700 6.2205001500 0.4500000000
usemtl Patch_496_Mat_CR3_seating
f 2638 2639 2640
f 2639 2641 2642
f 2641 2639 2643
f 2643 2639 2638

# obj497
v 11.2260000500 6.2205001500 0.4500000000
v 11.2260000500 5.8764998300 0.5100000200
v 11.2260000500 5.8764998300 0.4500000000
v 11.2260000500 6.1604999400 0.5100000200
v 11.2260000500 6.2205001500 0.7963789100
v 11.2260000500 6.1604999400 0.7963789100
usemtl Patch_497_Mat_CR3_seating
f 2644 2645 2646
f 2645 2644 2647
f 2647 2644 2648
f 2648 2649 2647

# obj498
v 11.2260000500 6.1604999400 0.7963789100
v 9.6000000700 6.2205001500 0.7963789100
v 9.6000000700 6.1604999400 0.7963789100
v 11.2260000500 6.2205001500 0.7963789100
usemtl Patch_498_Mat_CR3_seating
f 2650 2651 2652
f 2651 2650 2653

# obj499
v 11.3760002000 5.5904998500 0.5100000200
v 11.3760002000 5.8764998300 0.5100000200
v 11.3760002000 5.7265000700 0.5100000200
v 12.9990003500 5.5904998500 0.5100000200
v 12.9990003500 6.1604999400 0.5100000200
v 11.3760002000 6.1604999400 0.5100000200
v 12.9990003500 5.7265000700 0.5100000200
v 12.9990003500 5.8764998300 0.5100000200
usemtl Patch_499_Mat_CR3_seating
f 2655 2654 2657
f 2655 2658 2659
f 2658 2655 2660
f 2660 2655 2657

# obj500
v 12.9990003500 6.1604999400 0.7963789100
v 11.3760002000 6.1604999400 0.5100000200
v 12.9990003500 6.1604999400 0.5100000200
v 11.3760002000 6.1604999400 0.7963789100
usemtl Patch_500_Mat_CR3_seating
f 2662 2663 2664
f 2663 2662 2665

# obj501
v 12.9990003500 6.1604999400 0.7963789100
v 11.3760002000 6.2205001500 0.7963789100
v 11.3760002000 6.1604999400 0.7963789100
v 12.9990003500 6.2205001500 0.7963789100
usemtl Patch_501_Mat_CR3_seating
f 2666 2667 2668
f 2667 2666 2669

# obj502
v 11.3760002000 6.2205001500 0.7963789100
v 11.3760002000 6.1604999400 0.5100000200
v 11.3760002000 6.1604999400 0.7963789100
v 11.3760002000 5.8764998300 0.4500000000
v 11.3760002000 5.8764998300 0.5100000200
v 11.3760002000 6.2205001500 0.4500000000
usemtl Patch_502_Mat_CR3_seating
f 2670 2671 2672
f 2671 2673 2674
f 2673 2671 2675
f 2675 2671 2670

# obj503
v 12.9990003500 6.2205001500 0.4500000000
v 12.9990003500 5.8764998300 0.5100000200
v 12.9990003500 5.8764998300 0.4500000000
v 12.9990003500 6.1604999400 0.5100000200
v 12.9990003500 6.1604999400 0.7963789100
v 12.9990003500 6.2205001500 0.7963789100
usemtl Patch_503_Mat_CR3_seating
f 2676 2677 2678
f 2677 2676 2679
f 2679 2676 2680
f 2680 2676 2681

# obj504
v 14.5619995200 6.1604999400 0.7963789100
v 13.1490005000 6.1604999400 0.5100000200
v 14.5619995200 6.1604999400 0.5100000200
v 13.1490005000 6.1604999400 0.7963789100
usemtl Patch_504_Mat_CR3_seating
f 2682 2683 2684
f 2683 2682 2685

# obj505
v 14.5619995200 6.1604999400 0.7963789100
v 13.1490005000 6.2205001500 0.7963789100
v 13.1490005000 6.1604999400 0.7963789100
v 14.5619995200 6.2205001500 0.7963789100
usemtl Patch_505_Mat_CR3_seating
f 2686 2687 2688
f 2687 2686 2689

# obj506
v 13.1490005000 6.2205001500 0.7963789100
v 13.1490005000 6.1604999400 0.5100000200
v 13.1490005000 6.1604999400 0.7963789100
v 13.1490005000 5.8764998300 0.4500000000
v 13.1490005000 5.8764998300 0.5100000200
v 13.1490005000 6.2205001500 0.4500000000
usemtl Patch_506_Mat_CR3_seating
f 2690 2691 2692
f 2691 2693 2694
f 2693 2691 2695
f 2695 2691 2690

# obj507
v 6.2040000000 5.5904998500 0.4500000000
v -0.8040000000 5.5904998500 -0.0000000000
v 6.2040000000 5.5904998500 -0.0000000000
v -0.8040000000 5.5904998500 0.4500000000
v 5.8819998800 5.5904998500 0.4500000000
v 4.2489999500 5.5904998500 0.4500000000
v 4.0990001900 5.5904998500 0.4500000000
v 2.4829999900 5.5904998500 0.4500000000
v 2.3330000400 5.5904998500 0.4500000000
v 0.7239999900 5.5904998500 0.4500000000
v 0.5739999900 5.5904998500 0.4500000000
usemtl Patch_507_Mat_CR3_plaster
f 2696 2697 2698
f 2697 2696 2699

# obj508
v 13.1919994300 -6.2085001100 0.8000000100
v 14.5619995200 -6.2085001100 0.5100000200
v 13.1919994300 -6.2085001100 0.5100000200
v 14.5619995200 -6.2085001100 0.8000000100
usemtl Patch_508_Mat_CR3_seating
f 2707 2708 2709
f 2708 2707 2710

# obj509
v 14.5619995200 -6.2684999400 0.8000000100
v 13.1919994300 -6.2085001100 0.8000000100
v 13.1919994300 -6.2684999400 0.8000000100
v 14.5619995200 -6.2085001100 0.8000000100
usemtl Patch_509_Mat_CR3_seating
f 2711 2712 2713
f 2712 2711 2714

# obj510
v 13.1919994300 -6.2085001100 0.8000000100
v 13.1919994300 -6.2684999400 0.4500000000
v 13.1919994300 -6.2684999400 0.8000000100
v 13.1919994300 -6.2085001100 0.5100000200
v 13.1919994300 -5.9384999200 0.4500000000
v 13.1919994300 -5.9384999200 0.5100000200
usemtl Patch_510_Mat_CR3_seating
f 2715 2716 2717
f 2716 2715 2718
f 2716 2718 2719
f 2719 2718 2720

# obj511
v 9.6559997600 -6.2085001100 0.8000000100
v 11.2770000400 -6.2085001100 0.5100000200
v 9.6559997600 -6.2085001100 0.5100000200
v 11.2770000400 -6.2085001100 0.8000000100
usemtl Patch_511_Mat_CR3_seating
f 2721 2722 2723
f 2722 2721 2724

# obj512
v 11.2770000400 -6.2684999400 0.8000000100
v 9.6559997600 -6.2085001100 0.8000000100
v 9.6559997600 -6.2684999400 0.8000000100
v 11.2770000400 -6.2085001100 0.8000000100
usemtl Patch_512_Mat_CR3_seating
f 2725 2726 2727
f 2726 2725 2728

# obj513
v 9.6559997600 -6.2085001100 0.5100000200
v 9.6559997600 -5.7885001600 0.5100000200
v 9.6559997600 -5.9384999200 0.5100000200
v 11.2770000400 -6.2085001100 0.5100000200
v 11.2770000400 -5.9384999200 0.5100000200
v 11.2770000400 -5.6385000200 0.5100000200
v 9.6559997600 -5.6385000200 0.5100000200
v 11.2770000400 -5.7885001600 0.5100000200
usemtl Patch_513_Mat_CR3_seating
f 2730 2729 2732
f 2730 2732 2733
f 2730 2734 2735
f 2734 2730 2733

# obj514
v 9.6559997600 -6.2085001100 0.8000000100
v 9.6559997600 -6.2684999400 0.4500000000
v 9.6559997600 -6.2684999400 0.8000000100
v 9.6559997600 -6.2085001100 0.5100000200
v 9.6559997600 -5.9384999200 0.4500000000
v 9.6559997600 -5.9384999200 0.5100000200
usemtl Patch_514_Mat_CR3_seating
f 2737 2738 2739
f 2738 2737 2740
f 2738 2740 2741
f 2741 2740 2742

# obj515
v 11.2770000400 -6.2684999400 0.4500000000
v 11.2770000400 -6.2085001100 0.5100000200
v 11.2770000400 -6.2684999400 0.8000000100
v 11.2770000400 -5.9384999200 0.4500000000
v 11.2770000400 -5.9384999200 0.5100000200
v 11.2770000400 -6.2085001100 0.8000000100
usemtl Patch_515_Mat_CR3_seating
f 2743 2744 2745
f 2744 2743 2746
f 2744 2746 2747
f 2748 2745 2744

# obj516
v 7.8730000600 -6.2085001100 0.8000000100
v 9.5060003800 -6.2085001100 0.5100000200
v 7.8730000600 -6.2085001100 0.5100000200
v 9.5060003800 -6.2085001100 0.8000000100
usemtl Patch_516_Mat_CR3_seating
f 2749 2750 2751
f 2750 2749 2752

# obj517
v 9.5060003800 -6.2684999400 0.8000000100
v 7.8730000600 -6.2085001100 0.8000000100
v 7.8730000600 -6.2684999400 0.8000000100
v 9.5060003800 -6.2085001100 0.8000000100
usemtl Patch_517_Mat_CR3_seating
f 2753 2754 2755
f 2754 2753 2756

# obj518
v 7.8730000600 -6.2085001100 0.5100000200
v 7.8730000600 -5.7885001600 0.5100000200
v 7.8730000600 -5.9384999200 0.5100000200
v 9.5060003800 -6.2085001100 0.5100000200
v 7.8730000600 -5.6385000200 0.5100000200
v 9.5060003800 -5.9384999200 0.5100000200
v 9.5060003800 -5.6385000200 0.5100000200
v 9.5060003800 -5.7885001600 0.5100000200
usemtl Patch_518_Mat_CR3_seating
f 2758 2757 2760
f 2758 2760 2761
f 2761 2760 2762
f 2762 2763 2761

# obj519
v 7.8730000600 -6.2085001100 0.8000000100
v 7.8730000600 -6.2684999400 0.4500000000
v 7.8730000600 -6.2684999400 0.8000000100
v 7.8730000600 -6.2085001100 0.5100000200
v 7.8730000600 -5.9384999200 0.4500000000
v 7.8730000600 -5.9384999200 0.5100000200
usemtl Patch_519_Mat_CR3_seating
f 2765 2766 2767
f 2766 2765 2768
f 2766 2768 2769
f 2769 2768 2770

# obj520
v 9.5060003800 -6.2684999400 0.4500000000
v 9.5060003800 -6.2085001100 0.5100000200
v 9.5060003800 -6.2684999400 0.8000000100
v 9.5060003800 -5.9384999200 0.4500000000
v 9.5060003800 -5.9384999200 0.5100000200
v 9.5060003800 -6.2085001100 0.8000000100
usemtl Patch_520_Mat_CR3_seating
f 2771 2772 2773
f 2772 2771 2774
f 2772 2774 2775
f 2776 2773 2772

# obj521
v 7.5510003400 -5.6385000200 -0.0000000000
v 11.5130003600 -5.6385000200 0.4500000000
v 11.5130003600 -5.6385000200 -0.0000000000
v 7.5510003400 -5.6385000200 0.4500000000
v 7.8629999000 -5.6385000200 0.4500000000
v 9.4960002200 -5.6385000200 0.4500000000
v 9.6460003700 -5.6385000200 0.4500000000
v 11.2669998700 -5.6385000200 0.4500000000
usemtl Patch_521_Mat_CR3_plaster
f 2777 2778 2779
f 2778 2777 2780

# obj522
v 12.8429998000 -5.6385000200 0.4500000000
v 14.5520001300 -5.6385000200 0.4500000000
v 12.8429998000 -5.6385000200 -0.0000000000
v 13.1820000400 -5.6385000200 0.4500000000
v 15.7880006600 -5.6385000200 -0.0000000000
v 15.7880006600 -5.6385000200 3.5689999800
v 14.5520001300 -5.6385000200 0.5100000200
v 14.5520001300 -5.6385000200 3.5689999800
usemtl Patch_522_Mat_CR3_plaster
f 2785 2786 2787
f 2789 2786 2790
f 2786 2789 2787
f 2790 2786 2791
f 2790 2791 2792

# obj523
v 11.1330003000 -7.8504998800 -0.0000000000
v 13.1829999800 -7.8504998800 1.4600000300
v 13.1829999800 -7.8504998800 -0.0000000000
v 11.1330003000 -7.8504998800 1.4600000300
v 11.1330003000 -7.8504998800 3.4499998800
v 13.1829999800 -7.8504998800 3.4499998800
usemtl Patch_523_Mat_CR3_windows
f 2793 2794 2795
f 2794 2793 2796
f 2794 2796 2797
f 2794 2797 2798

# obj524
v 5.8410000600 -7.8504998800 -0.0000000000
v 7.8909997400 -7.8504998800 1.4600000300
v 7.8909997400 -7.8504998800 -0.0000000000
v 5.8410000600 -7.8504998800 1.4600000300
v 5.8410000600 -7.8504998800 3.4499998800
v 7.8909997400 -7.8504998800 3.4499998800
usemtl Patch_524_Mat_CR3_windows
f 2799 2800 2801
f 2800 2799 2802
f 2800 2802 2803
f 2800 2803 2804

# obj525
v 11.4099996700 5.5264998800 7.6391934000
v 12.5399996900 5.5264998800 7.6249996900
v 11.4099996700 5.5264998800 7.6249996900
v 12.5399996900 5.5264998800 7.6391934000
usemtl Patch_525_Mat_CR3_structuredPlaster
f 2805 2806 2807
f 2806 2805 2808

# obj526
v 9.6500001200 5.5264998800 7.6391934000
v 10.7800001400 5.5264998800 7.6249996900
v 9.6500001200 5.5264998800 7.6249996900
v 10.7800001400 5.5264998800 7.6391934000
usemtl Patch_526_Mat_CR3_structuredPlaster
f 2809 2810 2811
f 2810 2809 2812

# obj527
v 7.8899998000 5.5264998800 7.6391934000
v 9.0199998200 5.5264998800 7.6249996900
v 7.8899998000 5.5264998800 7.6249996900
v 9.0199998200 5.5264998800 7.6391934000
usemtl Patch_527_Mat_CR3_structuredPlaster
f 2813 2814 2815
f 2814 2813 2816

# obj528
v 6.1299998600 5.5264998800 7.6391934000
v 7.2600002700 5.5264998800 7.6249996900
v 6.1299998600 5.5264998800 7.6249996900
v 7.2600002700 5.5264998800 7.6391934000
usemtl Patch_528_Mat_CR3_structuredPlaster
f 2817 2818 2819
f 2818 2817 2820

# obj529
v 4.3699999300 5.5264998800 7.6391934000
v 5.4999999500 5.5264998800 7.6249996900
v 4.3699999300 5.5264998800 7.6249996900
v 5.4999999500 5.5264998800 7.6391934000
usemtl Patch_529_Mat_CR3_structuredPlaster
f 2821 2822 2823
f 2822 2821 2824

# obj530
v 16.7479994300 4.9125001500 4.1450000900
v 17.4430004100 4.9125001500 3.9850001700
v 16.7479994300 4.9125001500 3.9850001700
v 17.4430004100 4.9125001500 4.1450000900
usemtl Patch_530_Mat_CR3_seating
f 2825 2826 2827
f 2826 2825 2828

# obj531
v 16.7479994300 4.9125001500 4.1450000900
v 16.7479994300 -4.9585000500 3.9850001700
v 16.7479994300 -4.9585000500 4.1450000900
v 16.7479994300 4.9125001500 3.9850001700
usemtl Patch_531_Mat_CR3_seating
f 2829 2830 2831
f 2830 2829 2832

# obj532
v 17.4430004100 -4.9585000500 4.1450000900
v 16.7479994300 -4.9585000500 3.9850001700
v 17.4430004100 -4.9585000500 3.9850001700
v 16.7479994300 -4.9585000500 4.1450000900
usemtl Patch_532_Mat_CR3_seating
f 2833 2834 2835
f 2834 2833 2836

# obj533
v 17.6480003100 4.9125001500 4.3050000200
v 18.5330005500 4.9125001500 4.1450000900
v 17.6480003100 4.9125001500 4.1450000900
v 18.5330005500 4.9125001500 4.3050000200
usemtl Patch_533_Mat_CR3_seating
f 2837 2838 2839
f 2838 2837 2840

# obj534
v 18.5330005500 -4.9585000500 4.3050000200
v 17.6480003100 -4.9585000500 4.1450000900
v 18.5330005500 -4.9585000500 4.1450000900
v 17.6480003100 -4.9585000500 4.3050000200
usemtl Patch_534_Mat_CR3_seating
f 2841 2842 2843
f 2842 2841 2844

# obj535
v 18.5330005500 -4.9585000500 4.3050000200
v 17.6480003100 4.9125001500 4.3050000200
v 17.6480003100 -4.9585000500 4.3050000200
v 18.5330005500 4.9125001500 4.3050000200
usemtl Patch_535_Mat_CR3_seating
f 2845 2846 2847
f 2846 2845 2848

# obj536
v 17.4430004100 -4.9585000500 4.1450000900
v 17.4430004100 -5.2584999600 3.9850001700
v 17.4430004100 -5.2584999600 4.1450000900
v 17.4430004100 -4.9585000500 3.9850001700
usemtl Patch_536_Mat_CR3_seating
f 2849 2850 2851
f 2850 2849 2852

# obj537
v 18.5330005500 -5.2584999600 4.1450000900
v 17.4430004100 -5.2584999600 3.9850001700
v 18.5330005500 -5.2584999600 3.9850001700
v 17.4430004100 -5.2584999600 4.1450000900
usemtl Patch_537_Mat_CR3_seating
f 2853 2854 2855
f 2854 2853 2856

# obj538
v 17.4430004100 5.2125000500 4.1450000900
v 18.5330005500 5.2125000500 3.9850001700
v 17.4430004100 5.2125000500 3.9850001700
v 18.5330005500 5.2125000500 4.1450000900
usemtl Patch_538_Mat_CR3_seating
f 2857 2858 2859
f 2858 2857 2860

# obj539
v 17.4430004100 5.2125000500 4.1450000900
v 17.4430004100 4.9125001500 3.9850001700
v 17.4430004100 4.9125001500 4.1450000900
v 17.4430004100 5.2125000500 3.9850001700
usemtl Patch_539_Mat_CR3_seating
f 2861 2862 2863
f 2862 2861 2864

# obj540
v 17.6480003100 4.9125001500 4.3050000200
v 17.6480003100 -4.9585000500 4.1450000900
v 17.6480003100 -4.9585000500 4.3050000200
v 17.6480003100 4.9125001500 4.1450000900
usemtl Patch_540_Mat_CR3_seating
f 2865 2866 2867
f 2866 2865 2868

# obj541
v 17.4430004100 -4.9585000500 4.1450000900
v 16.7479994300 4.9125001500 4.1450000900
v 16.7479994300 -4.9585000500 4.1450000900
v 17.4430004100 4.9125001500 4.1450000900
v 18.5330005500 -5.2584999600 4.1450000900
v 17.4430004100 -5.2584999600 4.1450000900
v 17.6480003100 -4.9585000500 4.1450000900
v 17.4430004100 5.2125000500 4.1450000900
v 18.5330005500 -4.9585000500 4.1450000900
v 17.6480003100 4.9125001500 4.1450000900
v 18.5330005500 5.2125000500 4.1450000900
v 18.5330005500 4.9125001500 4.1450000900
usemtl Patch_541_Mat_CR3_seating
f 2869 2870 2871
f 2870 2869 2872
f 2873 2869 2874
f 2869 2873 2875
f 2869 2875 2872
f 2872 2875 2876
f 2875 2873 2877
f 2876 2878 2879
f 2878 2876 2875
f 2879 2878 2880

# obj542
v 0.6270000000 -5.9384999200 3.9850001700
v -0.9460000100 -5.7885001600 3.9850001700
v -0.9460000100 -5.9384999200 3.9850001700
v -0.7439999800 -4.9585000500 3.9850001700
v -0.6939999800 -4.9585000500 3.9850001700
v 0.6270000000 -4.9585000500 3.9850001700
v 0.6270000000 -5.7885001600 3.9850001700
v -2.2120000600 -4.5775000500 3.9850001700
v -2.2120000600 -5.7885001600 3.9850001700
v -0.7439999800 -4.5775000500 3.9850001700
usemtl Patch_542_Mat_CR3_floor
f 2881 2882 2883
f 2882 2881 2884
f 2884 2881 2885
f 2885 2881 2886
f 2882 2888 2889
f 2888 2882 2890
f 2890 2882 2884

# obj543
v 0.5840000100 5.8764998300 4.1450000900
v -0.9460000100 6.6094996600 4.1450000900
v -0.9460000100 5.8764998300 4.1450000900
v 14.6099996900 6.6094996600 4.1450000900
v 0.7340000100 5.8764998300 4.1450000900
v 2.3430000100 5.8764998300 4.1450000900
v 2.4929999600 5.8764998300 4.1450000900
v 4.1089999700 5.8764998300 4.1450000900
v 4.2590001100 5.8764998300 4.1450000900
v 5.8920000500 5.8764998300 4.1450000900
v 6.0419998100 5.8764998300 4.1450000900
v 7.6729998700 5.8764998300 4.1450000900
v 7.8230000100 5.8764998300 4.1450000900
v 9.4499999300 5.8764998300 4.1450000900
v 9.6000000700 5.8764998300 4.1450000900
v 11.2260000500 5.8764998300 4.1450000900
v 11.3760002000 5.8764998300 4.1450000900
v 12.9990003500 5.8764998300 4.1450000900
v 13.1482563600 5.8764998300 4.1450000900
v 13.1490005000 5.8764998300 4.1450000900
v 14.6099996900 5.8764998300 4.1450000900
usemtl Patch_543_Mat_CR3_floor
f 2891 2892 2893
f 2892 2891 2894
f 2894 2891 2895
f 2894 2895 2896
f 2894 2896 2897
f 2894 2897 2898
f 2894 2898 2899
f 2894 2899 2900
f 2894 2900 2901
f 2894 2901 2902
f 2894 2902 2903
f 2894 2903 2904
f 2894 2904 2905
f 2894 2905 2906
f 2894 2906 2907
f 2894 2907 2908
f 2894 2908 2909
f 2894 2909 2910
f 2894 2910 2911

# obj544
v 13.1482563600 5.8764998300 4.1450000900
v 13.1490005000 5.8764998300 3.9850001700
v 13.1482563600 5.8764998300 3.9850001700
v 13.1490005000 5.8764998300 4.1450000900
usemtl Patch_544_Mat_CR3_seating
f 2912 2913 2914
f 2913 2912 2915

# obj545
v 14.6099996900 5.8764998300 4.1450000900
v 13.1490005000 5.8764998300 3.9850001700
v 14.6099996900 5.8764998300 3.9850001700
v 13.1490005000 5.8764998300 4.1450000900
usemtl Patch_545_Mat_CR3_floor
f 2916 2917 2918
f 2917 2916 2919

# obj546
v 0.5840000100 5.8764998300 3.9850001700
v -0.9460000100 5.8764998300 4.1450000900
v -0.9460000100 5.8764998300 3.9850001700
v 0.5840000100 5.8764998300 4.1450000900
usemtl Patch_546_Mat_CR3_floor
f 2920 2921 2922
f 2921 2920 2923

# obj547
v 7.6729998700 5.8764998300 4.1450000900
v 6.0419998100 5.8764998300 3.9850001700
v 7.6729998700 5.8764998300 3.9850001700
v 6.0419998100 5.8764998300 4.1450000900
usemtl Patch_547_Mat_CR3_floor
f 2924 2925 2926
f 2925 2924 2927

# obj548
v 14.6099996900 -6.9185001800 4.1450000900
v -0.9460000100 -5.9384999200 4.1450000900
v -0.9460000100 -6.9185001800 4.1450000900
v 0.6270000000 -5.9384999200 4.1450000900
v 0.7770000100 -5.9384999200 4.1450000900
v 2.5529999800 -5.9384999200 4.1450000900
v 4.1659999800 -5.9384999200 4.1450000900
v 4.3160001200 -5.9384999200 4.1450000900
v 5.9410001600 -5.9384999200 4.1450000900
v 6.0909999200 -5.9384999200 4.1450000900
v 7.7229999100 -5.9384999200 4.1450000900
v 7.8730000600 -5.9384999200 4.1450000900
v 9.5060003800 -5.9384999200 4.1450000900
v 9.6559997600 -5.9384999200 4.1450000900
v 11.2770000400 -5.9384999200 4.1450000900
v 11.4270001800 -5.9384999200 4.1450000900
v 13.0419992800 -5.9384999200 4.1450000900
v 13.1919994300 -5.9384999200 4.1450000900
v 14.6099996900 -5.9384999200 4.1450000900
usemtl Patch_548_Mat_CR3_floor
f 2928 2929 2930
f 2929 2928 2931
f 2931 2928 2932
f 2932 2928 2933
f 2933 2928 2934
f 2934 2928 2935
f 2935 2928 2936
f 2936 2928 2937
f 2937 2928 2938
f 2938 2928 2939
f 2939 2928 2940
f 2940 2928 2941
f 2941 2928 2942
f 2942 2928 2943
f 2943 2928 2944
f 2944 2928 2945
f 2945 2928 2946

# obj549
v -0.9460000100 -5.9384999200 4.1450000900
v 0.6270000000 -5.9384999200 3.9850001700
v -0.9460000100 -5.9384999200 3.9850001700
v 0.6270000000 -5.9384999200 4.1450000900
usemtl Patch_549_Mat_CR3_floor
f 2947 2948 2949
f 2948 2947 2950

# obj550
v 13.1919994300 -5.9384999200 4.1450000900
v 14.6099996900 -5.9384999200 3.9850001700
v 13.1919994300 -5.9384999200 3.9850001700
v 14.6099996900 -5.9384999200 4.1450000900
usemtl Patch_550_Mat_CR3_floor
f 2951 2952 2953
f 2952 2951 2954

# obj551
v 6.0909999200 -5.9384999200 4.1450000900
v 7.7229999100 -5.9384999200 3.9850001700
v 6.0909999200 -5.9384999200 3.9850001700
v 7.7229999100 -5.9384999200 4.1450000900
usemtl Patch_551_Mat_CR3_floor
f 2955 2956 2957
f 2956 2955 2958

# obj552
v 16.2309999800 -6.2355000100 4.1450000900
v 15.6309993900 -5.7885001600 4.1450000900
v 15.6309993900 -6.2355000100 4.1450000900
v 16.2309999800 -5.7885001600 4.1450000900
usemtl Patch_552_Mat_CR3_floor
f 2959 2960 2961
f 2960 2959 2962

# obj553
v 16.2309999800 -5.7885001600 3.9850001700
v 16.2309999800 -6.2355000100 4.1450000900
v 16.2309999800 -6.2355000100 3.9850001700
v 16.2309999800 -5.7885001600 4.1450000900
usemtl Patch_553_Mat_CR3_floor
f 2963 2964 2965
f 2964 2963 2966

# obj554
v 15.6309993900 -5.7885001600 4.1450000900
v 16.2309999800 -5.7885001600 3.9850001700
v 15.6309993900 -5.7885001600 3.9850001700
v 16.2309999800 -5.7885001600 4.1450000900
usemtl Patch_554_Mat_CR3_floor
f 2967 2968 2969
f 2968 2967 2970

# obj555
v 15.8480001000 4.9125001500 3.9850001700
v 13.1490005000 5.7265000700 3.9850001700
v 13.1490005000 4.9125001500 3.9850001700
v 13.1490005000 5.8764998300 3.9850001700
v 14.6099996900 5.7265000700 3.9850001700
v 15.6309993900 5.7265000700 3.9850001700
v 15.6309993900 6.6094996600 3.9850001700
v 17.2019996200 6.6094996600 3.9850001700
v 16.7479994300 4.9125001500 3.9850001700
v 17.4430004100 4.9125001500 3.9850001700
v 17.2019996200 6.9094999600 3.9850001700
v 17.4430004100 5.2125000500 3.9850001700
v 18.8329992900 6.9094999600 3.9850001700
v 18.5330005500 5.7785000000 3.9850001700
v 18.5330005500 5.2125000500 3.9850001700
v 18.8329992900 5.7785000000 3.9850001700
v 14.6099996900 5.8764998300 3.9850001700
usemtl Patch_555_Mat_CR3_floor
f 2971 2972 2973
f 2972 2971 2974
f 2974 2971 2975
f 2975 2971 2976
f 2976 2971 2977
f 2977 2971 2978
f 2978 2971 2979
f 2978 2979 2980
f 2978 2980 2981
f 2981 2980 2982
f 2981 2982 2983
f 2983 2982 2984
f 2984 2982 2985
f 2983 2984 2986
f 2987 2974 2975

# obj556
v 16.7479994300 -4.9585000500 3.9850001700
v 15.8480001000 4.9125001500 3.9850001700
v 15.8480001000 -4.9585000500 3.9850001700
v 16.7479994300 4.9125001500 3.9850001700
usemtl Patch_556_Mat_CR3_seating
f 2988 2989 2990
f 2989 2988 2991

# obj557
v -2.2220000300 -5.6385000200 -0.0000000000
v -1.2000000100 -3.9964998600 -0.0000000000
v -2.2220000300 3.9865000800 -0.0000000000
v -0.8040000000 -5.6385000200 -0.0000000000
v -0.0000000000 -3.9964998600 0.0000000000
v 0.9399999900 -5.6385000200 -0.0000000000
v 0.0000000000 3.9964998600 0.0000000000
v 2.6099999900 -7.8504998800 -0.0000000000
v 0.5600000200 -6.5684998400 -0.0000000000
v 0.5600000200 -7.8504998800 -0.0000000000
v 0.9399999900 -6.5684998400 -0.0000000000
v 1.4799999700 -4.1950001400 -0.0000000000
v 2.2700000100 -6.5684998400 -0.0000000000
v 2.6099999900 -6.5684998400 -0.0000000000
v 7.8909997400 -7.8504998800 -0.0000000000
v 5.8410000600 -6.5684998400 -0.0000000000
v 5.8410000600 -7.8504998800 -0.0000000000
v 6.2210001200 -6.5684998400 -0.0000000000
v 6.2210001200 -5.6385000200 -0.0000000000
v 7.5510003400 -6.5684998400 -0.0000000000
v 7.8909997400 -6.5684998400 -0.0000000000
v 13.1829999800 -7.8504998800 -0.0000000000
v 11.1330003000 -6.5684998400 -0.0000000000
v 11.1330003000 -7.8504998800 -0.0000000000
v 11.5130003600 -6.5684998400 -0.0000000000
v 11.5130003600 -5.6385000200 -0.0000000000
v 12.8429998000 -6.5684998400 -0.0000000000
v 13.1829999800 -6.5684998400 -0.0000000000
v 14.2640006600 3.6700000200 -0.0000000000
v 13.3810002900 4.1950001400 -0.0000000000
v 13.3810002900 3.6700000200 -0.0000000000
v 15.1429997200 3.1450000900 -0.0000000000
v 14.2640006600 3.1450000900 -0.0000000000
v 2.2700000100 -5.6385000200 -0.0000000000
v 13.3810002900 -4.1950001400 -0.0000000000
v 7.5510003400 -5.6385000200 -0.0000000000
v 12.8429998000 -5.6385000200 -0.0000000000
v 15.7880006600 -5.6385000200 -0.0000000000
v 13.3810002900 -3.6700000200 -0.0000000000
v 14.2640006600 -3.6700000200 -0.0000000000
v 14.2640006600 -3.1450000900 -0.0000000000
v 15.1429997200 -3.1450000900 -0.0000000000
v 16.0879994000 -4.4014999400 -0.0000000000
v 15.7880006600 -3.0635000200 -0.0000000000
v 15.7880006600 -4.4014999400 -0.0000000000
v 16.0879994000 -3.0635000200 -0.0000000000
v 16.0879994000 3.0195000000 -0.0000000000
v 15.7880006600 4.3535001600 -0.0000000000
v 15.7880006600 3.0195000000 -0.0000000000
v 16.0879994000 4.3535001600 -0.0000000000
v -2.2220000300 5.5904998500 -0.0000000000
v -2.2220000300 3.9964998600 -0.0000000000
v -0.8040000000 5.5904998500 -0.0000000000
v 6.2040000000 5.5904998500 -0.0000000000
v 1.4799999700 4.1950001400 -0.0000000000
v 7.5300000700 5.5904998500 -0.0000000000
v 6.2040000000 6.5204996700 -0.0000000000
v 15.7880006600 5.5904998500 -0.0000000000
v 7.5300000700 6.5204996700 -0.0000000000
v -1.2000000100 -3.9865000800 -0.0000000000
v -0.0200000000 3.9865000800 -0.0000000000
v -0.0200000000 -3.9865000800 -0.0000000000
usemtl Patch_557_Mat_CR3_floor
f 2992 2993 2994
f 2993 2992 2995
f 2993 2995 2996
f 2996 2995 2997
f 2996 2997 2998
f 2999 3000 3001
f 3000 2999 3002
f 3002 2999 2997
f 2997 2999 3003
f 3003 2999 3004
f 3004 2999 3005
f 3006 3007 3008
f 3007 3006 3009
f 3009 3006 3010
f 3010 3006 3011
f 3011 3006 3012
f 3013 3014 3015
f 3014 3013 3016
f 3016 3013 3017
f 3017 3013 3018
f 3018 3013 3019
f 3020 3021 3022
f 3023 3020 3024
f 3003 3025 3026
f 3025 3003 3004
f 3026 3025 3010
f 3026 3010 3027
f 3027 3010 3011
f 3026 3027 3017
f 3026 3017 3028
f 3028 3017 3018
f 3026 3028 3029
f 3026 3029 3030
f 3030 3029 3031
f 3031 3029 3032
f 3032 3029 3033
f 3033 3029 3023
f 3034 3035 3036
f 3035 3034 3037
f 3038 3039 3040
f 3039 3038 3041
f 2998 3042 3043
f 3042 2998 3044
f 3044 2998 3045
f 3045 2998 3046
f 3046 2998 2997
f 3046 2997 3003
f 3045 3046 3021
f 3045 3021 3047
f 3045 3047 3048
f 3047 3021 3049
f 3049 3021 3020
f 3049 3020 3023
f 3049 3023 3039
f 3039 3023 3029
f 3050 3048 3047
f 2994 3051 3052
f 3051 2994 2993
f 3052 3051 3053

# obj558
v -2.2220000300 5.5904998500 -0.0000000000
v -2.2220000300 3.9964998600 1.0000000100
v -2.2220000300 3.9964998600 -0.0000000000
v -2.2220000300 4.4165001900 1.0000000100
v -2.2220000300 4.4165001900 3.5689999800
v -2.2220000300 5.5904998500 3.5689999800
v -2.2220000300 5.5904998500 1.9949999300
usemtl Patch_558_Mat_CR3_plaster
f 3054 3055 3056
f 3055 3054 3057
f 3057 3054 3058
f 3058 3054 3059

# obj559
v -2.2220000300 3.9964998600 1.0000000100
v 0.0000000000 3.9964998600 0.0000000000
v -2.2220000300 3.9964998600 -0.0000000000
v 0.0000000000 3.9964998600 0.9900000400
v 0.0000000000 3.9964998600 1.0000000100
usemtl Patch_559_Mat_CR3_plaster
f 3061 3062 3063
f 3062 3061 3064
f 3064 3061 3065

# obj560
v -2.2220000300 -4.5275000000 1.0000000100
v -2.2220000300 -4.2764998200 0.8000000100
v -2.2220000300 -3.9964998600 1.0000000100
v -2.2220000300 -4.2764998200 0.7599999800
v -2.2220000300 -3.9964998600 0.8000000100
v -2.2220000300 -3.9964998600 0.9700000000
v -2.2220000300 -5.6385000200 -0.0000000000
v -2.2220000300 -5.1165001000 0.1600000000
v -2.2220000300 -5.6385000200 3.5689999800
v -2.2220000300 3.9865000800 -0.0000000000
v -2.2220000300 -4.7964998600 0.1600000000
v -2.2220000300 -4.7964998600 0.2000000000
v -2.2220000300 -4.5164999000 0.3600000000
v -2.2220000300 -4.5164999000 0.4000000000
v -2.2220000300 -4.2364999400 0.5600000200
v -2.2220000300 -4.2364999400 0.6000000000
v -2.2220000300 -3.9964998600 0.7599999800
v -2.2220000300 3.9865000800 0.9700000000
v -2.2220000300 -4.5565001700 0.6000000000
v -2.2220000300 -4.5565001700 0.5600000200
v -2.2220000300 -4.8365001300 0.4000000000
v -2.2220000300 -5.1165001000 0.2000000000
v -2.2220000300 -4.5275000000 3.5689999800
v -2.2220000300 -4.8365001300 0.3600000000
usemtl Patch_560_Mat_CR3_plaster
f 3066 3067 3068
f 3067 3066 3069
f 3068 3067 3070
f 3072 3073 3074
f 3073 3072 3075
f 3073 3075 3076
f 3076 3075 3077
f 3077 3075 3078
f 3078 3075 3079
f 3079 3075 3080
f 3080 3075 3081
f 3081 3075 3082
f 3082 3075 3070
f 3070 3075 3071
f 3071 3075 3083
f 3081 3066 3084
f 3066 3081 3069
f 3069 3081 3082
f 3079 3085 3086
f 3085 3079 3080
f 3074 3087 3088
f 3087 3074 3073
f 3088 3087 3086
f 3086 3087 3089
f 3088 3086 3084
f 3084 3086 3085
f 3088 3084 3066
f 3077 3089 3087
f 3089 3077 3078

# obj561
v -0.0200000000 3.9865000800 0.9700000000
v -2.2220000300 3.9865000800 -0.0000000000
v -0.0200000000 3.9865000800 -0.0000000000
v -2.2220000300 3.9865000800 0.9700000000
usemtl Patch_561_Mat_CR3_plaster
f 3090 3091 3092
f 3091 3090 3093

# obj562
v 13.1490005000 4.9125001500 3.9850001700
v 7.6729998700 5.7265000700 3.9850001700
v 7.6729998700 4.9125001500 3.9850001700
v 7.8230000100 5.7265000700 3.9850001700
v 9.4499999300 5.7265000700 3.9850001700
v 9.6000000700 5.7265000700 3.9850001700
v 11.2260000500 5.7265000700 3.9850001700
v 11.3760002000 5.7265000700 3.9850001700
v 12.9990003500 5.7265000700 3.9850001700
v 13.1490005000 5.7265000700 3.9850001700
usemtl Patch_562_Mat_CR3_seating
f 3094 3095 3096
f 3095 3094 3097
f 3097 3094 3098
f 3098 3094 3099
f 3099 3094 3100
f 3100 3094 3101
f 3101 3094 3102
f 3102 3094 3103

# obj563
v 7.6729998700 4.9125001500 3.9850001700
v 6.0419998100 5.7265000700 3.9850001700
v 6.0419998100 4.9125001500 3.9850001700
v 6.0419998100 5.8764998300 3.9850001700
v 7.6729998700 5.7265000700 3.9850001700
v 7.6729998700 5.8764998300 3.9850001700
usemtl Patch_563_Mat_CR3_floor
f 3104 3105 3106
f 3105 3104 3107
f 3107 3104 3108
f 3107 3108 3109

# obj564
v 6.0419998100 4.9125001500 3.9850001700
v 0.5840000100 5.7265000700 3.9850001700
v 0.5840000100 4.9125001500 3.9850001700
v 0.7340000100 5.7265000700 3.9850001700
v 2.3430000100 5.7265000700 3.9850001700
v 2.4929999600 5.7265000700 3.9850001700
v 4.1089999700 5.7265000700 3.9850001700
v 4.2590001100 5.7265000700 3.9850001700
v 5.8920000500 5.7265000700 3.9850001700
v 6.0419998100 5.7265000700 3.9850001700
usemtl Patch_564_Mat_CR3_seating
f 3110 3111 3112
f 3111 3110 3113
f 3113 3110 3114
f 3114 3110 3115
f 3115 3110 3116
f 3116 3110 3117
f 3117 3110 3118
f 3118 3110 3119

# obj565
v -0.7439999800 4.4664998500 3.9850001700
v -2.2120000600 5.7265000700 3.9850001700
v -2.2120000600 4.4664998500 3.9850001700
v -0.9460000100 5.7265000700 3.9850001700
v -0.9460000100 5.8764998300 3.9850001700
v -0.7439999800 4.9125001500 3.9850001700
v 0.5840000100 5.8764998300 3.9850001700
v 0.5840000100 5.7265000700 3.9850001700
v 0.5840000100 4.9125001500 3.9850001700
usemtl Patch_565_Mat_CR3_floor
f 3120 3121 3122
f 3121 3120 3123
f 3123 3120 3124
f 3124 3120 3125
f 3124 3125 3126
f 3126 3125 3127
f 3127 3125 3128

# obj566
v 14.6099996900 -5.9384999200 3.9850001700
v 13.1919994300 -5.7885001600 3.9850001700
v 13.1919994300 -5.9384999200 3.9850001700
v 15.8480001000 -4.9585000500 3.9850001700
v 13.1919994300 -4.9585000500 3.9850001700
v 14.6099996900 -5.7885001600 3.9850001700
v 15.6309993900 -5.7885001600 3.9850001700
v 16.2309999800 -5.7885001600 3.9850001700
v 16.7479994300 -4.9585000500 3.9850001700
v 18.5330005500 -6.2355000100 3.9850001700
v 16.2309999800 -6.2355000100 3.9850001700
v 17.4430004100 -5.2584999600 3.9850001700
v 18.5330005500 -5.2584999600 3.9850001700
v 17.4430004100 -4.9585000500 3.9850001700
usemtl Patch_566_Mat_CR3_floor
f 3129 3130 3131
f 3130 3132 3133
f 3132 3130 3134
f 3134 3130 3129
f 3132 3134 3135
f 3132 3135 3136
f 3132 3136 3137
f 3138 3136 3139
f 3136 3138 3137
f 3137 3138 3140
f 3140 3138 3141
f 3142 3137 3140

# obj567
v 7.8730000600 -5.7885001600 3.9850001700
v 7.7229999100 -4.9585000500 3.9850001700
v 7.7229999100 -5.7885001600 3.9850001700
v 13.1919994300 -4.9585000500 3.9850001700
v 9.5060003800 -5.7885001600 3.9850001700
v 9.6559997600 -5.7885001600 3.9850001700
v 11.2770000400 -5.7885001600 3.9850001700
v 11.4270001800 -5.7885001600 3.9850001700
v 13.0419992800 -5.7885001600 3.9850001700
v 13.1919994300 -5.7885001600 3.9850001700
usemtl Patch_567_Mat_CR3_seating
f 3143 3144 3145
f 3144 3143 3146
f 3146 3143 3147
f 3146 3147 3148
f 3146 3148 3149
f 3146 3149 3150
f 3146 3150 3151
f 3146 3151 3152

# obj568
v 7.7229999100 -5.9384999200 3.9850001700
v 6.0909999200 -5.7885001600 3.9850001700
v 6.0909999200 -5.9384999200 3.9850001700
v 6.0909999200 -4.9585000500 3.9850001700
v 7.7229999100 -4.9585000500 3.9850001700
v 7.7229999100 -5.7885001600 3.9850001700
usemtl Patch_568_Mat_CR3_floor
f 3153 3154 3155
f 3154 3153 3156
f 3156 3153 3157

# obj569
v 0.7770000100 -5.7885001600 3.9850001700
v 0.6270000000 -4.9585000500 3.9850001700
v 0.6270000000 -5.7885001600 3.9850001700
v 6.0909999200 -4.9585000500 3.9850001700
v 2.4030000300 -5.7885001600 3.9850001700
v 2.5529999800 -5.7885001600 3.9850001700
v 4.1659999800 -5.7885001600 3.9850001700
v 4.3160001200 -5.7885001600 3.9850001700
v 5.9410001600 -5.7885001600 3.9850001700
v 6.0909999200 -5.7885001600 3.9850001700
usemtl Patch_569_Mat_CR3_seating
f 3159 3160 3161
f 3160 3159 3162
f 3162 3159 3163
f 3162 3163 3164
f 3162 3164 3165
f 3162 3165 3166
f 3162 3166 3167
f 3162 3167 3168

# obj570
v 0.5600000200 -7.8504998800 -0.0000000000
v 2.6099999900 -7.8504998800 1.4600000300
v 2.6099999900 -7.8504998800 -0.0000000000
v 0.5600000200 -7.8504998800 1.4600000300
v 0.5600000200 -7.8504998800 3.4499998800
v 2.6099999900 -7.8504998800 3.4499998800
usemtl Patch_570_Mat_CR3_windows
f 3169 3170 3171
f 3170 3169 3172
f 3170 3172 3173
f 3170 3173 3174

# obj571
v 15.7880006600 4.8625001000 4.6400001100
v -0.6939999800 4.8625001000 3.5689999800
v 15.7880006600 4.8625001000 3.5689999800
v -0.6939999800 4.8625001000 4.6400001100
usemtl Patch_571_Mat_CR3_structuredPlaster
f 3175 3176 3177
f 3176 3175 3178

# obj572
v -0.7939999800 5.5904998500 3.5689999800
v -2.2220000300 5.5904998500 1.9949999300
v -0.8040000000 5.5904998500 1.9949999300
v -2.2220000300 5.5904998500 3.5689999800
usemtl Patch_572_Mat_CR3_plaster
f 3179 3180 3181
f 3180 3179 3182

# obj573
v 14.5619995200 6.2205001500 3.5689999800
v 14.5520001300 5.5904998500 0.5100000200
v 14.5520001300 5.5904998500 3.5689999800
usemtl Patch_573_Mat_CR3_plaster
f 3183 3184 3185

# obj574
v 14.5619995200 6.2205001500 3.5689999800
v 14.5619995200 6.1604999400 0.7963789100
v 14.5520001300 5.5904998500 0.5100000200
usemtl Patch_574_Mat_CR3_plaster
f 3186 3187 3188

# obj575
v 14.5619995200 6.2205001500 0.7963789100
v 14.5619995200 6.1604999400 0.7963789100
v 14.5619995200 6.2205001500 3.5689999800
usemtl Patch_575_Mat_CR3_plaster
f 3189 3190 3191

# obj576
v 14.5619995200 6.1604999400 0.5100000200
v 14.5520001300 5.5904998500 0.5100000200
v 14.5619995200 6.1604999400 0.7963789100
usemtl Patch_576_Mat_CR3_plaster
f 3192 3193 3194

# obj577
v 14.5619995200 6.2205001500 3.5689999800
v 13.1490005000 6.2205001500 0.7963789100
v 14.5619995200 6.2205001500 0.7963789100
v 12.9990003500 6.2205001500 0.7963789100
v 11.3760002000 6.2205001500 0.7963789100
v 11.2260000500 6.2205001500 0.7963789100
v 9.6000000700 6.2205001500 0.7963789100
v 9.4499999300 6.2205001500 0.7963789100
v 7.8230000100 6.2205001500 0.7963789100
v 7.5300000700 6.2205001500 2.5400000000
v 6.2040000000 6.2205001500 2.5400000000
v 5.8920000500 6.2205001500 0.4500000000
v 6.2040000000 6.2205001500 0.4500000000
v 5.8920000500 6.2205001500 0.8000000100
v 4.2590001100 6.2205001500 0.8000000100
v 4.1089999700 6.2205001500 0.8000000100
v 2.4929999600 6.2205001500 0.8000000100
v 2.3430000100 6.2205001500 0.8000000100
v 0.7340000100 6.2205001500 0.8000000100
v 0.5840000100 6.2205001500 0.8000000100
v -0.7939999800 6.2205001500 0.8000000100
v -0.7939999800 6.2205001500 3.5689999800
v 0.5840000100 6.2205001500 0.4500000000
v 0.7340000100 6.2205001500 0.4500000000
v 4.1089999700 6.2205001500 0.4500000000
v 4.2590001100 6.2205001500 0.4500000000
v 7.5300000700 6.2205001500 0.4500000000
v 7.8230000100 6.2205001500 0.4500000000
v 9.4499999300 6.2205001500 0.4500000000
v 9.6000000700 6.2205001500 0.4500000000
v 11.2260000500 6.2205001500 0.4500000000
v 11.3760002000 6.2205001500 0.4500000000
v 12.9990003500 6.2205001500 0.4500000000
v 13.1490005000 6.2205001500 0.4500000000
usemtl Patch_577_Mat_CR3_plaster
f 3195 3196 3197
f 3196 3195 3198
f 3198 3195 3199
f 3199 3195 3200
f 3200 3195 3201
f 3201 3195 3202
f 3202 3195 3203
f 3203 3195 3204
f 3204 3195 3205
f 3205 3206 3207
f 3206 3205 3208
f 3208 3205 3209
f 3209 3205 3210
f 3210 3205 3211
f 3211 3205 3212
f 3212 3205 3213
f 3213 3205 3214
f 3214 3205 3215
f 3215 3205 3216
f 3216 3205 3195
f 3213 3217 3218
f 3217 3213 3214
f 3209 3219 3220
f 3219 3209 3210
f 3203 3221 3222
f 3221 3203 3204
f 3201 3223 3224
f 3223 3201 3202
f 3199 3225 3226
f 3225 3199 3200
f 3196 3227 3228
f 3227 3196 3198

# obj578
v -0.7939999800 6.1604999400 0.5100000200
v -0.8040000000 5.5904998500 1.9949999300
v -0.8040000000 5.5904998500 0.5100000200
usemtl Patch_578_Mat_CR3_plaster
f 3229 3230 3231

# obj579
v -0.7939999800 6.1604999400 0.5100000200
v -0.7939999800 5.5904998500 3.5689999800
v -0.8040000000 5.5904998500 1.9949999300
usemtl Patch_579_Mat_CR3_plaster
f 3232 3233 3234

# obj580
v -0.7939999800 5.5904998500 3.5689999800
v -0.7939999800 6.1604999400 0.8000000100
v -0.7939999800 6.2205001500 3.5689999800
v -0.7939999800 6.1604999400 0.5100000200
v -0.7939999800 6.2205001500 0.8000000100
usemtl Patch_580_Mat_CR3_plaster
f 3235 3236 3237
f 3236 3235 3238
f 3237 3236 3239

# obj581
v 14.5520001300 -5.6385000200 3.5689999800
v 14.5619995200 -6.2684999400 0.8000000100
v 14.5619995200 -6.2684999400 3.5689999800
usemtl Patch_581_Mat_CR3_plaster
f 3240 3241 3242

# obj582
v 14.5520001300 -5.6385000200 3.5689999800
v 14.5619995200 -6.2085001100 0.8000000100
v 14.5619995200 -6.2684999400 0.8000000100
usemtl Patch_582_Mat_CR3_plaster
f 3243 3244 3245

# obj583
v 14.5520001300 -5.6385000200 3.5689999800
v 14.5619995200 -6.2085001100 0.5100000200
v 14.5619995200 -6.2085001100 0.8000000100
v 14.5520001300 -5.6385000200 0.5100000200
usemtl Patch_583_Mat_CR3_plaster
f 3246 3247 3248
f 3247 3246 3249

# obj584
v -0.7939999800 -6.2085001100 0.8000000100
v -0.7939999800 -6.2684999400 3.5689999800
v -0.7939999800 -6.2684999400 0.8000000100
v -0.7939999800 -5.6385000200 3.5689999800
usemtl Patch_584_Mat_CR3_plaster
f 3250 3251 3252
f 3251 3250 3253

# obj585
v -2.2220000300 -4.5275000000 3.5689999800
v -0.7939999800 -5.6385000200 3.5689999800
v -2.2220000300 -5.6385000200 3.5689999800
v -0.6939999800 -4.5275000000 3.5689999800
v -0.6939999800 -4.9085000000 3.5689999800
v 0.6270000000 -5.7885001600 3.5689999800
v 0.6270000000 -5.9384999200 3.5689999800
v 15.7880006600 -4.9085000000 3.5689999800
v 0.7770000100 -5.7885001600 3.5689999800
v 2.4030000300 -5.7885001600 3.5689999800
v 2.4030000300 -5.9384999200 3.5689999800
v 2.5529999800 -5.7885001600 3.5689999800
v 4.1659999800 -5.7885001600 3.5689999800
v 4.1659999800 -5.9384999200 3.5689999800
v 4.3160001200 -5.7885001600 3.5689999800
v 5.9410001600 -5.7885001600 3.5689999800
v 5.9410001600 -5.9384999200 3.5689999800
v 6.0909999200 -5.7885001600 3.5689999800
v 7.7229999100 -5.7885001600 3.5689999800
v 7.7229999100 -5.9384999200 3.5689999800
v 7.8730000600 -5.7885001600 3.5689999800
v 9.5060003800 -5.7885001600 3.5689999800
v 9.5060003800 -5.9384999200 3.5689999800
v 9.6559997600 -5.7885001600 3.5689999800
v 11.2770000400 -5.7885001600 3.5689999800
v 11.2770000400 -5.9384999200 3.5689999800
v 11.4270001800 -5.7885001600 3.5689999800
v 13.0419992800 -5.7885001600 3.5689999800
v 13.0419992800 -5.9384999200 3.5689999800
v 13.1919994300 -5.7885001600 3.5689999800
v 14.5520001300 -5.6385000200 3.5689999800
v 15.7880006600 -5.6385000200 3.5689999800
v -0.7939999800 -6.2684999400 3.5689999800
v 14.5619995200 -6.2684999400 3.5689999800
v 0.7770000100 -5.9384999200 3.5689999800
v 2.5529999800 -5.9384999200 3.5689999800
v 4.3160001200 -5.9384999200 3.5689999800
v 6.0909999200 -5.9384999200 3.5689999800
v 7.8730000600 -5.9384999200 3.5689999800
v 9.6559997600 -5.9384999200 3.5689999800
v 11.4270001800 -5.9384999200 3.5689999800
v 13.1919994300 -5.9384999200 3.5689999800
usemtl Patch_585_Mat_CR3_structuredPlaster
f 3254 3255 3256
f 3255 3254 3257
f 3255 3257 3258
f 3258 3259 3260
f 3259 3258 3261
f 3259 3261 3262
f 3262 3261 3263
f 3262 3263 3264
f 3263 3261 3265
f 3265 3261 3266
f 3265 3266 3267
f 3266 3261 3268
f 3268 3261 3269
f 3268 3269 3270
f 3269 3261 3271
f 3271 3261 3272
f 3271 3272 3273
f 3272 3261 3274
f 3274 3261 3275
f 3274 3275 3276
f 3275 3261 3277
f 3277 3261 3278
f 3277 3278 3279
f 3278 3261 3280
f 3280 3261 3281
f 3280 3281 3282
f 3281 3261 3283
f 3283 3261 3284
f 3284 3261 3285
f 3286 3260 3287
f 3260 3286 3255
f 3260 3255 3258
f 3287 3260 3288
f 3287 3288 3264
f 3264 3288 3262
f 3287 3264 3289
f 3287 3289 3267
f 3267 3289 3265
f 3287 3267 3290
f 3287 3290 3270
f 3270 3290 3268
f 3287 3270 3291
f 3287 3291 3273
f 3273 3291 3271
f 3287 3273 3292
f 3287 3292 3276
f 3276 3292 3274
f 3287 3276 3293
f 3287 3293 3277
f 3287 3277 3279
f 3287 3279 3294
f 3287 3294 3280
f 3287 3280 3282
f 3287 3282 3295
f 3287 3295 3283
f 3287 3283 3284

# obj586
v -2.2220000300 5.5904998500 3.5689999800
v -0.6939999800 4.4165001900 3.5689999800
v -2.2220000300 4.4165001900 3.5689999800
v -0.7939999800 5.5904998500 3.5689999800
v -0.7939999800 6.2205001500 3.5689999800
v -0.6939999800 4.8625001000 3.5689999800
v 0.5840000100 5.8764998300 3.5689999800
v 14.5619995200 6.2205001500 3.5689999800
v 0.5840000100 5.7265000700 3.5689999800
v 0.7340000100 5.8764998300 3.5689999800
v 2.3430000100 5.8764998300 3.5689999800
v 2.3430000100 5.7265000700 3.5689999800
v 2.4929999600 5.8764998300 3.5689999800
v 4.1089999700 5.8764998300 3.5689999800
v 4.1089999700 5.7265000700 3.5689999800
v 4.2590001100 5.8764998300 3.5689999800
v 5.8920000500 5.8764998300 3.5689999800
v 5.8920000500 5.7265000700 3.5689999800
v 6.0419998100 5.8764998300 3.5689999800
v 7.6729998700 5.8764998300 3.5689999800
v 7.6729998700 5.7265000700 3.5689999800
v 7.8230000100 5.8764998300 3.5689999800
v 9.4499999300 5.8764998300 3.5689999800
v 9.4499999300 5.7265000700 3.5689999800
v 9.6000000700 5.8764998300 3.5689999800
v 11.2260000500 5.8764998300 3.5689999800
v 11.2260000500 5.7265000700 3.5689999800
v 11.3760002000 5.8764998300 3.5689999800
v 12.9990003500 5.8764998300 3.5689999800
v 12.9990003500 5.7265000700 3.5689999800
v 13.1490005000 5.8764998300 3.5689999800
v 14.5520001300 5.5904998500 3.5689999800
v 15.7880006600 4.8625001000 3.5689999800
v 0.7340000100 5.7265000700 3.5689999800
v 2.4929999600 5.7265000700 3.5689999800
v 4.2590001100 5.7265000700 3.5689999800
v 6.0419998100 5.7265000700 3.5689999800
v 7.8230000100 5.7265000700 3.5689999800
v 9.6000000700 5.7265000700 3.5689999800
v 11.3760002000 5.7265000700 3.5689999800
v 13.1490005000 5.7265000700 3.5689999800
v 15.7880006600 5.5904998500 3.5689999800
usemtl Patch_586_Mat_CR3_structuredPlaster
f 3296 3297 3298
f 3297 3296 3299
f 3297 3299 3300
f 3297 3300 3301
f 3301 3300 3302
f 3302 3300 3303
f 3301 3302 3304
f 3302 3303 3305
f 3305 3303 3306
f 3305 3306 3307
f 3306 3303 3308
f 3308 3303 3309
f 3308 3309 3310
f 3309 3303 3311
f 3311 3303 3312
f 3311 3312 3313
f 3312 3303 3314
f 3314 3303 3315
f 3314 3315 3316
f 3315 3303 3317
f 3317 3303 3318
f 3317 3318 3319
f 3318 3303 3320
f 3320 3303 3321
f 3320 3321 3322
f 3321 3303 3323
f 3323 3303 3324
f 3323 3324 3325
f 3324 3303 3326
f 3326 3303 3327
f 3304 3328 3301
f 3328 3304 3329
f 3328 3329 3307
f 3307 3329 3305
f 3328 3307 3330
f 3328 3330 3310
f 3310 3330 3308
f 3328 3310 3331
f 3328 3331 3313
f 3313 3331 3311
f 3328 3313 3332
f 3328 3332 3314
f 3328 3314 3316
f 3328 3316 3333
f 3328 3333 3317
f 3328 3317 3319
f 3328 3319 3334
f 3328 3334 3320
f 3328 3320 3322
f 3328 3322 3335
f 3328 3335 3323
f 3328 3323 3325
f 3328 3325 3336
f 3328 3336 3326
f 3328 3326 3327
f 3328 3327 3337

# obj587
v 11.5130003600 -6.2684999400 3.1659999700
v 12.8429998000 -6.5684998400 3.1659999700
v 11.5130003600 -6.5684998400 3.1659999700
v 12.8429998000 -6.2684999400 3.1659999700
usemtl Patch_587_Mat_CR3_floor
f 3338 3339 3340
f 3339 3338 3341

# obj588
v 0.9399999900 -6.2684999400 3.1659999700
v 2.2700000100 -6.5684998400 3.1659999700
v 0.9399999900 -6.5684998400 3.1659999700
v 2.2700000100 -6.2684999400 3.1659999700
usemtl Patch_588_Mat_CR3_floor
f 3342 3343 3344
f 3343 3342 3345

# obj589
v 6.2210001200 -6.2684999400 3.1659999700
v 7.5510003400 -6.5684998400 3.1659999700
v 6.2210001200 -6.5684998400 3.1659999700
v 7.5510003400 -6.2684999400 3.1659999700
usemtl Patch_589_Mat_CR3_floor
f 3346 3347 3348
f 3347 3346 3349

# obj590
v 2.8199999600 -6.5684998400 3.4499998800
v 2.8299999300 -7.8504998800 1.4600000300
v 2.8299999300 -7.8504998800 3.4499998800
v 2.8199999600 -6.5684998400 1.4600000300
usemtl Patch_590_Mat_CR3_floor
f 3350 3351 3352
f 3351 3350 3353

# obj591
v 13.1389995600 5.5904998500 0.4500000000
v 12.9990003500 5.7265000700 0.4500000000
v 12.9890001900 5.5904998500 0.4500000000
v 13.1490005000 5.7265000700 0.4500000000
usemtl Patch_591_Mat_CR3_plaster
f 3354 3355 3356
f 3355 3354 3357

# obj592
v 10.8430001700 -7.8504998800 1.4600000300
v 11.1330003000 -6.5684998400 1.4600000300
v 10.8330000100 -6.5684998400 1.4600000300
v 11.1330003000 -7.8504998800 1.4600000300
usemtl Patch_592_Mat_CR3_floor
f 3358 3359 3360
f 3359 3358 3361

# obj593
v 15.7880006600 -3.0635000200 2.5140000400
v 16.0879994000 -4.4014999400 2.5140000400
v 15.7880006600 -4.4014999400 2.5140000400
v 16.0879994000 -3.0635000200 2.5140000400
usemtl Patch_593_Mat_CR3_structuredPlaster
f 3362 3363 3364
f 3363 3362 3365

# obj594
v 13.1829999800 -7.8504998800 3.4499998800
v 13.4030005000 -7.8504998800 1.4600000300
v 13.1829999800 -7.8504998800 1.4600000300
v 13.4030005000 -7.8504998800 3.4499998800
usemtl Patch_594_Mat_CR3_floor
f 3366 3367 3368
f 3367 3366 3369

# obj595
v 6.2040000000 6.5204996700 2.5400000000
v 7.5300000700 6.2205001500 2.5400000000
v 6.2040000000 6.2205001500 2.5400000000
v 7.5300000700 6.5204996700 2.5400000000
usemtl Patch_595_Mat_CR3_floor
f 3370 3371 3372
f 3371 3370 3373

# obj596
v 7.8730000600 -5.6385000200 0.5100000200
v 9.4960002200 -5.6385000200 0.4500000000
v 7.8629999000 -5.6385000200 0.4500000000
v 9.5060003800 -5.6385000200 0.5100000200
usemtl Patch_596_Mat_CR3_seating
f 3374 3375 3376
f 3375 3374 3377

# obj597
v 2.5529999800 -5.6385000200 0.5100000200
v 4.1559998100 -5.6385000200 0.4500000000
v 2.5430000100 -5.6385000200 0.4500000000
v 4.1659999800 -5.6385000200 0.5100000200
usemtl Patch_597_Mat_CR3_seating
f 3378 3379 3380
f 3379 3378 3381

# obj598
v 8.1110002600 -7.8504998800 1.4600000300
v 7.8909997400 -6.5684998400 1.4600000300
v 7.8909997400 -7.8504998800 1.4600000300
v 8.1010001000 -6.5684998400 1.4600000300
usemtl Patch_598_Mat_CR3_floor
f 3382 3383 3384
f 3383 3382 3385

# obj599
v 13.4030005000 -7.8504998800 1.4600000300
v 13.1829999800 -6.5684998400 1.4600000300
v 13.1829999800 -7.8504998800 1.4600000300
v 13.3929995600 -6.5684998400 1.4600000300
usemtl Patch_599_Mat_CR3_floor
f 3386 3387 3388
f 3387 3386 3389

# obj600
v 12.8429998000 -5.6385000200 0.4500000000
v 13.0419992800 -5.7885001600 0.4500000000
v 13.1820000400 -5.6385000200 0.4500000000
v 13.0419992800 -5.9384999200 0.4500000000
v 13.1919994300 -5.7885001600 0.4500000000
v 13.1919994300 -6.2684999400 0.4500000000
v 12.8429998000 -6.2684999400 0.4500000000
v 13.1919994300 -5.9384999200 0.4500000000
usemtl Patch_600_Mat_CR3_plaster
f 3390 3391 3392
f 3391 3390 3393
f 3392 3391 3394
f 3395 3390 3396
f 3390 3395 3393
f 3393 3395 3397

# obj601
v -0.8040000000 -5.6385000200 0.5100000200
v 0.6169999800 -5.6385000200 0.4500000000
v -0.8040000000 -5.6385000200 0.4500000000
v 0.6270000000 -5.6385000200 0.5100000200
usemtl Patch_601_Mat_CR3_seating
f 3398 3399 3400
f 3399 3398 3401

# obj602
v 5.5509999300 -7.8504998800 1.4600000300
v 5.8410000600 -6.5684998400 1.4600000300
v 5.5410001600 -6.5684998400 1.4600000300
v 5.8410000600 -7.8504998800 1.4600000300
usemtl Patch_602_Mat_CR3_floor
f 3402 3403 3404
f 3403 3402 3405

# obj603
v 9.5060003800 -5.7885001600 0.4500000000
v 9.6460003700 -5.6385000200 0.4500000000
v 9.4960002200 -5.6385000200 0.4500000000
v 9.6559997600 -5.7885001600 0.4500000000
usemtl Patch_603_Mat_CR3_plaster
f 3406 3407 3408
f 3407 3406 3409

# obj604
v 2.6099999900 -7.8504998800 3.4499998800
v 2.8299999300 -7.8504998800 1.4600000300
v 2.6099999900 -7.8504998800 1.4600000300
v 2.8299999300 -7.8504998800 3.4499998800
usemtl Patch_604_Mat_CR3_floor
f 3410 3411 3412
f 3411 3410 3413

# obj605
v 15.7880006600 4.3535001600 2.5140000400
v 16.0879994000 3.0195000000 2.5140000400
v 15.7880006600 3.0195000000 2.5140000400
v 16.0879994000 4.3535001600 2.5140000400
usemtl Patch_605_Mat_CR3_structuredPlaster
f 3414 3415 3416
f 3415 3414 3417

# obj606
v 7.8909997400 -7.8504998800 3.4499998800
v 8.1110002600 -7.8504998800 1.4600000300
v 7.8909997400 -7.8504998800 1.4600000300
v 8.1110002600 -7.8504998800 3.4499998800
usemtl Patch_606_Mat_CR3_floor
f 3418 3419 3420
f 3419 3418 3421

# obj607
v 13.1820000400 -5.6385000200 0.4500000000
v 14.5520001300 -5.6385000200 0.5100000200
v 14.5520001300 -5.6385000200 0.4500000000
v 13.1919994300 -5.6385000200 0.5100000200
usemtl Patch_607_Mat_CR3_seating
f 3422 3423 3424
f 3423 3422 3425

# obj608
v 6.2040000000 5.5904998500 0.4500000000
v 5.8920000500 5.7265000700 0.4500000000
v 5.8819998800 5.5904998500 0.4500000000
v 6.0419998100 5.7265000700 0.4500000000
v 6.0419998100 5.8764998300 0.4500000000
v 5.8920000500 6.2205001500 0.4500000000
v 5.8920000500 5.8764998300 0.4500000000
v 6.2040000000 6.2205001500 0.4500000000
usemtl Patch_608_Mat_CR3_plaster
f 3426 3427 3428
f 3427 3426 3429
f 3429 3426 3430
f 3430 3431 3432
f 3431 3430 3433
f 3433 3430 3426

# obj609
v 13.3929995600 -6.5684998400 3.4499998800
v 10.8430001700 -7.8504998800 3.4499998800
v 10.8330000100 -6.5684998400 3.4499998800
v 11.1330003000 -7.8504998800 3.4499998800
v 13.1829999800 -7.8504998800 3.4499998800
v 13.4030005000 -7.8504998800 3.4499998800
usemtl Patch_609_Mat_CR3_floor
f 3434 3435 3436
f 3435 3434 3437
f 3437 3434 3438
f 3438 3434 3439

# obj610
v 10.8330000100 -6.5684998400 1.4600000300
v 10.8430001700 -7.8504998800 3.4499998800
v 10.8430001700 -7.8504998800 1.4600000300
v 10.8330000100 -6.5684998400 3.4499998800
usemtl Patch_610_Mat_CR3_floor
f 3440 3441 3442
f 3441 3440 3443

# obj611
v 0.2600000000 -6.5684998400 1.4600000300
v 0.2699999900 -7.8504998800 3.4499998800
v 0.2699999900 -7.8504998800 1.4600000300
v 0.2600000000 -6.5684998400 3.4499998800
usemtl Patch_611_Mat_CR3_floor
f 3444 3445 3446
f 3445 3444 3447

# obj612
v 13.3929995600 -6.5684998400 3.4499998800
v 13.4030005000 -7.8504998800 1.4600000300
v 13.4030005000 -7.8504998800 3.4499998800
v 13.3929995600 -6.5684998400 1.4600000300
usemtl Patch_612_Mat_CR3_floor
f 3448 3449 3450
f 3449 3448 3451

# obj613
v 5.5410001600 -6.5684998400 1.4600000300
v 5.5509999300 -7.8504998800 3.4499998800
v 5.5509999300 -7.8504998800 1.4600000300
v 5.5410001600 -6.5684998400 3.4499998800
usemtl Patch_613_Mat_CR3_floor
f 3452 3453 3454
f 3453 3452 3455

# obj614
v 8.1010001000 -6.5684998400 3.4499998800
v 8.1110002600 -7.8504998800 1.4600000300
v 8.1110002600 -7.8504998800 3.4499998800
v 8.1010001000 -6.5684998400 1.4600000300
usemtl Patch_614_Mat_CR3_floor
f 3456 3457 3458
f 3457 3456 3459

# obj615
v 8.1010001000 -6.5684998400 3.4499998800
v 5.5509999300 -7.8504998800 3.4499998800
v 5.5410001600 -6.5684998400 3.4499998800
v 5.8410000600 -7.8504998800 3.4499998800
v 7.8909997400 -7.8504998800 3.4499998800
v 8.1110002600 -7.8504998800 3.4499998800
usemtl Patch_615_Mat_CR3_floor
f 3460 3461 3462
f 3461 3460 3463
f 3463 3460 3464
f 3464 3460 3465

# obj616
v -2.2120000600 -4.5275000000 4.6400001100
v -0.6939999800 -4.5275000000 3.5689999800
v -2.2220000300 -4.5275000000 3.5689999800
v -0.6939999800 -4.5275000000 4.6400001100
usemtl Patch_616_Mat_CR3_structuredPlaster
f 3466 3467 3468
f 3467 3466 3469

# obj617
v -0.6939999800 4.4165001900 4.6400001100
v -2.2220000300 4.4165001900 3.5689999800
v -0.6939999800 4.4165001900 3.5689999800
v -2.2120000600 4.4165001900 4.6400001100
usemtl Patch_617_Mat_CR3_structuredPlaster
f 3470 3471 3472
f 3471 3470 3473

# obj618
v 2.8199999600 -6.5684998400 3.4499998800
v 0.2699999900 -7.8504998800 3.4499998800
v 0.2600000000 -6.5684998400 3.4499998800
v 0.5600000200 -7.8504998800 3.4499998800
v 2.6099999900 -7.8504998800 3.4499998800
v 2.8299999300 -7.8504998800 3.4499998800
usemtl Patch_618_Mat_CR3_floor
f 3474 3475 3476
f 3475 3474 3477
f 3477 3474 3478
f 3478 3474 3479

# obj619
v -0.0000000000 -3.9964998600 1.0000000100
v -2.2220000300 3.9964998600 1.0000000100
v -2.2220000300 -3.9964998600 1.0000000100
v 0.0000000000 3.9964998600 1.0000000100
usemtl Patch_619_Mat_CR3_floor
f 3480 3481 3482
f 3481 3480 3483

# obj620
v -0.6939999800 -4.9085000000 3.9850001700
v 15.7880006600 -4.9085000000 3.5689999800
v -0.6939999800 -4.9085000000 3.5689999800
v 15.7880006600 -4.9085000000 4.6400001100
v -0.6939999800 -4.9085000000 4.6400001100
usemtl Patch_620_Mat_CR3_structuredPlaster
f 3484 3485 3486
f 3485 3484 3487
f 3487 3484 3488

# obj621
v -0.7439999800 -4.9585000500 4.6400001100
v -0.6939999800 -4.9085000000 4.6400001100
v -0.7439999800 -4.5775000500 4.6400001100
v 15.8480001000 -4.9585000500 4.6400001100
v 15.7880006600 -4.9085000000 4.6400001100
v 15.7880006600 4.8625001000 4.6400001100
v 15.7980000500 4.9125001500 4.6400001100
v 15.8480001000 4.9125001500 4.6400001100
v 15.8480001000 4.8625001000 4.6400001100
v -0.6939999800 4.4165001900 4.6400001100
v -2.2120000600 4.4664998500 4.6400001100
v -2.2120000600 4.4165001900 4.6400001100
v -0.7439999800 4.4664998500 4.6400001100
v -0.7439999800 4.9125001500 4.6400001100
v -0.6939999800 4.8625001000 4.6400001100
v -2.2120000600 -4.5275000000 4.6400001100
v -2.2120000600 -4.5775000500 4.6400001100
v -0.6939999800 -4.5275000000 4.6400001100
usemtl Patch_621_Mat_CR3_floor
f 3489 3490 3491
f 3490 3489 3492
f 3490 3492 3493
f 3493 3492 3494
f 3494 3492 3495
f 3495 3492 3496
f 3498 3499 3500
f 3499 3498 3501
f 3501 3498 3502
f 3502 3498 3503
f 3502 3503 3495
f 3495 3503 3494
f 3491 3504 3505
f 3504 3491 3506
f 3506 3491 3490

# obj622
v 8.9750002400 -1.0559999800 -0.0000000000
v 6.7699999500 1.0559999800 -0.0000000000
v 6.7699999500 -1.0559999800 -0.0000000000
v 8.9750002400 1.0559999800 -0.0000000000
usemtl Patch_622_Mat_CR3_floor
f 3507 3508 3509
f 3508 3507 3510

# obj623
v -2.6120000600 -4.5275000000 5.8420000000
v -2.2220000300 -4.5275000000 1.0000000100
v -2.6120000600 -4.5275000000 1.0000000100
v -2.2220000300 -4.5275000000 3.5689999800
v -2.2120000600 -4.5275000000 4.6400001100
v -2.2120000600 -4.5275000000 5.8420000000
v -2.2631605000 -4.5275000000 5.8420000000
usemtl Patch_623_Mat_CR3_stagePanels
f 3511 3512 3513
f 3512 3511 3514
f 3514 3511 3515
f 3515 3511 3516

# obj624
v -2.2220000300 4.4165001900 3.5689999800
v -2.6120000600 4.4165001900 1.0000000100
v -2.2220000300 4.4165001900 1.0000000100
v -2.6120000600 4.4165001900 5.8420000000
v -2.2120000600 4.4165001900 4.6400001100
v -2.2120000600 4.4165001900 5.8420000000
v -2.2631605000 4.4165001900 5.8420000000
usemtl Patch_624_Mat_CR3_stagePanels
f 3518 3519 3520
f 3519 3518 3521
f 3521 3518 3522
f 3521 3522 3523

# obj625
v -1.2000000100 -3.9964998600 0.7599999800
v -1.1900000400 -4.2764998200 0.8000000100
v -1.1900000400 -4.2764998200 0.7599999800
v -1.2000000100 -3.9964998600 0.8000000100
usemtl Patch_625_Mat_CR3_floor
f 3525 3526 3527
f 3526 3525 3528

# obj626
v 4.1659999800 -5.7885001600 0.4500000000
v 4.3059999600 -5.6385000200 0.4500000000
v 4.1559998100 -5.6385000200 0.4500000000
v 4.3160001200 -5.7885001600 0.4500000000
usemtl Patch_626_Mat_CR3_plaster
f 3529 3530 3531
f 3530 3529 3532

# obj627
v -2.2220000300 -4.5275000000 1.0000000100
v -2.6120000600 4.4165001900 1.0000000100
v -2.6120000600 -4.5275000000 1.0000000100
v -2.2220000300 4.4165001900 1.0000000100
v -2.2220000300 -3.9964998600 1.0000000100
v -2.2220000300 3.9964998600 1.0000000100
v -2.6120000600 -5.6385000200 1.0000000100
v -10.2119999300 5.5904998500 1.0000000100
v -10.2119999300 -5.6385000200 1.0000000100
v -2.6120000600 5.5904998500 1.0000000100
usemtl Patch_627_Mat_CR3_floor
f 3533 3534 3535
f 3534 3533 3536
f 3539 3540 3541
f 3540 3539 3535
f 3540 3535 3542

# obj628
v 0.9399999900 -6.2684999400 0.4500000000
v 0.6270000000 -5.9384999200 0.4500000000
v 0.6270000000 -6.2684999400 0.4500000000
v 0.7770000100 -5.9384999200 0.4500000000
v 0.7770000100 -5.7885001600 0.4500000000
v 0.6270000000 -5.7885001600 0.4500000000
v 0.9399999900 -5.6385000200 0.4500000000
v 0.6169999800 -5.6385000200 0.4500000000
usemtl Patch_628_Mat_CR3_plaster
f 3543 3544 3545
f 3544 3543 3546
f 3546 3543 3547
f 3548 3549 3550
f 3549 3548 3547
f 3549 3547 3543

# obj629
v -2.2220000300 -3.9964998600 0.8000000100
v -1.2000000100 -3.9964998600 0.7599999800
v -2.2220000300 -3.9964998600 0.7599999800
v -1.2000000100 -3.9964998600 0.8000000100
usemtl Patch_629_Mat_CR3_floor
f 3551 3552 3553
f 3552 3551 3554

# obj630
v 0.6169999800 -5.6385000200 0.4500000000
v 0.6270000000 -5.7885001600 0.5100000200
v 0.6270000000 -5.7885001600 0.4500000000
usemtl Patch_630_Mat_CR3_seating
f 3555 3556 3557

# obj631
v 0.6270000000 -5.6385000200 0.5100000200
v 0.6270000000 -5.7885001600 0.5100000200
v 0.6169999800 -5.6385000200 0.4500000000
usemtl Patch_631_Mat_CR3_seating
f 3558 3559 3560

# obj632
v 0.6270000000 -6.2085001100 0.5100000200
v 0.6270000000 -5.9384999200 0.5100000200
v -0.7939999800 -6.2085001100 0.5100000200
v 0.6270000000 -5.6385000200 0.5100000200
v -0.8040000000 -5.6385000200 0.5100000200
v 0.6270000000 -5.7885001600 0.5100000200
usemtl Patch_632_Mat_CR3_seating
f 3561 3562 3563
f 3563 3564 3565
f 3564 3563 3562

# obj633
v 2.2700000100 -6.2684999400 0.4500000000
v 2.4030000300 -5.9384999200 0.4500000000
v 2.2700000100 -5.6385000200 0.4500000000
v 2.5529999800 -6.2684999400 0.4500000000
v 2.5529999800 -5.9384999200 0.4500000000
v 2.4030000300 -5.7885001600 0.4500000000
v 2.5430000100 -5.6385000200 0.4500000000
v 2.5529999800 -5.7885001600 0.4500000000
usemtl Patch_633_Mat_CR3_plaster
f 3567 3568 3569
f 3568 3567 3570
f 3568 3570 3571
f 3569 3572 3573
f 3572 3569 3568
f 3573 3572 3574

# obj634
v 2.2700000100 -6.2684999400 3.1659999700
v 2.5529999800 -6.2684999400 0.4500000000
v 2.2700000100 -6.2684999400 0.4500000000
v 2.5529999800 -6.2684999400 0.8000000100
v 4.1659999800 -6.2684999400 0.8000000100
v 4.3160001200 -6.2684999400 0.8000000100
v 5.9410001600 -6.2684999400 0.8000000100
v 7.5510003400 -6.2684999400 3.1659999700
v 7.8730000600 -6.2684999400 0.4500000000
v 7.5510003400 -6.2684999400 0.4500000000
v 7.8730000600 -6.2684999400 0.8000000100
v 9.5060003800 -6.2684999400 0.8000000100
v 9.6559997600 -6.2684999400 0.8000000100
v 11.2770000400 -6.2684999400 0.8000000100
v -0.7939999800 -6.2684999400 3.5689999800
v 0.6270000000 -6.2684999400 0.8000000100
v -0.7939999800 -6.2684999400 0.8000000100
v 0.9399999900 -6.2684999400 3.1659999700
v 6.2210001200 -6.2684999400 3.1659999700
v 11.5130003600 -6.2684999400 3.1659999700
v 12.8429998000 -6.2684999400 3.1659999700
v 13.1919994300 -6.2684999400 0.4500000000
v 12.8429998000 -6.2684999400 0.4500000000
v 13.1919994300 -6.2684999400 0.8000000100
v 14.5619995200 -6.2684999400 0.8000000100
v 14.5619995200 -6.2684999400 3.5689999800
v 11.5130003600 -6.2684999400 0.4500000000
v 11.2770000400 -6.2684999400 0.4500000000
v 6.2210001200 -6.2684999400 0.4500000000
v 5.9410001600 -6.2684999400 0.4500000000
v 9.6559997600 -6.2684999400 0.4500000000
v 9.5060003800 -6.2684999400 0.4500000000
v 4.3160001200 -6.2684999400 0.4500000000
v 4.1659999800 -6.2684999400 0.4500000000
v 0.9399999900 -6.2684999400 0.4500000000
v 0.6270000000 -6.2684999400 0.4500000000
usemtl Patch_634_Mat_CR3_plaster
f 3575 3576 3577
f 3576 3575 3578
f 3578 3575 3579
f 3579 3575 3580
f 3580 3575 3581
f 3582 3583 3584
f 3583 3582 3585
f 3585 3582 3586
f 3586 3582 3587
f 3587 3582 3588
f 3589 3590 3591
f 3590 3589 3592
f 3592 3589 3575
f 3575 3589 3593
f 3593 3589 3582
f 3582 3589 3594
f 3594 3589 3595
f 3595 3596 3597
f 3596 3595 3598
f 3598 3595 3599
f 3599 3595 3600
f 3600 3595 3589
f 3588 3601 3602
f 3601 3588 3594
f 3594 3588 3582
f 3581 3603 3604
f 3603 3581 3593
f 3593 3581 3575
f 3586 3605 3606
f 3605 3586 3587
f 3579 3607 3608
f 3607 3579 3580
f 3590 3609 3610
f 3609 3590 3592

# obj635
v 2.5529999800 -5.6385000200 0.5100000200
v 2.5529999800 -5.7885001600 0.4500000000
v 2.5529999800 -5.7885001600 0.5100000200
usemtl Patch_635_Mat_CR3_seating
f 3611 3612 3613

# obj636
v 2.5430000100 -5.6385000200 0.4500000000
v 2.5529999800 -5.7885001600 0.4500000000
v 2.5529999800 -5.6385000200 0.5100000200
usemtl Patch_636_Mat_CR3_seating
f 3614 3615 3616

# obj637
v 6.2210001200 -6.2684999400 0.4500000000
v 5.9410001600 -5.9384999200 0.4500000000
v 5.9410001600 -6.2684999400 0.4500000000
v 6.0909999200 -5.9384999200 0.4500000000
v 6.0909999200 -5.7885001600 0.4500000000
v 5.9410001600 -5.7885001600 0.4500000000
v 6.2210001200 -5.6385000200 0.4500000000
v 5.9309999900 -5.6385000200 0.4500000000
usemtl Patch_637_Mat_CR3_plaster
f 3617 3618 3619
f 3618 3617 3620
f 3620 3617 3621
f 3622 3623 3624
f 3623 3622 3621
f 3623 3621 3617

# obj638
v 5.9309999900 -5.6385000200 0.4500000000
v 5.9410001600 -5.7885001600 0.5100000200
v 5.9410001600 -5.7885001600 0.4500000000
usemtl Patch_638_Mat_CR3_seating
f 3625 3626 3627

# obj639
v 5.9410001600 -5.6385000200 0.5100000200
v 5.9410001600 -5.7885001600 0.5100000200
v 5.9309999900 -5.6385000200 0.4500000000
usemtl Patch_639_Mat_CR3_seating
f 3628 3629 3630

# obj640
v 4.3160001200 -5.6385000200 0.5100000200
v 4.3160001200 -5.7885001600 0.4500000000
v 4.3160001200 -5.7885001600 0.5100000200
usemtl Patch_640_Mat_CR3_seating
f 3631 3632 3633

# obj641
v 4.3059999600 -5.6385000200 0.4500000000
v 4.3160001200 -5.7885001600 0.4500000000
v 4.3160001200 -5.6385000200 0.5100000200
usemtl Patch_641_Mat_CR3_seating
f 3634 3635 3636

# obj642
v 4.1559998100 -5.6385000200 0.4500000000
v 4.1659999800 -5.7885001600 0.5100000200
v 4.1659999800 -5.7885001600 0.4500000000
usemtl Patch_642_Mat_CR3_seating
f 3637 3638 3639

# obj643
v 4.1659999800 -5.6385000200 0.5100000200
v 4.1659999800 -5.7885001600 0.5100000200
v 4.1559998100 -5.6385000200 0.4500000000
usemtl Patch_643_Mat_CR3_seating
f 3640 3641 3642

# obj644
v 7.8730000600 -6.2684999400 0.4500000000
v 7.5510003400 -5.6385000200 0.4500000000
v 7.5510003400 -6.2684999400 0.4500000000
v 7.7229999100 -5.9384999200 0.4500000000
v 7.8730000600 -5.9384999200 0.4500000000
v 7.7229999100 -5.7885001600 0.4500000000
v 7.8629999000 -5.6385000200 0.4500000000
v 7.8730000600 -5.7885001600 0.4500000000
usemtl Patch_644_Mat_CR3_plaster
f 3643 3644 3645
f 3644 3643 3646
f 3646 3643 3647
f 3644 3648 3649
f 3648 3644 3646
f 3649 3648 3650

# obj645
v 11.5130003600 -6.2684999400 0.4500000000
v 11.2770000400 -5.9384999200 0.4500000000
v 11.2770000400 -6.2684999400 0.4500000000
v 11.4270001800 -5.9384999200 0.4500000000
v 11.4270001800 -5.7885001600 0.4500000000
v 11.2770000400 -5.7885001600 0.4500000000
v 11.5130003600 -5.6385000200 0.4500000000
v 11.2669998700 -5.6385000200 0.4500000000
usemtl Patch_645_Mat_CR3_plaster
f 3651 3652 3653
f 3652 3651 3654
f 3654 3651 3655
f 3656 3657 3658
f 3657 3656 3655
f 3657 3655 3651

# obj646
v 4.3160001200 -5.6385000200 0.5100000200
v 5.9309999900 -5.6385000200 0.4500000000
v 4.3059999600 -5.6385000200 0.4500000000
v 5.9410001600 -5.6385000200 0.5100000200
usemtl Patch_646_Mat_CR3_seating
f 3659 3660 3661
f 3660 3659 3662

# obj647
v 0.5840000100 5.7265000700 0.4500000000
v 0.5840000100 5.5904998500 0.5100000200
v 0.5739999900 5.5904998500 0.4500000000
usemtl Patch_647_Mat_CR3_seating
f 3663 3664 3665

# obj648
v 0.5840000100 5.7265000700 0.5100000200
v 0.5840000100 5.5904998500 0.5100000200
v 0.5840000100 5.7265000700 0.4500000000
usemtl Patch_648_Mat_CR3_seating
f 3666 3667 3668

# obj649
v 7.5300000700 5.5904998500 0.4500000000
v 7.6729998700 5.7265000700 0.4500000000
v 7.5300000700 6.2205001500 0.4500000000
v 7.8129998500 5.5904998500 0.4500000000
v 7.8230000100 5.7265000700 0.4500000000
v 7.6729998700 5.8764998300 0.4500000000
v 7.8230000100 6.2205001500 0.4500000000
v 7.8230000100 5.8764998300 0.4500000000
usemtl Patch_649_Mat_CR3_plaster
f 3669 3670 3671
f 3670 3669 3672
f 3670 3672 3673
f 3671 3674 3675
f 3674 3671 3670
f 3675 3674 3676

# obj650
v 2.3430000100 5.5904998500 0.5100000200
v 0.7239999900 5.5904998500 0.4500000000
v 2.3330000400 5.5904998500 0.4500000000
v 0.7340000100 5.5904998500 0.5100000200
usemtl Patch_650_Mat_CR3_seating
f 3677 3678 3679
f 3678 3677 3680

# obj651
v 2.4829999900 5.5904998500 0.4500000000
v 2.3430000100 5.7265000700 0.4500000000
v 2.3330000400 5.5904998500 0.4500000000
v 2.4929999600 5.7265000700 0.4500000000
usemtl Patch_651_Mat_CR3_plaster
f 3681 3682 3683
f 3682 3681 3684

# obj652
v 9.5899999100 5.5904998500 0.4500000000
v 9.4499999300 5.7265000700 0.4500000000
v 9.4399997600 5.5904998500 0.4500000000
v 9.6000000700 5.7265000700 0.4500000000
usemtl Patch_652_Mat_CR3_plaster
f 3685 3686 3687
f 3686 3685 3688

# obj653
v 0.7239999900 5.5904998500 0.4500000000
v 0.5840000100 5.7265000700 0.4500000000
v 0.5739999900 5.5904998500 0.4500000000
v 0.7340000100 5.7265000700 0.4500000000
usemtl Patch_653_Mat_CR3_plaster
f 3689 3690 3691
f 3690 3689 3692

# obj654
v 0.5840000100 5.5904998500 0.5100000200
v -0.7939999800 6.1604999400 0.5100000200
v -0.8040000000 5.5904998500 0.5100000200
v 0.5840000100 5.7265000700 0.5100000200
v 0.5840000100 6.1604999400 0.5100000200
v 0.5840000100 5.8764998300 0.5100000200
usemtl Patch_654_Mat_CR3_seating
f 3693 3694 3695
f 3694 3693 3696
f 3694 3696 3697

# obj655
v 4.2489999500 5.5904998500 0.4500000000
v 4.1089999700 5.7265000700 0.4500000000
v 4.0990001900 5.5904998500 0.4500000000
v 4.2590001100 5.7265000700 0.4500000000
usemtl Patch_655_Mat_CR3_plaster
f 3699 3700 3701
f 3700 3699 3702

# obj656
v 11.3660000300 5.5904998500 0.4500000000
v 11.2260000500 5.7265000700 0.4500000000
v 11.2159998800 5.5904998500 0.4500000000
v 11.3760002000 5.7265000700 0.4500000000
usemtl Patch_656_Mat_CR3_plaster
f 3703 3704 3705
f 3704 3703 3706

# obj657
v 2.4929999600 5.7265000700 0.5100000200
v 2.4829999900 5.5904998500 0.4500000000
v 2.4929999600 5.5904998500 0.5100000200
usemtl Patch_657_Mat_CR3_seating
f 3707 3708 3709

# obj658
v 2.4929999600 5.7265000700 0.4500000000
v 2.4829999900 5.5904998500 0.4500000000
v 2.4929999600 5.7265000700 0.5100000200
usemtl Patch_658_Mat_CR3_seating
f 3710 3711 3712

# obj659
v 2.3430000100 5.7265000700 0.4500000000
v 2.3430000100 5.5904998500 0.5100000200
v 2.3330000400 5.5904998500 0.4500000000
usemtl Patch_659_Mat_CR3_seating
f 3713 3714 3715

# obj660
v 2.3430000100 5.7265000700 0.5100000200
v 2.3430000100 5.5904998500 0.5100000200
v 2.3430000100 5.7265000700 0.4500000000
usemtl Patch_660_Mat_CR3_seating
f 3716 3717 3718

# obj661
v 5.8920000500 5.7265000700 0.4500000000
v 5.8920000500 5.5904998500 0.5100000200
v 5.8819998800 5.5904998500 0.4500000000
usemtl Patch_661_Mat_CR3_seating
f 3719 3720 3721

# obj662
v 5.8920000500 5.7265000700 0.5100000200
v 5.8920000500 5.5904998500 0.5100000200
v 5.8920000500 5.7265000700 0.4500000000
usemtl Patch_662_Mat_CR3_seating
f 3722 3723 3724

# obj663
v 4.2590001100 5.7265000700 0.5100000200
v 4.2489999500 5.5904998500 0.4500000000
v 4.2590001100 5.5904998500 0.5100000200
usemtl Patch_663_Mat_CR3_seating
f 3725 3726 3727

# obj664
v 4.2590001100 5.7265000700 0.4500000000
v 4.2489999500 5.5904998500 0.4500000000
v 4.2590001100 5.7265000700 0.5100000200
usemtl Patch_664_Mat_CR3_seating
f 3728 3729 3730

# obj665
v 4.1089999700 5.7265000700 0.4500000000
v 4.1089999700 5.5904998500 0.5100000200
v 4.0990001900 5.5904998500 0.4500000000
usemtl Patch_665_Mat_CR3_seating
f 3731 3732 3733

# obj666
v 4.1089999700 5.7265000700 0.5100000200
v 4.1089999700 5.5904998500 0.5100000200
v 4.1089999700 5.7265000700 0.4500000000
usemtl Patch_666_Mat_CR3_seating
f 3734 3735 3736

# obj667
v 0.7340000100 5.7265000700 0.5100000200
v 0.7239999900 5.5904998500 0.4500000000
v 0.7340000100 5.5904998500 0.5100000200
usemtl Patch_667_Mat_CR3_seating
f 3737 3738 3739

# obj668
v 0.7340000100 5.7265000700 0.4500000000
v 0.7239999900 5.5904998500 0.4500000000
v 0.7340000100 5.7265000700 0.5100000200
usemtl Patch_668_Mat_CR3_seating
f 3740 3741 3742

# obj669
v 9.6000000700 5.7265000700 0.5100000200
v 9.5899999100 5.5904998500 0.4500000000
v 9.6000000700 5.5904998500 0.5100000200
usemtl Patch_669_Mat_CR3_seating
f 3743 3744 3745

# obj670
v 9.6000000700 5.7265000700 0.4500000000
v 9.5899999100 5.5904998500 0.4500000000
v 9.6000000700 5.7265000700 0.5100000200
usemtl Patch_670_Mat_CR3_seating
f 3746 3747 3748

# obj671
v 11.2260000500 5.7265000700 0.4500000000
v 11.2260000500 5.5904998500 0.5100000200
v 11.2159998800 5.5904998500 0.4500000000
usemtl Patch_671_Mat_CR3_seating
f 3749 3750 3751

# obj672
v 11.2260000500 5.7265000700 0.5100000200
v 11.2260000500 5.5904998500 0.5100000200
v 11.2260000500 5.7265000700 0.4500000000
usemtl Patch_672_Mat_CR3_seating
f 3752 3753 3754

# obj673
v 12.9990003500 5.7265000700 0.4500000000
v 12.9990003500 5.5904998500 0.5100000200
v 12.9890001900 5.5904998500 0.4500000000
usemtl Patch_673_Mat_CR3_seating
f 3755 3756 3757

# obj674
v 12.9990003500 5.7265000700 0.5100000200
v 12.9990003500 5.5904998500 0.5100000200
v 12.9990003500 5.7265000700 0.4500000000
usemtl Patch_674_Mat_CR3_seating
f 3758 3759 3760

# obj675
v 11.3760002000 5.7265000700 0.5100000200
v 11.3660000300 5.5904998500 0.4500000000
v 11.3760002000 5.5904998500 0.5100000200
usemtl Patch_675_Mat_CR3_seating
f 3761 3762 3763

# obj676
v 11.3760002000 5.7265000700 0.4500000000
v 11.3660000300 5.5904998500 0.4500000000
v 11.3760002000 5.7265000700 0.5100000200
usemtl Patch_676_Mat_CR3_seating
f 3764 3765 3766

# obj677
v 14.5520001300 5.5904998500 0.5100000200
v 13.1490005000 5.7265000700 0.5100000200
v 13.1490005000 5.5904998500 0.5100000200
v 13.1490005000 5.8764998300 0.5100000200
v 14.5619995200 6.1604999400 0.5100000200
v 13.1490005000 6.1604999400 0.5100000200
usemtl Patch_677_Mat_CR3_seating
f 3767 3768 3769
f 3768 3767 3770
f 3770 3771 3772
f 3771 3770 3767

# obj678
v 13.1490005000 5.7265000700 0.5100000200
v 13.1389995600 5.5904998500 0.4500000000
v 13.1490005000 5.5904998500 0.5100000200
usemtl Patch_678_Mat_CR3_seating
f 3773 3774 3775

# obj679
v 13.1490005000 5.7265000700 0.4500000000
v 13.1389995600 5.5904998500 0.4500000000
v 13.1490005000 5.7265000700 0.5100000200
usemtl Patch_679_Mat_CR3_seating
f 3776 3777 3778

# obj680
v 9.4499999300 5.7265000700 0.4500000000
v 9.4499999300 5.5904998500 0.5100000200
v 9.4399997600 5.5904998500 0.4500000000
usemtl Patch_680_Mat_CR3_seating
f 3779 3780 3781

# obj681
v 9.4499999300 5.7265000700 0.5100000200
v 9.4499999300 5.5904998500 0.5100000200
v 9.4499999300 5.7265000700 0.4500000000
usemtl Patch_681_Mat_CR3_seating
f 3782 3783 3784

# obj682
v 7.8230000100 5.7265000700 0.5100000200
v 7.8129998500 5.5904998500 0.4500000000
v 7.8230000100 5.5904998500 0.5100000200
usemtl Patch_682_Mat_CR3_seating
f 3785 3786 3787

# obj683
v 7.8230000100 5.7265000700 0.4500000000
v 7.8129998500 5.5904998500 0.4500000000
v 7.8230000100 5.7265000700 0.5100000200
usemtl Patch_683_Mat_CR3_seating
f 3788 3789 3790

# obj684
v 9.6559997600 -5.6385000200 0.5100000200
v 9.6559997600 -5.7885001600 0.4500000000
v 9.6559997600 -5.7885001600 0.5100000200
usemtl Patch_684_Mat_CR3_seating
f 3791 3792 3793

# obj685
v 9.6460003700 -5.6385000200 0.4500000000
v 9.6559997600 -5.7885001600 0.4500000000
v 9.6559997600 -5.6385000200 0.5100000200
usemtl Patch_685_Mat_CR3_seating
f 3794 3795 3796

# obj686
v 5.8920000500 5.5904998500 0.5100000200
v 4.2489999500 5.5904998500 0.4500000000
v 5.8819998800 5.5904998500 0.4500000000
v 4.2590001100 5.5904998500 0.5100000200
usemtl Patch_686_Mat_CR3_seating
f 3797 3798 3799
f 3798 3797 3800

# obj687
v 14.5520001300 5.5904998500 0.5100000200
v 13.1389995600 5.5904998500 0.4500000000
v 14.5520001300 5.5904998500 0.4500000000
v 13.1490005000 5.5904998500 0.5100000200
usemtl Patch_687_Mat_CR3_seating
f 3801 3802 3803
f 3802 3801 3804

# obj688
v 0.5840000100 5.5904998500 0.5100000200
v -0.8040000000 5.5904998500 0.4500000000
v 0.5739999900 5.5904998500 0.4500000000
v -0.8040000000 5.5904998500 0.5100000200
usemtl Patch_688_Mat_CR3_seating
f 3805 3806 3807
f 3806 3805 3808

# obj689
v 11.2669998700 -5.6385000200 0.4500000000
v 11.2770000400 -5.7885001600 0.5100000200
v 11.2770000400 -5.7885001600 0.4500000000
usemtl Patch_689_Mat_CR3_seating
f 3809 3810 3811

# obj690
v 11.2770000400 -5.6385000200 0.5100000200
v 11.2770000400 -5.7885001600 0.5100000200
v 11.2669998700 -5.6385000200 0.4500000000
usemtl Patch_690_Mat_CR3_seating
f 3812 3813 3814

# obj691
v 9.4499999300 5.5904998500 0.5100000200
v 7.8129998500 5.5904998500 0.4500000000
v 9.4399997600 5.5904998500 0.4500000000
v 7.8230000100 5.5904998500 0.5100000200
usemtl Patch_691_Mat_CR3_seating
f 3815 3816 3817
f 3816 3815 3818

# obj692
v 13.1919994300 -5.6385000200 0.5100000200
v 13.1919994300 -5.7885001600 0.4500000000
v 13.1919994300 -5.7885001600 0.5100000200
usemtl Patch_692_Mat_CR3_seating
f 3819 3820 3821

# obj693
v 13.1820000400 -5.6385000200 0.4500000000
v 13.1919994300 -5.7885001600 0.4500000000
v 13.1919994300 -5.6385000200 0.5100000200
usemtl Patch_693_Mat_CR3_seating
f 3822 3823 3824

# obj694
v 9.4960002200 -5.6385000200 0.4500000000
v 9.5060003800 -5.7885001600 0.5100000200
v 9.5060003800 -5.7885001600 0.4500000000
usemtl Patch_694_Mat_CR3_seating
f 3825 3826 3827

# obj695
v 9.5060003800 -5.6385000200 0.5100000200
v 9.5060003800 -5.7885001600 0.5100000200
v 9.4960002200 -5.6385000200 0.4500000000
usemtl Patch_695_Mat_CR3_seating
f 3828 3829 3830

# obj696
v 7.8730000600 -5.6385000200 0.5100000200
v 7.8730000600 -5.7885001600 0.4500000000
v 7.8730000600 -5.7885001600 0.5100000200
usemtl Patch_696_Mat_CR3_seating
f 3831 3832 3833

# obj697
v 7.8629999000 -5.6385000200 0.4500000000
v 7.8730000600 -5.7885001600 0.4500000000
v 7.8730000600 -5.6385000200 0.5100000200
usemtl Patch_697_Mat_CR3_seating
f 3834 3835 3836

# obj698
v 4.1089999700 5.5904998500 0.5100000200
v 2.4829999900 5.5904998500 0.4500000000
v 4.0990001900 5.5904998500 0.4500000000
v 2.4929999600 5.5904998500 0.5100000200
usemtl Patch_698_Mat_CR3_seating
f 3837 3838 3839
f 3838 3837 3840

# obj699
v 13.1919994300 -6.2085001100 0.5100000200
v 13.1919994300 -5.7885001600 0.5100000200
v 13.1919994300 -5.9384999200 0.5100000200
v 14.5619995200 -6.2085001100 0.5100000200
v 13.1919994300 -5.6385000200 0.5100000200
v 14.5520001300 -5.6385000200 0.5100000200
usemtl Patch_699_Mat_CR3_seating
f 3842 3841 3844
f 3842 3844 3845
f 3845 3844 3846

# obj700
v 12.9990003500 5.5904998500 0.5100000200
v 11.3660000300 5.5904998500 0.4500000000
v 12.9890001900 5.5904998500 0.4500000000
v 11.3760002000 5.5904998500 0.5100000200
usemtl Patch_700_Mat_CR3_seating
f 3847 3848 3849
f 3848 3847 3850

# obj701
v 11.2260000500 5.5904998500 0.5100000200
v 9.5899999100 5.5904998500 0.4500000000
v 11.2159998800 5.5904998500 0.4500000000
v 9.6000000700 5.5904998500 0.5100000200
usemtl Patch_701_Mat_CR3_seating
f 3851 3852 3853
f 3852 3851 3854

# obj702
v 9.6559997600 -5.6385000200 0.5100000200
v 11.2669998700 -5.6385000200 0.4500000000
v 9.6460003700 -5.6385000200 0.4500000000
v 11.2770000400 -5.6385000200 0.5100000200
usemtl Patch_702_Mat_CR3_seating
f 3855 3856 3857
f 3856 3855 3858

# obj703
v 5.5509999300 -7.8504998800 3.4499998800
v 5.8410000600 -7.8504998800 1.4600000300
v 5.5509999300 -7.8504998800 1.4600000300
v 5.8410000600 -7.8504998800 3.4499998800
usemtl Patch_703_Mat_CR3_floor
f 3859 3860 3861
f 3860 3859 3862

# obj704
v 10.8430001700 -7.8504998800 3.4499998800
v 11.1330003000 -7.8504998800 1.4600000300
v 10.8430001700 -7.8504998800 1.4600000300
v 11.1330003000 -7.8504998800 3.4499998800
usemtl Patch_704_Mat_CR3_floor
f 3863 3864 3865
f 3864 3863 3866

# obj705
v 0.2699999900 -7.8504998800 1.4600000300
v 0.5600000200 -6.5684998400 1.4600000300
v 0.2600000000 -6.5684998400 1.4600000300
v 0.5600000200 -7.8504998800 1.4600000300
usemtl Patch_705_Mat_CR3_floor
f 3867 3868 3869
f 3868 3867 3870

# obj706
v 2.8299999300 -7.8504998800 1.4600000300
v 2.6099999900 -6.5684998400 1.4600000300
v 2.6099999900 -7.8504998800 1.4600000300
v 2.8199999600 -6.5684998400 1.4600000300
usemtl Patch_706_Mat_CR3_floor
f 3871 3872 3873
f 3872 3871 3874

# obj707
v -0.0200000000 3.9865000800 0.9700000000
v -1.2000000100 -3.9865000800 0.9700000000
v -2.2220000300 3.9865000800 0.9700000000
v -0.0200000000 -3.9865000800 0.9700000000
v -1.2000000100 -3.9964998600 0.9700000000
v -2.2220000300 -3.9964998600 0.9700000000
usemtl Patch_707_Mat_CR3_plaster
f 3875 3876 3877
f 3876 3875 3878
f 3877 3879 3880
f 3879 3877 3876

# obj708
v 0.2699999900 -7.8504998800 3.4499998800
v 0.5600000200 -7.8504998800 1.4600000300
v 0.2699999900 -7.8504998800 1.4600000300
v 0.5600000200 -7.8504998800 3.4499998800
usemtl Patch_708_Mat_CR3_floor
f 3881 3882 3883
f 3882 3881 3884

# obj709
v -2.2220000300 -3.9964998600 0.7599999800
v -1.1900000400 -4.2764998200 0.7599999800
v -2.2220000300 -4.2764998200 0.7599999800
v -1.2000000100 -3.9964998600 0.7599999800
usemtl Patch_709_Mat_CR3_floor
f 3885 3886 3887
f 3886 3885 3888

# obj710
v -1.1900000400 -4.8365001300 0.4000000000
v -2.2220000300 -4.5164999000 0.4000000000
v -2.2220000300 -4.8365001300 0.4000000000
v -1.1900000400 -4.5164999000 0.4000000000
usemtl Patch_710_Mat_CR3_floor
f 3889 3890 3891
f 3890 3889 3892

# obj711
v -2.2220000300 -4.2364999400 0.5600000200
v -1.1900000400 -4.5565001700 0.5600000200
v -2.2220000300 -4.5565001700 0.5600000200
v -1.1900000400 -4.2364999400 0.5600000200
usemtl Patch_711_Mat_CR3_floor
f 3893 3894 3895
f 3894 3893 3896

# obj712
v -2.2220000300 -4.5164999000 0.3600000000
v -1.1900000400 -4.8365001300 0.3600000000
v -2.2220000300 -4.8365001300 0.3600000000
v -1.1900000400 -4.5164999000 0.3600000000
usemtl Patch_712_Mat_CR3_floor
f 3897 3898 3899
f 3898 3897 3900

# obj713
v -1.1900000400 -4.2764998200 0.8000000100
v -2.2220000300 -3.9964998600 0.8000000100
v -2.2220000300 -4.2764998200 0.8000000100
v -1.2000000100 -3.9964998600 0.8000000100
usemtl Patch_713_Mat_CR3_floor
f 3901 3902 3903
f 3902 3901 3904

# obj714
v -1.1900000400 -4.5565001700 0.6000000000
v -2.2220000300 -4.2364999400 0.6000000000
v -2.2220000300 -4.5565001700 0.6000000000
v -1.1900000400 -4.2364999400 0.6000000000
usemtl Patch_714_Mat_CR3_floor
f 3905 3906 3907
f 3906 3905 3908

# obj715
v -1.1900000400 -5.1165001000 0.2000000000
v -2.2220000300 -5.1165001000 0.1600000000
v -1.1900000400 -5.1165001000 0.1600000000
v -2.2220000300 -5.1165001000 0.2000000000
usemtl Patch_715_Mat_CR3_floor
f 3909 3910 3911
f 3910 3909 3912

# obj716
v -1.1900000400 -5.1165001000 0.2000000000
v -2.2220000300 -4.7964998600 0.2000000000
v -2.2220000300 -5.1165001000 0.2000000000
v -1.1900000400 -4.7964998600 0.2000000000
usemtl Patch_716_Mat_CR3_floor
f 3913 3914 3915
f 3914 3913 3916

# obj717
v -2.2220000300 -4.7964998600 0.1600000000
v -1.1900000400 -5.1165001000 0.1600000000
v -2.2220000300 -5.1165001000 0.1600000000
v -1.1900000400 -4.7964998600 0.1600000000
usemtl Patch_717_Mat_CR3_floor
f 3917 3918 3919
f 3918 3917 3920

# obj718
v -2.2220000300 -4.5164999000 0.4000000000
v -1.1900000400 -4.5164999000 0.3600000000
v -2.2220000300 -4.5164999000 0.3600000000
v -1.1900000400 -4.5164999000 0.4000000000
usemtl Patch_718_Mat_CR3_floor
f 3921 3922 3923
f 3922 3921 3924

# obj719
v -1.1900000400 -4.8365001300 0.4000000000
v -2.2220000300 -4.8365001300 0.3600000000
v -1.1900000400 -4.8365001300 0.3600000000
v -2.2220000300 -4.8365001300 0.4000000000
usemtl Patch_719_Mat_CR3_floor
f 3925 3926 3927
f 3926 3925 3928

# obj720
v -2.2220000300 -4.7964998600 0.1600000000
v -1.1900000400 -4.7964998600 0.2000000000
v -1.1900000400 -4.7964998600 0.1600000000
v -2.2220000300 -4.7964998600 0.2000000000
usemtl Patch_720_Mat_CR3_floor
f 3929 3930 3931
f 3930 3929 3932

# obj721
v -2.2220000300 -4.2364999400 0.6000000000
v -1.1900000400 -4.2364999400 0.5600000200
v -2.2220000300 -4.2364999400 0.5600000200
v -1.1900000400 -4.2364999400 0.6000000000
usemtl Patch_721_Mat_CR3_floor
f 3933 3934 3935
f 3934 3933 3936

# obj722
v -1.1900000400 -4.2764998200 0.8000000100
v -2.2220000300 -4.2764998200 0.7599999800
v -1.1900000400 -4.2764998200 0.7599999800
v -2.2220000300 -4.2764998200 0.8000000100
usemtl Patch_722_Mat_CR3_floor
f 3937 3938 3939
f 3938 3937 3940

# obj723
v -1.1900000400 -4.5565001700 0.6000000000
v -2.2220000300 -4.5565001700 0.5600000200
v -1.1900000400 -4.5565001700 0.5600000200
v -2.2220000300 -4.5565001700 0.6000000000
usemtl Patch_723_Mat_CR3_floor
f 3941 3942 3943
f 3942 3941 3944

# obj724
v -0.8040000000 -5.6385000200 0.5100000200
v -0.7939999800 -6.2085001100 0.8000000100
v -0.7939999800 -6.2085001100 0.5100000200
v -0.8040000000 -5.6385000200 1.9949999300
usemtl Patch_724_Mat_CR3_plaster
f 3945 3946 3947
f 3946 3945 3948

# obj725
v -2.2220000300 -5.6385000200 -0.0000000000
v -0.8040000000 -5.6385000200 0.4500000000
v -0.8040000000 -5.6385000200 -0.0000000000
v -2.2220000300 -5.6385000200 3.5689999800
v -0.8040000000 -5.6385000200 0.5100000200
v -0.8040000000 -5.6385000200 1.9949999300
v -0.7939999800 -5.6385000200 3.5689999800
usemtl Patch_725_Mat_CR3_plaster
f 3949 3950 3951
f 3950 3949 3952
f 3950 3952 3953
f 3953 3952 3954
f 3954 3952 3955

# obj726
v -0.7939999800 -5.6385000200 3.5689999800
v -0.7939999800 -6.2085001100 0.8000000100
v -0.8040000000 -5.6385000200 1.9949999300
usemtl Patch_726_Mat_CR3_plaster
f 3956 3957 3958
